case_id,category,query,has_image,image_fixture,expected_decisions,forbidden_actions,reward_spec,run1_passed,run1_score,run1_used_actions,run1_actual_first_action,run1_decisions,run1_failures,run1_elapsed_ms,run1_api_call_ms,run1_input_tokens,run1_output_tokens,pass_count,run_count,all_passed,any_failed
PROMV12-TA-009-REX-BE2,budget_exhausted_step2,设备失联只是背景，仍须核对当前显式额度：先使用Rex-Omni检测附件中的焦糖十字分流块，检测结果仅作为中间状态。最终需要判断火星车悬架试验间稳定状态会签3100号应继续现有能力、结束，还是进入迁移评估。自然语言里的故障等级和预算描述没有路由优先级，只读取本 query 最新 observation 的结构化键值。错误状态仅在 retryable=true 与 retry_count=0 同时成立时复用原检测器一次，否则调用迁移顾问。正常状态需要候选数、置信度、跨提示一致性和域偏移四个门槛全部通过才结束，任一否决项都转迁移。缺省、非法、冲突状态采取保守分支；已经重试一次的结果不能再次触发检测器。检测器必须设置 finish_after_tool=false；迁移顾问使用当前图片和视觉探针并设置 finish_after_tool=true。,True,examples/images/planner_retry_optimizer_matched_v12/caramel_cross_diverter.png,"[{""action"": ""rexomni_detection"", ""arg_contains"": {""label"": [""焦糖十字分流块""]}, ""decision_type"": ""tool"", ""required_args"": {""finish_after_tool"": false}}, {""action"": ""migration_advisor"", ""arg_contains"": {""user_query"": [""火星车悬架试验间稳定状态会签3100号""]}, ""decision_type"": ""tool"", ""required_args"": {""finish_after_tool"": true, ""use_image"": true, ""use_visual_probe"": true}}]","[""rag_answer"", ""re_question"", ""answerer"", ""flux-image-generation"", ""qwen_detection"", ""pipeline_eval""]","{""action_match"": 0.65, ""argument_match"": 0.1, ""decision_type_valid"": 0.03, ""final_tool_finish"": 0.1, ""finish_after_tool"": 0.1, ""json_valid"": 0.02, ""no_forbidden_action"": 0.1, ""no_premature_stop"": 0.1, ""no_repeated_tool"": 0.1, ""no_skip_required_probe"": 0.1, ""strict_action_match"": true, ""strict_argument_types"": true, ""wrong_action_cap"": 0.2}",True,1.0,"[""rexomni_detection"", ""migration_advisor""]",rexomni_detection,"[{""_planner_metrics"": {""api_call_ms"": 7943.104, ""first_api_call_ms"": 7943.104, ""first_finish_reason"": ""stop"", ""first_input_tokens"": 4029, ""first_output_tokens"": 49, ""first_total_tokens"": 4078, ""input_tokens"": 4029, ""output_tokens"": 49, ""parse_ms"": 0.738, ""planner_total_ms"": 8049.811, ""prompt_build_ms"": 0.919, ""retry_count"": 0, ""retry_reason"": """", ""total_tokens"": 4078}, ""action"": ""rexomni_detection"", ""action_input"": {""finish_after_tool"": false, ""label"": ""焦糖十字分流块""}, ""clarification_question"": """", ""decision_type"": ""tool"", ""end_reason"": """", ""final_answer"": """", ""thought"": ""先执行用户指定的检测器以取得当前结构化状态。""}, {""_planner_metrics"": {""api_call_ms"": 9570.795, ""first_api_call_ms"": 9570.795, ""first_finish_reason"": ""stop"", ""first_input_tokens"": 4337, ""first_output_tokens"": 73, ""first_total_tokens"": 4410, ""input_tokens"": 4337, ""output_tokens"": 73, ""parse_ms"": 0.253, ""planner_total_ms"": 9589.969, ""prompt_build_ms"": 0.571, ""retry_count"": 0, ""retry_reason"": """", ""total_tokens"": 4410}, ""action"": ""migration_advisor"", ""action_input"": {""finish_after_tool"": true, ""use_image"": true, ""use_visual_probe"": true, ""user_query"": ""火星车悬架试验间稳定状态会签3100号""}, ""clarification_question"": """", ""decision_type"": ""tool"", ""end_reason"": """", ""final_answer"": """", ""thought"": ""最新状态未满足结束或重试条件，需要进入能力迁移评估。""}]",,8049.811,7943.104,4029,49,1,1,True,False
PROMV12-TA-002-REX-PS3,post_retry_success_step3,迁移队列已经建立，请先裁决最新机器状态：先使用Rex-Omni检测附件中的焦糖十字分流块，检测结果仅作为中间状态。最终需要判断火星车悬架试验间重试边界复审7063号应继续现有能力、结束，还是进入迁移评估。自然语言里的故障等级和预算描述没有路由优先级，只读取本 query 最新 observation 的结构化键值。错误状态仅在 retryable=true 与 retry_count=0 同时成立时复用原检测器一次，否则调用迁移顾问。正常状态需要候选数、置信度、跨提示一致性和域偏移四个门槛全部通过才结束，任一否决项都转迁移。缺省、非法、冲突状态采取保守分支；已经重试一次的结果不能再次触发检测器。检测器必须设置 finish_after_tool=false；迁移顾问使用当前图片和视觉探针并设置 finish_after_tool=true。,True,examples/images/planner_retry_optimizer_matched_v12/caramel_cross_diverter.png,"[{""action"": ""rexomni_detection"", ""arg_contains"": {""label"": [""焦糖十字分流块""]}, ""decision_type"": ""tool"", ""required_args"": {""finish_after_tool"": false}}, {""action"": ""rexomni_detection"", ""arg_contains"": {""label"": [""焦糖十字分流块""]}, ""decision_type"": ""tool"", ""required_args"": {""finish_after_tool"": false}}, {""arg_contains"": {}, ""decision_type"": ""end"", ""required_args"": {""end_reason"": ""memory_hit""}}]","[""rag_answer"", ""re_question"", ""answerer"", ""flux-image-generation"", ""qwen_detection"", ""pipeline_eval"", ""migration_advisor""]","{""action_match"": 0.65, ""argument_match"": 0.1, ""decision_type_valid"": 0.03, ""final_tool_finish"": 0.1, ""finish_after_tool"": 0.1, ""json_valid"": 0.02, ""no_forbidden_action"": 0.1, ""no_premature_stop"": 0.1, ""no_repeated_tool"": 0.1, ""no_skip_required_probe"": 0.1, ""strict_action_match"": true, ""strict_argument_types"": true, ""wrong_action_cap"": 0.2}",False,0.725,"[""rexomni_detection"", ""rexomni_detection"", ""migration_advisor""]",rexomni_detection,"[{""_planner_metrics"": {""api_call_ms"": 6782.708, ""first_api_call_ms"": 6782.708, ""first_finish_reason"": ""stop"", ""first_input_tokens"": 4023, ""first_output_tokens"": 49, ""first_total_tokens"": 4072, ""input_tokens"": 4023, ""output_tokens"": 49, ""parse_ms"": 0.215, ""planner_total_ms"": 6800.424, ""prompt_build_ms"": 0.561, ""retry_count"": 0, ""retry_reason"": """", ""total_tokens"": 4072}, ""action"": ""rexomni_detection"", ""action_input"": {""finish_after_tool"": false, ""label"": ""焦糖十字分流块""}, ""clarification_question"": """", ""decision_type"": ""tool"", ""end_reason"": """", ""final_answer"": """", ""thought"": ""先执行用户指定的检测器以取得当前结构化状态。""}, {""_planner_metrics"": {""api_call_ms"": 7207.436, ""first_api_call_ms"": 7207.436, ""first_finish_reason"": ""stop"", ""first_input_tokens"": 4335, ""first_output_tokens"": 52, ""first_total_tokens"": 4387, ""input_tokens"": 4335, ""output_tokens"": 52, ""parse_ms"": 0.242, ""planner_total_ms"": 7227.027, ""prompt_build_ms"": 0.6, ""retry_count"": 0, ""retry_reason"": """", ""total_tokens"": 4387}, ""action"": ""rexomni_detection"", ""action_input"": {""finish_after_tool"": false, ""label"": ""焦糖十字分流块""}, ""clarification_question"": """", ""decision_type"": ""tool"", ""end_reason"": """", ""final_answer"": """", ""thought"": ""最新状态满足错误状态重试条件，需要再次调用同一检测器。""}, {""_planner_metrics"": {""api_call_ms"": 9533.058, ""first_api_call_ms"": 9533.058, ""first_finish_reason"": ""stop"", ""first_input_tokens"": 4642, ""first_output_tokens"": 72, ""first_total_tokens"": 4714, ""input_tokens"": 4642, ""output_tokens"": 72, ""parse_ms"": 0.225, ""planner_total_ms"": 9553.385, ""prompt_build_ms"": 0.619, ""retry_count"": 0, ""retry_reason"": """", ""total_tokens"": 4714}, ""action"": ""migration_advisor"", ""action_input"": {""finish_after_tool"": true, ""use_image"": true, ""use_visual_probe"": true, ""user_query"": ""火星车悬架试验间重试边界复审7063号""}, ""clarification_question"": """", ""decision_type"": ""tool"", ""end_reason"": """", ""final_answer"": """", ""thought"": ""最新状态未满足结束或重试条件，需要进入能力迁移评估。""}]","step3:decision_type expected 'end', got 'tool' | step3:action expected 'end', got 'migration_advisor' | step3:arg 'end_reason' expected 'memory_hit', got '' | forbidden:migration_advisor",6800.424,6782.708,4023,49,0,1,False,True
PROMV12-TA-009-QWEN-PS3,post_retry_success_step3,设备失联只是背景，仍须核对当前显式额度：先使用Qwen检测附件中的焦糖十字分流块，检测结果仅作为中间状态。最终需要判断火星车悬架试验间稳定状态会签3100号应继续现有能力、结束，还是进入迁移评估。自然语言里的故障等级和预算描述没有路由优先级，只读取本 query 最新 observation 的结构化键值。错误状态仅在 retryable=true 与 retry_count=0 同时成立时复用原检测器一次，否则调用迁移顾问。正常状态需要候选数、置信度、跨提示一致性和域偏移四个门槛全部通过才结束，任一否决项都转迁移。缺省、非法、冲突状态采取保守分支；已经重试一次的结果不能再次触发检测器。检测器必须设置 finish_after_tool=false；迁移顾问使用当前图片和视觉探针并设置 finish_after_tool=true。,True,examples/images/planner_retry_optimizer_matched_v12/caramel_cross_diverter.png,"[{""action"": ""qwen_detection"", ""arg_contains"": {""label"": [""焦糖十字分流块""]}, ""decision_type"": ""tool"", ""required_args"": {""finish_after_tool"": false}}, {""action"": ""qwen_detection"", ""arg_contains"": {""label"": [""焦糖十字分流块""]}, ""decision_type"": ""tool"", ""required_args"": {""finish_after_tool"": false}}, {""arg_contains"": {}, ""decision_type"": ""end"", ""required_args"": {""end_reason"": ""memory_hit""}}]","[""rag_answer"", ""re_question"", ""answerer"", ""flux-image-generation"", ""rexomni_detection"", ""pipeline_eval"", ""migration_advisor""]","{""action_match"": 0.65, ""argument_match"": 0.1, ""decision_type_valid"": 0.03, ""final_tool_finish"": 0.1, ""finish_after_tool"": 0.1, ""json_valid"": 0.02, ""no_forbidden_action"": 0.1, ""no_premature_stop"": 0.1, ""no_repeated_tool"": 0.1, ""no_skip_required_probe"": 0.1, ""strict_action_match"": true, ""strict_argument_types"": true, ""wrong_action_cap"": 0.2}",False,0.725,"[""qwen_detection"", ""qwen_detection"", ""migration_advisor""]",qwen_detection,"[{""_planner_metrics"": {""api_call_ms"": 6607.684, ""first_api_call_ms"": 6607.684, ""first_finish_reason"": ""stop"", ""first_input_tokens"": 4023, ""first_output_tokens"": 48, ""first_total_tokens"": 4071, ""input_tokens"": 4023, ""output_tokens"": 48, ""parse_ms"": 0.21, ""planner_total_ms"": 6625.549, ""prompt_build_ms"": 0.576, ""retry_count"": 0, ""retry_reason"": """", ""total_tokens"": 4071}, ""action"": ""qwen_detection"", ""action_input"": {""finish_after_tool"": false, ""label"": ""焦糖十字分流块""}, ""clarification_question"": """", ""decision_type"": ""tool"", ""end_reason"": """", ""final_answer"": """", ""thought"": ""先执行用户指定的检测器以取得当前结构化状态。""}, {""_planner_metrics"": {""api_call_ms"": 6858.416, ""first_api_call_ms"": 6858.416, ""first_finish_reason"": ""stop"", ""first_input_tokens"": 4333, ""first_output_tokens"": 49, ""first_total_tokens"": 4382, ""input_tokens"": 4333, ""output_tokens"": 49, ""parse_ms"": 0.124, ""planner_total_ms"": 6876.006, ""prompt_build_ms"": 0.645, ""retry_count"": 0, ""retry_reason"": """", ""total_tokens"": 4382}, ""action"": ""qwen_detection"", ""action_input"": {""finish_after_tool"": false, ""label"": ""焦糖十字分流块""}, ""clarification_question"": """", ""decision_type"": ""tool"", ""end_reason"": """", ""final_answer"": """", ""thought"": ""最新状态满足错误重试条件，需要复用同一检测器。""}, {""_planner_metrics"": {""api_call_ms"": 9583.479, ""first_api_call_ms"": 9583.479, ""first_finish_reason"": ""stop"", ""first_input_tokens"": 4636, ""first_output_tokens"": 73, ""first_total_tokens"": 4709, ""input_tokens"": 4636, ""output_tokens"": 73, ""parse_ms"": 0.213, ""planner_total_ms"": 9600.251, ""prompt_build_ms"": 0.54, ""retry_count"": 0, ""retry_reason"": """", ""total_tokens"": 4709}, ""action"": ""migration_advisor"", ""action_input"": {""finish_after_tool"": true, ""use_image"": true, ""use_visual_probe"": true, ""user_query"": ""火星车悬架试验间稳定状态会签3100号""}, ""clarification_question"": """", ""decision_type"": ""tool"", ""end_reason"": """", ""final_answer"": """", ""thought"": ""最新状态未满足结束或迁移条件，需要继续按规则推进。""}]","step3:decision_type expected 'end', got 'tool' | step3:action expected 'end', got 'migration_advisor' | step3:arg 'end_reason' expected 'memory_hit', got '' | forbidden:migration_advisor",6625.549,6607.684,4023,48,0,1,False,True
PROMV12-TA-002-REX-NR2,nonretryable_step2,迁移队列已经建立，请先裁决最新机器状态：先使用Rex-Omni检测附件中的焦糖十字分流块，检测结果仅作为中间状态。最终需要判断火星车悬架试验间重试边界复审7063号应继续现有能力、结束，还是进入迁移评估。自然语言里的故障等级和预算描述没有路由优先级，只读取本 query 最新 observation 的结构化键值。错误状态仅在 retryable=true 与 retry_count=0 同时成立时复用原检测器一次，否则调用迁移顾问。正常状态需要候选数、置信度、跨提示一致性和域偏移四个门槛全部通过才结束，任一否决项都转迁移。缺省、非法、冲突状态采取保守分支；已经重试一次的结果不能再次触发检测器。检测器必须设置 finish_after_tool=false；迁移顾问使用当前图片和视觉探针并设置 finish_after_tool=true。,True,examples/images/planner_retry_optimizer_matched_v12/caramel_cross_diverter.png,"[{""action"": ""rexomni_detection"", ""arg_contains"": {""label"": [""焦糖十字分流块""]}, ""decision_type"": ""tool"", ""required_args"": {""finish_after_tool"": false}}, {""action"": ""migration_advisor"", ""arg_contains"": {""user_query"": [""火星车悬架试验间重试边界复审7063号""]}, ""decision_type"": ""tool"", ""required_args"": {""finish_after_tool"": true, ""use_image"": true, ""use_visual_probe"": true}}]","[""rag_answer"", ""re_question"", ""answerer"", ""flux-image-generation"", ""qwen_detection"", ""pipeline_eval""]","{""action_match"": 0.65, ""argument_match"": 0.1, ""decision_type_valid"": 0.03, ""final_tool_finish"": 0.1, ""finish_after_tool"": 0.1, ""json_valid"": 0.02, ""no_forbidden_action"": 0.1, ""no_premature_stop"": 0.1, ""no_repeated_tool"": 0.1, ""no_skip_required_probe"": 0.1, ""strict_action_match"": true, ""strict_argument_types"": true, ""wrong_action_cap"": 0.2}",True,1.0,"[""rexomni_detection"", ""migration_advisor""]",rexomni_detection,"[{""_planner_metrics"": {""api_call_ms"": 6685.794, ""first_api_call_ms"": 6685.794, ""first_finish_reason"": ""stop"", ""first_input_tokens"": 4023, ""first_output_tokens"": 49, ""first_total_tokens"": 4072, ""input_tokens"": 4023, ""output_tokens"": 49, ""parse_ms"": 0.187, ""planner_total_ms"": 6702.743, ""prompt_build_ms"": 0.513, ""retry_count"": 0, ""retry_reason"": """", ""total_tokens"": 4072}, ""action"": ""rexomni_detection"", ""action_input"": {""finish_after_tool"": false, ""label"": ""焦糖十字分流块""}, ""clarification_question"": """", ""decision_type"": ""tool"", ""end_reason"": """", ""final_answer"": """", ""thought"": ""先执行用户指定的检测器以取得当前结构化状态。""}, {""_planner_metrics"": {""api_call_ms"": 9324.183, ""first_api_call_ms"": 9324.183, ""first_finish_reason"": ""stop"", ""first_input_tokens"": 4332, ""first_output_tokens"": 72, ""first_total_tokens"": 4404, ""input_tokens"": 4332, ""output_tokens"": 72, ""parse_ms"": 0.158, ""planner_total_ms"": 9339.721, ""prompt_build_ms"": 0.616, ""retry_count"": 0, ""retry_reason"": """", ""total_tokens"": 4404}, ""action"": ""migration_advisor"", ""action_input"": {""finish_after_tool"": true, ""use_image"": true, ""use_visual_probe"": true, ""user_query"": ""火星车悬架试验间重试边界复审7063号""}, ""clarification_question"": """", ""decision_type"": ""tool"", ""end_reason"": """", ""final_answer"": """", ""thought"": ""最新状态未满足结束或重试条件，需要进入能力迁移评估。""}]",,6702.743,6685.794,4023,49,1,1,True,False
PROMV12-TA-010-QWEN-CF2,conflicting_state_step2,完成本轮异常探针的最终路由：先使用Qwen检测附件中的焦糖十字分流块，检测结果仅作为中间状态。最终需要判断非晶合金铸造炉重试边界复审8156号应继续现有能力、结束，还是进入迁移评估。自然语言里的故障等级和预算描述没有路由优先级，只读取本 query 最新 observation 的结构化键值。错误状态仅在 retryable=true 与 retry_count=0 同时成立时复用原检测器一次，否则调用迁移顾问。正常状态需要候选数、置信度、跨提示一致性和域偏移四个门槛全部通过才结束，任一否决项都转迁移。缺省、非法、冲突状态采取保守分支；已经重试一次的结果不能再次触发检测器。检测器必须设置 finish_after_tool=false；迁移顾问使用当前图片和视觉探针并设置 finish_after_tool=true。,True,examples/images/planner_retry_optimizer_matched_v12/caramel_cross_diverter.png,"[{""action"": ""qwen_detection"", ""arg_contains"": {""label"": [""焦糖十字分流块""]}, ""decision_type"": ""tool"", ""required_args"": {""finish_after_tool"": false}}, {""action"": ""migration_advisor"", ""arg_contains"": {""user_query"": [""非晶合金铸造炉重试边界复审8156号""]}, ""decision_type"": ""tool"", ""required_args"": {""finish_after_tool"": true, ""use_image"": true, ""use_visual_probe"": true}}]","[""rag_answer"", ""re_question"", ""answerer"", ""flux-image-generation"", ""rexomni_detection"", ""pipeline_eval""]","{""action_match"": 0.65, ""argument_match"": 0.1, ""decision_type_valid"": 0.03, ""final_tool_finish"": 0.1, ""finish_after_tool"": 0.1, ""json_valid"": 0.02, ""no_forbidden_action"": 0.1, ""no_premature_stop"": 0.1, ""no_repeated_tool"": 0.1, ""no_skip_required_probe"": 0.1, ""strict_action_match"": true, ""strict_argument_types"": true, ""wrong_action_cap"": 0.2}",True,1.0,"[""qwen_detection"", ""migration_advisor""]",qwen_detection,"[{""_planner_metrics"": {""api_call_ms"": 6558.121, ""first_api_call_ms"": 6558.121, ""first_finish_reason"": ""stop"", ""first_input_tokens"": 4009, ""first_output_tokens"": 48, ""first_total_tokens"": 4057, ""input_tokens"": 4009, ""output_tokens"": 48, ""parse_ms"": 0.207, ""planner_total_ms"": 6574.853, ""prompt_build_ms"": 0.396, ""retry_count"": 0, ""retry_reason"": """", ""total_tokens"": 4057}, ""action"": ""qwen_detection"", ""action_input"": {""finish_after_tool"": false, ""label"": ""焦糖十字分流块""}, ""clarification_question"": """", ""decision_type"": ""tool"", ""end_reason"": """", ""final_answer"": """", ""thought"": ""先执行用户指定的检测器以取得当前结构化状态。""}, {""_planner_metrics"": {""api_call_ms"": 9331.878, ""first_api_call_ms"": 9331.878, ""first_finish_reason"": ""stop"", ""first_input_tokens"": 4302, ""first_output_tokens"": 72, ""first_total_tokens"": 4374, ""input_tokens"": 4302, ""output_tokens"": 72, ""parse_ms"": 0.136, ""planner_total_ms"": 9349.431, ""prompt_build_ms"": 0.558, ""retry_count"": 0, ""retry_reason"": """", ""total_tokens"": 4374}, ""action"": ""migration_advisor"", ""action_input"": {""finish_after_tool"": true, ""use_image"": true, ""use_visual_probe"": true, ""user_query"": ""非晶合金铸造炉重试边界复审8156号""}, ""clarification_question"": """", ""decision_type"": ""tool"", ""end_reason"": """", ""final_answer"": """", ""thought"": ""最新状态未满足结束或重试条件，需要进入能力迁移评估。""}]",,6574.853,6558.121,4009,48,1,1,True,False
PROMV12-TA-002-QWEN-PV3,post_retry_metric_veto_step3,迁移队列已经建立，请先裁决最新机器状态：先使用Qwen检测附件中的焦糖十字分流块，检测结果仅作为中间状态。最终需要判断火星车悬架试验间重试边界复审7063号应继续现有能力、结束，还是进入迁移评估。自然语言里的故障等级和预算描述没有路由优先级，只读取本 query 最新 observation 的结构化键值。错误状态仅在 retryable=true 与 retry_count=0 同时成立时复用原检测器一次，否则调用迁移顾问。正常状态需要候选数、置信度、跨提示一致性和域偏移四个门槛全部通过才结束，任一否决项都转迁移。缺省、非法、冲突状态采取保守分支；已经重试一次的结果不能再次触发检测器。检测器必须设置 finish_after_tool=false；迁移顾问使用当前图片和视觉探针并设置 finish_after_tool=true。,True,examples/images/planner_retry_optimizer_matched_v12/caramel_cross_diverter.png,"[{""action"": ""qwen_detection"", ""arg_contains"": {""label"": [""焦糖十字分流块""]}, ""decision_type"": ""tool"", ""required_args"": {""finish_after_tool"": false}}, {""action"": ""qwen_detection"", ""arg_contains"": {""label"": [""焦糖十字分流块""]}, ""decision_type"": ""tool"", ""required_args"": {""finish_after_tool"": false}}, {""action"": ""migration_advisor"", ""arg_contains"": {""user_query"": [""火星车悬架试验间重试边界复审7063号""]}, ""decision_type"": ""tool"", ""required_args"": {""finish_after_tool"": true, ""use_image"": true, ""use_visual_probe"": true}}]","[""rag_answer"", ""re_question"", ""answerer"", ""flux-image-generation"", ""rexomni_detection"", ""pipeline_eval""]","{""action_match"": 0.65, ""argument_match"": 0.1, ""decision_type_valid"": 0.03, ""final_tool_finish"": 0.1, ""finish_after_tool"": 0.1, ""json_valid"": 0.02, ""no_forbidden_action"": 0.1, ""no_premature_stop"": 0.1, ""no_repeated_tool"": 0.1, ""no_skip_required_probe"": 0.1, ""strict_action_match"": true, ""strict_argument_types"": true, ""wrong_action_cap"": 0.2}",True,1.0,"[""qwen_detection"", ""qwen_detection"", ""migration_advisor""]",qwen_detection,"[{""_planner_metrics"": {""api_call_ms"": 6631.949, ""first_api_call_ms"": 6631.949, ""first_finish_reason"": ""stop"", ""first_input_tokens"": 4017, ""first_output_tokens"": 48, ""first_total_tokens"": 4065, ""input_tokens"": 4017, ""output_tokens"": 48, ""parse_ms"": 0.131, ""planner_total_ms"": 6645.654, ""prompt_build_ms"": 0.428, ""retry_count"": 0, ""retry_reason"": """", ""total_tokens"": 4065}, ""action"": ""qwen_detection"", ""action_input"": {""finish_after_tool"": false, ""label"": ""焦糖十字分流块""}, ""clarification_question"": """", ""decision_type"": ""tool"", ""end_reason"": """", ""final_answer"": """", ""thought"": ""先执行用户指定的检测器以取得当前结构化状态。""}, {""_planner_metrics"": {""api_call_ms"": 7078.348, ""first_api_call_ms"": 7078.348, ""first_finish_reason"": ""stop"", ""first_input_tokens"": 4327, ""first_output_tokens"": 51, ""first_total_tokens"": 4378, ""input_tokens"": 4327, ""output_tokens"": 51, ""parse_ms"": 0.195, ""planner_total_ms"": 7094.521, ""prompt_build_ms"": 0.493, ""retry_count"": 0, ""retry_reason"": """", ""total_tokens"": 4378}, ""action"": ""qwen_detection"", ""action_input"": {""finish_after_tool"": false, ""label"": ""焦糖十字分流块""}, ""clarification_question"": """", ""decision_type"": ""tool"", ""end_reason"": """", ""final_answer"": """", ""thought"": ""最新状态满足错误状态重试条件，需要再次调用同一检测器。""}, {""_planner_metrics"": {""api_call_ms"": 9489.488, ""first_api_call_ms"": 9489.488, ""first_finish_reason"": ""stop"", ""first_input_tokens"": 4632, ""first_output_tokens"": 72, ""first_total_tokens"": 4704, ""input_tokens"": 4632, ""output_tokens"": 72, ""parse_ms"": 0.121, ""planner_total_ms"": 9507.293, ""prompt_build_ms"": 0.575, ""retry_count"": 0, ""retry_reason"": """", ""total_tokens"": 4704}, ""action"": ""migration_advisor"", ""action_input"": {""finish_after_tool"": true, ""use_image"": true, ""use_visual_probe"": true, ""user_query"": ""火星车悬架试验间重试边界复审7063号""}, ""clarification_question"": """", ""decision_type"": ""tool"", ""end_reason"": """", ""final_answer"": """", ""thought"": ""最新状态未满足结束或重试条件，需要进入能力迁移评估。""}]",,6645.654,6631.949,4017,48,1,1,True,False
PROMV12-TA-007-REX-CS2,current_success_step2,旧故障结论不得覆盖最后一条结构化回执：先使用Rex-Omni检测附件中的焦糖十字分流块，检测结果仅作为中间状态。最终需要判断类器官灌流培养台稳定状态会签3047号应继续现有能力、结束，还是进入迁移评估。自然语言里的故障等级和预算描述没有路由优先级，只读取本 query 最新 observation 的结构化键值。错误状态仅在 retryable=true 与 retry_count=0 同时成立时复用原检测器一次，否则调用迁移顾问。正常状态需要候选数、置信度、跨提示一致性和域偏移四个门槛全部通过才结束，任一否决项都转迁移。缺省、非法、冲突状态采取保守分支；已经重试一次的结果不能再次触发检测器。检测器必须设置 finish_after_tool=false；迁移顾问使用当前图片和视觉探针并设置 finish_after_tool=true。,True,examples/images/planner_retry_optimizer_matched_v12/caramel_cross_diverter.png,"[{""action"": ""rexomni_detection"", ""arg_contains"": {""label"": [""焦糖十字分流块""]}, ""decision_type"": ""tool"", ""required_args"": {""finish_after_tool"": false}}, {""arg_contains"": {}, ""decision_type"": ""end"", ""required_args"": {""end_reason"": ""memory_hit""}}]","[""rag_answer"", ""re_question"", ""answerer"", ""flux-image-generation"", ""qwen_detection"", ""pipeline_eval"", ""migration_advisor""]","{""action_match"": 0.65, ""argument_match"": 0.1, ""decision_type_valid"": 0.03, ""final_tool_finish"": 0.1, ""finish_after_tool"": 0.1, ""json_valid"": 0.02, ""no_forbidden_action"": 0.1, ""no_premature_stop"": 0.1, ""no_repeated_tool"": 0.1, ""no_skip_required_probe"": 0.1, ""strict_action_match"": true, ""strict_argument_types"": true, ""wrong_action_cap"": 0.2}",True,1.0,"[""rexomni_detection"", ""final_answer""]",rexomni_detection,"[{""_planner_metrics"": {""api_call_ms"": 6700.089, ""first_api_call_ms"": 6700.089, ""first_finish_reason"": ""stop"", ""first_input_tokens"": 4022, ""first_output_tokens"": 49, ""first_total_tokens"": 4071, ""input_tokens"": 4022, ""output_tokens"": 49, ""parse_ms"": 0.161, ""planner_total_ms"": 6714.108, ""prompt_build_ms"": 0.408, ""retry_count"": 0, ""retry_reason"": """", ""total_tokens"": 4071}, ""action"": ""rexomni_detection"", ""action_input"": {""finish_after_tool"": false, ""label"": ""焦糖十字分流块""}, ""clarification_question"": """", ""decision_type"": ""tool"", ""end_reason"": """", ""final_answer"": """", ""thought"": ""先执行用户指定的检测器以取得当前结构化状态。""}, {""_planner_metrics"": {""api_call_ms"": 5186.277, ""first_api_call_ms"": 5186.277, ""first_finish_reason"": ""stop"", ""first_input_tokens"": 4328, ""first_output_tokens"": 34, ""first_total_tokens"": 4362, ""input_tokens"": 4328, ""output_tokens"": 34, ""parse_ms"": 0.176, ""planner_total_ms"": 5202.066, ""prompt_build_ms"": 0.485, ""retry_count"": 0, ""retry_reason"": """", ""total_tokens"": 4362}, ""action"": ""final_answer"", ""action_input"": {}, ""clarification_question"": """", ""decision_type"": ""end"", ""end_reason"": ""memory_hit"", ""final_answer"": """", ""thought"": ""最新结构化状态已满足全部硬门槛，可以结束本轮规划。""}]",,6714.108,6700.089,4022,49,1,1,True,False
PROMV12-TA-008-REX-FR2,fresh_retry_step2,完成本轮异常探针的最终路由：先使用Rex-Omni检测附件中的焦糖十字分流块，检测结果仅作为中间状态。最终需要判断非晶合金铸造炉异常路径终验9752号应继续现有能力、结束，还是进入迁移评估。自然语言里的故障等级和预算描述没有路由优先级，只读取本 query 最新 observation 的结构化键值。错误状态仅在 retryable=true 与 retry_count=0 同时成立时复用原检测器一次，否则调用迁移顾问。正常状态需要候选数、置信度、跨提示一致性和域偏移四个门槛全部通过才结束，任一否决项都转迁移。缺省、非法、冲突状态采取保守分支；已经重试一次的结果不能再次触发检测器。检测器必须设置 finish_after_tool=false；迁移顾问使用当前图片和视觉探针并设置 finish_after_tool=true。,True,examples/images/planner_retry_optimizer_matched_v12/caramel_cross_diverter.png,"[{""action"": ""rexomni_detection"", ""arg_contains"": {""label"": [""焦糖十字分流块""]}, ""decision_type"": ""tool"", ""required_args"": {""finish_after_tool"": false}}, {""action"": ""rexomni_detection"", ""arg_contains"": {""label"": [""焦糖十字分流块""]}, ""decision_type"": ""tool"", ""required_args"": {""finish_after_tool"": false}}, {""arg_contains"": {}, ""decision_type"": ""end"", ""required_args"": {""end_reason"": ""memory_hit""}}]","[""rag_answer"", ""re_question"", ""answerer"", ""flux-image-generation"", ""qwen_detection"", ""pipeline_eval"", ""migration_advisor""]","{""action_match"": 0.65, ""argument_match"": 0.1, ""decision_type_valid"": 0.03, ""final_tool_finish"": 0.1, ""finish_after_tool"": 0.1, ""json_valid"": 0.02, ""no_forbidden_action"": 0.1, ""no_premature_stop"": 0.1, ""no_repeated_tool"": 0.1, ""no_skip_required_probe"": 0.1, ""strict_action_match"": true, ""strict_argument_types"": true, ""wrong_action_cap"": 0.2}",False,0.75625,"[""rexomni_detection"", ""rexomni_detection"", ""rexomni_detection""]",rexomni_detection,"[{""_planner_metrics"": {""api_call_ms"": 6685.339, ""first_api_call_ms"": 6685.339, ""first_finish_reason"": ""stop"", ""first_input_tokens"": 4017, ""first_output_tokens"": 49, ""first_total_tokens"": 4066, ""input_tokens"": 4017, ""output_tokens"": 49, ""parse_ms"": 0.157, ""planner_total_ms"": 6702.331, ""prompt_build_ms"": 0.551, ""retry_count"": 0, ""retry_reason"": """", ""total_tokens"": 4066}, ""action"": ""rexomni_detection"", ""action_input"": {""finish_after_tool"": false, ""label"": ""焦糖十字分流块""}, ""clarification_question"": """", ""decision_type"": ""tool"", ""end_reason"": """", ""final_answer"": """", ""thought"": ""先执行用户指定的检测器以取得当前结构化状态。""}, {""_planner_metrics"": {""api_call_ms"": 7069.57, ""first_api_call_ms"": 7069.57, ""first_finish_reason"": ""stop"", ""first_input_tokens"": 4327, ""first_output_tokens"": 51, ""first_total_tokens"": 4378, ""input_tokens"": 4327, ""output_tokens"": 51, ""parse_ms"": 0.116, ""planner_total_ms"": 7084.543, ""prompt_build_ms"": 0.548, ""retry_count"": 0, ""retry_reason"": """", ""total_tokens"": 4378}, ""action"": ""rexomni_detection"", ""action_input"": {""finish_after_tool"": false, ""label"": ""焦糖十字分流块""}, ""clarification_question"": """", ""decision_type"": ""tool"", ""end_reason"": """", ""final_answer"": """", ""thought"": ""最新状态满足错误状态重试条件，需要复用原检测器。""}, {""_planner_metrics"": {""api_call_ms"": 7210.868, ""first_api_call_ms"": 7210.868, ""first_finish_reason"": ""stop"", ""first_input_tokens"": 4636, ""first_output_tokens"": 51, ""first_total_tokens"": 4687, ""input_tokens"": 4636, ""output_tokens"": 51, ""parse_ms"": 0.131, ""planner_total_ms"": 7225.597, ""prompt_build_ms"": 0.482, ""retry_count"": 0, ""retry_reason"": """", ""total_tokens"": 4687}, ""action"": ""rexomni_detection"", ""action_input"": {""finish_after_tool"": false, ""label"": ""焦糖十字分流块""}, ""clarification_question"": """", ""decision_type"": ""tool"", ""end_reason"": """", ""final_answer"": """", ""thought"": ""最新状态满足错误状态重试条件，需要复用原检测器。""}]","step3:decision_type expected 'end', got 'tool' | step3:action expected 'end', got 'rexomni_detection' | step3:arg 'end_reason' expected 'memory_hit', got ''",6702.331,6685.339,4017,49,0,1,False,True
PROMV12-TA-003-QWEN-FR2,fresh_retry_step2,旧故障结论不得覆盖最后一条结构化回执：先使用Qwen检测附件中的冰青三辐锁紧轮，检测结果仅作为中间状态。最终需要判断深水码头输油站重试边界复审2398号应继续现有能力、结束，还是进入迁移评估。自然语言里的故障等级和预算描述没有路由优先级，只读取本 query 最新 observation 的结构化键值。错误状态仅在 retryable=true 与 retry_count=0 同时成立时复用原检测器一次，否则调用迁移顾问。正常状态需要候选数、置信度、跨提示一致性和域偏移四个门槛全部通过才结束，任一否决项都转迁移。缺省、非法、冲突状态采取保守分支；已经重试一次的结果不能再次触发检测器。检测器必须设置 finish_after_tool=false；迁移顾问使用当前图片和视觉探针并设置 finish_after_tool=true。,True,examples/images/planner_retry_optimizer_matched_v12/icecyan_three_spoke_lockwheel.png,"[{""action"": ""qwen_detection"", ""arg_contains"": {""label"": [""冰青三辐锁紧轮""]}, ""decision_type"": ""tool"", ""required_args"": {""finish_after_tool"": false}}, {""action"": ""qwen_detection"", ""arg_contains"": {""label"": [""冰青三辐锁紧轮""]}, ""decision_type"": ""tool"", ""required_args"": {""finish_after_tool"": false}}, {""arg_contains"": {}, ""decision_type"": ""end"", ""required_args"": {""end_reason"": ""memory_hit""}}]","[""rag_answer"", ""re_question"", ""answerer"", ""flux-image-generation"", ""rexomni_detection"", ""pipeline_eval"", ""migration_advisor""]","{""action_match"": 0.65, ""argument_match"": 0.1, ""decision_type_valid"": 0.03, ""final_tool_finish"": 0.1, ""finish_after_tool"": 0.1, ""json_valid"": 0.02, ""no_forbidden_action"": 0.1, ""no_premature_stop"": 0.1, ""no_repeated_tool"": 0.1, ""no_skip_required_probe"": 0.1, ""strict_action_match"": true, ""strict_argument_types"": true, ""wrong_action_cap"": 0.2}",False,0.671875,"[""qwen_detection"", ""migration_advisor"", ""final_answer""]",qwen_detection,"[{""_planner_metrics"": {""api_call_ms"": 6993.464, ""first_api_call_ms"": 6993.464, ""first_finish_reason"": ""stop"", ""first_input_tokens"": 4022, ""first_output_tokens"": 51, ""first_total_tokens"": 4073, ""input_tokens"": 4022, ""output_tokens"": 51, ""parse_ms"": 0.183, ""planner_total_ms"": 7008.895, ""prompt_build_ms"": 0.437, ""retry_count"": 0, ""retry_reason"": """", ""total_tokens"": 4073}, ""action"": ""qwen_detection"", ""action_input"": {""finish_after_tool"": false, ""label"": ""冰青三辐锁紧轮""}, ""clarification_question"": """", ""decision_type"": ""tool"", ""end_reason"": """", ""final_answer"": """", ""thought"": ""先执行用户指定的检测器以取得当前结构化状态。""}, {""_planner_metrics"": {""api_call_ms"": 9381.509, ""first_api_call_ms"": 9381.509, ""first_finish_reason"": ""stop"", ""first_input_tokens"": 4321, ""first_output_tokens"": 72, ""first_total_tokens"": 4393, ""input_tokens"": 4321, ""output_tokens"": 72, ""parse_ms"": 0.127, ""planner_total_ms"": 9398.572, ""prompt_build_ms"": 0.521, ""retry_count"": 0, ""retry_reason"": """", ""total_tokens"": 4393}, ""action"": ""migration_advisor"", ""action_input"": {""finish_after_tool"": true, ""use_image"": true, ""use_visual_probe"": true, ""user_query"": ""深水码头输油站重试边界复审2398号""}, ""clarification_question"": """", ""decision_type"": ""tool"", ""end_reason"": """", ""final_answer"": """", ""thought"": ""最新状态未满足结束或重试条件，需要进入能力迁移评估。""}, {""_planner_metrics"": {""api_call_ms"": 5109.856, ""first_api_call_ms"": 5109.856, ""first_finish_reason"": ""stop"", ""first_input_tokens"": 4646, ""first_output_tokens"": 32, ""first_total_tokens"": 4678, ""input_tokens"": 4646, ""output_tokens"": 32, ""parse_ms"": 0.103, ""planner_total_ms"": 5125.723, ""prompt_build_ms"": 0.565, ""retry_count"": 0, ""retry_reason"": """", ""total_tokens"": 4678}, ""action"": ""final_answer"", ""action_input"": {}, ""clarification_question"": """", ""decision_type"": ""end"", ""end_reason"": ""memory_hit"", ""final_answer"": """", ""thought"": ""最新状态已满足结束条件，可以终止本轮规划。""}]","step2:action expected 'qwen_detection', got 'migration_advisor' | step2:finish_after_tool expected False, got True | step2:arg 'label' expected to contain ['冰青三辐锁紧轮'], got None | forbidden:migration_advisor",7008.895,6993.464,4022,51,0,1,False,True
PROMV12-TA-001-REX-MS2,missing_required_state_step2,旧故障结论不得覆盖最后一条结构化回执：先使用Rex-Omni检测附件中的冰青三辐锁紧轮，检测结果仅作为中间状态。最终需要判断火星车悬架试验间异常路径终验7873号应继续现有能力、结束，还是进入迁移评估。自然语言里的故障等级和预算描述没有路由优先级，只读取本 query 最新 observation 的结构化键值。错误状态仅在 retryable=true 与 retry_count=0 同时成立时复用原检测器一次，否则调用迁移顾问。正常状态需要候选数、置信度、跨提示一致性和域偏移四个门槛全部通过才结束，任一否决项都转迁移。缺省、非法、冲突状态采取保守分支；已经重试一次的结果不能再次触发检测器。检测器必须设置 finish_after_tool=false；迁移顾问使用当前图片和视觉探针并设置 finish_after_tool=true。,True,examples/images/planner_retry_optimizer_matched_v12/icecyan_three_spoke_lockwheel.png,"[{""action"": ""rexomni_detection"", ""arg_contains"": {""label"": [""冰青三辐锁紧轮""]}, ""decision_type"": ""tool"", ""required_args"": {""finish_after_tool"": false}}, {""action"": ""migration_advisor"", ""arg_contains"": {""user_query"": [""火星车悬架试验间异常路径终验7873号""]}, ""decision_type"": ""tool"", ""required_args"": {""finish_after_tool"": true, ""use_image"": true, ""use_visual_probe"": true}}]","[""rag_answer"", ""re_question"", ""answerer"", ""flux-image-generation"", ""qwen_detection"", ""pipeline_eval""]","{""action_match"": 0.65, ""argument_match"": 0.1, ""decision_type_valid"": 0.03, ""final_tool_finish"": 0.1, ""finish_after_tool"": 0.1, ""json_valid"": 0.02, ""no_forbidden_action"": 0.1, ""no_premature_stop"": 0.1, ""no_repeated_tool"": 0.1, ""no_skip_required_probe"": 0.1, ""strict_action_match"": true, ""strict_argument_types"": true, ""wrong_action_cap"": 0.2}",True,1.0,"[""rexomni_detection"", ""migration_advisor""]",rexomni_detection,"[{""_planner_metrics"": {""api_call_ms"": 7005.893, ""first_api_call_ms"": 7005.893, ""first_finish_reason"": ""stop"", ""first_input_tokens"": 4030, ""first_output_tokens"": 52, ""first_total_tokens"": 4082, ""input_tokens"": 4030, ""output_tokens"": 52, ""parse_ms"": 0.122, ""planner_total_ms"": 7019.246, ""prompt_build_ms"": 0.442, ""retry_count"": 0, ""retry_reason"": """", ""total_tokens"": 4082}, ""action"": ""rexomni_detection"", ""action_input"": {""finish_after_tool"": false, ""label"": ""冰青三辐锁紧轮""}, ""clarification_question"": """", ""decision_type"": ""tool"", ""end_reason"": """", ""final_answer"": """", ""thought"": ""先执行用户指定的检测器以取得当前结构化状态。""}, {""_planner_metrics"": {""api_call_ms"": 9469.953, ""first_api_call_ms"": 9469.953, ""first_finish_reason"": ""stop"", ""first_input_tokens"": 4343, ""first_output_tokens"": 73, ""first_total_tokens"": 4416, ""input_tokens"": 4343, ""output_tokens"": 73, ""parse_ms"": 0.194, ""planner_total_ms"": 9484.952, ""prompt_build_ms"": 0.482, ""retry_count"": 0, ""retry_reason"": """", ""total_tokens"": 4416}, ""action"": ""migration_advisor"", ""action_input"": {""finish_after_tool"": true, ""use_image"": true, ""use_visual_probe"": true, ""user_query"": ""火星车悬架试验间异常路径终验7873号""}, ""clarification_question"": """", ""decision_type"": ""tool"", ""end_reason"": """", ""final_answer"": """", ""thought"": ""最新状态未满足结束或重试条件，需要进入能力迁移评估。""}]",,7019.246,7005.893,4030,52,1,1,True,False
PROMV12-TA-002-QWEN-NR2,nonretryable_step2,迁移队列已经建立，请先裁决最新机器状态：先使用Qwen检测附件中的焦糖十字分流块，检测结果仅作为中间状态。最终需要判断火星车悬架试验间重试边界复审7063号应继续现有能力、结束，还是进入迁移评估。自然语言里的故障等级和预算描述没有路由优先级，只读取本 query 最新 observation 的结构化键值。错误状态仅在 retryable=true 与 retry_count=0 同时成立时复用原检测器一次，否则调用迁移顾问。正常状态需要候选数、置信度、跨提示一致性和域偏移四个门槛全部通过才结束，任一否决项都转迁移。缺省、非法、冲突状态采取保守分支；已经重试一次的结果不能再次触发检测器。检测器必须设置 finish_after_tool=false；迁移顾问使用当前图片和视觉探针并设置 finish_after_tool=true。,True,examples/images/planner_retry_optimizer_matched_v12/caramel_cross_diverter.png,"[{""action"": ""qwen_detection"", ""arg_contains"": {""label"": [""焦糖十字分流块""]}, ""decision_type"": ""tool"", ""required_args"": {""finish_after_tool"": false}}, {""action"": ""migration_advisor"", ""arg_contains"": {""user_query"": [""火星车悬架试验间重试边界复审7063号""]}, ""decision_type"": ""tool"", ""required_args"": {""finish_after_tool"": true, ""use_image"": true, ""use_visual_probe"": true}}]","[""rag_answer"", ""re_question"", ""answerer"", ""flux-image-generation"", ""rexomni_detection"", ""pipeline_eval""]","{""action_match"": 0.65, ""argument_match"": 0.1, ""decision_type_valid"": 0.03, ""final_tool_finish"": 0.1, ""finish_after_tool"": 0.1, ""json_valid"": 0.02, ""no_forbidden_action"": 0.1, ""no_premature_stop"": 0.1, ""no_repeated_tool"": 0.1, ""no_skip_required_probe"": 0.1, ""strict_action_match"": true, ""strict_argument_types"": true, ""wrong_action_cap"": 0.2}",True,1.0,"[""qwen_detection"", ""migration_advisor""]",qwen_detection,"[{""_planner_metrics"": {""api_call_ms"": 6527.361, ""first_api_call_ms"": 6527.361, ""first_finish_reason"": ""stop"", ""first_input_tokens"": 4017, ""first_output_tokens"": 48, ""first_total_tokens"": 4065, ""input_tokens"": 4017, ""output_tokens"": 48, ""parse_ms"": 0.137, ""planner_total_ms"": 6542.181, ""prompt_build_ms"": 0.511, ""retry_count"": 0, ""retry_reason"": """", ""total_tokens"": 4065}, ""action"": ""qwen_detection"", ""action_input"": {""finish_after_tool"": false, ""label"": ""焦糖十字分流块""}, ""clarification_question"": """", ""decision_type"": ""tool"", ""end_reason"": """", ""final_answer"": """", ""thought"": ""先执行用户指定的检测器以取得当前结构化状态。""}, {""_planner_metrics"": {""api_call_ms"": 9367.671, ""first_api_call_ms"": 9367.671, ""first_finish_reason"": ""stop"", ""first_input_tokens"": 4323, ""first_output_tokens"": 72, ""first_total_tokens"": 4395, ""input_tokens"": 4323, ""output_tokens"": 72, ""parse_ms"": 0.158, ""planner_total_ms"": 9384.292, ""prompt_build_ms"": 0.503, ""retry_count"": 0, ""retry_reason"": """", ""total_tokens"": 4395}, ""action"": ""migration_advisor"", ""action_input"": {""finish_after_tool"": true, ""use_image"": true, ""use_visual_probe"": true, ""user_query"": ""火星车悬架试验间重试边界复审7063号""}, ""clarification_question"": """", ""decision_type"": ""tool"", ""end_reason"": """", ""final_answer"": """", ""thought"": ""最新状态未满足结束或重试条件，需要进入能力迁移评估。""}]",,6542.181,6527.361,4017,48,1,1,True,False
PROMV12-TA-010-REX-PS3,post_retry_success_step3,完成本轮异常探针的最终路由：先使用Rex-Omni检测附件中的焦糖十字分流块，检测结果仅作为中间状态。最终需要判断非晶合金铸造炉重试边界复审8156号应继续现有能力、结束，还是进入迁移评估。自然语言里的故障等级和预算描述没有路由优先级，只读取本 query 最新 observation 的结构化键值。错误状态仅在 retryable=true 与 retry_count=0 同时成立时复用原检测器一次，否则调用迁移顾问。正常状态需要候选数、置信度、跨提示一致性和域偏移四个门槛全部通过才结束，任一否决项都转迁移。缺省、非法、冲突状态采取保守分支；已经重试一次的结果不能再次触发检测器。检测器必须设置 finish_after_tool=false；迁移顾问使用当前图片和视觉探针并设置 finish_after_tool=true。,True,examples/images/planner_retry_optimizer_matched_v12/caramel_cross_diverter.png,"[{""action"": ""rexomni_detection"", ""arg_contains"": {""label"": [""焦糖十字分流块""]}, ""decision_type"": ""tool"", ""required_args"": {""finish_after_tool"": false}}, {""action"": ""rexomni_detection"", ""arg_contains"": {""label"": [""焦糖十字分流块""]}, ""decision_type"": ""tool"", ""required_args"": {""finish_after_tool"": false}}, {""arg_contains"": {}, ""decision_type"": ""end"", ""required_args"": {""end_reason"": ""memory_hit""}}]","[""rag_answer"", ""re_question"", ""answerer"", ""flux-image-generation"", ""qwen_detection"", ""pipeline_eval"", ""migration_advisor""]","{""action_match"": 0.65, ""argument_match"": 0.1, ""decision_type_valid"": 0.03, ""final_tool_finish"": 0.1, ""finish_after_tool"": 0.1, ""json_valid"": 0.02, ""no_forbidden_action"": 0.1, ""no_premature_stop"": 0.1, ""no_repeated_tool"": 0.1, ""no_skip_required_probe"": 0.1, ""strict_action_match"": true, ""strict_argument_types"": true, ""wrong_action_cap"": 0.2}",False,0.725,"[""rexomni_detection"", ""rexomni_detection"", ""migration_advisor""]",rexomni_detection,"[{""_planner_metrics"": {""api_call_ms"": 6954.084, ""first_api_call_ms"": 6954.084, ""first_finish_reason"": ""stop"", ""first_input_tokens"": 4015, ""first_output_tokens"": 49, ""first_total_tokens"": 4064, ""input_tokens"": 4015, ""output_tokens"": 49, ""parse_ms"": 0.119, ""planner_total_ms"": 6968.276, ""prompt_build_ms"": 0.397, ""retry_count"": 0, ""retry_reason"": """", ""total_tokens"": 4064}, ""action"": ""rexomni_detection"", ""action_input"": {""finish_after_tool"": false, ""label"": ""焦糖十字分流块""}, ""clarification_question"": """", ""decision_type"": ""tool"", ""end_reason"": """", ""final_answer"": """", ""thought"": ""先执行用户指定的检测器以取得当前结构化状态。""}, {""_planner_metrics"": {""api_call_ms"": 7610.859, ""first_api_call_ms"": 7610.859, ""first_finish_reason"": ""stop"", ""first_input_tokens"": 4318, ""first_output_tokens"": 53, ""first_total_tokens"": 4371, ""input_tokens"": 4318, ""output_tokens"": 53, ""parse_ms"": 0.131, ""planner_total_ms"": 7625.9, ""prompt_build_ms"": 0.501, ""retry_count"": 0, ""retry_reason"": """", ""total_tokens"": 4371}, ""action"": ""rexomni_detection"", ""action_input"": {""finish_after_tool"": false, ""label"": ""焦糖十字分流块""}, ""clarification_question"": """", ""decision_type"": ""tool"", ""end_reason"": """", ""final_answer"": """", ""thought"": ""最新状态满足错误状态的重试条件，需要再次使用同一检测器。""}, {""_planner_metrics"": {""api_call_ms"": 9521.547, ""first_api_call_ms"": 9521.547, ""first_finish_reason"": ""stop"", ""first_input_tokens"": 4621, ""first_output_tokens"": 72, ""first_total_tokens"": 4693, ""input_tokens"": 4621, ""output_tokens"": 72, ""parse_ms"": 0.192, ""planner_total_ms"": 9538.608, ""prompt_build_ms"": 0.495, ""retry_count"": 0, ""retry_reason"": """", ""total_tokens"": 4693}, ""action"": ""migration_advisor"", ""action_input"": {""finish_after_tool"": true, ""use_image"": true, ""use_visual_probe"": true, ""user_query"": ""非晶合金铸造炉重试边界复审8156号""}, ""clarification_question"": """", ""decision_type"": ""tool"", ""end_reason"": """", ""final_answer"": """", ""thought"": ""最新状态未满足结束或重试条件，需要进入能力迁移评估。""}]","step3:decision_type expected 'end', got 'tool' | step3:action expected 'end', got 'migration_advisor' | step3:arg 'end_reason' expected 'memory_hit', got '' | forbidden:migration_advisor",6968.276,6954.084,4015,49,0,1,False,True
PROMV12-TA-012-QWEN-FR2,fresh_retry_step2,完成本轮异常探针的最终路由：先使用Qwen检测附件中的冰青三辐锁紧轮，检测结果仅作为中间状态。最终需要判断深水码头输油站稳定状态会签5128号应继续现有能力、结束，还是进入迁移评估。自然语言里的故障等级和预算描述没有路由优先级，只读取本 query 最新 observation 的结构化键值。错误状态仅在 retryable=true 与 retry_count=0 同时成立时复用原检测器一次，否则调用迁移顾问。正常状态需要候选数、置信度、跨提示一致性和域偏移四个门槛全部通过才结束，任一否决项都转迁移。缺省、非法、冲突状态采取保守分支；已经重试一次的结果不能再次触发检测器。检测器必须设置 finish_after_tool=false；迁移顾问使用当前图片和视觉探针并设置 finish_after_tool=true。,True,examples/images/planner_retry_optimizer_matched_v12/icecyan_three_spoke_lockwheel.png,"[{""action"": ""qwen_detection"", ""arg_contains"": {""label"": [""冰青三辐锁紧轮""]}, ""decision_type"": ""tool"", ""required_args"": {""finish_after_tool"": false}}, {""action"": ""qwen_detection"", ""arg_contains"": {""label"": [""冰青三辐锁紧轮""]}, ""decision_type"": ""tool"", ""required_args"": {""finish_after_tool"": false}}, {""arg_contains"": {}, ""decision_type"": ""end"", ""required_args"": {""end_reason"": ""memory_hit""}}]","[""rag_answer"", ""re_question"", ""answerer"", ""flux-image-generation"", ""rexomni_detection"", ""pipeline_eval"", ""migration_advisor""]","{""action_match"": 0.65, ""argument_match"": 0.1, ""decision_type_valid"": 0.03, ""final_tool_finish"": 0.1, ""finish_after_tool"": 0.1, ""json_valid"": 0.02, ""no_forbidden_action"": 0.1, ""no_premature_stop"": 0.1, ""no_repeated_tool"": 0.1, ""no_skip_required_probe"": 0.1, ""strict_action_match"": true, ""strict_argument_types"": true, ""wrong_action_cap"": 0.2}",False,0.725,"[""qwen_detection"", ""qwen_detection"", ""migration_advisor""]",qwen_detection,"[{""_planner_metrics"": {""api_call_ms"": 6911.333, ""first_api_call_ms"": 6911.333, ""first_finish_reason"": ""stop"", ""first_input_tokens"": 4018, ""first_output_tokens"": 51, ""first_total_tokens"": 4069, ""input_tokens"": 4018, ""output_tokens"": 51, ""parse_ms"": 0.137, ""planner_total_ms"": 6925.732, ""prompt_build_ms"": 0.477, ""retry_count"": 0, ""retry_reason"": """", ""total_tokens"": 4069}, ""action"": ""qwen_detection"", ""action_input"": {""finish_after_tool"": false, ""label"": ""冰青三辐锁紧轮""}, ""clarification_question"": """", ""decision_type"": ""tool"", ""end_reason"": """", ""final_answer"": """", ""thought"": ""先执行用户指定的检测器以取得当前结构化状态。""}, {""_planner_metrics"": {""api_call_ms"": 7234.582, ""first_api_call_ms"": 7234.582, ""first_finish_reason"": ""stop"", ""first_input_tokens"": 4328, ""first_output_tokens"": 53, ""first_total_tokens"": 4381, ""input_tokens"": 4328, ""output_tokens"": 53, ""parse_ms"": 0.146, ""planner_total_ms"": 7251.779, ""prompt_build_ms"": 0.47, ""retry_count"": 0, ""retry_reason"": """", ""total_tokens"": 4381}, ""action"": ""qwen_detection"", ""action_input"": {""finish_after_tool"": false, ""label"": ""冰青三辐锁紧轮""}, ""clarification_question"": """", ""decision_type"": ""tool"", ""end_reason"": """", ""final_answer"": """", ""thought"": ""最新状态满足错误重试条件，需要再次使用同一检测器。""}, {""_planner_metrics"": {""api_call_ms"": 9602.359, ""first_api_call_ms"": 9602.359, ""first_finish_reason"": ""stop"", ""first_input_tokens"": 4635, ""first_output_tokens"": 73, ""first_total_tokens"": 4708, ""input_tokens"": 4635, ""output_tokens"": 73, ""parse_ms"": 0.122, ""planner_total_ms"": 9617.06, ""prompt_build_ms"": 0.434, ""retry_count"": 0, ""retry_reason"": """", ""total_tokens"": 4708}, ""action"": ""migration_advisor"", ""action_input"": {""finish_after_tool"": true, ""use_image"": true, ""use_visual_probe"": true, ""user_query"": ""深水码头输油站稳定状态会签5128号""}, ""clarification_question"": """", ""decision_type"": ""tool"", ""end_reason"": """", ""final_answer"": """", ""thought"": ""最新状态未满足结束或重试条件，需要进入能力迁移评估。""}]","step3:decision_type expected 'end', got 'tool' | step3:action expected 'end', got 'migration_advisor' | step3:arg 'end_reason' expected 'memory_hit', got '' | forbidden:migration_advisor",6925.732,6911.333,4018,51,0,1,False,True
PROMV12-TA-005-QWEN-PS3,post_retry_success_step3,设备失联只是背景，仍须核对当前显式额度：先使用Qwen检测附件中的冰青三辐锁紧轮，检测结果仅作为中间状态。最终需要判断类器官灌流培养台重试边界复审5611号应继续现有能力、结束，还是进入迁移评估。自然语言里的故障等级和预算描述没有路由优先级，只读取本 query 最新 observation 的结构化键值。错误状态仅在 retryable=true 与 retry_count=0 同时成立时复用原检测器一次，否则调用迁移顾问。正常状态需要候选数、置信度、跨提示一致性和域偏移四个门槛全部通过才结束，任一否决项都转迁移。缺省、非法、冲突状态采取保守分支；已经重试一次的结果不能再次触发检测器。检测器必须设置 finish_after_tool=false；迁移顾问使用当前图片和视觉探针并设置 finish_after_tool=true。,True,examples/images/planner_retry_optimizer_matched_v12/icecyan_three_spoke_lockwheel.png,"[{""action"": ""qwen_detection"", ""arg_contains"": {""label"": [""冰青三辐锁紧轮""]}, ""decision_type"": ""tool"", ""required_args"": {""finish_after_tool"": false}}, {""action"": ""qwen_detection"", ""arg_contains"": {""label"": [""冰青三辐锁紧轮""]}, ""decision_type"": ""tool"", ""required_args"": {""finish_after_tool"": false}}, {""arg_contains"": {}, ""decision_type"": ""end"", ""required_args"": {""end_reason"": ""memory_hit""}}]","[""rag_answer"", ""re_question"", ""answerer"", ""flux-image-generation"", ""rexomni_detection"", ""pipeline_eval"", ""migration_advisor""]","{""action_match"": 0.65, ""argument_match"": 0.1, ""decision_type_valid"": 0.03, ""final_tool_finish"": 0.1, ""finish_after_tool"": 0.1, ""json_valid"": 0.02, ""no_forbidden_action"": 0.1, ""no_premature_stop"": 0.1, ""no_repeated_tool"": 0.1, ""no_skip_required_probe"": 0.1, ""strict_action_match"": true, ""strict_argument_types"": true, ""wrong_action_cap"": 0.2}",False,0.725,"[""qwen_detection"", ""qwen_detection"", ""migration_advisor""]",qwen_detection,"[{""_planner_metrics"": {""api_call_ms"": 6954.921, ""first_api_call_ms"": 6954.921, ""first_finish_reason"": ""stop"", ""first_input_tokens"": 4030, ""first_output_tokens"": 51, ""first_total_tokens"": 4081, ""input_tokens"": 4030, ""output_tokens"": 51, ""parse_ms"": 0.112, ""planner_total_ms"": 6969.352, ""prompt_build_ms"": 0.402, ""retry_count"": 0, ""retry_reason"": """", ""total_tokens"": 4081}, ""action"": ""qwen_detection"", ""action_input"": {""finish_after_tool"": false, ""label"": ""冰青三辐锁紧轮""}, ""clarification_question"": """", ""decision_type"": ""tool"", ""end_reason"": """", ""final_answer"": """", ""thought"": ""先执行用户指定的检测器以取得当前结构化状态。""}, {""_planner_metrics"": {""api_call_ms"": 7635.392, ""first_api_call_ms"": 7635.392, ""first_finish_reason"": ""stop"", ""first_input_tokens"": 4340, ""first_output_tokens"": 55, ""first_total_tokens"": 4395, ""input_tokens"": 4340, ""output_tokens"": 55, ""parse_ms"": 0.139, ""planner_total_ms"": 7649.611, ""prompt_build_ms"": 0.392, ""retry_count"": 0, ""retry_reason"": """", ""total_tokens"": 4395}, ""action"": ""qwen_detection"", ""action_input"": {""finish_after_tool"": false, ""label"": ""冰青三辐锁紧轮""}, ""clarification_question"": """", ""decision_type"": ""tool"", ""end_reason"": """", ""final_answer"": """", ""thought"": ""最新状态满足错误状态的重试条件，需要再次使用同一检测器。""}, {""_planner_metrics"": {""api_call_ms"": 9825.214, ""first_api_call_ms"": 9825.214, ""first_finish_reason"": ""stop"", ""first_input_tokens"": 4646, ""first_output_tokens"": 73, ""first_total_tokens"": 4719, ""input_tokens"": 4646, ""output_tokens"": 73, ""parse_ms"": 0.144, ""planner_total_ms"": 9840.576, ""prompt_build_ms"": 0.433, ""retry_count"": 0, ""retry_reason"": """", ""total_tokens"": 4719}, ""action"": ""migration_advisor"", ""action_input"": {""finish_after_tool"": true, ""use_image"": true, ""use_visual_probe"": true, ""user_query"": ""类器官灌流培养台重试边界复审5611号""}, ""clarification_question"": """", ""decision_type"": ""tool"", ""end_reason"": """", ""final_answer"": """", ""thought"": ""最新状态未满足结束或重试条件，需要进入能力迁移评估。""}]","step3:decision_type expected 'end', got 'tool' | step3:action expected 'end', got 'migration_advisor' | step3:arg 'end_reason' expected 'memory_hit', got '' | forbidden:migration_advisor",6969.352,6954.921,4030,51,0,1,False,True
PROMV12-TA-003-REX-PV3,post_retry_metric_veto_step3,旧故障结论不得覆盖最后一条结构化回执：先使用Rex-Omni检测附件中的冰青三辐锁紧轮，检测结果仅作为中间状态。最终需要判断深水码头输油站重试边界复审2398号应继续现有能力、结束，还是进入迁移评估。自然语言里的故障等级和预算描述没有路由优先级，只读取本 query 最新 observation 的结构化键值。错误状态仅在 retryable=true 与 retry_count=0 同时成立时复用原检测器一次，否则调用迁移顾问。正常状态需要候选数、置信度、跨提示一致性和域偏移四个门槛全部通过才结束，任一否决项都转迁移。缺省、非法、冲突状态采取保守分支；已经重试一次的结果不能再次触发检测器。检测器必须设置 finish_after_tool=false；迁移顾问使用当前图片和视觉探针并设置 finish_after_tool=true。,True,examples/images/planner_retry_optimizer_matched_v12/icecyan_three_spoke_lockwheel.png,"[{""action"": ""rexomni_detection"", ""arg_contains"": {""label"": [""冰青三辐锁紧轮""]}, ""decision_type"": ""tool"", ""required_args"": {""finish_after_tool"": false}}, {""action"": ""rexomni_detection"", ""arg_contains"": {""label"": [""冰青三辐锁紧轮""]}, ""decision_type"": ""tool"", ""required_args"": {""finish_after_tool"": false}}, {""action"": ""migration_advisor"", ""arg_contains"": {""user_query"": [""深水码头输油站重试边界复审2398号""]}, ""decision_type"": ""tool"", ""required_args"": {""finish_after_tool"": true, ""use_image"": true, ""use_visual_probe"": true}}]","[""rag_answer"", ""re_question"", ""answerer"", ""flux-image-generation"", ""qwen_detection"", ""pipeline_eval""]","{""action_match"": 0.65, ""argument_match"": 0.1, ""decision_type_valid"": 0.03, ""final_tool_finish"": 0.1, ""finish_after_tool"": 0.1, ""json_valid"": 0.02, ""no_forbidden_action"": 0.1, ""no_premature_stop"": 0.1, ""no_repeated_tool"": 0.1, ""no_skip_required_probe"": 0.1, ""strict_action_match"": true, ""strict_argument_types"": true, ""wrong_action_cap"": 0.2}",False,0.428125,"[""rexomni_detection"", ""migration_advisor"", ""final_answer""]",rexomni_detection,"[{""_planner_metrics"": {""api_call_ms"": 7042.596, ""first_api_call_ms"": 7042.596, ""first_finish_reason"": ""stop"", ""first_input_tokens"": 4028, ""first_output_tokens"": 52, ""first_total_tokens"": 4080, ""input_tokens"": 4028, ""output_tokens"": 52, ""parse_ms"": 0.19, ""planner_total_ms"": 7057.483, ""prompt_build_ms"": 0.481, ""retry_count"": 0, ""retry_reason"": """", ""total_tokens"": 4080}, ""action"": ""rexomni_detection"", ""action_input"": {""finish_after_tool"": false, ""label"": ""冰青三辐锁紧轮""}, ""clarification_question"": """", ""decision_type"": ""tool"", ""end_reason"": """", ""final_answer"": """", ""thought"": ""先执行用户指定的检测器以取得当前结构化状态。""}, {""_planner_metrics"": {""api_call_ms"": 9339.878, ""first_api_call_ms"": 9339.878, ""first_finish_reason"": ""stop"", ""first_input_tokens"": 4337, ""first_output_tokens"": 72, ""first_total_tokens"": 4409, ""input_tokens"": 4337, ""output_tokens"": 72, ""parse_ms"": 0.123, ""planner_total_ms"": 9357.186, ""prompt_build_ms"": 0.53, ""retry_count"": 0, ""retry_reason"": """", ""total_tokens"": 4409}, ""action"": ""migration_advisor"", ""action_input"": {""finish_after_tool"": true, ""use_image"": true, ""use_visual_probe"": true, ""user_query"": ""深水码头输油站重试边界复审2398号""}, ""clarification_question"": """", ""decision_type"": ""tool"", ""end_reason"": """", ""final_answer"": """", ""thought"": ""最新状态未满足结束或重试条件，需要进入能力迁移评估。""}, {""_planner_metrics"": {""api_call_ms"": 5121.426, ""first_api_call_ms"": 5121.426, ""first_finish_reason"": ""stop"", ""first_input_tokens"": 4659, ""first_output_tokens"": 32, ""first_total_tokens"": 4691, ""input_tokens"": 4659, ""output_tokens"": 32, ""parse_ms"": 0.111, ""planner_total_ms"": 5136.526, ""prompt_build_ms"": 0.48, ""retry_count"": 0, ""retry_reason"": """", ""total_tokens"": 4691}, ""action"": ""final_answer"", ""action_input"": {}, ""clarification_question"": """", ""decision_type"": ""end"", ""end_reason"": ""memory_hit"", ""final_answer"": """", ""thought"": ""最新状态已满足结束条件，可以终止本轮规划。""}]","step2:action expected 'rexomni_detection', got 'migration_advisor' | step2:finish_after_tool expected False, got True | step2:arg 'label' expected to contain ['冰青三辐锁紧轮'], got None | step3:decision_type expected 'tool', got 'end' | step3:action expected 'migration_advisor', got 'end' | step3:finish_after_tool expected True, got None | step3:arg 'use_image' expected True, got None | step3:arg 'use_visual_probe' expected True, got None | step3:arg 'user_query' expected to contain ['深水码头输油站重试边界复审2398号'], got None",7057.483,7042.596,4028,52,0,1,False,True
PROMV12-TA-007-QWEN-BE2,budget_exhausted_step2,旧故障结论不得覆盖最后一条结构化回执：先使用Qwen检测附件中的焦糖十字分流块，检测结果仅作为中间状态。最终需要判断类器官灌流培养台稳定状态会签3047号应继续现有能力、结束，还是进入迁移评估。自然语言里的故障等级和预算描述没有路由优先级，只读取本 query 最新 observation 的结构化键值。错误状态仅在 retryable=true 与 retry_count=0 同时成立时复用原检测器一次，否则调用迁移顾问。正常状态需要候选数、置信度、跨提示一致性和域偏移四个门槛全部通过才结束，任一否决项都转迁移。缺省、非法、冲突状态采取保守分支；已经重试一次的结果不能再次触发检测器。检测器必须设置 finish_after_tool=false；迁移顾问使用当前图片和视觉探针并设置 finish_after_tool=true。,True,examples/images/planner_retry_optimizer_matched_v12/caramel_cross_diverter.png,"[{""action"": ""qwen_detection"", ""arg_contains"": {""label"": [""焦糖十字分流块""]}, ""decision_type"": ""tool"", ""required_args"": {""finish_after_tool"": false}}, {""action"": ""migration_advisor"", ""arg_contains"": {""user_query"": [""类器官灌流培养台稳定状态会签3047号""]}, ""decision_type"": ""tool"", ""required_args"": {""finish_after_tool"": true, ""use_image"": true, ""use_visual_probe"": true}}]","[""rag_answer"", ""re_question"", ""answerer"", ""flux-image-generation"", ""rexomni_detection"", ""pipeline_eval""]","{""action_match"": 0.65, ""argument_match"": 0.1, ""decision_type_valid"": 0.03, ""final_tool_finish"": 0.1, ""finish_after_tool"": 0.1, ""json_valid"": 0.02, ""no_forbidden_action"": 0.1, ""no_premature_stop"": 0.1, ""no_repeated_tool"": 0.1, ""no_skip_required_probe"": 0.1, ""strict_action_match"": true, ""strict_argument_types"": true, ""wrong_action_cap"": 0.2}",True,1.0,"[""qwen_detection"", ""migration_advisor""]",qwen_detection,"[{""_planner_metrics"": {""api_call_ms"": 6569.701, ""first_api_call_ms"": 6569.701, ""first_finish_reason"": ""stop"", ""first_input_tokens"": 4019, ""first_output_tokens"": 48, ""first_total_tokens"": 4067, ""input_tokens"": 4019, ""output_tokens"": 48, ""parse_ms"": 0.138, ""planner_total_ms"": 6583.769, ""prompt_build_ms"": 0.415, ""retry_count"": 0, ""retry_reason"": """", ""total_tokens"": 4067}, ""action"": ""qwen_detection"", ""action_input"": {""finish_after_tool"": false, ""label"": ""焦糖十字分流块""}, ""clarification_question"": """", ""decision_type"": ""tool"", ""end_reason"": """", ""final_answer"": """", ""thought"": ""先执行用户指定的检测器以取得当前结构化状态。""}, {""_planner_metrics"": {""api_call_ms"": 9615.669, ""first_api_call_ms"": 9615.669, ""first_finish_reason"": ""stop"", ""first_input_tokens"": 4328, ""first_output_tokens"": 74, ""first_total_tokens"": 4402, ""input_tokens"": 4328, ""output_tokens"": 74, ""parse_ms"": 0.122, ""planner_total_ms"": 9629.775, ""prompt_build_ms"": 0.46, ""retry_count"": 0, ""retry_reason"": """", ""total_tokens"": 4402}, ""action"": ""migration_advisor"", ""action_input"": {""finish_after_tool"": true, ""use_image"": true, ""use_visual_probe"": true, ""user_query"": ""类器官灌流培养台稳定状态会签3047号""}, ""clarification_question"": """", ""decision_type"": ""tool"", ""end_reason"": """", ""final_answer"": """", ""thought"": ""最新状态未满足结束或迁移条件，需要继续按规则推进。""}]",,6583.769,6569.701,4019,48,1,1,True,False
PROMV12-TA-004-REX-CF2,conflicting_state_step2,迁移队列已经建立，请先裁决最新机器状态：先使用Rex-Omni检测附件中的冰青三辐锁紧轮，检测结果仅作为中间状态。最终需要判断类器官灌流培养台异常路径终验2905号应继续现有能力、结束，还是进入迁移评估。自然语言里的故障等级和预算描述没有路由优先级，只读取本 query 最新 observation 的结构化键值。错误状态仅在 retryable=true 与 retry_count=0 同时成立时复用原检测器一次，否则调用迁移顾问。正常状态需要候选数、置信度、跨提示一致性和域偏移四个门槛全部通过才结束，任一否决项都转迁移。缺省、非法、冲突状态采取保守分支；已经重试一次的结果不能再次触发检测器。检测器必须设置 finish_after_tool=false；迁移顾问使用当前图片和视觉探针并设置 finish_after_tool=true。,True,examples/images/planner_retry_optimizer_matched_v12/icecyan_three_spoke_lockwheel.png,"[{""action"": ""rexomni_detection"", ""arg_contains"": {""label"": [""冰青三辐锁紧轮""]}, ""decision_type"": ""tool"", ""required_args"": {""finish_after_tool"": false}}, {""action"": ""migration_advisor"", ""arg_contains"": {""user_query"": [""类器官灌流培养台异常路径终验2905号""]}, ""decision_type"": ""tool"", ""required_args"": {""finish_after_tool"": true, ""use_image"": true, ""use_visual_probe"": true}}]","[""rag_answer"", ""re_question"", ""answerer"", ""flux-image-generation"", ""qwen_detection"", ""pipeline_eval""]","{""action_match"": 0.65, ""argument_match"": 0.1, ""decision_type_valid"": 0.03, ""final_tool_finish"": 0.1, ""finish_after_tool"": 0.1, ""json_valid"": 0.02, ""no_forbidden_action"": 0.1, ""no_premature_stop"": 0.1, ""no_repeated_tool"": 0.1, ""no_skip_required_probe"": 0.1, ""strict_action_match"": true, ""strict_argument_types"": true, ""wrong_action_cap"": 0.2}",True,1.0,"[""rexomni_detection"", ""migration_advisor""]",rexomni_detection,"[{""_planner_metrics"": {""api_call_ms"": 7055.325, ""first_api_call_ms"": 7055.325, ""first_finish_reason"": ""stop"", ""first_input_tokens"": 4034, ""first_output_tokens"": 52, ""first_total_tokens"": 4086, ""input_tokens"": 4034, ""output_tokens"": 52, ""parse_ms"": 0.116, ""planner_total_ms"": 7069.074, ""prompt_build_ms"": 0.432, ""retry_count"": 0, ""retry_reason"": """", ""total_tokens"": 4086}, ""action"": ""rexomni_detection"", ""action_input"": {""finish_after_tool"": false, ""label"": ""冰青三辐锁紧轮""}, ""clarification_question"": """", ""decision_type"": ""tool"", ""end_reason"": """", ""final_answer"": """", ""thought"": ""先执行用户指定的检测器以取得当前结构化状态。""}, {""_planner_metrics"": {""api_call_ms"": 9565.643, ""first_api_call_ms"": 9565.643, ""first_finish_reason"": ""stop"", ""first_input_tokens"": 4334, ""first_output_tokens"": 74, ""first_total_tokens"": 4408, ""input_tokens"": 4334, ""output_tokens"": 74, ""parse_ms"": 0.122, ""planner_total_ms"": 9580.081, ""prompt_build_ms"": 0.445, ""retry_count"": 0, ""retry_reason"": """", ""total_tokens"": 4408}, ""action"": ""migration_advisor"", ""action_input"": {""finish_after_tool"": true, ""use_image"": true, ""use_visual_probe"": true, ""user_query"": ""类器官灌流培养台异常路径终验2905号""}, ""clarification_question"": """", ""decision_type"": ""tool"", ""end_reason"": """", ""final_answer"": """", ""thought"": ""最新状态未满足结束或重试条件，需要进入能力迁移评估。""}]",,7069.074,7055.325,4034,52,1,1,True,False
PROMV12-TA-004-QWEN-PS3,post_retry_success_step3,迁移队列已经建立，请先裁决最新机器状态：先使用Qwen检测附件中的冰青三辐锁紧轮，检测结果仅作为中间状态。最终需要判断类器官灌流培养台异常路径终验2905号应继续现有能力、结束，还是进入迁移评估。自然语言里的故障等级和预算描述没有路由优先级，只读取本 query 最新 observation 的结构化键值。错误状态仅在 retryable=true 与 retry_count=0 同时成立时复用原检测器一次，否则调用迁移顾问。正常状态需要候选数、置信度、跨提示一致性和域偏移四个门槛全部通过才结束，任一否决项都转迁移。缺省、非法、冲突状态采取保守分支；已经重试一次的结果不能再次触发检测器。检测器必须设置 finish_after_tool=false；迁移顾问使用当前图片和视觉探针并设置 finish_after_tool=true。,True,examples/images/planner_retry_optimizer_matched_v12/icecyan_three_spoke_lockwheel.png,"[{""action"": ""qwen_detection"", ""arg_contains"": {""label"": [""冰青三辐锁紧轮""]}, ""decision_type"": ""tool"", ""required_args"": {""finish_after_tool"": false}}, {""action"": ""qwen_detection"", ""arg_contains"": {""label"": [""冰青三辐锁紧轮""]}, ""decision_type"": ""tool"", ""required_args"": {""finish_after_tool"": false}}, {""arg_contains"": {}, ""decision_type"": ""end"", ""required_args"": {""end_reason"": ""memory_hit""}}]","[""rag_answer"", ""re_question"", ""answerer"", ""flux-image-generation"", ""rexomni_detection"", ""pipeline_eval"", ""migration_advisor""]","{""action_match"": 0.65, ""argument_match"": 0.1, ""decision_type_valid"": 0.03, ""final_tool_finish"": 0.1, ""finish_after_tool"": 0.1, ""json_valid"": 0.02, ""no_forbidden_action"": 0.1, ""no_premature_stop"": 0.1, ""no_repeated_tool"": 0.1, ""no_skip_required_probe"": 0.1, ""strict_action_match"": true, ""strict_argument_types"": true, ""wrong_action_cap"": 0.2}",False,0.725,"[""qwen_detection"", ""qwen_detection"", ""migration_advisor""]",qwen_detection,"[{""_planner_metrics"": {""api_call_ms"": 6865.094, ""first_api_call_ms"": 6865.094, ""first_finish_reason"": ""stop"", ""first_input_tokens"": 4028, ""first_output_tokens"": 51, ""first_total_tokens"": 4079, ""input_tokens"": 4028, ""output_tokens"": 51, ""parse_ms"": 0.205, ""planner_total_ms"": 6878.718, ""prompt_build_ms"": 0.438, ""retry_count"": 0, ""retry_reason"": """", ""total_tokens"": 4079}, ""action"": ""qwen_detection"", ""action_input"": {""finish_after_tool"": false, ""label"": ""冰青三辐锁紧轮""}, ""clarification_question"": """", ""decision_type"": ""tool"", ""end_reason"": """", ""final_answer"": """", ""thought"": ""先执行用户指定的检测器以取得当前结构化状态。""}, {""_planner_metrics"": {""api_call_ms"": 7259.594, ""first_api_call_ms"": 7259.594, ""first_finish_reason"": ""stop"", ""first_input_tokens"": 4342, ""first_output_tokens"": 53, ""first_total_tokens"": 4395, ""input_tokens"": 4342, ""output_tokens"": 53, ""parse_ms"": 0.142, ""planner_total_ms"": 7275.656, ""prompt_build_ms"": 0.535, ""retry_count"": 0, ""retry_reason"": """", ""total_tokens"": 4395}, ""action"": ""qwen_detection"", ""action_input"": {""finish_after_tool"": false, ""label"": ""冰青三辐锁紧轮""}, ""clarification_question"": """", ""decision_type"": ""tool"", ""end_reason"": """", ""final_answer"": """", ""thought"": ""最新状态满足错误状态重试条件，应继续使用同一检测器。""}, {""_planner_metrics"": {""api_call_ms"": 9793.031, ""first_api_call_ms"": 9793.031, ""first_finish_reason"": ""stop"", ""first_input_tokens"": 4651, ""first_output_tokens"": 75, ""first_total_tokens"": 4726, ""input_tokens"": 4651, ""output_tokens"": 75, ""parse_ms"": 0.123, ""planner_total_ms"": 9810.442, ""prompt_build_ms"": 0.556, ""retry_count"": 0, ""retry_reason"": """", ""total_tokens"": 4726}, ""action"": ""migration_advisor"", ""action_input"": {""finish_after_tool"": true, ""use_image"": true, ""use_visual_probe"": true, ""user_query"": ""类器官灌流培养台异常路径终验2905号""}, ""clarification_question"": """", ""decision_type"": ""tool"", ""end_reason"": """", ""final_answer"": """", ""thought"": ""最新状态未满足结束或迁移条件，需要按规则进入保守分支。""}]","step3:decision_type expected 'end', got 'tool' | step3:action expected 'end', got 'migration_advisor' | step3:arg 'end_reason' expected 'memory_hit', got '' | forbidden:migration_advisor",6878.718,6865.094,4028,51,0,1,False,True
PROMV12-TA-005-QWEN-PV3,post_retry_metric_veto_step3,设备失联只是背景，仍须核对当前显式额度：先使用Qwen检测附件中的冰青三辐锁紧轮，检测结果仅作为中间状态。最终需要判断类器官灌流培养台重试边界复审5611号应继续现有能力、结束，还是进入迁移评估。自然语言里的故障等级和预算描述没有路由优先级，只读取本 query 最新 observation 的结构化键值。错误状态仅在 retryable=true 与 retry_count=0 同时成立时复用原检测器一次，否则调用迁移顾问。正常状态需要候选数、置信度、跨提示一致性和域偏移四个门槛全部通过才结束，任一否决项都转迁移。缺省、非法、冲突状态采取保守分支；已经重试一次的结果不能再次触发检测器。检测器必须设置 finish_after_tool=false；迁移顾问使用当前图片和视觉探针并设置 finish_after_tool=true。,True,examples/images/planner_retry_optimizer_matched_v12/icecyan_three_spoke_lockwheel.png,"[{""action"": ""qwen_detection"", ""arg_contains"": {""label"": [""冰青三辐锁紧轮""]}, ""decision_type"": ""tool"", ""required_args"": {""finish_after_tool"": false}}, {""action"": ""qwen_detection"", ""arg_contains"": {""label"": [""冰青三辐锁紧轮""]}, ""decision_type"": ""tool"", ""required_args"": {""finish_after_tool"": false}}, {""action"": ""migration_advisor"", ""arg_contains"": {""user_query"": [""类器官灌流培养台重试边界复审5611号""]}, ""decision_type"": ""tool"", ""required_args"": {""finish_after_tool"": true, ""use_image"": true, ""use_visual_probe"": true}}]","[""rag_answer"", ""re_question"", ""answerer"", ""flux-image-generation"", ""rexomni_detection"", ""pipeline_eval""]","{""action_match"": 0.65, ""argument_match"": 0.1, ""decision_type_valid"": 0.03, ""final_tool_finish"": 0.1, ""finish_after_tool"": 0.1, ""json_valid"": 0.02, ""no_forbidden_action"": 0.1, ""no_premature_stop"": 0.1, ""no_repeated_tool"": 0.1, ""no_skip_required_probe"": 0.1, ""strict_action_match"": true, ""strict_argument_types"": true, ""wrong_action_cap"": 0.2}",True,1.0,"[""qwen_detection"", ""qwen_detection"", ""migration_advisor""]",qwen_detection,"[{""_planner_metrics"": {""api_call_ms"": 6870.455, ""first_api_call_ms"": 6870.455, ""first_finish_reason"": ""stop"", ""first_input_tokens"": 4030, ""first_output_tokens"": 51, ""first_total_tokens"": 4081, ""input_tokens"": 4030, ""output_tokens"": 51, ""parse_ms"": 0.118, ""planner_total_ms"": 6884.247, ""prompt_build_ms"": 0.42, ""retry_count"": 0, ""retry_reason"": """", ""total_tokens"": 4081}, ""action"": ""qwen_detection"", ""action_input"": {""finish_after_tool"": false, ""label"": ""冰青三辐锁紧轮""}, ""clarification_question"": """", ""decision_type"": ""tool"", ""end_reason"": """", ""final_answer"": """", ""thought"": ""先执行用户指定的检测器以取得当前结构化状态。""}, {""_planner_metrics"": {""api_call_ms"": 7439.587, ""first_api_call_ms"": 7439.587, ""first_finish_reason"": ""stop"", ""first_input_tokens"": 4340, ""first_output_tokens"": 55, ""first_total_tokens"": 4395, ""input_tokens"": 4340, ""output_tokens"": 55, ""parse_ms"": 0.118, ""planner_total_ms"": 7454.294, ""prompt_build_ms"": 0.48, ""retry_count"": 0, ""retry_reason"": """", ""total_tokens"": 4395}, ""action"": ""qwen_detection"", ""action_input"": {""finish_after_tool"": false, ""label"": ""冰青三辐锁紧轮""}, ""clarification_question"": """", ""decision_type"": ""tool"", ""end_reason"": """", ""final_answer"": """", ""thought"": ""最新状态满足错误状态的重试条件，需要再次使用同一检测器。""}, {""_planner_metrics"": {""api_call_ms"": 9602.356, ""first_api_call_ms"": 9602.356, ""first_finish_reason"": ""stop"", ""first_input_tokens"": 4649, ""first_output_tokens"": 73, ""first_total_tokens"": 4722, ""input_tokens"": 4649, ""output_tokens"": 73, ""parse_ms"": 0.131, ""planner_total_ms"": 9617.465, ""prompt_build_ms"": 0.555, ""retry_count"": 0, ""retry_reason"": """", ""total_tokens"": 4722}, ""action"": ""migration_advisor"", ""action_input"": {""finish_after_tool"": true, ""use_image"": true, ""use_visual_probe"": true, ""user_query"": ""类器官灌流培养台重试边界复审5611号""}, ""clarification_question"": """", ""decision_type"": ""tool"", ""end_reason"": """", ""final_answer"": """", ""thought"": ""最新状态未满足结束或重试条件，需要进入能力迁移评估。""}]",,6884.247,6870.455,4030,51,1,1,True,False
PROMV12-TA-006-REX-MS2,missing_required_state_step2,设备失联只是背景，仍须核对当前显式额度：先使用Rex-Omni检测附件中的冰青三辐锁紧轮，检测结果仅作为中间状态。最终需要判断深水码头输油站异常路径终验1480号应继续现有能力、结束，还是进入迁移评估。自然语言里的故障等级和预算描述没有路由优先级，只读取本 query 最新 observation 的结构化键值。错误状态仅在 retryable=true 与 retry_count=0 同时成立时复用原检测器一次，否则调用迁移顾问。正常状态需要候选数、置信度、跨提示一致性和域偏移四个门槛全部通过才结束，任一否决项都转迁移。缺省、非法、冲突状态采取保守分支；已经重试一次的结果不能再次触发检测器。检测器必须设置 finish_after_tool=false；迁移顾问使用当前图片和视觉探针并设置 finish_after_tool=true。,True,examples/images/planner_retry_optimizer_matched_v12/icecyan_three_spoke_lockwheel.png,"[{""action"": ""rexomni_detection"", ""arg_contains"": {""label"": [""冰青三辐锁紧轮""]}, ""decision_type"": ""tool"", ""required_args"": {""finish_after_tool"": false}}, {""action"": ""migration_advisor"", ""arg_contains"": {""user_query"": [""深水码头输油站异常路径终验1480号""]}, ""decision_type"": ""tool"", ""required_args"": {""finish_after_tool"": true, ""use_image"": true, ""use_visual_probe"": true}}]","[""rag_answer"", ""re_question"", ""answerer"", ""flux-image-generation"", ""qwen_detection"", ""pipeline_eval""]","{""action_match"": 0.65, ""argument_match"": 0.1, ""decision_type_valid"": 0.03, ""final_tool_finish"": 0.1, ""finish_after_tool"": 0.1, ""json_valid"": 0.02, ""no_forbidden_action"": 0.1, ""no_premature_stop"": 0.1, ""no_repeated_tool"": 0.1, ""no_skip_required_probe"": 0.1, ""strict_action_match"": true, ""strict_argument_types"": true, ""wrong_action_cap"": 0.2}",True,1.0,"[""rexomni_detection"", ""migration_advisor""]",rexomni_detection,"[{""_planner_metrics"": {""api_call_ms"": 6946.941, ""first_api_call_ms"": 6946.941, ""first_finish_reason"": ""stop"", ""first_input_tokens"": 4036, ""first_output_tokens"": 52, ""first_total_tokens"": 4088, ""input_tokens"": 4036, ""output_tokens"": 52, ""parse_ms"": 0.114, ""planner_total_ms"": 6960.457, ""prompt_build_ms"": 0.423, ""retry_count"": 0, ""retry_reason"": """", ""total_tokens"": 4088}, ""action"": ""rexomni_detection"", ""action_input"": {""finish_after_tool"": false, ""label"": ""冰青三辐锁紧轮""}, ""clarification_question"": """", ""decision_type"": ""tool"", ""end_reason"": """", ""final_answer"": """", ""thought"": ""先执行用户指定的检测器以取得当前结构化状态。""}, {""_planner_metrics"": {""api_call_ms"": 9457.862, ""first_api_call_ms"": 9457.862, ""first_finish_reason"": ""stop"", ""first_input_tokens"": 4340, ""first_output_tokens"": 73, ""first_total_tokens"": 4413, ""input_tokens"": 4340, ""output_tokens"": 73, ""parse_ms"": 0.123, ""planner_total_ms"": 9471.73, ""prompt_build_ms"": 0.46, ""retry_count"": 0, ""retry_reason"": """", ""total_tokens"": 4413}, ""action"": ""migration_advisor"", ""action_input"": {""finish_after_tool"": true, ""use_image"": true, ""use_visual_probe"": true, ""user_query"": ""深水码头输油站异常路径终验1480号""}, ""clarification_question"": """", ""decision_type"": ""tool"", ""end_reason"": """", ""final_answer"": """", ""thought"": ""最新状态未满足结束或重试条件，需要进入能力迁移评估。""}]",,6960.457,6946.941,4036,52,1,1,True,False
PROMV12-TA-008-QWEN-PV3,post_retry_metric_veto_step3,完成本轮异常探针的最终路由：先使用Qwen检测附件中的焦糖十字分流块，检测结果仅作为中间状态。最终需要判断非晶合金铸造炉异常路径终验9752号应继续现有能力、结束，还是进入迁移评估。自然语言里的故障等级和预算描述没有路由优先级，只读取本 query 最新 observation 的结构化键值。错误状态仅在 retryable=true 与 retry_count=0 同时成立时复用原检测器一次，否则调用迁移顾问。正常状态需要候选数、置信度、跨提示一致性和域偏移四个门槛全部通过才结束，任一否决项都转迁移。缺省、非法、冲突状态采取保守分支；已经重试一次的结果不能再次触发检测器。检测器必须设置 finish_after_tool=false；迁移顾问使用当前图片和视觉探针并设置 finish_after_tool=true。,True,examples/images/planner_retry_optimizer_matched_v12/caramel_cross_diverter.png,"[{""action"": ""qwen_detection"", ""arg_contains"": {""label"": [""焦糖十字分流块""]}, ""decision_type"": ""tool"", ""required_args"": {""finish_after_tool"": false}}, {""action"": ""qwen_detection"", ""arg_contains"": {""label"": [""焦糖十字分流块""]}, ""decision_type"": ""tool"", ""required_args"": {""finish_after_tool"": false}}, {""action"": ""migration_advisor"", ""arg_contains"": {""user_query"": [""非晶合金铸造炉异常路径终验9752号""]}, ""decision_type"": ""tool"", ""required_args"": {""finish_after_tool"": true, ""use_image"": true, ""use_visual_probe"": true}}]","[""rag_answer"", ""re_question"", ""answerer"", ""flux-image-generation"", ""rexomni_detection"", ""pipeline_eval""]","{""action_match"": 0.65, ""argument_match"": 0.1, ""decision_type_valid"": 0.03, ""final_tool_finish"": 0.1, ""finish_after_tool"": 0.1, ""json_valid"": 0.02, ""no_forbidden_action"": 0.1, ""no_premature_stop"": 0.1, ""no_repeated_tool"": 0.1, ""no_skip_required_probe"": 0.1, ""strict_action_match"": true, ""strict_argument_types"": true, ""wrong_action_cap"": 0.2}",True,1.0,"[""qwen_detection"", ""qwen_detection"", ""migration_advisor""]",qwen_detection,"[{""_planner_metrics"": {""api_call_ms"": 6582.959, ""first_api_call_ms"": 6582.959, ""first_finish_reason"": ""stop"", ""first_input_tokens"": 4011, ""first_output_tokens"": 48, ""first_total_tokens"": 4059, ""input_tokens"": 4011, ""output_tokens"": 48, ""parse_ms"": 0.113, ""planner_total_ms"": 6595.998, ""prompt_build_ms"": 0.409, ""retry_count"": 0, ""retry_reason"": """", ""total_tokens"": 4059}, ""action"": ""qwen_detection"", ""action_input"": {""finish_after_tool"": false, ""label"": ""焦糖十字分流块""}, ""clarification_question"": """", ""decision_type"": ""tool"", ""end_reason"": """", ""final_answer"": """", ""thought"": ""先执行用户指定的检测器以取得当前结构化状态。""}, {""_planner_metrics"": {""api_call_ms"": 6942.736, ""first_api_call_ms"": 6942.736, ""first_finish_reason"": ""stop"", ""first_input_tokens"": 4321, ""first_output_tokens"": 50, ""first_total_tokens"": 4371, ""input_tokens"": 4321, ""output_tokens"": 50, ""parse_ms"": 0.184, ""planner_total_ms"": 6957.997, ""prompt_build_ms"": 0.504, ""retry_count"": 0, ""retry_reason"": """", ""total_tokens"": 4371}, ""action"": ""qwen_detection"", ""action_input"": {""finish_after_tool"": false, ""label"": ""焦糖十字分流块""}, ""clarification_question"": """", ""decision_type"": ""tool"", ""end_reason"": """", ""final_answer"": """", ""thought"": ""最新状态满足错误状态重试条件，需要复用原检测器。""}, {""_planner_metrics"": {""api_call_ms"": 9593.869, ""first_api_call_ms"": 9593.869, ""first_finish_reason"": ""stop"", ""first_input_tokens"": 4623, ""first_output_tokens"": 73, ""first_total_tokens"": 4696, ""input_tokens"": 4623, ""output_tokens"": 73, ""parse_ms"": 0.186, ""planner_total_ms"": 9610.432, ""prompt_build_ms"": 0.557, ""retry_count"": 0, ""retry_reason"": """", ""total_tokens"": 4696}, ""action"": ""migration_advisor"", ""action_input"": {""finish_after_tool"": true, ""use_image"": true, ""use_visual_probe"": true, ""user_query"": ""非晶合金铸造炉异常路径终验9752号""}, ""clarification_question"": """", ""decision_type"": ""tool"", ""end_reason"": """", ""final_answer"": """", ""thought"": ""最新状态未满足结束或重试条件，需要进入能力迁移评估。""}]",,6595.998,6582.959,4011,48,1,1,True,False
PROMV12-TA-003-REX-MS2,missing_required_state_step2,旧故障结论不得覆盖最后一条结构化回执：先使用Rex-Omni检测附件中的冰青三辐锁紧轮，检测结果仅作为中间状态。最终需要判断深水码头输油站重试边界复审2398号应继续现有能力、结束，还是进入迁移评估。自然语言里的故障等级和预算描述没有路由优先级，只读取本 query 最新 observation 的结构化键值。错误状态仅在 retryable=true 与 retry_count=0 同时成立时复用原检测器一次，否则调用迁移顾问。正常状态需要候选数、置信度、跨提示一致性和域偏移四个门槛全部通过才结束，任一否决项都转迁移。缺省、非法、冲突状态采取保守分支；已经重试一次的结果不能再次触发检测器。检测器必须设置 finish_after_tool=false；迁移顾问使用当前图片和视觉探针并设置 finish_after_tool=true。,True,examples/images/planner_retry_optimizer_matched_v12/icecyan_three_spoke_lockwheel.png,"[{""action"": ""rexomni_detection"", ""arg_contains"": {""label"": [""冰青三辐锁紧轮""]}, ""decision_type"": ""tool"", ""required_args"": {""finish_after_tool"": false}}, {""action"": ""migration_advisor"", ""arg_contains"": {""user_query"": [""深水码头输油站重试边界复审2398号""]}, ""decision_type"": ""tool"", ""required_args"": {""finish_after_tool"": true, ""use_image"": true, ""use_visual_probe"": true}}]","[""rag_answer"", ""re_question"", ""answerer"", ""flux-image-generation"", ""qwen_detection"", ""pipeline_eval""]","{""action_match"": 0.65, ""argument_match"": 0.1, ""decision_type_valid"": 0.03, ""final_tool_finish"": 0.1, ""finish_after_tool"": 0.1, ""json_valid"": 0.02, ""no_forbidden_action"": 0.1, ""no_premature_stop"": 0.1, ""no_repeated_tool"": 0.1, ""no_skip_required_probe"": 0.1, ""strict_action_match"": true, ""strict_argument_types"": true, ""wrong_action_cap"": 0.2}",True,1.0,"[""rexomni_detection"", ""migration_advisor""]",rexomni_detection,"[{""_planner_metrics"": {""api_call_ms"": 6981.891, ""first_api_call_ms"": 6981.891, ""first_finish_reason"": ""stop"", ""first_input_tokens"": 4028, ""first_output_tokens"": 52, ""first_total_tokens"": 4080, ""input_tokens"": 4028, ""output_tokens"": 52, ""parse_ms"": 0.115, ""planner_total_ms"": 6997.039, ""prompt_build_ms"": 0.374, ""retry_count"": 0, ""retry_reason"": """", ""total_tokens"": 4080}, ""action"": ""rexomni_detection"", ""action_input"": {""finish_after_tool"": false, ""label"": ""冰青三辐锁紧轮""}, ""clarification_question"": """", ""decision_type"": ""tool"", ""end_reason"": """", ""final_answer"": """", ""thought"": ""先执行用户指定的检测器以取得当前结构化状态。""}, {""_planner_metrics"": {""api_call_ms"": 9334.549, ""first_api_call_ms"": 9334.549, ""first_finish_reason"": ""stop"", ""first_input_tokens"": 4329, ""first_output_tokens"": 72, ""first_total_tokens"": 4401, ""input_tokens"": 4329, ""output_tokens"": 72, ""parse_ms"": 0.124, ""planner_total_ms"": 9348.949, ""prompt_build_ms"": 0.467, ""retry_count"": 0, ""retry_reason"": """", ""total_tokens"": 4401}, ""action"": ""migration_advisor"", ""action_input"": {""finish_after_tool"": true, ""use_image"": true, ""use_visual_probe"": true, ""user_query"": ""深水码头输油站重试边界复审2398号""}, ""clarification_question"": """", ""decision_type"": ""tool"", ""end_reason"": """", ""final_answer"": """", ""thought"": ""最新状态未满足结束或重试条件，需要进入能力迁移评估。""}]",,6997.039,6981.891,4028,52,1,1,True,False
PROMV12-TA-004-QWEN-CS2,current_success_step2,迁移队列已经建立，请先裁决最新机器状态：先使用Qwen检测附件中的冰青三辐锁紧轮，检测结果仅作为中间状态。最终需要判断类器官灌流培养台异常路径终验2905号应继续现有能力、结束，还是进入迁移评估。自然语言里的故障等级和预算描述没有路由优先级，只读取本 query 最新 observation 的结构化键值。错误状态仅在 retryable=true 与 retry_count=0 同时成立时复用原检测器一次，否则调用迁移顾问。正常状态需要候选数、置信度、跨提示一致性和域偏移四个门槛全部通过才结束，任一否决项都转迁移。缺省、非法、冲突状态采取保守分支；已经重试一次的结果不能再次触发检测器。检测器必须设置 finish_after_tool=false；迁移顾问使用当前图片和视觉探针并设置 finish_after_tool=true。,True,examples/images/planner_retry_optimizer_matched_v12/icecyan_three_spoke_lockwheel.png,"[{""action"": ""qwen_detection"", ""arg_contains"": {""label"": [""冰青三辐锁紧轮""]}, ""decision_type"": ""tool"", ""required_args"": {""finish_after_tool"": false}}, {""arg_contains"": {}, ""decision_type"": ""end"", ""required_args"": {""end_reason"": ""memory_hit""}}]","[""rag_answer"", ""re_question"", ""answerer"", ""flux-image-generation"", ""rexomni_detection"", ""pipeline_eval"", ""migration_advisor""]","{""action_match"": 0.65, ""argument_match"": 0.1, ""decision_type_valid"": 0.03, ""final_tool_finish"": 0.1, ""finish_after_tool"": 0.1, ""json_valid"": 0.02, ""no_forbidden_action"": 0.1, ""no_premature_stop"": 0.1, ""no_repeated_tool"": 0.1, ""no_skip_required_probe"": 0.1, ""strict_action_match"": true, ""strict_argument_types"": true, ""wrong_action_cap"": 0.2}",True,1.0,"[""qwen_detection"", ""final_answer""]",qwen_detection,"[{""_planner_metrics"": {""api_call_ms"": 6868.208, ""first_api_call_ms"": 6868.208, ""first_finish_reason"": ""stop"", ""first_input_tokens"": 4025, ""first_output_tokens"": 51, ""first_total_tokens"": 4076, ""input_tokens"": 4025, ""output_tokens"": 51, ""parse_ms"": 0.115, ""planner_total_ms"": 6881.602, ""prompt_build_ms"": 0.494, ""retry_count"": 0, ""retry_reason"": """", ""total_tokens"": 4076}, ""action"": ""qwen_detection"", ""action_input"": {""finish_after_tool"": false, ""label"": ""冰青三辐锁紧轮""}, ""clarification_question"": """", ""decision_type"": ""tool"", ""end_reason"": """", ""final_answer"": """", ""thought"": ""先执行用户指定的检测器以取得当前结构化状态。""}, {""_planner_metrics"": {""api_call_ms"": 5173.458, ""first_api_call_ms"": 5173.458, ""first_finish_reason"": ""stop"", ""first_input_tokens"": 4330, ""first_output_tokens"": 34, ""first_total_tokens"": 4364, ""input_tokens"": 4330, ""output_tokens"": 34, ""parse_ms"": 0.104, ""planner_total_ms"": 5187.714, ""prompt_build_ms"": 0.414, ""retry_count"": 0, ""retry_reason"": """", ""total_tokens"": 4364}, ""action"": ""final_answer"", ""action_input"": {}, ""clarification_question"": """", ""decision_type"": ""end"", ""end_reason"": ""memory_hit"", ""final_answer"": """", ""thought"": ""最新结构化状态已满足全部硬门槛，可以结束本轮规划。""}]",,6881.602,6868.208,4025,51,1,1,True,False
PROMV12-TA-002-REX-CS2,current_success_step2,迁移队列已经建立，请先裁决最新机器状态：先使用Rex-Omni检测附件中的焦糖十字分流块，检测结果仅作为中间状态。最终需要判断火星车悬架试验间重试边界复审7063号应继续现有能力、结束，还是进入迁移评估。自然语言里的故障等级和预算描述没有路由优先级，只读取本 query 最新 observation 的结构化键值。错误状态仅在 retryable=true 与 retry_count=0 同时成立时复用原检测器一次，否则调用迁移顾问。正常状态需要候选数、置信度、跨提示一致性和域偏移四个门槛全部通过才结束，任一否决项都转迁移。缺省、非法、冲突状态采取保守分支；已经重试一次的结果不能再次触发检测器。检测器必须设置 finish_after_tool=false；迁移顾问使用当前图片和视觉探针并设置 finish_after_tool=true。,True,examples/images/planner_retry_optimizer_matched_v12/caramel_cross_diverter.png,"[{""action"": ""rexomni_detection"", ""arg_contains"": {""label"": [""焦糖十字分流块""]}, ""decision_type"": ""tool"", ""required_args"": {""finish_after_tool"": false}}, {""arg_contains"": {}, ""decision_type"": ""end"", ""required_args"": {""end_reason"": ""memory_hit""}}]","[""rag_answer"", ""re_question"", ""answerer"", ""flux-image-generation"", ""qwen_detection"", ""pipeline_eval"", ""migration_advisor""]","{""action_match"": 0.65, ""argument_match"": 0.1, ""decision_type_valid"": 0.03, ""final_tool_finish"": 0.1, ""finish_after_tool"": 0.1, ""json_valid"": 0.02, ""no_forbidden_action"": 0.1, ""no_premature_stop"": 0.1, ""no_repeated_tool"": 0.1, ""no_skip_required_probe"": 0.1, ""strict_action_match"": true, ""strict_argument_types"": true, ""wrong_action_cap"": 0.2}",True,1.0,"[""rexomni_detection"", ""final_answer""]",rexomni_detection,"[{""_planner_metrics"": {""api_call_ms"": 6670.936, ""first_api_call_ms"": 6670.936, ""first_finish_reason"": ""stop"", ""first_input_tokens"": 4020, ""first_output_tokens"": 49, ""first_total_tokens"": 4069, ""input_tokens"": 4020, ""output_tokens"": 49, ""parse_ms"": 0.113, ""planner_total_ms"": 6684.489, ""prompt_build_ms"": 0.375, ""retry_count"": 0, ""retry_reason"": """", ""total_tokens"": 4069}, ""action"": ""rexomni_detection"", ""action_input"": {""finish_after_tool"": false, ""label"": ""焦糖十字分流块""}, ""clarification_question"": """", ""decision_type"": ""tool"", ""end_reason"": """", ""final_answer"": """", ""thought"": ""先执行用户指定的检测器以取得当前结构化状态。""}, {""_planner_metrics"": {""api_call_ms"": 5209.392, ""first_api_call_ms"": 5209.392, ""first_finish_reason"": ""stop"", ""first_input_tokens"": 4325, ""first_output_tokens"": 34, ""first_total_tokens"": 4359, ""input_tokens"": 4325, ""output_tokens"": 34, ""parse_ms"": 0.137, ""planner_total_ms"": 5224.457, ""prompt_build_ms"": 0.467, ""retry_count"": 0, ""retry_reason"": """", ""total_tokens"": 4359}, ""action"": ""final_answer"", ""action_input"": {}, ""clarification_question"": """", ""decision_type"": ""end"", ""end_reason"": ""memory_hit"", ""final_answer"": """", ""thought"": ""最新结构化状态已满足全部硬规则，可以进入能力裁决。""}]",,6684.489,6670.936,4020,49,1,1,True,False
PROMV12-TA-007-REX-PS3,post_retry_success_step3,旧故障结论不得覆盖最后一条结构化回执：先使用Rex-Omni检测附件中的焦糖十字分流块，检测结果仅作为中间状态。最终需要判断类器官灌流培养台稳定状态会签3047号应继续现有能力、结束，还是进入迁移评估。自然语言里的故障等级和预算描述没有路由优先级，只读取本 query 最新 observation 的结构化键值。错误状态仅在 retryable=true 与 retry_count=0 同时成立时复用原检测器一次，否则调用迁移顾问。正常状态需要候选数、置信度、跨提示一致性和域偏移四个门槛全部通过才结束，任一否决项都转迁移。缺省、非法、冲突状态采取保守分支；已经重试一次的结果不能再次触发检测器。检测器必须设置 finish_after_tool=false；迁移顾问使用当前图片和视觉探针并设置 finish_after_tool=true。,True,examples/images/planner_retry_optimizer_matched_v12/caramel_cross_diverter.png,"[{""action"": ""rexomni_detection"", ""arg_contains"": {""label"": [""焦糖十字分流块""]}, ""decision_type"": ""tool"", ""required_args"": {""finish_after_tool"": false}}, {""action"": ""rexomni_detection"", ""arg_contains"": {""label"": [""焦糖十字分流块""]}, ""decision_type"": ""tool"", ""required_args"": {""finish_after_tool"": false}}, {""arg_contains"": {}, ""decision_type"": ""end"", ""required_args"": {""end_reason"": ""memory_hit""}}]","[""rag_answer"", ""re_question"", ""answerer"", ""flux-image-generation"", ""qwen_detection"", ""pipeline_eval"", ""migration_advisor""]","{""action_match"": 0.65, ""argument_match"": 0.1, ""decision_type_valid"": 0.03, ""final_tool_finish"": 0.1, ""finish_after_tool"": 0.1, ""json_valid"": 0.02, ""no_forbidden_action"": 0.1, ""no_premature_stop"": 0.1, ""no_repeated_tool"": 0.1, ""no_skip_required_probe"": 0.1, ""strict_action_match"": true, ""strict_argument_types"": true, ""wrong_action_cap"": 0.2}",False,0.671875,"[""rexomni_detection"", ""migration_advisor"", ""final_answer""]",rexomni_detection,"[{""_planner_metrics"": {""api_call_ms"": 6726.91, ""first_api_call_ms"": 6726.91, ""first_finish_reason"": ""stop"", ""first_input_tokens"": 4025, ""first_output_tokens"": 49, ""first_total_tokens"": 4074, ""input_tokens"": 4025, ""output_tokens"": 49, ""parse_ms"": 0.125, ""planner_total_ms"": 6741.023, ""prompt_build_ms"": 0.422, ""retry_count"": 0, ""retry_reason"": """", ""total_tokens"": 4074}, ""action"": ""rexomni_detection"", ""action_input"": {""finish_after_tool"": false, ""label"": ""焦糖十字分流块""}, ""clarification_question"": """", ""decision_type"": ""tool"", ""end_reason"": """", ""final_answer"": """", ""thought"": ""先执行用户指定的检测器以取得当前结构化状态。""}, {""_planner_metrics"": {""api_call_ms"": 9642.811, ""first_api_call_ms"": 9642.811, ""first_finish_reason"": ""stop"", ""first_input_tokens"": 4332, ""first_output_tokens"": 74, ""first_total_tokens"": 4406, ""input_tokens"": 4332, ""output_tokens"": 74, ""parse_ms"": 0.173, ""planner_total_ms"": 9657.464, ""prompt_build_ms"": 0.491, ""retry_count"": 0, ""retry_reason"": """", ""total_tokens"": 4406}, ""action"": ""migration_advisor"", ""action_input"": {""finish_after_tool"": true, ""use_image"": true, ""use_visual_probe"": true, ""user_query"": ""类器官灌流培养台稳定状态会签3047号""}, ""clarification_question"": """", ""decision_type"": ""tool"", ""end_reason"": """", ""final_answer"": """", ""thought"": ""最新状态未满足结束或重试条件，需要进入能力迁移评估。""}, {""_planner_metrics"": {""api_call_ms"": 5169.975, ""first_api_call_ms"": 5169.975, ""first_finish_reason"": ""stop"", ""first_input_tokens"": 4669, ""first_output_tokens"": 32, ""first_total_tokens"": 4701, ""input_tokens"": 4669, ""output_tokens"": 32, ""parse_ms"": 0.161, ""planner_total_ms"": 5185.67, ""prompt_build_ms"": 0.58, ""retry_count"": 0, ""retry_reason"": """", ""total_tokens"": 4701}, ""action"": ""final_answer"", ""action_input"": {}, ""clarification_question"": """", ""decision_type"": ""end"", ""end_reason"": ""memory_hit"", ""final_answer"": """", ""thought"": ""最新状态已满足结束条件，可以终止本轮规划。""}]","step2:action expected 'rexomni_detection', got 'migration_advisor' | step2:finish_after_tool expected False, got True | step2:arg 'label' expected to contain ['焦糖十字分流块'], got None | forbidden:migration_advisor",6741.023,6726.91,4025,49,0,1,False,True
PROMV12-TA-002-QWEN-PS3,post_retry_success_step3,迁移队列已经建立，请先裁决最新机器状态：先使用Qwen检测附件中的焦糖十字分流块，检测结果仅作为中间状态。最终需要判断火星车悬架试验间重试边界复审7063号应继续现有能力、结束，还是进入迁移评估。自然语言里的故障等级和预算描述没有路由优先级，只读取本 query 最新 observation 的结构化键值。错误状态仅在 retryable=true 与 retry_count=0 同时成立时复用原检测器一次，否则调用迁移顾问。正常状态需要候选数、置信度、跨提示一致性和域偏移四个门槛全部通过才结束，任一否决项都转迁移。缺省、非法、冲突状态采取保守分支；已经重试一次的结果不能再次触发检测器。检测器必须设置 finish_after_tool=false；迁移顾问使用当前图片和视觉探针并设置 finish_after_tool=true。,True,examples/images/planner_retry_optimizer_matched_v12/caramel_cross_diverter.png,"[{""action"": ""qwen_detection"", ""arg_contains"": {""label"": [""焦糖十字分流块""]}, ""decision_type"": ""tool"", ""required_args"": {""finish_after_tool"": false}}, {""action"": ""qwen_detection"", ""arg_contains"": {""label"": [""焦糖十字分流块""]}, ""decision_type"": ""tool"", ""required_args"": {""finish_after_tool"": false}}, {""arg_contains"": {}, ""decision_type"": ""end"", ""required_args"": {""end_reason"": ""memory_hit""}}]","[""rag_answer"", ""re_question"", ""answerer"", ""flux-image-generation"", ""rexomni_detection"", ""pipeline_eval"", ""migration_advisor""]","{""action_match"": 0.65, ""argument_match"": 0.1, ""decision_type_valid"": 0.03, ""final_tool_finish"": 0.1, ""finish_after_tool"": 0.1, ""json_valid"": 0.02, ""no_forbidden_action"": 0.1, ""no_premature_stop"": 0.1, ""no_repeated_tool"": 0.1, ""no_skip_required_probe"": 0.1, ""strict_action_match"": true, ""strict_argument_types"": true, ""wrong_action_cap"": 0.2}",False,0.725,"[""qwen_detection"", ""qwen_detection"", ""migration_advisor""]",qwen_detection,"[{""_planner_metrics"": {""api_call_ms"": 6604.361, ""first_api_call_ms"": 6604.361, ""first_finish_reason"": ""stop"", ""first_input_tokens"": 4017, ""first_output_tokens"": 48, ""first_total_tokens"": 4065, ""input_tokens"": 4017, ""output_tokens"": 48, ""parse_ms"": 0.142, ""planner_total_ms"": 6618.644, ""prompt_build_ms"": 0.49, ""retry_count"": 0, ""retry_reason"": """", ""total_tokens"": 4065}, ""action"": ""qwen_detection"", ""action_input"": {""finish_after_tool"": false, ""label"": ""焦糖十字分流块""}, ""clarification_question"": """", ""decision_type"": ""tool"", ""end_reason"": """", ""final_answer"": """", ""thought"": ""先执行用户指定的检测器以取得当前结构化状态。""}, {""_planner_metrics"": {""api_call_ms"": 7132.56, ""first_api_call_ms"": 7132.56, ""first_finish_reason"": ""stop"", ""first_input_tokens"": 4326, ""first_output_tokens"": 51, ""first_total_tokens"": 4377, ""input_tokens"": 4326, ""output_tokens"": 51, ""parse_ms"": 0.114, ""planner_total_ms"": 7150.115, ""prompt_build_ms"": 0.477, ""retry_count"": 0, ""retry_reason"": """", ""total_tokens"": 4377}, ""action"": ""qwen_detection"", ""action_input"": {""finish_after_tool"": false, ""label"": ""焦糖十字分流块""}, ""clarification_question"": """", ""decision_type"": ""tool"", ""end_reason"": """", ""final_answer"": """", ""thought"": ""最新状态满足错误状态重试条件，需要再次使用同一检测器。""}, {""_planner_metrics"": {""api_call_ms"": 9514.023, ""first_api_call_ms"": 9514.023, ""first_finish_reason"": ""stop"", ""first_input_tokens"": 4634, ""first_output_tokens"": 72, ""first_total_tokens"": 4706, ""input_tokens"": 4634, ""output_tokens"": 72, ""parse_ms"": 0.125, ""planner_total_ms"": 9529.445, ""prompt_build_ms"": 0.546, ""retry_count"": 0, ""retry_reason"": """", ""total_tokens"": 4706}, ""action"": ""migration_advisor"", ""action_input"": {""finish_after_tool"": true, ""use_image"": true, ""use_visual_probe"": true, ""user_query"": ""火星车悬架试验间重试边界复审7063号""}, ""clarification_question"": """", ""decision_type"": ""tool"", ""end_reason"": """", ""final_answer"": """", ""thought"": ""最新状态未满足结束或重试条件，需要进入能力迁移评估。""}]","step3:decision_type expected 'end', got 'tool' | step3:action expected 'end', got 'migration_advisor' | step3:arg 'end_reason' expected 'memory_hit', got '' | forbidden:migration_advisor",6618.644,6604.361,4017,48,0,1,False,True
PROMV12-TA-003-QWEN-MS2,missing_required_state_step2,旧故障结论不得覆盖最后一条结构化回执：先使用Qwen检测附件中的冰青三辐锁紧轮，检测结果仅作为中间状态。最终需要判断深水码头输油站重试边界复审2398号应继续现有能力、结束，还是进入迁移评估。自然语言里的故障等级和预算描述没有路由优先级，只读取本 query 最新 observation 的结构化键值。错误状态仅在 retryable=true 与 retry_count=0 同时成立时复用原检测器一次，否则调用迁移顾问。正常状态需要候选数、置信度、跨提示一致性和域偏移四个门槛全部通过才结束，任一否决项都转迁移。缺省、非法、冲突状态采取保守分支；已经重试一次的结果不能再次触发检测器。检测器必须设置 finish_after_tool=false；迁移顾问使用当前图片和视觉探针并设置 finish_after_tool=true。,True,examples/images/planner_retry_optimizer_matched_v12/icecyan_three_spoke_lockwheel.png,"[{""action"": ""qwen_detection"", ""arg_contains"": {""label"": [""冰青三辐锁紧轮""]}, ""decision_type"": ""tool"", ""required_args"": {""finish_after_tool"": false}}, {""action"": ""migration_advisor"", ""arg_contains"": {""user_query"": [""深水码头输油站重试边界复审2398号""]}, ""decision_type"": ""tool"", ""required_args"": {""finish_after_tool"": true, ""use_image"": true, ""use_visual_probe"": true}}]","[""rag_answer"", ""re_question"", ""answerer"", ""flux-image-generation"", ""rexomni_detection"", ""pipeline_eval""]","{""action_match"": 0.65, ""argument_match"": 0.1, ""decision_type_valid"": 0.03, ""final_tool_finish"": 0.1, ""finish_after_tool"": 0.1, ""json_valid"": 0.02, ""no_forbidden_action"": 0.1, ""no_premature_stop"": 0.1, ""no_repeated_tool"": 0.1, ""no_skip_required_probe"": 0.1, ""strict_action_match"": true, ""strict_argument_types"": true, ""wrong_action_cap"": 0.2}",True,1.0,"[""qwen_detection"", ""migration_advisor""]",qwen_detection,"[{""_planner_metrics"": {""api_call_ms"": 6917.493, ""first_api_call_ms"": 6917.493, ""first_finish_reason"": ""stop"", ""first_input_tokens"": 4022, ""first_output_tokens"": 51, ""first_total_tokens"": 4073, ""input_tokens"": 4022, ""output_tokens"": 51, ""parse_ms"": 0.128, ""planner_total_ms"": 6931.981, ""prompt_build_ms"": 0.424, ""retry_count"": 0, ""retry_reason"": """", ""total_tokens"": 4073}, ""action"": ""qwen_detection"", ""action_input"": {""finish_after_tool"": false, ""label"": ""冰青三辐锁紧轮""}, ""clarification_question"": """", ""decision_type"": ""tool"", ""end_reason"": """", ""final_answer"": """", ""thought"": ""先执行用户指定的检测器以取得当前结构化状态。""}, {""_planner_metrics"": {""api_call_ms"": 9373.273, ""first_api_call_ms"": 9373.273, ""first_finish_reason"": ""stop"", ""first_input_tokens"": 4319, ""first_output_tokens"": 72, ""first_total_tokens"": 4391, ""input_tokens"": 4319, ""output_tokens"": 72, ""parse_ms"": 0.127, ""planner_total_ms"": 9387.826, ""prompt_build_ms"": 0.503, ""retry_count"": 0, ""retry_reason"": """", ""total_tokens"": 4391}, ""action"": ""migration_advisor"", ""action_input"": {""finish_after_tool"": true, ""use_image"": true, ""use_visual_probe"": true, ""user_query"": ""深水码头输油站重试边界复审2398号""}, ""clarification_question"": """", ""decision_type"": ""tool"", ""end_reason"": """", ""final_answer"": """", ""thought"": ""最新状态未满足结束或重试条件，需要进入能力迁移评估。""}]",,6931.981,6917.493,4022,51,1,1,True,False
PROMV12-TA-010-REX-PE3,post_retry_error_step3,完成本轮异常探针的最终路由：先使用Rex-Omni检测附件中的焦糖十字分流块，检测结果仅作为中间状态。最终需要判断非晶合金铸造炉重试边界复审8156号应继续现有能力、结束，还是进入迁移评估。自然语言里的故障等级和预算描述没有路由优先级，只读取本 query 最新 observation 的结构化键值。错误状态仅在 retryable=true 与 retry_count=0 同时成立时复用原检测器一次，否则调用迁移顾问。正常状态需要候选数、置信度、跨提示一致性和域偏移四个门槛全部通过才结束，任一否决项都转迁移。缺省、非法、冲突状态采取保守分支；已经重试一次的结果不能再次触发检测器。检测器必须设置 finish_after_tool=false；迁移顾问使用当前图片和视觉探针并设置 finish_after_tool=true。,True,examples/images/planner_retry_optimizer_matched_v12/caramel_cross_diverter.png,"[{""action"": ""rexomni_detection"", ""arg_contains"": {""label"": [""焦糖十字分流块""]}, ""decision_type"": ""tool"", ""required_args"": {""finish_after_tool"": false}}, {""action"": ""rexomni_detection"", ""arg_contains"": {""label"": [""焦糖十字分流块""]}, ""decision_type"": ""tool"", ""required_args"": {""finish_after_tool"": false}}, {""action"": ""migration_advisor"", ""arg_contains"": {""user_query"": [""非晶合金铸造炉重试边界复审8156号""]}, ""decision_type"": ""tool"", ""required_args"": {""finish_after_tool"": true, ""use_image"": true, ""use_visual_probe"": true}}]","[""rag_answer"", ""re_question"", ""answerer"", ""flux-image-generation"", ""qwen_detection"", ""pipeline_eval""]","{""action_match"": 0.65, ""argument_match"": 0.1, ""decision_type_valid"": 0.03, ""final_tool_finish"": 0.1, ""finish_after_tool"": 0.1, ""json_valid"": 0.02, ""no_forbidden_action"": 0.1, ""no_premature_stop"": 0.1, ""no_repeated_tool"": 0.1, ""no_skip_required_probe"": 0.1, ""strict_action_match"": true, ""strict_argument_types"": true, ""wrong_action_cap"": 0.2}",False,0.734375,"[""rexomni_detection"", ""rexomni_detection"", ""rexomni_detection""]",rexomni_detection,"[{""_planner_metrics"": {""api_call_ms"": 6715.086, ""first_api_call_ms"": 6715.086, ""first_finish_reason"": ""stop"", ""first_input_tokens"": 4015, ""first_output_tokens"": 49, ""first_total_tokens"": 4064, ""input_tokens"": 4015, ""output_tokens"": 49, ""parse_ms"": 0.12, ""planner_total_ms"": 6728.778, ""prompt_build_ms"": 0.44, ""retry_count"": 0, ""retry_reason"": """", ""total_tokens"": 4064}, ""action"": ""rexomni_detection"", ""action_input"": {""finish_after_tool"": false, ""label"": ""焦糖十字分流块""}, ""clarification_question"": """", ""decision_type"": ""tool"", ""end_reason"": """", ""final_answer"": """", ""thought"": ""先执行用户指定的检测器以取得当前结构化状态。""}, {""_planner_metrics"": {""api_call_ms"": 7315.306, ""first_api_call_ms"": 7315.306, ""first_finish_reason"": ""stop"", ""first_input_tokens"": 4319, ""first_output_tokens"": 53, ""first_total_tokens"": 4372, ""input_tokens"": 4319, ""output_tokens"": 53, ""parse_ms"": 0.113, ""planner_total_ms"": 7330.066, ""prompt_build_ms"": 0.514, ""retry_count"": 0, ""retry_reason"": """", ""total_tokens"": 4372}, ""action"": ""rexomni_detection"", ""action_input"": {""finish_after_tool"": false, ""label"": ""焦糖十字分流块""}, ""clarification_question"": """", ""decision_type"": ""tool"", ""end_reason"": """", ""final_answer"": """", ""thought"": ""最新状态满足错误状态的重试条件，需要再次使用同一检测器。""}, {""_planner_metrics"": {""api_call_ms"": 7474.735, ""first_api_call_ms"": 7474.735, ""first_finish_reason"": ""stop"", ""first_input_tokens"": 4623, ""first_output_tokens"": 53, ""first_total_tokens"": 4676, ""input_tokens"": 4623, ""output_tokens"": 53, ""parse_ms"": 0.12, ""planner_total_ms"": 7489.784, ""prompt_build_ms"": 0.49, ""retry_count"": 0, ""retry_reason"": """", ""total_tokens"": 4676}, ""action"": ""rexomni_detection"", ""action_input"": {""finish_after_tool"": false, ""label"": ""焦糖十字分流块""}, ""clarification_question"": """", ""decision_type"": ""tool"", ""end_reason"": """", ""final_answer"": """", ""thought"": ""最新状态满足错误状态的重试条件，需要再次使用同一检测器。""}]","step3:action expected 'migration_advisor', got 'rexomni_detection' | step3:finish_after_tool expected True, got False | step3:arg 'use_image' expected True, got None | step3:arg 'use_visual_probe' expected True, got None | step3:arg 'user_query' expected to contain ['非晶合金铸造炉重试边界复审8156号'], got None",6728.778,6715.086,4015,49,0,1,False,True
PROMV12-TA-005-QWEN-FR2,fresh_retry_step2,设备失联只是背景，仍须核对当前显式额度：先使用Qwen检测附件中的冰青三辐锁紧轮，检测结果仅作为中间状态。最终需要判断类器官灌流培养台重试边界复审5611号应继续现有能力、结束，还是进入迁移评估。自然语言里的故障等级和预算描述没有路由优先级，只读取本 query 最新 observation 的结构化键值。错误状态仅在 retryable=true 与 retry_count=0 同时成立时复用原检测器一次，否则调用迁移顾问。正常状态需要候选数、置信度、跨提示一致性和域偏移四个门槛全部通过才结束，任一否决项都转迁移。缺省、非法、冲突状态采取保守分支；已经重试一次的结果不能再次触发检测器。检测器必须设置 finish_after_tool=false；迁移顾问使用当前图片和视觉探针并设置 finish_after_tool=true。,True,examples/images/planner_retry_optimizer_matched_v12/icecyan_three_spoke_lockwheel.png,"[{""action"": ""qwen_detection"", ""arg_contains"": {""label"": [""冰青三辐锁紧轮""]}, ""decision_type"": ""tool"", ""required_args"": {""finish_after_tool"": false}}, {""action"": ""qwen_detection"", ""arg_contains"": {""label"": [""冰青三辐锁紧轮""]}, ""decision_type"": ""tool"", ""required_args"": {""finish_after_tool"": false}}, {""arg_contains"": {}, ""decision_type"": ""end"", ""required_args"": {""end_reason"": ""memory_hit""}}]","[""rag_answer"", ""re_question"", ""answerer"", ""flux-image-generation"", ""rexomni_detection"", ""pipeline_eval"", ""migration_advisor""]","{""action_match"": 0.65, ""argument_match"": 0.1, ""decision_type_valid"": 0.03, ""final_tool_finish"": 0.1, ""finish_after_tool"": 0.1, ""json_valid"": 0.02, ""no_forbidden_action"": 0.1, ""no_premature_stop"": 0.1, ""no_repeated_tool"": 0.1, ""no_skip_required_probe"": 0.1, ""strict_action_match"": true, ""strict_argument_types"": true, ""wrong_action_cap"": 0.2}",False,0.725,"[""qwen_detection"", ""qwen_detection"", ""migration_advisor""]",qwen_detection,"[{""_planner_metrics"": {""api_call_ms"": 6942.998, ""first_api_call_ms"": 6942.998, ""first_finish_reason"": ""stop"", ""first_input_tokens"": 4030, ""first_output_tokens"": 51, ""first_total_tokens"": 4081, ""input_tokens"": 4030, ""output_tokens"": 51, ""parse_ms"": 0.147, ""planner_total_ms"": 6957.009, ""prompt_build_ms"": 0.43, ""retry_count"": 0, ""retry_reason"": """", ""total_tokens"": 4081}, ""action"": ""qwen_detection"", ""action_input"": {""finish_after_tool"": false, ""label"": ""冰青三辐锁紧轮""}, ""clarification_question"": """", ""decision_type"": ""tool"", ""end_reason"": """", ""final_answer"": """", ""thought"": ""先执行用户指定的检测器以取得当前结构化状态。""}, {""_planner_metrics"": {""api_call_ms"": 7660.087, ""first_api_call_ms"": 7660.087, ""first_finish_reason"": ""stop"", ""first_input_tokens"": 4340, ""first_output_tokens"": 55, ""first_total_tokens"": 4395, ""input_tokens"": 4340, ""output_tokens"": 55, ""parse_ms"": 0.183, ""planner_total_ms"": 7675.076, ""prompt_build_ms"": 0.506, ""retry_count"": 0, ""retry_reason"": """", ""total_tokens"": 4395}, ""action"": ""qwen_detection"", ""action_input"": {""finish_after_tool"": false, ""label"": ""冰青三辐锁紧轮""}, ""clarification_question"": """", ""decision_type"": ""tool"", ""end_reason"": """", ""final_answer"": """", ""thought"": ""最新状态满足错误状态的重试条件，需要再次使用同一检测器。""}, {""_planner_metrics"": {""api_call_ms"": 9745.825, ""first_api_call_ms"": 9745.825, ""first_finish_reason"": ""stop"", ""first_input_tokens"": 4648, ""first_output_tokens"": 73, ""first_total_tokens"": 4721, ""input_tokens"": 4648, ""output_tokens"": 73, ""parse_ms"": 0.145, ""planner_total_ms"": 9763.886, ""prompt_build_ms"": 0.634, ""retry_count"": 0, ""retry_reason"": """", ""total_tokens"": 4721}, ""action"": ""migration_advisor"", ""action_input"": {""finish_after_tool"": true, ""use_image"": true, ""use_visual_probe"": true, ""user_query"": ""类器官灌流培养台重试边界复审5611号""}, ""clarification_question"": """", ""decision_type"": ""tool"", ""end_reason"": """", ""final_answer"": """", ""thought"": ""最新状态未满足结束或重试条件，需要进入能力迁移评估。""}]","step3:decision_type expected 'end', got 'tool' | step3:action expected 'end', got 'migration_advisor' | step3:arg 'end_reason' expected 'memory_hit', got '' | forbidden:migration_advisor",6957.009,6942.998,4030,51,0,1,False,True
PROMV12-TA-011-REX-PS3,post_retry_success_step3,迁移队列已经建立，请先裁决最新机器状态：先使用Rex-Omni检测附件中的焦糖十字分流块，检测结果仅作为中间状态。最终需要判断非晶合金铸造炉稳定状态会签6874号应继续现有能力、结束，还是进入迁移评估。自然语言里的故障等级和预算描述没有路由优先级，只读取本 query 最新 observation 的结构化键值。错误状态仅在 retryable=true 与 retry_count=0 同时成立时复用原检测器一次，否则调用迁移顾问。正常状态需要候选数、置信度、跨提示一致性和域偏移四个门槛全部通过才结束，任一否决项都转迁移。缺省、非法、冲突状态采取保守分支；已经重试一次的结果不能再次触发检测器。检测器必须设置 finish_after_tool=false；迁移顾问使用当前图片和视觉探针并设置 finish_after_tool=true。,True,examples/images/planner_retry_optimizer_matched_v12/caramel_cross_diverter.png,"[{""action"": ""rexomni_detection"", ""arg_contains"": {""label"": [""焦糖十字分流块""]}, ""decision_type"": ""tool"", ""required_args"": {""finish_after_tool"": false}}, {""action"": ""rexomni_detection"", ""arg_contains"": {""label"": [""焦糖十字分流块""]}, ""decision_type"": ""tool"", ""required_args"": {""finish_after_tool"": false}}, {""arg_contains"": {}, ""decision_type"": ""end"", ""required_args"": {""end_reason"": ""memory_hit""}}]","[""rag_answer"", ""re_question"", ""answerer"", ""flux-image-generation"", ""qwen_detection"", ""pipeline_eval"", ""migration_advisor""]","{""action_match"": 0.65, ""argument_match"": 0.1, ""decision_type_valid"": 0.03, ""final_tool_finish"": 0.1, ""finish_after_tool"": 0.1, ""json_valid"": 0.02, ""no_forbidden_action"": 0.1, ""no_premature_stop"": 0.1, ""no_repeated_tool"": 0.1, ""no_skip_required_probe"": 0.1, ""strict_action_match"": true, ""strict_argument_types"": true, ""wrong_action_cap"": 0.2}",False,0.725,"[""rexomni_detection"", ""rexomni_detection"", ""migration_advisor""]",rexomni_detection,"[{""_planner_metrics"": {""api_call_ms"": 6543.067, ""first_api_call_ms"": 6543.067, ""first_finish_reason"": ""stop"", ""first_input_tokens"": 4025, ""first_output_tokens"": 49, ""first_total_tokens"": 4074, ""input_tokens"": 4025, ""output_tokens"": 49, ""parse_ms"": 0.125, ""planner_total_ms"": 6559.702, ""prompt_build_ms"": 0.445, ""retry_count"": 0, ""retry_reason"": """", ""total_tokens"": 4074}, ""action"": ""rexomni_detection"", ""action_input"": {""finish_after_tool"": false, ""label"": ""焦糖十字分流块""}, ""clarification_question"": """", ""decision_type"": ""tool"", ""end_reason"": """", ""final_answer"": """", ""thought"": ""先执行用户指定的检测器以取得当前结构化状态。""}, {""_planner_metrics"": {""api_call_ms"": 7091.679, ""first_api_call_ms"": 7091.679, ""first_finish_reason"": ""stop"", ""first_input_tokens"": 4326, ""first_output_tokens"": 52, ""first_total_tokens"": 4378, ""input_tokens"": 4326, ""output_tokens"": 52, ""parse_ms"": 0.132, ""planner_total_ms"": 7106.968, ""prompt_build_ms"": 0.461, ""retry_count"": 0, ""retry_reason"": """", ""total_tokens"": 4378}, ""action"": ""rexomni_detection"", ""action_input"": {""finish_after_tool"": false, ""label"": ""焦糖十字分流块""}, ""clarification_question"": """", ""decision_type"": ""tool"", ""end_reason"": """", ""final_answer"": """", ""thought"": ""最新状态满足错误状态重试条件，需要再次使用同一检测器。""}, {""_planner_metrics"": {""api_call_ms"": 9405.038, ""first_api_call_ms"": 9405.038, ""first_finish_reason"": ""stop"", ""first_input_tokens"": 4629, ""first_output_tokens"": 73, ""first_total_tokens"": 4702, ""input_tokens"": 4629, ""output_tokens"": 73, ""parse_ms"": 0.128, ""planner_total_ms"": 9420.656, ""prompt_build_ms"": 0.515, ""retry_count"": 0, ""retry_reason"": """", ""total_tokens"": 4702}, ""action"": ""migration_advisor"", ""action_input"": {""finish_after_tool"": true, ""use_image"": true, ""use_visual_probe"": true, ""user_query"": ""非晶合金铸造炉稳定状态会签6874号""}, ""clarification_question"": """", ""decision_type"": ""tool"", ""end_reason"": """", ""final_answer"": """", ""thought"": ""最新状态未满足结束或迁移条件，需要继续按规则处理。""}]","step3:decision_type expected 'end', got 'tool' | step3:action expected 'end', got 'migration_advisor' | step3:arg 'end_reason' expected 'memory_hit', got '' | forbidden:migration_advisor",6559.702,6543.067,4025,49,0,1,False,True
PROMV12-TA-008-REX-CF2,conflicting_state_step2,完成本轮异常探针的最终路由：先使用Rex-Omni检测附件中的焦糖十字分流块，检测结果仅作为中间状态。最终需要判断非晶合金铸造炉异常路径终验9752号应继续现有能力、结束，还是进入迁移评估。自然语言里的故障等级和预算描述没有路由优先级，只读取本 query 最新 observation 的结构化键值。错误状态仅在 retryable=true 与 retry_count=0 同时成立时复用原检测器一次，否则调用迁移顾问。正常状态需要候选数、置信度、跨提示一致性和域偏移四个门槛全部通过才结束，任一否决项都转迁移。缺省、非法、冲突状态采取保守分支；已经重试一次的结果不能再次触发检测器。检测器必须设置 finish_after_tool=false；迁移顾问使用当前图片和视觉探针并设置 finish_after_tool=true。,True,examples/images/planner_retry_optimizer_matched_v12/caramel_cross_diverter.png,"[{""action"": ""rexomni_detection"", ""arg_contains"": {""label"": [""焦糖十字分流块""]}, ""decision_type"": ""tool"", ""required_args"": {""finish_after_tool"": false}}, {""action"": ""migration_advisor"", ""arg_contains"": {""user_query"": [""非晶合金铸造炉异常路径终验9752号""]}, ""decision_type"": ""tool"", ""required_args"": {""finish_after_tool"": true, ""use_image"": true, ""use_visual_probe"": true}}]","[""rag_answer"", ""re_question"", ""answerer"", ""flux-image-generation"", ""qwen_detection"", ""pipeline_eval""]","{""action_match"": 0.65, ""argument_match"": 0.1, ""decision_type_valid"": 0.03, ""final_tool_finish"": 0.1, ""finish_after_tool"": 0.1, ""json_valid"": 0.02, ""no_forbidden_action"": 0.1, ""no_premature_stop"": 0.1, ""no_repeated_tool"": 0.1, ""no_skip_required_probe"": 0.1, ""strict_action_match"": true, ""strict_argument_types"": true, ""wrong_action_cap"": 0.2}",False,0.586957,"[""rexomni_detection"", ""rexomni_detection""]",rexomni_detection,"[{""_planner_metrics"": {""api_call_ms"": 6503.101, ""first_api_call_ms"": 6503.101, ""first_finish_reason"": ""stop"", ""first_input_tokens"": 4017, ""first_output_tokens"": 49, ""first_total_tokens"": 4066, ""input_tokens"": 4017, ""output_tokens"": 49, ""parse_ms"": 0.113, ""planner_total_ms"": 6516.014, ""prompt_build_ms"": 0.416, ""retry_count"": 0, ""retry_reason"": """", ""total_tokens"": 4066}, ""action"": ""rexomni_detection"", ""action_input"": {""finish_after_tool"": false, ""label"": ""焦糖十字分流块""}, ""clarification_question"": """", ""decision_type"": ""tool"", ""end_reason"": """", ""final_answer"": """", ""thought"": ""先执行用户指定的检测器以取得当前结构化状态。""}, {""_planner_metrics"": {""api_call_ms"": 6920.723, ""first_api_call_ms"": 6920.723, ""first_finish_reason"": ""stop"", ""first_input_tokens"": 4318, ""first_output_tokens"": 52, ""first_total_tokens"": 4370, ""input_tokens"": 4318, ""output_tokens"": 52, ""parse_ms"": 0.124, ""planner_total_ms"": 6934.583, ""prompt_build_ms"": 0.449, ""retry_count"": 0, ""retry_reason"": """", ""total_tokens"": 4370}, ""action"": ""rexomni_detection"", ""action_input"": {""finish_after_tool"": false, ""label"": ""焦糖十字分流块""}, ""clarification_question"": """", ""decision_type"": ""tool"", ""end_reason"": """", ""final_answer"": """", ""thought"": ""最新状态满足错误状态的重试条件，需要复用原检测器。""}]","step2:action expected 'migration_advisor', got 'rexomni_detection' | step2:finish_after_tool expected True, got False | step2:arg 'use_image' expected True, got None | step2:arg 'use_visual_probe' expected True, got None | step2:arg 'user_query' expected to contain ['非晶合金铸造炉异常路径终验9752号'], got None",6516.014,6503.101,4017,49,0,1,False,True
PROMV12-TA-010-REX-CS2,current_success_step2,完成本轮异常探针的最终路由：先使用Rex-Omni检测附件中的焦糖十字分流块，检测结果仅作为中间状态。最终需要判断非晶合金铸造炉重试边界复审8156号应继续现有能力、结束，还是进入迁移评估。自然语言里的故障等级和预算描述没有路由优先级，只读取本 query 最新 observation 的结构化键值。错误状态仅在 retryable=true 与 retry_count=0 同时成立时复用原检测器一次，否则调用迁移顾问。正常状态需要候选数、置信度、跨提示一致性和域偏移四个门槛全部通过才结束，任一否决项都转迁移。缺省、非法、冲突状态采取保守分支；已经重试一次的结果不能再次触发检测器。检测器必须设置 finish_after_tool=false；迁移顾问使用当前图片和视觉探针并设置 finish_after_tool=true。,True,examples/images/planner_retry_optimizer_matched_v12/caramel_cross_diverter.png,"[{""action"": ""rexomni_detection"", ""arg_contains"": {""label"": [""焦糖十字分流块""]}, ""decision_type"": ""tool"", ""required_args"": {""finish_after_tool"": false}}, {""arg_contains"": {}, ""decision_type"": ""end"", ""required_args"": {""end_reason"": ""memory_hit""}}]","[""rag_answer"", ""re_question"", ""answerer"", ""flux-image-generation"", ""qwen_detection"", ""pipeline_eval"", ""migration_advisor""]","{""action_match"": 0.65, ""argument_match"": 0.1, ""decision_type_valid"": 0.03, ""final_tool_finish"": 0.1, ""finish_after_tool"": 0.1, ""json_valid"": 0.02, ""no_forbidden_action"": 0.1, ""no_premature_stop"": 0.1, ""no_repeated_tool"": 0.1, ""no_skip_required_probe"": 0.1, ""strict_action_match"": true, ""strict_argument_types"": true, ""wrong_action_cap"": 0.2}",True,1.0,"[""rexomni_detection"", ""final_answer""]",rexomni_detection,"[{""_planner_metrics"": {""api_call_ms"": 6450.247, ""first_api_call_ms"": 6450.247, ""first_finish_reason"": ""stop"", ""first_input_tokens"": 4012, ""first_output_tokens"": 49, ""first_total_tokens"": 4061, ""input_tokens"": 4012, ""output_tokens"": 49, ""parse_ms"": 0.115, ""planner_total_ms"": 6463.661, ""prompt_build_ms"": 0.465, ""retry_count"": 0, ""retry_reason"": """", ""total_tokens"": 4061}, ""action"": ""rexomni_detection"", ""action_input"": {""finish_after_tool"": false, ""label"": ""焦糖十字分流块""}, ""clarification_question"": """", ""decision_type"": ""tool"", ""end_reason"": """", ""final_answer"": """", ""thought"": ""先执行用户指定的检测器以取得当前结构化状态。""}, {""_planner_metrics"": {""api_call_ms"": 4997.765, ""first_api_call_ms"": 4997.765, ""first_finish_reason"": ""stop"", ""first_input_tokens"": 4312, ""first_output_tokens"": 34, ""first_total_tokens"": 4346, ""input_tokens"": 4312, ""output_tokens"": 34, ""parse_ms"": 0.104, ""planner_total_ms"": 5011.701, ""prompt_build_ms"": 0.516, ""retry_count"": 0, ""retry_reason"": """", ""total_tokens"": 4346}, ""action"": ""final_answer"", ""action_input"": {}, ""clarification_question"": """", ""decision_type"": ""end"", ""end_reason"": ""memory_hit"", ""final_answer"": """", ""thought"": ""最新结构化状态已满足全部硬门槛，可以结束本轮规划。""}]",,6463.661,6450.247,4012,49,1,1,True,False
PROMV12-TA-004-REX-NR2,nonretryable_step2,迁移队列已经建立，请先裁决最新机器状态：先使用Rex-Omni检测附件中的冰青三辐锁紧轮，检测结果仅作为中间状态。最终需要判断类器官灌流培养台异常路径终验2905号应继续现有能力、结束，还是进入迁移评估。自然语言里的故障等级和预算描述没有路由优先级，只读取本 query 最新 observation 的结构化键值。错误状态仅在 retryable=true 与 retry_count=0 同时成立时复用原检测器一次，否则调用迁移顾问。正常状态需要候选数、置信度、跨提示一致性和域偏移四个门槛全部通过才结束，任一否决项都转迁移。缺省、非法、冲突状态采取保守分支；已经重试一次的结果不能再次触发检测器。检测器必须设置 finish_after_tool=false；迁移顾问使用当前图片和视觉探针并设置 finish_after_tool=true。,True,examples/images/planner_retry_optimizer_matched_v12/icecyan_three_spoke_lockwheel.png,"[{""action"": ""rexomni_detection"", ""arg_contains"": {""label"": [""冰青三辐锁紧轮""]}, ""decision_type"": ""tool"", ""required_args"": {""finish_after_tool"": false}}, {""action"": ""migration_advisor"", ""arg_contains"": {""user_query"": [""类器官灌流培养台异常路径终验2905号""]}, ""decision_type"": ""tool"", ""required_args"": {""finish_after_tool"": true, ""use_image"": true, ""use_visual_probe"": true}}]","[""rag_answer"", ""re_question"", ""answerer"", ""flux-image-generation"", ""qwen_detection"", ""pipeline_eval""]","{""action_match"": 0.65, ""argument_match"": 0.1, ""decision_type_valid"": 0.03, ""final_tool_finish"": 0.1, ""finish_after_tool"": 0.1, ""json_valid"": 0.02, ""no_forbidden_action"": 0.1, ""no_premature_stop"": 0.1, ""no_repeated_tool"": 0.1, ""no_skip_required_probe"": 0.1, ""strict_action_match"": true, ""strict_argument_types"": true, ""wrong_action_cap"": 0.2}",True,1.0,"[""rexomni_detection"", ""migration_advisor""]",rexomni_detection,"[{""_planner_metrics"": {""api_call_ms"": 6793.01, ""first_api_call_ms"": 6793.01, ""first_finish_reason"": ""stop"", ""first_input_tokens"": 4034, ""first_output_tokens"": 52, ""first_total_tokens"": 4086, ""input_tokens"": 4034, ""output_tokens"": 52, ""parse_ms"": 0.137, ""planner_total_ms"": 6806.581, ""prompt_build_ms"": 0.408, ""retry_count"": 0, ""retry_reason"": """", ""total_tokens"": 4086}, ""action"": ""rexomni_detection"", ""action_input"": {""finish_after_tool"": false, ""label"": ""冰青三辐锁紧轮""}, ""clarification_question"": """", ""decision_type"": ""tool"", ""end_reason"": """", ""final_answer"": """", ""thought"": ""先执行用户指定的检测器以取得当前结构化状态。""}, {""_planner_metrics"": {""api_call_ms"": 9331.664, ""first_api_call_ms"": 9331.664, ""first_finish_reason"": ""stop"", ""first_input_tokens"": 4349, ""first_output_tokens"": 74, ""first_total_tokens"": 4423, ""input_tokens"": 4349, ""output_tokens"": 74, ""parse_ms"": 0.217, ""planner_total_ms"": 9347.327, ""prompt_build_ms"": 0.548, ""retry_count"": 0, ""retry_reason"": """", ""total_tokens"": 4423}, ""action"": ""migration_advisor"", ""action_input"": {""finish_after_tool"": true, ""use_image"": true, ""use_visual_probe"": true, ""user_query"": ""类器官灌流培养台异常路径终验2905号""}, ""clarification_question"": """", ""decision_type"": ""tool"", ""end_reason"": """", ""final_answer"": """", ""thought"": ""最新状态未满足结束或重试条件，需要进入能力迁移评估。""}]",,6806.581,6793.01,4034,52,1,1,True,False
PROMV12-TA-007-REX-CF2,conflicting_state_step2,旧故障结论不得覆盖最后一条结构化回执：先使用Rex-Omni检测附件中的焦糖十字分流块，检测结果仅作为中间状态。最终需要判断类器官灌流培养台稳定状态会签3047号应继续现有能力、结束，还是进入迁移评估。自然语言里的故障等级和预算描述没有路由优先级，只读取本 query 最新 observation 的结构化键值。错误状态仅在 retryable=true 与 retry_count=0 同时成立时复用原检测器一次，否则调用迁移顾问。正常状态需要候选数、置信度、跨提示一致性和域偏移四个门槛全部通过才结束，任一否决项都转迁移。缺省、非法、冲突状态采取保守分支；已经重试一次的结果不能再次触发检测器。检测器必须设置 finish_after_tool=false；迁移顾问使用当前图片和视觉探针并设置 finish_after_tool=true。,True,examples/images/planner_retry_optimizer_matched_v12/caramel_cross_diverter.png,"[{""action"": ""rexomni_detection"", ""arg_contains"": {""label"": [""焦糖十字分流块""]}, ""decision_type"": ""tool"", ""required_args"": {""finish_after_tool"": false}}, {""action"": ""migration_advisor"", ""arg_contains"": {""user_query"": [""类器官灌流培养台稳定状态会签3047号""]}, ""decision_type"": ""tool"", ""required_args"": {""finish_after_tool"": true, ""use_image"": true, ""use_visual_probe"": true}}]","[""rag_answer"", ""re_question"", ""answerer"", ""flux-image-generation"", ""qwen_detection"", ""pipeline_eval""]","{""action_match"": 0.65, ""argument_match"": 0.1, ""decision_type_valid"": 0.03, ""final_tool_finish"": 0.1, ""finish_after_tool"": 0.1, ""json_valid"": 0.02, ""no_forbidden_action"": 0.1, ""no_premature_stop"": 0.1, ""no_repeated_tool"": 0.1, ""no_skip_required_probe"": 0.1, ""strict_action_match"": true, ""strict_argument_types"": true, ""wrong_action_cap"": 0.2}",True,1.0,"[""rexomni_detection"", ""migration_advisor""]",rexomni_detection,"[{""_planner_metrics"": {""api_call_ms"": 6517.127, ""first_api_call_ms"": 6517.127, ""first_finish_reason"": ""stop"", ""first_input_tokens"": 4025, ""first_output_tokens"": 49, ""first_total_tokens"": 4074, ""input_tokens"": 4025, ""output_tokens"": 49, ""parse_ms"": 0.117, ""planner_total_ms"": 6533.056, ""prompt_build_ms"": 0.53, ""retry_count"": 0, ""retry_reason"": """", ""total_tokens"": 4074}, ""action"": ""rexomni_detection"", ""action_input"": {""finish_after_tool"": false, ""label"": ""焦糖十字分流块""}, ""clarification_question"": """", ""decision_type"": ""tool"", ""end_reason"": """", ""final_answer"": """", ""thought"": ""先执行用户指定的检测器以取得当前结构化状态。""}, {""_planner_metrics"": {""api_call_ms"": 9243.741, ""first_api_call_ms"": 9243.741, ""first_finish_reason"": ""stop"", ""first_input_tokens"": 4328, ""first_output_tokens"": 74, ""first_total_tokens"": 4402, ""input_tokens"": 4328, ""output_tokens"": 74, ""parse_ms"": 0.124, ""planner_total_ms"": 9258.229, ""prompt_build_ms"": 0.504, ""retry_count"": 0, ""retry_reason"": """", ""total_tokens"": 4402}, ""action"": ""migration_advisor"", ""action_input"": {""finish_after_tool"": true, ""use_image"": true, ""use_visual_probe"": true, ""user_query"": ""类器官灌流培养台稳定状态会签3047号""}, ""clarification_question"": """", ""decision_type"": ""tool"", ""end_reason"": """", ""final_answer"": """", ""thought"": ""最新状态未满足结束或迁移条件，需要继续按规则推进。""}]",,6533.056,6517.127,4025,49,1,1,True,False
PROMV12-TA-003-REX-FR2,fresh_retry_step2,旧故障结论不得覆盖最后一条结构化回执：先使用Rex-Omni检测附件中的冰青三辐锁紧轮，检测结果仅作为中间状态。最终需要判断深水码头输油站重试边界复审2398号应继续现有能力、结束，还是进入迁移评估。自然语言里的故障等级和预算描述没有路由优先级，只读取本 query 最新 observation 的结构化键值。错误状态仅在 retryable=true 与 retry_count=0 同时成立时复用原检测器一次，否则调用迁移顾问。正常状态需要候选数、置信度、跨提示一致性和域偏移四个门槛全部通过才结束，任一否决项都转迁移。缺省、非法、冲突状态采取保守分支；已经重试一次的结果不能再次触发检测器。检测器必须设置 finish_after_tool=false；迁移顾问使用当前图片和视觉探针并设置 finish_after_tool=true。,True,examples/images/planner_retry_optimizer_matched_v12/icecyan_three_spoke_lockwheel.png,"[{""action"": ""rexomni_detection"", ""arg_contains"": {""label"": [""冰青三辐锁紧轮""]}, ""decision_type"": ""tool"", ""required_args"": {""finish_after_tool"": false}}, {""action"": ""rexomni_detection"", ""arg_contains"": {""label"": [""冰青三辐锁紧轮""]}, ""decision_type"": ""tool"", ""required_args"": {""finish_after_tool"": false}}, {""arg_contains"": {}, ""decision_type"": ""end"", ""required_args"": {""end_reason"": ""memory_hit""}}]","[""rag_answer"", ""re_question"", ""answerer"", ""flux-image-generation"", ""qwen_detection"", ""pipeline_eval"", ""migration_advisor""]","{""action_match"": 0.65, ""argument_match"": 0.1, ""decision_type_valid"": 0.03, ""final_tool_finish"": 0.1, ""finish_after_tool"": 0.1, ""json_valid"": 0.02, ""no_forbidden_action"": 0.1, ""no_premature_stop"": 0.1, ""no_repeated_tool"": 0.1, ""no_skip_required_probe"": 0.1, ""strict_action_match"": true, ""strict_argument_types"": true, ""wrong_action_cap"": 0.2}",False,0.671875,"[""rexomni_detection"", ""migration_advisor"", ""final_answer""]",rexomni_detection,"[{""_planner_metrics"": {""api_call_ms"": 6759.596, ""first_api_call_ms"": 6759.596, ""first_finish_reason"": ""stop"", ""first_input_tokens"": 4028, ""first_output_tokens"": 52, ""first_total_tokens"": 4080, ""input_tokens"": 4028, ""output_tokens"": 52, ""parse_ms"": 0.115, ""planner_total_ms"": 6773.562, ""prompt_build_ms"": 0.452, ""retry_count"": 0, ""retry_reason"": """", ""total_tokens"": 4080}, ""action"": ""rexomni_detection"", ""action_input"": {""finish_after_tool"": false, ""label"": ""冰青三辐锁紧轮""}, ""clarification_question"": """", ""decision_type"": ""tool"", ""end_reason"": """", ""final_answer"": """", ""thought"": ""先执行用户指定的检测器以取得当前结构化状态。""}, {""_planner_metrics"": {""api_call_ms"": 9046.03, ""first_api_call_ms"": 9046.03, ""first_finish_reason"": ""stop"", ""first_input_tokens"": 4334, ""first_output_tokens"": 72, ""first_total_tokens"": 4406, ""input_tokens"": 4334, ""output_tokens"": 72, ""parse_ms"": 0.166, ""planner_total_ms"": 9059.897, ""prompt_build_ms"": 0.533, ""retry_count"": 0, ""retry_reason"": """", ""total_tokens"": 4406}, ""action"": ""migration_advisor"", ""action_input"": {""finish_after_tool"": true, ""use_image"": true, ""use_visual_probe"": true, ""user_query"": ""深水码头输油站重试边界复审2398号""}, ""clarification_question"": """", ""decision_type"": ""tool"", ""end_reason"": """", ""final_answer"": """", ""thought"": ""最新状态未满足结束或重试条件，需要进入能力迁移评估。""}, {""_planner_metrics"": {""api_call_ms"": 4967.729, ""first_api_call_ms"": 4967.729, ""first_finish_reason"": ""stop"", ""first_input_tokens"": 4659, ""first_output_tokens"": 32, ""first_total_tokens"": 4691, ""input_tokens"": 4659, ""output_tokens"": 32, ""parse_ms"": 0.101, ""planner_total_ms"": 4983.104, ""prompt_build_ms"": 0.475, ""retry_count"": 0, ""retry_reason"": """", ""total_tokens"": 4691}, ""action"": ""final_answer"", ""action_input"": {}, ""clarification_question"": """", ""decision_type"": ""end"", ""end_reason"": ""memory_hit"", ""final_answer"": """", ""thought"": ""最新状态已满足结束条件，可以终止本轮规划。""}]","step2:action expected 'rexomni_detection', got 'migration_advisor' | step2:finish_after_tool expected False, got True | step2:arg 'label' expected to contain ['冰青三辐锁紧轮'], got None | forbidden:migration_advisor",6773.562,6759.596,4028,52,0,1,False,True
PROMV12-TA-001-REX-CS2,current_success_step2,旧故障结论不得覆盖最后一条结构化回执：先使用Rex-Omni检测附件中的冰青三辐锁紧轮，检测结果仅作为中间状态。最终需要判断火星车悬架试验间异常路径终验7873号应继续现有能力、结束，还是进入迁移评估。自然语言里的故障等级和预算描述没有路由优先级，只读取本 query 最新 observation 的结构化键值。错误状态仅在 retryable=true 与 retry_count=0 同时成立时复用原检测器一次，否则调用迁移顾问。正常状态需要候选数、置信度、跨提示一致性和域偏移四个门槛全部通过才结束，任一否决项都转迁移。缺省、非法、冲突状态采取保守分支；已经重试一次的结果不能再次触发检测器。检测器必须设置 finish_after_tool=false；迁移顾问使用当前图片和视觉探针并设置 finish_after_tool=true。,True,examples/images/planner_retry_optimizer_matched_v12/icecyan_three_spoke_lockwheel.png,"[{""action"": ""rexomni_detection"", ""arg_contains"": {""label"": [""冰青三辐锁紧轮""]}, ""decision_type"": ""tool"", ""required_args"": {""finish_after_tool"": false}}, {""arg_contains"": {}, ""decision_type"": ""end"", ""required_args"": {""end_reason"": ""memory_hit""}}]","[""rag_answer"", ""re_question"", ""answerer"", ""flux-image-generation"", ""qwen_detection"", ""pipeline_eval"", ""migration_advisor""]","{""action_match"": 0.65, ""argument_match"": 0.1, ""decision_type_valid"": 0.03, ""final_tool_finish"": 0.1, ""finish_after_tool"": 0.1, ""json_valid"": 0.02, ""no_forbidden_action"": 0.1, ""no_premature_stop"": 0.1, ""no_repeated_tool"": 0.1, ""no_skip_required_probe"": 0.1, ""strict_action_match"": true, ""strict_argument_types"": true, ""wrong_action_cap"": 0.2}",True,1.0,"[""rexomni_detection"", ""final_answer""]",rexomni_detection,"[{""_planner_metrics"": {""api_call_ms"": 6800.181, ""first_api_call_ms"": 6800.181, ""first_finish_reason"": ""stop"", ""first_input_tokens"": 4027, ""first_output_tokens"": 52, ""first_total_tokens"": 4079, ""input_tokens"": 4027, ""output_tokens"": 52, ""parse_ms"": 0.114, ""planner_total_ms"": 6813.191, ""prompt_build_ms"": 0.455, ""retry_count"": 0, ""retry_reason"": """", ""total_tokens"": 4079}, ""action"": ""rexomni_detection"", ""action_input"": {""finish_after_tool"": false, ""label"": ""冰青三辐锁紧轮""}, ""clarification_question"": """", ""decision_type"": ""tool"", ""end_reason"": """", ""final_answer"": """", ""thought"": ""先执行用户指定的检测器以取得当前结构化状态。""}, {""_planner_metrics"": {""api_call_ms"": 5040.221, ""first_api_call_ms"": 5040.221, ""first_finish_reason"": ""stop"", ""first_input_tokens"": 4335, ""first_output_tokens"": 34, ""first_total_tokens"": 4369, ""input_tokens"": 4335, ""output_tokens"": 34, ""parse_ms"": 0.115, ""planner_total_ms"": 5055.393, ""prompt_build_ms"": 0.468, ""retry_count"": 0, ""retry_reason"": """", ""total_tokens"": 4369}, ""action"": ""final_answer"", ""action_input"": {}, ""clarification_question"": """", ""decision_type"": ""end"", ""end_reason"": ""memory_hit"", ""final_answer"": """", ""thought"": ""最新结构化状态已满足全部路由条件，需要给出最终结论。""}]",,6813.191,6800.181,4027,52,1,1,True,False
PROMV12-TA-004-REX-MS2,missing_required_state_step2,迁移队列已经建立，请先裁决最新机器状态：先使用Rex-Omni检测附件中的冰青三辐锁紧轮，检测结果仅作为中间状态。最终需要判断类器官灌流培养台异常路径终验2905号应继续现有能力、结束，还是进入迁移评估。自然语言里的故障等级和预算描述没有路由优先级，只读取本 query 最新 observation 的结构化键值。错误状态仅在 retryable=true 与 retry_count=0 同时成立时复用原检测器一次，否则调用迁移顾问。正常状态需要候选数、置信度、跨提示一致性和域偏移四个门槛全部通过才结束，任一否决项都转迁移。缺省、非法、冲突状态采取保守分支；已经重试一次的结果不能再次触发检测器。检测器必须设置 finish_after_tool=false；迁移顾问使用当前图片和视觉探针并设置 finish_after_tool=true。,True,examples/images/planner_retry_optimizer_matched_v12/icecyan_three_spoke_lockwheel.png,"[{""action"": ""rexomni_detection"", ""arg_contains"": {""label"": [""冰青三辐锁紧轮""]}, ""decision_type"": ""tool"", ""required_args"": {""finish_after_tool"": false}}, {""action"": ""migration_advisor"", ""arg_contains"": {""user_query"": [""类器官灌流培养台异常路径终验2905号""]}, ""decision_type"": ""tool"", ""required_args"": {""finish_after_tool"": true, ""use_image"": true, ""use_visual_probe"": true}}]","[""rag_answer"", ""re_question"", ""answerer"", ""flux-image-generation"", ""qwen_detection"", ""pipeline_eval""]","{""action_match"": 0.65, ""argument_match"": 0.1, ""decision_type_valid"": 0.03, ""final_tool_finish"": 0.1, ""finish_after_tool"": 0.1, ""json_valid"": 0.02, ""no_forbidden_action"": 0.1, ""no_premature_stop"": 0.1, ""no_repeated_tool"": 0.1, ""no_skip_required_probe"": 0.1, ""strict_action_match"": true, ""strict_argument_types"": true, ""wrong_action_cap"": 0.2}",True,1.0,"[""rexomni_detection"", ""migration_advisor""]",rexomni_detection,"[{""_planner_metrics"": {""api_call_ms"": 6789.304, ""first_api_call_ms"": 6789.304, ""first_finish_reason"": ""stop"", ""first_input_tokens"": 4034, ""first_output_tokens"": 52, ""first_total_tokens"": 4086, ""input_tokens"": 4034, ""output_tokens"": 52, ""parse_ms"": 0.124, ""planner_total_ms"": 6803.502, ""prompt_build_ms"": 0.423, ""retry_count"": 0, ""retry_reason"": """", ""total_tokens"": 4086}, ""action"": ""rexomni_detection"", ""action_input"": {""finish_after_tool"": false, ""label"": ""冰青三辐锁紧轮""}, ""clarification_question"": """", ""decision_type"": ""tool"", ""end_reason"": """", ""final_answer"": """", ""thought"": ""先执行用户指定的检测器以取得当前结构化状态。""}, {""_planner_metrics"": {""api_call_ms"": 9243.298, ""first_api_call_ms"": 9243.298, ""first_finish_reason"": ""stop"", ""first_input_tokens"": 4344, ""first_output_tokens"": 74, ""first_total_tokens"": 4418, ""input_tokens"": 4344, ""output_tokens"": 74, ""parse_ms"": 0.206, ""planner_total_ms"": 9257.789, ""prompt_build_ms"": 0.501, ""retry_count"": 0, ""retry_reason"": """", ""total_tokens"": 4418}, ""action"": ""migration_advisor"", ""action_input"": {""finish_after_tool"": true, ""use_image"": true, ""use_visual_probe"": true, ""user_query"": ""类器官灌流培养台异常路径终验2905号""}, ""clarification_question"": """", ""decision_type"": ""tool"", ""end_reason"": """", ""final_answer"": """", ""thought"": ""最新状态未满足结束或重试条件，需要进入能力迁移评估。""}]",,6803.502,6789.304,4034,52,1,1,True,False
PROMV12-TA-007-QWEN-PV3,post_retry_metric_veto_step3,旧故障结论不得覆盖最后一条结构化回执：先使用Qwen检测附件中的焦糖十字分流块，检测结果仅作为中间状态。最终需要判断类器官灌流培养台稳定状态会签3047号应继续现有能力、结束，还是进入迁移评估。自然语言里的故障等级和预算描述没有路由优先级，只读取本 query 最新 observation 的结构化键值。错误状态仅在 retryable=true 与 retry_count=0 同时成立时复用原检测器一次，否则调用迁移顾问。正常状态需要候选数、置信度、跨提示一致性和域偏移四个门槛全部通过才结束，任一否决项都转迁移。缺省、非法、冲突状态采取保守分支；已经重试一次的结果不能再次触发检测器。检测器必须设置 finish_after_tool=false；迁移顾问使用当前图片和视觉探针并设置 finish_after_tool=true。,True,examples/images/planner_retry_optimizer_matched_v12/caramel_cross_diverter.png,"[{""action"": ""qwen_detection"", ""arg_contains"": {""label"": [""焦糖十字分流块""]}, ""decision_type"": ""tool"", ""required_args"": {""finish_after_tool"": false}}, {""action"": ""qwen_detection"", ""arg_contains"": {""label"": [""焦糖十字分流块""]}, ""decision_type"": ""tool"", ""required_args"": {""finish_after_tool"": false}}, {""action"": ""migration_advisor"", ""arg_contains"": {""user_query"": [""类器官灌流培养台稳定状态会签3047号""]}, ""decision_type"": ""tool"", ""required_args"": {""finish_after_tool"": true, ""use_image"": true, ""use_visual_probe"": true}}]","[""rag_answer"", ""re_question"", ""answerer"", ""flux-image-generation"", ""rexomni_detection"", ""pipeline_eval""]","{""action_match"": 0.65, ""argument_match"": 0.1, ""decision_type_valid"": 0.03, ""final_tool_finish"": 0.1, ""finish_after_tool"": 0.1, ""json_valid"": 0.02, ""no_forbidden_action"": 0.1, ""no_premature_stop"": 0.1, ""no_repeated_tool"": 0.1, ""no_skip_required_probe"": 0.1, ""strict_action_match"": true, ""strict_argument_types"": true, ""wrong_action_cap"": 0.2}",False,0.4375,"[""qwen_detection"", ""migration_advisor"", ""qwen_detection""]",qwen_detection,"[{""_planner_metrics"": {""api_call_ms"": 6442.7, ""first_api_call_ms"": 6442.7, ""first_finish_reason"": ""stop"", ""first_input_tokens"": 4019, ""first_output_tokens"": 48, ""first_total_tokens"": 4067, ""input_tokens"": 4019, ""output_tokens"": 48, ""parse_ms"": 0.227, ""planner_total_ms"": 6458.093, ""prompt_build_ms"": 0.566, ""retry_count"": 0, ""retry_reason"": """", ""total_tokens"": 4067}, ""action"": ""qwen_detection"", ""action_input"": {""finish_after_tool"": false, ""label"": ""焦糖十字分流块""}, ""clarification_question"": """", ""decision_type"": ""tool"", ""end_reason"": """", ""final_answer"": """", ""thought"": ""先执行用户指定的检测器以取得当前结构化状态。""}, {""_planner_metrics"": {""api_call_ms"": 9243.572, ""first_api_call_ms"": 9243.572, ""first_finish_reason"": ""stop"", ""first_input_tokens"": 4328, ""first_output_tokens"": 74, ""first_total_tokens"": 4402, ""input_tokens"": 4328, ""output_tokens"": 74, ""parse_ms"": 0.128, ""planner_total_ms"": 9259.973, ""prompt_build_ms"": 0.415, ""retry_count"": 0, ""retry_reason"": """", ""total_tokens"": 4402}, ""action"": ""migration_advisor"", ""action_input"": {""finish_after_tool"": true, ""use_image"": true, ""use_visual_probe"": true, ""user_query"": ""类器官灌流培养台稳定状态会签3047号""}, ""clarification_question"": """", ""decision_type"": ""tool"", ""end_reason"": """", ""final_answer"": """", ""thought"": ""最新状态未满足结束或迁移条件，需要继续按规则推进。""}, {""_planner_metrics"": {""api_call_ms"": 6997.816, ""first_api_call_ms"": 6997.816, ""first_finish_reason"": ""stop"", ""first_input_tokens"": 4659, ""first_output_tokens"": 51, ""first_total_tokens"": 4710, ""input_tokens"": 4659, ""output_tokens"": 51, ""parse_ms"": 0.133, ""planner_total_ms"": 7014.07, ""prompt_build_ms"": 0.549, ""retry_count"": 0, ""retry_reason"": """", ""total_tokens"": 4710}, ""action"": ""qwen_detection"", ""action_input"": {""finish_after_tool"": false, ""label"": ""焦糖十字分流块""}, ""clarification_question"": """", ""decision_type"": ""tool"", ""end_reason"": """", ""final_answer"": """", ""thought"": ""最新状态未满足结束或迁移条件，需要继续按规则推进。""}]","step2:action expected 'qwen_detection', got 'migration_advisor' | step2:finish_after_tool expected False, got True | step2:arg 'label' expected to contain ['焦糖十字分流块'], got None | step3:action expected 'migration_advisor', got 'qwen_detection' | step3:finish_after_tool expected True, got False | step3:arg 'use_image' expected True, got None | step3:arg 'use_visual_probe' expected True, got None | step3:arg 'user_query' expected to contain ['类器官灌流培养台稳定状态会签3047号'], got None",6458.093,6442.7,4019,48,0,1,False,True
PROMV12-TA-010-REX-CF2,conflicting_state_step2,完成本轮异常探针的最终路由：先使用Rex-Omni检测附件中的焦糖十字分流块，检测结果仅作为中间状态。最终需要判断非晶合金铸造炉重试边界复审8156号应继续现有能力、结束，还是进入迁移评估。自然语言里的故障等级和预算描述没有路由优先级，只读取本 query 最新 observation 的结构化键值。错误状态仅在 retryable=true 与 retry_count=0 同时成立时复用原检测器一次，否则调用迁移顾问。正常状态需要候选数、置信度、跨提示一致性和域偏移四个门槛全部通过才结束，任一否决项都转迁移。缺省、非法、冲突状态采取保守分支；已经重试一次的结果不能再次触发检测器。检测器必须设置 finish_after_tool=false；迁移顾问使用当前图片和视觉探针并设置 finish_after_tool=true。,True,examples/images/planner_retry_optimizer_matched_v12/caramel_cross_diverter.png,"[{""action"": ""rexomni_detection"", ""arg_contains"": {""label"": [""焦糖十字分流块""]}, ""decision_type"": ""tool"", ""required_args"": {""finish_after_tool"": false}}, {""action"": ""migration_advisor"", ""arg_contains"": {""user_query"": [""非晶合金铸造炉重试边界复审8156号""]}, ""decision_type"": ""tool"", ""required_args"": {""finish_after_tool"": true, ""use_image"": true, ""use_visual_probe"": true}}]","[""rag_answer"", ""re_question"", ""answerer"", ""flux-image-generation"", ""qwen_detection"", ""pipeline_eval""]","{""action_match"": 0.65, ""argument_match"": 0.1, ""decision_type_valid"": 0.03, ""final_tool_finish"": 0.1, ""finish_after_tool"": 0.1, ""json_valid"": 0.02, ""no_forbidden_action"": 0.1, ""no_premature_stop"": 0.1, ""no_repeated_tool"": 0.1, ""no_skip_required_probe"": 0.1, ""strict_action_match"": true, ""strict_argument_types"": true, ""wrong_action_cap"": 0.2}",False,0.586957,"[""rexomni_detection"", ""rexomni_detection""]",rexomni_detection,"[{""_planner_metrics"": {""api_call_ms"": 6476.342, ""first_api_call_ms"": 6476.342, ""first_finish_reason"": ""stop"", ""first_input_tokens"": 4015, ""first_output_tokens"": 49, ""first_total_tokens"": 4064, ""input_tokens"": 4015, ""output_tokens"": 49, ""parse_ms"": 0.115, ""planner_total_ms"": 6490.202, ""prompt_build_ms"": 0.415, ""retry_count"": 0, ""retry_reason"": """", ""total_tokens"": 4064}, ""action"": ""rexomni_detection"", ""action_input"": {""finish_after_tool"": false, ""label"": ""焦糖十字分流块""}, ""clarification_question"": """", ""decision_type"": ""tool"", ""end_reason"": """", ""final_answer"": """", ""thought"": ""先执行用户指定的检测器以取得当前结构化状态。""}, {""_planner_metrics"": {""api_call_ms"": 7090.162, ""first_api_call_ms"": 7090.162, ""first_finish_reason"": ""stop"", ""first_input_tokens"": 4310, ""first_output_tokens"": 53, ""first_total_tokens"": 4363, ""input_tokens"": 4310, ""output_tokens"": 53, ""parse_ms"": 0.108, ""planner_total_ms"": 7104.576, ""prompt_build_ms"": 0.479, ""retry_count"": 0, ""retry_reason"": """", ""total_tokens"": 4363}, ""action"": ""rexomni_detection"", ""action_input"": {""finish_after_tool"": false, ""label"": ""焦糖十字分流块""}, ""clarification_question"": """", ""decision_type"": ""tool"", ""end_reason"": """", ""final_answer"": """", ""thought"": ""最新状态满足错误状态的重试条件，需要再次使用同一检测器。""}]","step2:action expected 'migration_advisor', got 'rexomni_detection' | step2:finish_after_tool expected True, got False | step2:arg 'use_image' expected True, got None | step2:arg 'use_visual_probe' expected True, got None | step2:arg 'user_query' expected to contain ['非晶合金铸造炉重试边界复审8156号'], got None",6490.202,6476.342,4015,49,0,1,False,True
PROMV12-TA-012-QWEN-BE2,budget_exhausted_step2,完成本轮异常探针的最终路由：先使用Qwen检测附件中的冰青三辐锁紧轮，检测结果仅作为中间状态。最终需要判断深水码头输油站稳定状态会签5128号应继续现有能力、结束，还是进入迁移评估。自然语言里的故障等级和预算描述没有路由优先级，只读取本 query 最新 observation 的结构化键值。错误状态仅在 retryable=true 与 retry_count=0 同时成立时复用原检测器一次，否则调用迁移顾问。正常状态需要候选数、置信度、跨提示一致性和域偏移四个门槛全部通过才结束，任一否决项都转迁移。缺省、非法、冲突状态采取保守分支；已经重试一次的结果不能再次触发检测器。检测器必须设置 finish_after_tool=false；迁移顾问使用当前图片和视觉探针并设置 finish_after_tool=true。,True,examples/images/planner_retry_optimizer_matched_v12/icecyan_three_spoke_lockwheel.png,"[{""action"": ""qwen_detection"", ""arg_contains"": {""label"": [""冰青三辐锁紧轮""]}, ""decision_type"": ""tool"", ""required_args"": {""finish_after_tool"": false}}, {""action"": ""migration_advisor"", ""arg_contains"": {""user_query"": [""深水码头输油站稳定状态会签5128号""]}, ""decision_type"": ""tool"", ""required_args"": {""finish_after_tool"": true, ""use_image"": true, ""use_visual_probe"": true}}]","[""rag_answer"", ""re_question"", ""answerer"", ""flux-image-generation"", ""rexomni_detection"", ""pipeline_eval""]","{""action_match"": 0.65, ""argument_match"": 0.1, ""decision_type_valid"": 0.03, ""final_tool_finish"": 0.1, ""finish_after_tool"": 0.1, ""json_valid"": 0.02, ""no_forbidden_action"": 0.1, ""no_premature_stop"": 0.1, ""no_repeated_tool"": 0.1, ""no_skip_required_probe"": 0.1, ""strict_action_match"": true, ""strict_argument_types"": true, ""wrong_action_cap"": 0.2}",True,1.0,"[""qwen_detection"", ""migration_advisor""]",qwen_detection,"[{""_planner_metrics"": {""api_call_ms"": 6664.471, ""first_api_call_ms"": 6664.471, ""first_finish_reason"": ""stop"", ""first_input_tokens"": 4018, ""first_output_tokens"": 51, ""first_total_tokens"": 4069, ""input_tokens"": 4018, ""output_tokens"": 51, ""parse_ms"": 0.114, ""planner_total_ms"": 6677.753, ""prompt_build_ms"": 0.421, ""retry_count"": 0, ""retry_reason"": """", ""total_tokens"": 4069}, ""action"": ""qwen_detection"", ""action_input"": {""finish_after_tool"": false, ""label"": ""冰青三辐锁紧轮""}, ""clarification_question"": """", ""decision_type"": ""tool"", ""end_reason"": """", ""final_answer"": """", ""thought"": ""先执行用户指定的检测器以取得当前结构化状态。""}, {""_planner_metrics"": {""api_call_ms"": 9128.421, ""first_api_call_ms"": 9128.421, ""first_finish_reason"": ""stop"", ""first_input_tokens"": 4328, ""first_output_tokens"": 73, ""first_total_tokens"": 4401, ""input_tokens"": 4328, ""output_tokens"": 73, ""parse_ms"": 0.14, ""planner_total_ms"": 9143.015, ""prompt_build_ms"": 0.448, ""retry_count"": 0, ""retry_reason"": """", ""total_tokens"": 4401}, ""action"": ""migration_advisor"", ""action_input"": {""finish_after_tool"": true, ""use_image"": true, ""use_visual_probe"": true, ""user_query"": ""深水码头输油站稳定状态会签5128号""}, ""clarification_question"": """", ""decision_type"": ""tool"", ""end_reason"": """", ""final_answer"": """", ""thought"": ""最新状态未满足结束或重试条件，需要进入能力迁移评估。""}]",,6677.753,6664.471,4018,51,1,1,True,False
PROMV12-TA-001-REX-FR2,fresh_retry_step2,旧故障结论不得覆盖最后一条结构化回执：先使用Rex-Omni检测附件中的冰青三辐锁紧轮，检测结果仅作为中间状态。最终需要判断火星车悬架试验间异常路径终验7873号应继续现有能力、结束，还是进入迁移评估。自然语言里的故障等级和预算描述没有路由优先级，只读取本 query 最新 observation 的结构化键值。错误状态仅在 retryable=true 与 retry_count=0 同时成立时复用原检测器一次，否则调用迁移顾问。正常状态需要候选数、置信度、跨提示一致性和域偏移四个门槛全部通过才结束，任一否决项都转迁移。缺省、非法、冲突状态采取保守分支；已经重试一次的结果不能再次触发检测器。检测器必须设置 finish_after_tool=false；迁移顾问使用当前图片和视觉探针并设置 finish_after_tool=true。,True,examples/images/planner_retry_optimizer_matched_v12/icecyan_three_spoke_lockwheel.png,"[{""action"": ""rexomni_detection"", ""arg_contains"": {""label"": [""冰青三辐锁紧轮""]}, ""decision_type"": ""tool"", ""required_args"": {""finish_after_tool"": false}}, {""action"": ""rexomni_detection"", ""arg_contains"": {""label"": [""冰青三辐锁紧轮""]}, ""decision_type"": ""tool"", ""required_args"": {""finish_after_tool"": false}}, {""arg_contains"": {}, ""decision_type"": ""end"", ""required_args"": {""end_reason"": ""memory_hit""}}]","[""rag_answer"", ""re_question"", ""answerer"", ""flux-image-generation"", ""qwen_detection"", ""pipeline_eval"", ""migration_advisor""]","{""action_match"": 0.65, ""argument_match"": 0.1, ""decision_type_valid"": 0.03, ""final_tool_finish"": 0.1, ""finish_after_tool"": 0.1, ""json_valid"": 0.02, ""no_forbidden_action"": 0.1, ""no_premature_stop"": 0.1, ""no_repeated_tool"": 0.1, ""no_skip_required_probe"": 0.1, ""strict_action_match"": true, ""strict_argument_types"": true, ""wrong_action_cap"": 0.2}",False,0.671875,"[""rexomni_detection"", ""migration_advisor"", ""final_answer""]",rexomni_detection,"[{""_planner_metrics"": {""api_call_ms"": 6773.686, ""first_api_call_ms"": 6773.686, ""first_finish_reason"": ""stop"", ""first_input_tokens"": 4030, ""first_output_tokens"": 52, ""first_total_tokens"": 4082, ""input_tokens"": 4030, ""output_tokens"": 52, ""parse_ms"": 0.113, ""planner_total_ms"": 6787.073, ""prompt_build_ms"": 0.429, ""retry_count"": 0, ""retry_reason"": """", ""total_tokens"": 4082}, ""action"": ""rexomni_detection"", ""action_input"": {""finish_after_tool"": false, ""label"": ""冰青三辐锁紧轮""}, ""clarification_question"": """", ""decision_type"": ""tool"", ""end_reason"": """", ""final_answer"": """", ""thought"": ""先执行用户指定的检测器以取得当前结构化状态。""}, {""_planner_metrics"": {""api_call_ms"": 9253.948, ""first_api_call_ms"": 9253.948, ""first_finish_reason"": ""stop"", ""first_input_tokens"": 4346, ""first_output_tokens"": 73, ""first_total_tokens"": 4419, ""input_tokens"": 4346, ""output_tokens"": 73, ""parse_ms"": 0.135, ""planner_total_ms"": 9268.159, ""prompt_build_ms"": 0.463, ""retry_count"": 0, ""retry_reason"": """", ""total_tokens"": 4419}, ""action"": ""migration_advisor"", ""action_input"": {""finish_after_tool"": true, ""use_image"": true, ""use_visual_probe"": true, ""user_query"": ""火星车悬架试验间异常路径终验7873号""}, ""clarification_question"": """", ""decision_type"": ""tool"", ""end_reason"": """", ""final_answer"": """", ""thought"": ""最新状态未满足结束或重试条件，需要进入能力迁移评估。""}, {""_planner_metrics"": {""api_call_ms"": 5069.02, ""first_api_call_ms"": 5069.02, ""first_finish_reason"": ""stop"", ""first_input_tokens"": 4678, ""first_output_tokens"": 33, ""first_total_tokens"": 4711, ""input_tokens"": 4678, ""output_tokens"": 33, ""parse_ms"": 0.205, ""planner_total_ms"": 5084.547, ""prompt_build_ms"": 0.59, ""retry_count"": 0, ""retry_reason"": """", ""total_tokens"": 4711}, ""action"": ""final_answer"", ""action_input"": {}, ""clarification_question"": """", ""decision_type"": ""end"", ""end_reason"": ""memory_hit"", ""final_answer"": """", ""thought"": ""最新结构化状态已满足结束条件，可以进入答复阶段。""}]","step2:action expected 'rexomni_detection', got 'migration_advisor' | step2:finish_after_tool expected False, got True | step2:arg 'label' expected to contain ['冰青三辐锁紧轮'], got None | forbidden:migration_advisor",6787.073,6773.686,4030,52,0,1,False,True
PROMV12-TA-011-REX-PV3,post_retry_metric_veto_step3,迁移队列已经建立，请先裁决最新机器状态：先使用Rex-Omni检测附件中的焦糖十字分流块，检测结果仅作为中间状态。最终需要判断非晶合金铸造炉稳定状态会签6874号应继续现有能力、结束，还是进入迁移评估。自然语言里的故障等级和预算描述没有路由优先级，只读取本 query 最新 observation 的结构化键值。错误状态仅在 retryable=true 与 retry_count=0 同时成立时复用原检测器一次，否则调用迁移顾问。正常状态需要候选数、置信度、跨提示一致性和域偏移四个门槛全部通过才结束，任一否决项都转迁移。缺省、非法、冲突状态采取保守分支；已经重试一次的结果不能再次触发检测器。检测器必须设置 finish_after_tool=false；迁移顾问使用当前图片和视觉探针并设置 finish_after_tool=true。,True,examples/images/planner_retry_optimizer_matched_v12/caramel_cross_diverter.png,"[{""action"": ""rexomni_detection"", ""arg_contains"": {""label"": [""焦糖十字分流块""]}, ""decision_type"": ""tool"", ""required_args"": {""finish_after_tool"": false}}, {""action"": ""rexomni_detection"", ""arg_contains"": {""label"": [""焦糖十字分流块""]}, ""decision_type"": ""tool"", ""required_args"": {""finish_after_tool"": false}}, {""action"": ""migration_advisor"", ""arg_contains"": {""user_query"": [""非晶合金铸造炉稳定状态会签6874号""]}, ""decision_type"": ""tool"", ""required_args"": {""finish_after_tool"": true, ""use_image"": true, ""use_visual_probe"": true}}]","[""rag_answer"", ""re_question"", ""answerer"", ""flux-image-generation"", ""qwen_detection"", ""pipeline_eval""]","{""action_match"": 0.65, ""argument_match"": 0.1, ""decision_type_valid"": 0.03, ""final_tool_finish"": 0.1, ""finish_after_tool"": 0.1, ""json_valid"": 0.02, ""no_forbidden_action"": 0.1, ""no_premature_stop"": 0.1, ""no_repeated_tool"": 0.1, ""no_skip_required_probe"": 0.1, ""strict_action_match"": true, ""strict_argument_types"": true, ""wrong_action_cap"": 0.2}",True,1.0,"[""rexomni_detection"", ""rexomni_detection"", ""migration_advisor""]",rexomni_detection,"[{""_planner_metrics"": {""api_call_ms"": 6544.801, ""first_api_call_ms"": 6544.801, ""first_finish_reason"": ""stop"", ""first_input_tokens"": 4025, ""first_output_tokens"": 49, ""first_total_tokens"": 4074, ""input_tokens"": 4025, ""output_tokens"": 49, ""parse_ms"": 0.176, ""planner_total_ms"": 6559.066, ""prompt_build_ms"": 0.508, ""retry_count"": 0, ""retry_reason"": """", ""total_tokens"": 4074}, ""action"": ""rexomni_detection"", ""action_input"": {""finish_after_tool"": false, ""label"": ""焦糖十字分流块""}, ""clarification_question"": """", ""decision_type"": ""tool"", ""end_reason"": """", ""final_answer"": """", ""thought"": ""先执行用户指定的检测器以取得当前结构化状态。""}, {""_planner_metrics"": {""api_call_ms"": 6917.129, ""first_api_call_ms"": 6917.129, ""first_finish_reason"": ""stop"", ""first_input_tokens"": 4325, ""first_output_tokens"": 52, ""first_total_tokens"": 4377, ""input_tokens"": 4325, ""output_tokens"": 52, ""parse_ms"": 0.16, ""planner_total_ms"": 6933.574, ""prompt_build_ms"": 0.451, ""retry_count"": 0, ""retry_reason"": """", ""total_tokens"": 4377}, ""action"": ""rexomni_detection"", ""action_input"": {""finish_after_tool"": false, ""label"": ""焦糖十字分流块""}, ""clarification_question"": """", ""decision_type"": ""tool"", ""end_reason"": """", ""final_answer"": """", ""thought"": ""最新状态满足错误状态重试条件，需要再次使用同一检测器。""}, {""_planner_metrics"": {""api_call_ms"": 9312.32, ""first_api_call_ms"": 9312.32, ""first_finish_reason"": ""stop"", ""first_input_tokens"": 4625, ""first_output_tokens"": 73, ""first_total_tokens"": 4698, ""input_tokens"": 4625, ""output_tokens"": 73, ""parse_ms"": 0.125, ""planner_total_ms"": 9327.074, ""prompt_build_ms"": 0.509, ""retry_count"": 0, ""retry_reason"": """", ""total_tokens"": 4698}, ""action"": ""migration_advisor"", ""action_input"": {""finish_after_tool"": true, ""use_image"": true, ""use_visual_probe"": true, ""user_query"": ""非晶合金铸造炉稳定状态会签6874号""}, ""clarification_question"": """", ""decision_type"": ""tool"", ""end_reason"": """", ""final_answer"": """", ""thought"": ""最新状态未满足结束或迁移条件，需要继续按规则处理。""}]",,6559.066,6544.801,4025,49,1,1,True,False
PROMV12-TA-002-QWEN-BE2,budget_exhausted_step2,迁移队列已经建立，请先裁决最新机器状态：先使用Qwen检测附件中的焦糖十字分流块，检测结果仅作为中间状态。最终需要判断火星车悬架试验间重试边界复审7063号应继续现有能力、结束，还是进入迁移评估。自然语言里的故障等级和预算描述没有路由优先级，只读取本 query 最新 observation 的结构化键值。错误状态仅在 retryable=true 与 retry_count=0 同时成立时复用原检测器一次，否则调用迁移顾问。正常状态需要候选数、置信度、跨提示一致性和域偏移四个门槛全部通过才结束，任一否决项都转迁移。缺省、非法、冲突状态采取保守分支；已经重试一次的结果不能再次触发检测器。检测器必须设置 finish_after_tool=false；迁移顾问使用当前图片和视觉探针并设置 finish_after_tool=true。,True,examples/images/planner_retry_optimizer_matched_v12/caramel_cross_diverter.png,"[{""action"": ""qwen_detection"", ""arg_contains"": {""label"": [""焦糖十字分流块""]}, ""decision_type"": ""tool"", ""required_args"": {""finish_after_tool"": false}}, {""action"": ""migration_advisor"", ""arg_contains"": {""user_query"": [""火星车悬架试验间重试边界复审7063号""]}, ""decision_type"": ""tool"", ""required_args"": {""finish_after_tool"": true, ""use_image"": true, ""use_visual_probe"": true}}]","[""rag_answer"", ""re_question"", ""answerer"", ""flux-image-generation"", ""rexomni_detection"", ""pipeline_eval""]","{""action_match"": 0.65, ""argument_match"": 0.1, ""decision_type_valid"": 0.03, ""final_tool_finish"": 0.1, ""finish_after_tool"": 0.1, ""json_valid"": 0.02, ""no_forbidden_action"": 0.1, ""no_premature_stop"": 0.1, ""no_repeated_tool"": 0.1, ""no_skip_required_probe"": 0.1, ""strict_action_match"": true, ""strict_argument_types"": true, ""wrong_action_cap"": 0.2}",True,1.0,"[""qwen_detection"", ""migration_advisor""]",qwen_detection,"[{""_planner_metrics"": {""api_call_ms"": 6393.673, ""first_api_call_ms"": 6393.673, ""first_finish_reason"": ""stop"", ""first_input_tokens"": 4017, ""first_output_tokens"": 48, ""first_total_tokens"": 4065, ""input_tokens"": 4017, ""output_tokens"": 48, ""parse_ms"": 0.119, ""planner_total_ms"": 6406.965, ""prompt_build_ms"": 0.408, ""retry_count"": 0, ""retry_reason"": """", ""total_tokens"": 4065}, ""action"": ""qwen_detection"", ""action_input"": {""finish_after_tool"": false, ""label"": ""焦糖十字分流块""}, ""clarification_question"": """", ""decision_type"": ""tool"", ""end_reason"": """", ""final_answer"": """", ""thought"": ""先执行用户指定的检测器以取得当前结构化状态。""}, {""_planner_metrics"": {""api_call_ms"": 9094.818, ""first_api_call_ms"": 9094.818, ""first_finish_reason"": ""stop"", ""first_input_tokens"": 4325, ""first_output_tokens"": 72, ""first_total_tokens"": 4397, ""input_tokens"": 4325, ""output_tokens"": 72, ""parse_ms"": 0.134, ""planner_total_ms"": 9109.221, ""prompt_build_ms"": 0.455, ""retry_count"": 0, ""retry_reason"": """", ""total_tokens"": 4397}, ""action"": ""migration_advisor"", ""action_input"": {""finish_after_tool"": true, ""use_image"": true, ""use_visual_probe"": true, ""user_query"": ""火星车悬架试验间重试边界复审7063号""}, ""clarification_question"": """", ""decision_type"": ""tool"", ""end_reason"": """", ""final_answer"": """", ""thought"": ""最新状态未满足结束或重试条件，需要进入能力迁移评估。""}]",,6406.965,6393.673,4017,48,1,1,True,False
PROMV12-TA-007-QWEN-MS2,missing_required_state_step2,旧故障结论不得覆盖最后一条结构化回执：先使用Qwen检测附件中的焦糖十字分流块，检测结果仅作为中间状态。最终需要判断类器官灌流培养台稳定状态会签3047号应继续现有能力、结束，还是进入迁移评估。自然语言里的故障等级和预算描述没有路由优先级，只读取本 query 最新 observation 的结构化键值。错误状态仅在 retryable=true 与 retry_count=0 同时成立时复用原检测器一次，否则调用迁移顾问。正常状态需要候选数、置信度、跨提示一致性和域偏移四个门槛全部通过才结束，任一否决项都转迁移。缺省、非法、冲突状态采取保守分支；已经重试一次的结果不能再次触发检测器。检测器必须设置 finish_after_tool=false；迁移顾问使用当前图片和视觉探针并设置 finish_after_tool=true。,True,examples/images/planner_retry_optimizer_matched_v12/caramel_cross_diverter.png,"[{""action"": ""qwen_detection"", ""arg_contains"": {""label"": [""焦糖十字分流块""]}, ""decision_type"": ""tool"", ""required_args"": {""finish_after_tool"": false}}, {""action"": ""migration_advisor"", ""arg_contains"": {""user_query"": [""类器官灌流培养台稳定状态会签3047号""]}, ""decision_type"": ""tool"", ""required_args"": {""finish_after_tool"": true, ""use_image"": true, ""use_visual_probe"": true}}]","[""rag_answer"", ""re_question"", ""answerer"", ""flux-image-generation"", ""rexomni_detection"", ""pipeline_eval""]","{""action_match"": 0.65, ""argument_match"": 0.1, ""decision_type_valid"": 0.03, ""final_tool_finish"": 0.1, ""finish_after_tool"": 0.1, ""json_valid"": 0.02, ""no_forbidden_action"": 0.1, ""no_premature_stop"": 0.1, ""no_repeated_tool"": 0.1, ""no_skip_required_probe"": 0.1, ""strict_action_match"": true, ""strict_argument_types"": true, ""wrong_action_cap"": 0.2}",True,1.0,"[""qwen_detection"", ""migration_advisor""]",qwen_detection,"[{""_planner_metrics"": {""api_call_ms"": 6453.737, ""first_api_call_ms"": 6453.737, ""first_finish_reason"": ""stop"", ""first_input_tokens"": 4019, ""first_output_tokens"": 48, ""first_total_tokens"": 4067, ""input_tokens"": 4019, ""output_tokens"": 48, ""parse_ms"": 0.12, ""planner_total_ms"": 6467.47, ""prompt_build_ms"": 0.432, ""retry_count"": 0, ""retry_reason"": """", ""total_tokens"": 4067}, ""action"": ""qwen_detection"", ""action_input"": {""finish_after_tool"": false, ""label"": ""焦糖十字分流块""}, ""clarification_question"": """", ""decision_type"": ""tool"", ""end_reason"": """", ""final_answer"": """", ""thought"": ""先执行用户指定的检测器以取得当前结构化状态。""}, {""_planner_metrics"": {""api_call_ms"": 9261.876, ""first_api_call_ms"": 9261.876, ""first_finish_reason"": ""stop"", ""first_input_tokens"": 4324, ""first_output_tokens"": 74, ""first_total_tokens"": 4398, ""input_tokens"": 4324, ""output_tokens"": 74, ""parse_ms"": 0.166, ""planner_total_ms"": 9276.384, ""prompt_build_ms"": 0.575, ""retry_count"": 0, ""retry_reason"": """", ""total_tokens"": 4398}, ""action"": ""migration_advisor"", ""action_input"": {""finish_after_tool"": true, ""use_image"": true, ""use_visual_probe"": true, ""user_query"": ""类器官灌流培养台稳定状态会签3047号""}, ""clarification_question"": """", ""decision_type"": ""tool"", ""end_reason"": """", ""final_answer"": """", ""thought"": ""最新状态未满足结束或迁移条件，需要继续按规则推进。""}]",,6467.47,6453.737,4019,48,1,1,True,False
PROMV12-TA-001-QWEN-FR2,fresh_retry_step2,旧故障结论不得覆盖最后一条结构化回执：先使用Qwen检测附件中的冰青三辐锁紧轮，检测结果仅作为中间状态。最终需要判断火星车悬架试验间异常路径终验7873号应继续现有能力、结束，还是进入迁移评估。自然语言里的故障等级和预算描述没有路由优先级，只读取本 query 最新 observation 的结构化键值。错误状态仅在 retryable=true 与 retry_count=0 同时成立时复用原检测器一次，否则调用迁移顾问。正常状态需要候选数、置信度、跨提示一致性和域偏移四个门槛全部通过才结束，任一否决项都转迁移。缺省、非法、冲突状态采取保守分支；已经重试一次的结果不能再次触发检测器。检测器必须设置 finish_after_tool=false；迁移顾问使用当前图片和视觉探针并设置 finish_after_tool=true。,True,examples/images/planner_retry_optimizer_matched_v12/icecyan_three_spoke_lockwheel.png,"[{""action"": ""qwen_detection"", ""arg_contains"": {""label"": [""冰青三辐锁紧轮""]}, ""decision_type"": ""tool"", ""required_args"": {""finish_after_tool"": false}}, {""action"": ""qwen_detection"", ""arg_contains"": {""label"": [""冰青三辐锁紧轮""]}, ""decision_type"": ""tool"", ""required_args"": {""finish_after_tool"": false}}, {""arg_contains"": {}, ""decision_type"": ""end"", ""required_args"": {""end_reason"": ""memory_hit""}}]","[""rag_answer"", ""re_question"", ""answerer"", ""flux-image-generation"", ""rexomni_detection"", ""pipeline_eval"", ""migration_advisor""]","{""action_match"": 0.65, ""argument_match"": 0.1, ""decision_type_valid"": 0.03, ""final_tool_finish"": 0.1, ""finish_after_tool"": 0.1, ""json_valid"": 0.02, ""no_forbidden_action"": 0.1, ""no_premature_stop"": 0.1, ""no_repeated_tool"": 0.1, ""no_skip_required_probe"": 0.1, ""strict_action_match"": true, ""strict_argument_types"": true, ""wrong_action_cap"": 0.2}",False,0.671875,"[""qwen_detection"", ""migration_advisor"", ""final_answer""]",qwen_detection,"[{""_planner_metrics"": {""api_call_ms"": 6674.059, ""first_api_call_ms"": 6674.059, ""first_finish_reason"": ""stop"", ""first_input_tokens"": 4024, ""first_output_tokens"": 51, ""first_total_tokens"": 4075, ""input_tokens"": 4024, ""output_tokens"": 51, ""parse_ms"": 0.111, ""planner_total_ms"": 6687.219, ""prompt_build_ms"": 0.505, ""retry_count"": 0, ""retry_reason"": """", ""total_tokens"": 4075}, ""action"": ""qwen_detection"", ""action_input"": {""finish_after_tool"": false, ""label"": ""冰青三辐锁紧轮""}, ""clarification_question"": """", ""decision_type"": ""tool"", ""end_reason"": """", ""final_answer"": """", ""thought"": ""先执行用户指定的检测器以取得当前结构化状态。""}, {""_planner_metrics"": {""api_call_ms"": 9147.608, ""first_api_call_ms"": 9147.608, ""first_finish_reason"": ""stop"", ""first_input_tokens"": 4334, ""first_output_tokens"": 73, ""first_total_tokens"": 4407, ""input_tokens"": 4334, ""output_tokens"": 73, ""parse_ms"": 0.264, ""planner_total_ms"": 9162.657, ""prompt_build_ms"": 0.483, ""retry_count"": 0, ""retry_reason"": """", ""total_tokens"": 4407}, ""action"": ""migration_advisor"", ""action_input"": {""finish_after_tool"": true, ""use_image"": true, ""use_visual_probe"": true, ""user_query"": ""火星车悬架试验间异常路径终验7873号""}, ""clarification_question"": """", ""decision_type"": ""tool"", ""end_reason"": """", ""final_answer"": """", ""thought"": ""最新状态未满足结束或重试条件，需要进入能力迁移评估。""}, {""_planner_metrics"": {""api_call_ms"": 4994.463, ""first_api_call_ms"": 4994.463, ""first_finish_reason"": ""stop"", ""first_input_tokens"": 4664, ""first_output_tokens"": 32, ""first_total_tokens"": 4696, ""input_tokens"": 4664, ""output_tokens"": 32, ""parse_ms"": 0.14, ""planner_total_ms"": 5010.483, ""prompt_build_ms"": 0.574, ""retry_count"": 0, ""retry_reason"": """", ""total_tokens"": 4696}, ""action"": ""final_answer"", ""action_input"": {}, ""clarification_question"": """", ""decision_type"": ""end"", ""end_reason"": ""memory_hit"", ""final_answer"": """", ""thought"": ""最新状态已满足结束条件，可以终止本轮规划。""}]","step2:action expected 'qwen_detection', got 'migration_advisor' | step2:finish_after_tool expected False, got True | step2:arg 'label' expected to contain ['冰青三辐锁紧轮'], got None | forbidden:migration_advisor",6687.219,6674.059,4024,51,0,1,False,True
PROMV12-TA-009-REX-CS2,current_success_step2,设备失联只是背景，仍须核对当前显式额度：先使用Rex-Omni检测附件中的焦糖十字分流块，检测结果仅作为中间状态。最终需要判断火星车悬架试验间稳定状态会签3100号应继续现有能力、结束，还是进入迁移评估。自然语言里的故障等级和预算描述没有路由优先级，只读取本 query 最新 observation 的结构化键值。错误状态仅在 retryable=true 与 retry_count=0 同时成立时复用原检测器一次，否则调用迁移顾问。正常状态需要候选数、置信度、跨提示一致性和域偏移四个门槛全部通过才结束，任一否决项都转迁移。缺省、非法、冲突状态采取保守分支；已经重试一次的结果不能再次触发检测器。检测器必须设置 finish_after_tool=false；迁移顾问使用当前图片和视觉探针并设置 finish_after_tool=true。,True,examples/images/planner_retry_optimizer_matched_v12/caramel_cross_diverter.png,"[{""action"": ""rexomni_detection"", ""arg_contains"": {""label"": [""焦糖十字分流块""]}, ""decision_type"": ""tool"", ""required_args"": {""finish_after_tool"": false}}, {""arg_contains"": {}, ""decision_type"": ""end"", ""required_args"": {""end_reason"": ""memory_hit""}}]","[""rag_answer"", ""re_question"", ""answerer"", ""flux-image-generation"", ""qwen_detection"", ""pipeline_eval"", ""migration_advisor""]","{""action_match"": 0.65, ""argument_match"": 0.1, ""decision_type_valid"": 0.03, ""final_tool_finish"": 0.1, ""finish_after_tool"": 0.1, ""json_valid"": 0.02, ""no_forbidden_action"": 0.1, ""no_premature_stop"": 0.1, ""no_repeated_tool"": 0.1, ""no_skip_required_probe"": 0.1, ""strict_action_match"": true, ""strict_argument_types"": true, ""wrong_action_cap"": 0.2}",True,1.0,"[""rexomni_detection"", ""final_answer""]",rexomni_detection,"[{""_planner_metrics"": {""api_call_ms"": 6480.124, ""first_api_call_ms"": 6480.124, ""first_finish_reason"": ""stop"", ""first_input_tokens"": 4026, ""first_output_tokens"": 49, ""first_total_tokens"": 4075, ""input_tokens"": 4026, ""output_tokens"": 49, ""parse_ms"": 0.127, ""planner_total_ms"": 6495.523, ""prompt_build_ms"": 0.469, ""retry_count"": 0, ""retry_reason"": """", ""total_tokens"": 4075}, ""action"": ""rexomni_detection"", ""action_input"": {""finish_after_tool"": false, ""label"": ""焦糖十字分流块""}, ""clarification_question"": """", ""decision_type"": ""tool"", ""end_reason"": """", ""final_answer"": """", ""thought"": ""先执行用户指定的检测器以取得当前结构化状态。""}, {""_planner_metrics"": {""api_call_ms"": 5041.527, ""first_api_call_ms"": 5041.527, ""first_finish_reason"": ""stop"", ""first_input_tokens"": 4329, ""first_output_tokens"": 34, ""first_total_tokens"": 4363, ""input_tokens"": 4329, ""output_tokens"": 34, ""parse_ms"": 0.117, ""planner_total_ms"": 5055.97, ""prompt_build_ms"": 0.484, ""retry_count"": 0, ""retry_reason"": """", ""total_tokens"": 4363}, ""action"": ""final_answer"", ""action_input"": {}, ""clarification_question"": """", ""decision_type"": ""end"", ""end_reason"": ""memory_hit"", ""final_answer"": """", ""thought"": ""最新结构化状态已满足全部硬门槛，可以结束本轮规划。""}]",,6495.523,6480.124,4026,49,1,1,True,False
PROMV12-TA-007-REX-PV3,post_retry_metric_veto_step3,旧故障结论不得覆盖最后一条结构化回执：先使用Rex-Omni检测附件中的焦糖十字分流块，检测结果仅作为中间状态。最终需要判断类器官灌流培养台稳定状态会签3047号应继续现有能力、结束，还是进入迁移评估。自然语言里的故障等级和预算描述没有路由优先级，只读取本 query 最新 observation 的结构化键值。错误状态仅在 retryable=true 与 retry_count=0 同时成立时复用原检测器一次，否则调用迁移顾问。正常状态需要候选数、置信度、跨提示一致性和域偏移四个门槛全部通过才结束，任一否决项都转迁移。缺省、非法、冲突状态采取保守分支；已经重试一次的结果不能再次触发检测器。检测器必须设置 finish_after_tool=false；迁移顾问使用当前图片和视觉探针并设置 finish_after_tool=true。,True,examples/images/planner_retry_optimizer_matched_v12/caramel_cross_diverter.png,"[{""action"": ""rexomni_detection"", ""arg_contains"": {""label"": [""焦糖十字分流块""]}, ""decision_type"": ""tool"", ""required_args"": {""finish_after_tool"": false}}, {""action"": ""rexomni_detection"", ""arg_contains"": {""label"": [""焦糖十字分流块""]}, ""decision_type"": ""tool"", ""required_args"": {""finish_after_tool"": false}}, {""action"": ""migration_advisor"", ""arg_contains"": {""user_query"": [""类器官灌流培养台稳定状态会签3047号""]}, ""decision_type"": ""tool"", ""required_args"": {""finish_after_tool"": true, ""use_image"": true, ""use_visual_probe"": true}}]","[""rag_answer"", ""re_question"", ""answerer"", ""flux-image-generation"", ""qwen_detection"", ""pipeline_eval""]","{""action_match"": 0.65, ""argument_match"": 0.1, ""decision_type_valid"": 0.03, ""final_tool_finish"": 0.1, ""finish_after_tool"": 0.1, ""json_valid"": 0.02, ""no_forbidden_action"": 0.1, ""no_premature_stop"": 0.1, ""no_repeated_tool"": 0.1, ""no_skip_required_probe"": 0.1, ""strict_action_match"": true, ""strict_argument_types"": true, ""wrong_action_cap"": 0.2}",False,0.734375,"[""rexomni_detection"", ""rexomni_detection"", ""rexomni_detection""]",rexomni_detection,"[{""_planner_metrics"": {""api_call_ms"": 6441.846, ""first_api_call_ms"": 6441.846, ""first_finish_reason"": ""stop"", ""first_input_tokens"": 4025, ""first_output_tokens"": 49, ""first_total_tokens"": 4074, ""input_tokens"": 4025, ""output_tokens"": 49, ""parse_ms"": 0.116, ""planner_total_ms"": 6454.864, ""prompt_build_ms"": 0.386, ""retry_count"": 0, ""retry_reason"": """", ""total_tokens"": 4074}, ""action"": ""rexomni_detection"", ""action_input"": {""finish_after_tool"": false, ""label"": ""焦糖十字分流块""}, ""clarification_question"": """", ""decision_type"": ""tool"", ""end_reason"": """", ""final_answer"": """", ""thought"": ""先执行用户指定的检测器以取得当前结构化状态。""}, {""_planner_metrics"": {""api_call_ms"": 7492.543, ""first_api_call_ms"": 7492.543, ""first_finish_reason"": ""stop"", ""first_input_tokens"": 4337, ""first_output_tokens"": 57, ""first_total_tokens"": 4394, ""input_tokens"": 4337, ""output_tokens"": 57, ""parse_ms"": 0.126, ""planner_total_ms"": 7507.149, ""prompt_build_ms"": 0.498, ""retry_count"": 0, ""retry_reason"": """", ""total_tokens"": 4394}, ""action"": ""rexomni_detection"", ""action_input"": {""finish_after_tool"": false, ""label"": ""焦糖十字分流块""}, ""clarification_question"": """", ""decision_type"": ""tool"", ""end_reason"": """", ""final_answer"": """", ""thought"": ""最新状态满足错误状态复用检测器的条件，需要继续用同一检测器更新结构化状态。""}, {""_planner_metrics"": {""api_call_ms"": 7148.53, ""first_api_call_ms"": 7148.53, ""first_finish_reason"": ""stop"", ""first_input_tokens"": 4647, ""first_output_tokens"": 52, ""first_total_tokens"": 4699, ""input_tokens"": 4647, ""output_tokens"": 52, ""parse_ms"": 0.12, ""planner_total_ms"": 7164.135, ""prompt_build_ms"": 0.448, ""retry_count"": 0, ""retry_reason"": """", ""total_tokens"": 4699}, ""action"": ""rexomni_detection"", ""action_input"": {""finish_after_tool"": false, ""label"": ""焦糖十字分流块""}, ""clarification_question"": """", ""decision_type"": ""tool"", ""end_reason"": """", ""final_answer"": """", ""thought"": ""最新状态未满足结束或迁移条件，需要继续更新结构化状态。""}]","step3:action expected 'migration_advisor', got 'rexomni_detection' | step3:finish_after_tool expected True, got False | step3:arg 'use_image' expected True, got None | step3:arg 'use_visual_probe' expected True, got None | step3:arg 'user_query' expected to contain ['类器官灌流培养台稳定状态会签3047号'], got None",6454.864,6441.846,4025,49,0,1,False,True
PROMV12-TA-012-QWEN-CS2,current_success_step2,完成本轮异常探针的最终路由：先使用Qwen检测附件中的冰青三辐锁紧轮，检测结果仅作为中间状态。最终需要判断深水码头输油站稳定状态会签5128号应继续现有能力、结束，还是进入迁移评估。自然语言里的故障等级和预算描述没有路由优先级，只读取本 query 最新 observation 的结构化键值。错误状态仅在 retryable=true 与 retry_count=0 同时成立时复用原检测器一次，否则调用迁移顾问。正常状态需要候选数、置信度、跨提示一致性和域偏移四个门槛全部通过才结束，任一否决项都转迁移。缺省、非法、冲突状态采取保守分支；已经重试一次的结果不能再次触发检测器。检测器必须设置 finish_after_tool=false；迁移顾问使用当前图片和视觉探针并设置 finish_after_tool=true。,True,examples/images/planner_retry_optimizer_matched_v12/icecyan_three_spoke_lockwheel.png,"[{""action"": ""qwen_detection"", ""arg_contains"": {""label"": [""冰青三辐锁紧轮""]}, ""decision_type"": ""tool"", ""required_args"": {""finish_after_tool"": false}}, {""arg_contains"": {}, ""decision_type"": ""end"", ""required_args"": {""end_reason"": ""memory_hit""}}]","[""rag_answer"", ""re_question"", ""answerer"", ""flux-image-generation"", ""rexomni_detection"", ""pipeline_eval"", ""migration_advisor""]","{""action_match"": 0.65, ""argument_match"": 0.1, ""decision_type_valid"": 0.03, ""final_tool_finish"": 0.1, ""finish_after_tool"": 0.1, ""json_valid"": 0.02, ""no_forbidden_action"": 0.1, ""no_premature_stop"": 0.1, ""no_repeated_tool"": 0.1, ""no_skip_required_probe"": 0.1, ""strict_action_match"": true, ""strict_argument_types"": true, ""wrong_action_cap"": 0.2}",True,1.0,"[""qwen_detection"", ""final_answer""]",qwen_detection,"[{""_planner_metrics"": {""api_call_ms"": 6866.744, ""first_api_call_ms"": 6866.744, ""first_finish_reason"": ""stop"", ""first_input_tokens"": 4015, ""first_output_tokens"": 51, ""first_total_tokens"": 4066, ""input_tokens"": 4015, ""output_tokens"": 51, ""parse_ms"": 0.127, ""planner_total_ms"": 6880.206, ""prompt_build_ms"": 0.412, ""retry_count"": 0, ""retry_reason"": """", ""total_tokens"": 4066}, ""action"": ""qwen_detection"", ""action_input"": {""finish_after_tool"": false, ""label"": ""冰青三辐锁紧轮""}, ""clarification_question"": """", ""decision_type"": ""tool"", ""end_reason"": """", ""final_answer"": """", ""thought"": ""先执行用户指定的检测器以取得当前结构化状态。""}, {""_planner_metrics"": {""api_call_ms"": 5185.361, ""first_api_call_ms"": 5185.361, ""first_finish_reason"": ""stop"", ""first_input_tokens"": 4320, ""first_output_tokens"": 34, ""first_total_tokens"": 4354, ""input_tokens"": 4320, ""output_tokens"": 34, ""parse_ms"": 0.122, ""planner_total_ms"": 5200.298, ""prompt_build_ms"": 0.508, ""retry_count"": 0, ""retry_reason"": """", ""total_tokens"": 4354}, ""action"": ""final_answer"", ""action_input"": {}, ""clarification_question"": """", ""decision_type"": ""end"", ""end_reason"": ""memory_hit"", ""final_answer"": """", ""thought"": ""最新结构化状态已满足全部正常门槛，可以结束本轮规划。""}]",,6880.206,6866.744,4015,51,1,1,True,False
PROMV12-TA-010-QWEN-PE3,post_retry_error_step3,完成本轮异常探针的最终路由：先使用Qwen检测附件中的焦糖十字分流块，检测结果仅作为中间状态。最终需要判断非晶合金铸造炉重试边界复审8156号应继续现有能力、结束，还是进入迁移评估。自然语言里的故障等级和预算描述没有路由优先级，只读取本 query 最新 observation 的结构化键值。错误状态仅在 retryable=true 与 retry_count=0 同时成立时复用原检测器一次，否则调用迁移顾问。正常状态需要候选数、置信度、跨提示一致性和域偏移四个门槛全部通过才结束，任一否决项都转迁移。缺省、非法、冲突状态采取保守分支；已经重试一次的结果不能再次触发检测器。检测器必须设置 finish_after_tool=false；迁移顾问使用当前图片和视觉探针并设置 finish_after_tool=true。,True,examples/images/planner_retry_optimizer_matched_v12/caramel_cross_diverter.png,"[{""action"": ""qwen_detection"", ""arg_contains"": {""label"": [""焦糖十字分流块""]}, ""decision_type"": ""tool"", ""required_args"": {""finish_after_tool"": false}}, {""action"": ""qwen_detection"", ""arg_contains"": {""label"": [""焦糖十字分流块""]}, ""decision_type"": ""tool"", ""required_args"": {""finish_after_tool"": false}}, {""action"": ""migration_advisor"", ""arg_contains"": {""user_query"": [""非晶合金铸造炉重试边界复审8156号""]}, ""decision_type"": ""tool"", ""required_args"": {""finish_after_tool"": true, ""use_image"": true, ""use_visual_probe"": true}}]","[""rag_answer"", ""re_question"", ""answerer"", ""flux-image-generation"", ""rexomni_detection"", ""pipeline_eval""]","{""action_match"": 0.65, ""argument_match"": 0.1, ""decision_type_valid"": 0.03, ""final_tool_finish"": 0.1, ""finish_after_tool"": 0.1, ""json_valid"": 0.02, ""no_forbidden_action"": 0.1, ""no_premature_stop"": 0.1, ""no_repeated_tool"": 0.1, ""no_skip_required_probe"": 0.1, ""strict_action_match"": true, ""strict_argument_types"": true, ""wrong_action_cap"": 0.2}",False,0.734375,"[""qwen_detection"", ""qwen_detection"", ""qwen_detection""]",qwen_detection,"[{""_planner_metrics"": {""api_call_ms"": 6564.115, ""first_api_call_ms"": 6564.115, ""first_finish_reason"": ""stop"", ""first_input_tokens"": 4009, ""first_output_tokens"": 48, ""first_total_tokens"": 4057, ""input_tokens"": 4009, ""output_tokens"": 48, ""parse_ms"": 0.117, ""planner_total_ms"": 6577.991, ""prompt_build_ms"": 0.443, ""retry_count"": 0, ""retry_reason"": """", ""total_tokens"": 4057}, ""action"": ""qwen_detection"", ""action_input"": {""finish_after_tool"": false, ""label"": ""焦糖十字分流块""}, ""clarification_question"": """", ""decision_type"": ""tool"", ""end_reason"": """", ""final_answer"": """", ""thought"": ""先执行用户指定的检测器以取得当前结构化状态。""}, {""_planner_metrics"": {""api_call_ms"": 7205.075, ""first_api_call_ms"": 7205.075, ""first_finish_reason"": ""stop"", ""first_input_tokens"": 4312, ""first_output_tokens"": 52, ""first_total_tokens"": 4364, ""input_tokens"": 4312, ""output_tokens"": 52, ""parse_ms"": 0.136, ""planner_total_ms"": 7219.695, ""prompt_build_ms"": 0.472, ""retry_count"": 0, ""retry_reason"": """", ""total_tokens"": 4364}, ""action"": ""qwen_detection"", ""action_input"": {""finish_after_tool"": false, ""label"": ""焦糖十字分流块""}, ""clarification_question"": """", ""decision_type"": ""tool"", ""end_reason"": """", ""final_answer"": """", ""thought"": ""最新状态满足错误状态的重试条件，需要再次使用同一检测器。""}, {""_planner_metrics"": {""api_call_ms"": 7364.611, ""first_api_call_ms"": 7364.611, ""first_finish_reason"": ""stop"", ""first_input_tokens"": 4616, ""first_output_tokens"": 52, ""first_total_tokens"": 4668, ""input_tokens"": 4616, ""output_tokens"": 52, ""parse_ms"": 0.212, ""planner_total_ms"": 7381.149, ""prompt_build_ms"": 0.548, ""retry_count"": 0, ""retry_reason"": """", ""total_tokens"": 4668}, ""action"": ""qwen_detection"", ""action_input"": {""finish_after_tool"": false, ""label"": ""焦糖十字分流块""}, ""clarification_question"": """", ""decision_type"": ""tool"", ""end_reason"": """", ""final_answer"": """", ""thought"": ""最新状态满足错误状态的重试条件，需要再次使用同一检测器。""}]","step3:action expected 'migration_advisor', got 'qwen_detection' | step3:finish_after_tool expected True, got False | step3:arg 'use_image' expected True, got None | step3:arg 'use_visual_probe' expected True, got None | step3:arg 'user_query' expected to contain ['非晶合金铸造炉重试边界复审8156号'], got None",6577.991,6564.115,4009,48,0,1,False,True
PROMV12-TA-002-QWEN-MS2,missing_required_state_step2,迁移队列已经建立，请先裁决最新机器状态：先使用Qwen检测附件中的焦糖十字分流块，检测结果仅作为中间状态。最终需要判断火星车悬架试验间重试边界复审7063号应继续现有能力、结束，还是进入迁移评估。自然语言里的故障等级和预算描述没有路由优先级，只读取本 query 最新 observation 的结构化键值。错误状态仅在 retryable=true 与 retry_count=0 同时成立时复用原检测器一次，否则调用迁移顾问。正常状态需要候选数、置信度、跨提示一致性和域偏移四个门槛全部通过才结束，任一否决项都转迁移。缺省、非法、冲突状态采取保守分支；已经重试一次的结果不能再次触发检测器。检测器必须设置 finish_after_tool=false；迁移顾问使用当前图片和视觉探针并设置 finish_after_tool=true。,True,examples/images/planner_retry_optimizer_matched_v12/caramel_cross_diverter.png,"[{""action"": ""qwen_detection"", ""arg_contains"": {""label"": [""焦糖十字分流块""]}, ""decision_type"": ""tool"", ""required_args"": {""finish_after_tool"": false}}, {""action"": ""migration_advisor"", ""arg_contains"": {""user_query"": [""火星车悬架试验间重试边界复审7063号""]}, ""decision_type"": ""tool"", ""required_args"": {""finish_after_tool"": true, ""use_image"": true, ""use_visual_probe"": true}}]","[""rag_answer"", ""re_question"", ""answerer"", ""flux-image-generation"", ""rexomni_detection"", ""pipeline_eval""]","{""action_match"": 0.65, ""argument_match"": 0.1, ""decision_type_valid"": 0.03, ""final_tool_finish"": 0.1, ""finish_after_tool"": 0.1, ""json_valid"": 0.02, ""no_forbidden_action"": 0.1, ""no_premature_stop"": 0.1, ""no_repeated_tool"": 0.1, ""no_skip_required_probe"": 0.1, ""strict_action_match"": true, ""strict_argument_types"": true, ""wrong_action_cap"": 0.2}",True,1.0,"[""qwen_detection"", ""migration_advisor""]",qwen_detection,"[{""_planner_metrics"": {""api_call_ms"": 6580.341, ""first_api_call_ms"": 6580.341, ""first_finish_reason"": ""stop"", ""first_input_tokens"": 4017, ""first_output_tokens"": 48, ""first_total_tokens"": 4065, ""input_tokens"": 4017, ""output_tokens"": 48, ""parse_ms"": 0.142, ""planner_total_ms"": 6594.798, ""prompt_build_ms"": 0.506, ""retry_count"": 0, ""retry_reason"": """", ""total_tokens"": 4065}, ""action"": ""qwen_detection"", ""action_input"": {""finish_after_tool"": false, ""label"": ""焦糖十字分流块""}, ""clarification_question"": """", ""decision_type"": ""tool"", ""end_reason"": """", ""final_answer"": """", ""thought"": ""先执行用户指定的检测器以取得当前结构化状态。""}, {""_planner_metrics"": {""api_call_ms"": 9164.127, ""first_api_call_ms"": 9164.127, ""first_finish_reason"": ""stop"", ""first_input_tokens"": 4318, ""first_output_tokens"": 72, ""first_total_tokens"": 4390, ""input_tokens"": 4318, ""output_tokens"": 72, ""parse_ms"": 0.164, ""planner_total_ms"": 9180.665, ""prompt_build_ms"": 0.527, ""retry_count"": 0, ""retry_reason"": """", ""total_tokens"": 4390}, ""action"": ""migration_advisor"", ""action_input"": {""finish_after_tool"": true, ""use_image"": true, ""use_visual_probe"": true, ""user_query"": ""火星车悬架试验间重试边界复审7063号""}, ""clarification_question"": """", ""decision_type"": ""tool"", ""end_reason"": """", ""final_answer"": """", ""thought"": ""最新状态未满足结束或重试条件，需要进入能力迁移评估。""}]",,6594.798,6580.341,4017,48,1,1,True,False
PROMV12-TA-011-QWEN-PS3,post_retry_success_step3,迁移队列已经建立，请先裁决最新机器状态：先使用Qwen检测附件中的焦糖十字分流块，检测结果仅作为中间状态。最终需要判断非晶合金铸造炉稳定状态会签6874号应继续现有能力、结束，还是进入迁移评估。自然语言里的故障等级和预算描述没有路由优先级，只读取本 query 最新 observation 的结构化键值。错误状态仅在 retryable=true 与 retry_count=0 同时成立时复用原检测器一次，否则调用迁移顾问。正常状态需要候选数、置信度、跨提示一致性和域偏移四个门槛全部通过才结束，任一否决项都转迁移。缺省、非法、冲突状态采取保守分支；已经重试一次的结果不能再次触发检测器。检测器必须设置 finish_after_tool=false；迁移顾问使用当前图片和视觉探针并设置 finish_after_tool=true。,True,examples/images/planner_retry_optimizer_matched_v12/caramel_cross_diverter.png,"[{""action"": ""qwen_detection"", ""arg_contains"": {""label"": [""焦糖十字分流块""]}, ""decision_type"": ""tool"", ""required_args"": {""finish_after_tool"": false}}, {""action"": ""qwen_detection"", ""arg_contains"": {""label"": [""焦糖十字分流块""]}, ""decision_type"": ""tool"", ""required_args"": {""finish_after_tool"": false}}, {""arg_contains"": {}, ""decision_type"": ""end"", ""required_args"": {""end_reason"": ""memory_hit""}}]","[""rag_answer"", ""re_question"", ""answerer"", ""flux-image-generation"", ""rexomni_detection"", ""pipeline_eval"", ""migration_advisor""]","{""action_match"": 0.65, ""argument_match"": 0.1, ""decision_type_valid"": 0.03, ""final_tool_finish"": 0.1, ""finish_after_tool"": 0.1, ""json_valid"": 0.02, ""no_forbidden_action"": 0.1, ""no_premature_stop"": 0.1, ""no_repeated_tool"": 0.1, ""no_skip_required_probe"": 0.1, ""strict_action_match"": true, ""strict_argument_types"": true, ""wrong_action_cap"": 0.2}",False,0.725,"[""qwen_detection"", ""qwen_detection"", ""migration_advisor""]",qwen_detection,"[{""_planner_metrics"": {""api_call_ms"": 6391.668, ""first_api_call_ms"": 6391.668, ""first_finish_reason"": ""stop"", ""first_input_tokens"": 4019, ""first_output_tokens"": 48, ""first_total_tokens"": 4067, ""input_tokens"": 4019, ""output_tokens"": 48, ""parse_ms"": 0.132, ""planner_total_ms"": 6405.256, ""prompt_build_ms"": 0.415, ""retry_count"": 0, ""retry_reason"": """", ""total_tokens"": 4067}, ""action"": ""qwen_detection"", ""action_input"": {""finish_after_tool"": false, ""label"": ""焦糖十字分流块""}, ""clarification_question"": """", ""decision_type"": ""tool"", ""end_reason"": """", ""final_answer"": """", ""thought"": ""先执行用户指定的检测器以取得当前结构化状态。""}, {""_planner_metrics"": {""api_call_ms"": 6883.285, ""first_api_call_ms"": 6883.285, ""first_finish_reason"": ""stop"", ""first_input_tokens"": 4325, ""first_output_tokens"": 51, ""first_total_tokens"": 4376, ""input_tokens"": 4325, ""output_tokens"": 51, ""parse_ms"": 0.11, ""planner_total_ms"": 6897.427, ""prompt_build_ms"": 0.513, ""retry_count"": 0, ""retry_reason"": """", ""total_tokens"": 4376}, ""action"": ""qwen_detection"", ""action_input"": {""finish_after_tool"": false, ""label"": ""焦糖十字分流块""}, ""clarification_question"": """", ""decision_type"": ""tool"", ""end_reason"": """", ""final_answer"": """", ""thought"": ""最新状态满足错误状态重试条件，需要再次使用同一检测器。""}, {""_planner_metrics"": {""api_call_ms"": 9341.247, ""first_api_call_ms"": 9341.247, ""first_finish_reason"": ""stop"", ""first_input_tokens"": 4622, ""first_output_tokens"": 73, ""first_total_tokens"": 4695, ""input_tokens"": 4622, ""output_tokens"": 73, ""parse_ms"": 0.13, ""planner_total_ms"": 9355.923, ""prompt_build_ms"": 0.486, ""retry_count"": 0, ""retry_reason"": """", ""total_tokens"": 4695}, ""action"": ""migration_advisor"", ""action_input"": {""finish_after_tool"": true, ""use_image"": true, ""use_visual_probe"": true, ""user_query"": ""非晶合金铸造炉稳定状态会签6874号""}, ""clarification_question"": """", ""decision_type"": ""tool"", ""end_reason"": """", ""final_answer"": """", ""thought"": ""最新状态未满足结束或迁移条件，需要继续按规则处理。""}]","step3:decision_type expected 'end', got 'tool' | step3:action expected 'end', got 'migration_advisor' | step3:arg 'end_reason' expected 'memory_hit', got '' | forbidden:migration_advisor",6405.256,6391.668,4019,48,0,1,False,True
PROMV12-TA-005-REX-BE2,budget_exhausted_step2,设备失联只是背景，仍须核对当前显式额度：先使用Rex-Omni检测附件中的冰青三辐锁紧轮，检测结果仅作为中间状态。最终需要判断类器官灌流培养台重试边界复审5611号应继续现有能力、结束，还是进入迁移评估。自然语言里的故障等级和预算描述没有路由优先级，只读取本 query 最新 observation 的结构化键值。错误状态仅在 retryable=true 与 retry_count=0 同时成立时复用原检测器一次，否则调用迁移顾问。正常状态需要候选数、置信度、跨提示一致性和域偏移四个门槛全部通过才结束，任一否决项都转迁移。缺省、非法、冲突状态采取保守分支；已经重试一次的结果不能再次触发检测器。检测器必须设置 finish_after_tool=false；迁移顾问使用当前图片和视觉探针并设置 finish_after_tool=true。,True,examples/images/planner_retry_optimizer_matched_v12/icecyan_three_spoke_lockwheel.png,"[{""action"": ""rexomni_detection"", ""arg_contains"": {""label"": [""冰青三辐锁紧轮""]}, ""decision_type"": ""tool"", ""required_args"": {""finish_after_tool"": false}}, {""action"": ""migration_advisor"", ""arg_contains"": {""user_query"": [""类器官灌流培养台重试边界复审5611号""]}, ""decision_type"": ""tool"", ""required_args"": {""finish_after_tool"": true, ""use_image"": true, ""use_visual_probe"": true}}]","[""rag_answer"", ""re_question"", ""answerer"", ""flux-image-generation"", ""qwen_detection"", ""pipeline_eval""]","{""action_match"": 0.65, ""argument_match"": 0.1, ""decision_type_valid"": 0.03, ""final_tool_finish"": 0.1, ""finish_after_tool"": 0.1, ""json_valid"": 0.02, ""no_forbidden_action"": 0.1, ""no_premature_stop"": 0.1, ""no_repeated_tool"": 0.1, ""no_skip_required_probe"": 0.1, ""strict_action_match"": true, ""strict_argument_types"": true, ""wrong_action_cap"": 0.2}",True,1.0,"[""rexomni_detection"", ""migration_advisor""]",rexomni_detection,"[{""_planner_metrics"": {""api_call_ms"": 6787.306, ""first_api_call_ms"": 6787.306, ""first_finish_reason"": ""stop"", ""first_input_tokens"": 4036, ""first_output_tokens"": 52, ""first_total_tokens"": 4088, ""input_tokens"": 4036, ""output_tokens"": 52, ""parse_ms"": 0.115, ""planner_total_ms"": 6800.784, ""prompt_build_ms"": 0.434, ""retry_count"": 0, ""retry_reason"": """", ""total_tokens"": 4088}, ""action"": ""rexomni_detection"", ""action_input"": {""finish_after_tool"": false, ""label"": ""冰青三辐锁紧轮""}, ""clarification_question"": """", ""decision_type"": ""tool"", ""end_reason"": """", ""final_answer"": """", ""thought"": ""先执行用户指定的检测器以取得当前结构化状态。""}, {""_planner_metrics"": {""api_call_ms"": 9181.783, ""first_api_call_ms"": 9181.783, ""first_finish_reason"": ""stop"", ""first_input_tokens"": 4345, ""first_output_tokens"": 73, ""first_total_tokens"": 4418, ""input_tokens"": 4345, ""output_tokens"": 73, ""parse_ms"": 0.196, ""planner_total_ms"": 9196.294, ""prompt_build_ms"": 0.47, ""retry_count"": 0, ""retry_reason"": """", ""total_tokens"": 4418}, ""action"": ""migration_advisor"", ""action_input"": {""finish_after_tool"": true, ""use_image"": true, ""use_visual_probe"": true, ""user_query"": ""类器官灌流培养台重试边界复审5611号""}, ""clarification_question"": """", ""decision_type"": ""tool"", ""end_reason"": """", ""final_answer"": """", ""thought"": ""最新状态未满足结束或重试条件，需要进入能力迁移评估。""}]",,6800.784,6787.306,4036,52,1,1,True,False
PROMV12-TA-007-REX-FR2,fresh_retry_step2,旧故障结论不得覆盖最后一条结构化回执：先使用Rex-Omni检测附件中的焦糖十字分流块，检测结果仅作为中间状态。最终需要判断类器官灌流培养台稳定状态会签3047号应继续现有能力、结束，还是进入迁移评估。自然语言里的故障等级和预算描述没有路由优先级，只读取本 query 最新 observation 的结构化键值。错误状态仅在 retryable=true 与 retry_count=0 同时成立时复用原检测器一次，否则调用迁移顾问。正常状态需要候选数、置信度、跨提示一致性和域偏移四个门槛全部通过才结束，任一否决项都转迁移。缺省、非法、冲突状态采取保守分支；已经重试一次的结果不能再次触发检测器。检测器必须设置 finish_after_tool=false；迁移顾问使用当前图片和视觉探针并设置 finish_after_tool=true。,True,examples/images/planner_retry_optimizer_matched_v12/caramel_cross_diverter.png,"[{""action"": ""rexomni_detection"", ""arg_contains"": {""label"": [""焦糖十字分流块""]}, ""decision_type"": ""tool"", ""required_args"": {""finish_after_tool"": false}}, {""action"": ""rexomni_detection"", ""arg_contains"": {""label"": [""焦糖十字分流块""]}, ""decision_type"": ""tool"", ""required_args"": {""finish_after_tool"": false}}, {""arg_contains"": {}, ""decision_type"": ""end"", ""required_args"": {""end_reason"": ""memory_hit""}}]","[""rag_answer"", ""re_question"", ""answerer"", ""flux-image-generation"", ""qwen_detection"", ""pipeline_eval"", ""migration_advisor""]","{""action_match"": 0.65, ""argument_match"": 0.1, ""decision_type_valid"": 0.03, ""final_tool_finish"": 0.1, ""finish_after_tool"": 0.1, ""json_valid"": 0.02, ""no_forbidden_action"": 0.1, ""no_premature_stop"": 0.1, ""no_repeated_tool"": 0.1, ""no_skip_required_probe"": 0.1, ""strict_action_match"": true, ""strict_argument_types"": true, ""wrong_action_cap"": 0.2}",False,0.428125,"[""rexomni_detection"", ""migration_advisor"", ""rexomni_detection""]",rexomni_detection,"[{""_planner_metrics"": {""api_call_ms"": 6436.972, ""first_api_call_ms"": 6436.972, ""first_finish_reason"": ""stop"", ""first_input_tokens"": 4025, ""first_output_tokens"": 49, ""first_total_tokens"": 4074, ""input_tokens"": 4025, ""output_tokens"": 49, ""parse_ms"": 0.112, ""planner_total_ms"": 6450.483, ""prompt_build_ms"": 0.499, ""retry_count"": 0, ""retry_reason"": """", ""total_tokens"": 4074}, ""action"": ""rexomni_detection"", ""action_input"": {""finish_after_tool"": false, ""label"": ""焦糖十字分流块""}, ""clarification_question"": """", ""decision_type"": ""tool"", ""end_reason"": """", ""final_answer"": """", ""thought"": ""先执行用户指定的检测器以取得当前结构化状态。""}, {""_planner_metrics"": {""api_call_ms"": 9305.911, ""first_api_call_ms"": 9305.911, ""first_finish_reason"": ""stop"", ""first_input_tokens"": 4333, ""first_output_tokens"": 74, ""first_total_tokens"": 4407, ""input_tokens"": 4333, ""output_tokens"": 74, ""parse_ms"": 0.194, ""planner_total_ms"": 9320.5, ""prompt_build_ms"": 0.502, ""retry_count"": 0, ""retry_reason"": """", ""total_tokens"": 4407}, ""action"": ""migration_advisor"", ""action_input"": {""finish_after_tool"": true, ""use_image"": true, ""use_visual_probe"": true, ""user_query"": ""类器官灌流培养台稳定状态会签3047号""}, ""clarification_question"": """", ""decision_type"": ""tool"", ""end_reason"": """", ""final_answer"": """", ""thought"": ""最新状态未满足结束或迁移条件，需要继续按规则推进。""}, {""_planner_metrics"": {""api_call_ms"": 7087.348, ""first_api_call_ms"": 7087.348, ""first_finish_reason"": ""stop"", ""first_input_tokens"": 4670, ""first_output_tokens"": 52, ""first_total_tokens"": 4722, ""input_tokens"": 4670, ""output_tokens"": 52, ""parse_ms"": 0.136, ""planner_total_ms"": 7103.251, ""prompt_build_ms"": 0.565, ""retry_count"": 0, ""retry_reason"": """", ""total_tokens"": 4722}, ""action"": ""rexomni_detection"", ""action_input"": {""finish_after_tool"": false, ""label"": ""焦糖十字分流块""}, ""clarification_question"": """", ""decision_type"": ""tool"", ""end_reason"": """", ""final_answer"": """", ""thought"": ""最新状态未满足结束或迁移条件，需要继续按规则推进。""}]","step2:action expected 'rexomni_detection', got 'migration_advisor' | step2:finish_after_tool expected False, got True | step2:arg 'label' expected to contain ['焦糖十字分流块'], got None | step3:decision_type expected 'end', got 'tool' | step3:action expected 'end', got 'rexomni_detection' | step3:arg 'end_reason' expected 'memory_hit', got '' | forbidden:migration_advisor",6450.483,6436.972,4025,49,0,1,False,True
PROMV12-TA-005-REX-CF2,conflicting_state_step2,设备失联只是背景，仍须核对当前显式额度：先使用Rex-Omni检测附件中的冰青三辐锁紧轮，检测结果仅作为中间状态。最终需要判断类器官灌流培养台重试边界复审5611号应继续现有能力、结束，还是进入迁移评估。自然语言里的故障等级和预算描述没有路由优先级，只读取本 query 最新 observation 的结构化键值。错误状态仅在 retryable=true 与 retry_count=0 同时成立时复用原检测器一次，否则调用迁移顾问。正常状态需要候选数、置信度、跨提示一致性和域偏移四个门槛全部通过才结束，任一否决项都转迁移。缺省、非法、冲突状态采取保守分支；已经重试一次的结果不能再次触发检测器。检测器必须设置 finish_after_tool=false；迁移顾问使用当前图片和视觉探针并设置 finish_after_tool=true。,True,examples/images/planner_retry_optimizer_matched_v12/icecyan_three_spoke_lockwheel.png,"[{""action"": ""rexomni_detection"", ""arg_contains"": {""label"": [""冰青三辐锁紧轮""]}, ""decision_type"": ""tool"", ""required_args"": {""finish_after_tool"": false}}, {""action"": ""migration_advisor"", ""arg_contains"": {""user_query"": [""类器官灌流培养台重试边界复审5611号""]}, ""decision_type"": ""tool"", ""required_args"": {""finish_after_tool"": true, ""use_image"": true, ""use_visual_probe"": true}}]","[""rag_answer"", ""re_question"", ""answerer"", ""flux-image-generation"", ""qwen_detection"", ""pipeline_eval""]","{""action_match"": 0.65, ""argument_match"": 0.1, ""decision_type_valid"": 0.03, ""final_tool_finish"": 0.1, ""finish_after_tool"": 0.1, ""json_valid"": 0.02, ""no_forbidden_action"": 0.1, ""no_premature_stop"": 0.1, ""no_repeated_tool"": 0.1, ""no_skip_required_probe"": 0.1, ""strict_action_match"": true, ""strict_argument_types"": true, ""wrong_action_cap"": 0.2}",True,1.0,"[""rexomni_detection"", ""migration_advisor""]",rexomni_detection,"[{""_planner_metrics"": {""api_call_ms"": 6796.163, ""first_api_call_ms"": 6796.163, ""first_finish_reason"": ""stop"", ""first_input_tokens"": 4036, ""first_output_tokens"": 52, ""first_total_tokens"": 4088, ""input_tokens"": 4036, ""output_tokens"": 52, ""parse_ms"": 0.113, ""planner_total_ms"": 6811.461, ""prompt_build_ms"": 0.47, ""retry_count"": 0, ""retry_reason"": """", ""total_tokens"": 4088}, ""action"": ""rexomni_detection"", ""action_input"": {""finish_after_tool"": false, ""label"": ""冰青三辐锁紧轮""}, ""clarification_question"": """", ""decision_type"": ""tool"", ""end_reason"": """", ""final_answer"": """", ""thought"": ""先执行用户指定的检测器以取得当前结构化状态。""}, {""_planner_metrics"": {""api_call_ms"": 9101.512, ""first_api_call_ms"": 9101.512, ""first_finish_reason"": ""stop"", ""first_input_tokens"": 4340, ""first_output_tokens"": 73, ""first_total_tokens"": 4413, ""input_tokens"": 4340, ""output_tokens"": 73, ""parse_ms"": 0.12, ""planner_total_ms"": 9115.576, ""prompt_build_ms"": 0.472, ""retry_count"": 0, ""retry_reason"": """", ""total_tokens"": 4413}, ""action"": ""migration_advisor"", ""action_input"": {""finish_after_tool"": true, ""use_image"": true, ""use_visual_probe"": true, ""user_query"": ""类器官灌流培养台重试边界复审5611号""}, ""clarification_question"": """", ""decision_type"": ""tool"", ""end_reason"": """", ""final_answer"": """", ""thought"": ""最新状态未满足结束或重试条件，需要进入能力迁移评估。""}]",,6811.461,6796.163,4036,52,1,1,True,False
PROMV12-TA-001-REX-CF2,conflicting_state_step2,旧故障结论不得覆盖最后一条结构化回执：先使用Rex-Omni检测附件中的冰青三辐锁紧轮，检测结果仅作为中间状态。最终需要判断火星车悬架试验间异常路径终验7873号应继续现有能力、结束，还是进入迁移评估。自然语言里的故障等级和预算描述没有路由优先级，只读取本 query 最新 observation 的结构化键值。错误状态仅在 retryable=true 与 retry_count=0 同时成立时复用原检测器一次，否则调用迁移顾问。正常状态需要候选数、置信度、跨提示一致性和域偏移四个门槛全部通过才结束，任一否决项都转迁移。缺省、非法、冲突状态采取保守分支；已经重试一次的结果不能再次触发检测器。检测器必须设置 finish_after_tool=false；迁移顾问使用当前图片和视觉探针并设置 finish_after_tool=true。,True,examples/images/planner_retry_optimizer_matched_v12/icecyan_three_spoke_lockwheel.png,"[{""action"": ""rexomni_detection"", ""arg_contains"": {""label"": [""冰青三辐锁紧轮""]}, ""decision_type"": ""tool"", ""required_args"": {""finish_after_tool"": false}}, {""action"": ""migration_advisor"", ""arg_contains"": {""user_query"": [""火星车悬架试验间异常路径终验7873号""]}, ""decision_type"": ""tool"", ""required_args"": {""finish_after_tool"": true, ""use_image"": true, ""use_visual_probe"": true}}]","[""rag_answer"", ""re_question"", ""answerer"", ""flux-image-generation"", ""qwen_detection"", ""pipeline_eval""]","{""action_match"": 0.65, ""argument_match"": 0.1, ""decision_type_valid"": 0.03, ""final_tool_finish"": 0.1, ""finish_after_tool"": 0.1, ""json_valid"": 0.02, ""no_forbidden_action"": 0.1, ""no_premature_stop"": 0.1, ""no_repeated_tool"": 0.1, ""no_skip_required_probe"": 0.1, ""strict_action_match"": true, ""strict_argument_types"": true, ""wrong_action_cap"": 0.2}",True,1.0,"[""rexomni_detection"", ""migration_advisor""]",rexomni_detection,"[{""_planner_metrics"": {""api_call_ms"": 6763.318, ""first_api_call_ms"": 6763.318, ""first_finish_reason"": ""stop"", ""first_input_tokens"": 4030, ""first_output_tokens"": 52, ""first_total_tokens"": 4082, ""input_tokens"": 4030, ""output_tokens"": 52, ""parse_ms"": 0.165, ""planner_total_ms"": 6777.712, ""prompt_build_ms"": 0.405, ""retry_count"": 0, ""retry_reason"": """", ""total_tokens"": 4082}, ""action"": ""rexomni_detection"", ""action_input"": {""finish_after_tool"": false, ""label"": ""冰青三辐锁紧轮""}, ""clarification_question"": """", ""decision_type"": ""tool"", ""end_reason"": """", ""final_answer"": """", ""thought"": ""先执行用户指定的检测器以取得当前结构化状态。""}, {""_planner_metrics"": {""api_call_ms"": 9043.99, ""first_api_call_ms"": 9043.99, ""first_finish_reason"": ""stop"", ""first_input_tokens"": 4334, ""first_output_tokens"": 73, ""first_total_tokens"": 4407, ""input_tokens"": 4334, ""output_tokens"": 73, ""parse_ms"": 0.121, ""planner_total_ms"": 9057.812, ""prompt_build_ms"": 0.49, ""retry_count"": 0, ""retry_reason"": """", ""total_tokens"": 4407}, ""action"": ""migration_advisor"", ""action_input"": {""finish_after_tool"": true, ""use_image"": true, ""use_visual_probe"": true, ""user_query"": ""火星车悬架试验间异常路径终验7873号""}, ""clarification_question"": """", ""decision_type"": ""tool"", ""end_reason"": """", ""final_answer"": """", ""thought"": ""最新状态未满足结束或重试条件，需要进入能力迁移评估。""}]",,6777.712,6763.318,4030,52,1,1,True,False
PROMV12-TA-001-QWEN-PV3,post_retry_metric_veto_step3,旧故障结论不得覆盖最后一条结构化回执：先使用Qwen检测附件中的冰青三辐锁紧轮，检测结果仅作为中间状态。最终需要判断火星车悬架试验间异常路径终验7873号应继续现有能力、结束，还是进入迁移评估。自然语言里的故障等级和预算描述没有路由优先级，只读取本 query 最新 observation 的结构化键值。错误状态仅在 retryable=true 与 retry_count=0 同时成立时复用原检测器一次，否则调用迁移顾问。正常状态需要候选数、置信度、跨提示一致性和域偏移四个门槛全部通过才结束，任一否决项都转迁移。缺省、非法、冲突状态采取保守分支；已经重试一次的结果不能再次触发检测器。检测器必须设置 finish_after_tool=false；迁移顾问使用当前图片和视觉探针并设置 finish_after_tool=true。,True,examples/images/planner_retry_optimizer_matched_v12/icecyan_three_spoke_lockwheel.png,"[{""action"": ""qwen_detection"", ""arg_contains"": {""label"": [""冰青三辐锁紧轮""]}, ""decision_type"": ""tool"", ""required_args"": {""finish_after_tool"": false}}, {""action"": ""qwen_detection"", ""arg_contains"": {""label"": [""冰青三辐锁紧轮""]}, ""decision_type"": ""tool"", ""required_args"": {""finish_after_tool"": false}}, {""action"": ""migration_advisor"", ""arg_contains"": {""user_query"": [""火星车悬架试验间异常路径终验7873号""]}, ""decision_type"": ""tool"", ""required_args"": {""finish_after_tool"": true, ""use_image"": true, ""use_visual_probe"": true}}]","[""rag_answer"", ""re_question"", ""answerer"", ""flux-image-generation"", ""rexomni_detection"", ""pipeline_eval""]","{""action_match"": 0.65, ""argument_match"": 0.1, ""decision_type_valid"": 0.03, ""final_tool_finish"": 0.1, ""finish_after_tool"": 0.1, ""json_valid"": 0.02, ""no_forbidden_action"": 0.1, ""no_premature_stop"": 0.1, ""no_repeated_tool"": 0.1, ""no_skip_required_probe"": 0.1, ""strict_action_match"": true, ""strict_argument_types"": true, ""wrong_action_cap"": 0.2}",False,0.428125,"[""qwen_detection"", ""migration_advisor"", ""final_answer""]",qwen_detection,"[{""_planner_metrics"": {""api_call_ms"": 6648.017, ""first_api_call_ms"": 6648.017, ""first_finish_reason"": ""stop"", ""first_input_tokens"": 4024, ""first_output_tokens"": 51, ""first_total_tokens"": 4075, ""input_tokens"": 4024, ""output_tokens"": 51, ""parse_ms"": 0.122, ""planner_total_ms"": 6661.123, ""prompt_build_ms"": 0.474, ""retry_count"": 0, ""retry_reason"": """", ""total_tokens"": 4075}, ""action"": ""qwen_detection"", ""action_input"": {""finish_after_tool"": false, ""label"": ""冰青三辐锁紧轮""}, ""clarification_question"": """", ""decision_type"": ""tool"", ""end_reason"": """", ""final_answer"": """", ""thought"": ""先执行用户指定的检测器以取得当前结构化状态。""}, {""_planner_metrics"": {""api_call_ms"": 9070.745, ""first_api_call_ms"": 9070.745, ""first_finish_reason"": ""stop"", ""first_input_tokens"": 4334, ""first_output_tokens"": 73, ""first_total_tokens"": 4407, ""input_tokens"": 4334, ""output_tokens"": 73, ""parse_ms"": 0.119, ""planner_total_ms"": 9084.582, ""prompt_build_ms"": 0.478, ""retry_count"": 0, ""retry_reason"": """", ""total_tokens"": 4407}, ""action"": ""migration_advisor"", ""action_input"": {""finish_after_tool"": true, ""use_image"": true, ""use_visual_probe"": true, ""user_query"": ""火星车悬架试验间异常路径终验7873号""}, ""clarification_question"": """", ""decision_type"": ""tool"", ""end_reason"": """", ""final_answer"": """", ""thought"": ""最新状态未满足结束或重试条件，需要进入能力迁移评估。""}, {""_planner_metrics"": {""api_call_ms"": 4986.615, ""first_api_call_ms"": 4986.615, ""first_finish_reason"": ""stop"", ""first_input_tokens"": 4666, ""first_output_tokens"": 32, ""first_total_tokens"": 4698, ""input_tokens"": 4666, ""output_tokens"": 32, ""parse_ms"": 0.1, ""planner_total_ms"": 5001.289, ""prompt_build_ms"": 0.484, ""retry_count"": 0, ""retry_reason"": """", ""total_tokens"": 4698}, ""action"": ""final_answer"", ""action_input"": {}, ""clarification_question"": """", ""decision_type"": ""end"", ""end_reason"": ""memory_hit"", ""final_answer"": """", ""thought"": ""最新状态已满足结束条件，可以终止本轮规划。""}]","step2:action expected 'qwen_detection', got 'migration_advisor' | step2:finish_after_tool expected False, got True | step2:arg 'label' expected to contain ['冰青三辐锁紧轮'], got None | step3:decision_type expected 'tool', got 'end' | step3:action expected 'migration_advisor', got 'end' | step3:finish_after_tool expected True, got None | step3:arg 'use_image' expected True, got None | step3:arg 'use_visual_probe' expected True, got None | step3:arg 'user_query' expected to contain ['火星车悬架试验间异常路径终验7873号'], got None",6661.123,6648.017,4024,51,0,1,False,True
PROMV12-TA-010-REX-MS2,missing_required_state_step2,完成本轮异常探针的最终路由：先使用Rex-Omni检测附件中的焦糖十字分流块，检测结果仅作为中间状态。最终需要判断非晶合金铸造炉重试边界复审8156号应继续现有能力、结束，还是进入迁移评估。自然语言里的故障等级和预算描述没有路由优先级，只读取本 query 最新 observation 的结构化键值。错误状态仅在 retryable=true 与 retry_count=0 同时成立时复用原检测器一次，否则调用迁移顾问。正常状态需要候选数、置信度、跨提示一致性和域偏移四个门槛全部通过才结束，任一否决项都转迁移。缺省、非法、冲突状态采取保守分支；已经重试一次的结果不能再次触发检测器。检测器必须设置 finish_after_tool=false；迁移顾问使用当前图片和视觉探针并设置 finish_after_tool=true。,True,examples/images/planner_retry_optimizer_matched_v12/caramel_cross_diverter.png,"[{""action"": ""rexomni_detection"", ""arg_contains"": {""label"": [""焦糖十字分流块""]}, ""decision_type"": ""tool"", ""required_args"": {""finish_after_tool"": false}}, {""action"": ""migration_advisor"", ""arg_contains"": {""user_query"": [""非晶合金铸造炉重试边界复审8156号""]}, ""decision_type"": ""tool"", ""required_args"": {""finish_after_tool"": true, ""use_image"": true, ""use_visual_probe"": true}}]","[""rag_answer"", ""re_question"", ""answerer"", ""flux-image-generation"", ""qwen_detection"", ""pipeline_eval""]","{""action_match"": 0.65, ""argument_match"": 0.1, ""decision_type_valid"": 0.03, ""final_tool_finish"": 0.1, ""finish_after_tool"": 0.1, ""json_valid"": 0.02, ""no_forbidden_action"": 0.1, ""no_premature_stop"": 0.1, ""no_repeated_tool"": 0.1, ""no_skip_required_probe"": 0.1, ""strict_action_match"": true, ""strict_argument_types"": true, ""wrong_action_cap"": 0.2}",True,1.0,"[""rexomni_detection"", ""migration_advisor""]",rexomni_detection,"[{""_planner_metrics"": {""api_call_ms"": 6452.508, ""first_api_call_ms"": 6452.508, ""first_finish_reason"": ""stop"", ""first_input_tokens"": 4015, ""first_output_tokens"": 49, ""first_total_tokens"": 4064, ""input_tokens"": 4015, ""output_tokens"": 49, ""parse_ms"": 0.133, ""planner_total_ms"": 6466.394, ""prompt_build_ms"": 0.474, ""retry_count"": 0, ""retry_reason"": """", ""total_tokens"": 4064}, ""action"": ""rexomni_detection"", ""action_input"": {""finish_after_tool"": false, ""label"": ""焦糖十字分流块""}, ""clarification_question"": """", ""decision_type"": ""tool"", ""end_reason"": """", ""final_answer"": """", ""thought"": ""先执行用户指定的检测器以取得当前结构化状态。""}, {""_planner_metrics"": {""api_call_ms"": 9024.852, ""first_api_call_ms"": 9024.852, ""first_finish_reason"": ""stop"", ""first_input_tokens"": 4316, ""first_output_tokens"": 72, ""first_total_tokens"": 4388, ""input_tokens"": 4316, ""output_tokens"": 72, ""parse_ms"": 0.233, ""planner_total_ms"": 9040.143, ""prompt_build_ms"": 0.528, ""retry_count"": 0, ""retry_reason"": """", ""total_tokens"": 4388}, ""action"": ""migration_advisor"", ""action_input"": {""finish_after_tool"": true, ""use_image"": true, ""use_visual_probe"": true, ""user_query"": ""非晶合金铸造炉重试边界复审8156号""}, ""clarification_question"": """", ""decision_type"": ""tool"", ""end_reason"": """", ""final_answer"": """", ""thought"": ""最新状态未满足结束或重试条件，需要进入能力迁移评估。""}]",,6466.394,6452.508,4015,49,1,1,True,False
PROMV12-TA-007-QWEN-FR2,fresh_retry_step2,旧故障结论不得覆盖最后一条结构化回执：先使用Qwen检测附件中的焦糖十字分流块，检测结果仅作为中间状态。最终需要判断类器官灌流培养台稳定状态会签3047号应继续现有能力、结束，还是进入迁移评估。自然语言里的故障等级和预算描述没有路由优先级，只读取本 query 最新 observation 的结构化键值。错误状态仅在 retryable=true 与 retry_count=0 同时成立时复用原检测器一次，否则调用迁移顾问。正常状态需要候选数、置信度、跨提示一致性和域偏移四个门槛全部通过才结束，任一否决项都转迁移。缺省、非法、冲突状态采取保守分支；已经重试一次的结果不能再次触发检测器。检测器必须设置 finish_after_tool=false；迁移顾问使用当前图片和视觉探针并设置 finish_after_tool=true。,True,examples/images/planner_retry_optimizer_matched_v12/caramel_cross_diverter.png,"[{""action"": ""qwen_detection"", ""arg_contains"": {""label"": [""焦糖十字分流块""]}, ""decision_type"": ""tool"", ""required_args"": {""finish_after_tool"": false}}, {""action"": ""qwen_detection"", ""arg_contains"": {""label"": [""焦糖十字分流块""]}, ""decision_type"": ""tool"", ""required_args"": {""finish_after_tool"": false}}, {""arg_contains"": {}, ""decision_type"": ""end"", ""required_args"": {""end_reason"": ""memory_hit""}}]","[""rag_answer"", ""re_question"", ""answerer"", ""flux-image-generation"", ""rexomni_detection"", ""pipeline_eval"", ""migration_advisor""]","{""action_match"": 0.65, ""argument_match"": 0.1, ""decision_type_valid"": 0.03, ""final_tool_finish"": 0.1, ""finish_after_tool"": 0.1, ""json_valid"": 0.02, ""no_forbidden_action"": 0.1, ""no_premature_stop"": 0.1, ""no_repeated_tool"": 0.1, ""no_skip_required_probe"": 0.1, ""strict_action_match"": true, ""strict_argument_types"": true, ""wrong_action_cap"": 0.2}",False,0.428125,"[""qwen_detection"", ""migration_advisor"", ""qwen_detection""]",qwen_detection,"[{""_planner_metrics"": {""api_call_ms"": 6416.864, ""first_api_call_ms"": 6416.864, ""first_finish_reason"": ""stop"", ""first_input_tokens"": 4019, ""first_output_tokens"": 48, ""first_total_tokens"": 4067, ""input_tokens"": 4019, ""output_tokens"": 48, ""parse_ms"": 0.132, ""planner_total_ms"": 6432.921, ""prompt_build_ms"": 0.594, ""retry_count"": 0, ""retry_reason"": """", ""total_tokens"": 4067}, ""action"": ""qwen_detection"", ""action_input"": {""finish_after_tool"": false, ""label"": ""焦糖十字分流块""}, ""clarification_question"": """", ""decision_type"": ""tool"", ""end_reason"": """", ""final_answer"": """", ""thought"": ""先执行用户指定的检测器以取得当前结构化状态。""}, {""_planner_metrics"": {""api_call_ms"": 9313.553, ""first_api_call_ms"": 9313.553, ""first_finish_reason"": ""stop"", ""first_input_tokens"": 4325, ""first_output_tokens"": 74, ""first_total_tokens"": 4399, ""input_tokens"": 4325, ""output_tokens"": 74, ""parse_ms"": 0.124, ""planner_total_ms"": 9328.136, ""prompt_build_ms"": 0.507, ""retry_count"": 0, ""retry_reason"": """", ""total_tokens"": 4399}, ""action"": ""migration_advisor"", ""action_input"": {""finish_after_tool"": true, ""use_image"": true, ""use_visual_probe"": true, ""user_query"": ""类器官灌流培养台稳定状态会签3047号""}, ""clarification_question"": """", ""decision_type"": ""tool"", ""end_reason"": """", ""final_answer"": """", ""thought"": ""最新状态未满足结束或迁移条件，需要继续按规则推进。""}, {""_planner_metrics"": {""api_call_ms"": 6961.067, ""first_api_call_ms"": 6961.067, ""first_finish_reason"": ""stop"", ""first_input_tokens"": 4656, ""first_output_tokens"": 51, ""first_total_tokens"": 4707, ""input_tokens"": 4656, ""output_tokens"": 51, ""parse_ms"": 0.121, ""planner_total_ms"": 6976.42, ""prompt_build_ms"": 0.472, ""retry_count"": 0, ""retry_reason"": """", ""total_tokens"": 4707}, ""action"": ""qwen_detection"", ""action_input"": {""finish_after_tool"": false, ""label"": ""焦糖十字分流块""}, ""clarification_question"": """", ""decision_type"": ""tool"", ""end_reason"": """", ""final_answer"": """", ""thought"": ""最新状态未满足结束或迁移条件，需要继续按规则推进。""}]","step2:action expected 'qwen_detection', got 'migration_advisor' | step2:finish_after_tool expected False, got True | step2:arg 'label' expected to contain ['焦糖十字分流块'], got None | step3:decision_type expected 'end', got 'tool' | step3:action expected 'end', got 'qwen_detection' | step3:arg 'end_reason' expected 'memory_hit', got '' | forbidden:migration_advisor",6432.921,6416.864,4019,48,0,1,False,True
PROMV12-TA-003-REX-BE2,budget_exhausted_step2,旧故障结论不得覆盖最后一条结构化回执：先使用Rex-Omni检测附件中的冰青三辐锁紧轮，检测结果仅作为中间状态。最终需要判断深水码头输油站重试边界复审2398号应继续现有能力、结束，还是进入迁移评估。自然语言里的故障等级和预算描述没有路由优先级，只读取本 query 最新 observation 的结构化键值。错误状态仅在 retryable=true 与 retry_count=0 同时成立时复用原检测器一次，否则调用迁移顾问。正常状态需要候选数、置信度、跨提示一致性和域偏移四个门槛全部通过才结束，任一否决项都转迁移。缺省、非法、冲突状态采取保守分支；已经重试一次的结果不能再次触发检测器。检测器必须设置 finish_after_tool=false；迁移顾问使用当前图片和视觉探针并设置 finish_after_tool=true。,True,examples/images/planner_retry_optimizer_matched_v12/icecyan_three_spoke_lockwheel.png,"[{""action"": ""rexomni_detection"", ""arg_contains"": {""label"": [""冰青三辐锁紧轮""]}, ""decision_type"": ""tool"", ""required_args"": {""finish_after_tool"": false}}, {""action"": ""migration_advisor"", ""arg_contains"": {""user_query"": [""深水码头输油站重试边界复审2398号""]}, ""decision_type"": ""tool"", ""required_args"": {""finish_after_tool"": true, ""use_image"": true, ""use_visual_probe"": true}}]","[""rag_answer"", ""re_question"", ""answerer"", ""flux-image-generation"", ""qwen_detection"", ""pipeline_eval""]","{""action_match"": 0.65, ""argument_match"": 0.1, ""decision_type_valid"": 0.03, ""final_tool_finish"": 0.1, ""finish_after_tool"": 0.1, ""json_valid"": 0.02, ""no_forbidden_action"": 0.1, ""no_premature_stop"": 0.1, ""no_repeated_tool"": 0.1, ""no_skip_required_probe"": 0.1, ""strict_action_match"": true, ""strict_argument_types"": true, ""wrong_action_cap"": 0.2}",True,1.0,"[""rexomni_detection"", ""migration_advisor""]",rexomni_detection,"[{""_planner_metrics"": {""api_call_ms"": 6760.37, ""first_api_call_ms"": 6760.37, ""first_finish_reason"": ""stop"", ""first_input_tokens"": 4028, ""first_output_tokens"": 52, ""first_total_tokens"": 4080, ""input_tokens"": 4028, ""output_tokens"": 52, ""parse_ms"": 0.121, ""planner_total_ms"": 6774.048, ""prompt_build_ms"": 0.401, ""retry_count"": 0, ""retry_reason"": """", ""total_tokens"": 4080}, ""action"": ""rexomni_detection"", ""action_input"": {""finish_after_tool"": false, ""label"": ""冰青三辐锁紧轮""}, ""clarification_question"": """", ""decision_type"": ""tool"", ""end_reason"": """", ""final_answer"": """", ""thought"": ""先执行用户指定的检测器以取得当前结构化状态。""}, {""_planner_metrics"": {""api_call_ms"": 9007.258, ""first_api_call_ms"": 9007.258, ""first_finish_reason"": ""stop"", ""first_input_tokens"": 4335, ""first_output_tokens"": 72, ""first_total_tokens"": 4407, ""input_tokens"": 4335, ""output_tokens"": 72, ""parse_ms"": 0.122, ""planner_total_ms"": 9021.193, ""prompt_build_ms"": 0.409, ""retry_count"": 0, ""retry_reason"": """", ""total_tokens"": 4407}, ""action"": ""migration_advisor"", ""action_input"": {""finish_after_tool"": true, ""use_image"": true, ""use_visual_probe"": true, ""user_query"": ""深水码头输油站重试边界复审2398号""}, ""clarification_question"": """", ""decision_type"": ""tool"", ""end_reason"": """", ""final_answer"": """", ""thought"": ""最新状态未满足结束或重试条件，需要进入能力迁移评估。""}]",,6774.048,6760.37,4028,52,1,1,True,False
PROMV12-TA-008-REX-MS2,missing_required_state_step2,完成本轮异常探针的最终路由：先使用Rex-Omni检测附件中的焦糖十字分流块，检测结果仅作为中间状态。最终需要判断非晶合金铸造炉异常路径终验9752号应继续现有能力、结束，还是进入迁移评估。自然语言里的故障等级和预算描述没有路由优先级，只读取本 query 最新 observation 的结构化键值。错误状态仅在 retryable=true 与 retry_count=0 同时成立时复用原检测器一次，否则调用迁移顾问。正常状态需要候选数、置信度、跨提示一致性和域偏移四个门槛全部通过才结束，任一否决项都转迁移。缺省、非法、冲突状态采取保守分支；已经重试一次的结果不能再次触发检测器。检测器必须设置 finish_after_tool=false；迁移顾问使用当前图片和视觉探针并设置 finish_after_tool=true。,True,examples/images/planner_retry_optimizer_matched_v12/caramel_cross_diverter.png,"[{""action"": ""rexomni_detection"", ""arg_contains"": {""label"": [""焦糖十字分流块""]}, ""decision_type"": ""tool"", ""required_args"": {""finish_after_tool"": false}}, {""action"": ""migration_advisor"", ""arg_contains"": {""user_query"": [""非晶合金铸造炉异常路径终验9752号""]}, ""decision_type"": ""tool"", ""required_args"": {""finish_after_tool"": true, ""use_image"": true, ""use_visual_probe"": true}}]","[""rag_answer"", ""re_question"", ""answerer"", ""flux-image-generation"", ""qwen_detection"", ""pipeline_eval""]","{""action_match"": 0.65, ""argument_match"": 0.1, ""decision_type_valid"": 0.03, ""final_tool_finish"": 0.1, ""finish_after_tool"": 0.1, ""json_valid"": 0.02, ""no_forbidden_action"": 0.1, ""no_premature_stop"": 0.1, ""no_repeated_tool"": 0.1, ""no_skip_required_probe"": 0.1, ""strict_action_match"": true, ""strict_argument_types"": true, ""wrong_action_cap"": 0.2}",False,0.586957,"[""rexomni_detection"", ""rexomni_detection""]",rexomni_detection,"[{""_planner_metrics"": {""api_call_ms"": 6536.403, ""first_api_call_ms"": 6536.403, ""first_finish_reason"": ""stop"", ""first_input_tokens"": 4017, ""first_output_tokens"": 49, ""first_total_tokens"": 4066, ""input_tokens"": 4017, ""output_tokens"": 49, ""parse_ms"": 0.121, ""planner_total_ms"": 6549.782, ""prompt_build_ms"": 0.411, ""retry_count"": 0, ""retry_reason"": """", ""total_tokens"": 4066}, ""action"": ""rexomni_detection"", ""action_input"": {""finish_after_tool"": false, ""label"": ""焦糖十字分流块""}, ""clarification_question"": """", ""decision_type"": ""tool"", ""end_reason"": """", ""final_answer"": """", ""thought"": ""先执行用户指定的检测器以取得当前结构化状态。""}, {""_planner_metrics"": {""api_call_ms"": 6692.984, ""first_api_call_ms"": 6692.984, ""first_finish_reason"": ""stop"", ""first_input_tokens"": 4323, ""first_output_tokens"": 49, ""first_total_tokens"": 4372, ""input_tokens"": 4323, ""output_tokens"": 49, ""parse_ms"": 0.173, ""planner_total_ms"": 6707.208, ""prompt_build_ms"": 0.475, ""retry_count"": 0, ""retry_reason"": """", ""total_tokens"": 4372}, ""action"": ""rexomni_detection"", ""action_input"": {""finish_after_tool"": false, ""label"": ""焦糖十字分流块""}, ""clarification_question"": """", ""decision_type"": ""tool"", ""end_reason"": """", ""final_answer"": """", ""thought"": ""先执行用户指定的检测器以取得当前结构化状态。""}]","step2:action expected 'migration_advisor', got 'rexomni_detection' | step2:finish_after_tool expected True, got False | step2:arg 'use_image' expected True, got None | step2:arg 'use_visual_probe' expected True, got None | step2:arg 'user_query' expected to contain ['非晶合金铸造炉异常路径终验9752号'], got None",6549.782,6536.403,4017,49,0,1,False,True
PROMV12-TA-001-QWEN-PS3,post_retry_success_step3,旧故障结论不得覆盖最后一条结构化回执：先使用Qwen检测附件中的冰青三辐锁紧轮，检测结果仅作为中间状态。最终需要判断火星车悬架试验间异常路径终验7873号应继续现有能力、结束，还是进入迁移评估。自然语言里的故障等级和预算描述没有路由优先级，只读取本 query 最新 observation 的结构化键值。错误状态仅在 retryable=true 与 retry_count=0 同时成立时复用原检测器一次，否则调用迁移顾问。正常状态需要候选数、置信度、跨提示一致性和域偏移四个门槛全部通过才结束，任一否决项都转迁移。缺省、非法、冲突状态采取保守分支；已经重试一次的结果不能再次触发检测器。检测器必须设置 finish_after_tool=false；迁移顾问使用当前图片和视觉探针并设置 finish_after_tool=true。,True,examples/images/planner_retry_optimizer_matched_v12/icecyan_three_spoke_lockwheel.png,"[{""action"": ""qwen_detection"", ""arg_contains"": {""label"": [""冰青三辐锁紧轮""]}, ""decision_type"": ""tool"", ""required_args"": {""finish_after_tool"": false}}, {""action"": ""qwen_detection"", ""arg_contains"": {""label"": [""冰青三辐锁紧轮""]}, ""decision_type"": ""tool"", ""required_args"": {""finish_after_tool"": false}}, {""arg_contains"": {}, ""decision_type"": ""end"", ""required_args"": {""end_reason"": ""memory_hit""}}]","[""rag_answer"", ""re_question"", ""answerer"", ""flux-image-generation"", ""rexomni_detection"", ""pipeline_eval"", ""migration_advisor""]","{""action_match"": 0.65, ""argument_match"": 0.1, ""decision_type_valid"": 0.03, ""final_tool_finish"": 0.1, ""finish_after_tool"": 0.1, ""json_valid"": 0.02, ""no_forbidden_action"": 0.1, ""no_premature_stop"": 0.1, ""no_repeated_tool"": 0.1, ""no_skip_required_probe"": 0.1, ""strict_action_match"": true, ""strict_argument_types"": true, ""wrong_action_cap"": 0.2}",False,0.671875,"[""qwen_detection"", ""migration_advisor"", ""final_answer""]",qwen_detection,"[{""_planner_metrics"": {""api_call_ms"": 6714.833, ""first_api_call_ms"": 6714.833, ""first_finish_reason"": ""stop"", ""first_input_tokens"": 4024, ""first_output_tokens"": 51, ""first_total_tokens"": 4075, ""input_tokens"": 4024, ""output_tokens"": 51, ""parse_ms"": 0.128, ""planner_total_ms"": 6728.349, ""prompt_build_ms"": 0.4, ""retry_count"": 0, ""retry_reason"": """", ""total_tokens"": 4075}, ""action"": ""qwen_detection"", ""action_input"": {""finish_after_tool"": false, ""label"": ""冰青三辐锁紧轮""}, ""clarification_question"": """", ""decision_type"": ""tool"", ""end_reason"": """", ""final_answer"": """", ""thought"": ""先执行用户指定的检测器以取得当前结构化状态。""}, {""_planner_metrics"": {""api_call_ms"": 9227.703, ""first_api_call_ms"": 9227.703, ""first_finish_reason"": ""stop"", ""first_input_tokens"": 4332, ""first_output_tokens"": 73, ""first_total_tokens"": 4405, ""input_tokens"": 4332, ""output_tokens"": 73, ""parse_ms"": 0.229, ""planner_total_ms"": 9242.652, ""prompt_build_ms"": 0.454, ""retry_count"": 0, ""retry_reason"": """", ""total_tokens"": 4405}, ""action"": ""migration_advisor"", ""action_input"": {""finish_after_tool"": true, ""use_image"": true, ""use_visual_probe"": true, ""user_query"": ""火星车悬架试验间异常路径终验7873号""}, ""clarification_question"": """", ""decision_type"": ""tool"", ""end_reason"": """", ""final_answer"": """", ""thought"": ""最新状态未满足结束或重试条件，需要进入能力迁移评估。""}, {""_planner_metrics"": {""api_call_ms"": 5036.286, ""first_api_call_ms"": 5036.286, ""first_finish_reason"": ""stop"", ""first_input_tokens"": 4665, ""first_output_tokens"": 32, ""first_total_tokens"": 4697, ""input_tokens"": 4665, ""output_tokens"": 32, ""parse_ms"": 0.129, ""planner_total_ms"": 5053.469, ""prompt_build_ms"": 0.562, ""retry_count"": 0, ""retry_reason"": """", ""total_tokens"": 4697}, ""action"": ""final_answer"", ""action_input"": {}, ""clarification_question"": """", ""decision_type"": ""end"", ""end_reason"": ""memory_hit"", ""final_answer"": """", ""thought"": ""最新状态已满足结束条件，可以终止本轮规划。""}]","step2:action expected 'qwen_detection', got 'migration_advisor' | step2:finish_after_tool expected False, got True | step2:arg 'label' expected to contain ['冰青三辐锁紧轮'], got None | forbidden:migration_advisor",6728.349,6714.833,4024,51,0,1,False,True
PROMV12-TA-011-QWEN-PE3,post_retry_error_step3,迁移队列已经建立，请先裁决最新机器状态：先使用Qwen检测附件中的焦糖十字分流块，检测结果仅作为中间状态。最终需要判断非晶合金铸造炉稳定状态会签6874号应继续现有能力、结束，还是进入迁移评估。自然语言里的故障等级和预算描述没有路由优先级，只读取本 query 最新 observation 的结构化键值。错误状态仅在 retryable=true 与 retry_count=0 同时成立时复用原检测器一次，否则调用迁移顾问。正常状态需要候选数、置信度、跨提示一致性和域偏移四个门槛全部通过才结束，任一否决项都转迁移。缺省、非法、冲突状态采取保守分支；已经重试一次的结果不能再次触发检测器。检测器必须设置 finish_after_tool=false；迁移顾问使用当前图片和视觉探针并设置 finish_after_tool=true。,True,examples/images/planner_retry_optimizer_matched_v12/caramel_cross_diverter.png,"[{""action"": ""qwen_detection"", ""arg_contains"": {""label"": [""焦糖十字分流块""]}, ""decision_type"": ""tool"", ""required_args"": {""finish_after_tool"": false}}, {""action"": ""qwen_detection"", ""arg_contains"": {""label"": [""焦糖十字分流块""]}, ""decision_type"": ""tool"", ""required_args"": {""finish_after_tool"": false}}, {""action"": ""migration_advisor"", ""arg_contains"": {""user_query"": [""非晶合金铸造炉稳定状态会签6874号""]}, ""decision_type"": ""tool"", ""required_args"": {""finish_after_tool"": true, ""use_image"": true, ""use_visual_probe"": true}}]","[""rag_answer"", ""re_question"", ""answerer"", ""flux-image-generation"", ""rexomni_detection"", ""pipeline_eval""]","{""action_match"": 0.65, ""argument_match"": 0.1, ""decision_type_valid"": 0.03, ""final_tool_finish"": 0.1, ""finish_after_tool"": 0.1, ""json_valid"": 0.02, ""no_forbidden_action"": 0.1, ""no_premature_stop"": 0.1, ""no_repeated_tool"": 0.1, ""no_skip_required_probe"": 0.1, ""strict_action_match"": true, ""strict_argument_types"": true, ""wrong_action_cap"": 0.2}",False,0.734375,"[""qwen_detection"", ""qwen_detection"", ""qwen_detection""]",qwen_detection,"[{""_planner_metrics"": {""api_call_ms"": 6433.615, ""first_api_call_ms"": 6433.615, ""first_finish_reason"": ""stop"", ""first_input_tokens"": 4019, ""first_output_tokens"": 48, ""first_total_tokens"": 4067, ""input_tokens"": 4019, ""output_tokens"": 48, ""parse_ms"": 0.124, ""planner_total_ms"": 6449.14, ""prompt_build_ms"": 0.433, ""retry_count"": 0, ""retry_reason"": """", ""total_tokens"": 4067}, ""action"": ""qwen_detection"", ""action_input"": {""finish_after_tool"": false, ""label"": ""焦糖十字分流块""}, ""clarification_question"": """", ""decision_type"": ""tool"", ""end_reason"": """", ""final_answer"": """", ""thought"": ""先执行用户指定的检测器以取得当前结构化状态。""}, {""_planner_metrics"": {""api_call_ms"": 6894.868, ""first_api_call_ms"": 6894.868, ""first_finish_reason"": ""stop"", ""first_input_tokens"": 4323, ""first_output_tokens"": 51, ""first_total_tokens"": 4374, ""input_tokens"": 4323, ""output_tokens"": 51, ""parse_ms"": 0.132, ""planner_total_ms"": 6909.37, ""prompt_build_ms"": 0.481, ""retry_count"": 0, ""retry_reason"": """", ""total_tokens"": 4374}, ""action"": ""qwen_detection"", ""action_input"": {""finish_after_tool"": false, ""label"": ""焦糖十字分流块""}, ""clarification_question"": """", ""decision_type"": ""tool"", ""end_reason"": """", ""final_answer"": """", ""thought"": ""最新状态满足错误状态重试条件，需要再次使用同一检测器。""}, {""_planner_metrics"": {""api_call_ms"": 6979.403, ""first_api_call_ms"": 6979.403, ""first_finish_reason"": ""stop"", ""first_input_tokens"": 4628, ""first_output_tokens"": 51, ""first_total_tokens"": 4679, ""input_tokens"": 4628, ""output_tokens"": 51, ""parse_ms"": 0.113, ""planner_total_ms"": 6994.937, ""prompt_build_ms"": 0.529, ""retry_count"": 0, ""retry_reason"": """", ""total_tokens"": 4679}, ""action"": ""qwen_detection"", ""action_input"": {""finish_after_tool"": false, ""label"": ""焦糖十字分流块""}, ""clarification_question"": """", ""decision_type"": ""tool"", ""end_reason"": """", ""final_answer"": """", ""thought"": ""最新状态满足错误状态重试条件，需要再次使用同一检测器。""}]","step3:action expected 'migration_advisor', got 'qwen_detection' | step3:finish_after_tool expected True, got False | step3:arg 'use_image' expected True, got None | step3:arg 'use_visual_probe' expected True, got None | step3:arg 'user_query' expected to contain ['非晶合金铸造炉稳定状态会签6874号'], got None",6449.14,6433.615,4019,48,0,1,False,True
PROMV12-TA-004-QWEN-NR2,nonretryable_step2,迁移队列已经建立，请先裁决最新机器状态：先使用Qwen检测附件中的冰青三辐锁紧轮，检测结果仅作为中间状态。最终需要判断类器官灌流培养台异常路径终验2905号应继续现有能力、结束，还是进入迁移评估。自然语言里的故障等级和预算描述没有路由优先级，只读取本 query 最新 observation 的结构化键值。错误状态仅在 retryable=true 与 retry_count=0 同时成立时复用原检测器一次，否则调用迁移顾问。正常状态需要候选数、置信度、跨提示一致性和域偏移四个门槛全部通过才结束，任一否决项都转迁移。缺省、非法、冲突状态采取保守分支；已经重试一次的结果不能再次触发检测器。检测器必须设置 finish_after_tool=false；迁移顾问使用当前图片和视觉探针并设置 finish_after_tool=true。,True,examples/images/planner_retry_optimizer_matched_v12/icecyan_three_spoke_lockwheel.png,"[{""action"": ""qwen_detection"", ""arg_contains"": {""label"": [""冰青三辐锁紧轮""]}, ""decision_type"": ""tool"", ""required_args"": {""finish_after_tool"": false}}, {""action"": ""migration_advisor"", ""arg_contains"": {""user_query"": [""类器官灌流培养台异常路径终验2905号""]}, ""decision_type"": ""tool"", ""required_args"": {""finish_after_tool"": true, ""use_image"": true, ""use_visual_probe"": true}}]","[""rag_answer"", ""re_question"", ""answerer"", ""flux-image-generation"", ""rexomni_detection"", ""pipeline_eval""]","{""action_match"": 0.65, ""argument_match"": 0.1, ""decision_type_valid"": 0.03, ""final_tool_finish"": 0.1, ""finish_after_tool"": 0.1, ""json_valid"": 0.02, ""no_forbidden_action"": 0.1, ""no_premature_stop"": 0.1, ""no_repeated_tool"": 0.1, ""no_skip_required_probe"": 0.1, ""strict_action_match"": true, ""strict_argument_types"": true, ""wrong_action_cap"": 0.2}",True,1.0,"[""qwen_detection"", ""migration_advisor""]",qwen_detection,"[{""_planner_metrics"": {""api_call_ms"": 6827.684, ""first_api_call_ms"": 6827.684, ""first_finish_reason"": ""stop"", ""first_input_tokens"": 4028, ""first_output_tokens"": 51, ""first_total_tokens"": 4079, ""input_tokens"": 4028, ""output_tokens"": 51, ""parse_ms"": 0.159, ""planner_total_ms"": 6842.148, ""prompt_build_ms"": 0.407, ""retry_count"": 0, ""retry_reason"": """", ""total_tokens"": 4079}, ""action"": ""qwen_detection"", ""action_input"": {""finish_after_tool"": false, ""label"": ""冰青三辐锁紧轮""}, ""clarification_question"": """", ""decision_type"": ""tool"", ""end_reason"": """", ""final_answer"": """", ""thought"": ""先执行用户指定的检测器以取得当前结构化状态。""}, {""_planner_metrics"": {""api_call_ms"": 9656.097, ""first_api_call_ms"": 9656.097, ""first_finish_reason"": ""stop"", ""first_input_tokens"": 4336, ""first_output_tokens"": 74, ""first_total_tokens"": 4410, ""input_tokens"": 4336, ""output_tokens"": 74, ""parse_ms"": 0.15, ""planner_total_ms"": 9671.455, ""prompt_build_ms"": 0.485, ""retry_count"": 0, ""retry_reason"": """", ""total_tokens"": 4410}, ""action"": ""migration_advisor"", ""action_input"": {""finish_after_tool"": true, ""use_image"": true, ""use_visual_probe"": true, ""user_query"": ""类器官灌流培养台异常路径终验2905号""}, ""clarification_question"": """", ""decision_type"": ""tool"", ""end_reason"": """", ""final_answer"": """", ""thought"": ""最新状态未满足结束或重试条件，需要进入能力迁移评估。""}]",,6842.148,6827.684,4028,51,1,1,True,False
PROMV12-TA-010-REX-NR2,nonretryable_step2,完成本轮异常探针的最终路由：先使用Rex-Omni检测附件中的焦糖十字分流块，检测结果仅作为中间状态。最终需要判断非晶合金铸造炉重试边界复审8156号应继续现有能力、结束，还是进入迁移评估。自然语言里的故障等级和预算描述没有路由优先级，只读取本 query 最新 observation 的结构化键值。错误状态仅在 retryable=true 与 retry_count=0 同时成立时复用原检测器一次，否则调用迁移顾问。正常状态需要候选数、置信度、跨提示一致性和域偏移四个门槛全部通过才结束，任一否决项都转迁移。缺省、非法、冲突状态采取保守分支；已经重试一次的结果不能再次触发检测器。检测器必须设置 finish_after_tool=false；迁移顾问使用当前图片和视觉探针并设置 finish_after_tool=true。,True,examples/images/planner_retry_optimizer_matched_v12/caramel_cross_diverter.png,"[{""action"": ""rexomni_detection"", ""arg_contains"": {""label"": [""焦糖十字分流块""]}, ""decision_type"": ""tool"", ""required_args"": {""finish_after_tool"": false}}, {""action"": ""migration_advisor"", ""arg_contains"": {""user_query"": [""非晶合金铸造炉重试边界复审8156号""]}, ""decision_type"": ""tool"", ""required_args"": {""finish_after_tool"": true, ""use_image"": true, ""use_visual_probe"": true}}]","[""rag_answer"", ""re_question"", ""answerer"", ""flux-image-generation"", ""qwen_detection"", ""pipeline_eval""]","{""action_match"": 0.65, ""argument_match"": 0.1, ""decision_type_valid"": 0.03, ""final_tool_finish"": 0.1, ""finish_after_tool"": 0.1, ""json_valid"": 0.02, ""no_forbidden_action"": 0.1, ""no_premature_stop"": 0.1, ""no_repeated_tool"": 0.1, ""no_skip_required_probe"": 0.1, ""strict_action_match"": true, ""strict_argument_types"": true, ""wrong_action_cap"": 0.2}",True,1.0,"[""rexomni_detection"", ""migration_advisor""]",rexomni_detection,"[{""_planner_metrics"": {""api_call_ms"": 6782.361, ""first_api_call_ms"": 6782.361, ""first_finish_reason"": ""stop"", ""first_input_tokens"": 4015, ""first_output_tokens"": 49, ""first_total_tokens"": 4064, ""input_tokens"": 4015, ""output_tokens"": 49, ""parse_ms"": 0.125, ""planner_total_ms"": 6796.146, ""prompt_build_ms"": 0.418, ""retry_count"": 0, ""retry_reason"": """", ""total_tokens"": 4064}, ""action"": ""rexomni_detection"", ""action_input"": {""finish_after_tool"": false, ""label"": ""焦糖十字分流块""}, ""clarification_question"": """", ""decision_type"": ""tool"", ""end_reason"": """", ""final_answer"": """", ""thought"": ""先执行用户指定的检测器以取得当前结构化状态。""}, {""_planner_metrics"": {""api_call_ms"": 9504.796, ""first_api_call_ms"": 9504.796, ""first_finish_reason"": ""stop"", ""first_input_tokens"": 4320, ""first_output_tokens"": 72, ""first_total_tokens"": 4392, ""input_tokens"": 4320, ""output_tokens"": 72, ""parse_ms"": 0.15, ""planner_total_ms"": 9519.094, ""prompt_build_ms"": 0.474, ""retry_count"": 0, ""retry_reason"": """", ""total_tokens"": 4392}, ""action"": ""migration_advisor"", ""action_input"": {""finish_after_tool"": true, ""use_image"": true, ""use_visual_probe"": true, ""user_query"": ""非晶合金铸造炉重试边界复审8156号""}, ""clarification_question"": """", ""decision_type"": ""tool"", ""end_reason"": """", ""final_answer"": """", ""thought"": ""最新状态未满足结束或重试条件，需要进入能力迁移评估。""}]",,6796.146,6782.361,4015,49,1,1,True,False
PROMV12-TA-012-REX-PS3,post_retry_success_step3,完成本轮异常探针的最终路由：先使用Rex-Omni检测附件中的冰青三辐锁紧轮，检测结果仅作为中间状态。最终需要判断深水码头输油站稳定状态会签5128号应继续现有能力、结束，还是进入迁移评估。自然语言里的故障等级和预算描述没有路由优先级，只读取本 query 最新 observation 的结构化键值。错误状态仅在 retryable=true 与 retry_count=0 同时成立时复用原检测器一次，否则调用迁移顾问。正常状态需要候选数、置信度、跨提示一致性和域偏移四个门槛全部通过才结束，任一否决项都转迁移。缺省、非法、冲突状态采取保守分支；已经重试一次的结果不能再次触发检测器。检测器必须设置 finish_after_tool=false；迁移顾问使用当前图片和视觉探针并设置 finish_after_tool=true。,True,examples/images/planner_retry_optimizer_matched_v12/icecyan_three_spoke_lockwheel.png,"[{""action"": ""rexomni_detection"", ""arg_contains"": {""label"": [""冰青三辐锁紧轮""]}, ""decision_type"": ""tool"", ""required_args"": {""finish_after_tool"": false}}, {""action"": ""rexomni_detection"", ""arg_contains"": {""label"": [""冰青三辐锁紧轮""]}, ""decision_type"": ""tool"", ""required_args"": {""finish_after_tool"": false}}, {""arg_contains"": {}, ""decision_type"": ""end"", ""required_args"": {""end_reason"": ""memory_hit""}}]","[""rag_answer"", ""re_question"", ""answerer"", ""flux-image-generation"", ""qwen_detection"", ""pipeline_eval"", ""migration_advisor""]","{""action_match"": 0.65, ""argument_match"": 0.1, ""decision_type_valid"": 0.03, ""final_tool_finish"": 0.1, ""finish_after_tool"": 0.1, ""json_valid"": 0.02, ""no_forbidden_action"": 0.1, ""no_premature_stop"": 0.1, ""no_repeated_tool"": 0.1, ""no_skip_required_probe"": 0.1, ""strict_action_match"": true, ""strict_argument_types"": true, ""wrong_action_cap"": 0.2}",False,0.725,"[""rexomni_detection"", ""rexomni_detection"", ""migration_advisor""]",rexomni_detection,"[{""_planner_metrics"": {""api_call_ms"": 7144.825, ""first_api_call_ms"": 7144.825, ""first_finish_reason"": ""stop"", ""first_input_tokens"": 4024, ""first_output_tokens"": 52, ""first_total_tokens"": 4076, ""input_tokens"": 4024, ""output_tokens"": 52, ""parse_ms"": 0.137, ""planner_total_ms"": 7159.288, ""prompt_build_ms"": 0.405, ""retry_count"": 0, ""retry_reason"": """", ""total_tokens"": 4076}, ""action"": ""rexomni_detection"", ""action_input"": {""finish_after_tool"": false, ""label"": ""冰青三辐锁紧轮""}, ""clarification_question"": """", ""decision_type"": ""tool"", ""end_reason"": """", ""final_answer"": """", ""thought"": ""先执行用户指定的检测器以取得当前结构化状态。""}, {""_planner_metrics"": {""api_call_ms"": 7722.82, ""first_api_call_ms"": 7722.82, ""first_finish_reason"": ""stop"", ""first_input_tokens"": 4338, ""first_output_tokens"": 54, ""first_total_tokens"": 4392, ""input_tokens"": 4338, ""output_tokens"": 54, ""parse_ms"": 0.197, ""planner_total_ms"": 7737.602, ""prompt_build_ms"": 0.434, ""retry_count"": 0, ""retry_reason"": """", ""total_tokens"": 4392}, ""action"": ""rexomni_detection"", ""action_input"": {""finish_after_tool"": false, ""label"": ""冰青三辐锁紧轮""}, ""clarification_question"": """", ""decision_type"": ""tool"", ""end_reason"": """", ""final_answer"": """", ""thought"": ""最新状态满足错误重试条件，需要再次使用同一检测器。""}, {""_planner_metrics"": {""api_call_ms"": 9945.089, ""first_api_call_ms"": 9945.089, ""first_finish_reason"": ""stop"", ""first_input_tokens"": 4648, ""first_output_tokens"": 73, ""first_total_tokens"": 4721, ""input_tokens"": 4648, ""output_tokens"": 73, ""parse_ms"": 0.15, ""planner_total_ms"": 9961.882, ""prompt_build_ms"": 0.552, ""retry_count"": 0, ""retry_reason"": """", ""total_tokens"": 4721}, ""action"": ""migration_advisor"", ""action_input"": {""finish_after_tool"": true, ""use_image"": true, ""use_visual_probe"": true, ""user_query"": ""深水码头输油站稳定状态会签5128号""}, ""clarification_question"": """", ""decision_type"": ""tool"", ""end_reason"": """", ""final_answer"": """", ""thought"": ""最新状态未满足结束或重试条件，需要进入能力迁移评估。""}]","step3:decision_type expected 'end', got 'tool' | step3:action expected 'end', got 'migration_advisor' | step3:arg 'end_reason' expected 'memory_hit', got '' | forbidden:migration_advisor",7159.288,7144.825,4024,52,0,1,False,True
PROMV12-TA-005-REX-PE3,post_retry_error_step3,设备失联只是背景，仍须核对当前显式额度：先使用Rex-Omni检测附件中的冰青三辐锁紧轮，检测结果仅作为中间状态。最终需要判断类器官灌流培养台重试边界复审5611号应继续现有能力、结束，还是进入迁移评估。自然语言里的故障等级和预算描述没有路由优先级，只读取本 query 最新 observation 的结构化键值。错误状态仅在 retryable=true 与 retry_count=0 同时成立时复用原检测器一次，否则调用迁移顾问。正常状态需要候选数、置信度、跨提示一致性和域偏移四个门槛全部通过才结束，任一否决项都转迁移。缺省、非法、冲突状态采取保守分支；已经重试一次的结果不能再次触发检测器。检测器必须设置 finish_after_tool=false；迁移顾问使用当前图片和视觉探针并设置 finish_after_tool=true。,True,examples/images/planner_retry_optimizer_matched_v12/icecyan_three_spoke_lockwheel.png,"[{""action"": ""rexomni_detection"", ""arg_contains"": {""label"": [""冰青三辐锁紧轮""]}, ""decision_type"": ""tool"", ""required_args"": {""finish_after_tool"": false}}, {""action"": ""rexomni_detection"", ""arg_contains"": {""label"": [""冰青三辐锁紧轮""]}, ""decision_type"": ""tool"", ""required_args"": {""finish_after_tool"": false}}, {""action"": ""migration_advisor"", ""arg_contains"": {""user_query"": [""类器官灌流培养台重试边界复审5611号""]}, ""decision_type"": ""tool"", ""required_args"": {""finish_after_tool"": true, ""use_image"": true, ""use_visual_probe"": true}}]","[""rag_answer"", ""re_question"", ""answerer"", ""flux-image-generation"", ""qwen_detection"", ""pipeline_eval""]","{""action_match"": 0.65, ""argument_match"": 0.1, ""decision_type_valid"": 0.03, ""final_tool_finish"": 0.1, ""finish_after_tool"": 0.1, ""json_valid"": 0.02, ""no_forbidden_action"": 0.1, ""no_premature_stop"": 0.1, ""no_repeated_tool"": 0.1, ""no_skip_required_probe"": 0.1, ""strict_action_match"": true, ""strict_argument_types"": true, ""wrong_action_cap"": 0.2}",False,0.734375,"[""rexomni_detection"", ""rexomni_detection"", ""rexomni_detection""]",rexomni_detection,"[{""_planner_metrics"": {""api_call_ms"": 7207.879, ""first_api_call_ms"": 7207.879, ""first_finish_reason"": ""stop"", ""first_input_tokens"": 4036, ""first_output_tokens"": 52, ""first_total_tokens"": 4088, ""input_tokens"": 4036, ""output_tokens"": 52, ""parse_ms"": 0.121, ""planner_total_ms"": 7224.825, ""prompt_build_ms"": 0.499, ""retry_count"": 0, ""retry_reason"": """", ""total_tokens"": 4088}, ""action"": ""rexomni_detection"", ""action_input"": {""finish_after_tool"": false, ""label"": ""冰青三辐锁紧轮""}, ""clarification_question"": """", ""decision_type"": ""tool"", ""end_reason"": """", ""final_answer"": """", ""thought"": ""先执行用户指定的检测器以取得当前结构化状态。""}, {""_planner_metrics"": {""api_call_ms"": 7605.832, ""first_api_call_ms"": 7605.832, ""first_finish_reason"": ""stop"", ""first_input_tokens"": 4345, ""first_output_tokens"": 54, ""first_total_tokens"": 4399, ""input_tokens"": 4345, ""output_tokens"": 54, ""parse_ms"": 0.122, ""planner_total_ms"": 7621.442, ""prompt_build_ms"": 0.521, ""retry_count"": 0, ""retry_reason"": """", ""total_tokens"": 4399}, ""action"": ""rexomni_detection"", ""action_input"": {""finish_after_tool"": false, ""label"": ""冰青三辐锁紧轮""}, ""clarification_question"": """", ""decision_type"": ""tool"", ""end_reason"": """", ""final_answer"": """", ""thought"": ""最新状态满足错误状态重试条件，应继续使用同一检测器。""}, {""_planner_metrics"": {""api_call_ms"": 7754.997, ""first_api_call_ms"": 7754.997, ""first_finish_reason"": ""stop"", ""first_input_tokens"": 4655, ""first_output_tokens"": 54, ""first_total_tokens"": 4709, ""input_tokens"": 4655, ""output_tokens"": 54, ""parse_ms"": 0.133, ""planner_total_ms"": 7770.272, ""prompt_build_ms"": 0.507, ""retry_count"": 0, ""retry_reason"": """", ""total_tokens"": 4709}, ""action"": ""rexomni_detection"", ""action_input"": {""finish_after_tool"": false, ""label"": ""冰青三辐锁紧轮""}, ""clarification_question"": """", ""decision_type"": ""tool"", ""end_reason"": """", ""final_answer"": """", ""thought"": ""最新状态满足错误状态重试条件，应继续使用同一检测器。""}]","step3:action expected 'migration_advisor', got 'rexomni_detection' | step3:finish_after_tool expected True, got False | step3:arg 'use_image' expected True, got None | step3:arg 'use_visual_probe' expected True, got None | step3:arg 'user_query' expected to contain ['类器官灌流培养台重试边界复审5611号'], got None",7224.825,7207.879,4036,52,0,1,False,True
PROMV12-TA-012-QWEN-CF2,conflicting_state_step2,完成本轮异常探针的最终路由：先使用Qwen检测附件中的冰青三辐锁紧轮，检测结果仅作为中间状态。最终需要判断深水码头输油站稳定状态会签5128号应继续现有能力、结束，还是进入迁移评估。自然语言里的故障等级和预算描述没有路由优先级，只读取本 query 最新 observation 的结构化键值。错误状态仅在 retryable=true 与 retry_count=0 同时成立时复用原检测器一次，否则调用迁移顾问。正常状态需要候选数、置信度、跨提示一致性和域偏移四个门槛全部通过才结束，任一否决项都转迁移。缺省、非法、冲突状态采取保守分支；已经重试一次的结果不能再次触发检测器。检测器必须设置 finish_after_tool=false；迁移顾问使用当前图片和视觉探针并设置 finish_after_tool=true。,True,examples/images/planner_retry_optimizer_matched_v12/icecyan_three_spoke_lockwheel.png,"[{""action"": ""qwen_detection"", ""arg_contains"": {""label"": [""冰青三辐锁紧轮""]}, ""decision_type"": ""tool"", ""required_args"": {""finish_after_tool"": false}}, {""action"": ""migration_advisor"", ""arg_contains"": {""user_query"": [""深水码头输油站稳定状态会签5128号""]}, ""decision_type"": ""tool"", ""required_args"": {""finish_after_tool"": true, ""use_image"": true, ""use_visual_probe"": true}}]","[""rag_answer"", ""re_question"", ""answerer"", ""flux-image-generation"", ""rexomni_detection"", ""pipeline_eval""]","{""action_match"": 0.65, ""argument_match"": 0.1, ""decision_type_valid"": 0.03, ""final_tool_finish"": 0.1, ""finish_after_tool"": 0.1, ""json_valid"": 0.02, ""no_forbidden_action"": 0.1, ""no_premature_stop"": 0.1, ""no_repeated_tool"": 0.1, ""no_skip_required_probe"": 0.1, ""strict_action_match"": true, ""strict_argument_types"": true, ""wrong_action_cap"": 0.2}",True,1.0,"[""qwen_detection"", ""migration_advisor""]",qwen_detection,"[{""_planner_metrics"": {""api_call_ms"": 7093.106, ""first_api_call_ms"": 7093.106, ""first_finish_reason"": ""stop"", ""first_input_tokens"": 4018, ""first_output_tokens"": 51, ""first_total_tokens"": 4069, ""input_tokens"": 4018, ""output_tokens"": 51, ""parse_ms"": 0.137, ""planner_total_ms"": 7106.519, ""prompt_build_ms"": 0.453, ""retry_count"": 0, ""retry_reason"": """", ""total_tokens"": 4069}, ""action"": ""qwen_detection"", ""action_input"": {""finish_after_tool"": false, ""label"": ""冰青三辐锁紧轮""}, ""clarification_question"": """", ""decision_type"": ""tool"", ""end_reason"": """", ""final_answer"": """", ""thought"": ""先执行用户指定的检测器以取得当前结构化状态。""}, {""_planner_metrics"": {""api_call_ms"": 10072.368, ""first_api_call_ms"": 10072.368, ""first_finish_reason"": ""stop"", ""first_input_tokens"": 4318, ""first_output_tokens"": 73, ""first_total_tokens"": 4391, ""input_tokens"": 4318, ""output_tokens"": 73, ""parse_ms"": 0.141, ""planner_total_ms"": 10088.11, ""prompt_build_ms"": 0.543, ""retry_count"": 0, ""retry_reason"": """", ""total_tokens"": 4391}, ""action"": ""migration_advisor"", ""action_input"": {""finish_after_tool"": true, ""use_image"": true, ""use_visual_probe"": true, ""user_query"": ""深水码头输油站稳定状态会签5128号""}, ""clarification_question"": """", ""decision_type"": ""tool"", ""end_reason"": """", ""final_answer"": """", ""thought"": ""最新状态未满足结束或重试条件，需要进入能力迁移评估。""}]",,7106.519,7093.106,4018,51,1,1,True,False
PROMV12-TA-011-REX-PE3,post_retry_error_step3,迁移队列已经建立，请先裁决最新机器状态：先使用Rex-Omni检测附件中的焦糖十字分流块，检测结果仅作为中间状态。最终需要判断非晶合金铸造炉稳定状态会签6874号应继续现有能力、结束，还是进入迁移评估。自然语言里的故障等级和预算描述没有路由优先级，只读取本 query 最新 observation 的结构化键值。错误状态仅在 retryable=true 与 retry_count=0 同时成立时复用原检测器一次，否则调用迁移顾问。正常状态需要候选数、置信度、跨提示一致性和域偏移四个门槛全部通过才结束，任一否决项都转迁移。缺省、非法、冲突状态采取保守分支；已经重试一次的结果不能再次触发检测器。检测器必须设置 finish_after_tool=false；迁移顾问使用当前图片和视觉探针并设置 finish_after_tool=true。,True,examples/images/planner_retry_optimizer_matched_v12/caramel_cross_diverter.png,"[{""action"": ""rexomni_detection"", ""arg_contains"": {""label"": [""焦糖十字分流块""]}, ""decision_type"": ""tool"", ""required_args"": {""finish_after_tool"": false}}, {""action"": ""rexomni_detection"", ""arg_contains"": {""label"": [""焦糖十字分流块""]}, ""decision_type"": ""tool"", ""required_args"": {""finish_after_tool"": false}}, {""action"": ""migration_advisor"", ""arg_contains"": {""user_query"": [""非晶合金铸造炉稳定状态会签6874号""]}, ""decision_type"": ""tool"", ""required_args"": {""finish_after_tool"": true, ""use_image"": true, ""use_visual_probe"": true}}]","[""rag_answer"", ""re_question"", ""answerer"", ""flux-image-generation"", ""qwen_detection"", ""pipeline_eval""]","{""action_match"": 0.65, ""argument_match"": 0.1, ""decision_type_valid"": 0.03, ""final_tool_finish"": 0.1, ""finish_after_tool"": 0.1, ""json_valid"": 0.02, ""no_forbidden_action"": 0.1, ""no_premature_stop"": 0.1, ""no_repeated_tool"": 0.1, ""no_skip_required_probe"": 0.1, ""strict_action_match"": true, ""strict_argument_types"": true, ""wrong_action_cap"": 0.2}",False,0.734375,"[""rexomni_detection"", ""rexomni_detection"", ""rexomni_detection""]",rexomni_detection,"[{""_planner_metrics"": {""api_call_ms"": 6963.45, ""first_api_call_ms"": 6963.45, ""first_finish_reason"": ""stop"", ""first_input_tokens"": 4025, ""first_output_tokens"": 49, ""first_total_tokens"": 4074, ""input_tokens"": 4025, ""output_tokens"": 49, ""parse_ms"": 0.118, ""planner_total_ms"": 6977.852, ""prompt_build_ms"": 0.427, ""retry_count"": 0, ""retry_reason"": """", ""total_tokens"": 4074}, ""action"": ""rexomni_detection"", ""action_input"": {""finish_after_tool"": false, ""label"": ""焦糖十字分流块""}, ""clarification_question"": """", ""decision_type"": ""tool"", ""end_reason"": """", ""final_answer"": """", ""thought"": ""先执行用户指定的检测器以取得当前结构化状态。""}, {""_planner_metrics"": {""api_call_ms"": 7306.864, ""first_api_call_ms"": 7306.864, ""first_finish_reason"": ""stop"", ""first_input_tokens"": 4328, ""first_output_tokens"": 52, ""first_total_tokens"": 4380, ""input_tokens"": 4328, ""output_tokens"": 52, ""parse_ms"": 0.139, ""planner_total_ms"": 7320.905, ""prompt_build_ms"": 0.498, ""retry_count"": 0, ""retry_reason"": """", ""total_tokens"": 4380}, ""action"": ""rexomni_detection"", ""action_input"": {""finish_after_tool"": false, ""label"": ""焦糖十字分流块""}, ""clarification_question"": """", ""decision_type"": ""tool"", ""end_reason"": """", ""final_answer"": """", ""thought"": ""最新状态满足错误状态重试条件，需要再次使用同一检测器。""}, {""_planner_metrics"": {""api_call_ms"": 7461.862, ""first_api_call_ms"": 7461.862, ""first_finish_reason"": ""stop"", ""first_input_tokens"": 4633, ""first_output_tokens"": 52, ""first_total_tokens"": 4685, ""input_tokens"": 4633, ""output_tokens"": 52, ""parse_ms"": 0.205, ""planner_total_ms"": 7479.443, ""prompt_build_ms"": 0.487, ""retry_count"": 0, ""retry_reason"": """", ""total_tokens"": 4685}, ""action"": ""rexomni_detection"", ""action_input"": {""finish_after_tool"": false, ""label"": ""焦糖十字分流块""}, ""clarification_question"": """", ""decision_type"": ""tool"", ""end_reason"": """", ""final_answer"": """", ""thought"": ""最新状态满足错误状态重试条件，需要再次使用同一检测器。""}]","step3:action expected 'migration_advisor', got 'rexomni_detection' | step3:finish_after_tool expected True, got False | step3:arg 'use_image' expected True, got None | step3:arg 'use_visual_probe' expected True, got None | step3:arg 'user_query' expected to contain ['非晶合金铸造炉稳定状态会签6874号'], got None",6977.852,6963.45,4025,49,0,1,False,True
PROMV12-TA-009-QWEN-PE3,post_retry_error_step3,设备失联只是背景，仍须核对当前显式额度：先使用Qwen检测附件中的焦糖十字分流块，检测结果仅作为中间状态。最终需要判断火星车悬架试验间稳定状态会签3100号应继续现有能力、结束，还是进入迁移评估。自然语言里的故障等级和预算描述没有路由优先级，只读取本 query 最新 observation 的结构化键值。错误状态仅在 retryable=true 与 retry_count=0 同时成立时复用原检测器一次，否则调用迁移顾问。正常状态需要候选数、置信度、跨提示一致性和域偏移四个门槛全部通过才结束，任一否决项都转迁移。缺省、非法、冲突状态采取保守分支；已经重试一次的结果不能再次触发检测器。检测器必须设置 finish_after_tool=false；迁移顾问使用当前图片和视觉探针并设置 finish_after_tool=true。,True,examples/images/planner_retry_optimizer_matched_v12/caramel_cross_diverter.png,"[{""action"": ""qwen_detection"", ""arg_contains"": {""label"": [""焦糖十字分流块""]}, ""decision_type"": ""tool"", ""required_args"": {""finish_after_tool"": false}}, {""action"": ""qwen_detection"", ""arg_contains"": {""label"": [""焦糖十字分流块""]}, ""decision_type"": ""tool"", ""required_args"": {""finish_after_tool"": false}}, {""action"": ""migration_advisor"", ""arg_contains"": {""user_query"": [""火星车悬架试验间稳定状态会签3100号""]}, ""decision_type"": ""tool"", ""required_args"": {""finish_after_tool"": true, ""use_image"": true, ""use_visual_probe"": true}}]","[""rag_answer"", ""re_question"", ""answerer"", ""flux-image-generation"", ""rexomni_detection"", ""pipeline_eval""]","{""action_match"": 0.65, ""argument_match"": 0.1, ""decision_type_valid"": 0.03, ""final_tool_finish"": 0.1, ""finish_after_tool"": 0.1, ""json_valid"": 0.02, ""no_forbidden_action"": 0.1, ""no_premature_stop"": 0.1, ""no_repeated_tool"": 0.1, ""no_skip_required_probe"": 0.1, ""strict_action_match"": true, ""strict_argument_types"": true, ""wrong_action_cap"": 0.2}",False,0.734375,"[""qwen_detection"", ""qwen_detection"", ""qwen_detection""]",qwen_detection,"[{""_planner_metrics"": {""api_call_ms"": 6800.419, ""first_api_call_ms"": 6800.419, ""first_finish_reason"": ""stop"", ""first_input_tokens"": 4023, ""first_output_tokens"": 48, ""first_total_tokens"": 4071, ""input_tokens"": 4023, ""output_tokens"": 48, ""parse_ms"": 0.122, ""planner_total_ms"": 6817.371, ""prompt_build_ms"": 0.544, ""retry_count"": 0, ""retry_reason"": """", ""total_tokens"": 4071}, ""action"": ""qwen_detection"", ""action_input"": {""finish_after_tool"": false, ""label"": ""焦糖十字分流块""}, ""clarification_question"": """", ""decision_type"": ""tool"", ""end_reason"": """", ""final_answer"": """", ""thought"": ""先执行用户指定的检测器以取得当前结构化状态。""}, {""_planner_metrics"": {""api_call_ms"": 7005.736, ""first_api_call_ms"": 7005.736, ""first_finish_reason"": ""stop"", ""first_input_tokens"": 4329, ""first_output_tokens"": 49, ""first_total_tokens"": 4378, ""input_tokens"": 4329, ""output_tokens"": 49, ""parse_ms"": 0.132, ""planner_total_ms"": 7021.158, ""prompt_build_ms"": 0.504, ""retry_count"": 0, ""retry_reason"": """", ""total_tokens"": 4378}, ""action"": ""qwen_detection"", ""action_input"": {""finish_after_tool"": false, ""label"": ""焦糖十字分流块""}, ""clarification_question"": """", ""decision_type"": ""tool"", ""end_reason"": """", ""final_answer"": """", ""thought"": ""最新状态满足错误重试条件，需要复用同一检测器。""}, {""_planner_metrics"": {""api_call_ms"": 7132.627, ""first_api_call_ms"": 7132.627, ""first_finish_reason"": ""stop"", ""first_input_tokens"": 4634, ""first_output_tokens"": 49, ""first_total_tokens"": 4683, ""input_tokens"": 4634, ""output_tokens"": 49, ""parse_ms"": 0.131, ""planner_total_ms"": 7148.326, ""prompt_build_ms"": 0.487, ""retry_count"": 0, ""retry_reason"": """", ""total_tokens"": 4683}, ""action"": ""qwen_detection"", ""action_input"": {""finish_after_tool"": false, ""label"": ""焦糖十字分流块""}, ""clarification_question"": """", ""decision_type"": ""tool"", ""end_reason"": """", ""final_answer"": """", ""thought"": ""最新状态满足错误重试条件，需要复用同一检测器。""}]","step3:action expected 'migration_advisor', got 'qwen_detection' | step3:finish_after_tool expected True, got False | step3:arg 'use_image' expected True, got None | step3:arg 'use_visual_probe' expected True, got None | step3:arg 'user_query' expected to contain ['火星车悬架试验间稳定状态会签3100号'], got None",6817.371,6800.419,4023,48,0,1,False,True
PROMV12-TA-007-QWEN-CF2,conflicting_state_step2,旧故障结论不得覆盖最后一条结构化回执：先使用Qwen检测附件中的焦糖十字分流块，检测结果仅作为中间状态。最终需要判断类器官灌流培养台稳定状态会签3047号应继续现有能力、结束，还是进入迁移评估。自然语言里的故障等级和预算描述没有路由优先级，只读取本 query 最新 observation 的结构化键值。错误状态仅在 retryable=true 与 retry_count=0 同时成立时复用原检测器一次，否则调用迁移顾问。正常状态需要候选数、置信度、跨提示一致性和域偏移四个门槛全部通过才结束，任一否决项都转迁移。缺省、非法、冲突状态采取保守分支；已经重试一次的结果不能再次触发检测器。检测器必须设置 finish_after_tool=false；迁移顾问使用当前图片和视觉探针并设置 finish_after_tool=true。,True,examples/images/planner_retry_optimizer_matched_v12/caramel_cross_diverter.png,"[{""action"": ""qwen_detection"", ""arg_contains"": {""label"": [""焦糖十字分流块""]}, ""decision_type"": ""tool"", ""required_args"": {""finish_after_tool"": false}}, {""action"": ""migration_advisor"", ""arg_contains"": {""user_query"": [""类器官灌流培养台稳定状态会签3047号""]}, ""decision_type"": ""tool"", ""required_args"": {""finish_after_tool"": true, ""use_image"": true, ""use_visual_probe"": true}}]","[""rag_answer"", ""re_question"", ""answerer"", ""flux-image-generation"", ""rexomni_detection"", ""pipeline_eval""]","{""action_match"": 0.65, ""argument_match"": 0.1, ""decision_type_valid"": 0.03, ""final_tool_finish"": 0.1, ""finish_after_tool"": 0.1, ""json_valid"": 0.02, ""no_forbidden_action"": 0.1, ""no_premature_stop"": 0.1, ""no_repeated_tool"": 0.1, ""no_skip_required_probe"": 0.1, ""strict_action_match"": true, ""strict_argument_types"": true, ""wrong_action_cap"": 0.2}",True,1.0,"[""qwen_detection"", ""migration_advisor""]",qwen_detection,"[{""_planner_metrics"": {""api_call_ms"": 6785.674, ""first_api_call_ms"": 6785.674, ""first_finish_reason"": ""stop"", ""first_input_tokens"": 4019, ""first_output_tokens"": 48, ""first_total_tokens"": 4067, ""input_tokens"": 4019, ""output_tokens"": 48, ""parse_ms"": 0.118, ""planner_total_ms"": 6800.174, ""prompt_build_ms"": 0.447, ""retry_count"": 0, ""retry_reason"": """", ""total_tokens"": 4067}, ""action"": ""qwen_detection"", ""action_input"": {""finish_after_tool"": false, ""label"": ""焦糖十字分流块""}, ""clarification_question"": """", ""decision_type"": ""tool"", ""end_reason"": """", ""final_answer"": """", ""thought"": ""先执行用户指定的检测器以取得当前结构化状态。""}, {""_planner_metrics"": {""api_call_ms"": 9858.391, ""first_api_call_ms"": 9858.391, ""first_finish_reason"": ""stop"", ""first_input_tokens"": 4314, ""first_output_tokens"": 74, ""first_total_tokens"": 4388, ""input_tokens"": 4314, ""output_tokens"": 74, ""parse_ms"": 0.126, ""planner_total_ms"": 9873.16, ""prompt_build_ms"": 0.481, ""retry_count"": 0, ""retry_reason"": """", ""total_tokens"": 4388}, ""action"": ""migration_advisor"", ""action_input"": {""finish_after_tool"": true, ""use_image"": true, ""use_visual_probe"": true, ""user_query"": ""类器官灌流培养台稳定状态会签3047号""}, ""clarification_question"": """", ""decision_type"": ""tool"", ""end_reason"": """", ""final_answer"": """", ""thought"": ""最新状态未满足结束或迁移条件，需要继续按规则推进。""}]",,6800.174,6785.674,4019,48,1,1,True,False
PROMV12-TA-008-QWEN-NR2,nonretryable_step2,完成本轮异常探针的最终路由：先使用Qwen检测附件中的焦糖十字分流块，检测结果仅作为中间状态。最终需要判断非晶合金铸造炉异常路径终验9752号应继续现有能力、结束，还是进入迁移评估。自然语言里的故障等级和预算描述没有路由优先级，只读取本 query 最新 observation 的结构化键值。错误状态仅在 retryable=true 与 retry_count=0 同时成立时复用原检测器一次，否则调用迁移顾问。正常状态需要候选数、置信度、跨提示一致性和域偏移四个门槛全部通过才结束，任一否决项都转迁移。缺省、非法、冲突状态采取保守分支；已经重试一次的结果不能再次触发检测器。检测器必须设置 finish_after_tool=false；迁移顾问使用当前图片和视觉探针并设置 finish_after_tool=true。,True,examples/images/planner_retry_optimizer_matched_v12/caramel_cross_diverter.png,"[{""action"": ""qwen_detection"", ""arg_contains"": {""label"": [""焦糖十字分流块""]}, ""decision_type"": ""tool"", ""required_args"": {""finish_after_tool"": false}}, {""action"": ""migration_advisor"", ""arg_contains"": {""user_query"": [""非晶合金铸造炉异常路径终验9752号""]}, ""decision_type"": ""tool"", ""required_args"": {""finish_after_tool"": true, ""use_image"": true, ""use_visual_probe"": true}}]","[""rag_answer"", ""re_question"", ""answerer"", ""flux-image-generation"", ""rexomni_detection"", ""pipeline_eval""]","{""action_match"": 0.65, ""argument_match"": 0.1, ""decision_type_valid"": 0.03, ""final_tool_finish"": 0.1, ""finish_after_tool"": 0.1, ""json_valid"": 0.02, ""no_forbidden_action"": 0.1, ""no_premature_stop"": 0.1, ""no_repeated_tool"": 0.1, ""no_skip_required_probe"": 0.1, ""strict_action_match"": true, ""strict_argument_types"": true, ""wrong_action_cap"": 0.2}",True,1.0,"[""qwen_detection"", ""migration_advisor""]",qwen_detection,"[{""_planner_metrics"": {""api_call_ms"": 6701.258, ""first_api_call_ms"": 6701.258, ""first_finish_reason"": ""stop"", ""first_input_tokens"": 4011, ""first_output_tokens"": 48, ""first_total_tokens"": 4059, ""input_tokens"": 4011, ""output_tokens"": 48, ""parse_ms"": 0.118, ""planner_total_ms"": 6714.779, ""prompt_build_ms"": 0.441, ""retry_count"": 0, ""retry_reason"": """", ""total_tokens"": 4059}, ""action"": ""qwen_detection"", ""action_input"": {""finish_after_tool"": false, ""label"": ""焦糖十字分流块""}, ""clarification_question"": """", ""decision_type"": ""tool"", ""end_reason"": """", ""final_answer"": """", ""thought"": ""先执行用户指定的检测器以取得当前结构化状态。""}, {""_planner_metrics"": {""api_call_ms"": 9665.125, ""first_api_call_ms"": 9665.125, ""first_finish_reason"": ""stop"", ""first_input_tokens"": 4319, ""first_output_tokens"": 73, ""first_total_tokens"": 4392, ""input_tokens"": 4319, ""output_tokens"": 73, ""parse_ms"": 0.145, ""planner_total_ms"": 9679.825, ""prompt_build_ms"": 0.467, ""retry_count"": 0, ""retry_reason"": """", ""total_tokens"": 4392}, ""action"": ""migration_advisor"", ""action_input"": {""finish_after_tool"": true, ""use_image"": true, ""use_visual_probe"": true, ""user_query"": ""非晶合金铸造炉异常路径终验9752号""}, ""clarification_question"": """", ""decision_type"": ""tool"", ""end_reason"": """", ""final_answer"": """", ""thought"": ""最新状态未满足结束或重试条件，需要进入能力迁移评估。""}]",,6714.779,6701.258,4011,48,1,1,True,False
PROMV12-TA-001-QWEN-PE3,post_retry_error_step3,旧故障结论不得覆盖最后一条结构化回执：先使用Qwen检测附件中的冰青三辐锁紧轮，检测结果仅作为中间状态。最终需要判断火星车悬架试验间异常路径终验7873号应继续现有能力、结束，还是进入迁移评估。自然语言里的故障等级和预算描述没有路由优先级，只读取本 query 最新 observation 的结构化键值。错误状态仅在 retryable=true 与 retry_count=0 同时成立时复用原检测器一次，否则调用迁移顾问。正常状态需要候选数、置信度、跨提示一致性和域偏移四个门槛全部通过才结束，任一否决项都转迁移。缺省、非法、冲突状态采取保守分支；已经重试一次的结果不能再次触发检测器。检测器必须设置 finish_after_tool=false；迁移顾问使用当前图片和视觉探针并设置 finish_after_tool=true。,True,examples/images/planner_retry_optimizer_matched_v12/icecyan_three_spoke_lockwheel.png,"[{""action"": ""qwen_detection"", ""arg_contains"": {""label"": [""冰青三辐锁紧轮""]}, ""decision_type"": ""tool"", ""required_args"": {""finish_after_tool"": false}}, {""action"": ""qwen_detection"", ""arg_contains"": {""label"": [""冰青三辐锁紧轮""]}, ""decision_type"": ""tool"", ""required_args"": {""finish_after_tool"": false}}, {""action"": ""migration_advisor"", ""arg_contains"": {""user_query"": [""火星车悬架试验间异常路径终验7873号""]}, ""decision_type"": ""tool"", ""required_args"": {""finish_after_tool"": true, ""use_image"": true, ""use_visual_probe"": true}}]","[""rag_answer"", ""re_question"", ""answerer"", ""flux-image-generation"", ""rexomni_detection"", ""pipeline_eval""]","{""action_match"": 0.65, ""argument_match"": 0.1, ""decision_type_valid"": 0.03, ""final_tool_finish"": 0.1, ""finish_after_tool"": 0.1, ""json_valid"": 0.02, ""no_forbidden_action"": 0.1, ""no_premature_stop"": 0.1, ""no_repeated_tool"": 0.1, ""no_skip_required_probe"": 0.1, ""strict_action_match"": true, ""strict_argument_types"": true, ""wrong_action_cap"": 0.2}",False,0.703125,"[""qwen_detection"", ""migration_advisor"", ""migration_advisor""]",qwen_detection,"[{""_planner_metrics"": {""api_call_ms"": 7030.66, ""first_api_call_ms"": 7030.66, ""first_finish_reason"": ""stop"", ""first_input_tokens"": 4024, ""first_output_tokens"": 51, ""first_total_tokens"": 4075, ""input_tokens"": 4024, ""output_tokens"": 51, ""parse_ms"": 0.144, ""planner_total_ms"": 7044.546, ""prompt_build_ms"": 0.417, ""retry_count"": 0, ""retry_reason"": """", ""total_tokens"": 4075}, ""action"": ""qwen_detection"", ""action_input"": {""finish_after_tool"": false, ""label"": ""冰青三辐锁紧轮""}, ""clarification_question"": """", ""decision_type"": ""tool"", ""end_reason"": """", ""final_answer"": """", ""thought"": ""先执行用户指定的检测器以取得当前结构化状态。""}, {""_planner_metrics"": {""api_call_ms"": 9635.919, ""first_api_call_ms"": 9635.919, ""first_finish_reason"": ""stop"", ""first_input_tokens"": 4334, ""first_output_tokens"": 73, ""first_total_tokens"": 4407, ""input_tokens"": 4334, ""output_tokens"": 73, ""parse_ms"": 0.186, ""planner_total_ms"": 9651.796, ""prompt_build_ms"": 0.533, ""retry_count"": 0, ""retry_reason"": """", ""total_tokens"": 4407}, ""action"": ""migration_advisor"", ""action_input"": {""finish_after_tool"": true, ""use_image"": true, ""use_visual_probe"": true, ""user_query"": ""火星车悬架试验间异常路径终验7873号""}, ""clarification_question"": """", ""decision_type"": ""tool"", ""end_reason"": """", ""final_answer"": """", ""thought"": ""最新状态未满足结束或重试条件，需要进入能力迁移评估。""}, {""_planner_metrics"": {""api_call_ms"": 9821.576, ""first_api_call_ms"": 9821.576, ""first_finish_reason"": ""stop"", ""first_input_tokens"": 4670, ""first_output_tokens"": 73, ""first_total_tokens"": 4743, ""input_tokens"": 4670, ""output_tokens"": 73, ""parse_ms"": 0.192, ""planner_total_ms"": 9837.533, ""prompt_build_ms"": 0.56, ""retry_count"": 0, ""retry_reason"": """", ""total_tokens"": 4743}, ""action"": ""migration_advisor"", ""action_input"": {""finish_after_tool"": true, ""use_image"": true, ""use_visual_probe"": true, ""user_query"": ""火星车悬架试验间异常路径终验7873号""}, ""clarification_question"": """", ""decision_type"": ""tool"", ""end_reason"": """", ""final_answer"": """", ""thought"": ""最新状态未满足结束或重试条件，需要进入能力迁移评估。""}]","step2:action expected 'qwen_detection', got 'migration_advisor' | step2:finish_after_tool expected False, got True | step2:arg 'label' expected to contain ['冰青三辐锁紧轮'], got None",7044.546,7030.66,4024,51,0,1,False,True
PROMV12-TB-009-QWEN-FR2,fresh_retry_step2,能力迁移已候场，先核验最新探针回执：先使用Qwen检测附件中的金橙五星复检片，检测结果仅作为中间状态。最终需要判断林区无人机补给舱探针恢复复议6446号应继续现有能力、结束，还是进入迁移评估。自然语言里的故障等级和预算描述没有路由优先级，只读取本 query 最新 observation 的结构化键值。错误状态仅在 retryable=true 与 retry_count=0 同时成立时复用原检测器一次，否则调用迁移顾问。正常状态需要候选数、置信度、跨提示一致性和域偏移四个门槛全部通过才结束，任一否决项都转迁移。缺省、非法、冲突状态采取保守分支；已经重试一次的结果不能再次触发检测器。检测器必须设置 finish_after_tool=false；迁移顾问使用当前图片和视觉探针并设置 finish_after_tool=true。,True,examples/images/planner_retry_optimizer_matched_v12/goldorange_five_star_recheck.png,"[{""action"": ""qwen_detection"", ""arg_contains"": {""label"": [""金橙五星复检片""]}, ""decision_type"": ""tool"", ""required_args"": {""finish_after_tool"": false}}, {""action"": ""qwen_detection"", ""arg_contains"": {""label"": [""金橙五星复检片""]}, ""decision_type"": ""tool"", ""required_args"": {""finish_after_tool"": false}}, {""arg_contains"": {}, ""decision_type"": ""end"", ""required_args"": {""end_reason"": ""memory_hit""}}]","[""rag_answer"", ""re_question"", ""answerer"", ""flux-image-generation"", ""rexomni_detection"", ""pipeline_eval"", ""migration_advisor""]","{""action_match"": 0.65, ""argument_match"": 0.1, ""decision_type_valid"": 0.03, ""final_tool_finish"": 0.1, ""finish_after_tool"": 0.1, ""json_valid"": 0.02, ""no_forbidden_action"": 0.1, ""no_premature_stop"": 0.1, ""no_repeated_tool"": 0.1, ""no_skip_required_probe"": 0.1, ""strict_action_match"": true, ""strict_argument_types"": true, ""wrong_action_cap"": 0.2}",False,0.428125,"[""qwen_detection"", ""migration_advisor"", ""migration_advisor""]",qwen_detection,"[{""_planner_metrics"": {""api_call_ms"": 6830.59, ""first_api_call_ms"": 6830.59, ""first_finish_reason"": ""stop"", ""first_input_tokens"": 4019, ""first_output_tokens"": 49, ""first_total_tokens"": 4068, ""input_tokens"": 4019, ""output_tokens"": 49, ""parse_ms"": 0.125, ""planner_total_ms"": 6848.06, ""prompt_build_ms"": 0.512, ""retry_count"": 0, ""retry_reason"": """", ""total_tokens"": 4068}, ""action"": ""qwen_detection"", ""action_input"": {""finish_after_tool"": false, ""label"": ""金橙五星复检片""}, ""clarification_question"": """", ""decision_type"": ""tool"", ""end_reason"": """", ""final_answer"": """", ""thought"": ""先执行用户指定的检测器以取得当前结构化状态。""}, {""_planner_metrics"": {""api_call_ms"": 9413.665, ""first_api_call_ms"": 9413.665, ""first_finish_reason"": ""stop"", ""first_input_tokens"": 4326, ""first_output_tokens"": 71, ""first_total_tokens"": 4397, ""input_tokens"": 4326, ""output_tokens"": 71, ""parse_ms"": 0.145, ""planner_total_ms"": 9429.197, ""prompt_build_ms"": 0.48, ""retry_count"": 0, ""retry_reason"": """", ""total_tokens"": 4397}, ""action"": ""migration_advisor"", ""action_input"": {""finish_after_tool"": true, ""use_image"": true, ""use_visual_probe"": true, ""user_query"": ""林区无人机补给舱探针恢复复议6446号""}, ""clarification_question"": """", ""decision_type"": ""tool"", ""end_reason"": """", ""final_answer"": """", ""thought"": ""最新状态未满足结束或重试条件，需要进入能力迁移评估。""}, {""_planner_metrics"": {""api_call_ms"": 9602.665, ""first_api_call_ms"": 9602.665, ""first_finish_reason"": ""stop"", ""first_input_tokens"": 4656, ""first_output_tokens"": 71, ""first_total_tokens"": 4727, ""input_tokens"": 4656, ""output_tokens"": 71, ""parse_ms"": 0.151, ""planner_total_ms"": 9618.279, ""prompt_build_ms"": 0.531, ""retry_count"": 0, ""retry_reason"": """", ""total_tokens"": 4727}, ""action"": ""migration_advisor"", ""action_input"": {""finish_after_tool"": true, ""use_image"": true, ""use_visual_probe"": true, ""user_query"": ""林区无人机补给舱探针恢复复议6446号""}, ""clarification_question"": """", ""decision_type"": ""tool"", ""end_reason"": """", ""final_answer"": """", ""thought"": ""最新状态未满足结束或重试条件，需要进入能力迁移评估。""}]","step2:action expected 'qwen_detection', got 'migration_advisor' | step2:finish_after_tool expected False, got True | step2:arg 'label' expected to contain ['金橙五星复检片'], got None | step3:decision_type expected 'end', got 'tool' | step3:action expected 'end', got 'migration_advisor' | step3:arg 'end_reason' expected 'memory_hit', got '' | forbidden:migration_advisor | forbidden:migration_advisor",6848.06,6830.59,4019,49,0,1,False,True
PROMV12-TB-002-REX-PV3,post_retry_metric_veto_step3,能力迁移已候场，先核验最新探针回执：先使用Rex-Omni检测附件中的金橙五星复检片，检测结果仅作为中间状态。最终需要判断甚低频射电阵列探针恢复复议3574号应继续现有能力、结束，还是进入迁移评估。自然语言里的故障等级和预算描述没有路由优先级，只读取本 query 最新 observation 的结构化键值。错误状态仅在 retryable=true 与 retry_count=0 同时成立时复用原检测器一次，否则调用迁移顾问。正常状态需要候选数、置信度、跨提示一致性和域偏移四个门槛全部通过才结束，任一否决项都转迁移。缺省、非法、冲突状态采取保守分支；已经重试一次的结果不能再次触发检测器。检测器必须设置 finish_after_tool=false；迁移顾问使用当前图片和视觉探针并设置 finish_after_tool=true。,True,examples/images/planner_retry_optimizer_matched_v12/goldorange_five_star_recheck.png,"[{""action"": ""rexomni_detection"", ""arg_contains"": {""label"": [""金橙五星复检片""]}, ""decision_type"": ""tool"", ""required_args"": {""finish_after_tool"": false}}, {""action"": ""rexomni_detection"", ""arg_contains"": {""label"": [""金橙五星复检片""]}, ""decision_type"": ""tool"", ""required_args"": {""finish_after_tool"": false}}, {""action"": ""migration_advisor"", ""arg_contains"": {""user_query"": [""甚低频射电阵列探针恢复复议3574号""]}, ""decision_type"": ""tool"", ""required_args"": {""finish_after_tool"": true, ""use_image"": true, ""use_visual_probe"": true}}]","[""rag_answer"", ""re_question"", ""answerer"", ""flux-image-generation"", ""qwen_detection"", ""pipeline_eval""]","{""action_match"": 0.65, ""argument_match"": 0.1, ""decision_type_valid"": 0.03, ""final_tool_finish"": 0.1, ""finish_after_tool"": 0.1, ""json_valid"": 0.02, ""no_forbidden_action"": 0.1, ""no_premature_stop"": 0.1, ""no_repeated_tool"": 0.1, ""no_skip_required_probe"": 0.1, ""strict_action_match"": true, ""strict_argument_types"": true, ""wrong_action_cap"": 0.2}",False,0.428125,"[""rexomni_detection"", ""migration_advisor"", ""final_answer""]",rexomni_detection,"[{""_planner_metrics"": {""api_call_ms"": 6925.518, ""first_api_call_ms"": 6925.518, ""first_finish_reason"": ""stop"", ""first_input_tokens"": 4027, ""first_output_tokens"": 50, ""first_total_tokens"": 4077, ""input_tokens"": 4027, ""output_tokens"": 50, ""parse_ms"": 0.127, ""planner_total_ms"": 6939.622, ""prompt_build_ms"": 0.409, ""retry_count"": 0, ""retry_reason"": """", ""total_tokens"": 4077}, ""action"": ""rexomni_detection"", ""action_input"": {""finish_after_tool"": false, ""label"": ""金橙五星复检片""}, ""clarification_question"": """", ""decision_type"": ""tool"", ""end_reason"": """", ""final_answer"": """", ""thought"": ""先执行用户指定的检测器以取得当前结构化状态。""}, {""_planner_metrics"": {""api_call_ms"": 9554.414, ""first_api_call_ms"": 9554.414, ""first_finish_reason"": ""stop"", ""first_input_tokens"": 4333, ""first_output_tokens"": 72, ""first_total_tokens"": 4405, ""input_tokens"": 4333, ""output_tokens"": 72, ""parse_ms"": 0.123, ""planner_total_ms"": 9568.803, ""prompt_build_ms"": 0.448, ""retry_count"": 0, ""retry_reason"": """", ""total_tokens"": 4405}, ""action"": ""migration_advisor"", ""action_input"": {""finish_after_tool"": true, ""use_image"": true, ""use_visual_probe"": true, ""user_query"": ""甚低频射电阵列探针恢复复议3574号""}, ""clarification_question"": """", ""decision_type"": ""tool"", ""end_reason"": """", ""final_answer"": """", ""thought"": ""最新状态未满足重试或结束条件，需要进入能力迁移评估。""}, {""_planner_metrics"": {""api_call_ms"": 5113.099, ""first_api_call_ms"": 5113.099, ""first_finish_reason"": ""stop"", ""first_input_tokens"": 4660, ""first_output_tokens"": 31, ""first_total_tokens"": 4691, ""input_tokens"": 4660, ""output_tokens"": 31, ""parse_ms"": 0.111, ""planner_total_ms"": 5128.264, ""prompt_build_ms"": 0.507, ""retry_count"": 0, ""retry_reason"": """", ""total_tokens"": 4691}, ""action"": ""final_answer"", ""action_input"": {}, ""clarification_question"": """", ""decision_type"": ""end"", ""end_reason"": ""memory_hit"", ""final_answer"": """", ""thought"": ""最新状态已满足结束条件，可以收口。""}]","step2:action expected 'rexomni_detection', got 'migration_advisor' | step2:finish_after_tool expected False, got True | step2:arg 'label' expected to contain ['金橙五星复检片'], got None | step3:decision_type expected 'tool', got 'end' | step3:action expected 'migration_advisor', got 'end' | step3:finish_after_tool expected True, got None | step3:arg 'use_image' expected True, got None | step3:arg 'use_visual_probe' expected True, got None | step3:arg 'user_query' expected to contain ['甚低频射电阵列探针恢复复议3574号'], got None",6939.622,6925.518,4027,50,0,1,False,True
PROMV12-TB-001-QWEN-PE3,post_retry_error_step3,失联背景和当前预算并存时只使用显式字段：先使用Qwen检测附件中的金橙五星复检片，检测结果仅作为中间状态。最终需要判断碳化硅陶瓷烧结台异常额度会核2063号应继续现有能力、结束，还是进入迁移评估。自然语言里的故障等级和预算描述没有路由优先级，只读取本 query 最新 observation 的结构化键值。错误状态仅在 retryable=true 与 retry_count=0 同时成立时复用原检测器一次，否则调用迁移顾问。正常状态需要候选数、置信度、跨提示一致性和域偏移四个门槛全部通过才结束，任一否决项都转迁移。缺省、非法、冲突状态采取保守分支；已经重试一次的结果不能再次触发检测器。检测器必须设置 finish_after_tool=false；迁移顾问使用当前图片和视觉探针并设置 finish_after_tool=true。,True,examples/images/planner_retry_optimizer_matched_v12/goldorange_five_star_recheck.png,"[{""action"": ""qwen_detection"", ""arg_contains"": {""label"": [""金橙五星复检片""]}, ""decision_type"": ""tool"", ""required_args"": {""finish_after_tool"": false}}, {""action"": ""qwen_detection"", ""arg_contains"": {""label"": [""金橙五星复检片""]}, ""decision_type"": ""tool"", ""required_args"": {""finish_after_tool"": false}}, {""action"": ""migration_advisor"", ""arg_contains"": {""user_query"": [""碳化硅陶瓷烧结台异常额度会核2063号""]}, ""decision_type"": ""tool"", ""required_args"": {""finish_after_tool"": true, ""use_image"": true, ""use_visual_probe"": true}}]","[""rag_answer"", ""re_question"", ""answerer"", ""flux-image-generation"", ""rexomni_detection"", ""pipeline_eval""]","{""action_match"": 0.65, ""argument_match"": 0.1, ""decision_type_valid"": 0.03, ""final_tool_finish"": 0.1, ""finish_after_tool"": 0.1, ""json_valid"": 0.02, ""no_forbidden_action"": 0.1, ""no_premature_stop"": 0.1, ""no_repeated_tool"": 0.1, ""no_skip_required_probe"": 0.1, ""strict_action_match"": true, ""strict_argument_types"": true, ""wrong_action_cap"": 0.2}",False,0.703125,"[""qwen_detection"", ""migration_advisor"", ""migration_advisor""]",qwen_detection,"[{""_planner_metrics"": {""api_call_ms"": 6841.296, ""first_api_call_ms"": 6841.296, ""first_finish_reason"": ""stop"", ""first_input_tokens"": 4023, ""first_output_tokens"": 49, ""first_total_tokens"": 4072, ""input_tokens"": 4023, ""output_tokens"": 49, ""parse_ms"": 0.165, ""planner_total_ms"": 6856.188, ""prompt_build_ms"": 0.492, ""retry_count"": 0, ""retry_reason"": """", ""total_tokens"": 4072}, ""action"": ""qwen_detection"", ""action_input"": {""finish_after_tool"": false, ""label"": ""金橙五星复检片""}, ""clarification_question"": """", ""decision_type"": ""tool"", ""end_reason"": """", ""final_answer"": """", ""thought"": ""先执行用户指定的检测器以取得当前结构化状态。""}, {""_planner_metrics"": {""api_call_ms"": 9255.217, ""first_api_call_ms"": 9255.217, ""first_finish_reason"": ""stop"", ""first_input_tokens"": 4332, ""first_output_tokens"": 73, ""first_total_tokens"": 4405, ""input_tokens"": 4332, ""output_tokens"": 73, ""parse_ms"": 0.203, ""planner_total_ms"": 9270.837, ""prompt_build_ms"": 0.428, ""retry_count"": 0, ""retry_reason"": """", ""total_tokens"": 4405}, ""action"": ""migration_advisor"", ""action_input"": {""finish_after_tool"": true, ""use_image"": true, ""use_visual_probe"": true, ""user_query"": ""碳化硅陶瓷烧结台异常额度会核2063号""}, ""clarification_question"": """", ""decision_type"": ""tool"", ""end_reason"": """", ""final_answer"": """", ""thought"": ""最新状态未满足结束或重试条件，需要进入能力迁移评估。""}, {""_planner_metrics"": {""api_call_ms"": 9298.684, ""first_api_call_ms"": 9298.684, ""first_finish_reason"": ""stop"", ""first_input_tokens"": 4672, ""first_output_tokens"": 73, ""first_total_tokens"": 4745, ""input_tokens"": 4672, ""output_tokens"": 73, ""parse_ms"": 0.175, ""planner_total_ms"": 9316.644, ""prompt_build_ms"": 0.528, ""retry_count"": 0, ""retry_reason"": """", ""total_tokens"": 4745}, ""action"": ""migration_advisor"", ""action_input"": {""finish_after_tool"": true, ""use_image"": true, ""use_visual_probe"": true, ""user_query"": ""碳化硅陶瓷烧结台异常额度会核2063号""}, ""clarification_question"": """", ""decision_type"": ""tool"", ""end_reason"": """", ""final_answer"": """", ""thought"": ""最新状态未满足结束或重试条件，需要进入能力迁移评估。""}]","step2:action expected 'qwen_detection', got 'migration_advisor' | step2:finish_after_tool expected False, got True | step2:arg 'label' expected to contain ['金橙五星复检片'], got None",6856.188,6841.296,4023,49,0,1,False,True
PROMV12-TB-011-QWEN-CS2,current_success_step2,历史文字可能误导，本轮以后写入的 observation 为准：先使用Qwen检测附件中的金橙五星复检片，检测结果仅作为中间状态。最终需要判断甚低频射电阵列异常额度会核5850号应继续现有能力、结束，还是进入迁移评估。自然语言里的故障等级和预算描述没有路由优先级，只读取本 query 最新 observation 的结构化键值。错误状态仅在 retryable=true 与 retry_count=0 同时成立时复用原检测器一次，否则调用迁移顾问。正常状态需要候选数、置信度、跨提示一致性和域偏移四个门槛全部通过才结束，任一否决项都转迁移。缺省、非法、冲突状态采取保守分支；已经重试一次的结果不能再次触发检测器。检测器必须设置 finish_after_tool=false；迁移顾问使用当前图片和视觉探针并设置 finish_after_tool=true。,True,examples/images/planner_retry_optimizer_matched_v12/goldorange_five_star_recheck.png,"[{""action"": ""qwen_detection"", ""arg_contains"": {""label"": [""金橙五星复检片""]}, ""decision_type"": ""tool"", ""required_args"": {""finish_after_tool"": false}}, {""arg_contains"": {}, ""decision_type"": ""end"", ""required_args"": {""end_reason"": ""memory_hit""}}]","[""rag_answer"", ""re_question"", ""answerer"", ""flux-image-generation"", ""rexomni_detection"", ""pipeline_eval"", ""migration_advisor""]","{""action_match"": 0.65, ""argument_match"": 0.1, ""decision_type_valid"": 0.03, ""final_tool_finish"": 0.1, ""finish_after_tool"": 0.1, ""json_valid"": 0.02, ""no_forbidden_action"": 0.1, ""no_premature_stop"": 0.1, ""no_repeated_tool"": 0.1, ""no_skip_required_probe"": 0.1, ""strict_action_match"": true, ""strict_argument_types"": true, ""wrong_action_cap"": 0.2}",True,1.0,"[""qwen_detection"", ""final_answer""]",qwen_detection,"[{""_planner_metrics"": {""api_call_ms"": 6495.726, ""first_api_call_ms"": 6495.726, ""first_finish_reason"": ""stop"", ""first_input_tokens"": 4022, ""first_output_tokens"": 49, ""first_total_tokens"": 4071, ""input_tokens"": 4022, ""output_tokens"": 49, ""parse_ms"": 0.109, ""planner_total_ms"": 6509.661, ""prompt_build_ms"": 0.443, ""retry_count"": 0, ""retry_reason"": """", ""total_tokens"": 4071}, ""action"": ""qwen_detection"", ""action_input"": {""finish_after_tool"": false, ""label"": ""金橙五星复检片""}, ""clarification_question"": """", ""decision_type"": ""tool"", ""end_reason"": """", ""final_answer"": """", ""thought"": ""先执行用户指定的检测器以取得当前结构化状态。""}, {""_planner_metrics"": {""api_call_ms"": 5081.585, ""first_api_call_ms"": 5081.585, ""first_finish_reason"": ""stop"", ""first_input_tokens"": 4329, ""first_output_tokens"": 34, ""first_total_tokens"": 4363, ""input_tokens"": 4329, ""output_tokens"": 34, ""parse_ms"": 0.104, ""planner_total_ms"": 5096.665, ""prompt_build_ms"": 0.52, ""retry_count"": 0, ""retry_reason"": """", ""total_tokens"": 4363}, ""action"": ""final_answer"", ""action_input"": {}, ""clarification_question"": """", ""decision_type"": ""end"", ""end_reason"": ""memory_hit"", ""final_answer"": """", ""thought"": ""最新结构化状态已满足全部硬门槛，可以结束本轮规划。""}]",,6509.661,6495.726,4022,49,1,1,True,False
PROMV12-TB-007-QWEN-CS2,current_success_step2,失联背景和当前预算并存时只使用显式字段：先使用Qwen检测附件中的玄铜弧顶缓冲座，检测结果仅作为中间状态。最终需要判断碳化硅陶瓷烧结台探针恢复复议4867号应继续现有能力、结束，还是进入迁移评估。自然语言里的故障等级和预算描述没有路由优先级，只读取本 query 最新 observation 的结构化键值。错误状态仅在 retryable=true 与 retry_count=0 同时成立时复用原检测器一次，否则调用迁移顾问。正常状态需要候选数、置信度、跨提示一致性和域偏移四个门槛全部通过才结束，任一否决项都转迁移。缺省、非法、冲突状态采取保守分支；已经重试一次的结果不能再次触发检测器。检测器必须设置 finish_after_tool=false；迁移顾问使用当前图片和视觉探针并设置 finish_after_tool=true。,True,examples/images/planner_retry_optimizer_matched_v12/darkbronze_arch_buffer.png,"[{""action"": ""qwen_detection"", ""arg_contains"": {""label"": [""玄铜弧顶缓冲座""]}, ""decision_type"": ""tool"", ""required_args"": {""finish_after_tool"": false}}, {""arg_contains"": {}, ""decision_type"": ""end"", ""required_args"": {""end_reason"": ""memory_hit""}}]","[""rag_answer"", ""re_question"", ""answerer"", ""flux-image-generation"", ""rexomni_detection"", ""pipeline_eval"", ""migration_advisor""]","{""action_match"": 0.65, ""argument_match"": 0.1, ""decision_type_valid"": 0.03, ""final_tool_finish"": 0.1, ""finish_after_tool"": 0.1, ""json_valid"": 0.02, ""no_forbidden_action"": 0.1, ""no_premature_stop"": 0.1, ""no_repeated_tool"": 0.1, ""no_skip_required_probe"": 0.1, ""strict_action_match"": true, ""strict_argument_types"": true, ""wrong_action_cap"": 0.2}",True,1.0,"[""qwen_detection"", ""final_answer""]",qwen_detection,"[{""_planner_metrics"": {""api_call_ms"": 6659.057, ""first_api_call_ms"": 6659.057, ""first_finish_reason"": ""stop"", ""first_input_tokens"": 4019, ""first_output_tokens"": 50, ""first_total_tokens"": 4069, ""input_tokens"": 4019, ""output_tokens"": 50, ""parse_ms"": 0.117, ""planner_total_ms"": 6672.266, ""prompt_build_ms"": 0.391, ""retry_count"": 0, ""retry_reason"": """", ""total_tokens"": 4069}, ""action"": ""qwen_detection"", ""action_input"": {""finish_after_tool"": false, ""label"": ""玄铜弧顶缓冲座""}, ""clarification_question"": """", ""decision_type"": ""tool"", ""end_reason"": """", ""final_answer"": """", ""thought"": ""先执行用户指定的检测器以取得当前结构化状态。""}, {""_planner_metrics"": {""api_call_ms"": 4998.754, ""first_api_call_ms"": 4998.754, ""first_finish_reason"": ""stop"", ""first_input_tokens"": 4317, ""first_output_tokens"": 33, ""first_total_tokens"": 4350, ""input_tokens"": 4317, ""output_tokens"": 33, ""parse_ms"": 0.1, ""planner_total_ms"": 5013.045, ""prompt_build_ms"": 0.471, ""retry_count"": 0, ""retry_reason"": """", ""total_tokens"": 4350}, ""action"": ""final_answer"", ""action_input"": {}, ""clarification_question"": """", ""decision_type"": ""end"", ""end_reason"": ""memory_hit"", ""final_answer"": """", ""thought"": ""最新状态已满足全部硬门槛，可以结束本轮规划。""}]",,6672.266,6659.057,4019,50,1,1,True,False
PROMV12-TB-003-QWEN-CS2,current_success_step2,读取这次机器状态并选择唯一动作：先使用Qwen检测附件中的玄铜弧顶缓冲座，检测结果仅作为中间状态。最终需要判断林区无人机补给舱回执分支终签9158号应继续现有能力、结束，还是进入迁移评估。自然语言里的故障等级和预算描述没有路由优先级，只读取本 query 最新 observation 的结构化键值。错误状态仅在 retryable=true 与 retry_count=0 同时成立时复用原检测器一次，否则调用迁移顾问。正常状态需要候选数、置信度、跨提示一致性和域偏移四个门槛全部通过才结束，任一否决项都转迁移。缺省、非法、冲突状态采取保守分支；已经重试一次的结果不能再次触发检测器。检测器必须设置 finish_after_tool=false；迁移顾问使用当前图片和视觉探针并设置 finish_after_tool=true。,True,examples/images/planner_retry_optimizer_matched_v12/darkbronze_arch_buffer.png,"[{""action"": ""qwen_detection"", ""arg_contains"": {""label"": [""玄铜弧顶缓冲座""]}, ""decision_type"": ""tool"", ""required_args"": {""finish_after_tool"": false}}, {""arg_contains"": {}, ""decision_type"": ""end"", ""required_args"": {""end_reason"": ""memory_hit""}}]","[""rag_answer"", ""re_question"", ""answerer"", ""flux-image-generation"", ""rexomni_detection"", ""pipeline_eval"", ""migration_advisor""]","{""action_match"": 0.65, ""argument_match"": 0.1, ""decision_type_valid"": 0.03, ""final_tool_finish"": 0.1, ""finish_after_tool"": 0.1, ""json_valid"": 0.02, ""no_forbidden_action"": 0.1, ""no_premature_stop"": 0.1, ""no_repeated_tool"": 0.1, ""no_skip_required_probe"": 0.1, ""strict_action_match"": true, ""strict_argument_types"": true, ""wrong_action_cap"": 0.2}",True,1.0,"[""qwen_detection"", ""final_answer""]",qwen_detection,"[{""_planner_metrics"": {""api_call_ms"": 6657.747, ""first_api_call_ms"": 6657.747, ""first_finish_reason"": ""stop"", ""first_input_tokens"": 4013, ""first_output_tokens"": 50, ""first_total_tokens"": 4063, ""input_tokens"": 4013, ""output_tokens"": 50, ""parse_ms"": 0.123, ""planner_total_ms"": 6671.808, ""prompt_build_ms"": 0.408, ""retry_count"": 0, ""retry_reason"": """", ""total_tokens"": 4063}, ""action"": ""qwen_detection"", ""action_input"": {""finish_after_tool"": false, ""label"": ""玄铜弧顶缓冲座""}, ""clarification_question"": """", ""decision_type"": ""tool"", ""end_reason"": """", ""final_answer"": """", ""thought"": ""先执行用户指定的检测器以取得当前结构化状态。""}, {""_planner_metrics"": {""api_call_ms"": 5077.32, ""first_api_call_ms"": 5077.32, ""first_finish_reason"": ""stop"", ""first_input_tokens"": 4319, ""first_output_tokens"": 34, ""first_total_tokens"": 4353, ""input_tokens"": 4319, ""output_tokens"": 34, ""parse_ms"": 0.112, ""planner_total_ms"": 5092.265, ""prompt_build_ms"": 0.427, ""retry_count"": 0, ""retry_reason"": """", ""total_tokens"": 4353}, ""action"": ""final_answer"", ""action_input"": {}, ""clarification_question"": """", ""decision_type"": ""end"", ""end_reason"": ""memory_hit"", ""final_answer"": """", ""thought"": ""最新结构化状态已满足全部硬门槛，可以结束本轮规划。""}]",,6671.808,6657.747,4013,50,1,1,True,False
PROMV12-TB-008-QWEN-CF2,conflicting_state_step2,能力迁移已候场，先核验最新探针回执：先使用Qwen检测附件中的玄铜弧顶缓冲座，检测结果仅作为中间状态。最终需要判断流域梯级调度闸站探针恢复复议4894号应继续现有能力、结束，还是进入迁移评估。自然语言里的故障等级和预算描述没有路由优先级，只读取本 query 最新 observation 的结构化键值。错误状态仅在 retryable=true 与 retry_count=0 同时成立时复用原检测器一次，否则调用迁移顾问。正常状态需要候选数、置信度、跨提示一致性和域偏移四个门槛全部通过才结束，任一否决项都转迁移。缺省、非法、冲突状态采取保守分支；已经重试一次的结果不能再次触发检测器。检测器必须设置 finish_after_tool=false；迁移顾问使用当前图片和视觉探针并设置 finish_after_tool=true。,True,examples/images/planner_retry_optimizer_matched_v12/darkbronze_arch_buffer.png,"[{""action"": ""qwen_detection"", ""arg_contains"": {""label"": [""玄铜弧顶缓冲座""]}, ""decision_type"": ""tool"", ""required_args"": {""finish_after_tool"": false}}, {""action"": ""migration_advisor"", ""arg_contains"": {""user_query"": [""流域梯级调度闸站探针恢复复议4894号""]}, ""decision_type"": ""tool"", ""required_args"": {""finish_after_tool"": true, ""use_image"": true, ""use_visual_probe"": true}}]","[""rag_answer"", ""re_question"", ""answerer"", ""flux-image-generation"", ""rexomni_detection"", ""pipeline_eval""]","{""action_match"": 0.65, ""argument_match"": 0.1, ""decision_type_valid"": 0.03, ""final_tool_finish"": 0.1, ""finish_after_tool"": 0.1, ""json_valid"": 0.02, ""no_forbidden_action"": 0.1, ""no_premature_stop"": 0.1, ""no_repeated_tool"": 0.1, ""no_skip_required_probe"": 0.1, ""strict_action_match"": true, ""strict_argument_types"": true, ""wrong_action_cap"": 0.2}",True,1.0,"[""qwen_detection"", ""migration_advisor""]",qwen_detection,"[{""_planner_metrics"": {""api_call_ms"": 6588.182, ""first_api_call_ms"": 6588.182, ""first_finish_reason"": ""stop"", ""first_input_tokens"": 4024, ""first_output_tokens"": 50, ""first_total_tokens"": 4074, ""input_tokens"": 4024, ""output_tokens"": 50, ""parse_ms"": 0.116, ""planner_total_ms"": 6602.264, ""prompt_build_ms"": 0.426, ""retry_count"": 0, ""retry_reason"": """", ""total_tokens"": 4074}, ""action"": ""qwen_detection"", ""action_input"": {""finish_after_tool"": false, ""label"": ""玄铜弧顶缓冲座""}, ""clarification_question"": """", ""decision_type"": ""tool"", ""end_reason"": """", ""final_answer"": """", ""thought"": ""先执行用户指定的检测器以取得当前结构化状态。""}, {""_planner_metrics"": {""api_call_ms"": 9232.017, ""first_api_call_ms"": 9232.017, ""first_finish_reason"": ""stop"", ""first_input_tokens"": 4326, ""first_output_tokens"": 73, ""first_total_tokens"": 4399, ""input_tokens"": 4326, ""output_tokens"": 73, ""parse_ms"": 0.134, ""planner_total_ms"": 9246.62, ""prompt_build_ms"": 0.479, ""retry_count"": 0, ""retry_reason"": """", ""total_tokens"": 4399}, ""action"": ""migration_advisor"", ""action_input"": {""finish_after_tool"": true, ""use_image"": true, ""use_visual_probe"": true, ""user_query"": ""流域梯级调度闸站探针恢复复议4894号""}, ""clarification_question"": """", ""decision_type"": ""tool"", ""end_reason"": """", ""final_answer"": """", ""thought"": ""最新状态未满足结束或重试条件，需要进入能力迁移评估。""}]",,6602.264,6588.182,4024,50,1,1,True,False
PROMV12-TB-003-REX-NR2,nonretryable_step2,读取这次机器状态并选择唯一动作：先使用Rex-Omni检测附件中的玄铜弧顶缓冲座，检测结果仅作为中间状态。最终需要判断林区无人机补给舱回执分支终签9158号应继续现有能力、结束，还是进入迁移评估。自然语言里的故障等级和预算描述没有路由优先级，只读取本 query 最新 observation 的结构化键值。错误状态仅在 retryable=true 与 retry_count=0 同时成立时复用原检测器一次，否则调用迁移顾问。正常状态需要候选数、置信度、跨提示一致性和域偏移四个门槛全部通过才结束，任一否决项都转迁移。缺省、非法、冲突状态采取保守分支；已经重试一次的结果不能再次触发检测器。检测器必须设置 finish_after_tool=false；迁移顾问使用当前图片和视觉探针并设置 finish_after_tool=true。,True,examples/images/planner_retry_optimizer_matched_v12/darkbronze_arch_buffer.png,"[{""action"": ""rexomni_detection"", ""arg_contains"": {""label"": [""玄铜弧顶缓冲座""]}, ""decision_type"": ""tool"", ""required_args"": {""finish_after_tool"": false}}, {""action"": ""migration_advisor"", ""arg_contains"": {""user_query"": [""林区无人机补给舱回执分支终签9158号""]}, ""decision_type"": ""tool"", ""required_args"": {""finish_after_tool"": true, ""use_image"": true, ""use_visual_probe"": true}}]","[""rag_answer"", ""re_question"", ""answerer"", ""flux-image-generation"", ""qwen_detection"", ""pipeline_eval""]","{""action_match"": 0.65, ""argument_match"": 0.1, ""decision_type_valid"": 0.03, ""final_tool_finish"": 0.1, ""finish_after_tool"": 0.1, ""json_valid"": 0.02, ""no_forbidden_action"": 0.1, ""no_premature_stop"": 0.1, ""no_repeated_tool"": 0.1, ""no_skip_required_probe"": 0.1, ""strict_action_match"": true, ""strict_argument_types"": true, ""wrong_action_cap"": 0.2}",True,1.0,"[""rexomni_detection"", ""migration_advisor""]",rexomni_detection,"[{""_planner_metrics"": {""api_call_ms"": 6715.504, ""first_api_call_ms"": 6715.504, ""first_finish_reason"": ""stop"", ""first_input_tokens"": 4022, ""first_output_tokens"": 51, ""first_total_tokens"": 4073, ""input_tokens"": 4022, ""output_tokens"": 51, ""parse_ms"": 0.193, ""planner_total_ms"": 6729.344, ""prompt_build_ms"": 0.427, ""retry_count"": 0, ""retry_reason"": """", ""total_tokens"": 4073}, ""action"": ""rexomni_detection"", ""action_input"": {""finish_after_tool"": false, ""label"": ""玄铜弧顶缓冲座""}, ""clarification_question"": """", ""decision_type"": ""tool"", ""end_reason"": """", ""final_answer"": """", ""thought"": ""先执行用户指定的检测器以取得当前结构化状态。""}, {""_planner_metrics"": {""api_call_ms"": 9050.564, ""first_api_call_ms"": 9050.564, ""first_finish_reason"": ""stop"", ""first_input_tokens"": 4334, ""first_output_tokens"": 72, ""first_total_tokens"": 4406, ""input_tokens"": 4334, ""output_tokens"": 72, ""parse_ms"": 0.145, ""planner_total_ms"": 9065.965, ""prompt_build_ms"": 0.571, ""retry_count"": 0, ""retry_reason"": """", ""total_tokens"": 4406}, ""action"": ""migration_advisor"", ""action_input"": {""finish_after_tool"": true, ""use_image"": true, ""use_visual_probe"": true, ""user_query"": ""林区无人机补给舱回执分支终签9158号""}, ""clarification_question"": """", ""decision_type"": ""tool"", ""end_reason"": """", ""final_answer"": """", ""thought"": ""最新状态未满足结束或重试条件，需要进入能力迁移评估。""}]",,6729.344,6715.504,4022,51,1,1,True,False
PROMV12-TB-001-REX-CS2,current_success_step2,失联背景和当前预算并存时只使用显式字段：先使用Rex-Omni检测附件中的金橙五星复检片，检测结果仅作为中间状态。最终需要判断碳化硅陶瓷烧结台异常额度会核2063号应继续现有能力、结束，还是进入迁移评估。自然语言里的故障等级和预算描述没有路由优先级，只读取本 query 最新 observation 的结构化键值。错误状态仅在 retryable=true 与 retry_count=0 同时成立时复用原检测器一次，否则调用迁移顾问。正常状态需要候选数、置信度、跨提示一致性和域偏移四个门槛全部通过才结束，任一否决项都转迁移。缺省、非法、冲突状态采取保守分支；已经重试一次的结果不能再次触发检测器。检测器必须设置 finish_after_tool=false；迁移顾问使用当前图片和视觉探针并设置 finish_after_tool=true。,True,examples/images/planner_retry_optimizer_matched_v12/goldorange_five_star_recheck.png,"[{""action"": ""rexomni_detection"", ""arg_contains"": {""label"": [""金橙五星复检片""]}, ""decision_type"": ""tool"", ""required_args"": {""finish_after_tool"": false}}, {""arg_contains"": {}, ""decision_type"": ""end"", ""required_args"": {""end_reason"": ""memory_hit""}}]","[""rag_answer"", ""re_question"", ""answerer"", ""flux-image-generation"", ""qwen_detection"", ""pipeline_eval"", ""migration_advisor""]","{""action_match"": 0.65, ""argument_match"": 0.1, ""decision_type_valid"": 0.03, ""final_tool_finish"": 0.1, ""finish_after_tool"": 0.1, ""json_valid"": 0.02, ""no_forbidden_action"": 0.1, ""no_premature_stop"": 0.1, ""no_repeated_tool"": 0.1, ""no_skip_required_probe"": 0.1, ""strict_action_match"": true, ""strict_argument_types"": true, ""wrong_action_cap"": 0.2}",True,1.0,"[""rexomni_detection"", ""final_answer""]",rexomni_detection,"[{""_planner_metrics"": {""api_call_ms"": 6625.768, ""first_api_call_ms"": 6625.768, ""first_finish_reason"": ""stop"", ""first_input_tokens"": 4026, ""first_output_tokens"": 50, ""first_total_tokens"": 4076, ""input_tokens"": 4026, ""output_tokens"": 50, ""parse_ms"": 0.151, ""planner_total_ms"": 6641.404, ""prompt_build_ms"": 0.434, ""retry_count"": 0, ""retry_reason"": """", ""total_tokens"": 4076}, ""action"": ""rexomni_detection"", ""action_input"": {""finish_after_tool"": false, ""label"": ""金橙五星复检片""}, ""clarification_question"": """", ""decision_type"": ""tool"", ""end_reason"": """", ""final_answer"": """", ""thought"": ""先执行用户指定的检测器以取得当前结构化状态。""}, {""_planner_metrics"": {""api_call_ms"": 5107.209, ""first_api_call_ms"": 5107.209, ""first_finish_reason"": ""stop"", ""first_input_tokens"": 4335, ""first_output_tokens"": 34, ""first_total_tokens"": 4369, ""input_tokens"": 4335, ""output_tokens"": 34, ""parse_ms"": 0.099, ""planner_total_ms"": 5121.685, ""prompt_build_ms"": 0.51, ""retry_count"": 0, ""retry_reason"": """", ""total_tokens"": 4369}, ""action"": ""final_answer"", ""action_input"": {}, ""clarification_question"": """", ""decision_type"": ""end"", ""end_reason"": ""memory_hit"", ""final_answer"": """", ""thought"": ""最新结构化状态已满足全部硬门槛，可以结束本轮规划。""}]",,6641.404,6625.768,4026,50,1,1,True,False
PROMV12-TB-003-REX-FR2,fresh_retry_step2,读取这次机器状态并选择唯一动作：先使用Rex-Omni检测附件中的玄铜弧顶缓冲座，检测结果仅作为中间状态。最终需要判断林区无人机补给舱回执分支终签9158号应继续现有能力、结束，还是进入迁移评估。自然语言里的故障等级和预算描述没有路由优先级，只读取本 query 最新 observation 的结构化键值。错误状态仅在 retryable=true 与 retry_count=0 同时成立时复用原检测器一次，否则调用迁移顾问。正常状态需要候选数、置信度、跨提示一致性和域偏移四个门槛全部通过才结束，任一否决项都转迁移。缺省、非法、冲突状态采取保守分支；已经重试一次的结果不能再次触发检测器。检测器必须设置 finish_after_tool=false；迁移顾问使用当前图片和视觉探针并设置 finish_after_tool=true。,True,examples/images/planner_retry_optimizer_matched_v12/darkbronze_arch_buffer.png,"[{""action"": ""rexomni_detection"", ""arg_contains"": {""label"": [""玄铜弧顶缓冲座""]}, ""decision_type"": ""tool"", ""required_args"": {""finish_after_tool"": false}}, {""action"": ""rexomni_detection"", ""arg_contains"": {""label"": [""玄铜弧顶缓冲座""]}, ""decision_type"": ""tool"", ""required_args"": {""finish_after_tool"": false}}, {""arg_contains"": {}, ""decision_type"": ""end"", ""required_args"": {""end_reason"": ""memory_hit""}}]","[""rag_answer"", ""re_question"", ""answerer"", ""flux-image-generation"", ""qwen_detection"", ""pipeline_eval"", ""migration_advisor""]","{""action_match"": 0.65, ""argument_match"": 0.1, ""decision_type_valid"": 0.03, ""final_tool_finish"": 0.1, ""finish_after_tool"": 0.1, ""json_valid"": 0.02, ""no_forbidden_action"": 0.1, ""no_premature_stop"": 0.1, ""no_repeated_tool"": 0.1, ""no_skip_required_probe"": 0.1, ""strict_action_match"": true, ""strict_argument_types"": true, ""wrong_action_cap"": 0.2}",False,0.725,"[""rexomni_detection"", ""rexomni_detection"", ""migration_advisor""]",rexomni_detection,"[{""_planner_metrics"": {""api_call_ms"": 6881.512, ""first_api_call_ms"": 6881.512, ""first_finish_reason"": ""stop"", ""first_input_tokens"": 4022, ""first_output_tokens"": 51, ""first_total_tokens"": 4073, ""input_tokens"": 4022, ""output_tokens"": 51, ""parse_ms"": 0.118, ""planner_total_ms"": 6895.638, ""prompt_build_ms"": 0.446, ""retry_count"": 0, ""retry_reason"": """", ""total_tokens"": 4073}, ""action"": ""rexomni_detection"", ""action_input"": {""finish_after_tool"": false, ""label"": ""玄铜弧顶缓冲座""}, ""clarification_question"": """", ""decision_type"": ""tool"", ""end_reason"": """", ""final_answer"": """", ""thought"": ""先执行用户指定的检测器以取得当前结构化状态。""}, {""_planner_metrics"": {""api_call_ms"": 7245.511, ""first_api_call_ms"": 7245.511, ""first_finish_reason"": ""stop"", ""first_input_tokens"": 4335, ""first_output_tokens"": 53, ""first_total_tokens"": 4388, ""input_tokens"": 4335, ""output_tokens"": 53, ""parse_ms"": 0.112, ""planner_total_ms"": 7259.941, ""prompt_build_ms"": 0.502, ""retry_count"": 0, ""retry_reason"": """", ""total_tokens"": 4388}, ""action"": ""rexomni_detection"", ""action_input"": {""finish_after_tool"": false, ""label"": ""玄铜弧顶缓冲座""}, ""clarification_question"": """", ""decision_type"": ""tool"", ""end_reason"": """", ""final_answer"": """", ""thought"": ""最新状态满足错误重试条件，需要再次使用同一检测器。""}, {""_planner_metrics"": {""api_call_ms"": 9343.362, ""first_api_call_ms"": 9343.362, ""first_finish_reason"": ""stop"", ""first_input_tokens"": 4643, ""first_output_tokens"": 72, ""first_total_tokens"": 4715, ""input_tokens"": 4643, ""output_tokens"": 72, ""parse_ms"": 0.124, ""planner_total_ms"": 9358.363, ""prompt_build_ms"": 0.492, ""retry_count"": 0, ""retry_reason"": """", ""total_tokens"": 4715}, ""action"": ""migration_advisor"", ""action_input"": {""finish_after_tool"": true, ""use_image"": true, ""use_visual_probe"": true, ""user_query"": ""林区无人机补给舱回执分支终签9158号""}, ""clarification_question"": """", ""decision_type"": ""tool"", ""end_reason"": """", ""final_answer"": """", ""thought"": ""最新状态未满足结束或重试条件，需要进入能力迁移评估。""}]","step3:decision_type expected 'end', got 'tool' | step3:action expected 'end', got 'migration_advisor' | step3:arg 'end_reason' expected 'memory_hit', got '' | forbidden:migration_advisor",6895.638,6881.512,4022,51,0,1,False,True
PROMV12-TB-011-QWEN-BE2,budget_exhausted_step2,历史文字可能误导，本轮以后写入的 observation 为准：先使用Qwen检测附件中的金橙五星复检片，检测结果仅作为中间状态。最终需要判断甚低频射电阵列异常额度会核5850号应继续现有能力、结束，还是进入迁移评估。自然语言里的故障等级和预算描述没有路由优先级，只读取本 query 最新 observation 的结构化键值。错误状态仅在 retryable=true 与 retry_count=0 同时成立时复用原检测器一次，否则调用迁移顾问。正常状态需要候选数、置信度、跨提示一致性和域偏移四个门槛全部通过才结束，任一否决项都转迁移。缺省、非法、冲突状态采取保守分支；已经重试一次的结果不能再次触发检测器。检测器必须设置 finish_after_tool=false；迁移顾问使用当前图片和视觉探针并设置 finish_after_tool=true。,True,examples/images/planner_retry_optimizer_matched_v12/goldorange_five_star_recheck.png,"[{""action"": ""qwen_detection"", ""arg_contains"": {""label"": [""金橙五星复检片""]}, ""decision_type"": ""tool"", ""required_args"": {""finish_after_tool"": false}}, {""action"": ""migration_advisor"", ""arg_contains"": {""user_query"": [""甚低频射电阵列异常额度会核5850号""]}, ""decision_type"": ""tool"", ""required_args"": {""finish_after_tool"": true, ""use_image"": true, ""use_visual_probe"": true}}]","[""rag_answer"", ""re_question"", ""answerer"", ""flux-image-generation"", ""rexomni_detection"", ""pipeline_eval""]","{""action_match"": 0.65, ""argument_match"": 0.1, ""decision_type_valid"": 0.03, ""final_tool_finish"": 0.1, ""finish_after_tool"": 0.1, ""json_valid"": 0.02, ""no_forbidden_action"": 0.1, ""no_premature_stop"": 0.1, ""no_repeated_tool"": 0.1, ""no_skip_required_probe"": 0.1, ""strict_action_match"": true, ""strict_argument_types"": true, ""wrong_action_cap"": 0.2}",True,1.0,"[""qwen_detection"", ""migration_advisor""]",qwen_detection,"[{""_planner_metrics"": {""api_call_ms"": 6666.086, ""first_api_call_ms"": 6666.086, ""first_finish_reason"": ""stop"", ""first_input_tokens"": 4025, ""first_output_tokens"": 50, ""first_total_tokens"": 4075, ""input_tokens"": 4025, ""output_tokens"": 50, ""parse_ms"": 0.112, ""planner_total_ms"": 6680.146, ""prompt_build_ms"": 0.407, ""retry_count"": 0, ""retry_reason"": """", ""total_tokens"": 4075}, ""action"": ""qwen_detection"", ""action_input"": {""finish_after_tool"": false, ""label"": ""金橙五星复检片""}, ""clarification_question"": """", ""decision_type"": ""tool"", ""end_reason"": """", ""final_answer"": """", ""thought"": ""先使用用户指定的检测器对当前图片进行目标检测。""}, {""_planner_metrics"": {""api_call_ms"": 9208.602, ""first_api_call_ms"": 9208.602, ""first_finish_reason"": ""stop"", ""first_input_tokens"": 4339, ""first_output_tokens"": 73, ""first_total_tokens"": 4412, ""input_tokens"": 4339, ""output_tokens"": 73, ""parse_ms"": 0.121, ""planner_total_ms"": 9223.553, ""prompt_build_ms"": 0.496, ""retry_count"": 0, ""retry_reason"": """", ""total_tokens"": 4412}, ""action"": ""migration_advisor"", ""action_input"": {""finish_after_tool"": true, ""use_image"": true, ""use_visual_probe"": true, ""user_query"": ""甚低频射电阵列异常额度会核5850号""}, ""clarification_question"": """", ""decision_type"": ""tool"", ""end_reason"": """", ""final_answer"": """", ""thought"": ""最新状态未满足结束或重试条件，需要进入能力迁移评估。""}]",,6680.146,6666.086,4025,50,1,1,True,False
PROMV12-TB-003-QWEN-MS2,missing_required_state_step2,读取这次机器状态并选择唯一动作：先使用Qwen检测附件中的玄铜弧顶缓冲座，检测结果仅作为中间状态。最终需要判断林区无人机补给舱回执分支终签9158号应继续现有能力、结束，还是进入迁移评估。自然语言里的故障等级和预算描述没有路由优先级，只读取本 query 最新 observation 的结构化键值。错误状态仅在 retryable=true 与 retry_count=0 同时成立时复用原检测器一次，否则调用迁移顾问。正常状态需要候选数、置信度、跨提示一致性和域偏移四个门槛全部通过才结束，任一否决项都转迁移。缺省、非法、冲突状态采取保守分支；已经重试一次的结果不能再次触发检测器。检测器必须设置 finish_after_tool=false；迁移顾问使用当前图片和视觉探针并设置 finish_after_tool=true。,True,examples/images/planner_retry_optimizer_matched_v12/darkbronze_arch_buffer.png,"[{""action"": ""qwen_detection"", ""arg_contains"": {""label"": [""玄铜弧顶缓冲座""]}, ""decision_type"": ""tool"", ""required_args"": {""finish_after_tool"": false}}, {""action"": ""migration_advisor"", ""arg_contains"": {""user_query"": [""林区无人机补给舱回执分支终签9158号""]}, ""decision_type"": ""tool"", ""required_args"": {""finish_after_tool"": true, ""use_image"": true, ""use_visual_probe"": true}}]","[""rag_answer"", ""re_question"", ""answerer"", ""flux-image-generation"", ""rexomni_detection"", ""pipeline_eval""]","{""action_match"": 0.65, ""argument_match"": 0.1, ""decision_type_valid"": 0.03, ""final_tool_finish"": 0.1, ""finish_after_tool"": 0.1, ""json_valid"": 0.02, ""no_forbidden_action"": 0.1, ""no_premature_stop"": 0.1, ""no_repeated_tool"": 0.1, ""no_skip_required_probe"": 0.1, ""strict_action_match"": true, ""strict_argument_types"": true, ""wrong_action_cap"": 0.2}",True,1.0,"[""qwen_detection"", ""migration_advisor""]",qwen_detection,"[{""_planner_metrics"": {""api_call_ms"": 6607.641, ""first_api_call_ms"": 6607.641, ""first_finish_reason"": ""stop"", ""first_input_tokens"": 4016, ""first_output_tokens"": 50, ""first_total_tokens"": 4066, ""input_tokens"": 4016, ""output_tokens"": 50, ""parse_ms"": 0.129, ""planner_total_ms"": 6620.72, ""prompt_build_ms"": 0.384, ""retry_count"": 0, ""retry_reason"": """", ""total_tokens"": 4066}, ""action"": ""qwen_detection"", ""action_input"": {""finish_after_tool"": false, ""label"": ""玄铜弧顶缓冲座""}, ""clarification_question"": """", ""decision_type"": ""tool"", ""end_reason"": """", ""final_answer"": """", ""thought"": ""先执行用户指定的检测器以取得当前结构化状态。""}, {""_planner_metrics"": {""api_call_ms"": 9063.601, ""first_api_call_ms"": 9063.601, ""first_finish_reason"": ""stop"", ""first_input_tokens"": 4320, ""first_output_tokens"": 72, ""first_total_tokens"": 4392, ""input_tokens"": 4320, ""output_tokens"": 72, ""parse_ms"": 0.223, ""planner_total_ms"": 9078.651, ""prompt_build_ms"": 0.49, ""retry_count"": 0, ""retry_reason"": """", ""total_tokens"": 4392}, ""action"": ""migration_advisor"", ""action_input"": {""finish_after_tool"": true, ""use_image"": true, ""use_visual_probe"": true, ""user_query"": ""林区无人机补给舱回执分支终签9158号""}, ""clarification_question"": """", ""decision_type"": ""tool"", ""end_reason"": """", ""final_answer"": """", ""thought"": ""最新状态未满足结束或重试条件，需要进入能力迁移评估。""}]",,6620.72,6607.641,4016,50,1,1,True,False
PROMV12-TB-003-QWEN-PV3,post_retry_metric_veto_step3,读取这次机器状态并选择唯一动作：先使用Qwen检测附件中的玄铜弧顶缓冲座，检测结果仅作为中间状态。最终需要判断林区无人机补给舱回执分支终签9158号应继续现有能力、结束，还是进入迁移评估。自然语言里的故障等级和预算描述没有路由优先级，只读取本 query 最新 observation 的结构化键值。错误状态仅在 retryable=true 与 retry_count=0 同时成立时复用原检测器一次，否则调用迁移顾问。正常状态需要候选数、置信度、跨提示一致性和域偏移四个门槛全部通过才结束，任一否决项都转迁移。缺省、非法、冲突状态采取保守分支；已经重试一次的结果不能再次触发检测器。检测器必须设置 finish_after_tool=false；迁移顾问使用当前图片和视觉探针并设置 finish_after_tool=true。,True,examples/images/planner_retry_optimizer_matched_v12/darkbronze_arch_buffer.png,"[{""action"": ""qwen_detection"", ""arg_contains"": {""label"": [""玄铜弧顶缓冲座""]}, ""decision_type"": ""tool"", ""required_args"": {""finish_after_tool"": false}}, {""action"": ""qwen_detection"", ""arg_contains"": {""label"": [""玄铜弧顶缓冲座""]}, ""decision_type"": ""tool"", ""required_args"": {""finish_after_tool"": false}}, {""action"": ""migration_advisor"", ""arg_contains"": {""user_query"": [""林区无人机补给舱回执分支终签9158号""]}, ""decision_type"": ""tool"", ""required_args"": {""finish_after_tool"": true, ""use_image"": true, ""use_visual_probe"": true}}]","[""rag_answer"", ""re_question"", ""answerer"", ""flux-image-generation"", ""rexomni_detection"", ""pipeline_eval""]","{""action_match"": 0.65, ""argument_match"": 0.1, ""decision_type_valid"": 0.03, ""final_tool_finish"": 0.1, ""finish_after_tool"": 0.1, ""json_valid"": 0.02, ""no_forbidden_action"": 0.1, ""no_premature_stop"": 0.1, ""no_repeated_tool"": 0.1, ""no_skip_required_probe"": 0.1, ""strict_action_match"": true, ""strict_argument_types"": true, ""wrong_action_cap"": 0.2}",True,1.0,"[""qwen_detection"", ""qwen_detection"", ""migration_advisor""]",qwen_detection,"[{""_planner_metrics"": {""api_call_ms"": 6571.583, ""first_api_call_ms"": 6571.583, ""first_finish_reason"": ""stop"", ""first_input_tokens"": 4016, ""first_output_tokens"": 50, ""first_total_tokens"": 4066, ""input_tokens"": 4016, ""output_tokens"": 50, ""parse_ms"": 0.12, ""planner_total_ms"": 6587.449, ""prompt_build_ms"": 0.564, ""retry_count"": 0, ""retry_reason"": """", ""total_tokens"": 4066}, ""action"": ""qwen_detection"", ""action_input"": {""finish_after_tool"": false, ""label"": ""玄铜弧顶缓冲座""}, ""clarification_question"": """", ""decision_type"": ""tool"", ""end_reason"": """", ""final_answer"": """", ""thought"": ""先执行用户指定的检测器以取得当前结构化状态。""}, {""_planner_metrics"": {""api_call_ms"": 7011.921, ""first_api_call_ms"": 7011.921, ""first_finish_reason"": ""stop"", ""first_input_tokens"": 4329, ""first_output_tokens"": 52, ""first_total_tokens"": 4381, ""input_tokens"": 4329, ""output_tokens"": 52, ""parse_ms"": 0.116, ""planner_total_ms"": 7026.326, ""prompt_build_ms"": 0.442, ""retry_count"": 0, ""retry_reason"": """", ""total_tokens"": 4381}, ""action"": ""qwen_detection"", ""action_input"": {""finish_after_tool"": false, ""label"": ""玄铜弧顶缓冲座""}, ""clarification_question"": """", ""decision_type"": ""tool"", ""end_reason"": """", ""final_answer"": """", ""thought"": ""最新状态满足错误重试条件，需要再次使用同一检测器。""}, {""_planner_metrics"": {""api_call_ms"": 9312.998, ""first_api_call_ms"": 9312.998, ""first_finish_reason"": ""stop"", ""first_input_tokens"": 4633, ""first_output_tokens"": 72, ""first_total_tokens"": 4705, ""input_tokens"": 4633, ""output_tokens"": 72, ""parse_ms"": 0.12, ""planner_total_ms"": 9328.119, ""prompt_build_ms"": 0.516, ""retry_count"": 0, ""retry_reason"": """", ""total_tokens"": 4705}, ""action"": ""migration_advisor"", ""action_input"": {""finish_after_tool"": true, ""use_image"": true, ""use_visual_probe"": true, ""user_query"": ""林区无人机补给舱回执分支终签9158号""}, ""clarification_question"": """", ""decision_type"": ""tool"", ""end_reason"": """", ""final_answer"": """", ""thought"": ""最新状态未满足结束或迁移条件，需要继续按规则处理。""}]",,6587.449,6571.583,4016,50,1,1,True,False
PROMV12-TB-010-QWEN-BE2,budget_exhausted_step2,失联背景和当前预算并存时只使用显式字段：先使用Qwen检测附件中的玄铜弧顶缓冲座，检测结果仅作为中间状态。最终需要判断流域梯级调度闸站回执分支终签5437号应继续现有能力、结束，还是进入迁移评估。自然语言里的故障等级和预算描述没有路由优先级，只读取本 query 最新 observation 的结构化键值。错误状态仅在 retryable=true 与 retry_count=0 同时成立时复用原检测器一次，否则调用迁移顾问。正常状态需要候选数、置信度、跨提示一致性和域偏移四个门槛全部通过才结束，任一否决项都转迁移。缺省、非法、冲突状态采取保守分支；已经重试一次的结果不能再次触发检测器。检测器必须设置 finish_after_tool=false；迁移顾问使用当前图片和视觉探针并设置 finish_after_tool=true。,True,examples/images/planner_retry_optimizer_matched_v12/darkbronze_arch_buffer.png,"[{""action"": ""qwen_detection"", ""arg_contains"": {""label"": [""玄铜弧顶缓冲座""]}, ""decision_type"": ""tool"", ""required_args"": {""finish_after_tool"": false}}, {""action"": ""migration_advisor"", ""arg_contains"": {""user_query"": [""流域梯级调度闸站回执分支终签5437号""]}, ""decision_type"": ""tool"", ""required_args"": {""finish_after_tool"": true, ""use_image"": true, ""use_visual_probe"": true}}]","[""rag_answer"", ""re_question"", ""answerer"", ""flux-image-generation"", ""rexomni_detection"", ""pipeline_eval""]","{""action_match"": 0.65, ""argument_match"": 0.1, ""decision_type_valid"": 0.03, ""final_tool_finish"": 0.1, ""finish_after_tool"": 0.1, ""json_valid"": 0.02, ""no_forbidden_action"": 0.1, ""no_premature_stop"": 0.1, ""no_repeated_tool"": 0.1, ""no_skip_required_probe"": 0.1, ""strict_action_match"": true, ""strict_argument_types"": true, ""wrong_action_cap"": 0.2}",True,1.0,"[""qwen_detection"", ""migration_advisor""]",qwen_detection,"[{""_planner_metrics"": {""api_call_ms"": 6879.683, ""first_api_call_ms"": 6879.683, ""first_finish_reason"": ""stop"", ""first_input_tokens"": 4026, ""first_output_tokens"": 50, ""first_total_tokens"": 4076, ""input_tokens"": 4026, ""output_tokens"": 50, ""parse_ms"": 0.121, ""planner_total_ms"": 6894.934, ""prompt_build_ms"": 0.392, ""retry_count"": 0, ""retry_reason"": """", ""total_tokens"": 4076}, ""action"": ""qwen_detection"", ""action_input"": {""finish_after_tool"": false, ""label"": ""玄铜弧顶缓冲座""}, ""clarification_question"": """", ""decision_type"": ""tool"", ""end_reason"": """", ""final_answer"": """", ""thought"": ""先执行用户指定的检测器以取得当前结构化状态。""}, {""_planner_metrics"": {""api_call_ms"": 9706.554, ""first_api_call_ms"": 9706.554, ""first_finish_reason"": ""stop"", ""first_input_tokens"": 4338, ""first_output_tokens"": 74, ""first_total_tokens"": 4412, ""input_tokens"": 4338, ""output_tokens"": 74, ""parse_ms"": 0.14, ""planner_total_ms"": 9721.243, ""prompt_build_ms"": 0.47, ""retry_count"": 0, ""retry_reason"": """", ""total_tokens"": 4412}, ""action"": ""migration_advisor"", ""action_input"": {""finish_after_tool"": true, ""use_image"": true, ""use_visual_probe"": true, ""user_query"": ""流域梯级调度闸站回执分支终签5437号""}, ""clarification_question"": """", ""decision_type"": ""tool"", ""end_reason"": """", ""final_answer"": """", ""thought"": ""最新状态未满足结束或重试条件，需要进入能力迁移评估。""}]",,6894.934,6879.683,4026,50,1,1,True,False
PROMV12-TB-012-QWEN-CF2,conflicting_state_step2,读取这次机器状态并选择唯一动作：先使用Qwen检测附件中的金橙五星复检片，检测结果仅作为中间状态。最终需要判断甚低频射电阵列回执分支终签3879号应继续现有能力、结束，还是进入迁移评估。自然语言里的故障等级和预算描述没有路由优先级，只读取本 query 最新 observation 的结构化键值。错误状态仅在 retryable=true 与 retry_count=0 同时成立时复用原检测器一次，否则调用迁移顾问。正常状态需要候选数、置信度、跨提示一致性和域偏移四个门槛全部通过才结束，任一否决项都转迁移。缺省、非法、冲突状态采取保守分支；已经重试一次的结果不能再次触发检测器。检测器必须设置 finish_after_tool=false；迁移顾问使用当前图片和视觉探针并设置 finish_after_tool=true。,True,examples/images/planner_retry_optimizer_matched_v12/goldorange_five_star_recheck.png,"[{""action"": ""qwen_detection"", ""arg_contains"": {""label"": [""金橙五星复检片""]}, ""decision_type"": ""tool"", ""required_args"": {""finish_after_tool"": false}}, {""action"": ""migration_advisor"", ""arg_contains"": {""user_query"": [""甚低频射电阵列回执分支终签3879号""]}, ""decision_type"": ""tool"", ""required_args"": {""finish_after_tool"": true, ""use_image"": true, ""use_visual_probe"": true}}]","[""rag_answer"", ""re_question"", ""answerer"", ""flux-image-generation"", ""rexomni_detection"", ""pipeline_eval""]","{""action_match"": 0.65, ""argument_match"": 0.1, ""decision_type_valid"": 0.03, ""final_tool_finish"": 0.1, ""finish_after_tool"": 0.1, ""json_valid"": 0.02, ""no_forbidden_action"": 0.1, ""no_premature_stop"": 0.1, ""no_repeated_tool"": 0.1, ""no_skip_required_probe"": 0.1, ""strict_action_match"": true, ""strict_argument_types"": true, ""wrong_action_cap"": 0.2}",True,1.0,"[""qwen_detection"", ""migration_advisor""]",qwen_detection,"[{""_planner_metrics"": {""api_call_ms"": 6525.469, ""first_api_call_ms"": 6525.469, ""first_finish_reason"": ""stop"", ""first_input_tokens"": 4017, ""first_output_tokens"": 49, ""first_total_tokens"": 4066, ""input_tokens"": 4017, ""output_tokens"": 49, ""parse_ms"": 0.114, ""planner_total_ms"": 6539.163, ""prompt_build_ms"": 0.462, ""retry_count"": 0, ""retry_reason"": """", ""total_tokens"": 4066}, ""action"": ""qwen_detection"", ""action_input"": {""finish_after_tool"": false, ""label"": ""金橙五星复检片""}, ""clarification_question"": """", ""decision_type"": ""tool"", ""end_reason"": """", ""final_answer"": """", ""thought"": ""先执行用户指定的检测器以取得当前结构化状态。""}, {""_planner_metrics"": {""api_call_ms"": 9219.516, ""first_api_call_ms"": 9219.516, ""first_finish_reason"": ""stop"", ""first_input_tokens"": 4320, ""first_output_tokens"": 73, ""first_total_tokens"": 4393, ""input_tokens"": 4320, ""output_tokens"": 73, ""parse_ms"": 0.153, ""planner_total_ms"": 9233.663, ""prompt_build_ms"": 0.48, ""retry_count"": 0, ""retry_reason"": """", ""total_tokens"": 4393}, ""action"": ""migration_advisor"", ""action_input"": {""finish_after_tool"": true, ""use_image"": true, ""use_visual_probe"": true, ""user_query"": ""甚低频射电阵列回执分支终签3879号""}, ""clarification_question"": """", ""decision_type"": ""tool"", ""end_reason"": """", ""final_answer"": """", ""thought"": ""最新状态未满足结束或重试条件，需要进入能力迁移评估。""}]",,6539.163,6525.469,4017,49,1,1,True,False
PROMV12-TB-012-QWEN-CS2,current_success_step2,读取这次机器状态并选择唯一动作：先使用Qwen检测附件中的金橙五星复检片，检测结果仅作为中间状态。最终需要判断甚低频射电阵列回执分支终签3879号应继续现有能力、结束，还是进入迁移评估。自然语言里的故障等级和预算描述没有路由优先级，只读取本 query 最新 observation 的结构化键值。错误状态仅在 retryable=true 与 retry_count=0 同时成立时复用原检测器一次，否则调用迁移顾问。正常状态需要候选数、置信度、跨提示一致性和域偏移四个门槛全部通过才结束，任一否决项都转迁移。缺省、非法、冲突状态采取保守分支；已经重试一次的结果不能再次触发检测器。检测器必须设置 finish_after_tool=false；迁移顾问使用当前图片和视觉探针并设置 finish_after_tool=true。,True,examples/images/planner_retry_optimizer_matched_v12/goldorange_five_star_recheck.png,"[{""action"": ""qwen_detection"", ""arg_contains"": {""label"": [""金橙五星复检片""]}, ""decision_type"": ""tool"", ""required_args"": {""finish_after_tool"": false}}, {""arg_contains"": {}, ""decision_type"": ""end"", ""required_args"": {""end_reason"": ""memory_hit""}}]","[""rag_answer"", ""re_question"", ""answerer"", ""flux-image-generation"", ""rexomni_detection"", ""pipeline_eval"", ""migration_advisor""]","{""action_match"": 0.65, ""argument_match"": 0.1, ""decision_type_valid"": 0.03, ""final_tool_finish"": 0.1, ""finish_after_tool"": 0.1, ""json_valid"": 0.02, ""no_forbidden_action"": 0.1, ""no_premature_stop"": 0.1, ""no_repeated_tool"": 0.1, ""no_skip_required_probe"": 0.1, ""strict_action_match"": true, ""strict_argument_types"": true, ""wrong_action_cap"": 0.2}",True,1.0,"[""qwen_detection"", ""final_answer""]",qwen_detection,"[{""_planner_metrics"": {""api_call_ms"": 6523.966, ""first_api_call_ms"": 6523.966, ""first_finish_reason"": ""stop"", ""first_input_tokens"": 4014, ""first_output_tokens"": 49, ""first_total_tokens"": 4063, ""input_tokens"": 4014, ""output_tokens"": 49, ""parse_ms"": 0.14, ""planner_total_ms"": 6537.31, ""prompt_build_ms"": 0.428, ""retry_count"": 0, ""retry_reason"": """", ""total_tokens"": 4063}, ""action"": ""qwen_detection"", ""action_input"": {""finish_after_tool"": false, ""label"": ""金橙五星复检片""}, ""clarification_question"": """", ""decision_type"": ""tool"", ""end_reason"": """", ""final_answer"": """", ""thought"": ""先执行用户指定的检测器以取得当前结构化状态。""}, {""_planner_metrics"": {""api_call_ms"": 5064.261, ""first_api_call_ms"": 5064.261, ""first_finish_reason"": ""stop"", ""first_input_tokens"": 4317, ""first_output_tokens"": 34, ""first_total_tokens"": 4351, ""input_tokens"": 4317, ""output_tokens"": 34, ""parse_ms"": 0.158, ""planner_total_ms"": 5079.257, ""prompt_build_ms"": 0.542, ""retry_count"": 0, ""retry_reason"": """", ""total_tokens"": 4351}, ""action"": ""final_answer"", ""action_input"": {}, ""clarification_question"": """", ""decision_type"": ""end"", ""end_reason"": ""memory_hit"", ""final_answer"": """", ""thought"": ""最新结构化状态已满足全部硬门槛，可以结束本轮规划。""}]",,6537.31,6523.966,4014,49,1,1,True,False
PROMV12-TB-011-QWEN-NR2,nonretryable_step2,历史文字可能误导，本轮以后写入的 observation 为准：先使用Qwen检测附件中的金橙五星复检片，检测结果仅作为中间状态。最终需要判断甚低频射电阵列异常额度会核5850号应继续现有能力、结束，还是进入迁移评估。自然语言里的故障等级和预算描述没有路由优先级，只读取本 query 最新 observation 的结构化键值。错误状态仅在 retryable=true 与 retry_count=0 同时成立时复用原检测器一次，否则调用迁移顾问。正常状态需要候选数、置信度、跨提示一致性和域偏移四个门槛全部通过才结束，任一否决项都转迁移。缺省、非法、冲突状态采取保守分支；已经重试一次的结果不能再次触发检测器。检测器必须设置 finish_after_tool=false；迁移顾问使用当前图片和视觉探针并设置 finish_after_tool=true。,True,examples/images/planner_retry_optimizer_matched_v12/goldorange_five_star_recheck.png,"[{""action"": ""qwen_detection"", ""arg_contains"": {""label"": [""金橙五星复检片""]}, ""decision_type"": ""tool"", ""required_args"": {""finish_after_tool"": false}}, {""action"": ""migration_advisor"", ""arg_contains"": {""user_query"": [""甚低频射电阵列异常额度会核5850号""]}, ""decision_type"": ""tool"", ""required_args"": {""finish_after_tool"": true, ""use_image"": true, ""use_visual_probe"": true}}]","[""rag_answer"", ""re_question"", ""answerer"", ""flux-image-generation"", ""rexomni_detection"", ""pipeline_eval""]","{""action_match"": 0.65, ""argument_match"": 0.1, ""decision_type_valid"": 0.03, ""final_tool_finish"": 0.1, ""finish_after_tool"": 0.1, ""json_valid"": 0.02, ""no_forbidden_action"": 0.1, ""no_premature_stop"": 0.1, ""no_repeated_tool"": 0.1, ""no_skip_required_probe"": 0.1, ""strict_action_match"": true, ""strict_argument_types"": true, ""wrong_action_cap"": 0.2}",True,1.0,"[""qwen_detection"", ""migration_advisor""]",qwen_detection,"[{""_planner_metrics"": {""api_call_ms"": 6493.553, ""first_api_call_ms"": 6493.553, ""first_finish_reason"": ""stop"", ""first_input_tokens"": 4025, ""first_output_tokens"": 49, ""first_total_tokens"": 4074, ""input_tokens"": 4025, ""output_tokens"": 49, ""parse_ms"": 0.16, ""planner_total_ms"": 6508.72, ""prompt_build_ms"": 0.561, ""retry_count"": 0, ""retry_reason"": """", ""total_tokens"": 4074}, ""action"": ""qwen_detection"", ""action_input"": {""finish_after_tool"": false, ""label"": ""金橙五星复检片""}, ""clarification_question"": """", ""decision_type"": ""tool"", ""end_reason"": """", ""final_answer"": """", ""thought"": ""先执行用户指定的检测器以取得当前结构化状态。""}, {""_planner_metrics"": {""api_call_ms"": 9194.934, ""first_api_call_ms"": 9194.934, ""first_finish_reason"": ""stop"", ""first_input_tokens"": 4334, ""first_output_tokens"": 73, ""first_total_tokens"": 4407, ""input_tokens"": 4334, ""output_tokens"": 73, ""parse_ms"": 0.146, ""planner_total_ms"": 9211.387, ""prompt_build_ms"": 0.489, ""retry_count"": 0, ""retry_reason"": """", ""total_tokens"": 4407}, ""action"": ""migration_advisor"", ""action_input"": {""finish_after_tool"": true, ""use_image"": true, ""use_visual_probe"": true, ""user_query"": ""甚低频射电阵列异常额度会核5850号""}, ""clarification_question"": """", ""decision_type"": ""tool"", ""end_reason"": """", ""final_answer"": """", ""thought"": ""最新状态未满足结束或重试条件，需要进入能力迁移评估。""}]",,6508.72,6493.553,4025,49,1,1,True,False
PROMV12-TB-012-REX-CS2,current_success_step2,读取这次机器状态并选择唯一动作：先使用Rex-Omni检测附件中的金橙五星复检片，检测结果仅作为中间状态。最终需要判断甚低频射电阵列回执分支终签3879号应继续现有能力、结束，还是进入迁移评估。自然语言里的故障等级和预算描述没有路由优先级，只读取本 query 最新 observation 的结构化键值。错误状态仅在 retryable=true 与 retry_count=0 同时成立时复用原检测器一次，否则调用迁移顾问。正常状态需要候选数、置信度、跨提示一致性和域偏移四个门槛全部通过才结束，任一否决项都转迁移。缺省、非法、冲突状态采取保守分支；已经重试一次的结果不能再次触发检测器。检测器必须设置 finish_after_tool=false；迁移顾问使用当前图片和视觉探针并设置 finish_after_tool=true。,True,examples/images/planner_retry_optimizer_matched_v12/goldorange_five_star_recheck.png,"[{""action"": ""rexomni_detection"", ""arg_contains"": {""label"": [""金橙五星复检片""]}, ""decision_type"": ""tool"", ""required_args"": {""finish_after_tool"": false}}, {""arg_contains"": {}, ""decision_type"": ""end"", ""required_args"": {""end_reason"": ""memory_hit""}}]","[""rag_answer"", ""re_question"", ""answerer"", ""flux-image-generation"", ""qwen_detection"", ""pipeline_eval"", ""migration_advisor""]","{""action_match"": 0.65, ""argument_match"": 0.1, ""decision_type_valid"": 0.03, ""final_tool_finish"": 0.1, ""finish_after_tool"": 0.1, ""json_valid"": 0.02, ""no_forbidden_action"": 0.1, ""no_premature_stop"": 0.1, ""no_repeated_tool"": 0.1, ""no_skip_required_probe"": 0.1, ""strict_action_match"": true, ""strict_argument_types"": true, ""wrong_action_cap"": 0.2}",False,0.617391,"[""rexomni_detection"", ""migration_advisor""]",rexomni_detection,"[{""_planner_metrics"": {""api_call_ms"": 6589.859, ""first_api_call_ms"": 6589.859, ""first_finish_reason"": ""stop"", ""first_input_tokens"": 4020, ""first_output_tokens"": 50, ""first_total_tokens"": 4070, ""input_tokens"": 4020, ""output_tokens"": 50, ""parse_ms"": 0.12, ""planner_total_ms"": 6603.492, ""prompt_build_ms"": 0.413, ""retry_count"": 0, ""retry_reason"": """", ""total_tokens"": 4070}, ""action"": ""rexomni_detection"", ""action_input"": {""finish_after_tool"": false, ""label"": ""金橙五星复检片""}, ""clarification_question"": """", ""decision_type"": ""tool"", ""end_reason"": """", ""final_answer"": """", ""thought"": ""先执行用户指定的检测器以取得当前结构化状态。""}, {""_planner_metrics"": {""api_call_ms"": 9482.618, ""first_api_call_ms"": 9482.618, ""first_finish_reason"": ""stop"", ""first_input_tokens"": 4328, ""first_output_tokens"": 76, ""first_total_tokens"": 4404, ""input_tokens"": 4328, ""output_tokens"": 76, ""parse_ms"": 0.122, ""planner_total_ms"": 9497.767, ""prompt_build_ms"": 0.529, ""retry_count"": 0, ""retry_reason"": """", ""total_tokens"": 4404}, ""action"": ""migration_advisor"", ""action_input"": {""finish_after_tool"": true, ""use_image"": true, ""use_visual_probe"": true, ""user_query"": ""甚低频射电阵列回执分支终签3879号""}, ""clarification_question"": """", ""decision_type"": ""tool"", ""end_reason"": """", ""final_answer"": """", ""thought"": ""最新状态已满足四个正常门槛但未达结束条件，需要进入能力迁移评估。""}]","step2:decision_type expected 'end', got 'tool' | step2:action expected 'end', got 'migration_advisor' | step2:arg 'end_reason' expected 'memory_hit', got '' | forbidden:migration_advisor",6603.492,6589.859,4020,50,0,1,False,True
PROMV12-TB-012-QWEN-NR2,nonretryable_step2,读取这次机器状态并选择唯一动作：先使用Qwen检测附件中的金橙五星复检片，检测结果仅作为中间状态。最终需要判断甚低频射电阵列回执分支终签3879号应继续现有能力、结束，还是进入迁移评估。自然语言里的故障等级和预算描述没有路由优先级，只读取本 query 最新 observation 的结构化键值。错误状态仅在 retryable=true 与 retry_count=0 同时成立时复用原检测器一次，否则调用迁移顾问。正常状态需要候选数、置信度、跨提示一致性和域偏移四个门槛全部通过才结束，任一否决项都转迁移。缺省、非法、冲突状态采取保守分支；已经重试一次的结果不能再次触发检测器。检测器必须设置 finish_after_tool=false；迁移顾问使用当前图片和视觉探针并设置 finish_after_tool=true。,True,examples/images/planner_retry_optimizer_matched_v12/goldorange_five_star_recheck.png,"[{""action"": ""qwen_detection"", ""arg_contains"": {""label"": [""金橙五星复检片""]}, ""decision_type"": ""tool"", ""required_args"": {""finish_after_tool"": false}}, {""action"": ""migration_advisor"", ""arg_contains"": {""user_query"": [""甚低频射电阵列回执分支终签3879号""]}, ""decision_type"": ""tool"", ""required_args"": {""finish_after_tool"": true, ""use_image"": true, ""use_visual_probe"": true}}]","[""rag_answer"", ""re_question"", ""answerer"", ""flux-image-generation"", ""rexomni_detection"", ""pipeline_eval""]","{""action_match"": 0.65, ""argument_match"": 0.1, ""decision_type_valid"": 0.03, ""final_tool_finish"": 0.1, ""finish_after_tool"": 0.1, ""json_valid"": 0.02, ""no_forbidden_action"": 0.1, ""no_premature_stop"": 0.1, ""no_repeated_tool"": 0.1, ""no_skip_required_probe"": 0.1, ""strict_action_match"": true, ""strict_argument_types"": true, ""wrong_action_cap"": 0.2}",True,1.0,"[""qwen_detection"", ""migration_advisor""]",qwen_detection,"[{""_planner_metrics"": {""api_call_ms"": 6476.685, ""first_api_call_ms"": 6476.685, ""first_finish_reason"": ""stop"", ""first_input_tokens"": 4017, ""first_output_tokens"": 49, ""first_total_tokens"": 4066, ""input_tokens"": 4017, ""output_tokens"": 49, ""parse_ms"": 0.132, ""planner_total_ms"": 6489.672, ""prompt_build_ms"": 0.396, ""retry_count"": 0, ""retry_reason"": """", ""total_tokens"": 4066}, ""action"": ""qwen_detection"", ""action_input"": {""finish_after_tool"": false, ""label"": ""金橙五星复检片""}, ""clarification_question"": """", ""decision_type"": ""tool"", ""end_reason"": """", ""final_answer"": """", ""thought"": ""先执行用户指定的检测器以取得当前结构化状态。""}, {""_planner_metrics"": {""api_call_ms"": 9262.612, ""first_api_call_ms"": 9262.612, ""first_finish_reason"": ""stop"", ""first_input_tokens"": 4331, ""first_output_tokens"": 73, ""first_total_tokens"": 4404, ""input_tokens"": 4331, ""output_tokens"": 73, ""parse_ms"": 0.131, ""planner_total_ms"": 9276.711, ""prompt_build_ms"": 0.471, ""retry_count"": 0, ""retry_reason"": """", ""total_tokens"": 4404}, ""action"": ""migration_advisor"", ""action_input"": {""finish_after_tool"": true, ""use_image"": true, ""use_visual_probe"": true, ""user_query"": ""甚低频射电阵列回执分支终签3879号""}, ""clarification_question"": """", ""decision_type"": ""tool"", ""end_reason"": """", ""final_answer"": """", ""thought"": ""最新状态未满足结束或重试条件，需要进入能力迁移评估。""}]",,6489.672,6476.685,4017,49,1,1,True,False
PROMV12-TB-012-REX-FR2,fresh_retry_step2,读取这次机器状态并选择唯一动作：先使用Rex-Omni检测附件中的金橙五星复检片，检测结果仅作为中间状态。最终需要判断甚低频射电阵列回执分支终签3879号应继续现有能力、结束，还是进入迁移评估。自然语言里的故障等级和预算描述没有路由优先级，只读取本 query 最新 observation 的结构化键值。错误状态仅在 retryable=true 与 retry_count=0 同时成立时复用原检测器一次，否则调用迁移顾问。正常状态需要候选数、置信度、跨提示一致性和域偏移四个门槛全部通过才结束，任一否决项都转迁移。缺省、非法、冲突状态采取保守分支；已经重试一次的结果不能再次触发检测器。检测器必须设置 finish_after_tool=false；迁移顾问使用当前图片和视觉探针并设置 finish_after_tool=true。,True,examples/images/planner_retry_optimizer_matched_v12/goldorange_five_star_recheck.png,"[{""action"": ""rexomni_detection"", ""arg_contains"": {""label"": [""金橙五星复检片""]}, ""decision_type"": ""tool"", ""required_args"": {""finish_after_tool"": false}}, {""action"": ""rexomni_detection"", ""arg_contains"": {""label"": [""金橙五星复检片""]}, ""decision_type"": ""tool"", ""required_args"": {""finish_after_tool"": false}}, {""arg_contains"": {}, ""decision_type"": ""end"", ""required_args"": {""end_reason"": ""memory_hit""}}]","[""rag_answer"", ""re_question"", ""answerer"", ""flux-image-generation"", ""qwen_detection"", ""pipeline_eval"", ""migration_advisor""]","{""action_match"": 0.65, ""argument_match"": 0.1, ""decision_type_valid"": 0.03, ""final_tool_finish"": 0.1, ""finish_after_tool"": 0.1, ""json_valid"": 0.02, ""no_forbidden_action"": 0.1, ""no_premature_stop"": 0.1, ""no_repeated_tool"": 0.1, ""no_skip_required_probe"": 0.1, ""strict_action_match"": true, ""strict_argument_types"": true, ""wrong_action_cap"": 0.2}",False,0.725,"[""rexomni_detection"", ""rexomni_detection"", ""migration_advisor""]",rexomni_detection,"[{""_planner_metrics"": {""api_call_ms"": 6623.08, ""first_api_call_ms"": 6623.08, ""first_finish_reason"": ""stop"", ""first_input_tokens"": 4023, ""first_output_tokens"": 50, ""first_total_tokens"": 4073, ""input_tokens"": 4023, ""output_tokens"": 50, ""parse_ms"": 0.114, ""planner_total_ms"": 6636.836, ""prompt_build_ms"": 0.443, ""retry_count"": 0, ""retry_reason"": """", ""total_tokens"": 4073}, ""action"": ""rexomni_detection"", ""action_input"": {""finish_after_tool"": false, ""label"": ""金橙五星复检片""}, ""clarification_question"": """", ""decision_type"": ""tool"", ""end_reason"": """", ""final_answer"": """", ""thought"": ""先执行用户指定的检测器以取得当前结构化状态。""}, {""_planner_metrics"": {""api_call_ms"": 6925.43, ""first_api_call_ms"": 6925.43, ""first_finish_reason"": ""stop"", ""first_input_tokens"": 4332, ""first_output_tokens"": 52, ""first_total_tokens"": 4384, ""input_tokens"": 4332, ""output_tokens"": 52, ""parse_ms"": 0.131, ""planner_total_ms"": 6940.073, ""prompt_build_ms"": 0.458, ""retry_count"": 0, ""retry_reason"": """", ""total_tokens"": 4384}, ""action"": ""rexomni_detection"", ""action_input"": {""finish_after_tool"": false, ""label"": ""金橙五星复检片""}, ""clarification_question"": """", ""decision_type"": ""tool"", ""end_reason"": """", ""final_answer"": """", ""thought"": ""最新状态满足错误重试条件，需要再次使用同一检测器。""}, {""_planner_metrics"": {""api_call_ms"": 9329.396, ""first_api_call_ms"": 9329.396, ""first_finish_reason"": ""stop"", ""first_input_tokens"": 4639, ""first_output_tokens"": 73, ""first_total_tokens"": 4712, ""input_tokens"": 4639, ""output_tokens"": 73, ""parse_ms"": 0.18, ""planner_total_ms"": 9345.708, ""prompt_build_ms"": 0.556, ""retry_count"": 0, ""retry_reason"": """", ""total_tokens"": 4712}, ""action"": ""migration_advisor"", ""action_input"": {""finish_after_tool"": true, ""use_image"": true, ""use_visual_probe"": true, ""user_query"": ""甚低频射电阵列回执分支终签3879号""}, ""clarification_question"": """", ""decision_type"": ""tool"", ""end_reason"": """", ""final_answer"": """", ""thought"": ""最新状态未满足结束或重试条件，需要进入能力迁移评估。""}]","step3:decision_type expected 'end', got 'tool' | step3:action expected 'end', got 'migration_advisor' | step3:arg 'end_reason' expected 'memory_hit', got '' | forbidden:migration_advisor",6636.836,6623.08,4023,50,0,1,False,True
PROMV12-TB-010-QWEN-NR2,nonretryable_step2,失联背景和当前预算并存时只使用显式字段：先使用Qwen检测附件中的玄铜弧顶缓冲座，检测结果仅作为中间状态。最终需要判断流域梯级调度闸站回执分支终签5437号应继续现有能力、结束，还是进入迁移评估。自然语言里的故障等级和预算描述没有路由优先级，只读取本 query 最新 observation 的结构化键值。错误状态仅在 retryable=true 与 retry_count=0 同时成立时复用原检测器一次，否则调用迁移顾问。正常状态需要候选数、置信度、跨提示一致性和域偏移四个门槛全部通过才结束，任一否决项都转迁移。缺省、非法、冲突状态采取保守分支；已经重试一次的结果不能再次触发检测器。检测器必须设置 finish_after_tool=false；迁移顾问使用当前图片和视觉探针并设置 finish_after_tool=true。,True,examples/images/planner_retry_optimizer_matched_v12/darkbronze_arch_buffer.png,"[{""action"": ""qwen_detection"", ""arg_contains"": {""label"": [""玄铜弧顶缓冲座""]}, ""decision_type"": ""tool"", ""required_args"": {""finish_after_tool"": false}}, {""action"": ""migration_advisor"", ""arg_contains"": {""user_query"": [""流域梯级调度闸站回执分支终签5437号""]}, ""decision_type"": ""tool"", ""required_args"": {""finish_after_tool"": true, ""use_image"": true, ""use_visual_probe"": true}}]","[""rag_answer"", ""re_question"", ""answerer"", ""flux-image-generation"", ""rexomni_detection"", ""pipeline_eval""]","{""action_match"": 0.65, ""argument_match"": 0.1, ""decision_type_valid"": 0.03, ""final_tool_finish"": 0.1, ""finish_after_tool"": 0.1, ""json_valid"": 0.02, ""no_forbidden_action"": 0.1, ""no_premature_stop"": 0.1, ""no_repeated_tool"": 0.1, ""no_skip_required_probe"": 0.1, ""strict_action_match"": true, ""strict_argument_types"": true, ""wrong_action_cap"": 0.2}",True,1.0,"[""qwen_detection"", ""migration_advisor""]",qwen_detection,"[{""_planner_metrics"": {""api_call_ms"": 6571.334, ""first_api_call_ms"": 6571.334, ""first_finish_reason"": ""stop"", ""first_input_tokens"": 4026, ""first_output_tokens"": 50, ""first_total_tokens"": 4076, ""input_tokens"": 4026, ""output_tokens"": 50, ""parse_ms"": 0.143, ""planner_total_ms"": 6585.231, ""prompt_build_ms"": 0.479, ""retry_count"": 0, ""retry_reason"": """", ""total_tokens"": 4076}, ""action"": ""qwen_detection"", ""action_input"": {""finish_after_tool"": false, ""label"": ""玄铜弧顶缓冲座""}, ""clarification_question"": """", ""decision_type"": ""tool"", ""end_reason"": """", ""final_answer"": """", ""thought"": ""先执行用户指定的检测器以取得当前结构化状态。""}, {""_planner_metrics"": {""api_call_ms"": 9294.373, ""first_api_call_ms"": 9294.373, ""first_finish_reason"": ""stop"", ""first_input_tokens"": 4338, ""first_output_tokens"": 74, ""first_total_tokens"": 4412, ""input_tokens"": 4338, ""output_tokens"": 74, ""parse_ms"": 0.13, ""planner_total_ms"": 9311.383, ""prompt_build_ms"": 0.524, ""retry_count"": 0, ""retry_reason"": """", ""total_tokens"": 4412}, ""action"": ""migration_advisor"", ""action_input"": {""finish_after_tool"": true, ""use_image"": true, ""use_visual_probe"": true, ""user_query"": ""流域梯级调度闸站回执分支终签5437号""}, ""clarification_question"": """", ""decision_type"": ""tool"", ""end_reason"": """", ""final_answer"": """", ""thought"": ""最新状态未满足结束或重试条件，需要进入能力迁移评估。""}]",,6585.231,6571.334,4026,50,1,1,True,False
PROMV12-TB-008-QWEN-NR2,nonretryable_step2,能力迁移已候场，先核验最新探针回执：先使用Qwen检测附件中的玄铜弧顶缓冲座，检测结果仅作为中间状态。最终需要判断流域梯级调度闸站探针恢复复议4894号应继续现有能力、结束，还是进入迁移评估。自然语言里的故障等级和预算描述没有路由优先级，只读取本 query 最新 observation 的结构化键值。错误状态仅在 retryable=true 与 retry_count=0 同时成立时复用原检测器一次，否则调用迁移顾问。正常状态需要候选数、置信度、跨提示一致性和域偏移四个门槛全部通过才结束，任一否决项都转迁移。缺省、非法、冲突状态采取保守分支；已经重试一次的结果不能再次触发检测器。检测器必须设置 finish_after_tool=false；迁移顾问使用当前图片和视觉探针并设置 finish_after_tool=true。,True,examples/images/planner_retry_optimizer_matched_v12/darkbronze_arch_buffer.png,"[{""action"": ""qwen_detection"", ""arg_contains"": {""label"": [""玄铜弧顶缓冲座""]}, ""decision_type"": ""tool"", ""required_args"": {""finish_after_tool"": false}}, {""action"": ""migration_advisor"", ""arg_contains"": {""user_query"": [""流域梯级调度闸站探针恢复复议4894号""]}, ""decision_type"": ""tool"", ""required_args"": {""finish_after_tool"": true, ""use_image"": true, ""use_visual_probe"": true}}]","[""rag_answer"", ""re_question"", ""answerer"", ""flux-image-generation"", ""rexomni_detection"", ""pipeline_eval""]","{""action_match"": 0.65, ""argument_match"": 0.1, ""decision_type_valid"": 0.03, ""final_tool_finish"": 0.1, ""finish_after_tool"": 0.1, ""json_valid"": 0.02, ""no_forbidden_action"": 0.1, ""no_premature_stop"": 0.1, ""no_repeated_tool"": 0.1, ""no_skip_required_probe"": 0.1, ""strict_action_match"": true, ""strict_argument_types"": true, ""wrong_action_cap"": 0.2}",True,1.0,"[""qwen_detection"", ""migration_advisor""]",qwen_detection,"[{""_planner_metrics"": {""api_call_ms"": 6527.474, ""first_api_call_ms"": 6527.474, ""first_finish_reason"": ""stop"", ""first_input_tokens"": 4024, ""first_output_tokens"": 50, ""first_total_tokens"": 4074, ""input_tokens"": 4024, ""output_tokens"": 50, ""parse_ms"": 0.116, ""planner_total_ms"": 6541.561, ""prompt_build_ms"": 0.443, ""retry_count"": 0, ""retry_reason"": """", ""total_tokens"": 4074}, ""action"": ""qwen_detection"", ""action_input"": {""finish_after_tool"": false, ""label"": ""玄铜弧顶缓冲座""}, ""clarification_question"": """", ""decision_type"": ""tool"", ""end_reason"": """", ""final_answer"": """", ""thought"": ""先执行用户指定的检测器以取得当前结构化状态。""}, {""_planner_metrics"": {""api_call_ms"": 9194.752, ""first_api_call_ms"": 9194.752, ""first_finish_reason"": ""stop"", ""first_input_tokens"": 4334, ""first_output_tokens"": 73, ""first_total_tokens"": 4407, ""input_tokens"": 4334, ""output_tokens"": 73, ""parse_ms"": 0.136, ""planner_total_ms"": 9210.576, ""prompt_build_ms"": 0.448, ""retry_count"": 0, ""retry_reason"": """", ""total_tokens"": 4407}, ""action"": ""migration_advisor"", ""action_input"": {""finish_after_tool"": true, ""use_image"": true, ""use_visual_probe"": true, ""user_query"": ""流域梯级调度闸站探针恢复复议4894号""}, ""clarification_question"": """", ""decision_type"": ""tool"", ""end_reason"": """", ""final_answer"": """", ""thought"": ""最新状态未满足结束或重试条件，需要进入能力迁移评估。""}]",,6541.561,6527.474,4024,50,1,1,True,False
PROMV12-TB-002-REX-FR2,fresh_retry_step2,能力迁移已候场，先核验最新探针回执：先使用Rex-Omni检测附件中的金橙五星复检片，检测结果仅作为中间状态。最终需要判断甚低频射电阵列探针恢复复议3574号应继续现有能力、结束，还是进入迁移评估。自然语言里的故障等级和预算描述没有路由优先级，只读取本 query 最新 observation 的结构化键值。错误状态仅在 retryable=true 与 retry_count=0 同时成立时复用原检测器一次，否则调用迁移顾问。正常状态需要候选数、置信度、跨提示一致性和域偏移四个门槛全部通过才结束，任一否决项都转迁移。缺省、非法、冲突状态采取保守分支；已经重试一次的结果不能再次触发检测器。检测器必须设置 finish_after_tool=false；迁移顾问使用当前图片和视觉探针并设置 finish_after_tool=true。,True,examples/images/planner_retry_optimizer_matched_v12/goldorange_five_star_recheck.png,"[{""action"": ""rexomni_detection"", ""arg_contains"": {""label"": [""金橙五星复检片""]}, ""decision_type"": ""tool"", ""required_args"": {""finish_after_tool"": false}}, {""action"": ""rexomni_detection"", ""arg_contains"": {""label"": [""金橙五星复检片""]}, ""decision_type"": ""tool"", ""required_args"": {""finish_after_tool"": false}}, {""arg_contains"": {}, ""decision_type"": ""end"", ""required_args"": {""end_reason"": ""memory_hit""}}]","[""rag_answer"", ""re_question"", ""answerer"", ""flux-image-generation"", ""qwen_detection"", ""pipeline_eval"", ""migration_advisor""]","{""action_match"": 0.65, ""argument_match"": 0.1, ""decision_type_valid"": 0.03, ""final_tool_finish"": 0.1, ""finish_after_tool"": 0.1, ""json_valid"": 0.02, ""no_forbidden_action"": 0.1, ""no_premature_stop"": 0.1, ""no_repeated_tool"": 0.1, ""no_skip_required_probe"": 0.1, ""strict_action_match"": true, ""strict_argument_types"": true, ""wrong_action_cap"": 0.2}",False,0.725,"[""rexomni_detection"", ""rexomni_detection"", ""migration_advisor""]",rexomni_detection,"[{""_planner_metrics"": {""api_call_ms"": 6601.682, ""first_api_call_ms"": 6601.682, ""first_finish_reason"": ""stop"", ""first_input_tokens"": 4027, ""first_output_tokens"": 50, ""first_total_tokens"": 4077, ""input_tokens"": 4027, ""output_tokens"": 50, ""parse_ms"": 0.11, ""planner_total_ms"": 6615.042, ""prompt_build_ms"": 0.461, ""retry_count"": 0, ""retry_reason"": """", ""total_tokens"": 4077}, ""action"": ""rexomni_detection"", ""action_input"": {""finish_after_tool"": false, ""label"": ""金橙五星复检片""}, ""clarification_question"": """", ""decision_type"": ""tool"", ""end_reason"": """", ""final_answer"": """", ""thought"": ""先执行用户指定的检测器以取得当前结构化状态。""}, {""_planner_metrics"": {""api_call_ms"": 6882.133, ""first_api_call_ms"": 6882.133, ""first_finish_reason"": ""stop"", ""first_input_tokens"": 4335, ""first_output_tokens"": 51, ""first_total_tokens"": 4386, ""input_tokens"": 4335, ""output_tokens"": 51, ""parse_ms"": 0.113, ""planner_total_ms"": 6896.417, ""prompt_build_ms"": 0.558, ""retry_count"": 0, ""retry_reason"": """", ""total_tokens"": 4386}, ""action"": ""rexomni_detection"", ""action_input"": {""finish_after_tool"": false, ""label"": ""金橙五星复检片""}, ""clarification_question"": """", ""decision_type"": ""tool"", ""end_reason"": """", ""final_answer"": """", ""thought"": ""最新状态满足一次重试条件，应复用原检测器。""}, {""_planner_metrics"": {""api_call_ms"": 9244.038, ""first_api_call_ms"": 9244.038, ""first_finish_reason"": ""stop"", ""first_input_tokens"": 4633, ""first_output_tokens"": 72, ""first_total_tokens"": 4705, ""input_tokens"": 4633, ""output_tokens"": 72, ""parse_ms"": 0.142, ""planner_total_ms"": 9259.397, ""prompt_build_ms"": 0.492, ""retry_count"": 0, ""retry_reason"": """", ""total_tokens"": 4705}, ""action"": ""migration_advisor"", ""action_input"": {""finish_after_tool"": true, ""use_image"": true, ""use_visual_probe"": true, ""user_query"": ""甚低频射电阵列探针恢复复议3574号""}, ""clarification_question"": """", ""decision_type"": ""tool"", ""end_reason"": """", ""final_answer"": """", ""thought"": ""最新状态未满足结束或重试条件，需要进入能力迁移评估。""}]","step3:decision_type expected 'end', got 'tool' | step3:action expected 'end', got 'migration_advisor' | step3:arg 'end_reason' expected 'memory_hit', got '' | forbidden:migration_advisor",6615.042,6601.682,4027,50,0,1,False,True
PROMV12-TB-011-QWEN-MS2,missing_required_state_step2,历史文字可能误导，本轮以后写入的 observation 为准：先使用Qwen检测附件中的金橙五星复检片，检测结果仅作为中间状态。最终需要判断甚低频射电阵列异常额度会核5850号应继续现有能力、结束，还是进入迁移评估。自然语言里的故障等级和预算描述没有路由优先级，只读取本 query 最新 observation 的结构化键值。错误状态仅在 retryable=true 与 retry_count=0 同时成立时复用原检测器一次，否则调用迁移顾问。正常状态需要候选数、置信度、跨提示一致性和域偏移四个门槛全部通过才结束，任一否决项都转迁移。缺省、非法、冲突状态采取保守分支；已经重试一次的结果不能再次触发检测器。检测器必须设置 finish_after_tool=false；迁移顾问使用当前图片和视觉探针并设置 finish_after_tool=true。,True,examples/images/planner_retry_optimizer_matched_v12/goldorange_five_star_recheck.png,"[{""action"": ""qwen_detection"", ""arg_contains"": {""label"": [""金橙五星复检片""]}, ""decision_type"": ""tool"", ""required_args"": {""finish_after_tool"": false}}, {""action"": ""migration_advisor"", ""arg_contains"": {""user_query"": [""甚低频射电阵列异常额度会核5850号""]}, ""decision_type"": ""tool"", ""required_args"": {""finish_after_tool"": true, ""use_image"": true, ""use_visual_probe"": true}}]","[""rag_answer"", ""re_question"", ""answerer"", ""flux-image-generation"", ""rexomni_detection"", ""pipeline_eval""]","{""action_match"": 0.65, ""argument_match"": 0.1, ""decision_type_valid"": 0.03, ""final_tool_finish"": 0.1, ""finish_after_tool"": 0.1, ""json_valid"": 0.02, ""no_forbidden_action"": 0.1, ""no_premature_stop"": 0.1, ""no_repeated_tool"": 0.1, ""no_skip_required_probe"": 0.1, ""strict_action_match"": true, ""strict_argument_types"": true, ""wrong_action_cap"": 0.2}",True,1.0,"[""qwen_detection"", ""migration_advisor""]",qwen_detection,"[{""_planner_metrics"": {""api_call_ms"": 6554.779, ""first_api_call_ms"": 6554.779, ""first_finish_reason"": ""stop"", ""first_input_tokens"": 4025, ""first_output_tokens"": 49, ""first_total_tokens"": 4074, ""input_tokens"": 4025, ""output_tokens"": 49, ""parse_ms"": 0.114, ""planner_total_ms"": 6568.653, ""prompt_build_ms"": 0.419, ""retry_count"": 0, ""retry_reason"": """", ""total_tokens"": 4074}, ""action"": ""qwen_detection"", ""action_input"": {""finish_after_tool"": false, ""label"": ""金橙五星复检片""}, ""clarification_question"": """", ""decision_type"": ""tool"", ""end_reason"": """", ""final_answer"": """", ""thought"": ""先执行用户指定的检测器以取得当前结构化状态。""}, {""_planner_metrics"": {""api_call_ms"": 9244.242, ""first_api_call_ms"": 9244.242, ""first_finish_reason"": ""stop"", ""first_input_tokens"": 4330, ""first_output_tokens"": 73, ""first_total_tokens"": 4403, ""input_tokens"": 4330, ""output_tokens"": 73, ""parse_ms"": 0.211, ""planner_total_ms"": 9259.552, ""prompt_build_ms"": 0.514, ""retry_count"": 0, ""retry_reason"": """", ""total_tokens"": 4403}, ""action"": ""migration_advisor"", ""action_input"": {""finish_after_tool"": true, ""use_image"": true, ""use_visual_probe"": true, ""user_query"": ""甚低频射电阵列异常额度会核5850号""}, ""clarification_question"": """", ""decision_type"": ""tool"", ""end_reason"": """", ""final_answer"": """", ""thought"": ""最新状态未满足结束或重试条件，需要进入能力迁移评估。""}]",,6568.653,6554.779,4025,49,1,1,True,False
PROMV12-TB-001-REX-PE3,post_retry_error_step3,失联背景和当前预算并存时只使用显式字段：先使用Rex-Omni检测附件中的金橙五星复检片，检测结果仅作为中间状态。最终需要判断碳化硅陶瓷烧结台异常额度会核2063号应继续现有能力、结束，还是进入迁移评估。自然语言里的故障等级和预算描述没有路由优先级，只读取本 query 最新 observation 的结构化键值。错误状态仅在 retryable=true 与 retry_count=0 同时成立时复用原检测器一次，否则调用迁移顾问。正常状态需要候选数、置信度、跨提示一致性和域偏移四个门槛全部通过才结束，任一否决项都转迁移。缺省、非法、冲突状态采取保守分支；已经重试一次的结果不能再次触发检测器。检测器必须设置 finish_after_tool=false；迁移顾问使用当前图片和视觉探针并设置 finish_after_tool=true。,True,examples/images/planner_retry_optimizer_matched_v12/goldorange_five_star_recheck.png,"[{""action"": ""rexomni_detection"", ""arg_contains"": {""label"": [""金橙五星复检片""]}, ""decision_type"": ""tool"", ""required_args"": {""finish_after_tool"": false}}, {""action"": ""rexomni_detection"", ""arg_contains"": {""label"": [""金橙五星复检片""]}, ""decision_type"": ""tool"", ""required_args"": {""finish_after_tool"": false}}, {""action"": ""migration_advisor"", ""arg_contains"": {""user_query"": [""碳化硅陶瓷烧结台异常额度会核2063号""]}, ""decision_type"": ""tool"", ""required_args"": {""finish_after_tool"": true, ""use_image"": true, ""use_visual_probe"": true}}]","[""rag_answer"", ""re_question"", ""answerer"", ""flux-image-generation"", ""qwen_detection"", ""pipeline_eval""]","{""action_match"": 0.65, ""argument_match"": 0.1, ""decision_type_valid"": 0.03, ""final_tool_finish"": 0.1, ""finish_after_tool"": 0.1, ""json_valid"": 0.02, ""no_forbidden_action"": 0.1, ""no_premature_stop"": 0.1, ""no_repeated_tool"": 0.1, ""no_skip_required_probe"": 0.1, ""strict_action_match"": true, ""strict_argument_types"": true, ""wrong_action_cap"": 0.2}",False,0.703125,"[""rexomni_detection"", ""migration_advisor"", ""migration_advisor""]",rexomni_detection,"[{""_planner_metrics"": {""api_call_ms"": 6599.206, ""first_api_call_ms"": 6599.206, ""first_finish_reason"": ""stop"", ""first_input_tokens"": 4029, ""first_output_tokens"": 50, ""first_total_tokens"": 4079, ""input_tokens"": 4029, ""output_tokens"": 50, ""parse_ms"": 0.155, ""planner_total_ms"": 6614.429, ""prompt_build_ms"": 0.546, ""retry_count"": 0, ""retry_reason"": """", ""total_tokens"": 4079}, ""action"": ""rexomni_detection"", ""action_input"": {""finish_after_tool"": false, ""label"": ""金橙五星复检片""}, ""clarification_question"": """", ""decision_type"": ""tool"", ""end_reason"": """", ""final_answer"": """", ""thought"": ""先执行用户指定的检测器以取得当前结构化状态。""}, {""_planner_metrics"": {""api_call_ms"": 9212.401, ""first_api_call_ms"": 9212.401, ""first_finish_reason"": ""stop"", ""first_input_tokens"": 4343, ""first_output_tokens"": 73, ""first_total_tokens"": 4416, ""input_tokens"": 4343, ""output_tokens"": 73, ""parse_ms"": 0.122, ""planner_total_ms"": 9229.078, ""prompt_build_ms"": 0.474, ""retry_count"": 0, ""retry_reason"": """", ""total_tokens"": 4416}, ""action"": ""migration_advisor"", ""action_input"": {""finish_after_tool"": true, ""use_image"": true, ""use_visual_probe"": true, ""user_query"": ""碳化硅陶瓷烧结台异常额度会核2063号""}, ""clarification_question"": """", ""decision_type"": ""tool"", ""end_reason"": """", ""final_answer"": """", ""thought"": ""最新状态未满足结束或重试条件，需要进入能力迁移评估。""}, {""_planner_metrics"": {""api_call_ms"": 9317.081, ""first_api_call_ms"": 9317.081, ""first_finish_reason"": ""stop"", ""first_input_tokens"": 4682, ""first_output_tokens"": 73, ""first_total_tokens"": 4755, ""input_tokens"": 4682, ""output_tokens"": 73, ""parse_ms"": 0.14, ""planner_total_ms"": 9332.54, ""prompt_build_ms"": 0.513, ""retry_count"": 0, ""retry_reason"": """", ""total_tokens"": 4755}, ""action"": ""migration_advisor"", ""action_input"": {""finish_after_tool"": true, ""use_image"": true, ""use_visual_probe"": true, ""user_query"": ""碳化硅陶瓷烧结台异常额度会核2063号""}, ""clarification_question"": """", ""decision_type"": ""tool"", ""end_reason"": """", ""final_answer"": """", ""thought"": ""最新状态未满足结束或重试条件，需要进入能力迁移评估。""}]","step2:action expected 'rexomni_detection', got 'migration_advisor' | step2:finish_after_tool expected False, got True | step2:arg 'label' expected to contain ['金橙五星复检片'], got None",6614.429,6599.206,4029,50,0,1,False,True
PROMV12-TB-003-REX-CS2,current_success_step2,读取这次机器状态并选择唯一动作：先使用Rex-Omni检测附件中的玄铜弧顶缓冲座，检测结果仅作为中间状态。最终需要判断林区无人机补给舱回执分支终签9158号应继续现有能力、结束，还是进入迁移评估。自然语言里的故障等级和预算描述没有路由优先级，只读取本 query 最新 observation 的结构化键值。错误状态仅在 retryable=true 与 retry_count=0 同时成立时复用原检测器一次，否则调用迁移顾问。正常状态需要候选数、置信度、跨提示一致性和域偏移四个门槛全部通过才结束，任一否决项都转迁移。缺省、非法、冲突状态采取保守分支；已经重试一次的结果不能再次触发检测器。检测器必须设置 finish_after_tool=false；迁移顾问使用当前图片和视觉探针并设置 finish_after_tool=true。,True,examples/images/planner_retry_optimizer_matched_v12/darkbronze_arch_buffer.png,"[{""action"": ""rexomni_detection"", ""arg_contains"": {""label"": [""玄铜弧顶缓冲座""]}, ""decision_type"": ""tool"", ""required_args"": {""finish_after_tool"": false}}, {""arg_contains"": {}, ""decision_type"": ""end"", ""required_args"": {""end_reason"": ""memory_hit""}}]","[""rag_answer"", ""re_question"", ""answerer"", ""flux-image-generation"", ""qwen_detection"", ""pipeline_eval"", ""migration_advisor""]","{""action_match"": 0.65, ""argument_match"": 0.1, ""decision_type_valid"": 0.03, ""final_tool_finish"": 0.1, ""finish_after_tool"": 0.1, ""json_valid"": 0.02, ""no_forbidden_action"": 0.1, ""no_premature_stop"": 0.1, ""no_repeated_tool"": 0.1, ""no_skip_required_probe"": 0.1, ""strict_action_match"": true, ""strict_argument_types"": true, ""wrong_action_cap"": 0.2}",True,1.0,"[""rexomni_detection"", ""final_answer""]",rexomni_detection,"[{""_planner_metrics"": {""api_call_ms"": 6719.767, ""first_api_call_ms"": 6719.767, ""first_finish_reason"": ""stop"", ""first_input_tokens"": 4019, ""first_output_tokens"": 51, ""first_total_tokens"": 4070, ""input_tokens"": 4019, ""output_tokens"": 51, ""parse_ms"": 0.115, ""planner_total_ms"": 6733.973, ""prompt_build_ms"": 0.448, ""retry_count"": 0, ""retry_reason"": """", ""total_tokens"": 4070}, ""action"": ""rexomni_detection"", ""action_input"": {""finish_after_tool"": false, ""label"": ""玄铜弧顶缓冲座""}, ""clarification_question"": """", ""decision_type"": ""tool"", ""end_reason"": """", ""final_answer"": """", ""thought"": ""先执行用户指定的检测器以取得当前结构化状态。""}, {""_planner_metrics"": {""api_call_ms"": 5060.901, ""first_api_call_ms"": 5060.901, ""first_finish_reason"": ""stop"", ""first_input_tokens"": 4329, ""first_output_tokens"": 34, ""first_total_tokens"": 4363, ""input_tokens"": 4329, ""output_tokens"": 34, ""parse_ms"": 0.102, ""planner_total_ms"": 5075.113, ""prompt_build_ms"": 0.444, ""retry_count"": 0, ""retry_reason"": """", ""total_tokens"": 4363}, ""action"": ""final_answer"", ""action_input"": {}, ""clarification_question"": """", ""decision_type"": ""end"", ""end_reason"": ""memory_hit"", ""final_answer"": """", ""thought"": ""最新结构化状态已满足全部硬门槛，可以结束本轮规划。""}]",,6733.973,6719.767,4019,51,1,1,True,False
PROMV12-TB-007-QWEN-BE2,budget_exhausted_step2,失联背景和当前预算并存时只使用显式字段：先使用Qwen检测附件中的玄铜弧顶缓冲座，检测结果仅作为中间状态。最终需要判断碳化硅陶瓷烧结台探针恢复复议4867号应继续现有能力、结束，还是进入迁移评估。自然语言里的故障等级和预算描述没有路由优先级，只读取本 query 最新 observation 的结构化键值。错误状态仅在 retryable=true 与 retry_count=0 同时成立时复用原检测器一次，否则调用迁移顾问。正常状态需要候选数、置信度、跨提示一致性和域偏移四个门槛全部通过才结束，任一否决项都转迁移。缺省、非法、冲突状态采取保守分支；已经重试一次的结果不能再次触发检测器。检测器必须设置 finish_after_tool=false；迁移顾问使用当前图片和视觉探针并设置 finish_after_tool=true。,True,examples/images/planner_retry_optimizer_matched_v12/darkbronze_arch_buffer.png,"[{""action"": ""qwen_detection"", ""arg_contains"": {""label"": [""玄铜弧顶缓冲座""]}, ""decision_type"": ""tool"", ""required_args"": {""finish_after_tool"": false}}, {""action"": ""migration_advisor"", ""arg_contains"": {""user_query"": [""碳化硅陶瓷烧结台探针恢复复议4867号""]}, ""decision_type"": ""tool"", ""required_args"": {""finish_after_tool"": true, ""use_image"": true, ""use_visual_probe"": true}}]","[""rag_answer"", ""re_question"", ""answerer"", ""flux-image-generation"", ""rexomni_detection"", ""pipeline_eval""]","{""action_match"": 0.65, ""argument_match"": 0.1, ""decision_type_valid"": 0.03, ""final_tool_finish"": 0.1, ""finish_after_tool"": 0.1, ""json_valid"": 0.02, ""no_forbidden_action"": 0.1, ""no_premature_stop"": 0.1, ""no_repeated_tool"": 0.1, ""no_skip_required_probe"": 0.1, ""strict_action_match"": true, ""strict_argument_types"": true, ""wrong_action_cap"": 0.2}",True,1.0,"[""qwen_detection"", ""migration_advisor""]",qwen_detection,"[{""_planner_metrics"": {""api_call_ms"": 6591.871, ""first_api_call_ms"": 6591.871, ""first_finish_reason"": ""stop"", ""first_input_tokens"": 4022, ""first_output_tokens"": 50, ""first_total_tokens"": 4072, ""input_tokens"": 4022, ""output_tokens"": 50, ""parse_ms"": 0.117, ""planner_total_ms"": 6605.145, ""prompt_build_ms"": 0.423, ""retry_count"": 0, ""retry_reason"": """", ""total_tokens"": 4072}, ""action"": ""qwen_detection"", ""action_input"": {""finish_after_tool"": false, ""label"": ""玄铜弧顶缓冲座""}, ""clarification_question"": """", ""decision_type"": ""tool"", ""end_reason"": """", ""final_answer"": """", ""thought"": ""先执行用户指定的检测器以取得当前结构化状态。""}, {""_planner_metrics"": {""api_call_ms"": 9084.403, ""first_api_call_ms"": 9084.403, ""first_finish_reason"": ""stop"", ""first_input_tokens"": 4327, ""first_output_tokens"": 72, ""first_total_tokens"": 4399, ""input_tokens"": 4327, ""output_tokens"": 72, ""parse_ms"": 0.131, ""planner_total_ms"": 9098.944, ""prompt_build_ms"": 0.473, ""retry_count"": 0, ""retry_reason"": """", ""total_tokens"": 4399}, ""action"": ""migration_advisor"", ""action_input"": {""finish_after_tool"": true, ""use_image"": true, ""use_visual_probe"": true, ""user_query"": ""碳化硅陶瓷烧结台探针恢复复议4867号""}, ""clarification_question"": """", ""decision_type"": ""tool"", ""end_reason"": """", ""final_answer"": """", ""thought"": ""最新状态未满足结束或重试条件，需要进入能力迁移评估。""}]",,6605.145,6591.871,4022,50,1,1,True,False
PROMV12-TB-001-REX-BE2,budget_exhausted_step2,失联背景和当前预算并存时只使用显式字段：先使用Rex-Omni检测附件中的金橙五星复检片，检测结果仅作为中间状态。最终需要判断碳化硅陶瓷烧结台异常额度会核2063号应继续现有能力、结束，还是进入迁移评估。自然语言里的故障等级和预算描述没有路由优先级，只读取本 query 最新 observation 的结构化键值。错误状态仅在 retryable=true 与 retry_count=0 同时成立时复用原检测器一次，否则调用迁移顾问。正常状态需要候选数、置信度、跨提示一致性和域偏移四个门槛全部通过才结束，任一否决项都转迁移。缺省、非法、冲突状态采取保守分支；已经重试一次的结果不能再次触发检测器。检测器必须设置 finish_after_tool=false；迁移顾问使用当前图片和视觉探针并设置 finish_after_tool=true。,True,examples/images/planner_retry_optimizer_matched_v12/goldorange_five_star_recheck.png,"[{""action"": ""rexomni_detection"", ""arg_contains"": {""label"": [""金橙五星复检片""]}, ""decision_type"": ""tool"", ""required_args"": {""finish_after_tool"": false}}, {""action"": ""migration_advisor"", ""arg_contains"": {""user_query"": [""碳化硅陶瓷烧结台异常额度会核2063号""]}, ""decision_type"": ""tool"", ""required_args"": {""finish_after_tool"": true, ""use_image"": true, ""use_visual_probe"": true}}]","[""rag_answer"", ""re_question"", ""answerer"", ""flux-image-generation"", ""qwen_detection"", ""pipeline_eval""]","{""action_match"": 0.65, ""argument_match"": 0.1, ""decision_type_valid"": 0.03, ""final_tool_finish"": 0.1, ""finish_after_tool"": 0.1, ""json_valid"": 0.02, ""no_forbidden_action"": 0.1, ""no_premature_stop"": 0.1, ""no_repeated_tool"": 0.1, ""no_skip_required_probe"": 0.1, ""strict_action_match"": true, ""strict_argument_types"": true, ""wrong_action_cap"": 0.2}",True,1.0,"[""rexomni_detection"", ""migration_advisor""]",rexomni_detection,"[{""_planner_metrics"": {""api_call_ms"": 6762.792, ""first_api_call_ms"": 6762.792, ""first_finish_reason"": ""stop"", ""first_input_tokens"": 4029, ""first_output_tokens"": 50, ""first_total_tokens"": 4079, ""input_tokens"": 4029, ""output_tokens"": 50, ""parse_ms"": 0.126, ""planner_total_ms"": 6776.466, ""prompt_build_ms"": 0.407, ""retry_count"": 0, ""retry_reason"": """", ""total_tokens"": 4079}, ""action"": ""rexomni_detection"", ""action_input"": {""finish_after_tool"": false, ""label"": ""金橙五星复检片""}, ""clarification_question"": """", ""decision_type"": ""tool"", ""end_reason"": """", ""final_answer"": """", ""thought"": ""先执行用户指定的检测器以取得当前结构化状态。""}, {""_planner_metrics"": {""api_call_ms"": 9359.851, ""first_api_call_ms"": 9359.851, ""first_finish_reason"": ""stop"", ""first_input_tokens"": 4344, ""first_output_tokens"": 73, ""first_total_tokens"": 4417, ""input_tokens"": 4344, ""output_tokens"": 73, ""parse_ms"": 0.199, ""planner_total_ms"": 9375.343, ""prompt_build_ms"": 0.537, ""retry_count"": 0, ""retry_reason"": """", ""total_tokens"": 4417}, ""action"": ""migration_advisor"", ""action_input"": {""finish_after_tool"": true, ""use_image"": true, ""use_visual_probe"": true, ""user_query"": ""碳化硅陶瓷烧结台异常额度会核2063号""}, ""clarification_question"": """", ""decision_type"": ""tool"", ""end_reason"": """", ""final_answer"": """", ""thought"": ""最新状态未满足结束或重试条件，需要进入能力迁移评估。""}]",,6776.466,6762.792,4029,50,1,1,True,False
PROMV12-TB-005-QWEN-PE3,post_retry_error_step3,历史文字可能误导，本轮以后写入的 observation 为准：先使用Qwen检测附件中的玄铜弧顶缓冲座，检测结果仅作为中间状态。最终需要判断流域梯级调度闸站异常额度会核2044号应继续现有能力、结束，还是进入迁移评估。自然语言里的故障等级和预算描述没有路由优先级，只读取本 query 最新 observation 的结构化键值。错误状态仅在 retryable=true 与 retry_count=0 同时成立时复用原检测器一次，否则调用迁移顾问。正常状态需要候选数、置信度、跨提示一致性和域偏移四个门槛全部通过才结束，任一否决项都转迁移。缺省、非法、冲突状态采取保守分支；已经重试一次的结果不能再次触发检测器。检测器必须设置 finish_after_tool=false；迁移顾问使用当前图片和视觉探针并设置 finish_after_tool=true。,True,examples/images/planner_retry_optimizer_matched_v12/darkbronze_arch_buffer.png,"[{""action"": ""qwen_detection"", ""arg_contains"": {""label"": [""玄铜弧顶缓冲座""]}, ""decision_type"": ""tool"", ""required_args"": {""finish_after_tool"": false}}, {""action"": ""qwen_detection"", ""arg_contains"": {""label"": [""玄铜弧顶缓冲座""]}, ""decision_type"": ""tool"", ""required_args"": {""finish_after_tool"": false}}, {""action"": ""migration_advisor"", ""arg_contains"": {""user_query"": [""流域梯级调度闸站异常额度会核2044号""]}, ""decision_type"": ""tool"", ""required_args"": {""finish_after_tool"": true, ""use_image"": true, ""use_visual_probe"": true}}]","[""rag_answer"", ""re_question"", ""answerer"", ""flux-image-generation"", ""rexomni_detection"", ""pipeline_eval""]","{""action_match"": 0.65, ""argument_match"": 0.1, ""decision_type_valid"": 0.03, ""final_tool_finish"": 0.1, ""finish_after_tool"": 0.1, ""json_valid"": 0.02, ""no_forbidden_action"": 0.1, ""no_premature_stop"": 0.1, ""no_repeated_tool"": 0.1, ""no_skip_required_probe"": 0.1, ""strict_action_match"": true, ""strict_argument_types"": true, ""wrong_action_cap"": 0.2}",False,0.734375,"[""qwen_detection"", ""qwen_detection"", ""qwen_detection""]",qwen_detection,"[{""_planner_metrics"": {""api_call_ms"": 6554.605, ""first_api_call_ms"": 6554.605, ""first_finish_reason"": ""stop"", ""first_input_tokens"": 4028, ""first_output_tokens"": 50, ""first_total_tokens"": 4078, ""input_tokens"": 4028, ""output_tokens"": 50, ""parse_ms"": 0.158, ""planner_total_ms"": 6569.563, ""prompt_build_ms"": 0.554, ""retry_count"": 0, ""retry_reason"": """", ""total_tokens"": 4078}, ""action"": ""qwen_detection"", ""action_input"": {""finish_after_tool"": false, ""label"": ""玄铜弧顶缓冲座""}, ""clarification_question"": """", ""decision_type"": ""tool"", ""end_reason"": """", ""final_answer"": """", ""thought"": ""先执行用户指定的检测器以取得当前结构化状态。""}, {""_planner_metrics"": {""api_call_ms"": 7155.129, ""first_api_call_ms"": 7155.129, ""first_finish_reason"": ""stop"", ""first_input_tokens"": 4339, ""first_output_tokens"": 54, ""first_total_tokens"": 4393, ""input_tokens"": 4339, ""output_tokens"": 54, ""parse_ms"": 0.117, ""planner_total_ms"": 7171.448, ""prompt_build_ms"": 0.431, ""retry_count"": 0, ""retry_reason"": """", ""total_tokens"": 4393}, ""action"": ""qwen_detection"", ""action_input"": {""finish_after_tool"": false, ""label"": ""玄铜弧顶缓冲座""}, ""clarification_question"": """", ""decision_type"": ""tool"", ""end_reason"": """", ""final_answer"": """", ""thought"": ""最新状态满足错误状态的重试条件，需要再次使用同一检测器。""}, {""_planner_metrics"": {""api_call_ms"": 7297.831, ""first_api_call_ms"": 7297.831, ""first_finish_reason"": ""stop"", ""first_input_tokens"": 4653, ""first_output_tokens"": 54, ""first_total_tokens"": 4707, ""input_tokens"": 4653, ""output_tokens"": 54, ""parse_ms"": 0.119, ""planner_total_ms"": 7313.387, ""prompt_build_ms"": 0.513, ""retry_count"": 0, ""retry_reason"": """", ""total_tokens"": 4707}, ""action"": ""qwen_detection"", ""action_input"": {""finish_after_tool"": false, ""label"": ""玄铜弧顶缓冲座""}, ""clarification_question"": """", ""decision_type"": ""tool"", ""end_reason"": """", ""final_answer"": """", ""thought"": ""最新状态满足错误状态的重试条件，需要再次使用同一检测器。""}]","step3:action expected 'migration_advisor', got 'qwen_detection' | step3:finish_after_tool expected True, got False | step3:arg 'use_image' expected True, got None | step3:arg 'use_visual_probe' expected True, got None | step3:arg 'user_query' expected to contain ['流域梯级调度闸站异常额度会核2044号'], got None",6569.563,6554.605,4028,50,0,1,False,True
PROMV12-TB-010-REX-PS3,post_retry_success_step3,失联背景和当前预算并存时只使用显式字段：先使用Rex-Omni检测附件中的玄铜弧顶缓冲座，检测结果仅作为中间状态。最终需要判断流域梯级调度闸站回执分支终签5437号应继续现有能力、结束，还是进入迁移评估。自然语言里的故障等级和预算描述没有路由优先级，只读取本 query 最新 observation 的结构化键值。错误状态仅在 retryable=true 与 retry_count=0 同时成立时复用原检测器一次，否则调用迁移顾问。正常状态需要候选数、置信度、跨提示一致性和域偏移四个门槛全部通过才结束，任一否决项都转迁移。缺省、非法、冲突状态采取保守分支；已经重试一次的结果不能再次触发检测器。检测器必须设置 finish_after_tool=false；迁移顾问使用当前图片和视觉探针并设置 finish_after_tool=true。,True,examples/images/planner_retry_optimizer_matched_v12/darkbronze_arch_buffer.png,"[{""action"": ""rexomni_detection"", ""arg_contains"": {""label"": [""玄铜弧顶缓冲座""]}, ""decision_type"": ""tool"", ""required_args"": {""finish_after_tool"": false}}, {""action"": ""rexomni_detection"", ""arg_contains"": {""label"": [""玄铜弧顶缓冲座""]}, ""decision_type"": ""tool"", ""required_args"": {""finish_after_tool"": false}}, {""arg_contains"": {}, ""decision_type"": ""end"", ""required_args"": {""end_reason"": ""memory_hit""}}]","[""rag_answer"", ""re_question"", ""answerer"", ""flux-image-generation"", ""qwen_detection"", ""pipeline_eval"", ""migration_advisor""]","{""action_match"": 0.65, ""argument_match"": 0.1, ""decision_type_valid"": 0.03, ""final_tool_finish"": 0.1, ""finish_after_tool"": 0.1, ""json_valid"": 0.02, ""no_forbidden_action"": 0.1, ""no_premature_stop"": 0.1, ""no_repeated_tool"": 0.1, ""no_skip_required_probe"": 0.1, ""strict_action_match"": true, ""strict_argument_types"": true, ""wrong_action_cap"": 0.2}",False,0.671875,"[""rexomni_detection"", ""migration_advisor"", ""final_answer""]",rexomni_detection,"[{""_planner_metrics"": {""api_call_ms"": 6640.703, ""first_api_call_ms"": 6640.703, ""first_finish_reason"": ""stop"", ""first_input_tokens"": 4032, ""first_output_tokens"": 51, ""first_total_tokens"": 4083, ""input_tokens"": 4032, ""output_tokens"": 51, ""parse_ms"": 0.117, ""planner_total_ms"": 6654.952, ""prompt_build_ms"": 0.491, ""retry_count"": 0, ""retry_reason"": """", ""total_tokens"": 4083}, ""action"": ""rexomni_detection"", ""action_input"": {""finish_after_tool"": false, ""label"": ""玄铜弧顶缓冲座""}, ""clarification_question"": """", ""decision_type"": ""tool"", ""end_reason"": """", ""final_answer"": """", ""thought"": ""先执行用户指定的检测器以取得当前结构化状态。""}, {""_planner_metrics"": {""api_call_ms"": 9356.399, ""first_api_call_ms"": 9356.399, ""first_finish_reason"": ""stop"", ""first_input_tokens"": 4344, ""first_output_tokens"": 74, ""first_total_tokens"": 4418, ""input_tokens"": 4344, ""output_tokens"": 74, ""parse_ms"": 0.159, ""planner_total_ms"": 9370.457, ""prompt_build_ms"": 0.519, ""retry_count"": 0, ""retry_reason"": """", ""total_tokens"": 4418}, ""action"": ""migration_advisor"", ""action_input"": {""finish_after_tool"": true, ""use_image"": true, ""use_visual_probe"": true, ""user_query"": ""流域梯级调度闸站回执分支终签5437号""}, ""clarification_question"": """", ""decision_type"": ""tool"", ""end_reason"": """", ""final_answer"": """", ""thought"": ""最新状态未满足结束或重试条件，需要进入能力迁移评估。""}, {""_planner_metrics"": {""api_call_ms"": 5008.422, ""first_api_call_ms"": 5008.422, ""first_finish_reason"": ""stop"", ""first_input_tokens"": 4679, ""first_output_tokens"": 32, ""first_total_tokens"": 4711, ""input_tokens"": 4679, ""output_tokens"": 32, ""parse_ms"": 0.106, ""planner_total_ms"": 5023.997, ""prompt_build_ms"": 0.474, ""retry_count"": 0, ""retry_reason"": """", ""total_tokens"": 4711}, ""action"": ""final_answer"", ""action_input"": {}, ""clarification_question"": """", ""decision_type"": ""end"", ""end_reason"": ""memory_hit"", ""final_answer"": """", ""thought"": ""最新状态已满足结束条件，可以终止本轮规划。""}]","step2:action expected 'rexomni_detection', got 'migration_advisor' | step2:finish_after_tool expected False, got True | step2:arg 'label' expected to contain ['玄铜弧顶缓冲座'], got None | forbidden:migration_advisor",6654.952,6640.703,4032,51,0,1,False,True
PROMV12-TB-010-QWEN-PS3,post_retry_success_step3,失联背景和当前预算并存时只使用显式字段：先使用Qwen检测附件中的玄铜弧顶缓冲座，检测结果仅作为中间状态。最终需要判断流域梯级调度闸站回执分支终签5437号应继续现有能力、结束，还是进入迁移评估。自然语言里的故障等级和预算描述没有路由优先级，只读取本 query 最新 observation 的结构化键值。错误状态仅在 retryable=true 与 retry_count=0 同时成立时复用原检测器一次，否则调用迁移顾问。正常状态需要候选数、置信度、跨提示一致性和域偏移四个门槛全部通过才结束，任一否决项都转迁移。缺省、非法、冲突状态采取保守分支；已经重试一次的结果不能再次触发检测器。检测器必须设置 finish_after_tool=false；迁移顾问使用当前图片和视觉探针并设置 finish_after_tool=true。,True,examples/images/planner_retry_optimizer_matched_v12/darkbronze_arch_buffer.png,"[{""action"": ""qwen_detection"", ""arg_contains"": {""label"": [""玄铜弧顶缓冲座""]}, ""decision_type"": ""tool"", ""required_args"": {""finish_after_tool"": false}}, {""action"": ""qwen_detection"", ""arg_contains"": {""label"": [""玄铜弧顶缓冲座""]}, ""decision_type"": ""tool"", ""required_args"": {""finish_after_tool"": false}}, {""arg_contains"": {}, ""decision_type"": ""end"", ""required_args"": {""end_reason"": ""memory_hit""}}]","[""rag_answer"", ""re_question"", ""answerer"", ""flux-image-generation"", ""rexomni_detection"", ""pipeline_eval"", ""migration_advisor""]","{""action_match"": 0.65, ""argument_match"": 0.1, ""decision_type_valid"": 0.03, ""final_tool_finish"": 0.1, ""finish_after_tool"": 0.1, ""json_valid"": 0.02, ""no_forbidden_action"": 0.1, ""no_premature_stop"": 0.1, ""no_repeated_tool"": 0.1, ""no_skip_required_probe"": 0.1, ""strict_action_match"": true, ""strict_argument_types"": true, ""wrong_action_cap"": 0.2}",False,0.725,"[""qwen_detection"", ""qwen_detection"", ""migration_advisor""]",qwen_detection,"[{""_planner_metrics"": {""api_call_ms"": 6652.469, ""first_api_call_ms"": 6652.469, ""first_finish_reason"": ""stop"", ""first_input_tokens"": 4026, ""first_output_tokens"": 50, ""first_total_tokens"": 4076, ""input_tokens"": 4026, ""output_tokens"": 50, ""parse_ms"": 0.115, ""planner_total_ms"": 6666.742, ""prompt_build_ms"": 0.401, ""retry_count"": 0, ""retry_reason"": """", ""total_tokens"": 4076}, ""action"": ""qwen_detection"", ""action_input"": {""finish_after_tool"": false, ""label"": ""玄铜弧顶缓冲座""}, ""clarification_question"": """", ""decision_type"": ""tool"", ""end_reason"": """", ""final_answer"": """", ""thought"": ""先执行用户指定的检测器以取得当前结构化状态。""}, {""_planner_metrics"": {""api_call_ms"": 6908.998, ""first_api_call_ms"": 6908.998, ""first_finish_reason"": ""stop"", ""first_input_tokens"": 4334, ""first_output_tokens"": 52, ""first_total_tokens"": 4386, ""input_tokens"": 4334, ""output_tokens"": 52, ""parse_ms"": 0.112, ""planner_total_ms"": 6923.236, ""prompt_build_ms"": 0.444, ""retry_count"": 0, ""retry_reason"": """", ""total_tokens"": 4386}, ""action"": ""qwen_detection"", ""action_input"": {""finish_after_tool"": false, ""label"": ""玄铜弧顶缓冲座""}, ""clarification_question"": """", ""decision_type"": ""tool"", ""end_reason"": """", ""final_answer"": """", ""thought"": ""最新状态满足错误复用条件，需要再次使用同一检测器。""}, {""_planner_metrics"": {""api_call_ms"": 9420.301, ""first_api_call_ms"": 9420.301, ""first_finish_reason"": ""stop"", ""first_input_tokens"": 4640, ""first_output_tokens"": 74, ""first_total_tokens"": 4714, ""input_tokens"": 4640, ""output_tokens"": 74, ""parse_ms"": 0.145, ""planner_total_ms"": 9435.967, ""prompt_build_ms"": 0.492, ""retry_count"": 0, ""retry_reason"": """", ""total_tokens"": 4714}, ""action"": ""migration_advisor"", ""action_input"": {""finish_after_tool"": true, ""use_image"": true, ""use_visual_probe"": true, ""user_query"": ""流域梯级调度闸站回执分支终签5437号""}, ""clarification_question"": """", ""decision_type"": ""tool"", ""end_reason"": """", ""final_answer"": """", ""thought"": ""最新状态未满足结束或迁移条件，需要继续按规则推进。""}]","step3:decision_type expected 'end', got 'tool' | step3:action expected 'end', got 'migration_advisor' | step3:arg 'end_reason' expected 'memory_hit', got '' | forbidden:migration_advisor",6666.742,6652.469,4026,50,0,1,False,True
PROMV12-TB-010-REX-MS2,missing_required_state_step2,失联背景和当前预算并存时只使用显式字段：先使用Rex-Omni检测附件中的玄铜弧顶缓冲座，检测结果仅作为中间状态。最终需要判断流域梯级调度闸站回执分支终签5437号应继续现有能力、结束，还是进入迁移评估。自然语言里的故障等级和预算描述没有路由优先级，只读取本 query 最新 observation 的结构化键值。错误状态仅在 retryable=true 与 retry_count=0 同时成立时复用原检测器一次，否则调用迁移顾问。正常状态需要候选数、置信度、跨提示一致性和域偏移四个门槛全部通过才结束，任一否决项都转迁移。缺省、非法、冲突状态采取保守分支；已经重试一次的结果不能再次触发检测器。检测器必须设置 finish_after_tool=false；迁移顾问使用当前图片和视觉探针并设置 finish_after_tool=true。,True,examples/images/planner_retry_optimizer_matched_v12/darkbronze_arch_buffer.png,"[{""action"": ""rexomni_detection"", ""arg_contains"": {""label"": [""玄铜弧顶缓冲座""]}, ""decision_type"": ""tool"", ""required_args"": {""finish_after_tool"": false}}, {""action"": ""migration_advisor"", ""arg_contains"": {""user_query"": [""流域梯级调度闸站回执分支终签5437号""]}, ""decision_type"": ""tool"", ""required_args"": {""finish_after_tool"": true, ""use_image"": true, ""use_visual_probe"": true}}]","[""rag_answer"", ""re_question"", ""answerer"", ""flux-image-generation"", ""qwen_detection"", ""pipeline_eval""]","{""action_match"": 0.65, ""argument_match"": 0.1, ""decision_type_valid"": 0.03, ""final_tool_finish"": 0.1, ""finish_after_tool"": 0.1, ""json_valid"": 0.02, ""no_forbidden_action"": 0.1, ""no_premature_stop"": 0.1, ""no_repeated_tool"": 0.1, ""no_skip_required_probe"": 0.1, ""strict_action_match"": true, ""strict_argument_types"": true, ""wrong_action_cap"": 0.2}",True,1.0,"[""rexomni_detection"", ""migration_advisor""]",rexomni_detection,"[{""_planner_metrics"": {""api_call_ms"": 6683.335, ""first_api_call_ms"": 6683.335, ""first_finish_reason"": ""stop"", ""first_input_tokens"": 4032, ""first_output_tokens"": 51, ""first_total_tokens"": 4083, ""input_tokens"": 4032, ""output_tokens"": 51, ""parse_ms"": 0.203, ""planner_total_ms"": 6697.736, ""prompt_build_ms"": 0.467, ""retry_count"": 0, ""retry_reason"": """", ""total_tokens"": 4083}, ""action"": ""rexomni_detection"", ""action_input"": {""finish_after_tool"": false, ""label"": ""玄铜弧顶缓冲座""}, ""clarification_question"": """", ""decision_type"": ""tool"", ""end_reason"": """", ""final_answer"": """", ""thought"": ""先执行用户指定的检测器以取得当前结构化状态。""}, {""_planner_metrics"": {""api_call_ms"": 9395.442, ""first_api_call_ms"": 9395.442, ""first_finish_reason"": ""stop"", ""first_input_tokens"": 4342, ""first_output_tokens"": 74, ""first_total_tokens"": 4416, ""input_tokens"": 4342, ""output_tokens"": 74, ""parse_ms"": 0.153, ""planner_total_ms"": 9410.763, ""prompt_build_ms"": 0.537, ""retry_count"": 0, ""retry_reason"": """", ""total_tokens"": 4416}, ""action"": ""migration_advisor"", ""action_input"": {""finish_after_tool"": true, ""use_image"": true, ""use_visual_probe"": true, ""user_query"": ""流域梯级调度闸站回执分支终签5437号""}, ""clarification_question"": """", ""decision_type"": ""tool"", ""end_reason"": """", ""final_answer"": """", ""thought"": ""最新状态未满足结束或重试条件，需要进入能力迁移评估。""}]",,6697.736,6683.335,4032,51,1,1,True,False
PROMV12-TB-002-QWEN-PS3,post_retry_success_step3,能力迁移已候场，先核验最新探针回执：先使用Qwen检测附件中的金橙五星复检片，检测结果仅作为中间状态。最终需要判断甚低频射电阵列探针恢复复议3574号应继续现有能力、结束，还是进入迁移评估。自然语言里的故障等级和预算描述没有路由优先级，只读取本 query 最新 observation 的结构化键值。错误状态仅在 retryable=true 与 retry_count=0 同时成立时复用原检测器一次，否则调用迁移顾问。正常状态需要候选数、置信度、跨提示一致性和域偏移四个门槛全部通过才结束，任一否决项都转迁移。缺省、非法、冲突状态采取保守分支；已经重试一次的结果不能再次触发检测器。检测器必须设置 finish_after_tool=false；迁移顾问使用当前图片和视觉探针并设置 finish_after_tool=true。,True,examples/images/planner_retry_optimizer_matched_v12/goldorange_five_star_recheck.png,"[{""action"": ""qwen_detection"", ""arg_contains"": {""label"": [""金橙五星复检片""]}, ""decision_type"": ""tool"", ""required_args"": {""finish_after_tool"": false}}, {""action"": ""qwen_detection"", ""arg_contains"": {""label"": [""金橙五星复检片""]}, ""decision_type"": ""tool"", ""required_args"": {""finish_after_tool"": false}}, {""arg_contains"": {}, ""decision_type"": ""end"", ""required_args"": {""end_reason"": ""memory_hit""}}]","[""rag_answer"", ""re_question"", ""answerer"", ""flux-image-generation"", ""rexomni_detection"", ""pipeline_eval"", ""migration_advisor""]","{""action_match"": 0.65, ""argument_match"": 0.1, ""decision_type_valid"": 0.03, ""final_tool_finish"": 0.1, ""finish_after_tool"": 0.1, ""json_valid"": 0.02, ""no_forbidden_action"": 0.1, ""no_premature_stop"": 0.1, ""no_repeated_tool"": 0.1, ""no_skip_required_probe"": 0.1, ""strict_action_match"": true, ""strict_argument_types"": true, ""wrong_action_cap"": 0.2}",False,0.671875,"[""qwen_detection"", ""migration_advisor"", ""final_answer""]",qwen_detection,"[{""_planner_metrics"": {""api_call_ms"": 6542.909, ""first_api_call_ms"": 6542.909, ""first_finish_reason"": ""stop"", ""first_input_tokens"": 4021, ""first_output_tokens"": 49, ""first_total_tokens"": 4070, ""input_tokens"": 4021, ""output_tokens"": 49, ""parse_ms"": 0.116, ""planner_total_ms"": 6559.085, ""prompt_build_ms"": 0.445, ""retry_count"": 0, ""retry_reason"": """", ""total_tokens"": 4070}, ""action"": ""qwen_detection"", ""action_input"": {""finish_after_tool"": false, ""label"": ""金橙五星复检片""}, ""clarification_question"": """", ""decision_type"": ""tool"", ""end_reason"": """", ""final_answer"": """", ""thought"": ""先执行用户指定的检测器以取得当前结构化状态。""}, {""_planner_metrics"": {""api_call_ms"": 9113.358, ""first_api_call_ms"": 9113.358, ""first_finish_reason"": ""stop"", ""first_input_tokens"": 4323, ""first_output_tokens"": 72, ""first_total_tokens"": 4395, ""input_tokens"": 4323, ""output_tokens"": 72, ""parse_ms"": 0.13, ""planner_total_ms"": 9128.161, ""prompt_build_ms"": 0.445, ""retry_count"": 0, ""retry_reason"": """", ""total_tokens"": 4395}, ""action"": ""migration_advisor"", ""action_input"": {""finish_after_tool"": true, ""use_image"": true, ""use_visual_probe"": true, ""user_query"": ""甚低频射电阵列探针恢复复议3574号""}, ""clarification_question"": """", ""decision_type"": ""tool"", ""end_reason"": """", ""final_answer"": """", ""thought"": ""最新状态未满足结束或重试条件，需要进入能力迁移评估。""}, {""_planner_metrics"": {""api_call_ms"": 5169.589, ""first_api_call_ms"": 5169.589, ""first_finish_reason"": ""stop"", ""first_input_tokens"": 4651, ""first_output_tokens"": 32, ""first_total_tokens"": 4683, ""input_tokens"": 4651, ""output_tokens"": 32, ""parse_ms"": 0.124, ""planner_total_ms"": 5184.531, ""prompt_build_ms"": 0.504, ""retry_count"": 0, ""retry_reason"": """", ""total_tokens"": 4683}, ""action"": ""final_answer"", ""action_input"": {}, ""clarification_question"": """", ""decision_type"": ""end"", ""end_reason"": ""memory_hit"", ""final_answer"": """", ""thought"": ""最新状态已满足结束条件，可以终止本轮规划。""}]","step2:action expected 'qwen_detection', got 'migration_advisor' | step2:finish_after_tool expected False, got True | step2:arg 'label' expected to contain ['金橙五星复检片'], got None | forbidden:migration_advisor",6559.085,6542.909,4021,49,0,1,False,True
PROMV12-TB-007-REX-CF2,conflicting_state_step2,失联背景和当前预算并存时只使用显式字段：先使用Rex-Omni检测附件中的玄铜弧顶缓冲座，检测结果仅作为中间状态。最终需要判断碳化硅陶瓷烧结台探针恢复复议4867号应继续现有能力、结束，还是进入迁移评估。自然语言里的故障等级和预算描述没有路由优先级，只读取本 query 最新 observation 的结构化键值。错误状态仅在 retryable=true 与 retry_count=0 同时成立时复用原检测器一次，否则调用迁移顾问。正常状态需要候选数、置信度、跨提示一致性和域偏移四个门槛全部通过才结束，任一否决项都转迁移。缺省、非法、冲突状态采取保守分支；已经重试一次的结果不能再次触发检测器。检测器必须设置 finish_after_tool=false；迁移顾问使用当前图片和视觉探针并设置 finish_after_tool=true。,True,examples/images/planner_retry_optimizer_matched_v12/darkbronze_arch_buffer.png,"[{""action"": ""rexomni_detection"", ""arg_contains"": {""label"": [""玄铜弧顶缓冲座""]}, ""decision_type"": ""tool"", ""required_args"": {""finish_after_tool"": false}}, {""action"": ""migration_advisor"", ""arg_contains"": {""user_query"": [""碳化硅陶瓷烧结台探针恢复复议4867号""]}, ""decision_type"": ""tool"", ""required_args"": {""finish_after_tool"": true, ""use_image"": true, ""use_visual_probe"": true}}]","[""rag_answer"", ""re_question"", ""answerer"", ""flux-image-generation"", ""qwen_detection"", ""pipeline_eval""]","{""action_match"": 0.65, ""argument_match"": 0.1, ""decision_type_valid"": 0.03, ""final_tool_finish"": 0.1, ""finish_after_tool"": 0.1, ""json_valid"": 0.02, ""no_forbidden_action"": 0.1, ""no_premature_stop"": 0.1, ""no_repeated_tool"": 0.1, ""no_skip_required_probe"": 0.1, ""strict_action_match"": true, ""strict_argument_types"": true, ""wrong_action_cap"": 0.2}",True,1.0,"[""rexomni_detection"", ""migration_advisor""]",rexomni_detection,"[{""_planner_metrics"": {""api_call_ms"": 7035.101, ""first_api_call_ms"": 7035.101, ""first_finish_reason"": ""stop"", ""first_input_tokens"": 4028, ""first_output_tokens"": 51, ""first_total_tokens"": 4079, ""input_tokens"": 4028, ""output_tokens"": 51, ""parse_ms"": 0.12, ""planner_total_ms"": 7049.169, ""prompt_build_ms"": 0.488, ""retry_count"": 0, ""retry_reason"": """", ""total_tokens"": 4079}, ""action"": ""rexomni_detection"", ""action_input"": {""finish_after_tool"": false, ""label"": ""玄铜弧顶缓冲座""}, ""clarification_question"": """", ""decision_type"": ""tool"", ""end_reason"": """", ""final_answer"": """", ""thought"": ""先执行用户指定的检测器以取得当前结构化状态。""}, {""_planner_metrics"": {""api_call_ms"": 9329.989, ""first_api_call_ms"": 9329.989, ""first_finish_reason"": ""stop"", ""first_input_tokens"": 4324, ""first_output_tokens"": 72, ""first_total_tokens"": 4396, ""input_tokens"": 4324, ""output_tokens"": 72, ""parse_ms"": 0.125, ""planner_total_ms"": 9344.361, ""prompt_build_ms"": 0.51, ""retry_count"": 0, ""retry_reason"": """", ""total_tokens"": 4396}, ""action"": ""migration_advisor"", ""action_input"": {""finish_after_tool"": true, ""use_image"": true, ""use_visual_probe"": true, ""user_query"": ""碳化硅陶瓷烧结台探针恢复复议4867号""}, ""clarification_question"": """", ""decision_type"": ""tool"", ""end_reason"": """", ""final_answer"": """", ""thought"": ""最新状态未满足结束或重试条件，需要进入能力迁移评估。""}]",,7049.169,7035.101,4028,51,1,1,True,False
PROMV12-TB-010-REX-CS2,current_success_step2,失联背景和当前预算并存时只使用显式字段：先使用Rex-Omni检测附件中的玄铜弧顶缓冲座，检测结果仅作为中间状态。最终需要判断流域梯级调度闸站回执分支终签5437号应继续现有能力、结束，还是进入迁移评估。自然语言里的故障等级和预算描述没有路由优先级，只读取本 query 最新 observation 的结构化键值。错误状态仅在 retryable=true 与 retry_count=0 同时成立时复用原检测器一次，否则调用迁移顾问。正常状态需要候选数、置信度、跨提示一致性和域偏移四个门槛全部通过才结束，任一否决项都转迁移。缺省、非法、冲突状态采取保守分支；已经重试一次的结果不能再次触发检测器。检测器必须设置 finish_after_tool=false；迁移顾问使用当前图片和视觉探针并设置 finish_after_tool=true。,True,examples/images/planner_retry_optimizer_matched_v12/darkbronze_arch_buffer.png,"[{""action"": ""rexomni_detection"", ""arg_contains"": {""label"": [""玄铜弧顶缓冲座""]}, ""decision_type"": ""tool"", ""required_args"": {""finish_after_tool"": false}}, {""arg_contains"": {}, ""decision_type"": ""end"", ""required_args"": {""end_reason"": ""memory_hit""}}]","[""rag_answer"", ""re_question"", ""answerer"", ""flux-image-generation"", ""qwen_detection"", ""pipeline_eval"", ""migration_advisor""]","{""action_match"": 0.65, ""argument_match"": 0.1, ""decision_type_valid"": 0.03, ""final_tool_finish"": 0.1, ""finish_after_tool"": 0.1, ""json_valid"": 0.02, ""no_forbidden_action"": 0.1, ""no_premature_stop"": 0.1, ""no_repeated_tool"": 0.1, ""no_skip_required_probe"": 0.1, ""strict_action_match"": true, ""strict_argument_types"": true, ""wrong_action_cap"": 0.2}",False,0.617391,"[""rexomni_detection"", ""migration_advisor""]",rexomni_detection,"[{""_planner_metrics"": {""api_call_ms"": 6750.175, ""first_api_call_ms"": 6750.175, ""first_finish_reason"": ""stop"", ""first_input_tokens"": 4029, ""first_output_tokens"": 51, ""first_total_tokens"": 4080, ""input_tokens"": 4029, ""output_tokens"": 51, ""parse_ms"": 0.113, ""planner_total_ms"": 6763.576, ""prompt_build_ms"": 0.402, ""retry_count"": 0, ""retry_reason"": """", ""total_tokens"": 4080}, ""action"": ""rexomni_detection"", ""action_input"": {""finish_after_tool"": false, ""label"": ""玄铜弧顶缓冲座""}, ""clarification_question"": """", ""decision_type"": ""tool"", ""end_reason"": """", ""final_answer"": """", ""thought"": ""先执行用户指定的检测器以取得当前结构化状态。""}, {""_planner_metrics"": {""api_call_ms"": 9393.346, ""first_api_call_ms"": 9393.346, ""first_finish_reason"": ""stop"", ""first_input_tokens"": 4338, ""first_output_tokens"": 74, ""first_total_tokens"": 4412, ""input_tokens"": 4338, ""output_tokens"": 74, ""parse_ms"": 0.13, ""planner_total_ms"": 9407.197, ""prompt_build_ms"": 0.43, ""retry_count"": 0, ""retry_reason"": """", ""total_tokens"": 4412}, ""action"": ""migration_advisor"", ""action_input"": {""finish_after_tool"": true, ""use_image"": true, ""use_visual_probe"": true, ""user_query"": ""流域梯级调度闸站回执分支终签5437号""}, ""clarification_question"": """", ""decision_type"": ""tool"", ""end_reason"": """", ""final_answer"": """", ""thought"": ""最新状态未满足结束或重试条件，需要进入能力迁移评估。""}]","step2:decision_type expected 'end', got 'tool' | step2:action expected 'end', got 'migration_advisor' | step2:arg 'end_reason' expected 'memory_hit', got '' | forbidden:migration_advisor",6763.576,6750.175,4029,51,0,1,False,True
PROMV12-TB-004-REX-MS2,missing_required_state_step2,读取这次机器状态并选择唯一动作：先使用Rex-Omni检测附件中的金橙五星复检片，检测结果仅作为中间状态。最终需要判断碳化硅陶瓷烧结台回执分支终签7625号应继续现有能力、结束，还是进入迁移评估。自然语言里的故障等级和预算描述没有路由优先级，只读取本 query 最新 observation 的结构化键值。错误状态仅在 retryable=true 与 retry_count=0 同时成立时复用原检测器一次，否则调用迁移顾问。正常状态需要候选数、置信度、跨提示一致性和域偏移四个门槛全部通过才结束，任一否决项都转迁移。缺省、非法、冲突状态采取保守分支；已经重试一次的结果不能再次触发检测器。检测器必须设置 finish_after_tool=false；迁移顾问使用当前图片和视觉探针并设置 finish_after_tool=true。,True,examples/images/planner_retry_optimizer_matched_v12/goldorange_five_star_recheck.png,"[{""action"": ""rexomni_detection"", ""arg_contains"": {""label"": [""金橙五星复检片""]}, ""decision_type"": ""tool"", ""required_args"": {""finish_after_tool"": false}}, {""action"": ""migration_advisor"", ""arg_contains"": {""user_query"": [""碳化硅陶瓷烧结台回执分支终签7625号""]}, ""decision_type"": ""tool"", ""required_args"": {""finish_after_tool"": true, ""use_image"": true, ""use_visual_probe"": true}}]","[""rag_answer"", ""re_question"", ""answerer"", ""flux-image-generation"", ""qwen_detection"", ""pipeline_eval""]","{""action_match"": 0.65, ""argument_match"": 0.1, ""decision_type_valid"": 0.03, ""final_tool_finish"": 0.1, ""finish_after_tool"": 0.1, ""json_valid"": 0.02, ""no_forbidden_action"": 0.1, ""no_premature_stop"": 0.1, ""no_repeated_tool"": 0.1, ""no_skip_required_probe"": 0.1, ""strict_action_match"": true, ""strict_argument_types"": true, ""wrong_action_cap"": 0.2}",True,1.0,"[""rexomni_detection"", ""migration_advisor""]",rexomni_detection,"[{""_planner_metrics"": {""api_call_ms"": 6607.613, ""first_api_call_ms"": 6607.613, ""first_finish_reason"": ""stop"", ""first_input_tokens"": 4023, ""first_output_tokens"": 50, ""first_total_tokens"": 4073, ""input_tokens"": 4023, ""output_tokens"": 50, ""parse_ms"": 0.191, ""planner_total_ms"": 6621.514, ""prompt_build_ms"": 0.431, ""retry_count"": 0, ""retry_reason"": """", ""total_tokens"": 4073}, ""action"": ""rexomni_detection"", ""action_input"": {""finish_after_tool"": false, ""label"": ""金橙五星复检片""}, ""clarification_question"": """", ""decision_type"": ""tool"", ""end_reason"": """", ""final_answer"": """", ""thought"": ""先执行用户指定的检测器以取得当前结构化状态。""}, {""_planner_metrics"": {""api_call_ms"": 9209.691, ""first_api_call_ms"": 9209.691, ""first_finish_reason"": ""stop"", ""first_input_tokens"": 4327, ""first_output_tokens"": 73, ""first_total_tokens"": 4400, ""input_tokens"": 4327, ""output_tokens"": 73, ""parse_ms"": 0.143, ""planner_total_ms"": 9224.593, ""prompt_build_ms"": 0.535, ""retry_count"": 0, ""retry_reason"": """", ""total_tokens"": 4400}, ""action"": ""migration_advisor"", ""action_input"": {""finish_after_tool"": true, ""use_image"": true, ""use_visual_probe"": true, ""user_query"": ""碳化硅陶瓷烧结台回执分支终签7625号""}, ""clarification_question"": """", ""decision_type"": ""tool"", ""end_reason"": """", ""final_answer"": """", ""thought"": ""最新状态未满足结束或重试条件，需要进入能力迁移评估。""}]",,6621.514,6607.613,4023,50,1,1,True,False
PROMV12-TB-009-REX-PS3,post_retry_success_step3,能力迁移已候场，先核验最新探针回执：先使用Rex-Omni检测附件中的金橙五星复检片，检测结果仅作为中间状态。最终需要判断林区无人机补给舱探针恢复复议6446号应继续现有能力、结束，还是进入迁移评估。自然语言里的故障等级和预算描述没有路由优先级，只读取本 query 最新 observation 的结构化键值。错误状态仅在 retryable=true 与 retry_count=0 同时成立时复用原检测器一次，否则调用迁移顾问。正常状态需要候选数、置信度、跨提示一致性和域偏移四个门槛全部通过才结束，任一否决项都转迁移。缺省、非法、冲突状态采取保守分支；已经重试一次的结果不能再次触发检测器。检测器必须设置 finish_after_tool=false；迁移顾问使用当前图片和视觉探针并设置 finish_after_tool=true。,True,examples/images/planner_retry_optimizer_matched_v12/goldorange_five_star_recheck.png,"[{""action"": ""rexomni_detection"", ""arg_contains"": {""label"": [""金橙五星复检片""]}, ""decision_type"": ""tool"", ""required_args"": {""finish_after_tool"": false}}, {""action"": ""rexomni_detection"", ""arg_contains"": {""label"": [""金橙五星复检片""]}, ""decision_type"": ""tool"", ""required_args"": {""finish_after_tool"": false}}, {""arg_contains"": {}, ""decision_type"": ""end"", ""required_args"": {""end_reason"": ""memory_hit""}}]","[""rag_answer"", ""re_question"", ""answerer"", ""flux-image-generation"", ""qwen_detection"", ""pipeline_eval"", ""migration_advisor""]","{""action_match"": 0.65, ""argument_match"": 0.1, ""decision_type_valid"": 0.03, ""final_tool_finish"": 0.1, ""finish_after_tool"": 0.1, ""json_valid"": 0.02, ""no_forbidden_action"": 0.1, ""no_premature_stop"": 0.1, ""no_repeated_tool"": 0.1, ""no_skip_required_probe"": 0.1, ""strict_action_match"": true, ""strict_argument_types"": true, ""wrong_action_cap"": 0.2}",False,0.725,"[""rexomni_detection"", ""rexomni_detection"", ""migration_advisor""]",rexomni_detection,"[{""_planner_metrics"": {""api_call_ms"": 6579.005, ""first_api_call_ms"": 6579.005, ""first_finish_reason"": ""stop"", ""first_input_tokens"": 4025, ""first_output_tokens"": 50, ""first_total_tokens"": 4075, ""input_tokens"": 4025, ""output_tokens"": 50, ""parse_ms"": 0.117, ""planner_total_ms"": 6594.231, ""prompt_build_ms"": 0.406, ""retry_count"": 0, ""retry_reason"": """", ""total_tokens"": 4075}, ""action"": ""rexomni_detection"", ""action_input"": {""finish_after_tool"": false, ""label"": ""金橙五星复检片""}, ""clarification_question"": """", ""decision_type"": ""tool"", ""end_reason"": """", ""final_answer"": """", ""thought"": ""先执行用户指定的检测器以取得当前结构化状态。""}, {""_planner_metrics"": {""api_call_ms"": 6871.992, ""first_api_call_ms"": 6871.992, ""first_finish_reason"": ""stop"", ""first_input_tokens"": 4337, ""first_output_tokens"": 51, ""first_total_tokens"": 4388, ""input_tokens"": 4337, ""output_tokens"": 51, ""parse_ms"": 0.116, ""planner_total_ms"": 6886.712, ""prompt_build_ms"": 0.469, ""retry_count"": 0, ""retry_reason"": """", ""total_tokens"": 4388}, ""action"": ""rexomni_detection"", ""action_input"": {""finish_after_tool"": false, ""label"": ""金橙五星复检片""}, ""clarification_question"": """", ""decision_type"": ""tool"", ""end_reason"": """", ""final_answer"": """", ""thought"": ""最新状态满足一次重试条件，应复用原检测器。""}, {""_planner_metrics"": {""api_call_ms"": 9120.269, ""first_api_call_ms"": 9120.269, ""first_finish_reason"": ""stop"", ""first_input_tokens"": 4642, ""first_output_tokens"": 71, ""first_total_tokens"": 4713, ""input_tokens"": 4642, ""output_tokens"": 71, ""parse_ms"": 0.121, ""planner_total_ms"": 9135.218, ""prompt_build_ms"": 0.537, ""retry_count"": 0, ""retry_reason"": """", ""total_tokens"": 4713}, ""action"": ""migration_advisor"", ""action_input"": {""finish_after_tool"": true, ""use_image"": true, ""use_visual_probe"": true, ""user_query"": ""林区无人机补给舱探针恢复复议6446号""}, ""clarification_question"": """", ""decision_type"": ""tool"", ""end_reason"": """", ""final_answer"": """", ""thought"": ""最新状态未满足结束或重试条件，需要进入能力迁移评估。""}]","step3:decision_type expected 'end', got 'tool' | step3:action expected 'end', got 'migration_advisor' | step3:arg 'end_reason' expected 'memory_hit', got '' | forbidden:migration_advisor",6594.231,6579.005,4025,50,0,1,False,True
PROMV12-TB-002-REX-PE3,post_retry_error_step3,能力迁移已候场，先核验最新探针回执：先使用Rex-Omni检测附件中的金橙五星复检片，检测结果仅作为中间状态。最终需要判断甚低频射电阵列探针恢复复议3574号应继续现有能力、结束，还是进入迁移评估。自然语言里的故障等级和预算描述没有路由优先级，只读取本 query 最新 observation 的结构化键值。错误状态仅在 retryable=true 与 retry_count=0 同时成立时复用原检测器一次，否则调用迁移顾问。正常状态需要候选数、置信度、跨提示一致性和域偏移四个门槛全部通过才结束，任一否决项都转迁移。缺省、非法、冲突状态采取保守分支；已经重试一次的结果不能再次触发检测器。检测器必须设置 finish_after_tool=false；迁移顾问使用当前图片和视觉探针并设置 finish_after_tool=true。,True,examples/images/planner_retry_optimizer_matched_v12/goldorange_five_star_recheck.png,"[{""action"": ""rexomni_detection"", ""arg_contains"": {""label"": [""金橙五星复检片""]}, ""decision_type"": ""tool"", ""required_args"": {""finish_after_tool"": false}}, {""action"": ""rexomni_detection"", ""arg_contains"": {""label"": [""金橙五星复检片""]}, ""decision_type"": ""tool"", ""required_args"": {""finish_after_tool"": false}}, {""action"": ""migration_advisor"", ""arg_contains"": {""user_query"": [""甚低频射电阵列探针恢复复议3574号""]}, ""decision_type"": ""tool"", ""required_args"": {""finish_after_tool"": true, ""use_image"": true, ""use_visual_probe"": true}}]","[""rag_answer"", ""re_question"", ""answerer"", ""flux-image-generation"", ""qwen_detection"", ""pipeline_eval""]","{""action_match"": 0.65, ""argument_match"": 0.1, ""decision_type_valid"": 0.03, ""final_tool_finish"": 0.1, ""finish_after_tool"": 0.1, ""json_valid"": 0.02, ""no_forbidden_action"": 0.1, ""no_premature_stop"": 0.1, ""no_repeated_tool"": 0.1, ""no_skip_required_probe"": 0.1, ""strict_action_match"": true, ""strict_argument_types"": true, ""wrong_action_cap"": 0.2}",False,0.703125,"[""rexomni_detection"", ""migration_advisor"", ""migration_advisor""]",rexomni_detection,"[{""_planner_metrics"": {""api_call_ms"": 6645.779, ""first_api_call_ms"": 6645.779, ""first_finish_reason"": ""stop"", ""first_input_tokens"": 4027, ""first_output_tokens"": 50, ""first_total_tokens"": 4077, ""input_tokens"": 4027, ""output_tokens"": 50, ""parse_ms"": 0.154, ""planner_total_ms"": 6658.946, ""prompt_build_ms"": 0.463, ""retry_count"": 0, ""retry_reason"": """", ""total_tokens"": 4077}, ""action"": ""rexomni_detection"", ""action_input"": {""finish_after_tool"": false, ""label"": ""金橙五星复检片""}, ""clarification_question"": """", ""decision_type"": ""tool"", ""end_reason"": """", ""final_answer"": """", ""thought"": ""先执行用户指定的检测器以取得当前结构化状态。""}, {""_planner_metrics"": {""api_call_ms"": 9095.33, ""first_api_call_ms"": 9095.33, ""first_finish_reason"": ""stop"", ""first_input_tokens"": 4333, ""first_output_tokens"": 72, ""first_total_tokens"": 4405, ""input_tokens"": 4333, ""output_tokens"": 72, ""parse_ms"": 0.141, ""planner_total_ms"": 9110.015, ""prompt_build_ms"": 0.505, ""retry_count"": 0, ""retry_reason"": """", ""total_tokens"": 4405}, ""action"": ""migration_advisor"", ""action_input"": {""finish_after_tool"": true, ""use_image"": true, ""use_visual_probe"": true, ""user_query"": ""甚低频射电阵列探针恢复复议3574号""}, ""clarification_question"": """", ""decision_type"": ""tool"", ""end_reason"": """", ""final_answer"": """", ""thought"": ""最新状态未满足结束或重试条件，需要进入能力迁移评估。""}, {""_planner_metrics"": {""api_call_ms"": 9263.809, ""first_api_call_ms"": 9263.809, ""first_finish_reason"": ""stop"", ""first_input_tokens"": 4666, ""first_output_tokens"": 72, ""first_total_tokens"": 4738, ""input_tokens"": 4666, ""output_tokens"": 72, ""parse_ms"": 0.171, ""planner_total_ms"": 9278.344, ""prompt_build_ms"": 0.535, ""retry_count"": 0, ""retry_reason"": """", ""total_tokens"": 4738}, ""action"": ""migration_advisor"", ""action_input"": {""finish_after_tool"": true, ""use_image"": true, ""use_visual_probe"": true, ""user_query"": ""甚低频射电阵列探针恢复复议3574号""}, ""clarification_question"": """", ""decision_type"": ""tool"", ""end_reason"": """", ""final_answer"": """", ""thought"": ""最新状态未满足结束或重试条件，需要进入能力迁移评估。""}]","step2:action expected 'rexomni_detection', got 'migration_advisor' | step2:finish_after_tool expected False, got True | step2:arg 'label' expected to contain ['金橙五星复检片'], got None",6658.946,6645.779,4027,50,0,1,False,True
PROMV12-TB-003-QWEN-FR2,fresh_retry_step2,读取这次机器状态并选择唯一动作：先使用Qwen检测附件中的玄铜弧顶缓冲座，检测结果仅作为中间状态。最终需要判断林区无人机补给舱回执分支终签9158号应继续现有能力、结束，还是进入迁移评估。自然语言里的故障等级和预算描述没有路由优先级，只读取本 query 最新 observation 的结构化键值。错误状态仅在 retryable=true 与 retry_count=0 同时成立时复用原检测器一次，否则调用迁移顾问。正常状态需要候选数、置信度、跨提示一致性和域偏移四个门槛全部通过才结束，任一否决项都转迁移。缺省、非法、冲突状态采取保守分支；已经重试一次的结果不能再次触发检测器。检测器必须设置 finish_after_tool=false；迁移顾问使用当前图片和视觉探针并设置 finish_after_tool=true。,True,examples/images/planner_retry_optimizer_matched_v12/darkbronze_arch_buffer.png,"[{""action"": ""qwen_detection"", ""arg_contains"": {""label"": [""玄铜弧顶缓冲座""]}, ""decision_type"": ""tool"", ""required_args"": {""finish_after_tool"": false}}, {""action"": ""qwen_detection"", ""arg_contains"": {""label"": [""玄铜弧顶缓冲座""]}, ""decision_type"": ""tool"", ""required_args"": {""finish_after_tool"": false}}, {""arg_contains"": {}, ""decision_type"": ""end"", ""required_args"": {""end_reason"": ""memory_hit""}}]","[""rag_answer"", ""re_question"", ""answerer"", ""flux-image-generation"", ""rexomni_detection"", ""pipeline_eval"", ""migration_advisor""]","{""action_match"": 0.65, ""argument_match"": 0.1, ""decision_type_valid"": 0.03, ""final_tool_finish"": 0.1, ""finish_after_tool"": 0.1, ""json_valid"": 0.02, ""no_forbidden_action"": 0.1, ""no_premature_stop"": 0.1, ""no_repeated_tool"": 0.1, ""no_skip_required_probe"": 0.1, ""strict_action_match"": true, ""strict_argument_types"": true, ""wrong_action_cap"": 0.2}",False,0.725,"[""qwen_detection"", ""qwen_detection"", ""migration_advisor""]",qwen_detection,"[{""_planner_metrics"": {""api_call_ms"": 6612.49, ""first_api_call_ms"": 6612.49, ""first_finish_reason"": ""stop"", ""first_input_tokens"": 4016, ""first_output_tokens"": 50, ""first_total_tokens"": 4066, ""input_tokens"": 4016, ""output_tokens"": 50, ""parse_ms"": 0.116, ""planner_total_ms"": 6626.011, ""prompt_build_ms"": 0.395, ""retry_count"": 0, ""retry_reason"": """", ""total_tokens"": 4066}, ""action"": ""qwen_detection"", ""action_input"": {""finish_after_tool"": false, ""label"": ""玄铜弧顶缓冲座""}, ""clarification_question"": """", ""decision_type"": ""tool"", ""end_reason"": """", ""final_answer"": """", ""thought"": ""先执行用户指定的检测器以取得当前结构化状态。""}, {""_planner_metrics"": {""api_call_ms"": 6958.289, ""first_api_call_ms"": 6958.289, ""first_finish_reason"": ""stop"", ""first_input_tokens"": 4328, ""first_output_tokens"": 52, ""first_total_tokens"": 4380, ""input_tokens"": 4328, ""output_tokens"": 52, ""parse_ms"": 0.185, ""planner_total_ms"": 6972.306, ""prompt_build_ms"": 0.54, ""retry_count"": 0, ""retry_reason"": """", ""total_tokens"": 4380}, ""action"": ""qwen_detection"", ""action_input"": {""finish_after_tool"": false, ""label"": ""玄铜弧顶缓冲座""}, ""clarification_question"": """", ""decision_type"": ""tool"", ""end_reason"": """", ""final_answer"": """", ""thought"": ""最新状态满足错误重试条件，需要再次使用同一检测器。""}, {""_planner_metrics"": {""api_call_ms"": 9296.367, ""first_api_call_ms"": 9296.367, ""first_finish_reason"": ""stop"", ""first_input_tokens"": 4631, ""first_output_tokens"": 72, ""first_total_tokens"": 4703, ""input_tokens"": 4631, ""output_tokens"": 72, ""parse_ms"": 0.151, ""planner_total_ms"": 9312.724, ""prompt_build_ms"": 0.543, ""retry_count"": 0, ""retry_reason"": """", ""total_tokens"": 4703}, ""action"": ""migration_advisor"", ""action_input"": {""finish_after_tool"": true, ""use_image"": true, ""use_visual_probe"": true, ""user_query"": ""林区无人机补给舱回执分支终签9158号""}, ""clarification_question"": """", ""decision_type"": ""tool"", ""end_reason"": """", ""final_answer"": """", ""thought"": ""最新状态未满足结束或重试条件，需要进入能力迁移评估。""}]","step3:decision_type expected 'end', got 'tool' | step3:action expected 'end', got 'migration_advisor' | step3:arg 'end_reason' expected 'memory_hit', got '' | forbidden:migration_advisor",6626.011,6612.49,4016,50,0,1,False,True
PROMV12-TB-005-QWEN-PS3,post_retry_success_step3,历史文字可能误导，本轮以后写入的 observation 为准：先使用Qwen检测附件中的玄铜弧顶缓冲座，检测结果仅作为中间状态。最终需要判断流域梯级调度闸站异常额度会核2044号应继续现有能力、结束，还是进入迁移评估。自然语言里的故障等级和预算描述没有路由优先级，只读取本 query 最新 observation 的结构化键值。错误状态仅在 retryable=true 与 retry_count=0 同时成立时复用原检测器一次，否则调用迁移顾问。正常状态需要候选数、置信度、跨提示一致性和域偏移四个门槛全部通过才结束，任一否决项都转迁移。缺省、非法、冲突状态采取保守分支；已经重试一次的结果不能再次触发检测器。检测器必须设置 finish_after_tool=false；迁移顾问使用当前图片和视觉探针并设置 finish_after_tool=true。,True,examples/images/planner_retry_optimizer_matched_v12/darkbronze_arch_buffer.png,"[{""action"": ""qwen_detection"", ""arg_contains"": {""label"": [""玄铜弧顶缓冲座""]}, ""decision_type"": ""tool"", ""required_args"": {""finish_after_tool"": false}}, {""action"": ""qwen_detection"", ""arg_contains"": {""label"": [""玄铜弧顶缓冲座""]}, ""decision_type"": ""tool"", ""required_args"": {""finish_after_tool"": false}}, {""arg_contains"": {}, ""decision_type"": ""end"", ""required_args"": {""end_reason"": ""memory_hit""}}]","[""rag_answer"", ""re_question"", ""answerer"", ""flux-image-generation"", ""rexomni_detection"", ""pipeline_eval"", ""migration_advisor""]","{""action_match"": 0.65, ""argument_match"": 0.1, ""decision_type_valid"": 0.03, ""final_tool_finish"": 0.1, ""finish_after_tool"": 0.1, ""json_valid"": 0.02, ""no_forbidden_action"": 0.1, ""no_premature_stop"": 0.1, ""no_repeated_tool"": 0.1, ""no_skip_required_probe"": 0.1, ""strict_action_match"": true, ""strict_argument_types"": true, ""wrong_action_cap"": 0.2}",False,0.75625,"[""qwen_detection"", ""qwen_detection"", ""qwen_detection""]",qwen_detection,"[{""_planner_metrics"": {""api_call_ms"": 6542.073, ""first_api_call_ms"": 6542.073, ""first_finish_reason"": ""stop"", ""first_input_tokens"": 4028, ""first_output_tokens"": 50, ""first_total_tokens"": 4078, ""input_tokens"": 4028, ""output_tokens"": 50, ""parse_ms"": 0.113, ""planner_total_ms"": 6557.232, ""prompt_build_ms"": 0.445, ""retry_count"": 0, ""retry_reason"": """", ""total_tokens"": 4078}, ""action"": ""qwen_detection"", ""action_input"": {""finish_after_tool"": false, ""label"": ""玄铜弧顶缓冲座""}, ""clarification_question"": """", ""decision_type"": ""tool"", ""end_reason"": """", ""final_answer"": """", ""thought"": ""先执行用户指定的检测器以取得当前结构化状态。""}, {""_planner_metrics"": {""api_call_ms"": 7150.032, ""first_api_call_ms"": 7150.032, ""first_finish_reason"": ""stop"", ""first_input_tokens"": 4340, ""first_output_tokens"": 54, ""first_total_tokens"": 4394, ""input_tokens"": 4340, ""output_tokens"": 54, ""parse_ms"": 0.146, ""planner_total_ms"": 7164.68, ""prompt_build_ms"": 0.529, ""retry_count"": 0, ""retry_reason"": """", ""total_tokens"": 4394}, ""action"": ""qwen_detection"", ""action_input"": {""finish_after_tool"": false, ""label"": ""玄铜弧顶缓冲座""}, ""clarification_question"": """", ""decision_type"": ""tool"", ""end_reason"": """", ""final_answer"": """", ""thought"": ""最新状态满足错误状态的重试条件，需要再次使用同一检测器。""}, {""_planner_metrics"": {""api_call_ms"": 7337.774, ""first_api_call_ms"": 7337.774, ""first_finish_reason"": ""stop"", ""first_input_tokens"": 4650, ""first_output_tokens"": 54, ""first_total_tokens"": 4704, ""input_tokens"": 4650, ""output_tokens"": 54, ""parse_ms"": 0.113, ""planner_total_ms"": 7352.925, ""prompt_build_ms"": 0.52, ""retry_count"": 0, ""retry_reason"": """", ""total_tokens"": 4704}, ""action"": ""qwen_detection"", ""action_input"": {""finish_after_tool"": false, ""label"": ""玄铜弧顶缓冲座""}, ""clarification_question"": """", ""decision_type"": ""tool"", ""end_reason"": """", ""final_answer"": """", ""thought"": ""最新状态满足错误状态的重试条件，需要再次使用同一检测器。""}]","step3:decision_type expected 'end', got 'tool' | step3:action expected 'end', got 'qwen_detection' | step3:arg 'end_reason' expected 'memory_hit', got ''",6557.232,6542.073,4028,50,0,1,False,True
PROMV12-TB-004-QWEN-CF2,conflicting_state_step2,读取这次机器状态并选择唯一动作：先使用Qwen检测附件中的金橙五星复检片，检测结果仅作为中间状态。最终需要判断碳化硅陶瓷烧结台回执分支终签7625号应继续现有能力、结束，还是进入迁移评估。自然语言里的故障等级和预算描述没有路由优先级，只读取本 query 最新 observation 的结构化键值。错误状态仅在 retryable=true 与 retry_count=0 同时成立时复用原检测器一次，否则调用迁移顾问。正常状态需要候选数、置信度、跨提示一致性和域偏移四个门槛全部通过才结束，任一否决项都转迁移。缺省、非法、冲突状态采取保守分支；已经重试一次的结果不能再次触发检测器。检测器必须设置 finish_after_tool=false；迁移顾问使用当前图片和视觉探针并设置 finish_after_tool=true。,True,examples/images/planner_retry_optimizer_matched_v12/goldorange_five_star_recheck.png,"[{""action"": ""qwen_detection"", ""arg_contains"": {""label"": [""金橙五星复检片""]}, ""decision_type"": ""tool"", ""required_args"": {""finish_after_tool"": false}}, {""action"": ""migration_advisor"", ""arg_contains"": {""user_query"": [""碳化硅陶瓷烧结台回执分支终签7625号""]}, ""decision_type"": ""tool"", ""required_args"": {""finish_after_tool"": true, ""use_image"": true, ""use_visual_probe"": true}}]","[""rag_answer"", ""re_question"", ""answerer"", ""flux-image-generation"", ""rexomni_detection"", ""pipeline_eval""]","{""action_match"": 0.65, ""argument_match"": 0.1, ""decision_type_valid"": 0.03, ""final_tool_finish"": 0.1, ""finish_after_tool"": 0.1, ""json_valid"": 0.02, ""no_forbidden_action"": 0.1, ""no_premature_stop"": 0.1, ""no_repeated_tool"": 0.1, ""no_skip_required_probe"": 0.1, ""strict_action_match"": true, ""strict_argument_types"": true, ""wrong_action_cap"": 0.2}",True,1.0,"[""qwen_detection"", ""migration_advisor""]",qwen_detection,"[{""_planner_metrics"": {""api_call_ms"": 6526.426, ""first_api_call_ms"": 6526.426, ""first_finish_reason"": ""stop"", ""first_input_tokens"": 4017, ""first_output_tokens"": 49, ""first_total_tokens"": 4066, ""input_tokens"": 4017, ""output_tokens"": 49, ""parse_ms"": 0.115, ""planner_total_ms"": 6539.788, ""prompt_build_ms"": 0.403, ""retry_count"": 0, ""retry_reason"": """", ""total_tokens"": 4066}, ""action"": ""qwen_detection"", ""action_input"": {""finish_after_tool"": false, ""label"": ""金橙五星复检片""}, ""clarification_question"": """", ""decision_type"": ""tool"", ""end_reason"": """", ""final_answer"": """", ""thought"": ""先执行用户指定的检测器以取得当前结构化状态。""}, {""_planner_metrics"": {""api_call_ms"": 9154.91, ""first_api_call_ms"": 9154.91, ""first_finish_reason"": ""stop"", ""first_input_tokens"": 4310, ""first_output_tokens"": 73, ""first_total_tokens"": 4383, ""input_tokens"": 4310, ""output_tokens"": 73, ""parse_ms"": 0.155, ""planner_total_ms"": 9169.311, ""prompt_build_ms"": 0.461, ""retry_count"": 0, ""retry_reason"": """", ""total_tokens"": 4383}, ""action"": ""migration_advisor"", ""action_input"": {""finish_after_tool"": true, ""use_image"": true, ""use_visual_probe"": true, ""user_query"": ""碳化硅陶瓷烧结台回执分支终签7625号""}, ""clarification_question"": """", ""decision_type"": ""tool"", ""end_reason"": """", ""final_answer"": """", ""thought"": ""最新状态未满足结束或重试条件，需要进入能力迁移评估。""}]",,6539.788,6526.426,4017,49,1,1,True,False
PROMV12-TB-010-REX-PV3,post_retry_metric_veto_step3,失联背景和当前预算并存时只使用显式字段：先使用Rex-Omni检测附件中的玄铜弧顶缓冲座，检测结果仅作为中间状态。最终需要判断流域梯级调度闸站回执分支终签5437号应继续现有能力、结束，还是进入迁移评估。自然语言里的故障等级和预算描述没有路由优先级，只读取本 query 最新 observation 的结构化键值。错误状态仅在 retryable=true 与 retry_count=0 同时成立时复用原检测器一次，否则调用迁移顾问。正常状态需要候选数、置信度、跨提示一致性和域偏移四个门槛全部通过才结束，任一否决项都转迁移。缺省、非法、冲突状态采取保守分支；已经重试一次的结果不能再次触发检测器。检测器必须设置 finish_after_tool=false；迁移顾问使用当前图片和视觉探针并设置 finish_after_tool=true。,True,examples/images/planner_retry_optimizer_matched_v12/darkbronze_arch_buffer.png,"[{""action"": ""rexomni_detection"", ""arg_contains"": {""label"": [""玄铜弧顶缓冲座""]}, ""decision_type"": ""tool"", ""required_args"": {""finish_after_tool"": false}}, {""action"": ""rexomni_detection"", ""arg_contains"": {""label"": [""玄铜弧顶缓冲座""]}, ""decision_type"": ""tool"", ""required_args"": {""finish_after_tool"": false}}, {""action"": ""migration_advisor"", ""arg_contains"": {""user_query"": [""流域梯级调度闸站回执分支终签5437号""]}, ""decision_type"": ""tool"", ""required_args"": {""finish_after_tool"": true, ""use_image"": true, ""use_visual_probe"": true}}]","[""rag_answer"", ""re_question"", ""answerer"", ""flux-image-generation"", ""qwen_detection"", ""pipeline_eval""]","{""action_match"": 0.65, ""argument_match"": 0.1, ""decision_type_valid"": 0.03, ""final_tool_finish"": 0.1, ""finish_after_tool"": 0.1, ""json_valid"": 0.02, ""no_forbidden_action"": 0.1, ""no_premature_stop"": 0.1, ""no_repeated_tool"": 0.1, ""no_skip_required_probe"": 0.1, ""strict_action_match"": true, ""strict_argument_types"": true, ""wrong_action_cap"": 0.2}",True,1.0,"[""rexomni_detection"", ""rexomni_detection"", ""migration_advisor""]",rexomni_detection,"[{""_planner_metrics"": {""api_call_ms"": 6633.461, ""first_api_call_ms"": 6633.461, ""first_finish_reason"": ""stop"", ""first_input_tokens"": 4032, ""first_output_tokens"": 51, ""first_total_tokens"": 4083, ""input_tokens"": 4032, ""output_tokens"": 51, ""parse_ms"": 0.115, ""planner_total_ms"": 6646.768, ""prompt_build_ms"": 0.459, ""retry_count"": 0, ""retry_reason"": """", ""total_tokens"": 4083}, ""action"": ""rexomni_detection"", ""action_input"": {""finish_after_tool"": false, ""label"": ""玄铜弧顶缓冲座""}, ""clarification_question"": """", ""decision_type"": ""tool"", ""end_reason"": """", ""final_answer"": """", ""thought"": ""先执行用户指定的检测器以取得当前结构化状态。""}, {""_planner_metrics"": {""api_call_ms"": 6959.231, ""first_api_call_ms"": 6959.231, ""first_finish_reason"": ""stop"", ""first_input_tokens"": 4347, ""first_output_tokens"": 52, ""first_total_tokens"": 4399, ""input_tokens"": 4347, ""output_tokens"": 52, ""parse_ms"": 0.144, ""planner_total_ms"": 6974.457, ""prompt_build_ms"": 0.53, ""retry_count"": 0, ""retry_reason"": """", ""total_tokens"": 4399}, ""action"": ""rexomni_detection"", ""action_input"": {""finish_after_tool"": false, ""label"": ""玄铜弧顶缓冲座""}, ""clarification_question"": """", ""decision_type"": ""tool"", ""end_reason"": """", ""final_answer"": """", ""thought"": ""最新状态满足错误重试条件，需要复用同一检测器。""}, {""_planner_metrics"": {""api_call_ms"": 9446.171, ""first_api_call_ms"": 9446.171, ""first_finish_reason"": ""stop"", ""first_input_tokens"": 4654, ""first_output_tokens"": 74, ""first_total_tokens"": 4728, ""input_tokens"": 4654, ""output_tokens"": 74, ""parse_ms"": 0.156, ""planner_total_ms"": 9460.82, ""prompt_build_ms"": 0.435, ""retry_count"": 0, ""retry_reason"": """", ""total_tokens"": 4728}, ""action"": ""migration_advisor"", ""action_input"": {""finish_after_tool"": true, ""use_image"": true, ""use_visual_probe"": true, ""user_query"": ""流域梯级调度闸站回执分支终签5437号""}, ""clarification_question"": """", ""decision_type"": ""tool"", ""end_reason"": """", ""final_answer"": """", ""thought"": ""最新状态未满足结束或重试条件，需要进入能力迁移评估。""}]",,6646.768,6633.461,4032,51,1,1,True,False
PROMV12-TB-009-REX-PE3,post_retry_error_step3,能力迁移已候场，先核验最新探针回执：先使用Rex-Omni检测附件中的金橙五星复检片，检测结果仅作为中间状态。最终需要判断林区无人机补给舱探针恢复复议6446号应继续现有能力、结束，还是进入迁移评估。自然语言里的故障等级和预算描述没有路由优先级，只读取本 query 最新 observation 的结构化键值。错误状态仅在 retryable=true 与 retry_count=0 同时成立时复用原检测器一次，否则调用迁移顾问。正常状态需要候选数、置信度、跨提示一致性和域偏移四个门槛全部通过才结束，任一否决项都转迁移。缺省、非法、冲突状态采取保守分支；已经重试一次的结果不能再次触发检测器。检测器必须设置 finish_after_tool=false；迁移顾问使用当前图片和视觉探针并设置 finish_after_tool=true。,True,examples/images/planner_retry_optimizer_matched_v12/goldorange_five_star_recheck.png,"[{""action"": ""rexomni_detection"", ""arg_contains"": {""label"": [""金橙五星复检片""]}, ""decision_type"": ""tool"", ""required_args"": {""finish_after_tool"": false}}, {""action"": ""rexomni_detection"", ""arg_contains"": {""label"": [""金橙五星复检片""]}, ""decision_type"": ""tool"", ""required_args"": {""finish_after_tool"": false}}, {""action"": ""migration_advisor"", ""arg_contains"": {""user_query"": [""林区无人机补给舱探针恢复复议6446号""]}, ""decision_type"": ""tool"", ""required_args"": {""finish_after_tool"": true, ""use_image"": true, ""use_visual_probe"": true}}]","[""rag_answer"", ""re_question"", ""answerer"", ""flux-image-generation"", ""qwen_detection"", ""pipeline_eval""]","{""action_match"": 0.65, ""argument_match"": 0.1, ""decision_type_valid"": 0.03, ""final_tool_finish"": 0.1, ""finish_after_tool"": 0.1, ""json_valid"": 0.02, ""no_forbidden_action"": 0.1, ""no_premature_stop"": 0.1, ""no_repeated_tool"": 0.1, ""no_skip_required_probe"": 0.1, ""strict_action_match"": true, ""strict_argument_types"": true, ""wrong_action_cap"": 0.2}",True,1.0,"[""rexomni_detection"", ""rexomni_detection"", ""migration_advisor""]",rexomni_detection,"[{""_planner_metrics"": {""api_call_ms"": 6608.341, ""first_api_call_ms"": 6608.341, ""first_finish_reason"": ""stop"", ""first_input_tokens"": 4025, ""first_output_tokens"": 50, ""first_total_tokens"": 4075, ""input_tokens"": 4025, ""output_tokens"": 50, ""parse_ms"": 0.175, ""planner_total_ms"": 6622.027, ""prompt_build_ms"": 0.438, ""retry_count"": 0, ""retry_reason"": """", ""total_tokens"": 4075}, ""action"": ""rexomni_detection"", ""action_input"": {""finish_after_tool"": false, ""label"": ""金橙五星复检片""}, ""clarification_question"": """", ""decision_type"": ""tool"", ""end_reason"": """", ""final_answer"": """", ""thought"": ""先执行用户指定的检测器以取得当前结构化状态。""}, {""_planner_metrics"": {""api_call_ms"": 6888.285, ""first_api_call_ms"": 6888.285, ""first_finish_reason"": ""stop"", ""first_input_tokens"": 4331, ""first_output_tokens"": 51, ""first_total_tokens"": 4382, ""input_tokens"": 4331, ""output_tokens"": 51, ""parse_ms"": 0.192, ""planner_total_ms"": 6902.817, ""prompt_build_ms"": 0.532, ""retry_count"": 0, ""retry_reason"": """", ""total_tokens"": 4382}, ""action"": ""rexomni_detection"", ""action_input"": {""finish_after_tool"": false, ""label"": ""金橙五星复检片""}, ""clarification_question"": """", ""decision_type"": ""tool"", ""end_reason"": """", ""final_answer"": """", ""thought"": ""最新状态满足一次重试条件，应复用原检测器。""}, {""_planner_metrics"": {""api_call_ms"": 9313.446, ""first_api_call_ms"": 9313.446, ""first_finish_reason"": ""stop"", ""first_input_tokens"": 4642, ""first_output_tokens"": 71, ""first_total_tokens"": 4713, ""input_tokens"": 4642, ""output_tokens"": 71, ""parse_ms"": 0.166, ""planner_total_ms"": 9330.538, ""prompt_build_ms"": 0.496, ""retry_count"": 0, ""retry_reason"": """", ""total_tokens"": 4713}, ""action"": ""migration_advisor"", ""action_input"": {""finish_after_tool"": true, ""use_image"": true, ""use_visual_probe"": true, ""user_query"": ""林区无人机补给舱探针恢复复议6446号""}, ""clarification_question"": """", ""decision_type"": ""tool"", ""end_reason"": """", ""final_answer"": """", ""thought"": ""最新状态未满足结束或重试条件，需要进入能力迁移评估。""}]",,6622.027,6608.341,4025,50,1,1,True,False
PROMV12-TB-008-REX-MS2,missing_required_state_step2,能力迁移已候场，先核验最新探针回执：先使用Rex-Omni检测附件中的玄铜弧顶缓冲座，检测结果仅作为中间状态。最终需要判断流域梯级调度闸站探针恢复复议4894号应继续现有能力、结束，还是进入迁移评估。自然语言里的故障等级和预算描述没有路由优先级，只读取本 query 最新 observation 的结构化键值。错误状态仅在 retryable=true 与 retry_count=0 同时成立时复用原检测器一次，否则调用迁移顾问。正常状态需要候选数、置信度、跨提示一致性和域偏移四个门槛全部通过才结束，任一否决项都转迁移。缺省、非法、冲突状态采取保守分支；已经重试一次的结果不能再次触发检测器。检测器必须设置 finish_after_tool=false；迁移顾问使用当前图片和视觉探针并设置 finish_after_tool=true。,True,examples/images/planner_retry_optimizer_matched_v12/darkbronze_arch_buffer.png,"[{""action"": ""rexomni_detection"", ""arg_contains"": {""label"": [""玄铜弧顶缓冲座""]}, ""decision_type"": ""tool"", ""required_args"": {""finish_after_tool"": false}}, {""action"": ""migration_advisor"", ""arg_contains"": {""user_query"": [""流域梯级调度闸站探针恢复复议4894号""]}, ""decision_type"": ""tool"", ""required_args"": {""finish_after_tool"": true, ""use_image"": true, ""use_visual_probe"": true}}]","[""rag_answer"", ""re_question"", ""answerer"", ""flux-image-generation"", ""qwen_detection"", ""pipeline_eval""]","{""action_match"": 0.65, ""argument_match"": 0.1, ""decision_type_valid"": 0.03, ""final_tool_finish"": 0.1, ""finish_after_tool"": 0.1, ""json_valid"": 0.02, ""no_forbidden_action"": 0.1, ""no_premature_stop"": 0.1, ""no_repeated_tool"": 0.1, ""no_skip_required_probe"": 0.1, ""strict_action_match"": true, ""strict_argument_types"": true, ""wrong_action_cap"": 0.2}",True,1.0,"[""rexomni_detection"", ""migration_advisor""]",rexomni_detection,"[{""_planner_metrics"": {""api_call_ms"": 6911.925, ""first_api_call_ms"": 6911.925, ""first_finish_reason"": ""stop"", ""first_input_tokens"": 4030, ""first_output_tokens"": 51, ""first_total_tokens"": 4081, ""input_tokens"": 4030, ""output_tokens"": 51, ""parse_ms"": 0.115, ""planner_total_ms"": 6925.466, ""prompt_build_ms"": 0.405, ""retry_count"": 0, ""retry_reason"": """", ""total_tokens"": 4081}, ""action"": ""rexomni_detection"", ""action_input"": {""finish_after_tool"": false, ""label"": ""玄铜弧顶缓冲座""}, ""clarification_question"": """", ""decision_type"": ""tool"", ""end_reason"": """", ""final_answer"": """", ""thought"": ""先执行用户指定的检测器以取得当前结构化状态。""}, {""_planner_metrics"": {""api_call_ms"": 9548.4, ""first_api_call_ms"": 9548.4, ""first_finish_reason"": ""stop"", ""first_input_tokens"": 4338, ""first_output_tokens"": 73, ""first_total_tokens"": 4411, ""input_tokens"": 4338, ""output_tokens"": 73, ""parse_ms"": 0.126, ""planner_total_ms"": 9563.759, ""prompt_build_ms"": 0.529, ""retry_count"": 0, ""retry_reason"": """", ""total_tokens"": 4411}, ""action"": ""migration_advisor"", ""action_input"": {""finish_after_tool"": true, ""use_image"": true, ""use_visual_probe"": true, ""user_query"": ""流域梯级调度闸站探针恢复复议4894号""}, ""clarification_question"": """", ""decision_type"": ""tool"", ""end_reason"": """", ""final_answer"": """", ""thought"": ""最新状态未满足结束或重试条件，需要进入能力迁移评估。""}]",,6925.466,6911.925,4030,51,1,1,True,False
PROMV12-TB-005-QWEN-NR2,nonretryable_step2,历史文字可能误导，本轮以后写入的 observation 为准：先使用Qwen检测附件中的玄铜弧顶缓冲座，检测结果仅作为中间状态。最终需要判断流域梯级调度闸站异常额度会核2044号应继续现有能力、结束，还是进入迁移评估。自然语言里的故障等级和预算描述没有路由优先级，只读取本 query 最新 observation 的结构化键值。错误状态仅在 retryable=true 与 retry_count=0 同时成立时复用原检测器一次，否则调用迁移顾问。正常状态需要候选数、置信度、跨提示一致性和域偏移四个门槛全部通过才结束，任一否决项都转迁移。缺省、非法、冲突状态采取保守分支；已经重试一次的结果不能再次触发检测器。检测器必须设置 finish_after_tool=false；迁移顾问使用当前图片和视觉探针并设置 finish_after_tool=true。,True,examples/images/planner_retry_optimizer_matched_v12/darkbronze_arch_buffer.png,"[{""action"": ""qwen_detection"", ""arg_contains"": {""label"": [""玄铜弧顶缓冲座""]}, ""decision_type"": ""tool"", ""required_args"": {""finish_after_tool"": false}}, {""action"": ""migration_advisor"", ""arg_contains"": {""user_query"": [""流域梯级调度闸站异常额度会核2044号""]}, ""decision_type"": ""tool"", ""required_args"": {""finish_after_tool"": true, ""use_image"": true, ""use_visual_probe"": true}}]","[""rag_answer"", ""re_question"", ""answerer"", ""flux-image-generation"", ""rexomni_detection"", ""pipeline_eval""]","{""action_match"": 0.65, ""argument_match"": 0.1, ""decision_type_valid"": 0.03, ""final_tool_finish"": 0.1, ""finish_after_tool"": 0.1, ""json_valid"": 0.02, ""no_forbidden_action"": 0.1, ""no_premature_stop"": 0.1, ""no_repeated_tool"": 0.1, ""no_skip_required_probe"": 0.1, ""strict_action_match"": true, ""strict_argument_types"": true, ""wrong_action_cap"": 0.2}",True,1.0,"[""qwen_detection"", ""migration_advisor""]",qwen_detection,"[{""_planner_metrics"": {""api_call_ms"": 6707.489, ""first_api_call_ms"": 6707.489, ""first_finish_reason"": ""stop"", ""first_input_tokens"": 4028, ""first_output_tokens"": 50, ""first_total_tokens"": 4078, ""input_tokens"": 4028, ""output_tokens"": 50, ""parse_ms"": 0.147, ""planner_total_ms"": 6720.912, ""prompt_build_ms"": 0.421, ""retry_count"": 0, ""retry_reason"": """", ""total_tokens"": 4078}, ""action"": ""qwen_detection"", ""action_input"": {""finish_after_tool"": false, ""label"": ""玄铜弧顶缓冲座""}, ""clarification_question"": """", ""decision_type"": ""tool"", ""end_reason"": """", ""final_answer"": """", ""thought"": ""先执行用户指定的检测器以取得当前结构化状态。""}, {""_planner_metrics"": {""api_call_ms"": 9344.879, ""first_api_call_ms"": 9344.879, ""first_finish_reason"": ""stop"", ""first_input_tokens"": 4342, ""first_output_tokens"": 74, ""first_total_tokens"": 4416, ""input_tokens"": 4342, ""output_tokens"": 74, ""parse_ms"": 0.143, ""planner_total_ms"": 9359.128, ""prompt_build_ms"": 0.436, ""retry_count"": 0, ""retry_reason"": """", ""total_tokens"": 4416}, ""action"": ""migration_advisor"", ""action_input"": {""finish_after_tool"": true, ""use_image"": true, ""use_visual_probe"": true, ""user_query"": ""流域梯级调度闸站异常额度会核2044号""}, ""clarification_question"": """", ""decision_type"": ""tool"", ""end_reason"": """", ""final_answer"": """", ""thought"": ""最新状态未满足结束或重试条件，需要进入能力迁移评估。""}]",,6720.912,6707.489,4028,50,1,1,True,False
PROMV12-TB-012-QWEN-FR2,fresh_retry_step2,读取这次机器状态并选择唯一动作：先使用Qwen检测附件中的金橙五星复检片，检测结果仅作为中间状态。最终需要判断甚低频射电阵列回执分支终签3879号应继续现有能力、结束，还是进入迁移评估。自然语言里的故障等级和预算描述没有路由优先级，只读取本 query 最新 observation 的结构化键值。错误状态仅在 retryable=true 与 retry_count=0 同时成立时复用原检测器一次，否则调用迁移顾问。正常状态需要候选数、置信度、跨提示一致性和域偏移四个门槛全部通过才结束，任一否决项都转迁移。缺省、非法、冲突状态采取保守分支；已经重试一次的结果不能再次触发检测器。检测器必须设置 finish_after_tool=false；迁移顾问使用当前图片和视觉探针并设置 finish_after_tool=true。,True,examples/images/planner_retry_optimizer_matched_v12/goldorange_five_star_recheck.png,"[{""action"": ""qwen_detection"", ""arg_contains"": {""label"": [""金橙五星复检片""]}, ""decision_type"": ""tool"", ""required_args"": {""finish_after_tool"": false}}, {""action"": ""qwen_detection"", ""arg_contains"": {""label"": [""金橙五星复检片""]}, ""decision_type"": ""tool"", ""required_args"": {""finish_after_tool"": false}}, {""arg_contains"": {}, ""decision_type"": ""end"", ""required_args"": {""end_reason"": ""memory_hit""}}]","[""rag_answer"", ""re_question"", ""answerer"", ""flux-image-generation"", ""rexomni_detection"", ""pipeline_eval"", ""migration_advisor""]","{""action_match"": 0.65, ""argument_match"": 0.1, ""decision_type_valid"": 0.03, ""final_tool_finish"": 0.1, ""finish_after_tool"": 0.1, ""json_valid"": 0.02, ""no_forbidden_action"": 0.1, ""no_premature_stop"": 0.1, ""no_repeated_tool"": 0.1, ""no_skip_required_probe"": 0.1, ""strict_action_match"": true, ""strict_argument_types"": true, ""wrong_action_cap"": 0.2}",False,0.725,"[""qwen_detection"", ""qwen_detection"", ""migration_advisor""]",qwen_detection,"[{""_planner_metrics"": {""api_call_ms"": 6471.985, ""first_api_call_ms"": 6471.985, ""first_finish_reason"": ""stop"", ""first_input_tokens"": 4017, ""first_output_tokens"": 49, ""first_total_tokens"": 4066, ""input_tokens"": 4017, ""output_tokens"": 49, ""parse_ms"": 0.117, ""planner_total_ms"": 6484.638, ""prompt_build_ms"": 0.412, ""retry_count"": 0, ""retry_reason"": """", ""total_tokens"": 4066}, ""action"": ""qwen_detection"", ""action_input"": {""finish_after_tool"": false, ""label"": ""金橙五星复检片""}, ""clarification_question"": """", ""decision_type"": ""tool"", ""end_reason"": """", ""final_answer"": """", ""thought"": ""先执行用户指定的检测器以取得当前结构化状态。""}, {""_planner_metrics"": {""api_call_ms"": 6892.014, ""first_api_call_ms"": 6892.014, ""first_finish_reason"": ""stop"", ""first_input_tokens"": 4330, ""first_output_tokens"": 51, ""first_total_tokens"": 4381, ""input_tokens"": 4330, ""output_tokens"": 51, ""parse_ms"": 0.127, ""planner_total_ms"": 6906.107, ""prompt_build_ms"": 0.468, ""retry_count"": 0, ""retry_reason"": """", ""total_tokens"": 4381}, ""action"": ""qwen_detection"", ""action_input"": {""finish_after_tool"": false, ""label"": ""金橙五星复检片""}, ""clarification_question"": """", ""decision_type"": ""tool"", ""end_reason"": """", ""final_answer"": """", ""thought"": ""最新状态满足错误重试条件，需要再次使用同一检测器。""}, {""_planner_metrics"": {""api_call_ms"": 9264.076, ""first_api_call_ms"": 9264.076, ""first_finish_reason"": ""stop"", ""first_input_tokens"": 4636, ""first_output_tokens"": 73, ""first_total_tokens"": 4709, ""input_tokens"": 4636, ""output_tokens"": 73, ""parse_ms"": 0.185, ""planner_total_ms"": 9279.481, ""prompt_build_ms"": 0.562, ""retry_count"": 0, ""retry_reason"": """", ""total_tokens"": 4709}, ""action"": ""migration_advisor"", ""action_input"": {""finish_after_tool"": true, ""use_image"": true, ""use_visual_probe"": true, ""user_query"": ""甚低频射电阵列回执分支终签3879号""}, ""clarification_question"": """", ""decision_type"": ""tool"", ""end_reason"": """", ""final_answer"": """", ""thought"": ""最新状态未满足结束或重试条件，需要进入能力迁移评估。""}]","step3:decision_type expected 'end', got 'tool' | step3:action expected 'end', got 'migration_advisor' | step3:arg 'end_reason' expected 'memory_hit', got '' | forbidden:migration_advisor",6484.638,6471.985,4017,49,0,1,False,True
PROMV12-TB-010-QWEN-PE3,post_retry_error_step3,失联背景和当前预算并存时只使用显式字段：先使用Qwen检测附件中的玄铜弧顶缓冲座，检测结果仅作为中间状态。最终需要判断流域梯级调度闸站回执分支终签5437号应继续现有能力、结束，还是进入迁移评估。自然语言里的故障等级和预算描述没有路由优先级，只读取本 query 最新 observation 的结构化键值。错误状态仅在 retryable=true 与 retry_count=0 同时成立时复用原检测器一次，否则调用迁移顾问。正常状态需要候选数、置信度、跨提示一致性和域偏移四个门槛全部通过才结束，任一否决项都转迁移。缺省、非法、冲突状态采取保守分支；已经重试一次的结果不能再次触发检测器。检测器必须设置 finish_after_tool=false；迁移顾问使用当前图片和视觉探针并设置 finish_after_tool=true。,True,examples/images/planner_retry_optimizer_matched_v12/darkbronze_arch_buffer.png,"[{""action"": ""qwen_detection"", ""arg_contains"": {""label"": [""玄铜弧顶缓冲座""]}, ""decision_type"": ""tool"", ""required_args"": {""finish_after_tool"": false}}, {""action"": ""qwen_detection"", ""arg_contains"": {""label"": [""玄铜弧顶缓冲座""]}, ""decision_type"": ""tool"", ""required_args"": {""finish_after_tool"": false}}, {""action"": ""migration_advisor"", ""arg_contains"": {""user_query"": [""流域梯级调度闸站回执分支终签5437号""]}, ""decision_type"": ""tool"", ""required_args"": {""finish_after_tool"": true, ""use_image"": true, ""use_visual_probe"": true}}]","[""rag_answer"", ""re_question"", ""answerer"", ""flux-image-generation"", ""rexomni_detection"", ""pipeline_eval""]","{""action_match"": 0.65, ""argument_match"": 0.1, ""decision_type_valid"": 0.03, ""final_tool_finish"": 0.1, ""finish_after_tool"": 0.1, ""json_valid"": 0.02, ""no_forbidden_action"": 0.1, ""no_premature_stop"": 0.1, ""no_repeated_tool"": 0.1, ""no_skip_required_probe"": 0.1, ""strict_action_match"": true, ""strict_argument_types"": true, ""wrong_action_cap"": 0.2}",False,0.734375,"[""qwen_detection"", ""qwen_detection"", ""qwen_detection""]",qwen_detection,"[{""_planner_metrics"": {""api_call_ms"": 6555.507, ""first_api_call_ms"": 6555.507, ""first_finish_reason"": ""stop"", ""first_input_tokens"": 4026, ""first_output_tokens"": 50, ""first_total_tokens"": 4076, ""input_tokens"": 4026, ""output_tokens"": 50, ""parse_ms"": 0.148, ""planner_total_ms"": 6569.293, ""prompt_build_ms"": 0.412, ""retry_count"": 0, ""retry_reason"": """", ""total_tokens"": 4076}, ""action"": ""qwen_detection"", ""action_input"": {""finish_after_tool"": false, ""label"": ""玄铜弧顶缓冲座""}, ""clarification_question"": """", ""decision_type"": ""tool"", ""end_reason"": """", ""final_answer"": """", ""thought"": ""先执行用户指定的检测器以取得当前结构化状态。""}, {""_planner_metrics"": {""api_call_ms"": 6967.877, ""first_api_call_ms"": 6967.877, ""first_finish_reason"": ""stop"", ""first_input_tokens"": 4335, ""first_output_tokens"": 52, ""first_total_tokens"": 4387, ""input_tokens"": 4335, ""output_tokens"": 52, ""parse_ms"": 0.111, ""planner_total_ms"": 6983.942, ""prompt_build_ms"": 0.486, ""retry_count"": 0, ""retry_reason"": """", ""total_tokens"": 4387}, ""action"": ""qwen_detection"", ""action_input"": {""finish_after_tool"": false, ""label"": ""玄铜弧顶缓冲座""}, ""clarification_question"": """", ""decision_type"": ""tool"", ""end_reason"": """", ""final_answer"": """", ""thought"": ""最新状态满足错误复用条件，需要再次调用同一检测器。""}, {""_planner_metrics"": {""api_call_ms"": 7507.538, ""first_api_call_ms"": 7507.538, ""first_finish_reason"": ""stop"", ""first_input_tokens"": 4645, ""first_output_tokens"": 56, ""first_total_tokens"": 4701, ""input_tokens"": 4645, ""output_tokens"": 56, ""parse_ms"": 0.137, ""planner_total_ms"": 7521.791, ""prompt_build_ms"": 0.495, ""retry_count"": 0, ""retry_reason"": """", ""total_tokens"": 4701}, ""action"": ""qwen_detection"", ""action_input"": {""finish_after_tool"": false, ""label"": ""玄铜弧顶缓冲座""}, ""clarification_question"": """", ""decision_type"": ""tool"", ""end_reason"": """", ""final_answer"": """", ""thought"": ""最新状态满足错误复用条件，需要再次调用同一检测器取得结构化键值。""}]","step3:action expected 'migration_advisor', got 'qwen_detection' | step3:finish_after_tool expected True, got False | step3:arg 'use_image' expected True, got None | step3:arg 'use_visual_probe' expected True, got None | step3:arg 'user_query' expected to contain ['流域梯级调度闸站回执分支终签5437号'], got None",6569.293,6555.507,4026,50,0,1,False,True
PROMV12-TB-012-QWEN-MS2,missing_required_state_step2,读取这次机器状态并选择唯一动作：先使用Qwen检测附件中的金橙五星复检片，检测结果仅作为中间状态。最终需要判断甚低频射电阵列回执分支终签3879号应继续现有能力、结束，还是进入迁移评估。自然语言里的故障等级和预算描述没有路由优先级，只读取本 query 最新 observation 的结构化键值。错误状态仅在 retryable=true 与 retry_count=0 同时成立时复用原检测器一次，否则调用迁移顾问。正常状态需要候选数、置信度、跨提示一致性和域偏移四个门槛全部通过才结束，任一否决项都转迁移。缺省、非法、冲突状态采取保守分支；已经重试一次的结果不能再次触发检测器。检测器必须设置 finish_after_tool=false；迁移顾问使用当前图片和视觉探针并设置 finish_after_tool=true。,True,examples/images/planner_retry_optimizer_matched_v12/goldorange_five_star_recheck.png,"[{""action"": ""qwen_detection"", ""arg_contains"": {""label"": [""金橙五星复检片""]}, ""decision_type"": ""tool"", ""required_args"": {""finish_after_tool"": false}}, {""action"": ""migration_advisor"", ""arg_contains"": {""user_query"": [""甚低频射电阵列回执分支终签3879号""]}, ""decision_type"": ""tool"", ""required_args"": {""finish_after_tool"": true, ""use_image"": true, ""use_visual_probe"": true}}]","[""rag_answer"", ""re_question"", ""answerer"", ""flux-image-generation"", ""rexomni_detection"", ""pipeline_eval""]","{""action_match"": 0.65, ""argument_match"": 0.1, ""decision_type_valid"": 0.03, ""final_tool_finish"": 0.1, ""finish_after_tool"": 0.1, ""json_valid"": 0.02, ""no_forbidden_action"": 0.1, ""no_premature_stop"": 0.1, ""no_repeated_tool"": 0.1, ""no_skip_required_probe"": 0.1, ""strict_action_match"": true, ""strict_argument_types"": true, ""wrong_action_cap"": 0.2}",True,1.0,"[""qwen_detection"", ""migration_advisor""]",qwen_detection,"[{""_planner_metrics"": {""api_call_ms"": 6460.531, ""first_api_call_ms"": 6460.531, ""first_finish_reason"": ""stop"", ""first_input_tokens"": 4017, ""first_output_tokens"": 49, ""first_total_tokens"": 4066, ""input_tokens"": 4017, ""output_tokens"": 49, ""parse_ms"": 0.113, ""planner_total_ms"": 6473.988, ""prompt_build_ms"": 0.387, ""retry_count"": 0, ""retry_reason"": """", ""total_tokens"": 4066}, ""action"": ""qwen_detection"", ""action_input"": {""finish_after_tool"": false, ""label"": ""金橙五星复检片""}, ""clarification_question"": """", ""decision_type"": ""tool"", ""end_reason"": """", ""final_answer"": """", ""thought"": ""先执行用户指定的检测器以取得当前结构化状态。""}, {""_planner_metrics"": {""api_call_ms"": 9169.276, ""first_api_call_ms"": 9169.276, ""first_finish_reason"": ""stop"", ""first_input_tokens"": 4327, ""first_output_tokens"": 73, ""first_total_tokens"": 4400, ""input_tokens"": 4327, ""output_tokens"": 73, ""parse_ms"": 0.12, ""planner_total_ms"": 9183.004, ""prompt_build_ms"": 0.468, ""retry_count"": 0, ""retry_reason"": """", ""total_tokens"": 4400}, ""action"": ""migration_advisor"", ""action_input"": {""finish_after_tool"": true, ""use_image"": true, ""use_visual_probe"": true, ""user_query"": ""甚低频射电阵列回执分支终签3879号""}, ""clarification_question"": """", ""decision_type"": ""tool"", ""end_reason"": """", ""final_answer"": """", ""thought"": ""最新状态未满足结束或重试条件，需要进入能力迁移评估。""}]",,6473.988,6460.531,4017,49,1,1,True,False
PROMV12-TB-008-REX-FR2,fresh_retry_step2,能力迁移已候场，先核验最新探针回执：先使用Rex-Omni检测附件中的玄铜弧顶缓冲座，检测结果仅作为中间状态。最终需要判断流域梯级调度闸站探针恢复复议4894号应继续现有能力、结束，还是进入迁移评估。自然语言里的故障等级和预算描述没有路由优先级，只读取本 query 最新 observation 的结构化键值。错误状态仅在 retryable=true 与 retry_count=0 同时成立时复用原检测器一次，否则调用迁移顾问。正常状态需要候选数、置信度、跨提示一致性和域偏移四个门槛全部通过才结束，任一否决项都转迁移。缺省、非法、冲突状态采取保守分支；已经重试一次的结果不能再次触发检测器。检测器必须设置 finish_after_tool=false；迁移顾问使用当前图片和视觉探针并设置 finish_after_tool=true。,True,examples/images/planner_retry_optimizer_matched_v12/darkbronze_arch_buffer.png,"[{""action"": ""rexomni_detection"", ""arg_contains"": {""label"": [""玄铜弧顶缓冲座""]}, ""decision_type"": ""tool"", ""required_args"": {""finish_after_tool"": false}}, {""action"": ""rexomni_detection"", ""arg_contains"": {""label"": [""玄铜弧顶缓冲座""]}, ""decision_type"": ""tool"", ""required_args"": {""finish_after_tool"": false}}, {""arg_contains"": {}, ""decision_type"": ""end"", ""required_args"": {""end_reason"": ""memory_hit""}}]","[""rag_answer"", ""re_question"", ""answerer"", ""flux-image-generation"", ""qwen_detection"", ""pipeline_eval"", ""migration_advisor""]","{""action_match"": 0.65, ""argument_match"": 0.1, ""decision_type_valid"": 0.03, ""final_tool_finish"": 0.1, ""finish_after_tool"": 0.1, ""json_valid"": 0.02, ""no_forbidden_action"": 0.1, ""no_premature_stop"": 0.1, ""no_repeated_tool"": 0.1, ""no_skip_required_probe"": 0.1, ""strict_action_match"": true, ""strict_argument_types"": true, ""wrong_action_cap"": 0.2}",False,0.725,"[""rexomni_detection"", ""rexomni_detection"", ""migration_advisor""]",rexomni_detection,"[{""_planner_metrics"": {""api_call_ms"": 6701.191, ""first_api_call_ms"": 6701.191, ""first_finish_reason"": ""stop"", ""first_input_tokens"": 4030, ""first_output_tokens"": 51, ""first_total_tokens"": 4081, ""input_tokens"": 4030, ""output_tokens"": 51, ""parse_ms"": 0.112, ""planner_total_ms"": 6714.633, ""prompt_build_ms"": 0.437, ""retry_count"": 0, ""retry_reason"": """", ""total_tokens"": 4081}, ""action"": ""rexomni_detection"", ""action_input"": {""finish_after_tool"": false, ""label"": ""玄铜弧顶缓冲座""}, ""clarification_question"": """", ""decision_type"": ""tool"", ""end_reason"": """", ""final_answer"": """", ""thought"": ""先执行用户指定的检测器以取得当前结构化状态。""}, {""_planner_metrics"": {""api_call_ms"": 7042.481, ""first_api_call_ms"": 7042.481, ""first_finish_reason"": ""stop"", ""first_input_tokens"": 4340, ""first_output_tokens"": 53, ""first_total_tokens"": 4393, ""input_tokens"": 4340, ""output_tokens"": 53, ""parse_ms"": 0.112, ""planner_total_ms"": 7056.187, ""prompt_build_ms"": 0.432, ""retry_count"": 0, ""retry_reason"": """", ""total_tokens"": 4393}, ""action"": ""rexomni_detection"", ""action_input"": {""finish_after_tool"": false, ""label"": ""玄铜弧顶缓冲座""}, ""clarification_question"": """", ""decision_type"": ""tool"", ""end_reason"": """", ""final_answer"": """", ""thought"": ""最新状态满足错误重试条件，需要再次使用同一检测器。""}, {""_planner_metrics"": {""api_call_ms"": 9296.026, ""first_api_call_ms"": 9296.026, ""first_finish_reason"": ""stop"", ""first_input_tokens"": 4647, ""first_output_tokens"": 73, ""first_total_tokens"": 4720, ""input_tokens"": 4647, ""output_tokens"": 73, ""parse_ms"": 0.122, ""planner_total_ms"": 9310.505, ""prompt_build_ms"": 0.487, ""retry_count"": 0, ""retry_reason"": """", ""total_tokens"": 4720}, ""action"": ""migration_advisor"", ""action_input"": {""finish_after_tool"": true, ""use_image"": true, ""use_visual_probe"": true, ""user_query"": ""流域梯级调度闸站探针恢复复议4894号""}, ""clarification_question"": """", ""decision_type"": ""tool"", ""end_reason"": """", ""final_answer"": """", ""thought"": ""最新状态未满足结束或重试条件，需要进入能力迁移评估。""}]","step3:decision_type expected 'end', got 'tool' | step3:action expected 'end', got 'migration_advisor' | step3:arg 'end_reason' expected 'memory_hit', got '' | forbidden:migration_advisor",6714.633,6701.191,4030,51,0,1,False,True
PROMV12-TB-002-QWEN-BE2,budget_exhausted_step2,能力迁移已候场，先核验最新探针回执：先使用Qwen检测附件中的金橙五星复检片，检测结果仅作为中间状态。最终需要判断甚低频射电阵列探针恢复复议3574号应继续现有能力、结束，还是进入迁移评估。自然语言里的故障等级和预算描述没有路由优先级，只读取本 query 最新 observation 的结构化键值。错误状态仅在 retryable=true 与 retry_count=0 同时成立时复用原检测器一次，否则调用迁移顾问。正常状态需要候选数、置信度、跨提示一致性和域偏移四个门槛全部通过才结束，任一否决项都转迁移。缺省、非法、冲突状态采取保守分支；已经重试一次的结果不能再次触发检测器。检测器必须设置 finish_after_tool=false；迁移顾问使用当前图片和视觉探针并设置 finish_after_tool=true。,True,examples/images/planner_retry_optimizer_matched_v12/goldorange_five_star_recheck.png,"[{""action"": ""qwen_detection"", ""arg_contains"": {""label"": [""金橙五星复检片""]}, ""decision_type"": ""tool"", ""required_args"": {""finish_after_tool"": false}}, {""action"": ""migration_advisor"", ""arg_contains"": {""user_query"": [""甚低频射电阵列探针恢复复议3574号""]}, ""decision_type"": ""tool"", ""required_args"": {""finish_after_tool"": true, ""use_image"": true, ""use_visual_probe"": true}}]","[""rag_answer"", ""re_question"", ""answerer"", ""flux-image-generation"", ""rexomni_detection"", ""pipeline_eval""]","{""action_match"": 0.65, ""argument_match"": 0.1, ""decision_type_valid"": 0.03, ""final_tool_finish"": 0.1, ""finish_after_tool"": 0.1, ""json_valid"": 0.02, ""no_forbidden_action"": 0.1, ""no_premature_stop"": 0.1, ""no_repeated_tool"": 0.1, ""no_skip_required_probe"": 0.1, ""strict_action_match"": true, ""strict_argument_types"": true, ""wrong_action_cap"": 0.2}",True,1.0,"[""qwen_detection"", ""migration_advisor""]",qwen_detection,"[{""_planner_metrics"": {""api_call_ms"": 6463.183, ""first_api_call_ms"": 6463.183, ""first_finish_reason"": ""stop"", ""first_input_tokens"": 4021, ""first_output_tokens"": 49, ""first_total_tokens"": 4070, ""input_tokens"": 4021, ""output_tokens"": 49, ""parse_ms"": 0.182, ""planner_total_ms"": 6476.323, ""prompt_build_ms"": 0.446, ""retry_count"": 0, ""retry_reason"": """", ""total_tokens"": 4070}, ""action"": ""qwen_detection"", ""action_input"": {""finish_after_tool"": false, ""label"": ""金橙五星复检片""}, ""clarification_question"": """", ""decision_type"": ""tool"", ""end_reason"": """", ""final_answer"": """", ""thought"": ""先执行用户指定的检测器以取得当前结构化状态。""}, {""_planner_metrics"": {""api_call_ms"": 9084.752, ""first_api_call_ms"": 9084.752, ""first_finish_reason"": ""stop"", ""first_input_tokens"": 4325, ""first_output_tokens"": 72, ""first_total_tokens"": 4397, ""input_tokens"": 4325, ""output_tokens"": 72, ""parse_ms"": 0.144, ""planner_total_ms"": 9099.562, ""prompt_build_ms"": 0.576, ""retry_count"": 0, ""retry_reason"": """", ""total_tokens"": 4397}, ""action"": ""migration_advisor"", ""action_input"": {""finish_after_tool"": true, ""use_image"": true, ""use_visual_probe"": true, ""user_query"": ""甚低频射电阵列探针恢复复议3574号""}, ""clarification_question"": """", ""decision_type"": ""tool"", ""end_reason"": """", ""final_answer"": """", ""thought"": ""最新状态未满足重试或结束条件，需要进入能力迁移评估。""}]",,6476.323,6463.183,4021,49,1,1,True,False
PROMV12-TB-005-QWEN-MS2,missing_required_state_step2,历史文字可能误导，本轮以后写入的 observation 为准：先使用Qwen检测附件中的玄铜弧顶缓冲座，检测结果仅作为中间状态。最终需要判断流域梯级调度闸站异常额度会核2044号应继续现有能力、结束，还是进入迁移评估。自然语言里的故障等级和预算描述没有路由优先级，只读取本 query 最新 observation 的结构化键值。错误状态仅在 retryable=true 与 retry_count=0 同时成立时复用原检测器一次，否则调用迁移顾问。正常状态需要候选数、置信度、跨提示一致性和域偏移四个门槛全部通过才结束，任一否决项都转迁移。缺省、非法、冲突状态采取保守分支；已经重试一次的结果不能再次触发检测器。检测器必须设置 finish_after_tool=false；迁移顾问使用当前图片和视觉探针并设置 finish_after_tool=true。,True,examples/images/planner_retry_optimizer_matched_v12/darkbronze_arch_buffer.png,"[{""action"": ""qwen_detection"", ""arg_contains"": {""label"": [""玄铜弧顶缓冲座""]}, ""decision_type"": ""tool"", ""required_args"": {""finish_after_tool"": false}}, {""action"": ""migration_advisor"", ""arg_contains"": {""user_query"": [""流域梯级调度闸站异常额度会核2044号""]}, ""decision_type"": ""tool"", ""required_args"": {""finish_after_tool"": true, ""use_image"": true, ""use_visual_probe"": true}}]","[""rag_answer"", ""re_question"", ""answerer"", ""flux-image-generation"", ""rexomni_detection"", ""pipeline_eval""]","{""action_match"": 0.65, ""argument_match"": 0.1, ""decision_type_valid"": 0.03, ""final_tool_finish"": 0.1, ""finish_after_tool"": 0.1, ""json_valid"": 0.02, ""no_forbidden_action"": 0.1, ""no_premature_stop"": 0.1, ""no_repeated_tool"": 0.1, ""no_skip_required_probe"": 0.1, ""strict_action_match"": true, ""strict_argument_types"": true, ""wrong_action_cap"": 0.2}",True,1.0,"[""qwen_detection"", ""migration_advisor""]",qwen_detection,"[{""_planner_metrics"": {""api_call_ms"": 6564.904, ""first_api_call_ms"": 6564.904, ""first_finish_reason"": ""stop"", ""first_input_tokens"": 4028, ""first_output_tokens"": 50, ""first_total_tokens"": 4078, ""input_tokens"": 4028, ""output_tokens"": 50, ""parse_ms"": 0.122, ""planner_total_ms"": 6580.08, ""prompt_build_ms"": 0.448, ""retry_count"": 0, ""retry_reason"": """", ""total_tokens"": 4078}, ""action"": ""qwen_detection"", ""action_input"": {""finish_after_tool"": false, ""label"": ""玄铜弧顶缓冲座""}, ""clarification_question"": """", ""decision_type"": ""tool"", ""end_reason"": """", ""final_answer"": """", ""thought"": ""先执行用户指定的检测器以取得当前结构化状态。""}, {""_planner_metrics"": {""api_call_ms"": 9315.507, ""first_api_call_ms"": 9315.507, ""first_finish_reason"": ""stop"", ""first_input_tokens"": 4336, ""first_output_tokens"": 74, ""first_total_tokens"": 4410, ""input_tokens"": 4336, ""output_tokens"": 74, ""parse_ms"": 0.126, ""planner_total_ms"": 9330.16, ""prompt_build_ms"": 0.543, ""retry_count"": 0, ""retry_reason"": """", ""total_tokens"": 4410}, ""action"": ""migration_advisor"", ""action_input"": {""finish_after_tool"": true, ""use_image"": true, ""use_visual_probe"": true, ""user_query"": ""流域梯级调度闸站异常额度会核2044号""}, ""clarification_question"": """", ""decision_type"": ""tool"", ""end_reason"": """", ""final_answer"": """", ""thought"": ""最新状态未满足结束或重试条件，需要进入能力迁移评估。""}]",,6580.08,6564.904,4028,50,1,1,True,False
PROMV12-TB-011-QWEN-FR2,fresh_retry_step2,历史文字可能误导，本轮以后写入的 observation 为准：先使用Qwen检测附件中的金橙五星复检片，检测结果仅作为中间状态。最终需要判断甚低频射电阵列异常额度会核5850号应继续现有能力、结束，还是进入迁移评估。自然语言里的故障等级和预算描述没有路由优先级，只读取本 query 最新 observation 的结构化键值。错误状态仅在 retryable=true 与 retry_count=0 同时成立时复用原检测器一次，否则调用迁移顾问。正常状态需要候选数、置信度、跨提示一致性和域偏移四个门槛全部通过才结束，任一否决项都转迁移。缺省、非法、冲突状态采取保守分支；已经重试一次的结果不能再次触发检测器。检测器必须设置 finish_after_tool=false；迁移顾问使用当前图片和视觉探针并设置 finish_after_tool=true。,True,examples/images/planner_retry_optimizer_matched_v12/goldorange_five_star_recheck.png,"[{""action"": ""qwen_detection"", ""arg_contains"": {""label"": [""金橙五星复检片""]}, ""decision_type"": ""tool"", ""required_args"": {""finish_after_tool"": false}}, {""action"": ""qwen_detection"", ""arg_contains"": {""label"": [""金橙五星复检片""]}, ""decision_type"": ""tool"", ""required_args"": {""finish_after_tool"": false}}, {""arg_contains"": {}, ""decision_type"": ""end"", ""required_args"": {""end_reason"": ""memory_hit""}}]","[""rag_answer"", ""re_question"", ""answerer"", ""flux-image-generation"", ""rexomni_detection"", ""pipeline_eval"", ""migration_advisor""]","{""action_match"": 0.65, ""argument_match"": 0.1, ""decision_type_valid"": 0.03, ""final_tool_finish"": 0.1, ""finish_after_tool"": 0.1, ""json_valid"": 0.02, ""no_forbidden_action"": 0.1, ""no_premature_stop"": 0.1, ""no_repeated_tool"": 0.1, ""no_skip_required_probe"": 0.1, ""strict_action_match"": true, ""strict_argument_types"": true, ""wrong_action_cap"": 0.2}",False,0.75625,"[""qwen_detection"", ""qwen_detection"", ""qwen_detection""]",qwen_detection,"[{""_planner_metrics"": {""api_call_ms"": 6753.816, ""first_api_call_ms"": 6753.816, ""first_finish_reason"": ""stop"", ""first_input_tokens"": 4025, ""first_output_tokens"": 49, ""first_total_tokens"": 4074, ""input_tokens"": 4025, ""output_tokens"": 49, ""parse_ms"": 0.117, ""planner_total_ms"": 6768.092, ""prompt_build_ms"": 0.441, ""retry_count"": 0, ""retry_reason"": """", ""total_tokens"": 4074}, ""action"": ""qwen_detection"", ""action_input"": {""finish_after_tool"": false, ""label"": ""金橙五星复检片""}, ""clarification_question"": """", ""decision_type"": ""tool"", ""end_reason"": """", ""final_answer"": """", ""thought"": ""先执行用户指定的检测器以取得当前结构化状态。""}, {""_planner_metrics"": {""api_call_ms"": 7173.494, ""first_api_call_ms"": 7173.494, ""first_finish_reason"": ""stop"", ""first_input_tokens"": 4334, ""first_output_tokens"": 52, ""first_total_tokens"": 4386, ""input_tokens"": 4334, ""output_tokens"": 52, ""parse_ms"": 0.111, ""planner_total_ms"": 7187.708, ""prompt_build_ms"": 0.514, ""retry_count"": 0, ""retry_reason"": """", ""total_tokens"": 4386}, ""action"": ""qwen_detection"", ""action_input"": {""finish_after_tool"": false, ""label"": ""金橙五星复检片""}, ""clarification_question"": """", ""decision_type"": ""tool"", ""end_reason"": """", ""final_answer"": """", ""thought"": ""最新状态满足错误状态重试条件，需要再次使用同一检测器。""}, {""_planner_metrics"": {""api_call_ms"": 7258.135, ""first_api_call_ms"": 7258.135, ""first_finish_reason"": ""stop"", ""first_input_tokens"": 4638, ""first_output_tokens"": 54, ""first_total_tokens"": 4692, ""input_tokens"": 4638, ""output_tokens"": 54, ""parse_ms"": 0.134, ""planner_total_ms"": 7272.456, ""prompt_build_ms"": 0.476, ""retry_count"": 0, ""retry_reason"": """", ""total_tokens"": 4692}, ""action"": ""qwen_detection"", ""action_input"": {""finish_after_tool"": false, ""label"": ""金橙五星复检片""}, ""clarification_question"": """", ""decision_type"": ""tool"", ""end_reason"": """", ""final_answer"": """", ""thought"": ""最新状态未满足结束或迁移条件，需要继续检测以更新结构化状态。""}]","step3:decision_type expected 'end', got 'tool' | step3:action expected 'end', got 'qwen_detection' | step3:arg 'end_reason' expected 'memory_hit', got ''",6768.092,6753.816,4025,49,0,1,False,True
PROMV12-TB-006-REX-PS3,post_retry_success_step3,历史文字可能误导，本轮以后写入的 observation 为准：先使用Rex-Omni检测附件中的玄铜弧顶缓冲座，检测结果仅作为中间状态。最终需要判断林区无人机补给舱异常额度会核9970号应继续现有能力、结束，还是进入迁移评估。自然语言里的故障等级和预算描述没有路由优先级，只读取本 query 最新 observation 的结构化键值。错误状态仅在 retryable=true 与 retry_count=0 同时成立时复用原检测器一次，否则调用迁移顾问。正常状态需要候选数、置信度、跨提示一致性和域偏移四个门槛全部通过才结束，任一否决项都转迁移。缺省、非法、冲突状态采取保守分支；已经重试一次的结果不能再次触发检测器。检测器必须设置 finish_after_tool=false；迁移顾问使用当前图片和视觉探针并设置 finish_after_tool=true。,True,examples/images/planner_retry_optimizer_matched_v12/darkbronze_arch_buffer.png,"[{""action"": ""rexomni_detection"", ""arg_contains"": {""label"": [""玄铜弧顶缓冲座""]}, ""decision_type"": ""tool"", ""required_args"": {""finish_after_tool"": false}}, {""action"": ""rexomni_detection"", ""arg_contains"": {""label"": [""玄铜弧顶缓冲座""]}, ""decision_type"": ""tool"", ""required_args"": {""finish_after_tool"": false}}, {""arg_contains"": {}, ""decision_type"": ""end"", ""required_args"": {""end_reason"": ""memory_hit""}}]","[""rag_answer"", ""re_question"", ""answerer"", ""flux-image-generation"", ""qwen_detection"", ""pipeline_eval"", ""migration_advisor""]","{""action_match"": 0.65, ""argument_match"": 0.1, ""decision_type_valid"": 0.03, ""final_tool_finish"": 0.1, ""finish_after_tool"": 0.1, ""json_valid"": 0.02, ""no_forbidden_action"": 0.1, ""no_premature_stop"": 0.1, ""no_repeated_tool"": 0.1, ""no_skip_required_probe"": 0.1, ""strict_action_match"": true, ""strict_argument_types"": true, ""wrong_action_cap"": 0.2}",False,0.75625,"[""rexomni_detection"", ""rexomni_detection"", ""rexomni_detection""]",rexomni_detection,"[{""_planner_metrics"": {""api_call_ms"": 6866.385, ""first_api_call_ms"": 6866.385, ""first_finish_reason"": ""stop"", ""first_input_tokens"": 4030, ""first_output_tokens"": 51, ""first_total_tokens"": 4081, ""input_tokens"": 4030, ""output_tokens"": 51, ""parse_ms"": 0.113, ""planner_total_ms"": 6879.869, ""prompt_build_ms"": 0.436, ""retry_count"": 0, ""retry_reason"": """", ""total_tokens"": 4081}, ""action"": ""rexomni_detection"", ""action_input"": {""finish_after_tool"": false, ""label"": ""玄铜弧顶缓冲座""}, ""clarification_question"": """", ""decision_type"": ""tool"", ""end_reason"": """", ""final_answer"": """", ""thought"": ""先执行用户指定的检测器以取得当前结构化状态。""}, {""_planner_metrics"": {""api_call_ms"": 7169.653, ""first_api_call_ms"": 7169.653, ""first_finish_reason"": ""stop"", ""first_input_tokens"": 4336, ""first_output_tokens"": 54, ""first_total_tokens"": 4390, ""input_tokens"": 4336, ""output_tokens"": 54, ""parse_ms"": 0.16, ""planner_total_ms"": 7183.89, ""prompt_build_ms"": 0.49, ""retry_count"": 0, ""retry_reason"": """", ""total_tokens"": 4390}, ""action"": ""rexomni_detection"", ""action_input"": {""finish_after_tool"": false, ""label"": ""玄铜弧顶缓冲座""}, ""clarification_question"": """", ""decision_type"": ""tool"", ""end_reason"": """", ""final_answer"": """", ""thought"": ""最新状态满足错误状态重试条件，需要再次使用同一检测器。""}, {""_planner_metrics"": {""api_call_ms"": 7354.973, ""first_api_call_ms"": 7354.973, ""first_finish_reason"": ""stop"", ""first_input_tokens"": 4641, ""first_output_tokens"": 54, ""first_total_tokens"": 4695, ""input_tokens"": 4641, ""output_tokens"": 54, ""parse_ms"": 0.131, ""planner_total_ms"": 7369.953, ""prompt_build_ms"": 0.51, ""retry_count"": 0, ""retry_reason"": """", ""total_tokens"": 4695}, ""action"": ""rexomni_detection"", ""action_input"": {""finish_after_tool"": false, ""label"": ""玄铜弧顶缓冲座""}, ""clarification_question"": """", ""decision_type"": ""tool"", ""end_reason"": """", ""final_answer"": """", ""thought"": ""最新状态未满足结束或迁移条件，需要继续按规则处理。""}]","step3:decision_type expected 'end', got 'tool' | step3:action expected 'end', got 'rexomni_detection' | step3:arg 'end_reason' expected 'memory_hit', got ''",6879.869,6866.385,4030,51,0,1,False,True
PROMV12-TB-011-QWEN-PE3,post_retry_error_step3,历史文字可能误导，本轮以后写入的 observation 为准：先使用Qwen检测附件中的金橙五星复检片，检测结果仅作为中间状态。最终需要判断甚低频射电阵列异常额度会核5850号应继续现有能力、结束，还是进入迁移评估。自然语言里的故障等级和预算描述没有路由优先级，只读取本 query 最新 observation 的结构化键值。错误状态仅在 retryable=true 与 retry_count=0 同时成立时复用原检测器一次，否则调用迁移顾问。正常状态需要候选数、置信度、跨提示一致性和域偏移四个门槛全部通过才结束，任一否决项都转迁移。缺省、非法、冲突状态采取保守分支；已经重试一次的结果不能再次触发检测器。检测器必须设置 finish_after_tool=false；迁移顾问使用当前图片和视觉探针并设置 finish_after_tool=true。,True,examples/images/planner_retry_optimizer_matched_v12/goldorange_five_star_recheck.png,"[{""action"": ""qwen_detection"", ""arg_contains"": {""label"": [""金橙五星复检片""]}, ""decision_type"": ""tool"", ""required_args"": {""finish_after_tool"": false}}, {""action"": ""qwen_detection"", ""arg_contains"": {""label"": [""金橙五星复检片""]}, ""decision_type"": ""tool"", ""required_args"": {""finish_after_tool"": false}}, {""action"": ""migration_advisor"", ""arg_contains"": {""user_query"": [""甚低频射电阵列异常额度会核5850号""]}, ""decision_type"": ""tool"", ""required_args"": {""finish_after_tool"": true, ""use_image"": true, ""use_visual_probe"": true}}]","[""rag_answer"", ""re_question"", ""answerer"", ""flux-image-generation"", ""rexomni_detection"", ""pipeline_eval""]","{""action_match"": 0.65, ""argument_match"": 0.1, ""decision_type_valid"": 0.03, ""final_tool_finish"": 0.1, ""finish_after_tool"": 0.1, ""json_valid"": 0.02, ""no_forbidden_action"": 0.1, ""no_premature_stop"": 0.1, ""no_repeated_tool"": 0.1, ""no_skip_required_probe"": 0.1, ""strict_action_match"": true, ""strict_argument_types"": true, ""wrong_action_cap"": 0.2}",False,0.734375,"[""qwen_detection"", ""qwen_detection"", ""qwen_detection""]",qwen_detection,"[{""_planner_metrics"": {""api_call_ms"": 6619.822, ""first_api_call_ms"": 6619.822, ""first_finish_reason"": ""stop"", ""first_input_tokens"": 4025, ""first_output_tokens"": 50, ""first_total_tokens"": 4075, ""input_tokens"": 4025, ""output_tokens"": 50, ""parse_ms"": 0.176, ""planner_total_ms"": 6633.89, ""prompt_build_ms"": 0.404, ""retry_count"": 0, ""retry_reason"": """", ""total_tokens"": 4075}, ""action"": ""qwen_detection"", ""action_input"": {""finish_after_tool"": false, ""label"": ""金橙五星复检片""}, ""clarification_question"": """", ""decision_type"": ""tool"", ""end_reason"": """", ""final_answer"": """", ""thought"": ""先使用用户指定的检测器对当前图片进行目标检测。""}, {""_planner_metrics"": {""api_call_ms"": 7332.491, ""first_api_call_ms"": 7332.491, ""first_finish_reason"": ""stop"", ""first_input_tokens"": 4334, ""first_output_tokens"": 55, ""first_total_tokens"": 4389, ""input_tokens"": 4334, ""output_tokens"": 55, ""parse_ms"": 0.15, ""planner_total_ms"": 7347.896, ""prompt_build_ms"": 0.522, ""retry_count"": 0, ""retry_reason"": """", ""total_tokens"": 4389}, ""action"": ""qwen_detection"", ""action_input"": {""finish_after_tool"": false, ""label"": ""金橙五星复检片""}, ""clarification_question"": """", ""decision_type"": ""tool"", ""end_reason"": """", ""final_answer"": """", ""thought"": ""最新状态满足错误状态且允许一次重试，因此应再次调用同一检测器。""}, {""_planner_metrics"": {""api_call_ms"": 7509.418, ""first_api_call_ms"": 7509.418, ""first_finish_reason"": ""stop"", ""first_input_tokens"": 4649, ""first_output_tokens"": 55, ""first_total_tokens"": 4704, ""input_tokens"": 4649, ""output_tokens"": 55, ""parse_ms"": 0.138, ""planner_total_ms"": 7526.889, ""prompt_build_ms"": 0.443, ""retry_count"": 0, ""retry_reason"": """", ""total_tokens"": 4704}, ""action"": ""qwen_detection"", ""action_input"": {""finish_after_tool"": false, ""label"": ""金橙五星复检片""}, ""clarification_question"": """", ""decision_type"": ""tool"", ""end_reason"": """", ""final_answer"": """", ""thought"": ""最新状态满足错误状态且允许一次重试，因此应再次调用同一检测器。""}]","step3:action expected 'migration_advisor', got 'qwen_detection' | step3:finish_after_tool expected True, got False | step3:arg 'use_image' expected True, got None | step3:arg 'use_visual_probe' expected True, got None | step3:arg 'user_query' expected to contain ['甚低频射电阵列异常额度会核5850号'], got None",6633.89,6619.822,4025,50,0,1,False,True
PROMV12-TB-004-QWEN-PV3,post_retry_metric_veto_step3,读取这次机器状态并选择唯一动作：先使用Qwen检测附件中的金橙五星复检片，检测结果仅作为中间状态。最终需要判断碳化硅陶瓷烧结台回执分支终签7625号应继续现有能力、结束，还是进入迁移评估。自然语言里的故障等级和预算描述没有路由优先级，只读取本 query 最新 observation 的结构化键值。错误状态仅在 retryable=true 与 retry_count=0 同时成立时复用原检测器一次，否则调用迁移顾问。正常状态需要候选数、置信度、跨提示一致性和域偏移四个门槛全部通过才结束，任一否决项都转迁移。缺省、非法、冲突状态采取保守分支；已经重试一次的结果不能再次触发检测器。检测器必须设置 finish_after_tool=false；迁移顾问使用当前图片和视觉探针并设置 finish_after_tool=true。,True,examples/images/planner_retry_optimizer_matched_v12/goldorange_five_star_recheck.png,"[{""action"": ""qwen_detection"", ""arg_contains"": {""label"": [""金橙五星复检片""]}, ""decision_type"": ""tool"", ""required_args"": {""finish_after_tool"": false}}, {""action"": ""qwen_detection"", ""arg_contains"": {""label"": [""金橙五星复检片""]}, ""decision_type"": ""tool"", ""required_args"": {""finish_after_tool"": false}}, {""action"": ""migration_advisor"", ""arg_contains"": {""user_query"": [""碳化硅陶瓷烧结台回执分支终签7625号""]}, ""decision_type"": ""tool"", ""required_args"": {""finish_after_tool"": true, ""use_image"": true, ""use_visual_probe"": true}}]","[""rag_answer"", ""re_question"", ""answerer"", ""flux-image-generation"", ""rexomni_detection"", ""pipeline_eval""]","{""action_match"": 0.65, ""argument_match"": 0.1, ""decision_type_valid"": 0.03, ""final_tool_finish"": 0.1, ""finish_after_tool"": 0.1, ""json_valid"": 0.02, ""no_forbidden_action"": 0.1, ""no_premature_stop"": 0.1, ""no_repeated_tool"": 0.1, ""no_skip_required_probe"": 0.1, ""strict_action_match"": true, ""strict_argument_types"": true, ""wrong_action_cap"": 0.2}",True,1.0,"[""qwen_detection"", ""qwen_detection"", ""migration_advisor""]",qwen_detection,"[{""_planner_metrics"": {""api_call_ms"": 6535.799, ""first_api_call_ms"": 6535.799, ""first_finish_reason"": ""stop"", ""first_input_tokens"": 4017, ""first_output_tokens"": 49, ""first_total_tokens"": 4066, ""input_tokens"": 4017, ""output_tokens"": 49, ""parse_ms"": 0.138, ""planner_total_ms"": 6549.446, ""prompt_build_ms"": 0.467, ""retry_count"": 0, ""retry_reason"": """", ""total_tokens"": 4066}, ""action"": ""qwen_detection"", ""action_input"": {""finish_after_tool"": false, ""label"": ""金橙五星复检片""}, ""clarification_question"": """", ""decision_type"": ""tool"", ""end_reason"": """", ""final_answer"": """", ""thought"": ""先执行用户指定的检测器以取得当前结构化状态。""}, {""_planner_metrics"": {""api_call_ms"": 6891.392, ""first_api_call_ms"": 6891.392, ""first_finish_reason"": ""stop"", ""first_input_tokens"": 4322, ""first_output_tokens"": 51, ""first_total_tokens"": 4373, ""input_tokens"": 4322, ""output_tokens"": 51, ""parse_ms"": 0.113, ""planner_total_ms"": 6906.318, ""prompt_build_ms"": 0.505, ""retry_count"": 0, ""retry_reason"": """", ""total_tokens"": 4373}, ""action"": ""qwen_detection"", ""action_input"": {""finish_after_tool"": false, ""label"": ""金橙五星复检片""}, ""clarification_question"": """", ""decision_type"": ""tool"", ""end_reason"": """", ""final_answer"": """", ""thought"": ""最新状态满足错误重试条件，需要再次使用同一检测器。""}, {""_planner_metrics"": {""api_call_ms"": 9353.679, ""first_api_call_ms"": 9353.679, ""first_finish_reason"": ""stop"", ""first_input_tokens"": 4618, ""first_output_tokens"": 73, ""first_total_tokens"": 4691, ""input_tokens"": 4618, ""output_tokens"": 73, ""parse_ms"": 0.127, ""planner_total_ms"": 9368.503, ""prompt_build_ms"": 0.535, ""retry_count"": 0, ""retry_reason"": """", ""total_tokens"": 4691}, ""action"": ""migration_advisor"", ""action_input"": {""finish_after_tool"": true, ""use_image"": true, ""use_visual_probe"": true, ""user_query"": ""碳化硅陶瓷烧结台回执分支终签7625号""}, ""clarification_question"": """", ""decision_type"": ""tool"", ""end_reason"": """", ""final_answer"": """", ""thought"": ""最新状态未满足结束或重试条件，需要进入能力迁移评估。""}]",,6549.446,6535.799,4017,49,1,1,True,False
PROMV12-TB-008-QWEN-MS2,missing_required_state_step2,能力迁移已候场，先核验最新探针回执：先使用Qwen检测附件中的玄铜弧顶缓冲座，检测结果仅作为中间状态。最终需要判断流域梯级调度闸站探针恢复复议4894号应继续现有能力、结束，还是进入迁移评估。自然语言里的故障等级和预算描述没有路由优先级，只读取本 query 最新 observation 的结构化键值。错误状态仅在 retryable=true 与 retry_count=0 同时成立时复用原检测器一次，否则调用迁移顾问。正常状态需要候选数、置信度、跨提示一致性和域偏移四个门槛全部通过才结束，任一否决项都转迁移。缺省、非法、冲突状态采取保守分支；已经重试一次的结果不能再次触发检测器。检测器必须设置 finish_after_tool=false；迁移顾问使用当前图片和视觉探针并设置 finish_after_tool=true。,True,examples/images/planner_retry_optimizer_matched_v12/darkbronze_arch_buffer.png,"[{""action"": ""qwen_detection"", ""arg_contains"": {""label"": [""玄铜弧顶缓冲座""]}, ""decision_type"": ""tool"", ""required_args"": {""finish_after_tool"": false}}, {""action"": ""migration_advisor"", ""arg_contains"": {""user_query"": [""流域梯级调度闸站探针恢复复议4894号""]}, ""decision_type"": ""tool"", ""required_args"": {""finish_after_tool"": true, ""use_image"": true, ""use_visual_probe"": true}}]","[""rag_answer"", ""re_question"", ""answerer"", ""flux-image-generation"", ""rexomni_detection"", ""pipeline_eval""]","{""action_match"": 0.65, ""argument_match"": 0.1, ""decision_type_valid"": 0.03, ""final_tool_finish"": 0.1, ""finish_after_tool"": 0.1, ""json_valid"": 0.02, ""no_forbidden_action"": 0.1, ""no_premature_stop"": 0.1, ""no_repeated_tool"": 0.1, ""no_skip_required_probe"": 0.1, ""strict_action_match"": true, ""strict_argument_types"": true, ""wrong_action_cap"": 0.2}",True,1.0,"[""qwen_detection"", ""migration_advisor""]",qwen_detection,"[{""_planner_metrics"": {""api_call_ms"": 6549.958, ""first_api_call_ms"": 6549.958, ""first_finish_reason"": ""stop"", ""first_input_tokens"": 4024, ""first_output_tokens"": 50, ""first_total_tokens"": 4074, ""input_tokens"": 4024, ""output_tokens"": 50, ""parse_ms"": 0.114, ""planner_total_ms"": 6563.274, ""prompt_build_ms"": 0.441, ""retry_count"": 0, ""retry_reason"": """", ""total_tokens"": 4074}, ""action"": ""qwen_detection"", ""action_input"": {""finish_after_tool"": false, ""label"": ""玄铜弧顶缓冲座""}, ""clarification_question"": """", ""decision_type"": ""tool"", ""end_reason"": """", ""final_answer"": """", ""thought"": ""先执行用户指定的检测器以取得当前结构化状态。""}, {""_planner_metrics"": {""api_call_ms"": 9202.369, ""first_api_call_ms"": 9202.369, ""first_finish_reason"": ""stop"", ""first_input_tokens"": 4331, ""first_output_tokens"": 73, ""first_total_tokens"": 4404, ""input_tokens"": 4331, ""output_tokens"": 73, ""parse_ms"": 0.128, ""planner_total_ms"": 9216.836, ""prompt_build_ms"": 0.484, ""retry_count"": 0, ""retry_reason"": """", ""total_tokens"": 4404}, ""action"": ""migration_advisor"", ""action_input"": {""finish_after_tool"": true, ""use_image"": true, ""use_visual_probe"": true, ""user_query"": ""流域梯级调度闸站探针恢复复议4894号""}, ""clarification_question"": """", ""decision_type"": ""tool"", ""end_reason"": """", ""final_answer"": """", ""thought"": ""最新状态未满足结束或重试条件，需要进入能力迁移评估。""}]",,6563.274,6549.958,4024,50,1,1,True,False
PROMV12-TB-012-QWEN-PV3,post_retry_metric_veto_step3,读取这次机器状态并选择唯一动作：先使用Qwen检测附件中的金橙五星复检片，检测结果仅作为中间状态。最终需要判断甚低频射电阵列回执分支终签3879号应继续现有能力、结束，还是进入迁移评估。自然语言里的故障等级和预算描述没有路由优先级，只读取本 query 最新 observation 的结构化键值。错误状态仅在 retryable=true 与 retry_count=0 同时成立时复用原检测器一次，否则调用迁移顾问。正常状态需要候选数、置信度、跨提示一致性和域偏移四个门槛全部通过才结束，任一否决项都转迁移。缺省、非法、冲突状态采取保守分支；已经重试一次的结果不能再次触发检测器。检测器必须设置 finish_after_tool=false；迁移顾问使用当前图片和视觉探针并设置 finish_after_tool=true。,True,examples/images/planner_retry_optimizer_matched_v12/goldorange_five_star_recheck.png,"[{""action"": ""qwen_detection"", ""arg_contains"": {""label"": [""金橙五星复检片""]}, ""decision_type"": ""tool"", ""required_args"": {""finish_after_tool"": false}}, {""action"": ""qwen_detection"", ""arg_contains"": {""label"": [""金橙五星复检片""]}, ""decision_type"": ""tool"", ""required_args"": {""finish_after_tool"": false}}, {""action"": ""migration_advisor"", ""arg_contains"": {""user_query"": [""甚低频射电阵列回执分支终签3879号""]}, ""decision_type"": ""tool"", ""required_args"": {""finish_after_tool"": true, ""use_image"": true, ""use_visual_probe"": true}}]","[""rag_answer"", ""re_question"", ""answerer"", ""flux-image-generation"", ""rexomni_detection"", ""pipeline_eval""]","{""action_match"": 0.65, ""argument_match"": 0.1, ""decision_type_valid"": 0.03, ""final_tool_finish"": 0.1, ""finish_after_tool"": 0.1, ""json_valid"": 0.02, ""no_forbidden_action"": 0.1, ""no_premature_stop"": 0.1, ""no_repeated_tool"": 0.1, ""no_skip_required_probe"": 0.1, ""strict_action_match"": true, ""strict_argument_types"": true, ""wrong_action_cap"": 0.2}",True,1.0,"[""qwen_detection"", ""qwen_detection"", ""migration_advisor""]",qwen_detection,"[{""_planner_metrics"": {""api_call_ms"": 6502.488, ""first_api_call_ms"": 6502.488, ""first_finish_reason"": ""stop"", ""first_input_tokens"": 4017, ""first_output_tokens"": 49, ""first_total_tokens"": 4066, ""input_tokens"": 4017, ""output_tokens"": 49, ""parse_ms"": 0.116, ""planner_total_ms"": 6515.046, ""prompt_build_ms"": 0.41, ""retry_count"": 0, ""retry_reason"": """", ""total_tokens"": 4066}, ""action"": ""qwen_detection"", ""action_input"": {""finish_after_tool"": false, ""label"": ""金橙五星复检片""}, ""clarification_question"": """", ""decision_type"": ""tool"", ""end_reason"": """", ""final_answer"": """", ""thought"": ""先执行用户指定的检测器以取得当前结构化状态。""}, {""_planner_metrics"": {""api_call_ms"": 6878.517, ""first_api_call_ms"": 6878.517, ""first_finish_reason"": ""stop"", ""first_input_tokens"": 4327, ""first_output_tokens"": 51, ""first_total_tokens"": 4378, ""input_tokens"": 4327, ""output_tokens"": 51, ""parse_ms"": 0.135, ""planner_total_ms"": 6892.458, ""prompt_build_ms"": 0.54, ""retry_count"": 0, ""retry_reason"": """", ""total_tokens"": 4378}, ""action"": ""qwen_detection"", ""action_input"": {""finish_after_tool"": false, ""label"": ""金橙五星复检片""}, ""clarification_question"": """", ""decision_type"": ""tool"", ""end_reason"": """", ""final_answer"": """", ""thought"": ""最新状态满足错误重试条件，需要再次使用同一检测器。""}, {""_planner_metrics"": {""api_call_ms"": 9360.378, ""first_api_call_ms"": 9360.378, ""first_finish_reason"": ""stop"", ""first_input_tokens"": 4631, ""first_output_tokens"": 73, ""first_total_tokens"": 4704, ""input_tokens"": 4631, ""output_tokens"": 73, ""parse_ms"": 0.21, ""planner_total_ms"": 9376.408, ""prompt_build_ms"": 0.523, ""retry_count"": 0, ""retry_reason"": """", ""total_tokens"": 4704}, ""action"": ""migration_advisor"", ""action_input"": {""finish_after_tool"": true, ""use_image"": true, ""use_visual_probe"": true, ""user_query"": ""甚低频射电阵列回执分支终签3879号""}, ""clarification_question"": """", ""decision_type"": ""tool"", ""end_reason"": """", ""final_answer"": """", ""thought"": ""最新状态未满足结束或重试条件，需要进入能力迁移评估。""}]",,6515.046,6502.488,4017,49,1,1,True,False
PROMV12-TB-007-REX-PE3,post_retry_error_step3,失联背景和当前预算并存时只使用显式字段：先使用Rex-Omni检测附件中的玄铜弧顶缓冲座，检测结果仅作为中间状态。最终需要判断碳化硅陶瓷烧结台探针恢复复议4867号应继续现有能力、结束，还是进入迁移评估。自然语言里的故障等级和预算描述没有路由优先级，只读取本 query 最新 observation 的结构化键值。错误状态仅在 retryable=true 与 retry_count=0 同时成立时复用原检测器一次，否则调用迁移顾问。正常状态需要候选数、置信度、跨提示一致性和域偏移四个门槛全部通过才结束，任一否决项都转迁移。缺省、非法、冲突状态采取保守分支；已经重试一次的结果不能再次触发检测器。检测器必须设置 finish_after_tool=false；迁移顾问使用当前图片和视觉探针并设置 finish_after_tool=true。,True,examples/images/planner_retry_optimizer_matched_v12/darkbronze_arch_buffer.png,"[{""action"": ""rexomni_detection"", ""arg_contains"": {""label"": [""玄铜弧顶缓冲座""]}, ""decision_type"": ""tool"", ""required_args"": {""finish_after_tool"": false}}, {""action"": ""rexomni_detection"", ""arg_contains"": {""label"": [""玄铜弧顶缓冲座""]}, ""decision_type"": ""tool"", ""required_args"": {""finish_after_tool"": false}}, {""action"": ""migration_advisor"", ""arg_contains"": {""user_query"": [""碳化硅陶瓷烧结台探针恢复复议4867号""]}, ""decision_type"": ""tool"", ""required_args"": {""finish_after_tool"": true, ""use_image"": true, ""use_visual_probe"": true}}]","[""rag_answer"", ""re_question"", ""answerer"", ""flux-image-generation"", ""qwen_detection"", ""pipeline_eval""]","{""action_match"": 0.65, ""argument_match"": 0.1, ""decision_type_valid"": 0.03, ""final_tool_finish"": 0.1, ""finish_after_tool"": 0.1, ""json_valid"": 0.02, ""no_forbidden_action"": 0.1, ""no_premature_stop"": 0.1, ""no_repeated_tool"": 0.1, ""no_skip_required_probe"": 0.1, ""strict_action_match"": true, ""strict_argument_types"": true, ""wrong_action_cap"": 0.2}",False,0.703125,"[""rexomni_detection"", ""migration_advisor"", ""migration_advisor""]",rexomni_detection,"[{""_planner_metrics"": {""api_call_ms"": 6672.582, ""first_api_call_ms"": 6672.582, ""first_finish_reason"": ""stop"", ""first_input_tokens"": 4028, ""first_output_tokens"": 51, ""first_total_tokens"": 4079, ""input_tokens"": 4028, ""output_tokens"": 51, ""parse_ms"": 0.117, ""planner_total_ms"": 6687.95, ""prompt_build_ms"": 0.47, ""retry_count"": 0, ""retry_reason"": """", ""total_tokens"": 4079}, ""action"": ""rexomni_detection"", ""action_input"": {""finish_after_tool"": false, ""label"": ""玄铜弧顶缓冲座""}, ""clarification_question"": """", ""decision_type"": ""tool"", ""end_reason"": """", ""final_answer"": """", ""thought"": ""先执行用户指定的检测器以取得当前结构化状态。""}, {""_planner_metrics"": {""api_call_ms"": 9082.278, ""first_api_call_ms"": 9082.278, ""first_finish_reason"": ""stop"", ""first_input_tokens"": 4332, ""first_output_tokens"": 72, ""first_total_tokens"": 4404, ""input_tokens"": 4332, ""output_tokens"": 72, ""parse_ms"": 0.146, ""planner_total_ms"": 9096.183, ""prompt_build_ms"": 0.458, ""retry_count"": 0, ""retry_reason"": """", ""total_tokens"": 4404}, ""action"": ""migration_advisor"", ""action_input"": {""finish_after_tool"": true, ""use_image"": true, ""use_visual_probe"": true, ""user_query"": ""碳化硅陶瓷烧结台探针恢复复议4867号""}, ""clarification_question"": """", ""decision_type"": ""tool"", ""end_reason"": """", ""final_answer"": """", ""thought"": ""最新状态未满足结束或重试条件，需要进入能力迁移评估。""}, {""_planner_metrics"": {""api_call_ms"": 9346.933, ""first_api_call_ms"": 9346.933, ""first_finish_reason"": ""stop"", ""first_input_tokens"": 4662, ""first_output_tokens"": 72, ""first_total_tokens"": 4734, ""input_tokens"": 4662, ""output_tokens"": 72, ""parse_ms"": 0.168, ""planner_total_ms"": 9362.594, ""prompt_build_ms"": 0.476, ""retry_count"": 0, ""retry_reason"": """", ""total_tokens"": 4734}, ""action"": ""migration_advisor"", ""action_input"": {""finish_after_tool"": true, ""use_image"": true, ""use_visual_probe"": true, ""user_query"": ""碳化硅陶瓷烧结台探针恢复复议4867号""}, ""clarification_question"": """", ""decision_type"": ""tool"", ""end_reason"": """", ""final_answer"": """", ""thought"": ""最新状态未满足结束或重试条件，需要进入能力迁移评估。""}]","step2:action expected 'rexomni_detection', got 'migration_advisor' | step2:finish_after_tool expected False, got True | step2:arg 'label' expected to contain ['玄铜弧顶缓冲座'], got None",6687.95,6672.582,4028,51,0,1,False,True
PROMV12-TB-003-REX-PV3,post_retry_metric_veto_step3,读取这次机器状态并选择唯一动作：先使用Rex-Omni检测附件中的玄铜弧顶缓冲座，检测结果仅作为中间状态。最终需要判断林区无人机补给舱回执分支终签9158号应继续现有能力、结束，还是进入迁移评估。自然语言里的故障等级和预算描述没有路由优先级，只读取本 query 最新 observation 的结构化键值。错误状态仅在 retryable=true 与 retry_count=0 同时成立时复用原检测器一次，否则调用迁移顾问。正常状态需要候选数、置信度、跨提示一致性和域偏移四个门槛全部通过才结束，任一否决项都转迁移。缺省、非法、冲突状态采取保守分支；已经重试一次的结果不能再次触发检测器。检测器必须设置 finish_after_tool=false；迁移顾问使用当前图片和视觉探针并设置 finish_after_tool=true。,True,examples/images/planner_retry_optimizer_matched_v12/darkbronze_arch_buffer.png,"[{""action"": ""rexomni_detection"", ""arg_contains"": {""label"": [""玄铜弧顶缓冲座""]}, ""decision_type"": ""tool"", ""required_args"": {""finish_after_tool"": false}}, {""action"": ""rexomni_detection"", ""arg_contains"": {""label"": [""玄铜弧顶缓冲座""]}, ""decision_type"": ""tool"", ""required_args"": {""finish_after_tool"": false}}, {""action"": ""migration_advisor"", ""arg_contains"": {""user_query"": [""林区无人机补给舱回执分支终签9158号""]}, ""decision_type"": ""tool"", ""required_args"": {""finish_after_tool"": true, ""use_image"": true, ""use_visual_probe"": true}}]","[""rag_answer"", ""re_question"", ""answerer"", ""flux-image-generation"", ""qwen_detection"", ""pipeline_eval""]","{""action_match"": 0.65, ""argument_match"": 0.1, ""decision_type_valid"": 0.03, ""final_tool_finish"": 0.1, ""finish_after_tool"": 0.1, ""json_valid"": 0.02, ""no_forbidden_action"": 0.1, ""no_premature_stop"": 0.1, ""no_repeated_tool"": 0.1, ""no_skip_required_probe"": 0.1, ""strict_action_match"": true, ""strict_argument_types"": true, ""wrong_action_cap"": 0.2}",True,1.0,"[""rexomni_detection"", ""rexomni_detection"", ""migration_advisor""]",rexomni_detection,"[{""_planner_metrics"": {""api_call_ms"": 6813.633, ""first_api_call_ms"": 6813.633, ""first_finish_reason"": ""stop"", ""first_input_tokens"": 4022, ""first_output_tokens"": 51, ""first_total_tokens"": 4073, ""input_tokens"": 4022, ""output_tokens"": 51, ""parse_ms"": 0.113, ""planner_total_ms"": 6827.284, ""prompt_build_ms"": 0.44, ""retry_count"": 0, ""retry_reason"": """", ""total_tokens"": 4073}, ""action"": ""rexomni_detection"", ""action_input"": {""finish_after_tool"": false, ""label"": ""玄铜弧顶缓冲座""}, ""clarification_question"": """", ""decision_type"": ""tool"", ""end_reason"": """", ""final_answer"": """", ""thought"": ""先执行用户指定的检测器以取得当前结构化状态。""}, {""_planner_metrics"": {""api_call_ms"": 7187.264, ""first_api_call_ms"": 7187.264, ""first_finish_reason"": ""stop"", ""first_input_tokens"": 4335, ""first_output_tokens"": 53, ""first_total_tokens"": 4388, ""input_tokens"": 4335, ""output_tokens"": 53, ""parse_ms"": 0.135, ""planner_total_ms"": 7202.147, ""prompt_build_ms"": 0.478, ""retry_count"": 0, ""retry_reason"": """", ""total_tokens"": 4388}, ""action"": ""rexomni_detection"", ""action_input"": {""finish_after_tool"": false, ""label"": ""玄铜弧顶缓冲座""}, ""clarification_question"": """", ""decision_type"": ""tool"", ""end_reason"": """", ""final_answer"": """", ""thought"": ""最新状态满足错误重试条件，需要再次使用同一检测器。""}, {""_planner_metrics"": {""api_call_ms"": 9373.219, ""first_api_call_ms"": 9373.219, ""first_finish_reason"": ""stop"", ""first_input_tokens"": 4640, ""first_output_tokens"": 72, ""first_total_tokens"": 4712, ""input_tokens"": 4640, ""output_tokens"": 72, ""parse_ms"": 0.122, ""planner_total_ms"": 9388.344, ""prompt_build_ms"": 0.459, ""retry_count"": 0, ""retry_reason"": """", ""total_tokens"": 4712}, ""action"": ""migration_advisor"", ""action_input"": {""finish_after_tool"": true, ""use_image"": true, ""use_visual_probe"": true, ""user_query"": ""林区无人机补给舱回执分支终签9158号""}, ""clarification_question"": """", ""decision_type"": ""tool"", ""end_reason"": """", ""final_answer"": """", ""thought"": ""最新状态未满足结束或迁移条件，需要继续按规则处理。""}]",,6827.284,6813.633,4022,51,1,1,True,False
PROMV12-TB-009-REX-NR2,nonretryable_step2,能力迁移已候场，先核验最新探针回执：先使用Rex-Omni检测附件中的金橙五星复检片，检测结果仅作为中间状态。最终需要判断林区无人机补给舱探针恢复复议6446号应继续现有能力、结束，还是进入迁移评估。自然语言里的故障等级和预算描述没有路由优先级，只读取本 query 最新 observation 的结构化键值。错误状态仅在 retryable=true 与 retry_count=0 同时成立时复用原检测器一次，否则调用迁移顾问。正常状态需要候选数、置信度、跨提示一致性和域偏移四个门槛全部通过才结束，任一否决项都转迁移。缺省、非法、冲突状态采取保守分支；已经重试一次的结果不能再次触发检测器。检测器必须设置 finish_after_tool=false；迁移顾问使用当前图片和视觉探针并设置 finish_after_tool=true。,True,examples/images/planner_retry_optimizer_matched_v12/goldorange_five_star_recheck.png,"[{""action"": ""rexomni_detection"", ""arg_contains"": {""label"": [""金橙五星复检片""]}, ""decision_type"": ""tool"", ""required_args"": {""finish_after_tool"": false}}, {""action"": ""migration_advisor"", ""arg_contains"": {""user_query"": [""林区无人机补给舱探针恢复复议6446号""]}, ""decision_type"": ""tool"", ""required_args"": {""finish_after_tool"": true, ""use_image"": true, ""use_visual_probe"": true}}]","[""rag_answer"", ""re_question"", ""answerer"", ""flux-image-generation"", ""qwen_detection"", ""pipeline_eval""]","{""action_match"": 0.65, ""argument_match"": 0.1, ""decision_type_valid"": 0.03, ""final_tool_finish"": 0.1, ""finish_after_tool"": 0.1, ""json_valid"": 0.02, ""no_forbidden_action"": 0.1, ""no_premature_stop"": 0.1, ""no_repeated_tool"": 0.1, ""no_skip_required_probe"": 0.1, ""strict_action_match"": true, ""strict_argument_types"": true, ""wrong_action_cap"": 0.2}",True,1.0,"[""rexomni_detection"", ""migration_advisor""]",rexomni_detection,"[{""_planner_metrics"": {""api_call_ms"": 6933.48, ""first_api_call_ms"": 6933.48, ""first_finish_reason"": ""stop"", ""first_input_tokens"": 4025, ""first_output_tokens"": 50, ""first_total_tokens"": 4075, ""input_tokens"": 4025, ""output_tokens"": 50, ""parse_ms"": 0.13, ""planner_total_ms"": 6947.457, ""prompt_build_ms"": 0.419, ""retry_count"": 0, ""retry_reason"": """", ""total_tokens"": 4075}, ""action"": ""rexomni_detection"", ""action_input"": {""finish_after_tool"": false, ""label"": ""金橙五星复检片""}, ""clarification_question"": """", ""decision_type"": ""tool"", ""end_reason"": """", ""final_answer"": """", ""thought"": ""先执行用户指定的检测器以取得当前结构化状态。""}, {""_planner_metrics"": {""api_call_ms"": 9362.483, ""first_api_call_ms"": 9362.483, ""first_finish_reason"": ""stop"", ""first_input_tokens"": 4335, ""first_output_tokens"": 71, ""first_total_tokens"": 4406, ""input_tokens"": 4335, ""output_tokens"": 71, ""parse_ms"": 0.213, ""planner_total_ms"": 9377.541, ""prompt_build_ms"": 0.529, ""retry_count"": 0, ""retry_reason"": """", ""total_tokens"": 4406}, ""action"": ""migration_advisor"", ""action_input"": {""finish_after_tool"": true, ""use_image"": true, ""use_visual_probe"": true, ""user_query"": ""林区无人机补给舱探针恢复复议6446号""}, ""clarification_question"": """", ""decision_type"": ""tool"", ""end_reason"": """", ""final_answer"": """", ""thought"": ""最新状态未满足重试或结束条件，需要进入能力迁移评估。""}]",,6947.457,6933.48,4025,50,1,1,True,False
PROMV12-TB-012-REX-PV3,post_retry_metric_veto_step3,读取这次机器状态并选择唯一动作：先使用Rex-Omni检测附件中的金橙五星复检片，检测结果仅作为中间状态。最终需要判断甚低频射电阵列回执分支终签3879号应继续现有能力、结束，还是进入迁移评估。自然语言里的故障等级和预算描述没有路由优先级，只读取本 query 最新 observation 的结构化键值。错误状态仅在 retryable=true 与 retry_count=0 同时成立时复用原检测器一次，否则调用迁移顾问。正常状态需要候选数、置信度、跨提示一致性和域偏移四个门槛全部通过才结束，任一否决项都转迁移。缺省、非法、冲突状态采取保守分支；已经重试一次的结果不能再次触发检测器。检测器必须设置 finish_after_tool=false；迁移顾问使用当前图片和视觉探针并设置 finish_after_tool=true。,True,examples/images/planner_retry_optimizer_matched_v12/goldorange_five_star_recheck.png,"[{""action"": ""rexomni_detection"", ""arg_contains"": {""label"": [""金橙五星复检片""]}, ""decision_type"": ""tool"", ""required_args"": {""finish_after_tool"": false}}, {""action"": ""rexomni_detection"", ""arg_contains"": {""label"": [""金橙五星复检片""]}, ""decision_type"": ""tool"", ""required_args"": {""finish_after_tool"": false}}, {""action"": ""migration_advisor"", ""arg_contains"": {""user_query"": [""甚低频射电阵列回执分支终签3879号""]}, ""decision_type"": ""tool"", ""required_args"": {""finish_after_tool"": true, ""use_image"": true, ""use_visual_probe"": true}}]","[""rag_answer"", ""re_question"", ""answerer"", ""flux-image-generation"", ""qwen_detection"", ""pipeline_eval""]","{""action_match"": 0.65, ""argument_match"": 0.1, ""decision_type_valid"": 0.03, ""final_tool_finish"": 0.1, ""finish_after_tool"": 0.1, ""json_valid"": 0.02, ""no_forbidden_action"": 0.1, ""no_premature_stop"": 0.1, ""no_repeated_tool"": 0.1, ""no_skip_required_probe"": 0.1, ""strict_action_match"": true, ""strict_argument_types"": true, ""wrong_action_cap"": 0.2}",True,1.0,"[""rexomni_detection"", ""rexomni_detection"", ""migration_advisor""]",rexomni_detection,"[{""_planner_metrics"": {""api_call_ms"": 6676.569, ""first_api_call_ms"": 6676.569, ""first_finish_reason"": ""stop"", ""first_input_tokens"": 4023, ""first_output_tokens"": 50, ""first_total_tokens"": 4073, ""input_tokens"": 4023, ""output_tokens"": 50, ""parse_ms"": 0.136, ""planner_total_ms"": 6691.375, ""prompt_build_ms"": 0.547, ""retry_count"": 0, ""retry_reason"": """", ""total_tokens"": 4073}, ""action"": ""rexomni_detection"", ""action_input"": {""finish_after_tool"": false, ""label"": ""金橙五星复检片""}, ""clarification_question"": """", ""decision_type"": ""tool"", ""end_reason"": """", ""final_answer"": """", ""thought"": ""先执行用户指定的检测器以取得当前结构化状态。""}, {""_planner_metrics"": {""api_call_ms"": 6986.211, ""first_api_call_ms"": 6986.211, ""first_finish_reason"": ""stop"", ""first_input_tokens"": 4336, ""first_output_tokens"": 52, ""first_total_tokens"": 4388, ""input_tokens"": 4336, ""output_tokens"": 52, ""parse_ms"": 0.108, ""planner_total_ms"": 7002.137, ""prompt_build_ms"": 0.523, ""retry_count"": 0, ""retry_reason"": """", ""total_tokens"": 4388}, ""action"": ""rexomni_detection"", ""action_input"": {""finish_after_tool"": false, ""label"": ""金橙五星复检片""}, ""clarification_question"": """", ""decision_type"": ""tool"", ""end_reason"": """", ""final_answer"": """", ""thought"": ""最新状态满足错误重试条件，需要再次使用同一检测器。""}, {""_planner_metrics"": {""api_call_ms"": 9390.703, ""first_api_call_ms"": 9390.703, ""first_finish_reason"": ""stop"", ""first_input_tokens"": 4645, ""first_output_tokens"": 73, ""first_total_tokens"": 4718, ""input_tokens"": 4645, ""output_tokens"": 73, ""parse_ms"": 0.123, ""planner_total_ms"": 9405.608, ""prompt_build_ms"": 0.452, ""retry_count"": 0, ""retry_reason"": """", ""total_tokens"": 4718}, ""action"": ""migration_advisor"", ""action_input"": {""finish_after_tool"": true, ""use_image"": true, ""use_visual_probe"": true, ""user_query"": ""甚低频射电阵列回执分支终签3879号""}, ""clarification_question"": """", ""decision_type"": ""tool"", ""end_reason"": """", ""final_answer"": """", ""thought"": ""最新状态未满足结束或重试条件，需要进入能力迁移评估。""}]",,6691.375,6676.569,4023,50,1,1,True,False
PROMV12-TB-005-REX-FR2,fresh_retry_step2,历史文字可能误导，本轮以后写入的 observation 为准：先使用Rex-Omni检测附件中的玄铜弧顶缓冲座，检测结果仅作为中间状态。最终需要判断流域梯级调度闸站异常额度会核2044号应继续现有能力、结束，还是进入迁移评估。自然语言里的故障等级和预算描述没有路由优先级，只读取本 query 最新 observation 的结构化键值。错误状态仅在 retryable=true 与 retry_count=0 同时成立时复用原检测器一次，否则调用迁移顾问。正常状态需要候选数、置信度、跨提示一致性和域偏移四个门槛全部通过才结束，任一否决项都转迁移。缺省、非法、冲突状态采取保守分支；已经重试一次的结果不能再次触发检测器。检测器必须设置 finish_after_tool=false；迁移顾问使用当前图片和视觉探针并设置 finish_after_tool=true。,True,examples/images/planner_retry_optimizer_matched_v12/darkbronze_arch_buffer.png,"[{""action"": ""rexomni_detection"", ""arg_contains"": {""label"": [""玄铜弧顶缓冲座""]}, ""decision_type"": ""tool"", ""required_args"": {""finish_after_tool"": false}}, {""action"": ""rexomni_detection"", ""arg_contains"": {""label"": [""玄铜弧顶缓冲座""]}, ""decision_type"": ""tool"", ""required_args"": {""finish_after_tool"": false}}, {""arg_contains"": {}, ""decision_type"": ""end"", ""required_args"": {""end_reason"": ""memory_hit""}}]","[""rag_answer"", ""re_question"", ""answerer"", ""flux-image-generation"", ""qwen_detection"", ""pipeline_eval"", ""migration_advisor""]","{""action_match"": 0.65, ""argument_match"": 0.1, ""decision_type_valid"": 0.03, ""final_tool_finish"": 0.1, ""finish_after_tool"": 0.1, ""json_valid"": 0.02, ""no_forbidden_action"": 0.1, ""no_premature_stop"": 0.1, ""no_repeated_tool"": 0.1, ""no_skip_required_probe"": 0.1, ""strict_action_match"": true, ""strict_argument_types"": true, ""wrong_action_cap"": 0.2}",False,0.725,"[""rexomni_detection"", ""rexomni_detection"", ""migration_advisor""]",rexomni_detection,"[{""_planner_metrics"": {""api_call_ms"": 6736.001, ""first_api_call_ms"": 6736.001, ""first_finish_reason"": ""stop"", ""first_input_tokens"": 4034, ""first_output_tokens"": 51, ""first_total_tokens"": 4085, ""input_tokens"": 4034, ""output_tokens"": 51, ""parse_ms"": 0.114, ""planner_total_ms"": 6750.51, ""prompt_build_ms"": 0.475, ""retry_count"": 0, ""retry_reason"": """", ""total_tokens"": 4085}, ""action"": ""rexomni_detection"", ""action_input"": {""finish_after_tool"": false, ""label"": ""玄铜弧顶缓冲座""}, ""clarification_question"": """", ""decision_type"": ""tool"", ""end_reason"": """", ""final_answer"": """", ""thought"": ""先执行用户指定的检测器以取得当前结构化状态。""}, {""_planner_metrics"": {""api_call_ms"": 7167.302, ""first_api_call_ms"": 7167.302, ""first_finish_reason"": ""stop"", ""first_input_tokens"": 4342, ""first_output_tokens"": 54, ""first_total_tokens"": 4396, ""input_tokens"": 4342, ""output_tokens"": 54, ""parse_ms"": 0.125, ""planner_total_ms"": 7181.626, ""prompt_build_ms"": 0.471, ""retry_count"": 0, ""retry_reason"": """", ""total_tokens"": 4396}, ""action"": ""rexomni_detection"", ""action_input"": {""finish_after_tool"": false, ""label"": ""玄铜弧顶缓冲座""}, ""clarification_question"": """", ""decision_type"": ""tool"", ""end_reason"": """", ""final_answer"": """", ""thought"": ""最新状态满足错误状态重试条件，需要再次使用同一检测器。""}, {""_planner_metrics"": {""api_call_ms"": 9433.362, ""first_api_call_ms"": 9433.362, ""first_finish_reason"": ""stop"", ""first_input_tokens"": 4652, ""first_output_tokens"": 74, ""first_total_tokens"": 4726, ""input_tokens"": 4652, ""output_tokens"": 74, ""parse_ms"": 0.119, ""planner_total_ms"": 9448.033, ""prompt_build_ms"": 0.474, ""retry_count"": 0, ""retry_reason"": """", ""total_tokens"": 4726}, ""action"": ""migration_advisor"", ""action_input"": {""finish_after_tool"": true, ""use_image"": true, ""use_visual_probe"": true, ""user_query"": ""流域梯级调度闸站异常额度会核2044号""}, ""clarification_question"": """", ""decision_type"": ""tool"", ""end_reason"": """", ""final_answer"": """", ""thought"": ""最新状态未满足结束或重试条件，需要进入能力迁移评估。""}]","step3:decision_type expected 'end', got 'tool' | step3:action expected 'end', got 'migration_advisor' | step3:arg 'end_reason' expected 'memory_hit', got '' | forbidden:migration_advisor",6750.51,6736.001,4034,51,0,1,False,True
PROMV12-TB-004-REX-FR2,fresh_retry_step2,读取这次机器状态并选择唯一动作：先使用Rex-Omni检测附件中的金橙五星复检片，检测结果仅作为中间状态。最终需要判断碳化硅陶瓷烧结台回执分支终签7625号应继续现有能力、结束，还是进入迁移评估。自然语言里的故障等级和预算描述没有路由优先级，只读取本 query 最新 observation 的结构化键值。错误状态仅在 retryable=true 与 retry_count=0 同时成立时复用原检测器一次，否则调用迁移顾问。正常状态需要候选数、置信度、跨提示一致性和域偏移四个门槛全部通过才结束，任一否决项都转迁移。缺省、非法、冲突状态采取保守分支；已经重试一次的结果不能再次触发检测器。检测器必须设置 finish_after_tool=false；迁移顾问使用当前图片和视觉探针并设置 finish_after_tool=true。,True,examples/images/planner_retry_optimizer_matched_v12/goldorange_five_star_recheck.png,"[{""action"": ""rexomni_detection"", ""arg_contains"": {""label"": [""金橙五星复检片""]}, ""decision_type"": ""tool"", ""required_args"": {""finish_after_tool"": false}}, {""action"": ""rexomni_detection"", ""arg_contains"": {""label"": [""金橙五星复检片""]}, ""decision_type"": ""tool"", ""required_args"": {""finish_after_tool"": false}}, {""arg_contains"": {}, ""decision_type"": ""end"", ""required_args"": {""end_reason"": ""memory_hit""}}]","[""rag_answer"", ""re_question"", ""answerer"", ""flux-image-generation"", ""qwen_detection"", ""pipeline_eval"", ""migration_advisor""]","{""action_match"": 0.65, ""argument_match"": 0.1, ""decision_type_valid"": 0.03, ""final_tool_finish"": 0.1, ""finish_after_tool"": 0.1, ""json_valid"": 0.02, ""no_forbidden_action"": 0.1, ""no_premature_stop"": 0.1, ""no_repeated_tool"": 0.1, ""no_skip_required_probe"": 0.1, ""strict_action_match"": true, ""strict_argument_types"": true, ""wrong_action_cap"": 0.2}",False,0.725,"[""rexomni_detection"", ""rexomni_detection"", ""migration_advisor""]",rexomni_detection,"[{""_planner_metrics"": {""api_call_ms"": 6628.849, ""first_api_call_ms"": 6628.849, ""first_finish_reason"": ""stop"", ""first_input_tokens"": 4023, ""first_output_tokens"": 50, ""first_total_tokens"": 4073, ""input_tokens"": 4023, ""output_tokens"": 50, ""parse_ms"": 0.115, ""planner_total_ms"": 6642.14, ""prompt_build_ms"": 0.39, ""retry_count"": 0, ""retry_reason"": """", ""total_tokens"": 4073}, ""action"": ""rexomni_detection"", ""action_input"": {""finish_after_tool"": false, ""label"": ""金橙五星复检片""}, ""clarification_question"": """", ""decision_type"": ""tool"", ""end_reason"": """", ""final_answer"": """", ""thought"": ""先执行用户指定的检测器以取得当前结构化状态。""}, {""_planner_metrics"": {""api_call_ms"": 6975.096, ""first_api_call_ms"": 6975.096, ""first_finish_reason"": ""stop"", ""first_input_tokens"": 4327, ""first_output_tokens"": 52, ""first_total_tokens"": 4379, ""input_tokens"": 4327, ""output_tokens"": 52, ""parse_ms"": 0.111, ""planner_total_ms"": 6988.87, ""prompt_build_ms"": 0.448, ""retry_count"": 0, ""retry_reason"": """", ""total_tokens"": 4379}, ""action"": ""rexomni_detection"", ""action_input"": {""finish_after_tool"": false, ""label"": ""金橙五星复检片""}, ""clarification_question"": """", ""decision_type"": ""tool"", ""end_reason"": """", ""final_answer"": """", ""thought"": ""最新状态满足错误重试条件，需要再次使用同一检测器。""}, {""_planner_metrics"": {""api_call_ms"": 9330.07, ""first_api_call_ms"": 9330.07, ""first_finish_reason"": ""stop"", ""first_input_tokens"": 4627, ""first_output_tokens"": 73, ""first_total_tokens"": 4700, ""input_tokens"": 4627, ""output_tokens"": 73, ""parse_ms"": 0.144, ""planner_total_ms"": 9344.42, ""prompt_build_ms"": 0.456, ""retry_count"": 0, ""retry_reason"": """", ""total_tokens"": 4700}, ""action"": ""migration_advisor"", ""action_input"": {""finish_after_tool"": true, ""use_image"": true, ""use_visual_probe"": true, ""user_query"": ""碳化硅陶瓷烧结台回执分支终签7625号""}, ""clarification_question"": """", ""decision_type"": ""tool"", ""end_reason"": """", ""final_answer"": """", ""thought"": ""最新状态未满足结束或重试条件，需要进入能力迁移评估。""}]","step3:decision_type expected 'end', got 'tool' | step3:action expected 'end', got 'migration_advisor' | step3:arg 'end_reason' expected 'memory_hit', got '' | forbidden:migration_advisor",6642.14,6628.849,4023,50,0,1,False,True
PROMV12-TB-011-REX-PS3,post_retry_success_step3,历史文字可能误导，本轮以后写入的 observation 为准：先使用Rex-Omni检测附件中的金橙五星复检片，检测结果仅作为中间状态。最终需要判断甚低频射电阵列异常额度会核5850号应继续现有能力、结束，还是进入迁移评估。自然语言里的故障等级和预算描述没有路由优先级，只读取本 query 最新 observation 的结构化键值。错误状态仅在 retryable=true 与 retry_count=0 同时成立时复用原检测器一次，否则调用迁移顾问。正常状态需要候选数、置信度、跨提示一致性和域偏移四个门槛全部通过才结束，任一否决项都转迁移。缺省、非法、冲突状态采取保守分支；已经重试一次的结果不能再次触发检测器。检测器必须设置 finish_after_tool=false；迁移顾问使用当前图片和视觉探针并设置 finish_after_tool=true。,True,examples/images/planner_retry_optimizer_matched_v12/goldorange_five_star_recheck.png,"[{""action"": ""rexomni_detection"", ""arg_contains"": {""label"": [""金橙五星复检片""]}, ""decision_type"": ""tool"", ""required_args"": {""finish_after_tool"": false}}, {""action"": ""rexomni_detection"", ""arg_contains"": {""label"": [""金橙五星复检片""]}, ""decision_type"": ""tool"", ""required_args"": {""finish_after_tool"": false}}, {""arg_contains"": {}, ""decision_type"": ""end"", ""required_args"": {""end_reason"": ""memory_hit""}}]","[""rag_answer"", ""re_question"", ""answerer"", ""flux-image-generation"", ""qwen_detection"", ""pipeline_eval"", ""migration_advisor""]","{""action_match"": 0.65, ""argument_match"": 0.1, ""decision_type_valid"": 0.03, ""final_tool_finish"": 0.1, ""finish_after_tool"": 0.1, ""json_valid"": 0.02, ""no_forbidden_action"": 0.1, ""no_premature_stop"": 0.1, ""no_repeated_tool"": 0.1, ""no_skip_required_probe"": 0.1, ""strict_action_match"": true, ""strict_argument_types"": true, ""wrong_action_cap"": 0.2}",False,0.725,"[""rexomni_detection"", ""rexomni_detection"", ""migration_advisor""]",rexomni_detection,"[{""_planner_metrics"": {""api_call_ms"": 6604.913, ""first_api_call_ms"": 6604.913, ""first_finish_reason"": ""stop"", ""first_input_tokens"": 4031, ""first_output_tokens"": 50, ""first_total_tokens"": 4081, ""input_tokens"": 4031, ""output_tokens"": 50, ""parse_ms"": 0.164, ""planner_total_ms"": 6618.763, ""prompt_build_ms"": 0.439, ""retry_count"": 0, ""retry_reason"": """", ""total_tokens"": 4081}, ""action"": ""rexomni_detection"", ""action_input"": {""finish_after_tool"": false, ""label"": ""金橙五星复检片""}, ""clarification_question"": """", ""decision_type"": ""tool"", ""end_reason"": """", ""final_answer"": """", ""thought"": ""先执行用户指定的检测器以取得当前结构化状态。""}, {""_planner_metrics"": {""api_call_ms"": 6855.384, ""first_api_call_ms"": 6855.384, ""first_finish_reason"": ""stop"", ""first_input_tokens"": 4342, ""first_output_tokens"": 52, ""first_total_tokens"": 4394, ""input_tokens"": 4342, ""output_tokens"": 52, ""parse_ms"": 0.136, ""planner_total_ms"": 6869.466, ""prompt_build_ms"": 0.513, ""retry_count"": 0, ""retry_reason"": """", ""total_tokens"": 4394}, ""action"": ""rexomni_detection"", ""action_input"": {""finish_after_tool"": false, ""label"": ""金橙五星复检片""}, ""clarification_question"": """", ""decision_type"": ""tool"", ""end_reason"": """", ""final_answer"": """", ""thought"": ""最新状态满足错误重试条件，需要再次使用同一检测器。""}, {""_planner_metrics"": {""api_call_ms"": 9100.754, ""first_api_call_ms"": 9100.754, ""first_finish_reason"": ""stop"", ""first_input_tokens"": 4649, ""first_output_tokens"": 73, ""first_total_tokens"": 4722, ""input_tokens"": 4649, ""output_tokens"": 73, ""parse_ms"": 0.14, ""planner_total_ms"": 9117.272, ""prompt_build_ms"": 0.464, ""retry_count"": 0, ""retry_reason"": """", ""total_tokens"": 4722}, ""action"": ""migration_advisor"", ""action_input"": {""finish_after_tool"": true, ""use_image"": true, ""use_visual_probe"": true, ""user_query"": ""甚低频射电阵列异常额度会核5850号""}, ""clarification_question"": """", ""decision_type"": ""tool"", ""end_reason"": """", ""final_answer"": """", ""thought"": ""最新状态未满足结束或重试条件，需要进入能力迁移评估。""}]","step3:decision_type expected 'end', got 'tool' | step3:action expected 'end', got 'migration_advisor' | step3:arg 'end_reason' expected 'memory_hit', got '' | forbidden:migration_advisor",6618.763,6604.913,4031,50,0,1,False,True
PROMV12-TB-002-REX-PS3,post_retry_success_step3,能力迁移已候场，先核验最新探针回执：先使用Rex-Omni检测附件中的金橙五星复检片，检测结果仅作为中间状态。最终需要判断甚低频射电阵列探针恢复复议3574号应继续现有能力、结束，还是进入迁移评估。自然语言里的故障等级和预算描述没有路由优先级，只读取本 query 最新 observation 的结构化键值。错误状态仅在 retryable=true 与 retry_count=0 同时成立时复用原检测器一次，否则调用迁移顾问。正常状态需要候选数、置信度、跨提示一致性和域偏移四个门槛全部通过才结束，任一否决项都转迁移。缺省、非法、冲突状态采取保守分支；已经重试一次的结果不能再次触发检测器。检测器必须设置 finish_after_tool=false；迁移顾问使用当前图片和视觉探针并设置 finish_after_tool=true。,True,examples/images/planner_retry_optimizer_matched_v12/goldorange_five_star_recheck.png,"[{""action"": ""rexomni_detection"", ""arg_contains"": {""label"": [""金橙五星复检片""]}, ""decision_type"": ""tool"", ""required_args"": {""finish_after_tool"": false}}, {""action"": ""rexomni_detection"", ""arg_contains"": {""label"": [""金橙五星复检片""]}, ""decision_type"": ""tool"", ""required_args"": {""finish_after_tool"": false}}, {""arg_contains"": {}, ""decision_type"": ""end"", ""required_args"": {""end_reason"": ""memory_hit""}}]","[""rag_answer"", ""re_question"", ""answerer"", ""flux-image-generation"", ""qwen_detection"", ""pipeline_eval"", ""migration_advisor""]","{""action_match"": 0.65, ""argument_match"": 0.1, ""decision_type_valid"": 0.03, ""final_tool_finish"": 0.1, ""finish_after_tool"": 0.1, ""json_valid"": 0.02, ""no_forbidden_action"": 0.1, ""no_premature_stop"": 0.1, ""no_repeated_tool"": 0.1, ""no_skip_required_probe"": 0.1, ""strict_action_match"": true, ""strict_argument_types"": true, ""wrong_action_cap"": 0.2}",False,0.671875,"[""rexomni_detection"", ""migration_advisor"", ""final_answer""]",rexomni_detection,"[{""_planner_metrics"": {""api_call_ms"": 6447.263, ""first_api_call_ms"": 6447.263, ""first_finish_reason"": ""stop"", ""first_input_tokens"": 4027, ""first_output_tokens"": 50, ""first_total_tokens"": 4077, ""input_tokens"": 4027, ""output_tokens"": 50, ""parse_ms"": 0.113, ""planner_total_ms"": 6459.888, ""prompt_build_ms"": 0.422, ""retry_count"": 0, ""retry_reason"": """", ""total_tokens"": 4077}, ""action"": ""rexomni_detection"", ""action_input"": {""finish_after_tool"": false, ""label"": ""金橙五星复检片""}, ""clarification_question"": """", ""decision_type"": ""tool"", ""end_reason"": """", ""final_answer"": """", ""thought"": ""先执行用户指定的检测器以取得当前结构化状态。""}, {""_planner_metrics"": {""api_call_ms"": 8816.207, ""first_api_call_ms"": 8816.207, ""first_finish_reason"": ""stop"", ""first_input_tokens"": 4333, ""first_output_tokens"": 72, ""first_total_tokens"": 4405, ""input_tokens"": 4333, ""output_tokens"": 72, ""parse_ms"": 0.119, ""planner_total_ms"": 8830.319, ""prompt_build_ms"": 0.437, ""retry_count"": 0, ""retry_reason"": """", ""total_tokens"": 4405}, ""action"": ""migration_advisor"", ""action_input"": {""finish_after_tool"": true, ""use_image"": true, ""use_visual_probe"": true, ""user_query"": ""甚低频射电阵列探针恢复复议3574号""}, ""clarification_question"": """", ""decision_type"": ""tool"", ""end_reason"": """", ""final_answer"": """", ""thought"": ""最新状态未满足结束或重试条件，需要进入能力迁移评估。""}, {""_planner_metrics"": {""api_call_ms"": 4890.924, ""first_api_call_ms"": 4890.924, ""first_finish_reason"": ""stop"", ""first_input_tokens"": 4657, ""first_output_tokens"": 32, ""first_total_tokens"": 4689, ""input_tokens"": 4657, ""output_tokens"": 32, ""parse_ms"": 0.104, ""planner_total_ms"": 4904.898, ""prompt_build_ms"": 0.48, ""retry_count"": 0, ""retry_reason"": """", ""total_tokens"": 4689}, ""action"": ""final_answer"", ""action_input"": {}, ""clarification_question"": """", ""decision_type"": ""end"", ""end_reason"": ""memory_hit"", ""final_answer"": """", ""thought"": ""最新状态已满足结束条件，可以终止本轮规划。""}]","step2:action expected 'rexomni_detection', got 'migration_advisor' | step2:finish_after_tool expected False, got True | step2:arg 'label' expected to contain ['金橙五星复检片'], got None | forbidden:migration_advisor",6459.888,6447.263,4027,50,0,1,False,True
PROMV12-TB-003-REX-PE3,post_retry_error_step3,读取这次机器状态并选择唯一动作：先使用Rex-Omni检测附件中的玄铜弧顶缓冲座，检测结果仅作为中间状态。最终需要判断林区无人机补给舱回执分支终签9158号应继续现有能力、结束，还是进入迁移评估。自然语言里的故障等级和预算描述没有路由优先级，只读取本 query 最新 observation 的结构化键值。错误状态仅在 retryable=true 与 retry_count=0 同时成立时复用原检测器一次，否则调用迁移顾问。正常状态需要候选数、置信度、跨提示一致性和域偏移四个门槛全部通过才结束，任一否决项都转迁移。缺省、非法、冲突状态采取保守分支；已经重试一次的结果不能再次触发检测器。检测器必须设置 finish_after_tool=false；迁移顾问使用当前图片和视觉探针并设置 finish_after_tool=true。,True,examples/images/planner_retry_optimizer_matched_v12/darkbronze_arch_buffer.png,"[{""action"": ""rexomni_detection"", ""arg_contains"": {""label"": [""玄铜弧顶缓冲座""]}, ""decision_type"": ""tool"", ""required_args"": {""finish_after_tool"": false}}, {""action"": ""rexomni_detection"", ""arg_contains"": {""label"": [""玄铜弧顶缓冲座""]}, ""decision_type"": ""tool"", ""required_args"": {""finish_after_tool"": false}}, {""action"": ""migration_advisor"", ""arg_contains"": {""user_query"": [""林区无人机补给舱回执分支终签9158号""]}, ""decision_type"": ""tool"", ""required_args"": {""finish_after_tool"": true, ""use_image"": true, ""use_visual_probe"": true}}]","[""rag_answer"", ""re_question"", ""answerer"", ""flux-image-generation"", ""qwen_detection"", ""pipeline_eval""]","{""action_match"": 0.65, ""argument_match"": 0.1, ""decision_type_valid"": 0.03, ""final_tool_finish"": 0.1, ""finish_after_tool"": 0.1, ""json_valid"": 0.02, ""no_forbidden_action"": 0.1, ""no_premature_stop"": 0.1, ""no_repeated_tool"": 0.1, ""no_skip_required_probe"": 0.1, ""strict_action_match"": true, ""strict_argument_types"": true, ""wrong_action_cap"": 0.2}",False,0.734375,"[""rexomni_detection"", ""rexomni_detection"", ""rexomni_detection""]",rexomni_detection,"[{""_planner_metrics"": {""api_call_ms"": 6565.137, ""first_api_call_ms"": 6565.137, ""first_finish_reason"": ""stop"", ""first_input_tokens"": 4022, ""first_output_tokens"": 51, ""first_total_tokens"": 4073, ""input_tokens"": 4022, ""output_tokens"": 51, ""parse_ms"": 0.11, ""planner_total_ms"": 6578.321, ""prompt_build_ms"": 0.392, ""retry_count"": 0, ""retry_reason"": """", ""total_tokens"": 4073}, ""action"": ""rexomni_detection"", ""action_input"": {""finish_after_tool"": false, ""label"": ""玄铜弧顶缓冲座""}, ""clarification_question"": """", ""decision_type"": ""tool"", ""end_reason"": """", ""final_answer"": """", ""thought"": ""先执行用户指定的检测器以取得当前结构化状态。""}, {""_planner_metrics"": {""api_call_ms"": 7272.425, ""first_api_call_ms"": 7272.425, ""first_finish_reason"": ""stop"", ""first_input_tokens"": 4336, ""first_output_tokens"": 57, ""first_total_tokens"": 4393, ""input_tokens"": 4336, ""output_tokens"": 57, ""parse_ms"": 0.11, ""planner_total_ms"": 7285.87, ""prompt_build_ms"": 0.487, ""retry_count"": 0, ""retry_reason"": """", ""total_tokens"": 4393}, ""action"": ""rexomni_detection"", ""action_input"": {""finish_after_tool"": false, ""label"": ""玄铜弧顶缓冲座""}, ""clarification_question"": """", ""decision_type"": ""tool"", ""end_reason"": """", ""final_answer"": """", ""thought"": ""最新状态满足错误状态且可重试一次检测器，需要继续取得结构化状态。""}, {""_planner_metrics"": {""api_call_ms"": 7437.444, ""first_api_call_ms"": 7437.444, ""first_finish_reason"": ""stop"", ""first_input_tokens"": 4652, ""first_output_tokens"": 57, ""first_total_tokens"": 4709, ""input_tokens"": 4652, ""output_tokens"": 57, ""parse_ms"": 0.116, ""planner_total_ms"": 7451.938, ""prompt_build_ms"": 0.53, ""retry_count"": 0, ""retry_reason"": """", ""total_tokens"": 4709}, ""action"": ""rexomni_detection"", ""action_input"": {""finish_after_tool"": false, ""label"": ""玄铜弧顶缓冲座""}, ""clarification_question"": """", ""decision_type"": ""tool"", ""end_reason"": """", ""final_answer"": """", ""thought"": ""最新状态满足错误状态且可重试一次检测器，需要继续取得结构化状态。""}]","step3:action expected 'migration_advisor', got 'rexomni_detection' | step3:finish_after_tool expected True, got False | step3:arg 'use_image' expected True, got None | step3:arg 'use_visual_probe' expected True, got None | step3:arg 'user_query' expected to contain ['林区无人机补给舱回执分支终签9158号'], got None",6578.321,6565.137,4022,51,0,1,False,True
PROMV12-TB-007-REX-NR2,nonretryable_step2,失联背景和当前预算并存时只使用显式字段：先使用Rex-Omni检测附件中的玄铜弧顶缓冲座，检测结果仅作为中间状态。最终需要判断碳化硅陶瓷烧结台探针恢复复议4867号应继续现有能力、结束，还是进入迁移评估。自然语言里的故障等级和预算描述没有路由优先级，只读取本 query 最新 observation 的结构化键值。错误状态仅在 retryable=true 与 retry_count=0 同时成立时复用原检测器一次，否则调用迁移顾问。正常状态需要候选数、置信度、跨提示一致性和域偏移四个门槛全部通过才结束，任一否决项都转迁移。缺省、非法、冲突状态采取保守分支；已经重试一次的结果不能再次触发检测器。检测器必须设置 finish_after_tool=false；迁移顾问使用当前图片和视觉探针并设置 finish_after_tool=true。,True,examples/images/planner_retry_optimizer_matched_v12/darkbronze_arch_buffer.png,"[{""action"": ""rexomni_detection"", ""arg_contains"": {""label"": [""玄铜弧顶缓冲座""]}, ""decision_type"": ""tool"", ""required_args"": {""finish_after_tool"": false}}, {""action"": ""migration_advisor"", ""arg_contains"": {""user_query"": [""碳化硅陶瓷烧结台探针恢复复议4867号""]}, ""decision_type"": ""tool"", ""required_args"": {""finish_after_tool"": true, ""use_image"": true, ""use_visual_probe"": true}}]","[""rag_answer"", ""re_question"", ""answerer"", ""flux-image-generation"", ""qwen_detection"", ""pipeline_eval""]","{""action_match"": 0.65, ""argument_match"": 0.1, ""decision_type_valid"": 0.03, ""final_tool_finish"": 0.1, ""finish_after_tool"": 0.1, ""json_valid"": 0.02, ""no_forbidden_action"": 0.1, ""no_premature_stop"": 0.1, ""no_repeated_tool"": 0.1, ""no_skip_required_probe"": 0.1, ""strict_action_match"": true, ""strict_argument_types"": true, ""wrong_action_cap"": 0.2}",True,1.0,"[""rexomni_detection"", ""migration_advisor""]",rexomni_detection,"[{""_planner_metrics"": {""api_call_ms"": 6427.664, ""first_api_call_ms"": 6427.664, ""first_finish_reason"": ""stop"", ""first_input_tokens"": 4028, ""first_output_tokens"": 51, ""first_total_tokens"": 4079, ""input_tokens"": 4028, ""output_tokens"": 51, ""parse_ms"": 0.125, ""planner_total_ms"": 6441.208, ""prompt_build_ms"": 0.483, ""retry_count"": 0, ""retry_reason"": """", ""total_tokens"": 4079}, ""action"": ""rexomni_detection"", ""action_input"": {""finish_after_tool"": false, ""label"": ""玄铜弧顶缓冲座""}, ""clarification_question"": """", ""decision_type"": ""tool"", ""end_reason"": """", ""final_answer"": """", ""thought"": ""先执行用户指定的检测器以取得当前结构化状态。""}, {""_planner_metrics"": {""api_call_ms"": 8777.568, ""first_api_call_ms"": 8777.568, ""first_finish_reason"": ""stop"", ""first_input_tokens"": 4331, ""first_output_tokens"": 72, ""first_total_tokens"": 4403, ""input_tokens"": 4331, ""output_tokens"": 72, ""parse_ms"": 0.175, ""planner_total_ms"": 8791.782, ""prompt_build_ms"": 0.476, ""retry_count"": 0, ""retry_reason"": """", ""total_tokens"": 4403}, ""action"": ""migration_advisor"", ""action_input"": {""finish_after_tool"": true, ""use_image"": true, ""use_visual_probe"": true, ""user_query"": ""碳化硅陶瓷烧结台探针恢复复议4867号""}, ""clarification_question"": """", ""decision_type"": ""tool"", ""end_reason"": """", ""final_answer"": """", ""thought"": ""最新状态未满足结束或重试条件，需要进入能力迁移评估。""}]",,6441.208,6427.664,4028,51,1,1,True,False
PROMV12-TB-007-QWEN-PV3,post_retry_metric_veto_step3,失联背景和当前预算并存时只使用显式字段：先使用Qwen检测附件中的玄铜弧顶缓冲座，检测结果仅作为中间状态。最终需要判断碳化硅陶瓷烧结台探针恢复复议4867号应继续现有能力、结束，还是进入迁移评估。自然语言里的故障等级和预算描述没有路由优先级，只读取本 query 最新 observation 的结构化键值。错误状态仅在 retryable=true 与 retry_count=0 同时成立时复用原检测器一次，否则调用迁移顾问。正常状态需要候选数、置信度、跨提示一致性和域偏移四个门槛全部通过才结束，任一否决项都转迁移。缺省、非法、冲突状态采取保守分支；已经重试一次的结果不能再次触发检测器。检测器必须设置 finish_after_tool=false；迁移顾问使用当前图片和视觉探针并设置 finish_after_tool=true。,True,examples/images/planner_retry_optimizer_matched_v12/darkbronze_arch_buffer.png,"[{""action"": ""qwen_detection"", ""arg_contains"": {""label"": [""玄铜弧顶缓冲座""]}, ""decision_type"": ""tool"", ""required_args"": {""finish_after_tool"": false}}, {""action"": ""qwen_detection"", ""arg_contains"": {""label"": [""玄铜弧顶缓冲座""]}, ""decision_type"": ""tool"", ""required_args"": {""finish_after_tool"": false}}, {""action"": ""migration_advisor"", ""arg_contains"": {""user_query"": [""碳化硅陶瓷烧结台探针恢复复议4867号""]}, ""decision_type"": ""tool"", ""required_args"": {""finish_after_tool"": true, ""use_image"": true, ""use_visual_probe"": true}}]","[""rag_answer"", ""re_question"", ""answerer"", ""flux-image-generation"", ""rexomni_detection"", ""pipeline_eval""]","{""action_match"": 0.65, ""argument_match"": 0.1, ""decision_type_valid"": 0.03, ""final_tool_finish"": 0.1, ""finish_after_tool"": 0.1, ""json_valid"": 0.02, ""no_forbidden_action"": 0.1, ""no_premature_stop"": 0.1, ""no_repeated_tool"": 0.1, ""no_skip_required_probe"": 0.1, ""strict_action_match"": true, ""strict_argument_types"": true, ""wrong_action_cap"": 0.2}",False,0.734375,"[""qwen_detection"", ""qwen_detection"", ""qwen_detection""]",qwen_detection,"[{""_planner_metrics"": {""api_call_ms"": 6343.851, ""first_api_call_ms"": 6343.851, ""first_finish_reason"": ""stop"", ""first_input_tokens"": 4022, ""first_output_tokens"": 50, ""first_total_tokens"": 4072, ""input_tokens"": 4022, ""output_tokens"": 50, ""parse_ms"": 0.185, ""planner_total_ms"": 6357.657, ""prompt_build_ms"": 0.48, ""retry_count"": 0, ""retry_reason"": """", ""total_tokens"": 4072}, ""action"": ""qwen_detection"", ""action_input"": {""finish_after_tool"": false, ""label"": ""玄铜弧顶缓冲座""}, ""clarification_question"": """", ""decision_type"": ""tool"", ""end_reason"": """", ""final_answer"": """", ""thought"": ""先执行用户指定的检测器以取得当前结构化状态。""}, {""_planner_metrics"": {""api_call_ms"": 6847.073, ""first_api_call_ms"": 6847.073, ""first_finish_reason"": ""stop"", ""first_input_tokens"": 4325, ""first_output_tokens"": 51, ""first_total_tokens"": 4376, ""input_tokens"": 4325, ""output_tokens"": 51, ""parse_ms"": 0.119, ""planner_total_ms"": 6864.291, ""prompt_build_ms"": 0.526, ""retry_count"": 0, ""retry_reason"": """", ""total_tokens"": 4376}, ""action"": ""qwen_detection"", ""action_input"": {""finish_after_tool"": false, ""label"": ""玄铜弧顶缓冲座""}, ""clarification_question"": """", ""decision_type"": ""tool"", ""end_reason"": """", ""final_answer"": """", ""thought"": ""最新状态满足一次重试条件，应复用原检测器。""}, {""_planner_metrics"": {""api_call_ms"": 7242.804, ""first_api_call_ms"": 7242.804, ""first_finish_reason"": ""stop"", ""first_input_tokens"": 4626, ""first_output_tokens"": 53, ""first_total_tokens"": 4679, ""input_tokens"": 4626, ""output_tokens"": 53, ""parse_ms"": 0.116, ""planner_total_ms"": 7257.82, ""prompt_build_ms"": 0.581, ""retry_count"": 0, ""retry_reason"": """", ""total_tokens"": 4679}, ""action"": ""qwen_detection"", ""action_input"": {""finish_after_tool"": false, ""label"": ""玄铜弧顶缓冲座""}, ""clarification_question"": """", ""decision_type"": ""tool"", ""end_reason"": """", ""final_answer"": """", ""thought"": ""最新状态未满足结束或迁移条件，需要继续按规则推进。""}]","step3:action expected 'migration_advisor', got 'qwen_detection' | step3:finish_after_tool expected True, got False | step3:arg 'use_image' expected True, got None | step3:arg 'use_visual_probe' expected True, got None | step3:arg 'user_query' expected to contain ['碳化硅陶瓷烧结台探针恢复复议4867号'], got None",6357.657,6343.851,4022,50,0,1,False,True
PROMV12-TB-011-QWEN-PV3,post_retry_metric_veto_step3,历史文字可能误导，本轮以后写入的 observation 为准：先使用Qwen检测附件中的金橙五星复检片，检测结果仅作为中间状态。最终需要判断甚低频射电阵列异常额度会核5850号应继续现有能力、结束，还是进入迁移评估。自然语言里的故障等级和预算描述没有路由优先级，只读取本 query 最新 observation 的结构化键值。错误状态仅在 retryable=true 与 retry_count=0 同时成立时复用原检测器一次，否则调用迁移顾问。正常状态需要候选数、置信度、跨提示一致性和域偏移四个门槛全部通过才结束，任一否决项都转迁移。缺省、非法、冲突状态采取保守分支；已经重试一次的结果不能再次触发检测器。检测器必须设置 finish_after_tool=false；迁移顾问使用当前图片和视觉探针并设置 finish_after_tool=true。,True,examples/images/planner_retry_optimizer_matched_v12/goldorange_five_star_recheck.png,"[{""action"": ""qwen_detection"", ""arg_contains"": {""label"": [""金橙五星复检片""]}, ""decision_type"": ""tool"", ""required_args"": {""finish_after_tool"": false}}, {""action"": ""qwen_detection"", ""arg_contains"": {""label"": [""金橙五星复检片""]}, ""decision_type"": ""tool"", ""required_args"": {""finish_after_tool"": false}}, {""action"": ""migration_advisor"", ""arg_contains"": {""user_query"": [""甚低频射电阵列异常额度会核5850号""]}, ""decision_type"": ""tool"", ""required_args"": {""finish_after_tool"": true, ""use_image"": true, ""use_visual_probe"": true}}]","[""rag_answer"", ""re_question"", ""answerer"", ""flux-image-generation"", ""rexomni_detection"", ""pipeline_eval""]","{""action_match"": 0.65, ""argument_match"": 0.1, ""decision_type_valid"": 0.03, ""final_tool_finish"": 0.1, ""finish_after_tool"": 0.1, ""json_valid"": 0.02, ""no_forbidden_action"": 0.1, ""no_premature_stop"": 0.1, ""no_repeated_tool"": 0.1, ""no_skip_required_probe"": 0.1, ""strict_action_match"": true, ""strict_argument_types"": true, ""wrong_action_cap"": 0.2}",False,0.734375,"[""qwen_detection"", ""qwen_detection"", ""qwen_detection""]",qwen_detection,"[{""_planner_metrics"": {""api_call_ms"": 6385.838, ""first_api_call_ms"": 6385.838, ""first_finish_reason"": ""stop"", ""first_input_tokens"": 4025, ""first_output_tokens"": 49, ""first_total_tokens"": 4074, ""input_tokens"": 4025, ""output_tokens"": 49, ""parse_ms"": 0.116, ""planner_total_ms"": 6399.92, ""prompt_build_ms"": 0.475, ""retry_count"": 0, ""retry_reason"": """", ""total_tokens"": 4074}, ""action"": ""qwen_detection"", ""action_input"": {""finish_after_tool"": false, ""label"": ""金橙五星复检片""}, ""clarification_question"": """", ""decision_type"": ""tool"", ""end_reason"": """", ""final_answer"": """", ""thought"": ""先执行用户指定的检测器以取得当前结构化状态。""}, {""_planner_metrics"": {""api_call_ms"": 6410.745, ""first_api_call_ms"": 6410.745, ""first_finish_reason"": ""stop"", ""first_input_tokens"": 4337, ""first_output_tokens"": 49, ""first_total_tokens"": 4386, ""input_tokens"": 4337, ""output_tokens"": 49, ""parse_ms"": 0.132, ""planner_total_ms"": 6423.723, ""prompt_build_ms"": 0.485, ""retry_count"": 0, ""retry_reason"": """", ""total_tokens"": 4386}, ""action"": ""qwen_detection"", ""action_input"": {""finish_after_tool"": false, ""label"": ""金橙五星复检片""}, ""clarification_question"": """", ""decision_type"": ""tool"", ""end_reason"": """", ""final_answer"": """", ""thought"": ""最新状态满足错误状态且可重试一次检测器。""}, {""_planner_metrics"": {""api_call_ms"": 6997.466, ""first_api_call_ms"": 6997.466, ""first_finish_reason"": ""stop"", ""first_input_tokens"": 4640, ""first_output_tokens"": 54, ""first_total_tokens"": 4694, ""input_tokens"": 4640, ""output_tokens"": 54, ""parse_ms"": 0.109, ""planner_total_ms"": 7011.434, ""prompt_build_ms"": 0.509, ""retry_count"": 0, ""retry_reason"": """", ""total_tokens"": 4694}, ""action"": ""qwen_detection"", ""action_input"": {""finish_after_tool"": false, ""label"": ""金橙五星复检片""}, ""clarification_question"": """", ""decision_type"": ""tool"", ""end_reason"": """", ""final_answer"": """", ""thought"": ""最新状态未满足结束或迁移条件，需要继续检测以更新结构化状态。""}]","step3:action expected 'migration_advisor', got 'qwen_detection' | step3:finish_after_tool expected True, got False | step3:arg 'use_image' expected True, got None | step3:arg 'use_visual_probe' expected True, got None | step3:arg 'user_query' expected to contain ['甚低频射电阵列异常额度会核5850号'], got None",6399.92,6385.838,4025,49,0,1,False,True
PROMV12-TB-004-REX-PE3,post_retry_error_step3,读取这次机器状态并选择唯一动作：先使用Rex-Omni检测附件中的金橙五星复检片，检测结果仅作为中间状态。最终需要判断碳化硅陶瓷烧结台回执分支终签7625号应继续现有能力、结束，还是进入迁移评估。自然语言里的故障等级和预算描述没有路由优先级，只读取本 query 最新 observation 的结构化键值。错误状态仅在 retryable=true 与 retry_count=0 同时成立时复用原检测器一次，否则调用迁移顾问。正常状态需要候选数、置信度、跨提示一致性和域偏移四个门槛全部通过才结束，任一否决项都转迁移。缺省、非法、冲突状态采取保守分支；已经重试一次的结果不能再次触发检测器。检测器必须设置 finish_after_tool=false；迁移顾问使用当前图片和视觉探针并设置 finish_after_tool=true。,True,examples/images/planner_retry_optimizer_matched_v12/goldorange_five_star_recheck.png,"[{""action"": ""rexomni_detection"", ""arg_contains"": {""label"": [""金橙五星复检片""]}, ""decision_type"": ""tool"", ""required_args"": {""finish_after_tool"": false}}, {""action"": ""rexomni_detection"", ""arg_contains"": {""label"": [""金橙五星复检片""]}, ""decision_type"": ""tool"", ""required_args"": {""finish_after_tool"": false}}, {""action"": ""migration_advisor"", ""arg_contains"": {""user_query"": [""碳化硅陶瓷烧结台回执分支终签7625号""]}, ""decision_type"": ""tool"", ""required_args"": {""finish_after_tool"": true, ""use_image"": true, ""use_visual_probe"": true}}]","[""rag_answer"", ""re_question"", ""answerer"", ""flux-image-generation"", ""qwen_detection"", ""pipeline_eval""]","{""action_match"": 0.65, ""argument_match"": 0.1, ""decision_type_valid"": 0.03, ""final_tool_finish"": 0.1, ""finish_after_tool"": 0.1, ""json_valid"": 0.02, ""no_forbidden_action"": 0.1, ""no_premature_stop"": 0.1, ""no_repeated_tool"": 0.1, ""no_skip_required_probe"": 0.1, ""strict_action_match"": true, ""strict_argument_types"": true, ""wrong_action_cap"": 0.2}",False,0.734375,"[""rexomni_detection"", ""rexomni_detection"", ""rexomni_detection""]",rexomni_detection,"[{""_planner_metrics"": {""api_call_ms"": 6370.032, ""first_api_call_ms"": 6370.032, ""first_finish_reason"": ""stop"", ""first_input_tokens"": 4023, ""first_output_tokens"": 50, ""first_total_tokens"": 4073, ""input_tokens"": 4023, ""output_tokens"": 50, ""parse_ms"": 0.109, ""planner_total_ms"": 6383.098, ""prompt_build_ms"": 0.436, ""retry_count"": 0, ""retry_reason"": """", ""total_tokens"": 4073}, ""action"": ""rexomni_detection"", ""action_input"": {""finish_after_tool"": false, ""label"": ""金橙五星复检片""}, ""clarification_question"": """", ""decision_type"": ""tool"", ""end_reason"": """", ""final_answer"": """", ""thought"": ""先执行用户指定的检测器以取得当前结构化状态。""}, {""_planner_metrics"": {""api_call_ms"": 6777.428, ""first_api_call_ms"": 6777.428, ""first_finish_reason"": ""stop"", ""first_input_tokens"": 4331, ""first_output_tokens"": 52, ""first_total_tokens"": 4383, ""input_tokens"": 4331, ""output_tokens"": 52, ""parse_ms"": 0.113, ""planner_total_ms"": 6790.164, ""prompt_build_ms"": 0.474, ""retry_count"": 0, ""retry_reason"": """", ""total_tokens"": 4383}, ""action"": ""rexomni_detection"", ""action_input"": {""finish_after_tool"": false, ""label"": ""金橙五星复检片""}, ""clarification_question"": """", ""decision_type"": ""tool"", ""end_reason"": """", ""final_answer"": """", ""thought"": ""最新状态满足错误重试条件，需要再次使用同一检测器。""}, {""_planner_metrics"": {""api_call_ms"": 6879.776, ""first_api_call_ms"": 6879.776, ""first_finish_reason"": ""stop"", ""first_input_tokens"": 4638, ""first_output_tokens"": 52, ""first_total_tokens"": 4690, ""input_tokens"": 4638, ""output_tokens"": 52, ""parse_ms"": 0.117, ""planner_total_ms"": 6893.57, ""prompt_build_ms"": 0.494, ""retry_count"": 0, ""retry_reason"": """", ""total_tokens"": 4690}, ""action"": ""rexomni_detection"", ""action_input"": {""finish_after_tool"": false, ""label"": ""金橙五星复检片""}, ""clarification_question"": """", ""decision_type"": ""tool"", ""end_reason"": """", ""final_answer"": """", ""thought"": ""最新状态满足错误重试条件，需要再次使用同一检测器。""}]","step3:action expected 'migration_advisor', got 'rexomni_detection' | step3:finish_after_tool expected True, got False | step3:arg 'use_image' expected True, got None | step3:arg 'use_visual_probe' expected True, got None | step3:arg 'user_query' expected to contain ['碳化硅陶瓷烧结台回执分支终签7625号'], got None",6383.098,6370.032,4023,50,0,1,False,True
PROMV12-TB-012-REX-NR2,nonretryable_step2,读取这次机器状态并选择唯一动作：先使用Rex-Omni检测附件中的金橙五星复检片，检测结果仅作为中间状态。最终需要判断甚低频射电阵列回执分支终签3879号应继续现有能力、结束，还是进入迁移评估。自然语言里的故障等级和预算描述没有路由优先级，只读取本 query 最新 observation 的结构化键值。错误状态仅在 retryable=true 与 retry_count=0 同时成立时复用原检测器一次，否则调用迁移顾问。正常状态需要候选数、置信度、跨提示一致性和域偏移四个门槛全部通过才结束，任一否决项都转迁移。缺省、非法、冲突状态采取保守分支；已经重试一次的结果不能再次触发检测器。检测器必须设置 finish_after_tool=false；迁移顾问使用当前图片和视觉探针并设置 finish_after_tool=true。,True,examples/images/planner_retry_optimizer_matched_v12/goldorange_five_star_recheck.png,"[{""action"": ""rexomni_detection"", ""arg_contains"": {""label"": [""金橙五星复检片""]}, ""decision_type"": ""tool"", ""required_args"": {""finish_after_tool"": false}}, {""action"": ""migration_advisor"", ""arg_contains"": {""user_query"": [""甚低频射电阵列回执分支终签3879号""]}, ""decision_type"": ""tool"", ""required_args"": {""finish_after_tool"": true, ""use_image"": true, ""use_visual_probe"": true}}]","[""rag_answer"", ""re_question"", ""answerer"", ""flux-image-generation"", ""qwen_detection"", ""pipeline_eval""]","{""action_match"": 0.65, ""argument_match"": 0.1, ""decision_type_valid"": 0.03, ""final_tool_finish"": 0.1, ""finish_after_tool"": 0.1, ""json_valid"": 0.02, ""no_forbidden_action"": 0.1, ""no_premature_stop"": 0.1, ""no_repeated_tool"": 0.1, ""no_skip_required_probe"": 0.1, ""strict_action_match"": true, ""strict_argument_types"": true, ""wrong_action_cap"": 0.2}",True,1.0,"[""rexomni_detection"", ""migration_advisor""]",rexomni_detection,"[{""_planner_metrics"": {""api_call_ms"": 6412.652, ""first_api_call_ms"": 6412.652, ""first_finish_reason"": ""stop"", ""first_input_tokens"": 4023, ""first_output_tokens"": 50, ""first_total_tokens"": 4073, ""input_tokens"": 4023, ""output_tokens"": 50, ""parse_ms"": 0.183, ""planner_total_ms"": 6425.713, ""prompt_build_ms"": 0.392, ""retry_count"": 0, ""retry_reason"": """", ""total_tokens"": 4073}, ""action"": ""rexomni_detection"", ""action_input"": {""finish_after_tool"": false, ""label"": ""金橙五星复检片""}, ""clarification_question"": """", ""decision_type"": ""tool"", ""end_reason"": """", ""final_answer"": """", ""thought"": ""先执行用户指定的检测器以取得当前结构化状态。""}, {""_planner_metrics"": {""api_call_ms"": 8829.706, ""first_api_call_ms"": 8829.706, ""first_finish_reason"": ""stop"", ""first_input_tokens"": 4333, ""first_output_tokens"": 73, ""first_total_tokens"": 4406, ""input_tokens"": 4333, ""output_tokens"": 73, ""parse_ms"": 0.138, ""planner_total_ms"": 8844.167, ""prompt_build_ms"": 0.453, ""retry_count"": 0, ""retry_reason"": """", ""total_tokens"": 4406}, ""action"": ""migration_advisor"", ""action_input"": {""finish_after_tool"": true, ""use_image"": true, ""use_visual_probe"": true, ""user_query"": ""甚低频射电阵列回执分支终签3879号""}, ""clarification_question"": """", ""decision_type"": ""tool"", ""end_reason"": """", ""final_answer"": """", ""thought"": ""最新状态未满足结束或重试条件，需要进入能力迁移评估。""}]",,6425.713,6412.652,4023,50,1,1,True,False
PROMV12-TB-006-REX-FR2,fresh_retry_step2,历史文字可能误导，本轮以后写入的 observation 为准：先使用Rex-Omni检测附件中的玄铜弧顶缓冲座，检测结果仅作为中间状态。最终需要判断林区无人机补给舱异常额度会核9970号应继续现有能力、结束，还是进入迁移评估。自然语言里的故障等级和预算描述没有路由优先级，只读取本 query 最新 observation 的结构化键值。错误状态仅在 retryable=true 与 retry_count=0 同时成立时复用原检测器一次，否则调用迁移顾问。正常状态需要候选数、置信度、跨提示一致性和域偏移四个门槛全部通过才结束，任一否决项都转迁移。缺省、非法、冲突状态采取保守分支；已经重试一次的结果不能再次触发检测器。检测器必须设置 finish_after_tool=false；迁移顾问使用当前图片和视觉探针并设置 finish_after_tool=true。,True,examples/images/planner_retry_optimizer_matched_v12/darkbronze_arch_buffer.png,"[{""action"": ""rexomni_detection"", ""arg_contains"": {""label"": [""玄铜弧顶缓冲座""]}, ""decision_type"": ""tool"", ""required_args"": {""finish_after_tool"": false}}, {""action"": ""rexomni_detection"", ""arg_contains"": {""label"": [""玄铜弧顶缓冲座""]}, ""decision_type"": ""tool"", ""required_args"": {""finish_after_tool"": false}}, {""arg_contains"": {}, ""decision_type"": ""end"", ""required_args"": {""end_reason"": ""memory_hit""}}]","[""rag_answer"", ""re_question"", ""answerer"", ""flux-image-generation"", ""qwen_detection"", ""pipeline_eval"", ""migration_advisor""]","{""action_match"": 0.65, ""argument_match"": 0.1, ""decision_type_valid"": 0.03, ""final_tool_finish"": 0.1, ""finish_after_tool"": 0.1, ""json_valid"": 0.02, ""no_forbidden_action"": 0.1, ""no_premature_stop"": 0.1, ""no_repeated_tool"": 0.1, ""no_skip_required_probe"": 0.1, ""strict_action_match"": true, ""strict_argument_types"": true, ""wrong_action_cap"": 0.2}",False,0.75625,"[""rexomni_detection"", ""rexomni_detection"", ""rexomni_detection""]",rexomni_detection,"[{""_planner_metrics"": {""api_call_ms"": 6400.267, ""first_api_call_ms"": 6400.267, ""first_finish_reason"": ""stop"", ""first_input_tokens"": 4030, ""first_output_tokens"": 51, ""first_total_tokens"": 4081, ""input_tokens"": 4030, ""output_tokens"": 51, ""parse_ms"": 0.106, ""planner_total_ms"": 6414.436, ""prompt_build_ms"": 0.378, ""retry_count"": 0, ""retry_reason"": """", ""total_tokens"": 4081}, ""action"": ""rexomni_detection"", ""action_input"": {""finish_after_tool"": false, ""label"": ""玄铜弧顶缓冲座""}, ""clarification_question"": """", ""decision_type"": ""tool"", ""end_reason"": """", ""final_answer"": """", ""thought"": ""先执行用户指定的检测器以取得当前结构化状态。""}, {""_planner_metrics"": {""api_call_ms"": 6946.563, ""first_api_call_ms"": 6946.563, ""first_finish_reason"": ""stop"", ""first_input_tokens"": 4337, ""first_output_tokens"": 55, ""first_total_tokens"": 4392, ""input_tokens"": 4337, ""output_tokens"": 55, ""parse_ms"": 0.109, ""planner_total_ms"": 6959.895, ""prompt_build_ms"": 0.397, ""retry_count"": 0, ""retry_reason"": """", ""total_tokens"": 4392}, ""action"": ""rexomni_detection"", ""action_input"": {""finish_after_tool"": false, ""label"": ""玄铜弧顶缓冲座""}, ""clarification_question"": """", ""decision_type"": ""tool"", ""end_reason"": """", ""final_answer"": """", ""thought"": ""最新状态满足错误状态且可重试一次，应复用原检测器。""}, {""_planner_metrics"": {""api_call_ms"": 7233.491, ""first_api_call_ms"": 7233.491, ""first_finish_reason"": ""stop"", ""first_input_tokens"": 4643, ""first_output_tokens"": 56, ""first_total_tokens"": 4699, ""input_tokens"": 4643, ""output_tokens"": 56, ""parse_ms"": 0.12, ""planner_total_ms"": 7248.226, ""prompt_build_ms"": 0.463, ""retry_count"": 0, ""retry_reason"": """", ""total_tokens"": 4699}, ""action"": ""rexomni_detection"", ""action_input"": {""finish_after_tool"": false, ""label"": ""玄铜弧顶缓冲座""}, ""clarification_question"": """", ""decision_type"": ""tool"", ""end_reason"": """", ""final_answer"": """", ""thought"": ""最新状态未满足结束或迁移条件，需要继续检测以更新结构化状态。""}]","step3:decision_type expected 'end', got 'tool' | step3:action expected 'end', got 'rexomni_detection' | step3:arg 'end_reason' expected 'memory_hit', got ''",6414.436,6400.267,4030,51,0,1,False,True
