case_id,category,query,has_image,image_fixture,expected_decisions,forbidden_actions,reward_spec,run1_passed,run1_score,run1_used_actions,run1_actual_first_action,run1_decisions,run1_failures,run1_elapsed_ms,run1_api_call_ms,run1_input_tokens,run1_output_tokens,pass_count,run_count,all_passed,any_failed
PROMV12-TB-004-REX-PV3,post_retry_metric_veto_step3,读取这次机器状态并选择唯一动作：先使用Rex-Omni检测附件中的金橙五星复检片，检测结果仅作为中间状态。最终需要判断碳化硅陶瓷烧结台回执分支终签7625号应继续现有能力、结束，还是进入迁移评估。自然语言里的故障等级和预算描述没有路由优先级，只读取本 query 最新 observation 的结构化键值。错误状态仅在 retryable=true 与 retry_count=0 同时成立时复用原检测器一次，否则调用迁移顾问。正常状态需要候选数、置信度、跨提示一致性和域偏移四个门槛全部通过才结束，任一否决项都转迁移。缺省、非法、冲突状态采取保守分支；已经重试一次的结果不能再次触发检测器。检测器必须设置 finish_after_tool=false；迁移顾问使用当前图片和视觉探针并设置 finish_after_tool=true。,True,examples/images/planner_retry_optimizer_matched_v12/goldorange_five_star_recheck.png,"[{""action"": ""rexomni_detection"", ""arg_contains"": {""label"": [""金橙五星复检片""]}, ""decision_type"": ""tool"", ""required_args"": {""finish_after_tool"": false}}, {""action"": ""rexomni_detection"", ""arg_contains"": {""label"": [""金橙五星复检片""]}, ""decision_type"": ""tool"", ""required_args"": {""finish_after_tool"": false}}, {""action"": ""migration_advisor"", ""arg_contains"": {""user_query"": [""碳化硅陶瓷烧结台回执分支终签7625号""]}, ""decision_type"": ""tool"", ""required_args"": {""finish_after_tool"": true, ""use_image"": true, ""use_visual_probe"": true}}]","[""rag_answer"", ""re_question"", ""answerer"", ""flux-image-generation"", ""qwen_detection"", ""pipeline_eval""]","{""action_match"": 0.65, ""argument_match"": 0.1, ""decision_type_valid"": 0.03, ""final_tool_finish"": 0.1, ""finish_after_tool"": 0.1, ""json_valid"": 0.02, ""no_forbidden_action"": 0.1, ""no_premature_stop"": 0.1, ""no_repeated_tool"": 0.1, ""no_skip_required_probe"": 0.1, ""strict_action_match"": true, ""strict_argument_types"": true, ""wrong_action_cap"": 0.2}",True,1.0,"[""rexomni_detection"", ""rexomni_detection"", ""migration_advisor""]",rexomni_detection,"[{""_planner_metrics"": {""api_call_ms"": 6978.336, ""first_api_call_ms"": 6978.336, ""first_finish_reason"": ""stop"", ""first_input_tokens"": 4023, ""first_output_tokens"": 50, ""first_total_tokens"": 4073, ""input_tokens"": 4023, ""output_tokens"": 50, ""parse_ms"": 0.944, ""planner_total_ms"": 7049.222, ""prompt_build_ms"": 0.706, ""retry_count"": 0, ""retry_reason"": """", ""total_tokens"": 4073}, ""action"": ""rexomni_detection"", ""action_input"": {""finish_after_tool"": false, ""label"": ""金橙五星复检片""}, ""clarification_question"": """", ""decision_type"": ""tool"", ""end_reason"": """", ""final_answer"": """", ""thought"": ""先执行用户指定的检测器以取得当前结构化状态。""}, {""_planner_metrics"": {""api_call_ms"": 6753.782, ""first_api_call_ms"": 6753.782, ""first_finish_reason"": ""stop"", ""first_input_tokens"": 4327, ""first_output_tokens"": 52, ""first_total_tokens"": 4379, ""input_tokens"": 4327, ""output_tokens"": 52, ""parse_ms"": 0.214, ""planner_total_ms"": 6772.24, ""prompt_build_ms"": 0.506, ""retry_count"": 0, ""retry_reason"": """", ""total_tokens"": 4379}, ""action"": ""rexomni_detection"", ""action_input"": {""finish_after_tool"": false, ""label"": ""金橙五星复检片""}, ""clarification_question"": """", ""decision_type"": ""tool"", ""end_reason"": """", ""final_answer"": """", ""thought"": ""最新状态满足错误重试条件，需要再次使用同一检测器。""}, {""_planner_metrics"": {""api_call_ms"": 9180.143, ""first_api_call_ms"": 9180.143, ""first_finish_reason"": ""stop"", ""first_input_tokens"": 4625, ""first_output_tokens"": 73, ""first_total_tokens"": 4698, ""input_tokens"": 4625, ""output_tokens"": 73, ""parse_ms"": 0.273, ""planner_total_ms"": 9199.455, ""prompt_build_ms"": 0.544, ""retry_count"": 0, ""retry_reason"": """", ""total_tokens"": 4698}, ""action"": ""migration_advisor"", ""action_input"": {""finish_after_tool"": true, ""use_image"": true, ""use_visual_probe"": true, ""user_query"": ""碳化硅陶瓷烧结台回执分支终签7625号""}, ""clarification_question"": """", ""decision_type"": ""tool"", ""end_reason"": """", ""final_answer"": """", ""thought"": ""最新状态未满足结束或重试条件，需要进入能力迁移评估。""}]",,7049.222,6978.336,4023,50,1,1,True,False
PROMV12-TB-004-QWEN-FR2,fresh_retry_step2,读取这次机器状态并选择唯一动作：先使用Qwen检测附件中的金橙五星复检片，检测结果仅作为中间状态。最终需要判断碳化硅陶瓷烧结台回执分支终签7625号应继续现有能力、结束，还是进入迁移评估。自然语言里的故障等级和预算描述没有路由优先级，只读取本 query 最新 observation 的结构化键值。错误状态仅在 retryable=true 与 retry_count=0 同时成立时复用原检测器一次，否则调用迁移顾问。正常状态需要候选数、置信度、跨提示一致性和域偏移四个门槛全部通过才结束，任一否决项都转迁移。缺省、非法、冲突状态采取保守分支；已经重试一次的结果不能再次触发检测器。检测器必须设置 finish_after_tool=false；迁移顾问使用当前图片和视觉探针并设置 finish_after_tool=true。,True,examples/images/planner_retry_optimizer_matched_v12/goldorange_five_star_recheck.png,"[{""action"": ""qwen_detection"", ""arg_contains"": {""label"": [""金橙五星复检片""]}, ""decision_type"": ""tool"", ""required_args"": {""finish_after_tool"": false}}, {""action"": ""qwen_detection"", ""arg_contains"": {""label"": [""金橙五星复检片""]}, ""decision_type"": ""tool"", ""required_args"": {""finish_after_tool"": false}}, {""arg_contains"": {}, ""decision_type"": ""end"", ""required_args"": {""end_reason"": ""memory_hit""}}]","[""rag_answer"", ""re_question"", ""answerer"", ""flux-image-generation"", ""rexomni_detection"", ""pipeline_eval"", ""migration_advisor""]","{""action_match"": 0.65, ""argument_match"": 0.1, ""decision_type_valid"": 0.03, ""final_tool_finish"": 0.1, ""finish_after_tool"": 0.1, ""json_valid"": 0.02, ""no_forbidden_action"": 0.1, ""no_premature_stop"": 0.1, ""no_repeated_tool"": 0.1, ""no_skip_required_probe"": 0.1, ""strict_action_match"": true, ""strict_argument_types"": true, ""wrong_action_cap"": 0.2}",False,0.725,"[""qwen_detection"", ""qwen_detection"", ""migration_advisor""]",qwen_detection,"[{""_planner_metrics"": {""api_call_ms"": 6306.098, ""first_api_call_ms"": 6306.098, ""first_finish_reason"": ""stop"", ""first_input_tokens"": 4017, ""first_output_tokens"": 49, ""first_total_tokens"": 4066, ""input_tokens"": 4017, ""output_tokens"": 49, ""parse_ms"": 0.238, ""planner_total_ms"": 6324.526, ""prompt_build_ms"": 0.451, ""retry_count"": 0, ""retry_reason"": """", ""total_tokens"": 4066}, ""action"": ""qwen_detection"", ""action_input"": {""finish_after_tool"": false, ""label"": ""金橙五星复检片""}, ""clarification_question"": """", ""decision_type"": ""tool"", ""end_reason"": """", ""final_answer"": """", ""thought"": ""先执行用户指定的检测器以取得当前结构化状态。""}, {""_planner_metrics"": {""api_call_ms"": 6798.064, ""first_api_call_ms"": 6798.064, ""first_finish_reason"": ""stop"", ""first_input_tokens"": 4323, ""first_output_tokens"": 51, ""first_total_tokens"": 4374, ""input_tokens"": 4323, ""output_tokens"": 51, ""parse_ms"": 0.211, ""planner_total_ms"": 6816.654, ""prompt_build_ms"": 0.563, ""retry_count"": 0, ""retry_reason"": """", ""total_tokens"": 4374}, ""action"": ""qwen_detection"", ""action_input"": {""finish_after_tool"": false, ""label"": ""金橙五星复检片""}, ""clarification_question"": """", ""decision_type"": ""tool"", ""end_reason"": """", ""final_answer"": """", ""thought"": ""最新状态满足错误重试条件，需要再次使用同一检测器。""}, {""_planner_metrics"": {""api_call_ms"": 9133.5, ""first_api_call_ms"": 9133.5, ""first_finish_reason"": ""stop"", ""first_input_tokens"": 4622, ""first_output_tokens"": 73, ""first_total_tokens"": 4695, ""input_tokens"": 4622, ""output_tokens"": 73, ""parse_ms"": 0.228, ""planner_total_ms"": 9151.936, ""prompt_build_ms"": 0.548, ""retry_count"": 0, ""retry_reason"": """", ""total_tokens"": 4695}, ""action"": ""migration_advisor"", ""action_input"": {""finish_after_tool"": true, ""use_image"": true, ""use_visual_probe"": true, ""user_query"": ""碳化硅陶瓷烧结台回执分支终签7625号""}, ""clarification_question"": """", ""decision_type"": ""tool"", ""end_reason"": """", ""final_answer"": """", ""thought"": ""最新状态未满足结束或重试条件，需要进入能力迁移评估。""}]","step3:decision_type expected 'end', got 'tool' | step3:action expected 'end', got 'migration_advisor' | step3:arg 'end_reason' expected 'memory_hit', got '' | forbidden:migration_advisor",6324.526,6306.098,4017,49,0,1,False,True
PROMV12-TB-004-QWEN-PE3,post_retry_error_step3,读取这次机器状态并选择唯一动作：先使用Qwen检测附件中的金橙五星复检片，检测结果仅作为中间状态。最终需要判断碳化硅陶瓷烧结台回执分支终签7625号应继续现有能力、结束，还是进入迁移评估。自然语言里的故障等级和预算描述没有路由优先级，只读取本 query 最新 observation 的结构化键值。错误状态仅在 retryable=true 与 retry_count=0 同时成立时复用原检测器一次，否则调用迁移顾问。正常状态需要候选数、置信度、跨提示一致性和域偏移四个门槛全部通过才结束，任一否决项都转迁移。缺省、非法、冲突状态采取保守分支；已经重试一次的结果不能再次触发检测器。检测器必须设置 finish_after_tool=false；迁移顾问使用当前图片和视觉探针并设置 finish_after_tool=true。,True,examples/images/planner_retry_optimizer_matched_v12/goldorange_five_star_recheck.png,"[{""action"": ""qwen_detection"", ""arg_contains"": {""label"": [""金橙五星复检片""]}, ""decision_type"": ""tool"", ""required_args"": {""finish_after_tool"": false}}, {""action"": ""qwen_detection"", ""arg_contains"": {""label"": [""金橙五星复检片""]}, ""decision_type"": ""tool"", ""required_args"": {""finish_after_tool"": false}}, {""action"": ""migration_advisor"", ""arg_contains"": {""user_query"": [""碳化硅陶瓷烧结台回执分支终签7625号""]}, ""decision_type"": ""tool"", ""required_args"": {""finish_after_tool"": true, ""use_image"": true, ""use_visual_probe"": true}}]","[""rag_answer"", ""re_question"", ""answerer"", ""flux-image-generation"", ""rexomni_detection"", ""pipeline_eval""]","{""action_match"": 0.65, ""argument_match"": 0.1, ""decision_type_valid"": 0.03, ""final_tool_finish"": 0.1, ""finish_after_tool"": 0.1, ""json_valid"": 0.02, ""no_forbidden_action"": 0.1, ""no_premature_stop"": 0.1, ""no_repeated_tool"": 0.1, ""no_skip_required_probe"": 0.1, ""strict_action_match"": true, ""strict_argument_types"": true, ""wrong_action_cap"": 0.2}",False,0.734375,"[""qwen_detection"", ""qwen_detection"", ""qwen_detection""]",qwen_detection,"[{""_planner_metrics"": {""api_call_ms"": 6317.29, ""first_api_call_ms"": 6317.29, ""first_finish_reason"": ""stop"", ""first_input_tokens"": 4017, ""first_output_tokens"": 49, ""first_total_tokens"": 4066, ""input_tokens"": 4017, ""output_tokens"": 49, ""parse_ms"": 0.14, ""planner_total_ms"": 6332.995, ""prompt_build_ms"": 0.595, ""retry_count"": 0, ""retry_reason"": """", ""total_tokens"": 4066}, ""action"": ""qwen_detection"", ""action_input"": {""finish_after_tool"": false, ""label"": ""金橙五星复检片""}, ""clarification_question"": """", ""decision_type"": ""tool"", ""end_reason"": """", ""final_answer"": """", ""thought"": ""先执行用户指定的检测器以取得当前结构化状态。""}, {""_planner_metrics"": {""api_call_ms"": 6703.17, ""first_api_call_ms"": 6703.17, ""first_finish_reason"": ""stop"", ""first_input_tokens"": 4321, ""first_output_tokens"": 51, ""first_total_tokens"": 4372, ""input_tokens"": 4321, ""output_tokens"": 51, ""parse_ms"": 0.225, ""planner_total_ms"": 6717.881, ""prompt_build_ms"": 0.422, ""retry_count"": 0, ""retry_reason"": """", ""total_tokens"": 4372}, ""action"": ""qwen_detection"", ""action_input"": {""finish_after_tool"": false, ""label"": ""金橙五星复检片""}, ""clarification_question"": """", ""decision_type"": ""tool"", ""end_reason"": """", ""final_answer"": """", ""thought"": ""最新状态满足错误重试条件，需要再次使用同一检测器。""}, {""_planner_metrics"": {""api_call_ms"": 6832.417, ""first_api_call_ms"": 6832.417, ""first_finish_reason"": ""stop"", ""first_input_tokens"": 4626, ""first_output_tokens"": 51, ""first_total_tokens"": 4677, ""input_tokens"": 4626, ""output_tokens"": 51, ""parse_ms"": 0.138, ""planner_total_ms"": 6849.395, ""prompt_build_ms"": 0.643, ""retry_count"": 0, ""retry_reason"": """", ""total_tokens"": 4677}, ""action"": ""qwen_detection"", ""action_input"": {""finish_after_tool"": false, ""label"": ""金橙五星复检片""}, ""clarification_question"": """", ""decision_type"": ""tool"", ""end_reason"": """", ""final_answer"": """", ""thought"": ""最新状态满足错误重试条件，需要再次使用同一检测器。""}]","step3:action expected 'migration_advisor', got 'qwen_detection' | step3:finish_after_tool expected True, got False | step3:arg 'use_image' expected True, got None | step3:arg 'use_visual_probe' expected True, got None | step3:arg 'user_query' expected to contain ['碳化硅陶瓷烧结台回执分支终签7625号'], got None",6332.995,6317.29,4017,49,0,1,False,True
PROMV12-TB-002-QWEN-NR2,nonretryable_step2,能力迁移已候场，先核验最新探针回执：先使用Qwen检测附件中的金橙五星复检片，检测结果仅作为中间状态。最终需要判断甚低频射电阵列探针恢复复议3574号应继续现有能力、结束，还是进入迁移评估。自然语言里的故障等级和预算描述没有路由优先级，只读取本 query 最新 observation 的结构化键值。错误状态仅在 retryable=true 与 retry_count=0 同时成立时复用原检测器一次，否则调用迁移顾问。正常状态需要候选数、置信度、跨提示一致性和域偏移四个门槛全部通过才结束，任一否决项都转迁移。缺省、非法、冲突状态采取保守分支；已经重试一次的结果不能再次触发检测器。检测器必须设置 finish_after_tool=false；迁移顾问使用当前图片和视觉探针并设置 finish_after_tool=true。,True,examples/images/planner_retry_optimizer_matched_v12/goldorange_five_star_recheck.png,"[{""action"": ""qwen_detection"", ""arg_contains"": {""label"": [""金橙五星复检片""]}, ""decision_type"": ""tool"", ""required_args"": {""finish_after_tool"": false}}, {""action"": ""migration_advisor"", ""arg_contains"": {""user_query"": [""甚低频射电阵列探针恢复复议3574号""]}, ""decision_type"": ""tool"", ""required_args"": {""finish_after_tool"": true, ""use_image"": true, ""use_visual_probe"": true}}]","[""rag_answer"", ""re_question"", ""answerer"", ""flux-image-generation"", ""rexomni_detection"", ""pipeline_eval""]","{""action_match"": 0.65, ""argument_match"": 0.1, ""decision_type_valid"": 0.03, ""final_tool_finish"": 0.1, ""finish_after_tool"": 0.1, ""json_valid"": 0.02, ""no_forbidden_action"": 0.1, ""no_premature_stop"": 0.1, ""no_repeated_tool"": 0.1, ""no_skip_required_probe"": 0.1, ""strict_action_match"": true, ""strict_argument_types"": true, ""wrong_action_cap"": 0.2}",True,1.0,"[""qwen_detection"", ""migration_advisor""]",qwen_detection,"[{""_planner_metrics"": {""api_call_ms"": 6267.242, ""first_api_call_ms"": 6267.242, ""first_finish_reason"": ""stop"", ""first_input_tokens"": 4021, ""first_output_tokens"": 48, ""first_total_tokens"": 4069, ""input_tokens"": 4021, ""output_tokens"": 48, ""parse_ms"": 0.257, ""planner_total_ms"": 6282.173, ""prompt_build_ms"": 0.372, ""retry_count"": 0, ""retry_reason"": """", ""total_tokens"": 4069}, ""action"": ""qwen_detection"", ""action_input"": {""finish_after_tool"": false, ""label"": ""金橙五星复检片""}, ""clarification_question"": """", ""decision_type"": ""tool"", ""end_reason"": """", ""final_answer"": """", ""thought"": ""先使用用户指定的检测器取得当前结构化状态。""}, {""_planner_metrics"": {""api_call_ms"": 8882.82, ""first_api_call_ms"": 8882.82, ""first_finish_reason"": ""stop"", ""first_input_tokens"": 4324, ""first_output_tokens"": 72, ""first_total_tokens"": 4396, ""input_tokens"": 4324, ""output_tokens"": 72, ""parse_ms"": 0.162, ""planner_total_ms"": 8899.604, ""prompt_build_ms"": 0.5, ""retry_count"": 0, ""retry_reason"": """", ""total_tokens"": 4396}, ""action"": ""migration_advisor"", ""action_input"": {""finish_after_tool"": true, ""use_image"": true, ""use_visual_probe"": true, ""user_query"": ""甚低频射电阵列探针恢复复议3574号""}, ""clarification_question"": """", ""decision_type"": ""tool"", ""end_reason"": """", ""final_answer"": """", ""thought"": ""最新状态未满足结束或重试条件，需要进入能力迁移评估。""}]",,6282.173,6267.242,4021,48,1,1,True,False
PROMV12-TB-009-QWEN-PV3,post_retry_metric_veto_step3,能力迁移已候场，先核验最新探针回执：先使用Qwen检测附件中的金橙五星复检片，检测结果仅作为中间状态。最终需要判断林区无人机补给舱探针恢复复议6446号应继续现有能力、结束，还是进入迁移评估。自然语言里的故障等级和预算描述没有路由优先级，只读取本 query 最新 observation 的结构化键值。错误状态仅在 retryable=true 与 retry_count=0 同时成立时复用原检测器一次，否则调用迁移顾问。正常状态需要候选数、置信度、跨提示一致性和域偏移四个门槛全部通过才结束，任一否决项都转迁移。缺省、非法、冲突状态采取保守分支；已经重试一次的结果不能再次触发检测器。检测器必须设置 finish_after_tool=false；迁移顾问使用当前图片和视觉探针并设置 finish_after_tool=true。,True,examples/images/planner_retry_optimizer_matched_v12/goldorange_five_star_recheck.png,"[{""action"": ""qwen_detection"", ""arg_contains"": {""label"": [""金橙五星复检片""]}, ""decision_type"": ""tool"", ""required_args"": {""finish_after_tool"": false}}, {""action"": ""qwen_detection"", ""arg_contains"": {""label"": [""金橙五星复检片""]}, ""decision_type"": ""tool"", ""required_args"": {""finish_after_tool"": false}}, {""action"": ""migration_advisor"", ""arg_contains"": {""user_query"": [""林区无人机补给舱探针恢复复议6446号""]}, ""decision_type"": ""tool"", ""required_args"": {""finish_after_tool"": true, ""use_image"": true, ""use_visual_probe"": true}}]","[""rag_answer"", ""re_question"", ""answerer"", ""flux-image-generation"", ""rexomni_detection"", ""pipeline_eval""]","{""action_match"": 0.65, ""argument_match"": 0.1, ""decision_type_valid"": 0.03, ""final_tool_finish"": 0.1, ""finish_after_tool"": 0.1, ""json_valid"": 0.02, ""no_forbidden_action"": 0.1, ""no_premature_stop"": 0.1, ""no_repeated_tool"": 0.1, ""no_skip_required_probe"": 0.1, ""strict_action_match"": true, ""strict_argument_types"": true, ""wrong_action_cap"": 0.2}",False,0.703125,"[""qwen_detection"", ""migration_advisor"", ""migration_advisor""]",qwen_detection,"[{""_planner_metrics"": {""api_call_ms"": 6338.035, ""first_api_call_ms"": 6338.035, ""first_finish_reason"": ""stop"", ""first_input_tokens"": 4019, ""first_output_tokens"": 49, ""first_total_tokens"": 4068, ""input_tokens"": 4019, ""output_tokens"": 49, ""parse_ms"": 0.27, ""planner_total_ms"": 6353.952, ""prompt_build_ms"": 0.387, ""retry_count"": 0, ""retry_reason"": """", ""total_tokens"": 4068}, ""action"": ""qwen_detection"", ""action_input"": {""finish_after_tool"": false, ""label"": ""金橙五星复检片""}, ""clarification_question"": """", ""decision_type"": ""tool"", ""end_reason"": """", ""final_answer"": """", ""thought"": ""先使用用户指定的检测器对当前图片进行探针。""}, {""_planner_metrics"": {""api_call_ms"": 8744.295, ""first_api_call_ms"": 8744.295, ""first_finish_reason"": ""stop"", ""first_input_tokens"": 4326, ""first_output_tokens"": 71, ""first_total_tokens"": 4397, ""input_tokens"": 4326, ""output_tokens"": 71, ""parse_ms"": 0.143, ""planner_total_ms"": 8761.491, ""prompt_build_ms"": 0.535, ""retry_count"": 0, ""retry_reason"": """", ""total_tokens"": 4397}, ""action"": ""migration_advisor"", ""action_input"": {""finish_after_tool"": true, ""use_image"": true, ""use_visual_probe"": true, ""user_query"": ""林区无人机补给舱探针恢复复议6446号""}, ""clarification_question"": """", ""decision_type"": ""tool"", ""end_reason"": """", ""final_answer"": """", ""thought"": ""最新状态未满足重试或结束条件，需要进入能力迁移评估。""}, {""_planner_metrics"": {""api_call_ms"": 9011.884, ""first_api_call_ms"": 9011.884, ""first_finish_reason"": ""stop"", ""first_input_tokens"": 4659, ""first_output_tokens"": 71, ""first_total_tokens"": 4730, ""input_tokens"": 4659, ""output_tokens"": 71, ""parse_ms"": 0.218, ""planner_total_ms"": 9027.185, ""prompt_build_ms"": 0.44, ""retry_count"": 0, ""retry_reason"": """", ""total_tokens"": 4730}, ""action"": ""migration_advisor"", ""action_input"": {""finish_after_tool"": true, ""use_image"": true, ""use_visual_probe"": true, ""user_query"": ""林区无人机补给舱探针恢复复议6446号""}, ""clarification_question"": """", ""decision_type"": ""tool"", ""end_reason"": """", ""final_answer"": """", ""thought"": ""最新状态未满足重试或结束条件，需要进入能力迁移评估。""}]","step2:action expected 'qwen_detection', got 'migration_advisor' | step2:finish_after_tool expected False, got True | step2:arg 'label' expected to contain ['金橙五星复检片'], got None",6353.952,6338.035,4019,49,0,1,False,True
PROMV12-TB-005-QWEN-PV3,post_retry_metric_veto_step3,历史文字可能误导，本轮以后写入的 observation 为准：先使用Qwen检测附件中的玄铜弧顶缓冲座，检测结果仅作为中间状态。最终需要判断流域梯级调度闸站异常额度会核2044号应继续现有能力、结束，还是进入迁移评估。自然语言里的故障等级和预算描述没有路由优先级，只读取本 query 最新 observation 的结构化键值。错误状态仅在 retryable=true 与 retry_count=0 同时成立时复用原检测器一次，否则调用迁移顾问。正常状态需要候选数、置信度、跨提示一致性和域偏移四个门槛全部通过才结束，任一否决项都转迁移。缺省、非法、冲突状态采取保守分支；已经重试一次的结果不能再次触发检测器。检测器必须设置 finish_after_tool=false；迁移顾问使用当前图片和视觉探针并设置 finish_after_tool=true。,True,examples/images/planner_retry_optimizer_matched_v12/darkbronze_arch_buffer.png,"[{""action"": ""qwen_detection"", ""arg_contains"": {""label"": [""玄铜弧顶缓冲座""]}, ""decision_type"": ""tool"", ""required_args"": {""finish_after_tool"": false}}, {""action"": ""qwen_detection"", ""arg_contains"": {""label"": [""玄铜弧顶缓冲座""]}, ""decision_type"": ""tool"", ""required_args"": {""finish_after_tool"": false}}, {""action"": ""migration_advisor"", ""arg_contains"": {""user_query"": [""流域梯级调度闸站异常额度会核2044号""]}, ""decision_type"": ""tool"", ""required_args"": {""finish_after_tool"": true, ""use_image"": true, ""use_visual_probe"": true}}]","[""rag_answer"", ""re_question"", ""answerer"", ""flux-image-generation"", ""rexomni_detection"", ""pipeline_eval""]","{""action_match"": 0.65, ""argument_match"": 0.1, ""decision_type_valid"": 0.03, ""final_tool_finish"": 0.1, ""finish_after_tool"": 0.1, ""json_valid"": 0.02, ""no_forbidden_action"": 0.1, ""no_premature_stop"": 0.1, ""no_repeated_tool"": 0.1, ""no_skip_required_probe"": 0.1, ""strict_action_match"": true, ""strict_argument_types"": true, ""wrong_action_cap"": 0.2}",False,0.734375,"[""qwen_detection"", ""qwen_detection"", ""qwen_detection""]",qwen_detection,"[{""_planner_metrics"": {""api_call_ms"": 6391.433, ""first_api_call_ms"": 6391.433, ""first_finish_reason"": ""stop"", ""first_input_tokens"": 4028, ""first_output_tokens"": 50, ""first_total_tokens"": 4078, ""input_tokens"": 4028, ""output_tokens"": 50, ""parse_ms"": 0.145, ""planner_total_ms"": 6408.874, ""prompt_build_ms"": 0.467, ""retry_count"": 0, ""retry_reason"": """", ""total_tokens"": 4078}, ""action"": ""qwen_detection"", ""action_input"": {""finish_after_tool"": false, ""label"": ""玄铜弧顶缓冲座""}, ""clarification_question"": """", ""decision_type"": ""tool"", ""end_reason"": """", ""final_answer"": """", ""thought"": ""先执行用户指定的检测器以取得当前结构化状态。""}, {""_planner_metrics"": {""api_call_ms"": 6595.81, ""first_api_call_ms"": 6595.81, ""first_finish_reason"": ""stop"", ""first_input_tokens"": 4341, ""first_output_tokens"": 50, ""first_total_tokens"": 4391, ""input_tokens"": 4341, ""output_tokens"": 50, ""parse_ms"": 0.131, ""planner_total_ms"": 6610.828, ""prompt_build_ms"": 0.444, ""retry_count"": 0, ""retry_reason"": """", ""total_tokens"": 4391}, ""action"": ""qwen_detection"", ""action_input"": {""finish_after_tool"": false, ""label"": ""玄铜弧顶缓冲座""}, ""clarification_question"": """", ""decision_type"": ""tool"", ""end_reason"": """", ""final_answer"": """", ""thought"": ""最新状态满足错误状态且可重试一次检测器。""}, {""_planner_metrics"": {""api_call_ms"": 7281.424, ""first_api_call_ms"": 7281.424, ""first_finish_reason"": ""stop"", ""first_input_tokens"": 4645, ""first_output_tokens"": 55, ""first_total_tokens"": 4700, ""input_tokens"": 4645, ""output_tokens"": 55, ""parse_ms"": 0.242, ""planner_total_ms"": 7296.622, ""prompt_build_ms"": 0.449, ""retry_count"": 0, ""retry_reason"": """", ""total_tokens"": 4700}, ""action"": ""qwen_detection"", ""action_input"": {""finish_after_tool"": false, ""label"": ""玄铜弧顶缓冲座""}, ""clarification_question"": """", ""decision_type"": ""tool"", ""end_reason"": """", ""final_answer"": """", ""thought"": ""最新状态未满足结束或迁移条件，需要继续检测以更新结构化状态。""}]","step3:action expected 'migration_advisor', got 'qwen_detection' | step3:finish_after_tool expected True, got False | step3:arg 'use_image' expected True, got None | step3:arg 'use_visual_probe' expected True, got None | step3:arg 'user_query' expected to contain ['流域梯级调度闸站异常额度会核2044号'], got None",6408.874,6391.433,4028,50,0,1,False,True
PROMV12-TB-005-QWEN-FR2,fresh_retry_step2,历史文字可能误导，本轮以后写入的 observation 为准：先使用Qwen检测附件中的玄铜弧顶缓冲座，检测结果仅作为中间状态。最终需要判断流域梯级调度闸站异常额度会核2044号应继续现有能力、结束，还是进入迁移评估。自然语言里的故障等级和预算描述没有路由优先级，只读取本 query 最新 observation 的结构化键值。错误状态仅在 retryable=true 与 retry_count=0 同时成立时复用原检测器一次，否则调用迁移顾问。正常状态需要候选数、置信度、跨提示一致性和域偏移四个门槛全部通过才结束，任一否决项都转迁移。缺省、非法、冲突状态采取保守分支；已经重试一次的结果不能再次触发检测器。检测器必须设置 finish_after_tool=false；迁移顾问使用当前图片和视觉探针并设置 finish_after_tool=true。,True,examples/images/planner_retry_optimizer_matched_v12/darkbronze_arch_buffer.png,"[{""action"": ""qwen_detection"", ""arg_contains"": {""label"": [""玄铜弧顶缓冲座""]}, ""decision_type"": ""tool"", ""required_args"": {""finish_after_tool"": false}}, {""action"": ""qwen_detection"", ""arg_contains"": {""label"": [""玄铜弧顶缓冲座""]}, ""decision_type"": ""tool"", ""required_args"": {""finish_after_tool"": false}}, {""arg_contains"": {}, ""decision_type"": ""end"", ""required_args"": {""end_reason"": ""memory_hit""}}]","[""rag_answer"", ""re_question"", ""answerer"", ""flux-image-generation"", ""rexomni_detection"", ""pipeline_eval"", ""migration_advisor""]","{""action_match"": 0.65, ""argument_match"": 0.1, ""decision_type_valid"": 0.03, ""final_tool_finish"": 0.1, ""finish_after_tool"": 0.1, ""json_valid"": 0.02, ""no_forbidden_action"": 0.1, ""no_premature_stop"": 0.1, ""no_repeated_tool"": 0.1, ""no_skip_required_probe"": 0.1, ""strict_action_match"": true, ""strict_argument_types"": true, ""wrong_action_cap"": 0.2}",False,0.75625,"[""qwen_detection"", ""qwen_detection"", ""qwen_detection""]",qwen_detection,"[{""_planner_metrics"": {""api_call_ms"": 6383.305, ""first_api_call_ms"": 6383.305, ""first_finish_reason"": ""stop"", ""first_input_tokens"": 4028, ""first_output_tokens"": 50, ""first_total_tokens"": 4078, ""input_tokens"": 4028, ""output_tokens"": 50, ""parse_ms"": 0.168, ""planner_total_ms"": 6397.572, ""prompt_build_ms"": 0.471, ""retry_count"": 0, ""retry_reason"": """", ""total_tokens"": 4078}, ""action"": ""qwen_detection"", ""action_input"": {""finish_after_tool"": false, ""label"": ""玄铜弧顶缓冲座""}, ""clarification_question"": """", ""decision_type"": ""tool"", ""end_reason"": """", ""final_answer"": """", ""thought"": ""先执行用户指定的检测器以取得当前结构化状态。""}, {""_planner_metrics"": {""api_call_ms"": 6596.063, ""first_api_call_ms"": 6596.063, ""first_finish_reason"": ""stop"", ""first_input_tokens"": 4339, ""first_output_tokens"": 50, ""first_total_tokens"": 4389, ""input_tokens"": 4339, ""output_tokens"": 50, ""parse_ms"": 0.106, ""planner_total_ms"": 6611.48, ""prompt_build_ms"": 0.48, ""retry_count"": 0, ""retry_reason"": """", ""total_tokens"": 4389}, ""action"": ""qwen_detection"", ""action_input"": {""finish_after_tool"": false, ""label"": ""玄铜弧顶缓冲座""}, ""clarification_question"": """", ""decision_type"": ""tool"", ""end_reason"": """", ""final_answer"": """", ""thought"": ""最新状态满足错误状态且可重试一次检测器。""}, {""_planner_metrics"": {""api_call_ms"": 7206.571, ""first_api_call_ms"": 7206.571, ""first_finish_reason"": ""stop"", ""first_input_tokens"": 4644, ""first_output_tokens"": 55, ""first_total_tokens"": 4699, ""input_tokens"": 4644, ""output_tokens"": 55, ""parse_ms"": 0.11, ""planner_total_ms"": 7221.049, ""prompt_build_ms"": 0.436, ""retry_count"": 0, ""retry_reason"": """", ""total_tokens"": 4699}, ""action"": ""qwen_detection"", ""action_input"": {""finish_after_tool"": false, ""label"": ""玄铜弧顶缓冲座""}, ""clarification_question"": """", ""decision_type"": ""tool"", ""end_reason"": """", ""final_answer"": """", ""thought"": ""最新状态未满足结束或迁移条件，需要继续检测以更新结构化状态。""}]","step3:decision_type expected 'end', got 'tool' | step3:action expected 'end', got 'qwen_detection' | step3:arg 'end_reason' expected 'memory_hit', got ''",6397.572,6383.305,4028,50,0,1,False,True
PROMV12-TB-005-QWEN-BE2,budget_exhausted_step2,历史文字可能误导，本轮以后写入的 observation 为准：先使用Qwen检测附件中的玄铜弧顶缓冲座，检测结果仅作为中间状态。最终需要判断流域梯级调度闸站异常额度会核2044号应继续现有能力、结束，还是进入迁移评估。自然语言里的故障等级和预算描述没有路由优先级，只读取本 query 最新 observation 的结构化键值。错误状态仅在 retryable=true 与 retry_count=0 同时成立时复用原检测器一次，否则调用迁移顾问。正常状态需要候选数、置信度、跨提示一致性和域偏移四个门槛全部通过才结束，任一否决项都转迁移。缺省、非法、冲突状态采取保守分支；已经重试一次的结果不能再次触发检测器。检测器必须设置 finish_after_tool=false；迁移顾问使用当前图片和视觉探针并设置 finish_after_tool=true。,True,examples/images/planner_retry_optimizer_matched_v12/darkbronze_arch_buffer.png,"[{""action"": ""qwen_detection"", ""arg_contains"": {""label"": [""玄铜弧顶缓冲座""]}, ""decision_type"": ""tool"", ""required_args"": {""finish_after_tool"": false}}, {""action"": ""migration_advisor"", ""arg_contains"": {""user_query"": [""流域梯级调度闸站异常额度会核2044号""]}, ""decision_type"": ""tool"", ""required_args"": {""finish_after_tool"": true, ""use_image"": true, ""use_visual_probe"": true}}]","[""rag_answer"", ""re_question"", ""answerer"", ""flux-image-generation"", ""rexomni_detection"", ""pipeline_eval""]","{""action_match"": 0.65, ""argument_match"": 0.1, ""decision_type_valid"": 0.03, ""final_tool_finish"": 0.1, ""finish_after_tool"": 0.1, ""json_valid"": 0.02, ""no_forbidden_action"": 0.1, ""no_premature_stop"": 0.1, ""no_repeated_tool"": 0.1, ""no_skip_required_probe"": 0.1, ""strict_action_match"": true, ""strict_argument_types"": true, ""wrong_action_cap"": 0.2}",True,1.0,"[""qwen_detection"", ""migration_advisor""]",qwen_detection,"[{""_planner_metrics"": {""api_call_ms"": 6436.524, ""first_api_call_ms"": 6436.524, ""first_finish_reason"": ""stop"", ""first_input_tokens"": 4028, ""first_output_tokens"": 50, ""first_total_tokens"": 4078, ""input_tokens"": 4028, ""output_tokens"": 50, ""parse_ms"": 0.179, ""planner_total_ms"": 6449.697, ""prompt_build_ms"": 0.383, ""retry_count"": 0, ""retry_reason"": """", ""total_tokens"": 4078}, ""action"": ""qwen_detection"", ""action_input"": {""finish_after_tool"": false, ""label"": ""玄铜弧顶缓冲座""}, ""clarification_question"": """", ""decision_type"": ""tool"", ""end_reason"": """", ""final_answer"": """", ""thought"": ""先执行用户指定的检测器以取得当前结构化状态。""}, {""_planner_metrics"": {""api_call_ms"": 8941.72, ""first_api_call_ms"": 8941.72, ""first_finish_reason"": ""stop"", ""first_input_tokens"": 4339, ""first_output_tokens"": 74, ""first_total_tokens"": 4413, ""input_tokens"": 4339, ""output_tokens"": 74, ""parse_ms"": 0.138, ""planner_total_ms"": 8956.105, ""prompt_build_ms"": 0.487, ""retry_count"": 0, ""retry_reason"": """", ""total_tokens"": 4413}, ""action"": ""migration_advisor"", ""action_input"": {""finish_after_tool"": true, ""use_image"": true, ""use_visual_probe"": true, ""user_query"": ""流域梯级调度闸站异常额度会核2044号""}, ""clarification_question"": """", ""decision_type"": ""tool"", ""end_reason"": """", ""final_answer"": """", ""thought"": ""最新状态未满足结束或重试条件，需要进入能力迁移评估。""}]",,6449.697,6436.524,4028,50,1,1,True,False
PROMV12-TB-008-REX-CS2,current_success_step2,能力迁移已候场，先核验最新探针回执：先使用Rex-Omni检测附件中的玄铜弧顶缓冲座，检测结果仅作为中间状态。最终需要判断流域梯级调度闸站探针恢复复议4894号应继续现有能力、结束，还是进入迁移评估。自然语言里的故障等级和预算描述没有路由优先级，只读取本 query 最新 observation 的结构化键值。错误状态仅在 retryable=true 与 retry_count=0 同时成立时复用原检测器一次，否则调用迁移顾问。正常状态需要候选数、置信度、跨提示一致性和域偏移四个门槛全部通过才结束，任一否决项都转迁移。缺省、非法、冲突状态采取保守分支；已经重试一次的结果不能再次触发检测器。检测器必须设置 finish_after_tool=false；迁移顾问使用当前图片和视觉探针并设置 finish_after_tool=true。,True,examples/images/planner_retry_optimizer_matched_v12/darkbronze_arch_buffer.png,"[{""action"": ""rexomni_detection"", ""arg_contains"": {""label"": [""玄铜弧顶缓冲座""]}, ""decision_type"": ""tool"", ""required_args"": {""finish_after_tool"": false}}, {""arg_contains"": {}, ""decision_type"": ""end"", ""required_args"": {""end_reason"": ""memory_hit""}}]","[""rag_answer"", ""re_question"", ""answerer"", ""flux-image-generation"", ""qwen_detection"", ""pipeline_eval"", ""migration_advisor""]","{""action_match"": 0.65, ""argument_match"": 0.1, ""decision_type_valid"": 0.03, ""final_tool_finish"": 0.1, ""finish_after_tool"": 0.1, ""json_valid"": 0.02, ""no_forbidden_action"": 0.1, ""no_premature_stop"": 0.1, ""no_repeated_tool"": 0.1, ""no_skip_required_probe"": 0.1, ""strict_action_match"": true, ""strict_argument_types"": true, ""wrong_action_cap"": 0.2}",True,1.0,"[""rexomni_detection"", ""final_answer""]",rexomni_detection,"[{""_planner_metrics"": {""api_call_ms"": 6592.51, ""first_api_call_ms"": 6592.51, ""first_finish_reason"": ""stop"", ""first_input_tokens"": 4027, ""first_output_tokens"": 51, ""first_total_tokens"": 4078, ""input_tokens"": 4027, ""output_tokens"": 51, ""parse_ms"": 0.106, ""planner_total_ms"": 6607.675, ""prompt_build_ms"": 0.417, ""retry_count"": 0, ""retry_reason"": """", ""total_tokens"": 4078}, ""action"": ""rexomni_detection"", ""action_input"": {""finish_after_tool"": false, ""label"": ""玄铜弧顶缓冲座""}, ""clarification_question"": """", ""decision_type"": ""tool"", ""end_reason"": """", ""final_answer"": """", ""thought"": ""先执行用户指定的检测器以取得当前结构化状态。""}, {""_planner_metrics"": {""api_call_ms"": 4932.348, ""first_api_call_ms"": 4932.348, ""first_finish_reason"": ""stop"", ""first_input_tokens"": 4336, ""first_output_tokens"": 34, ""first_total_tokens"": 4370, ""input_tokens"": 4336, ""output_tokens"": 34, ""parse_ms"": 0.099, ""planner_total_ms"": 4945.985, ""prompt_build_ms"": 0.399, ""retry_count"": 0, ""retry_reason"": """", ""total_tokens"": 4370}, ""action"": ""final_answer"", ""action_input"": {}, ""clarification_question"": """", ""decision_type"": ""end"", ""end_reason"": ""memory_hit"", ""final_answer"": """", ""thought"": ""最新结构化状态已满足全部硬门槛，可以结束本轮规划。""}]",,6607.675,6592.51,4027,51,1,1,True,False
PROMV12-TB-002-QWEN-FR2,fresh_retry_step2,能力迁移已候场，先核验最新探针回执：先使用Qwen检测附件中的金橙五星复检片，检测结果仅作为中间状态。最终需要判断甚低频射电阵列探针恢复复议3574号应继续现有能力、结束，还是进入迁移评估。自然语言里的故障等级和预算描述没有路由优先级，只读取本 query 最新 observation 的结构化键值。错误状态仅在 retryable=true 与 retry_count=0 同时成立时复用原检测器一次，否则调用迁移顾问。正常状态需要候选数、置信度、跨提示一致性和域偏移四个门槛全部通过才结束，任一否决项都转迁移。缺省、非法、冲突状态采取保守分支；已经重试一次的结果不能再次触发检测器。检测器必须设置 finish_after_tool=false；迁移顾问使用当前图片和视觉探针并设置 finish_after_tool=true。,True,examples/images/planner_retry_optimizer_matched_v12/goldorange_five_star_recheck.png,"[{""action"": ""qwen_detection"", ""arg_contains"": {""label"": [""金橙五星复检片""]}, ""decision_type"": ""tool"", ""required_args"": {""finish_after_tool"": false}}, {""action"": ""qwen_detection"", ""arg_contains"": {""label"": [""金橙五星复检片""]}, ""decision_type"": ""tool"", ""required_args"": {""finish_after_tool"": false}}, {""arg_contains"": {}, ""decision_type"": ""end"", ""required_args"": {""end_reason"": ""memory_hit""}}]","[""rag_answer"", ""re_question"", ""answerer"", ""flux-image-generation"", ""rexomni_detection"", ""pipeline_eval"", ""migration_advisor""]","{""action_match"": 0.65, ""argument_match"": 0.1, ""decision_type_valid"": 0.03, ""final_tool_finish"": 0.1, ""finish_after_tool"": 0.1, ""json_valid"": 0.02, ""no_forbidden_action"": 0.1, ""no_premature_stop"": 0.1, ""no_repeated_tool"": 0.1, ""no_skip_required_probe"": 0.1, ""strict_action_match"": true, ""strict_argument_types"": true, ""wrong_action_cap"": 0.2}",False,0.428125,"[""qwen_detection"", ""migration_advisor"", ""migration_advisor""]",qwen_detection,"[{""_planner_metrics"": {""api_call_ms"": 6320.11, ""first_api_call_ms"": 6320.11, ""first_finish_reason"": ""stop"", ""first_input_tokens"": 4021, ""first_output_tokens"": 49, ""first_total_tokens"": 4070, ""input_tokens"": 4021, ""output_tokens"": 49, ""parse_ms"": 0.108, ""planner_total_ms"": 6332.671, ""prompt_build_ms"": 0.359, ""retry_count"": 0, ""retry_reason"": """", ""total_tokens"": 4070}, ""action"": ""qwen_detection"", ""action_input"": {""finish_after_tool"": false, ""label"": ""金橙五星复检片""}, ""clarification_question"": """", ""decision_type"": ""tool"", ""end_reason"": """", ""final_answer"": """", ""thought"": ""先使用用户指定的检测器对当前图片进行探针。""}, {""_planner_metrics"": {""api_call_ms"": 8901.575, ""first_api_call_ms"": 8901.575, ""first_finish_reason"": ""stop"", ""first_input_tokens"": 4325, ""first_output_tokens"": 72, ""first_total_tokens"": 4397, ""input_tokens"": 4325, ""output_tokens"": 72, ""parse_ms"": 0.192, ""planner_total_ms"": 8916.334, ""prompt_build_ms"": 0.393, ""retry_count"": 0, ""retry_reason"": """", ""total_tokens"": 4397}, ""action"": ""migration_advisor"", ""action_input"": {""finish_after_tool"": true, ""use_image"": true, ""use_visual_probe"": true, ""user_query"": ""甚低频射电阵列探针恢复复议3574号""}, ""clarification_question"": """", ""decision_type"": ""tool"", ""end_reason"": """", ""final_answer"": """", ""thought"": ""最新状态未满足重试或结束条件，需要进入能力迁移评估。""}, {""_planner_metrics"": {""api_call_ms"": 9063.985, ""first_api_call_ms"": 9063.985, ""first_finish_reason"": ""stop"", ""first_input_tokens"": 4653, ""first_output_tokens"": 72, ""first_total_tokens"": 4725, ""input_tokens"": 4653, ""output_tokens"": 72, ""parse_ms"": 0.168, ""planner_total_ms"": 9081.5, ""prompt_build_ms"": 0.519, ""retry_count"": 0, ""retry_reason"": """", ""total_tokens"": 4725}, ""action"": ""migration_advisor"", ""action_input"": {""finish_after_tool"": true, ""use_image"": true, ""use_visual_probe"": true, ""user_query"": ""甚低频射电阵列探针恢复复议3574号""}, ""clarification_question"": """", ""decision_type"": ""tool"", ""end_reason"": """", ""final_answer"": """", ""thought"": ""最新状态未满足重试或结束条件，需要进入能力迁移评估。""}]","step2:action expected 'qwen_detection', got 'migration_advisor' | step2:finish_after_tool expected False, got True | step2:arg 'label' expected to contain ['金橙五星复检片'], got None | step3:decision_type expected 'end', got 'tool' | step3:action expected 'end', got 'migration_advisor' | step3:arg 'end_reason' expected 'memory_hit', got '' | forbidden:migration_advisor | forbidden:migration_advisor",6332.671,6320.11,4021,49,0,1,False,True
PROMV12-TB-003-QWEN-BE2,budget_exhausted_step2,读取这次机器状态并选择唯一动作：先使用Qwen检测附件中的玄铜弧顶缓冲座，检测结果仅作为中间状态。最终需要判断林区无人机补给舱回执分支终签9158号应继续现有能力、结束，还是进入迁移评估。自然语言里的故障等级和预算描述没有路由优先级，只读取本 query 最新 observation 的结构化键值。错误状态仅在 retryable=true 与 retry_count=0 同时成立时复用原检测器一次，否则调用迁移顾问。正常状态需要候选数、置信度、跨提示一致性和域偏移四个门槛全部通过才结束，任一否决项都转迁移。缺省、非法、冲突状态采取保守分支；已经重试一次的结果不能再次触发检测器。检测器必须设置 finish_after_tool=false；迁移顾问使用当前图片和视觉探针并设置 finish_after_tool=true。,True,examples/images/planner_retry_optimizer_matched_v12/darkbronze_arch_buffer.png,"[{""action"": ""qwen_detection"", ""arg_contains"": {""label"": [""玄铜弧顶缓冲座""]}, ""decision_type"": ""tool"", ""required_args"": {""finish_after_tool"": false}}, {""action"": ""migration_advisor"", ""arg_contains"": {""user_query"": [""林区无人机补给舱回执分支终签9158号""]}, ""decision_type"": ""tool"", ""required_args"": {""finish_after_tool"": true, ""use_image"": true, ""use_visual_probe"": true}}]","[""rag_answer"", ""re_question"", ""answerer"", ""flux-image-generation"", ""rexomni_detection"", ""pipeline_eval""]","{""action_match"": 0.65, ""argument_match"": 0.1, ""decision_type_valid"": 0.03, ""final_tool_finish"": 0.1, ""finish_after_tool"": 0.1, ""json_valid"": 0.02, ""no_forbidden_action"": 0.1, ""no_premature_stop"": 0.1, ""no_repeated_tool"": 0.1, ""no_skip_required_probe"": 0.1, ""strict_action_match"": true, ""strict_argument_types"": true, ""wrong_action_cap"": 0.2}",False,0.586957,"[""qwen_detection"", ""qwen_detection""]",qwen_detection,"[{""_planner_metrics"": {""api_call_ms"": 6406.168, ""first_api_call_ms"": 6406.168, ""first_finish_reason"": ""stop"", ""first_input_tokens"": 4016, ""first_output_tokens"": 50, ""first_total_tokens"": 4066, ""input_tokens"": 4016, ""output_tokens"": 50, ""parse_ms"": 0.153, ""planner_total_ms"": 6419.498, ""prompt_build_ms"": 0.366, ""retry_count"": 0, ""retry_reason"": """", ""total_tokens"": 4066}, ""action"": ""qwen_detection"", ""action_input"": {""finish_after_tool"": false, ""label"": ""玄铜弧顶缓冲座""}, ""clarification_question"": """", ""decision_type"": ""tool"", ""end_reason"": """", ""final_answer"": """", ""thought"": ""先执行用户指定的检测器以取得当前结构化状态。""}, {""_planner_metrics"": {""api_call_ms"": 6908.649, ""first_api_call_ms"": 6908.649, ""first_finish_reason"": ""stop"", ""first_input_tokens"": 4325, ""first_output_tokens"": 53, ""first_total_tokens"": 4378, ""input_tokens"": 4325, ""output_tokens"": 53, ""parse_ms"": 0.149, ""planner_total_ms"": 6922.525, ""prompt_build_ms"": 0.403, ""retry_count"": 0, ""retry_reason"": """", ""total_tokens"": 4378}, ""action"": ""qwen_detection"", ""action_input"": {""finish_after_tool"": false, ""label"": ""玄铜弧顶缓冲座""}, ""clarification_question"": """", ""decision_type"": ""tool"", ""end_reason"": """", ""final_answer"": """", ""thought"": ""最新状态未满足结束或迁移条件，需要继续获取结构化信息。""}]","step2:action expected 'migration_advisor', got 'qwen_detection' | step2:finish_after_tool expected True, got False | step2:arg 'use_image' expected True, got None | step2:arg 'use_visual_probe' expected True, got None | step2:arg 'user_query' expected to contain ['林区无人机补给舱回执分支终签9158号'], got None",6419.498,6406.168,4016,50,0,1,False,True
PROMV12-TB-012-REX-CF2,conflicting_state_step2,读取这次机器状态并选择唯一动作：先使用Rex-Omni检测附件中的金橙五星复检片，检测结果仅作为中间状态。最终需要判断甚低频射电阵列回执分支终签3879号应继续现有能力、结束，还是进入迁移评估。自然语言里的故障等级和预算描述没有路由优先级，只读取本 query 最新 observation 的结构化键值。错误状态仅在 retryable=true 与 retry_count=0 同时成立时复用原检测器一次，否则调用迁移顾问。正常状态需要候选数、置信度、跨提示一致性和域偏移四个门槛全部通过才结束，任一否决项都转迁移。缺省、非法、冲突状态采取保守分支；已经重试一次的结果不能再次触发检测器。检测器必须设置 finish_after_tool=false；迁移顾问使用当前图片和视觉探针并设置 finish_after_tool=true。,True,examples/images/planner_retry_optimizer_matched_v12/goldorange_five_star_recheck.png,"[{""action"": ""rexomni_detection"", ""arg_contains"": {""label"": [""金橙五星复检片""]}, ""decision_type"": ""tool"", ""required_args"": {""finish_after_tool"": false}}, {""action"": ""migration_advisor"", ""arg_contains"": {""user_query"": [""甚低频射电阵列回执分支终签3879号""]}, ""decision_type"": ""tool"", ""required_args"": {""finish_after_tool"": true, ""use_image"": true, ""use_visual_probe"": true}}]","[""rag_answer"", ""re_question"", ""answerer"", ""flux-image-generation"", ""qwen_detection"", ""pipeline_eval""]","{""action_match"": 0.65, ""argument_match"": 0.1, ""decision_type_valid"": 0.03, ""final_tool_finish"": 0.1, ""finish_after_tool"": 0.1, ""json_valid"": 0.02, ""no_forbidden_action"": 0.1, ""no_premature_stop"": 0.1, ""no_repeated_tool"": 0.1, ""no_skip_required_probe"": 0.1, ""strict_action_match"": true, ""strict_argument_types"": true, ""wrong_action_cap"": 0.2}",True,1.0,"[""rexomni_detection"", ""migration_advisor""]",rexomni_detection,"[{""_planner_metrics"": {""api_call_ms"": 6491.207, ""first_api_call_ms"": 6491.207, ""first_finish_reason"": ""stop"", ""first_input_tokens"": 4023, ""first_output_tokens"": 50, ""first_total_tokens"": 4073, ""input_tokens"": 4023, ""output_tokens"": 50, ""parse_ms"": 0.129, ""planner_total_ms"": 6504.521, ""prompt_build_ms"": 0.414, ""retry_count"": 0, ""retry_reason"": """", ""total_tokens"": 4073}, ""action"": ""rexomni_detection"", ""action_input"": {""finish_after_tool"": false, ""label"": ""金橙五星复检片""}, ""clarification_question"": """", ""decision_type"": ""tool"", ""end_reason"": """", ""final_answer"": """", ""thought"": ""先执行用户指定的检测器以取得当前结构化状态。""}, {""_planner_metrics"": {""api_call_ms"": 8997.593, ""first_api_call_ms"": 8997.593, ""first_finish_reason"": ""stop"", ""first_input_tokens"": 4323, ""first_output_tokens"": 73, ""first_total_tokens"": 4396, ""input_tokens"": 4323, ""output_tokens"": 73, ""parse_ms"": 0.233, ""planner_total_ms"": 9011.667, ""prompt_build_ms"": 0.392, ""retry_count"": 0, ""retry_reason"": """", ""total_tokens"": 4396}, ""action"": ""migration_advisor"", ""action_input"": {""finish_after_tool"": true, ""use_image"": true, ""use_visual_probe"": true, ""user_query"": ""甚低频射电阵列回执分支终签3879号""}, ""clarification_question"": """", ""decision_type"": ""tool"", ""end_reason"": """", ""final_answer"": """", ""thought"": ""最新状态未满足结束或重试条件，需要进入能力迁移评估。""}]",,6504.521,6491.207,4023,50,1,1,True,False
PROMV12-TB-008-QWEN-PS3,post_retry_success_step3,能力迁移已候场，先核验最新探针回执：先使用Qwen检测附件中的玄铜弧顶缓冲座，检测结果仅作为中间状态。最终需要判断流域梯级调度闸站探针恢复复议4894号应继续现有能力、结束，还是进入迁移评估。自然语言里的故障等级和预算描述没有路由优先级，只读取本 query 最新 observation 的结构化键值。错误状态仅在 retryable=true 与 retry_count=0 同时成立时复用原检测器一次，否则调用迁移顾问。正常状态需要候选数、置信度、跨提示一致性和域偏移四个门槛全部通过才结束，任一否决项都转迁移。缺省、非法、冲突状态采取保守分支；已经重试一次的结果不能再次触发检测器。检测器必须设置 finish_after_tool=false；迁移顾问使用当前图片和视觉探针并设置 finish_after_tool=true。,True,examples/images/planner_retry_optimizer_matched_v12/darkbronze_arch_buffer.png,"[{""action"": ""qwen_detection"", ""arg_contains"": {""label"": [""玄铜弧顶缓冲座""]}, ""decision_type"": ""tool"", ""required_args"": {""finish_after_tool"": false}}, {""action"": ""qwen_detection"", ""arg_contains"": {""label"": [""玄铜弧顶缓冲座""]}, ""decision_type"": ""tool"", ""required_args"": {""finish_after_tool"": false}}, {""arg_contains"": {}, ""decision_type"": ""end"", ""required_args"": {""end_reason"": ""memory_hit""}}]","[""rag_answer"", ""re_question"", ""answerer"", ""flux-image-generation"", ""rexomni_detection"", ""pipeline_eval"", ""migration_advisor""]","{""action_match"": 0.65, ""argument_match"": 0.1, ""decision_type_valid"": 0.03, ""final_tool_finish"": 0.1, ""finish_after_tool"": 0.1, ""json_valid"": 0.02, ""no_forbidden_action"": 0.1, ""no_premature_stop"": 0.1, ""no_repeated_tool"": 0.1, ""no_skip_required_probe"": 0.1, ""strict_action_match"": true, ""strict_argument_types"": true, ""wrong_action_cap"": 0.2}",False,0.75625,"[""qwen_detection"", ""qwen_detection"", ""qwen_detection""]",qwen_detection,"[{""_planner_metrics"": {""api_call_ms"": 6462.394, ""first_api_call_ms"": 6462.394, ""first_finish_reason"": ""stop"", ""first_input_tokens"": 4024, ""first_output_tokens"": 50, ""first_total_tokens"": 4074, ""input_tokens"": 4024, ""output_tokens"": 50, ""parse_ms"": 0.154, ""planner_total_ms"": 6476.303, ""prompt_build_ms"": 0.422, ""retry_count"": 0, ""retry_reason"": """", ""total_tokens"": 4074}, ""action"": ""qwen_detection"", ""action_input"": {""finish_after_tool"": false, ""label"": ""玄铜弧顶缓冲座""}, ""clarification_question"": """", ""decision_type"": ""tool"", ""end_reason"": """", ""final_answer"": """", ""thought"": ""先使用用户指定的检测器对指定目标进行探针。""}, {""_planner_metrics"": {""api_call_ms"": 7143.105, ""first_api_call_ms"": 7143.105, ""first_finish_reason"": ""stop"", ""first_input_tokens"": 4333, ""first_output_tokens"": 55, ""first_total_tokens"": 4388, ""input_tokens"": 4333, ""output_tokens"": 55, ""parse_ms"": 0.161, ""planner_total_ms"": 7159.44, ""prompt_build_ms"": 0.407, ""retry_count"": 0, ""retry_reason"": """", ""total_tokens"": 4388}, ""action"": ""qwen_detection"", ""action_input"": {""finish_after_tool"": false, ""label"": ""玄铜弧顶缓冲座""}, ""clarification_question"": """", ""decision_type"": ""tool"", ""end_reason"": """", ""final_answer"": """", ""thought"": ""最新状态未满足结束或迁移条件，需要继续使用同一检测器获取更多信息。""}, {""_planner_metrics"": {""api_call_ms"": 7316.985, ""first_api_call_ms"": 7316.985, ""first_finish_reason"": ""stop"", ""first_input_tokens"": 4643, ""first_output_tokens"": 55, ""first_total_tokens"": 4698, ""input_tokens"": 4643, ""output_tokens"": 55, ""parse_ms"": 0.133, ""planner_total_ms"": 7332.534, ""prompt_build_ms"": 0.468, ""retry_count"": 0, ""retry_reason"": """", ""total_tokens"": 4698}, ""action"": ""qwen_detection"", ""action_input"": {""finish_after_tool"": false, ""label"": ""玄铜弧顶缓冲座""}, ""clarification_question"": """", ""decision_type"": ""tool"", ""end_reason"": """", ""final_answer"": """", ""thought"": ""最新状态未满足结束或迁移条件，需要继续使用同一检测器获取更多信息。""}]","step3:decision_type expected 'end', got 'tool' | step3:action expected 'end', got 'qwen_detection' | step3:arg 'end_reason' expected 'memory_hit', got ''",6476.303,6462.394,4024,50,0,1,False,True
PROMV12-TB-008-QWEN-FR2,fresh_retry_step2,能力迁移已候场，先核验最新探针回执：先使用Qwen检测附件中的玄铜弧顶缓冲座，检测结果仅作为中间状态。最终需要判断流域梯级调度闸站探针恢复复议4894号应继续现有能力、结束，还是进入迁移评估。自然语言里的故障等级和预算描述没有路由优先级，只读取本 query 最新 observation 的结构化键值。错误状态仅在 retryable=true 与 retry_count=0 同时成立时复用原检测器一次，否则调用迁移顾问。正常状态需要候选数、置信度、跨提示一致性和域偏移四个门槛全部通过才结束，任一否决项都转迁移。缺省、非法、冲突状态采取保守分支；已经重试一次的结果不能再次触发检测器。检测器必须设置 finish_after_tool=false；迁移顾问使用当前图片和视觉探针并设置 finish_after_tool=true。,True,examples/images/planner_retry_optimizer_matched_v12/darkbronze_arch_buffer.png,"[{""action"": ""qwen_detection"", ""arg_contains"": {""label"": [""玄铜弧顶缓冲座""]}, ""decision_type"": ""tool"", ""required_args"": {""finish_after_tool"": false}}, {""action"": ""qwen_detection"", ""arg_contains"": {""label"": [""玄铜弧顶缓冲座""]}, ""decision_type"": ""tool"", ""required_args"": {""finish_after_tool"": false}}, {""arg_contains"": {}, ""decision_type"": ""end"", ""required_args"": {""end_reason"": ""memory_hit""}}]","[""rag_answer"", ""re_question"", ""answerer"", ""flux-image-generation"", ""rexomni_detection"", ""pipeline_eval"", ""migration_advisor""]","{""action_match"": 0.65, ""argument_match"": 0.1, ""decision_type_valid"": 0.03, ""final_tool_finish"": 0.1, ""finish_after_tool"": 0.1, ""json_valid"": 0.02, ""no_forbidden_action"": 0.1, ""no_premature_stop"": 0.1, ""no_repeated_tool"": 0.1, ""no_skip_required_probe"": 0.1, ""strict_action_match"": true, ""strict_argument_types"": true, ""wrong_action_cap"": 0.2}",False,0.75625,"[""qwen_detection"", ""qwen_detection"", ""qwen_detection""]",qwen_detection,"[{""_planner_metrics"": {""api_call_ms"": 6418.064, ""first_api_call_ms"": 6418.064, ""first_finish_reason"": ""stop"", ""first_input_tokens"": 4024, ""first_output_tokens"": 50, ""first_total_tokens"": 4074, ""input_tokens"": 4024, ""output_tokens"": 50, ""parse_ms"": 0.165, ""planner_total_ms"": 6430.74, ""prompt_build_ms"": 0.388, ""retry_count"": 0, ""retry_reason"": """", ""total_tokens"": 4074}, ""action"": ""qwen_detection"", ""action_input"": {""finish_after_tool"": false, ""label"": ""玄铜弧顶缓冲座""}, ""clarification_question"": """", ""decision_type"": ""tool"", ""end_reason"": """", ""final_answer"": """", ""thought"": ""先执行用户指定的检测器以取得当前结构化状态。""}, {""_planner_metrics"": {""api_call_ms"": 6815.996, ""first_api_call_ms"": 6815.996, ""first_finish_reason"": ""stop"", ""first_input_tokens"": 4335, ""first_output_tokens"": 52, ""first_total_tokens"": 4387, ""input_tokens"": 4335, ""output_tokens"": 52, ""parse_ms"": 0.147, ""planner_total_ms"": 6830.057, ""prompt_build_ms"": 0.491, ""retry_count"": 0, ""retry_reason"": """", ""total_tokens"": 4387}, ""action"": ""qwen_detection"", ""action_input"": {""finish_after_tool"": false, ""label"": ""玄铜弧顶缓冲座""}, ""clarification_question"": """", ""decision_type"": ""tool"", ""end_reason"": """", ""final_answer"": """", ""thought"": ""最新状态满足错误重试条件，需要再次使用同一检测器。""}, {""_planner_metrics"": {""api_call_ms"": 7557.723, ""first_api_call_ms"": 7557.723, ""first_finish_reason"": ""stop"", ""first_input_tokens"": 4640, ""first_output_tokens"": 57, ""first_total_tokens"": 4697, ""input_tokens"": 4640, ""output_tokens"": 57, ""parse_ms"": 0.147, ""planner_total_ms"": 7573.156, ""prompt_build_ms"": 0.455, ""retry_count"": 0, ""retry_reason"": """", ""total_tokens"": 4697}, ""action"": ""qwen_detection"", ""action_input"": {""finish_after_tool"": false, ""label"": ""玄铜弧顶缓冲座""}, ""clarification_question"": """", ""decision_type"": ""tool"", ""end_reason"": """", ""final_answer"": """", ""thought"": ""最新状态未满足结束或迁移条件，需要继续检测器以更新结构化键值。""}]","step3:decision_type expected 'end', got 'tool' | step3:action expected 'end', got 'qwen_detection' | step3:arg 'end_reason' expected 'memory_hit', got ''",6430.74,6418.064,4024,50,0,1,False,True
PROMV12-TB-010-REX-NR2,nonretryable_step2,失联背景和当前预算并存时只使用显式字段：先使用Rex-Omni检测附件中的玄铜弧顶缓冲座，检测结果仅作为中间状态。最终需要判断流域梯级调度闸站回执分支终签5437号应继续现有能力、结束，还是进入迁移评估。自然语言里的故障等级和预算描述没有路由优先级，只读取本 query 最新 observation 的结构化键值。错误状态仅在 retryable=true 与 retry_count=0 同时成立时复用原检测器一次，否则调用迁移顾问。正常状态需要候选数、置信度、跨提示一致性和域偏移四个门槛全部通过才结束，任一否决项都转迁移。缺省、非法、冲突状态采取保守分支；已经重试一次的结果不能再次触发检测器。检测器必须设置 finish_after_tool=false；迁移顾问使用当前图片和视觉探针并设置 finish_after_tool=true。,True,examples/images/planner_retry_optimizer_matched_v12/darkbronze_arch_buffer.png,"[{""action"": ""rexomni_detection"", ""arg_contains"": {""label"": [""玄铜弧顶缓冲座""]}, ""decision_type"": ""tool"", ""required_args"": {""finish_after_tool"": false}}, {""action"": ""migration_advisor"", ""arg_contains"": {""user_query"": [""流域梯级调度闸站回执分支终签5437号""]}, ""decision_type"": ""tool"", ""required_args"": {""finish_after_tool"": true, ""use_image"": true, ""use_visual_probe"": true}}]","[""rag_answer"", ""re_question"", ""answerer"", ""flux-image-generation"", ""qwen_detection"", ""pipeline_eval""]","{""action_match"": 0.65, ""argument_match"": 0.1, ""decision_type_valid"": 0.03, ""final_tool_finish"": 0.1, ""finish_after_tool"": 0.1, ""json_valid"": 0.02, ""no_forbidden_action"": 0.1, ""no_premature_stop"": 0.1, ""no_repeated_tool"": 0.1, ""no_skip_required_probe"": 0.1, ""strict_action_match"": true, ""strict_argument_types"": true, ""wrong_action_cap"": 0.2}",True,1.0,"[""rexomni_detection"", ""migration_advisor""]",rexomni_detection,"[{""_planner_metrics"": {""api_call_ms"": 6645.288, ""first_api_call_ms"": 6645.288, ""first_finish_reason"": ""stop"", ""first_input_tokens"": 4032, ""first_output_tokens"": 51, ""first_total_tokens"": 4083, ""input_tokens"": 4032, ""output_tokens"": 51, ""parse_ms"": 0.215, ""planner_total_ms"": 6660.15, ""prompt_build_ms"": 0.364, ""retry_count"": 0, ""retry_reason"": """", ""total_tokens"": 4083}, ""action"": ""rexomni_detection"", ""action_input"": {""finish_after_tool"": false, ""label"": ""玄铜弧顶缓冲座""}, ""clarification_question"": """", ""decision_type"": ""tool"", ""end_reason"": """", ""final_answer"": """", ""thought"": ""先执行用户指定的检测器以取得当前结构化状态。""}, {""_planner_metrics"": {""api_call_ms"": 9167.943, ""first_api_call_ms"": 9167.943, ""first_finish_reason"": ""stop"", ""first_input_tokens"": 4344, ""first_output_tokens"": 74, ""first_total_tokens"": 4418, ""input_tokens"": 4344, ""output_tokens"": 74, ""parse_ms"": 0.123, ""planner_total_ms"": 9184.542, ""prompt_build_ms"": 0.594, ""retry_count"": 0, ""retry_reason"": """", ""total_tokens"": 4418}, ""action"": ""migration_advisor"", ""action_input"": {""finish_after_tool"": true, ""use_image"": true, ""use_visual_probe"": true, ""user_query"": ""流域梯级调度闸站回执分支终签5437号""}, ""clarification_question"": """", ""decision_type"": ""tool"", ""end_reason"": """", ""final_answer"": """", ""thought"": ""最新状态未满足结束或重试条件，需要进入能力迁移评估。""}]",,6660.15,6645.288,4032,51,1,1,True,False
PROMV12-TB-004-REX-CS2,current_success_step2,读取这次机器状态并选择唯一动作：先使用Rex-Omni检测附件中的金橙五星复检片，检测结果仅作为中间状态。最终需要判断碳化硅陶瓷烧结台回执分支终签7625号应继续现有能力、结束，还是进入迁移评估。自然语言里的故障等级和预算描述没有路由优先级，只读取本 query 最新 observation 的结构化键值。错误状态仅在 retryable=true 与 retry_count=0 同时成立时复用原检测器一次，否则调用迁移顾问。正常状态需要候选数、置信度、跨提示一致性和域偏移四个门槛全部通过才结束，任一否决项都转迁移。缺省、非法、冲突状态采取保守分支；已经重试一次的结果不能再次触发检测器。检测器必须设置 finish_after_tool=false；迁移顾问使用当前图片和视觉探针并设置 finish_after_tool=true。,True,examples/images/planner_retry_optimizer_matched_v12/goldorange_five_star_recheck.png,"[{""action"": ""rexomni_detection"", ""arg_contains"": {""label"": [""金橙五星复检片""]}, ""decision_type"": ""tool"", ""required_args"": {""finish_after_tool"": false}}, {""arg_contains"": {}, ""decision_type"": ""end"", ""required_args"": {""end_reason"": ""memory_hit""}}]","[""rag_answer"", ""re_question"", ""answerer"", ""flux-image-generation"", ""qwen_detection"", ""pipeline_eval"", ""migration_advisor""]","{""action_match"": 0.65, ""argument_match"": 0.1, ""decision_type_valid"": 0.03, ""final_tool_finish"": 0.1, ""finish_after_tool"": 0.1, ""json_valid"": 0.02, ""no_forbidden_action"": 0.1, ""no_premature_stop"": 0.1, ""no_repeated_tool"": 0.1, ""no_skip_required_probe"": 0.1, ""strict_action_match"": true, ""strict_argument_types"": true, ""wrong_action_cap"": 0.2}",True,1.0,"[""rexomni_detection"", ""final_answer""]",rexomni_detection,"[{""_planner_metrics"": {""api_call_ms"": 6417.324, ""first_api_call_ms"": 6417.324, ""first_finish_reason"": ""stop"", ""first_input_tokens"": 4020, ""first_output_tokens"": 50, ""first_total_tokens"": 4070, ""input_tokens"": 4020, ""output_tokens"": 50, ""parse_ms"": 0.106, ""planner_total_ms"": 6429.443, ""prompt_build_ms"": 0.357, ""retry_count"": 0, ""retry_reason"": """", ""total_tokens"": 4070}, ""action"": ""rexomni_detection"", ""action_input"": {""finish_after_tool"": false, ""label"": ""金橙五星复检片""}, ""clarification_question"": """", ""decision_type"": ""tool"", ""end_reason"": """", ""final_answer"": """", ""thought"": ""先执行用户指定的检测器以取得当前结构化状态。""}, {""_planner_metrics"": {""api_call_ms"": 4965.495, ""first_api_call_ms"": 4965.495, ""first_finish_reason"": ""stop"", ""first_input_tokens"": 4321, ""first_output_tokens"": 34, ""first_total_tokens"": 4355, ""input_tokens"": 4321, ""output_tokens"": 34, ""parse_ms"": 0.098, ""planner_total_ms"": 4979.194, ""prompt_build_ms"": 0.462, ""retry_count"": 0, ""retry_reason"": """", ""total_tokens"": 4355}, ""action"": ""final_answer"", ""action_input"": {}, ""clarification_question"": """", ""decision_type"": ""end"", ""end_reason"": ""memory_hit"", ""final_answer"": """", ""thought"": ""最新结构化状态已满足全部硬门槛，可以结束本轮规划。""}]",,6429.443,6417.324,4020,50,1,1,True,False
PROMV12-TB-006-QWEN-CS2,current_success_step2,历史文字可能误导，本轮以后写入的 observation 为准：先使用Qwen检测附件中的玄铜弧顶缓冲座，检测结果仅作为中间状态。最终需要判断林区无人机补给舱异常额度会核9970号应继续现有能力、结束，还是进入迁移评估。自然语言里的故障等级和预算描述没有路由优先级，只读取本 query 最新 observation 的结构化键值。错误状态仅在 retryable=true 与 retry_count=0 同时成立时复用原检测器一次，否则调用迁移顾问。正常状态需要候选数、置信度、跨提示一致性和域偏移四个门槛全部通过才结束，任一否决项都转迁移。缺省、非法、冲突状态采取保守分支；已经重试一次的结果不能再次触发检测器。检测器必须设置 finish_after_tool=false；迁移顾问使用当前图片和视觉探针并设置 finish_after_tool=true。,True,examples/images/planner_retry_optimizer_matched_v12/darkbronze_arch_buffer.png,"[{""action"": ""qwen_detection"", ""arg_contains"": {""label"": [""玄铜弧顶缓冲座""]}, ""decision_type"": ""tool"", ""required_args"": {""finish_after_tool"": false}}, {""arg_contains"": {}, ""decision_type"": ""end"", ""required_args"": {""end_reason"": ""memory_hit""}}]","[""rag_answer"", ""re_question"", ""answerer"", ""flux-image-generation"", ""rexomni_detection"", ""pipeline_eval"", ""migration_advisor""]","{""action_match"": 0.65, ""argument_match"": 0.1, ""decision_type_valid"": 0.03, ""final_tool_finish"": 0.1, ""finish_after_tool"": 0.1, ""json_valid"": 0.02, ""no_forbidden_action"": 0.1, ""no_premature_stop"": 0.1, ""no_repeated_tool"": 0.1, ""no_skip_required_probe"": 0.1, ""strict_action_match"": true, ""strict_argument_types"": true, ""wrong_action_cap"": 0.2}",True,1.0,"[""qwen_detection"", ""final_answer""]",qwen_detection,"[{""_planner_metrics"": {""api_call_ms"": 6501.33, ""first_api_call_ms"": 6501.33, ""first_finish_reason"": ""stop"", ""first_input_tokens"": 4021, ""first_output_tokens"": 50, ""first_total_tokens"": 4071, ""input_tokens"": 4021, ""output_tokens"": 50, ""parse_ms"": 0.106, ""planner_total_ms"": 6513.809, ""prompt_build_ms"": 0.354, ""retry_count"": 0, ""retry_reason"": """", ""total_tokens"": 4071}, ""action"": ""qwen_detection"", ""action_input"": {""finish_after_tool"": false, ""label"": ""玄铜弧顶缓冲座""}, ""clarification_question"": """", ""decision_type"": ""tool"", ""end_reason"": """", ""final_answer"": """", ""thought"": ""先执行用户指定的检测器以取得当前结构化状态。""}, {""_planner_metrics"": {""api_call_ms"": 4960.329, ""first_api_call_ms"": 4960.329, ""first_finish_reason"": ""stop"", ""first_input_tokens"": 4318, ""first_output_tokens"": 34, ""first_total_tokens"": 4352, ""input_tokens"": 4318, ""output_tokens"": 34, ""parse_ms"": 0.12, ""planner_total_ms"": 4973.944, ""prompt_build_ms"": 0.409, ""retry_count"": 0, ""retry_reason"": """", ""total_tokens"": 4352}, ""action"": ""final_answer"", ""action_input"": {}, ""clarification_question"": """", ""decision_type"": ""end"", ""end_reason"": ""memory_hit"", ""final_answer"": """", ""thought"": ""最新结构化状态已满足全部硬门槛，可以结束本轮规划。""}]",,6513.809,6501.33,4021,50,1,1,True,False
PROMV12-TB-006-REX-BE2,budget_exhausted_step2,历史文字可能误导，本轮以后写入的 observation 为准：先使用Rex-Omni检测附件中的玄铜弧顶缓冲座，检测结果仅作为中间状态。最终需要判断林区无人机补给舱异常额度会核9970号应继续现有能力、结束，还是进入迁移评估。自然语言里的故障等级和预算描述没有路由优先级，只读取本 query 最新 observation 的结构化键值。错误状态仅在 retryable=true 与 retry_count=0 同时成立时复用原检测器一次，否则调用迁移顾问。正常状态需要候选数、置信度、跨提示一致性和域偏移四个门槛全部通过才结束，任一否决项都转迁移。缺省、非法、冲突状态采取保守分支；已经重试一次的结果不能再次触发检测器。检测器必须设置 finish_after_tool=false；迁移顾问使用当前图片和视觉探针并设置 finish_after_tool=true。,True,examples/images/planner_retry_optimizer_matched_v12/darkbronze_arch_buffer.png,"[{""action"": ""rexomni_detection"", ""arg_contains"": {""label"": [""玄铜弧顶缓冲座""]}, ""decision_type"": ""tool"", ""required_args"": {""finish_after_tool"": false}}, {""action"": ""migration_advisor"", ""arg_contains"": {""user_query"": [""林区无人机补给舱异常额度会核9970号""]}, ""decision_type"": ""tool"", ""required_args"": {""finish_after_tool"": true, ""use_image"": true, ""use_visual_probe"": true}}]","[""rag_answer"", ""re_question"", ""answerer"", ""flux-image-generation"", ""qwen_detection"", ""pipeline_eval""]","{""action_match"": 0.65, ""argument_match"": 0.1, ""decision_type_valid"": 0.03, ""final_tool_finish"": 0.1, ""finish_after_tool"": 0.1, ""json_valid"": 0.02, ""no_forbidden_action"": 0.1, ""no_premature_stop"": 0.1, ""no_repeated_tool"": 0.1, ""no_skip_required_probe"": 0.1, ""strict_action_match"": true, ""strict_argument_types"": true, ""wrong_action_cap"": 0.2}",True,1.0,"[""rexomni_detection"", ""migration_advisor""]",rexomni_detection,"[{""_planner_metrics"": {""api_call_ms"": 6535.124, ""first_api_call_ms"": 6535.124, ""first_finish_reason"": ""stop"", ""first_input_tokens"": 4030, ""first_output_tokens"": 51, ""first_total_tokens"": 4081, ""input_tokens"": 4030, ""output_tokens"": 51, ""parse_ms"": 0.109, ""planner_total_ms"": 6548.549, ""prompt_build_ms"": 0.436, ""retry_count"": 0, ""retry_reason"": """", ""total_tokens"": 4081}, ""action"": ""rexomni_detection"", ""action_input"": {""finish_after_tool"": false, ""label"": ""玄铜弧顶缓冲座""}, ""clarification_question"": """", ""decision_type"": ""tool"", ""end_reason"": """", ""final_answer"": """", ""thought"": ""先执行用户指定的检测器以取得当前结构化状态。""}, {""_planner_metrics"": {""api_call_ms"": 8853.841, ""first_api_call_ms"": 8853.841, ""first_finish_reason"": ""stop"", ""first_input_tokens"": 4335, ""first_output_tokens"": 72, ""first_total_tokens"": 4407, ""input_tokens"": 4335, ""output_tokens"": 72, ""parse_ms"": 0.158, ""planner_total_ms"": 8867.266, ""prompt_build_ms"": 0.394, ""retry_count"": 0, ""retry_reason"": """", ""total_tokens"": 4407}, ""action"": ""migration_advisor"", ""action_input"": {""finish_after_tool"": true, ""use_image"": true, ""use_visual_probe"": true, ""user_query"": ""林区无人机补给舱异常额度会核9970号""}, ""clarification_question"": """", ""decision_type"": ""tool"", ""end_reason"": """", ""final_answer"": """", ""thought"": ""最新状态未满足结束或重试条件，需要进入能力迁移评估。""}]",,6548.549,6535.124,4030,51,1,1,True,False
PROMV12-TB-012-REX-BE2,budget_exhausted_step2,读取这次机器状态并选择唯一动作：先使用Rex-Omni检测附件中的金橙五星复检片，检测结果仅作为中间状态。最终需要判断甚低频射电阵列回执分支终签3879号应继续现有能力、结束，还是进入迁移评估。自然语言里的故障等级和预算描述没有路由优先级，只读取本 query 最新 observation 的结构化键值。错误状态仅在 retryable=true 与 retry_count=0 同时成立时复用原检测器一次，否则调用迁移顾问。正常状态需要候选数、置信度、跨提示一致性和域偏移四个门槛全部通过才结束，任一否决项都转迁移。缺省、非法、冲突状态采取保守分支；已经重试一次的结果不能再次触发检测器。检测器必须设置 finish_after_tool=false；迁移顾问使用当前图片和视觉探针并设置 finish_after_tool=true。,True,examples/images/planner_retry_optimizer_matched_v12/goldorange_five_star_recheck.png,"[{""action"": ""rexomni_detection"", ""arg_contains"": {""label"": [""金橙五星复检片""]}, ""decision_type"": ""tool"", ""required_args"": {""finish_after_tool"": false}}, {""action"": ""migration_advisor"", ""arg_contains"": {""user_query"": [""甚低频射电阵列回执分支终签3879号""]}, ""decision_type"": ""tool"", ""required_args"": {""finish_after_tool"": true, ""use_image"": true, ""use_visual_probe"": true}}]","[""rag_answer"", ""re_question"", ""answerer"", ""flux-image-generation"", ""qwen_detection"", ""pipeline_eval""]","{""action_match"": 0.65, ""argument_match"": 0.1, ""decision_type_valid"": 0.03, ""final_tool_finish"": 0.1, ""finish_after_tool"": 0.1, ""json_valid"": 0.02, ""no_forbidden_action"": 0.1, ""no_premature_stop"": 0.1, ""no_repeated_tool"": 0.1, ""no_skip_required_probe"": 0.1, ""strict_action_match"": true, ""strict_argument_types"": true, ""wrong_action_cap"": 0.2}",True,1.0,"[""rexomni_detection"", ""migration_advisor""]",rexomni_detection,"[{""_planner_metrics"": {""api_call_ms"": 6438.865, ""first_api_call_ms"": 6438.865, ""first_finish_reason"": ""stop"", ""first_input_tokens"": 4023, ""first_output_tokens"": 50, ""first_total_tokens"": 4073, ""input_tokens"": 4023, ""output_tokens"": 50, ""parse_ms"": 0.271, ""planner_total_ms"": 6452.709, ""prompt_build_ms"": 0.377, ""retry_count"": 0, ""retry_reason"": """", ""total_tokens"": 4073}, ""action"": ""rexomni_detection"", ""action_input"": {""finish_after_tool"": false, ""label"": ""金橙五星复检片""}, ""clarification_question"": """", ""decision_type"": ""tool"", ""end_reason"": """", ""final_answer"": """", ""thought"": ""先执行用户指定的检测器以取得当前结构化状态。""}, {""_planner_metrics"": {""api_call_ms"": 9016.718, ""first_api_call_ms"": 9016.718, ""first_finish_reason"": ""stop"", ""first_input_tokens"": 4332, ""first_output_tokens"": 73, ""first_total_tokens"": 4405, ""input_tokens"": 4332, ""output_tokens"": 73, ""parse_ms"": 0.153, ""planner_total_ms"": 9031.465, ""prompt_build_ms"": 0.562, ""retry_count"": 0, ""retry_reason"": """", ""total_tokens"": 4405}, ""action"": ""migration_advisor"", ""action_input"": {""finish_after_tool"": true, ""use_image"": true, ""use_visual_probe"": true, ""user_query"": ""甚低频射电阵列回执分支终签3879号""}, ""clarification_question"": """", ""decision_type"": ""tool"", ""end_reason"": """", ""final_answer"": """", ""thought"": ""最新状态未满足结束或重试条件，需要进入能力迁移评估。""}]",,6452.709,6438.865,4023,50,1,1,True,False
PROMV12-TB-007-QWEN-NR2,nonretryable_step2,失联背景和当前预算并存时只使用显式字段：先使用Qwen检测附件中的玄铜弧顶缓冲座，检测结果仅作为中间状态。最终需要判断碳化硅陶瓷烧结台探针恢复复议4867号应继续现有能力、结束，还是进入迁移评估。自然语言里的故障等级和预算描述没有路由优先级，只读取本 query 最新 observation 的结构化键值。错误状态仅在 retryable=true 与 retry_count=0 同时成立时复用原检测器一次，否则调用迁移顾问。正常状态需要候选数、置信度、跨提示一致性和域偏移四个门槛全部通过才结束，任一否决项都转迁移。缺省、非法、冲突状态采取保守分支；已经重试一次的结果不能再次触发检测器。检测器必须设置 finish_after_tool=false；迁移顾问使用当前图片和视觉探针并设置 finish_after_tool=true。,True,examples/images/planner_retry_optimizer_matched_v12/darkbronze_arch_buffer.png,"[{""action"": ""qwen_detection"", ""arg_contains"": {""label"": [""玄铜弧顶缓冲座""]}, ""decision_type"": ""tool"", ""required_args"": {""finish_after_tool"": false}}, {""action"": ""migration_advisor"", ""arg_contains"": {""user_query"": [""碳化硅陶瓷烧结台探针恢复复议4867号""]}, ""decision_type"": ""tool"", ""required_args"": {""finish_after_tool"": true, ""use_image"": true, ""use_visual_probe"": true}}]","[""rag_answer"", ""re_question"", ""answerer"", ""flux-image-generation"", ""rexomni_detection"", ""pipeline_eval""]","{""action_match"": 0.65, ""argument_match"": 0.1, ""decision_type_valid"": 0.03, ""final_tool_finish"": 0.1, ""finish_after_tool"": 0.1, ""json_valid"": 0.02, ""no_forbidden_action"": 0.1, ""no_premature_stop"": 0.1, ""no_repeated_tool"": 0.1, ""no_skip_required_probe"": 0.1, ""strict_action_match"": true, ""strict_argument_types"": true, ""wrong_action_cap"": 0.2}",False,0.586957,"[""qwen_detection"", ""qwen_detection""]",qwen_detection,"[{""_planner_metrics"": {""api_call_ms"": 6480.06, ""first_api_call_ms"": 6480.06, ""first_finish_reason"": ""stop"", ""first_input_tokens"": 4022, ""first_output_tokens"": 50, ""first_total_tokens"": 4072, ""input_tokens"": 4022, ""output_tokens"": 50, ""parse_ms"": 0.139, ""planner_total_ms"": 6495.087, ""prompt_build_ms"": 0.381, ""retry_count"": 0, ""retry_reason"": """", ""total_tokens"": 4072}, ""action"": ""qwen_detection"", ""action_input"": {""finish_after_tool"": false, ""label"": ""玄铜弧顶缓冲座""}, ""clarification_question"": """", ""decision_type"": ""tool"", ""end_reason"": """", ""final_answer"": """", ""thought"": ""先执行用户指定的检测器以取得当前结构化状态。""}, {""_planner_metrics"": {""api_call_ms"": 7125.077, ""first_api_call_ms"": 7125.077, ""first_finish_reason"": ""stop"", ""first_input_tokens"": 4327, ""first_output_tokens"": 55, ""first_total_tokens"": 4382, ""input_tokens"": 4327, ""output_tokens"": 55, ""parse_ms"": 0.108, ""planner_total_ms"": 7138.699, ""prompt_build_ms"": 0.431, ""retry_count"": 0, ""retry_reason"": """", ""total_tokens"": 4382}, ""action"": ""qwen_detection"", ""action_input"": {""finish_after_tool"": false, ""label"": ""玄铜弧顶缓冲座""}, ""clarification_question"": """", ""decision_type"": ""tool"", ""end_reason"": """", ""final_answer"": """", ""thought"": ""最新状态未满足结束或迁移条件，需要继续检测以更新结构化信息。""}]","step2:action expected 'migration_advisor', got 'qwen_detection' | step2:finish_after_tool expected True, got False | step2:arg 'use_image' expected True, got None | step2:arg 'use_visual_probe' expected True, got None | step2:arg 'user_query' expected to contain ['碳化硅陶瓷烧结台探针恢复复议4867号'], got None",6495.087,6480.06,4022,50,0,1,False,True
PROMV12-TB-002-REX-MS2,missing_required_state_step2,能力迁移已候场，先核验最新探针回执：先使用Rex-Omni检测附件中的金橙五星复检片，检测结果仅作为中间状态。最终需要判断甚低频射电阵列探针恢复复议3574号应继续现有能力、结束，还是进入迁移评估。自然语言里的故障等级和预算描述没有路由优先级，只读取本 query 最新 observation 的结构化键值。错误状态仅在 retryable=true 与 retry_count=0 同时成立时复用原检测器一次，否则调用迁移顾问。正常状态需要候选数、置信度、跨提示一致性和域偏移四个门槛全部通过才结束，任一否决项都转迁移。缺省、非法、冲突状态采取保守分支；已经重试一次的结果不能再次触发检测器。检测器必须设置 finish_after_tool=false；迁移顾问使用当前图片和视觉探针并设置 finish_after_tool=true。,True,examples/images/planner_retry_optimizer_matched_v12/goldorange_five_star_recheck.png,"[{""action"": ""rexomni_detection"", ""arg_contains"": {""label"": [""金橙五星复检片""]}, ""decision_type"": ""tool"", ""required_args"": {""finish_after_tool"": false}}, {""action"": ""migration_advisor"", ""arg_contains"": {""user_query"": [""甚低频射电阵列探针恢复复议3574号""]}, ""decision_type"": ""tool"", ""required_args"": {""finish_after_tool"": true, ""use_image"": true, ""use_visual_probe"": true}}]","[""rag_answer"", ""re_question"", ""answerer"", ""flux-image-generation"", ""qwen_detection"", ""pipeline_eval""]","{""action_match"": 0.65, ""argument_match"": 0.1, ""decision_type_valid"": 0.03, ""final_tool_finish"": 0.1, ""finish_after_tool"": 0.1, ""json_valid"": 0.02, ""no_forbidden_action"": 0.1, ""no_premature_stop"": 0.1, ""no_repeated_tool"": 0.1, ""no_skip_required_probe"": 0.1, ""strict_action_match"": true, ""strict_argument_types"": true, ""wrong_action_cap"": 0.2}",True,1.0,"[""rexomni_detection"", ""migration_advisor""]",rexomni_detection,"[{""_planner_metrics"": {""api_call_ms"": 6504.267, ""first_api_call_ms"": 6504.267, ""first_finish_reason"": ""stop"", ""first_input_tokens"": 4027, ""first_output_tokens"": 50, ""first_total_tokens"": 4077, ""input_tokens"": 4027, ""output_tokens"": 50, ""parse_ms"": 0.108, ""planner_total_ms"": 6517.19, ""prompt_build_ms"": 0.374, ""retry_count"": 0, ""retry_reason"": """", ""total_tokens"": 4077}, ""action"": ""rexomni_detection"", ""action_input"": {""finish_after_tool"": false, ""label"": ""金橙五星复检片""}, ""clarification_question"": """", ""decision_type"": ""tool"", ""end_reason"": """", ""final_answer"": """", ""thought"": ""先执行用户指定的检测器以取得当前结构化状态。""}, {""_planner_metrics"": {""api_call_ms"": 8899.885, ""first_api_call_ms"": 8899.885, ""first_finish_reason"": ""stop"", ""first_input_tokens"": 4332, ""first_output_tokens"": 72, ""first_total_tokens"": 4404, ""input_tokens"": 4332, ""output_tokens"": 72, ""parse_ms"": 0.125, ""planner_total_ms"": 8913.583, ""prompt_build_ms"": 0.413, ""retry_count"": 0, ""retry_reason"": """", ""total_tokens"": 4404}, ""action"": ""migration_advisor"", ""action_input"": {""finish_after_tool"": true, ""use_image"": true, ""use_visual_probe"": true, ""user_query"": ""甚低频射电阵列探针恢复复议3574号""}, ""clarification_question"": """", ""decision_type"": ""tool"", ""end_reason"": """", ""final_answer"": """", ""thought"": ""最新状态未满足结束或重试条件，需要进入能力迁移评估。""}]",,6517.19,6504.267,4027,50,1,1,True,False
PROMV12-TB-010-REX-PE3,post_retry_error_step3,失联背景和当前预算并存时只使用显式字段：先使用Rex-Omni检测附件中的玄铜弧顶缓冲座，检测结果仅作为中间状态。最终需要判断流域梯级调度闸站回执分支终签5437号应继续现有能力、结束，还是进入迁移评估。自然语言里的故障等级和预算描述没有路由优先级，只读取本 query 最新 observation 的结构化键值。错误状态仅在 retryable=true 与 retry_count=0 同时成立时复用原检测器一次，否则调用迁移顾问。正常状态需要候选数、置信度、跨提示一致性和域偏移四个门槛全部通过才结束，任一否决项都转迁移。缺省、非法、冲突状态采取保守分支；已经重试一次的结果不能再次触发检测器。检测器必须设置 finish_after_tool=false；迁移顾问使用当前图片和视觉探针并设置 finish_after_tool=true。,True,examples/images/planner_retry_optimizer_matched_v12/darkbronze_arch_buffer.png,"[{""action"": ""rexomni_detection"", ""arg_contains"": {""label"": [""玄铜弧顶缓冲座""]}, ""decision_type"": ""tool"", ""required_args"": {""finish_after_tool"": false}}, {""action"": ""rexomni_detection"", ""arg_contains"": {""label"": [""玄铜弧顶缓冲座""]}, ""decision_type"": ""tool"", ""required_args"": {""finish_after_tool"": false}}, {""action"": ""migration_advisor"", ""arg_contains"": {""user_query"": [""流域梯级调度闸站回执分支终签5437号""]}, ""decision_type"": ""tool"", ""required_args"": {""finish_after_tool"": true, ""use_image"": true, ""use_visual_probe"": true}}]","[""rag_answer"", ""re_question"", ""answerer"", ""flux-image-generation"", ""qwen_detection"", ""pipeline_eval""]","{""action_match"": 0.65, ""argument_match"": 0.1, ""decision_type_valid"": 0.03, ""final_tool_finish"": 0.1, ""finish_after_tool"": 0.1, ""json_valid"": 0.02, ""no_forbidden_action"": 0.1, ""no_premature_stop"": 0.1, ""no_repeated_tool"": 0.1, ""no_skip_required_probe"": 0.1, ""strict_action_match"": true, ""strict_argument_types"": true, ""wrong_action_cap"": 0.2}",False,0.703125,"[""rexomni_detection"", ""migration_advisor"", ""migration_advisor""]",rexomni_detection,"[{""_planner_metrics"": {""api_call_ms"": 6497.995, ""first_api_call_ms"": 6497.995, ""first_finish_reason"": ""stop"", ""first_input_tokens"": 4032, ""first_output_tokens"": 51, ""first_total_tokens"": 4083, ""input_tokens"": 4032, ""output_tokens"": 51, ""parse_ms"": 0.113, ""planner_total_ms"": 6510.751, ""prompt_build_ms"": 0.375, ""retry_count"": 0, ""retry_reason"": """", ""total_tokens"": 4083}, ""action"": ""rexomni_detection"", ""action_input"": {""finish_after_tool"": false, ""label"": ""玄铜弧顶缓冲座""}, ""clarification_question"": """", ""decision_type"": ""tool"", ""end_reason"": """", ""final_answer"": """", ""thought"": ""先执行用户指定的检测器以取得当前结构化状态。""}, {""_planner_metrics"": {""api_call_ms"": 9142.695, ""first_api_call_ms"": 9142.695, ""first_finish_reason"": ""stop"", ""first_input_tokens"": 4345, ""first_output_tokens"": 74, ""first_total_tokens"": 4419, ""input_tokens"": 4345, ""output_tokens"": 74, ""parse_ms"": 0.146, ""planner_total_ms"": 9156.643, ""prompt_build_ms"": 0.39, ""retry_count"": 0, ""retry_reason"": """", ""total_tokens"": 4419}, ""action"": ""migration_advisor"", ""action_input"": {""finish_after_tool"": true, ""use_image"": true, ""use_visual_probe"": true, ""user_query"": ""流域梯级调度闸站回执分支终签5437号""}, ""clarification_question"": """", ""decision_type"": ""tool"", ""end_reason"": """", ""final_answer"": """", ""thought"": ""最新状态未满足结束或重试条件，需要进入能力迁移评估。""}, {""_planner_metrics"": {""api_call_ms"": 9265.718, ""first_api_call_ms"": 9265.718, ""first_finish_reason"": ""stop"", ""first_input_tokens"": 4683, ""first_output_tokens"": 74, ""first_total_tokens"": 4757, ""input_tokens"": 4683, ""output_tokens"": 74, ""parse_ms"": 0.203, ""planner_total_ms"": 9281.628, ""prompt_build_ms"": 0.45, ""retry_count"": 0, ""retry_reason"": """", ""total_tokens"": 4757}, ""action"": ""migration_advisor"", ""action_input"": {""finish_after_tool"": true, ""use_image"": true, ""use_visual_probe"": true, ""user_query"": ""流域梯级调度闸站回执分支终签5437号""}, ""clarification_question"": """", ""decision_type"": ""tool"", ""end_reason"": """", ""final_answer"": """", ""thought"": ""最新状态未满足结束或重试条件，需要进入能力迁移评估。""}]","step2:action expected 'rexomni_detection', got 'migration_advisor' | step2:finish_after_tool expected False, got True | step2:arg 'label' expected to contain ['玄铜弧顶缓冲座'], got None",6510.751,6497.995,4032,51,0,1,False,True
PROMV12-TB-011-REX-NR2,nonretryable_step2,历史文字可能误导，本轮以后写入的 observation 为准：先使用Rex-Omni检测附件中的金橙五星复检片，检测结果仅作为中间状态。最终需要判断甚低频射电阵列异常额度会核5850号应继续现有能力、结束，还是进入迁移评估。自然语言里的故障等级和预算描述没有路由优先级，只读取本 query 最新 observation 的结构化键值。错误状态仅在 retryable=true 与 retry_count=0 同时成立时复用原检测器一次，否则调用迁移顾问。正常状态需要候选数、置信度、跨提示一致性和域偏移四个门槛全部通过才结束，任一否决项都转迁移。缺省、非法、冲突状态采取保守分支；已经重试一次的结果不能再次触发检测器。检测器必须设置 finish_after_tool=false；迁移顾问使用当前图片和视觉探针并设置 finish_after_tool=true。,True,examples/images/planner_retry_optimizer_matched_v12/goldorange_five_star_recheck.png,"[{""action"": ""rexomni_detection"", ""arg_contains"": {""label"": [""金橙五星复检片""]}, ""decision_type"": ""tool"", ""required_args"": {""finish_after_tool"": false}}, {""action"": ""migration_advisor"", ""arg_contains"": {""user_query"": [""甚低频射电阵列异常额度会核5850号""]}, ""decision_type"": ""tool"", ""required_args"": {""finish_after_tool"": true, ""use_image"": true, ""use_visual_probe"": true}}]","[""rag_answer"", ""re_question"", ""answerer"", ""flux-image-generation"", ""qwen_detection"", ""pipeline_eval""]","{""action_match"": 0.65, ""argument_match"": 0.1, ""decision_type_valid"": 0.03, ""final_tool_finish"": 0.1, ""finish_after_tool"": 0.1, ""json_valid"": 0.02, ""no_forbidden_action"": 0.1, ""no_premature_stop"": 0.1, ""no_repeated_tool"": 0.1, ""no_skip_required_probe"": 0.1, ""strict_action_match"": true, ""strict_argument_types"": true, ""wrong_action_cap"": 0.2}",True,1.0,"[""rexomni_detection"", ""migration_advisor""]",rexomni_detection,"[{""_planner_metrics"": {""api_call_ms"": 6507.983, ""first_api_call_ms"": 6507.983, ""first_finish_reason"": ""stop"", ""first_input_tokens"": 4031, ""first_output_tokens"": 50, ""first_total_tokens"": 4081, ""input_tokens"": 4031, ""output_tokens"": 50, ""parse_ms"": 0.156, ""planner_total_ms"": 6522.161, ""prompt_build_ms"": 0.422, ""retry_count"": 0, ""retry_reason"": """", ""total_tokens"": 4081}, ""action"": ""rexomni_detection"", ""action_input"": {""finish_after_tool"": false, ""label"": ""金橙五星复检片""}, ""clarification_question"": """", ""decision_type"": ""tool"", ""end_reason"": """", ""final_answer"": """", ""thought"": ""先执行用户指定的检测器以取得当前结构化状态。""}, {""_planner_metrics"": {""api_call_ms"": 9052.854, ""first_api_call_ms"": 9052.854, ""first_finish_reason"": ""stop"", ""first_input_tokens"": 4343, ""first_output_tokens"": 73, ""first_total_tokens"": 4416, ""input_tokens"": 4343, ""output_tokens"": 73, ""parse_ms"": 0.164, ""planner_total_ms"": 9068.228, ""prompt_build_ms"": 0.427, ""retry_count"": 0, ""retry_reason"": """", ""total_tokens"": 4416}, ""action"": ""migration_advisor"", ""action_input"": {""finish_after_tool"": true, ""use_image"": true, ""use_visual_probe"": true, ""user_query"": ""甚低频射电阵列异常额度会核5850号""}, ""clarification_question"": """", ""decision_type"": ""tool"", ""end_reason"": """", ""final_answer"": """", ""thought"": ""最新状态未满足结束或重试条件，需要进入能力迁移评估。""}]",,6522.161,6507.983,4031,50,1,1,True,False
PROMV12-TB-002-QWEN-MS2,missing_required_state_step2,能力迁移已候场，先核验最新探针回执：先使用Qwen检测附件中的金橙五星复检片，检测结果仅作为中间状态。最终需要判断甚低频射电阵列探针恢复复议3574号应继续现有能力、结束，还是进入迁移评估。自然语言里的故障等级和预算描述没有路由优先级，只读取本 query 最新 observation 的结构化键值。错误状态仅在 retryable=true 与 retry_count=0 同时成立时复用原检测器一次，否则调用迁移顾问。正常状态需要候选数、置信度、跨提示一致性和域偏移四个门槛全部通过才结束，任一否决项都转迁移。缺省、非法、冲突状态采取保守分支；已经重试一次的结果不能再次触发检测器。检测器必须设置 finish_after_tool=false；迁移顾问使用当前图片和视觉探针并设置 finish_after_tool=true。,True,examples/images/planner_retry_optimizer_matched_v12/goldorange_five_star_recheck.png,"[{""action"": ""qwen_detection"", ""arg_contains"": {""label"": [""金橙五星复检片""]}, ""decision_type"": ""tool"", ""required_args"": {""finish_after_tool"": false}}, {""action"": ""migration_advisor"", ""arg_contains"": {""user_query"": [""甚低频射电阵列探针恢复复议3574号""]}, ""decision_type"": ""tool"", ""required_args"": {""finish_after_tool"": true, ""use_image"": true, ""use_visual_probe"": true}}]","[""rag_answer"", ""re_question"", ""answerer"", ""flux-image-generation"", ""rexomni_detection"", ""pipeline_eval""]","{""action_match"": 0.65, ""argument_match"": 0.1, ""decision_type_valid"": 0.03, ""final_tool_finish"": 0.1, ""finish_after_tool"": 0.1, ""json_valid"": 0.02, ""no_forbidden_action"": 0.1, ""no_premature_stop"": 0.1, ""no_repeated_tool"": 0.1, ""no_skip_required_probe"": 0.1, ""strict_action_match"": true, ""strict_argument_types"": true, ""wrong_action_cap"": 0.2}",True,1.0,"[""qwen_detection"", ""migration_advisor""]",qwen_detection,"[{""_planner_metrics"": {""api_call_ms"": 6336.512, ""first_api_call_ms"": 6336.512, ""first_finish_reason"": ""stop"", ""first_input_tokens"": 4021, ""first_output_tokens"": 49, ""first_total_tokens"": 4070, ""input_tokens"": 4021, ""output_tokens"": 49, ""parse_ms"": 0.134, ""planner_total_ms"": 6349.279, ""prompt_build_ms"": 0.383, ""retry_count"": 0, ""retry_reason"": """", ""total_tokens"": 4070}, ""action"": ""qwen_detection"", ""action_input"": {""finish_after_tool"": false, ""label"": ""金橙五星复检片""}, ""clarification_question"": """", ""decision_type"": ""tool"", ""end_reason"": """", ""final_answer"": """", ""thought"": ""先使用用户指定的检测器对当前图片进行探针。""}, {""_planner_metrics"": {""api_call_ms"": 8923.526, ""first_api_call_ms"": 8923.526, ""first_finish_reason"": ""stop"", ""first_input_tokens"": 4322, ""first_output_tokens"": 72, ""first_total_tokens"": 4394, ""input_tokens"": 4322, ""output_tokens"": 72, ""parse_ms"": 0.153, ""planner_total_ms"": 8937.448, ""prompt_build_ms"": 0.382, ""retry_count"": 0, ""retry_reason"": """", ""total_tokens"": 4394}, ""action"": ""migration_advisor"", ""action_input"": {""finish_after_tool"": true, ""use_image"": true, ""use_visual_probe"": true, ""user_query"": ""甚低频射电阵列探针恢复复议3574号""}, ""clarification_question"": """", ""decision_type"": ""tool"", ""end_reason"": """", ""final_answer"": """", ""thought"": ""最新状态未满足重试或结束条件，需要进入能力迁移评估。""}]",,6349.279,6336.512,4021,49,1,1,True,False
PROMV12-TB-011-REX-PV3,post_retry_metric_veto_step3,历史文字可能误导，本轮以后写入的 observation 为准：先使用Rex-Omni检测附件中的金橙五星复检片，检测结果仅作为中间状态。最终需要判断甚低频射电阵列异常额度会核5850号应继续现有能力、结束，还是进入迁移评估。自然语言里的故障等级和预算描述没有路由优先级，只读取本 query 最新 observation 的结构化键值。错误状态仅在 retryable=true 与 retry_count=0 同时成立时复用原检测器一次，否则调用迁移顾问。正常状态需要候选数、置信度、跨提示一致性和域偏移四个门槛全部通过才结束，任一否决项都转迁移。缺省、非法、冲突状态采取保守分支；已经重试一次的结果不能再次触发检测器。检测器必须设置 finish_after_tool=false；迁移顾问使用当前图片和视觉探针并设置 finish_after_tool=true。,True,examples/images/planner_retry_optimizer_matched_v12/goldorange_five_star_recheck.png,"[{""action"": ""rexomni_detection"", ""arg_contains"": {""label"": [""金橙五星复检片""]}, ""decision_type"": ""tool"", ""required_args"": {""finish_after_tool"": false}}, {""action"": ""rexomni_detection"", ""arg_contains"": {""label"": [""金橙五星复检片""]}, ""decision_type"": ""tool"", ""required_args"": {""finish_after_tool"": false}}, {""action"": ""migration_advisor"", ""arg_contains"": {""user_query"": [""甚低频射电阵列异常额度会核5850号""]}, ""decision_type"": ""tool"", ""required_args"": {""finish_after_tool"": true, ""use_image"": true, ""use_visual_probe"": true}}]","[""rag_answer"", ""re_question"", ""answerer"", ""flux-image-generation"", ""qwen_detection"", ""pipeline_eval""]","{""action_match"": 0.65, ""argument_match"": 0.1, ""decision_type_valid"": 0.03, ""final_tool_finish"": 0.1, ""finish_after_tool"": 0.1, ""json_valid"": 0.02, ""no_forbidden_action"": 0.1, ""no_premature_stop"": 0.1, ""no_repeated_tool"": 0.1, ""no_skip_required_probe"": 0.1, ""strict_action_match"": true, ""strict_argument_types"": true, ""wrong_action_cap"": 0.2}",True,1.0,"[""rexomni_detection"", ""rexomni_detection"", ""migration_advisor""]",rexomni_detection,"[{""_planner_metrics"": {""api_call_ms"": 6503.047, ""first_api_call_ms"": 6503.047, ""first_finish_reason"": ""stop"", ""first_input_tokens"": 4031, ""first_output_tokens"": 50, ""first_total_tokens"": 4081, ""input_tokens"": 4031, ""output_tokens"": 50, ""parse_ms"": 0.124, ""planner_total_ms"": 6516.124, ""prompt_build_ms"": 0.375, ""retry_count"": 0, ""retry_reason"": """", ""total_tokens"": 4081}, ""action"": ""rexomni_detection"", ""action_input"": {""finish_after_tool"": false, ""label"": ""金橙五星复检片""}, ""clarification_question"": """", ""decision_type"": ""tool"", ""end_reason"": """", ""final_answer"": """", ""thought"": ""先执行用户指定的检测器以取得当前结构化状态。""}, {""_planner_metrics"": {""api_call_ms"": 6807.998, ""first_api_call_ms"": 6807.998, ""first_finish_reason"": ""stop"", ""first_input_tokens"": 4342, ""first_output_tokens"": 52, ""first_total_tokens"": 4394, ""input_tokens"": 4342, ""output_tokens"": 52, ""parse_ms"": 0.149, ""planner_total_ms"": 6821.913, ""prompt_build_ms"": 0.434, ""retry_count"": 0, ""retry_reason"": """", ""total_tokens"": 4394}, ""action"": ""rexomni_detection"", ""action_input"": {""finish_after_tool"": false, ""label"": ""金橙五星复检片""}, ""clarification_question"": """", ""decision_type"": ""tool"", ""end_reason"": """", ""final_answer"": """", ""thought"": ""最新状态满足错误重试条件，需要再次使用同一检测器。""}, {""_planner_metrics"": {""api_call_ms"": 9201.398, ""first_api_call_ms"": 9201.398, ""first_finish_reason"": ""stop"", ""first_input_tokens"": 4646, ""first_output_tokens"": 73, ""first_total_tokens"": 4719, ""input_tokens"": 4646, ""output_tokens"": 73, ""parse_ms"": 0.171, ""planner_total_ms"": 9216.197, ""prompt_build_ms"": 0.447, ""retry_count"": 0, ""retry_reason"": """", ""total_tokens"": 4719}, ""action"": ""migration_advisor"", ""action_input"": {""finish_after_tool"": true, ""use_image"": true, ""use_visual_probe"": true, ""user_query"": ""甚低频射电阵列异常额度会核5850号""}, ""clarification_question"": """", ""decision_type"": ""tool"", ""end_reason"": """", ""final_answer"": """", ""thought"": ""最新状态未满足结束或重试条件，需要进入能力迁移评估。""}]",,6516.124,6503.047,4031,50,1,1,True,False
PROMV12-TB-008-REX-NR2,nonretryable_step2,能力迁移已候场，先核验最新探针回执：先使用Rex-Omni检测附件中的玄铜弧顶缓冲座，检测结果仅作为中间状态。最终需要判断流域梯级调度闸站探针恢复复议4894号应继续现有能力、结束，还是进入迁移评估。自然语言里的故障等级和预算描述没有路由优先级，只读取本 query 最新 observation 的结构化键值。错误状态仅在 retryable=true 与 retry_count=0 同时成立时复用原检测器一次，否则调用迁移顾问。正常状态需要候选数、置信度、跨提示一致性和域偏移四个门槛全部通过才结束，任一否决项都转迁移。缺省、非法、冲突状态采取保守分支；已经重试一次的结果不能再次触发检测器。检测器必须设置 finish_after_tool=false；迁移顾问使用当前图片和视觉探针并设置 finish_after_tool=true。,True,examples/images/planner_retry_optimizer_matched_v12/darkbronze_arch_buffer.png,"[{""action"": ""rexomni_detection"", ""arg_contains"": {""label"": [""玄铜弧顶缓冲座""]}, ""decision_type"": ""tool"", ""required_args"": {""finish_after_tool"": false}}, {""action"": ""migration_advisor"", ""arg_contains"": {""user_query"": [""流域梯级调度闸站探针恢复复议4894号""]}, ""decision_type"": ""tool"", ""required_args"": {""finish_after_tool"": true, ""use_image"": true, ""use_visual_probe"": true}}]","[""rag_answer"", ""re_question"", ""answerer"", ""flux-image-generation"", ""qwen_detection"", ""pipeline_eval""]","{""action_match"": 0.65, ""argument_match"": 0.1, ""decision_type_valid"": 0.03, ""final_tool_finish"": 0.1, ""finish_after_tool"": 0.1, ""json_valid"": 0.02, ""no_forbidden_action"": 0.1, ""no_premature_stop"": 0.1, ""no_repeated_tool"": 0.1, ""no_skip_required_probe"": 0.1, ""strict_action_match"": true, ""strict_argument_types"": true, ""wrong_action_cap"": 0.2}",True,1.0,"[""rexomni_detection"", ""migration_advisor""]",rexomni_detection,"[{""_planner_metrics"": {""api_call_ms"": 6548.696, ""first_api_call_ms"": 6548.696, ""first_finish_reason"": ""stop"", ""first_input_tokens"": 4030, ""first_output_tokens"": 51, ""first_total_tokens"": 4081, ""input_tokens"": 4030, ""output_tokens"": 51, ""parse_ms"": 0.122, ""planner_total_ms"": 6561.838, ""prompt_build_ms"": 0.361, ""retry_count"": 0, ""retry_reason"": """", ""total_tokens"": 4081}, ""action"": ""rexomni_detection"", ""action_input"": {""finish_after_tool"": false, ""label"": ""玄铜弧顶缓冲座""}, ""clarification_question"": """", ""decision_type"": ""tool"", ""end_reason"": """", ""final_answer"": """", ""thought"": ""先执行用户指定的检测器以取得当前结构化状态。""}, {""_planner_metrics"": {""api_call_ms"": 8966.678, ""first_api_call_ms"": 8966.678, ""first_finish_reason"": ""stop"", ""first_input_tokens"": 4340, ""first_output_tokens"": 73, ""first_total_tokens"": 4413, ""input_tokens"": 4340, ""output_tokens"": 73, ""parse_ms"": 0.139, ""planner_total_ms"": 8980.501, ""prompt_build_ms"": 0.397, ""retry_count"": 0, ""retry_reason"": """", ""total_tokens"": 4413}, ""action"": ""migration_advisor"", ""action_input"": {""finish_after_tool"": true, ""use_image"": true, ""use_visual_probe"": true, ""user_query"": ""流域梯级调度闸站探针恢复复议4894号""}, ""clarification_question"": """", ""decision_type"": ""tool"", ""end_reason"": """", ""final_answer"": """", ""thought"": ""最新状态未满足结束或重试条件，需要进入能力迁移评估。""}]",,6561.838,6548.696,4030,51,1,1,True,False
PROMV12-TB-005-QWEN-CS2,current_success_step2,历史文字可能误导，本轮以后写入的 observation 为准：先使用Qwen检测附件中的玄铜弧顶缓冲座，检测结果仅作为中间状态。最终需要判断流域梯级调度闸站异常额度会核2044号应继续现有能力、结束，还是进入迁移评估。自然语言里的故障等级和预算描述没有路由优先级，只读取本 query 最新 observation 的结构化键值。错误状态仅在 retryable=true 与 retry_count=0 同时成立时复用原检测器一次，否则调用迁移顾问。正常状态需要候选数、置信度、跨提示一致性和域偏移四个门槛全部通过才结束，任一否决项都转迁移。缺省、非法、冲突状态采取保守分支；已经重试一次的结果不能再次触发检测器。检测器必须设置 finish_after_tool=false；迁移顾问使用当前图片和视觉探针并设置 finish_after_tool=true。,True,examples/images/planner_retry_optimizer_matched_v12/darkbronze_arch_buffer.png,"[{""action"": ""qwen_detection"", ""arg_contains"": {""label"": [""玄铜弧顶缓冲座""]}, ""decision_type"": ""tool"", ""required_args"": {""finish_after_tool"": false}}, {""arg_contains"": {}, ""decision_type"": ""end"", ""required_args"": {""end_reason"": ""memory_hit""}}]","[""rag_answer"", ""re_question"", ""answerer"", ""flux-image-generation"", ""rexomni_detection"", ""pipeline_eval"", ""migration_advisor""]","{""action_match"": 0.65, ""argument_match"": 0.1, ""decision_type_valid"": 0.03, ""final_tool_finish"": 0.1, ""finish_after_tool"": 0.1, ""json_valid"": 0.02, ""no_forbidden_action"": 0.1, ""no_premature_stop"": 0.1, ""no_repeated_tool"": 0.1, ""no_skip_required_probe"": 0.1, ""strict_action_match"": true, ""strict_argument_types"": true, ""wrong_action_cap"": 0.2}",True,1.0,"[""qwen_detection"", ""final_answer""]",qwen_detection,"[{""_planner_metrics"": {""api_call_ms"": 6454.408, ""first_api_call_ms"": 6454.408, ""first_finish_reason"": ""stop"", ""first_input_tokens"": 4025, ""first_output_tokens"": 50, ""first_total_tokens"": 4075, ""input_tokens"": 4025, ""output_tokens"": 50, ""parse_ms"": 0.172, ""planner_total_ms"": 6467.41, ""prompt_build_ms"": 0.413, ""retry_count"": 0, ""retry_reason"": """", ""total_tokens"": 4075}, ""action"": ""qwen_detection"", ""action_input"": {""finish_after_tool"": false, ""label"": ""玄铜弧顶缓冲座""}, ""clarification_question"": """", ""decision_type"": ""tool"", ""end_reason"": """", ""final_answer"": """", ""thought"": ""先执行用户指定的检测器以取得当前结构化状态。""}, {""_planner_metrics"": {""api_call_ms"": 4913.695, ""first_api_call_ms"": 4913.695, ""first_finish_reason"": ""stop"", ""first_input_tokens"": 4332, ""first_output_tokens"": 34, ""first_total_tokens"": 4366, ""input_tokens"": 4332, ""output_tokens"": 34, ""parse_ms"": 0.152, ""planner_total_ms"": 4928.1, ""prompt_build_ms"": 0.517, ""retry_count"": 0, ""retry_reason"": """", ""total_tokens"": 4366}, ""action"": ""final_answer"", ""action_input"": {}, ""clarification_question"": """", ""decision_type"": ""end"", ""end_reason"": ""memory_hit"", ""final_answer"": """", ""thought"": ""最新结构化状态已满足全部硬门槛，可以结束本轮规划。""}]",,6467.41,6454.408,4025,50,1,1,True,False
PROMV12-TB-009-REX-CS2,current_success_step2,能力迁移已候场，先核验最新探针回执：先使用Rex-Omni检测附件中的金橙五星复检片，检测结果仅作为中间状态。最终需要判断林区无人机补给舱探针恢复复议6446号应继续现有能力、结束，还是进入迁移评估。自然语言里的故障等级和预算描述没有路由优先级，只读取本 query 最新 observation 的结构化键值。错误状态仅在 retryable=true 与 retry_count=0 同时成立时复用原检测器一次，否则调用迁移顾问。正常状态需要候选数、置信度、跨提示一致性和域偏移四个门槛全部通过才结束，任一否决项都转迁移。缺省、非法、冲突状态采取保守分支；已经重试一次的结果不能再次触发检测器。检测器必须设置 finish_after_tool=false；迁移顾问使用当前图片和视觉探针并设置 finish_after_tool=true。,True,examples/images/planner_retry_optimizer_matched_v12/goldorange_five_star_recheck.png,"[{""action"": ""rexomni_detection"", ""arg_contains"": {""label"": [""金橙五星复检片""]}, ""decision_type"": ""tool"", ""required_args"": {""finish_after_tool"": false}}, {""arg_contains"": {}, ""decision_type"": ""end"", ""required_args"": {""end_reason"": ""memory_hit""}}]","[""rag_answer"", ""re_question"", ""answerer"", ""flux-image-generation"", ""qwen_detection"", ""pipeline_eval"", ""migration_advisor""]","{""action_match"": 0.65, ""argument_match"": 0.1, ""decision_type_valid"": 0.03, ""final_tool_finish"": 0.1, ""finish_after_tool"": 0.1, ""json_valid"": 0.02, ""no_forbidden_action"": 0.1, ""no_premature_stop"": 0.1, ""no_repeated_tool"": 0.1, ""no_skip_required_probe"": 0.1, ""strict_action_match"": true, ""strict_argument_types"": true, ""wrong_action_cap"": 0.2}",True,1.0,"[""rexomni_detection"", ""final_answer""]",rexomni_detection,"[{""_planner_metrics"": {""api_call_ms"": 6299.735, ""first_api_call_ms"": 6299.735, ""first_finish_reason"": ""stop"", ""first_input_tokens"": 4022, ""first_output_tokens"": 49, ""first_total_tokens"": 4071, ""input_tokens"": 4022, ""output_tokens"": 49, ""parse_ms"": 0.136, ""planner_total_ms"": 6314.66, ""prompt_build_ms"": 0.405, ""retry_count"": 0, ""retry_reason"": """", ""total_tokens"": 4071}, ""action"": ""rexomni_detection"", ""action_input"": {""finish_after_tool"": false, ""label"": ""金橙五星复检片""}, ""clarification_question"": """", ""decision_type"": ""tool"", ""end_reason"": """", ""final_answer"": """", ""thought"": ""先使用用户指定的检测器取得当前结构化状态。""}, {""_planner_metrics"": {""api_call_ms"": 4978.773, ""first_api_call_ms"": 4978.773, ""first_finish_reason"": ""stop"", ""first_input_tokens"": 4327, ""first_output_tokens"": 34, ""first_total_tokens"": 4361, ""input_tokens"": 4327, ""output_tokens"": 34, ""parse_ms"": 0.175, ""planner_total_ms"": 4992.84, ""prompt_build_ms"": 0.376, ""retry_count"": 0, ""retry_reason"": """", ""total_tokens"": 4361}, ""action"": ""final_answer"", ""action_input"": {}, ""clarification_question"": """", ""decision_type"": ""end"", ""end_reason"": ""memory_hit"", ""final_answer"": """", ""thought"": ""最新结构化状态已满足全部硬门槛，可以结束本轮规划。""}]",,6314.66,6299.735,4022,49,1,1,True,False
PROMV12-TB-005-REX-NR2,nonretryable_step2,历史文字可能误导，本轮以后写入的 observation 为准：先使用Rex-Omni检测附件中的玄铜弧顶缓冲座，检测结果仅作为中间状态。最终需要判断流域梯级调度闸站异常额度会核2044号应继续现有能力、结束，还是进入迁移评估。自然语言里的故障等级和预算描述没有路由优先级，只读取本 query 最新 observation 的结构化键值。错误状态仅在 retryable=true 与 retry_count=0 同时成立时复用原检测器一次，否则调用迁移顾问。正常状态需要候选数、置信度、跨提示一致性和域偏移四个门槛全部通过才结束，任一否决项都转迁移。缺省、非法、冲突状态采取保守分支；已经重试一次的结果不能再次触发检测器。检测器必须设置 finish_after_tool=false；迁移顾问使用当前图片和视觉探针并设置 finish_after_tool=true。,True,examples/images/planner_retry_optimizer_matched_v12/darkbronze_arch_buffer.png,"[{""action"": ""rexomni_detection"", ""arg_contains"": {""label"": [""玄铜弧顶缓冲座""]}, ""decision_type"": ""tool"", ""required_args"": {""finish_after_tool"": false}}, {""action"": ""migration_advisor"", ""arg_contains"": {""user_query"": [""流域梯级调度闸站异常额度会核2044号""]}, ""decision_type"": ""tool"", ""required_args"": {""finish_after_tool"": true, ""use_image"": true, ""use_visual_probe"": true}}]","[""rag_answer"", ""re_question"", ""answerer"", ""flux-image-generation"", ""qwen_detection"", ""pipeline_eval""]","{""action_match"": 0.65, ""argument_match"": 0.1, ""decision_type_valid"": 0.03, ""final_tool_finish"": 0.1, ""finish_after_tool"": 0.1, ""json_valid"": 0.02, ""no_forbidden_action"": 0.1, ""no_premature_stop"": 0.1, ""no_repeated_tool"": 0.1, ""no_skip_required_probe"": 0.1, ""strict_action_match"": true, ""strict_argument_types"": true, ""wrong_action_cap"": 0.2}",True,1.0,"[""rexomni_detection"", ""migration_advisor""]",rexomni_detection,"[{""_planner_metrics"": {""api_call_ms"": 6519.539, ""first_api_call_ms"": 6519.539, ""first_finish_reason"": ""stop"", ""first_input_tokens"": 4034, ""first_output_tokens"": 51, ""first_total_tokens"": 4085, ""input_tokens"": 4034, ""output_tokens"": 51, ""parse_ms"": 0.131, ""planner_total_ms"": 6532.655, ""prompt_build_ms"": 0.365, ""retry_count"": 0, ""retry_reason"": """", ""total_tokens"": 4085}, ""action"": ""rexomni_detection"", ""action_input"": {""finish_after_tool"": false, ""label"": ""玄铜弧顶缓冲座""}, ""clarification_question"": """", ""decision_type"": ""tool"", ""end_reason"": """", ""final_answer"": """", ""thought"": ""先执行用户指定的检测器以取得当前结构化状态。""}, {""_planner_metrics"": {""api_call_ms"": 9135.833, ""first_api_call_ms"": 9135.833, ""first_finish_reason"": ""stop"", ""first_input_tokens"": 4348, ""first_output_tokens"": 74, ""first_total_tokens"": 4422, ""input_tokens"": 4348, ""output_tokens"": 74, ""parse_ms"": 0.173, ""planner_total_ms"": 9150.408, ""prompt_build_ms"": 0.459, ""retry_count"": 0, ""retry_reason"": """", ""total_tokens"": 4422}, ""action"": ""migration_advisor"", ""action_input"": {""finish_after_tool"": true, ""use_image"": true, ""use_visual_probe"": true, ""user_query"": ""流域梯级调度闸站异常额度会核2044号""}, ""clarification_question"": """", ""decision_type"": ""tool"", ""end_reason"": """", ""final_answer"": """", ""thought"": ""最新状态未满足结束或重试条件，需要进入能力迁移评估。""}]",,6532.655,6519.539,4034,51,1,1,True,False
PROMV12-TB-006-REX-PE3,post_retry_error_step3,历史文字可能误导，本轮以后写入的 observation 为准：先使用Rex-Omni检测附件中的玄铜弧顶缓冲座，检测结果仅作为中间状态。最终需要判断林区无人机补给舱异常额度会核9970号应继续现有能力、结束，还是进入迁移评估。自然语言里的故障等级和预算描述没有路由优先级，只读取本 query 最新 observation 的结构化键值。错误状态仅在 retryable=true 与 retry_count=0 同时成立时复用原检测器一次，否则调用迁移顾问。正常状态需要候选数、置信度、跨提示一致性和域偏移四个门槛全部通过才结束，任一否决项都转迁移。缺省、非法、冲突状态采取保守分支；已经重试一次的结果不能再次触发检测器。检测器必须设置 finish_after_tool=false；迁移顾问使用当前图片和视觉探针并设置 finish_after_tool=true。,True,examples/images/planner_retry_optimizer_matched_v12/darkbronze_arch_buffer.png,"[{""action"": ""rexomni_detection"", ""arg_contains"": {""label"": [""玄铜弧顶缓冲座""]}, ""decision_type"": ""tool"", ""required_args"": {""finish_after_tool"": false}}, {""action"": ""rexomni_detection"", ""arg_contains"": {""label"": [""玄铜弧顶缓冲座""]}, ""decision_type"": ""tool"", ""required_args"": {""finish_after_tool"": false}}, {""action"": ""migration_advisor"", ""arg_contains"": {""user_query"": [""林区无人机补给舱异常额度会核9970号""]}, ""decision_type"": ""tool"", ""required_args"": {""finish_after_tool"": true, ""use_image"": true, ""use_visual_probe"": true}}]","[""rag_answer"", ""re_question"", ""answerer"", ""flux-image-generation"", ""qwen_detection"", ""pipeline_eval""]","{""action_match"": 0.65, ""argument_match"": 0.1, ""decision_type_valid"": 0.03, ""final_tool_finish"": 0.1, ""finish_after_tool"": 0.1, ""json_valid"": 0.02, ""no_forbidden_action"": 0.1, ""no_premature_stop"": 0.1, ""no_repeated_tool"": 0.1, ""no_skip_required_probe"": 0.1, ""strict_action_match"": true, ""strict_argument_types"": true, ""wrong_action_cap"": 0.2}",False,0.734375,"[""rexomni_detection"", ""rexomni_detection"", ""rexomni_detection""]",rexomni_detection,"[{""_planner_metrics"": {""api_call_ms"": 6573.993, ""first_api_call_ms"": 6573.993, ""first_finish_reason"": ""stop"", ""first_input_tokens"": 4030, ""first_output_tokens"": 51, ""first_total_tokens"": 4081, ""input_tokens"": 4030, ""output_tokens"": 51, ""parse_ms"": 0.122, ""planner_total_ms"": 6586.885, ""prompt_build_ms"": 0.387, ""retry_count"": 0, ""retry_reason"": """", ""total_tokens"": 4081}, ""action"": ""rexomni_detection"", ""action_input"": {""finish_after_tool"": false, ""label"": ""玄铜弧顶缓冲座""}, ""clarification_question"": """", ""decision_type"": ""tool"", ""end_reason"": """", ""final_answer"": """", ""thought"": ""先执行用户指定的检测器以取得当前结构化状态。""}, {""_planner_metrics"": {""api_call_ms"": 7079.288, ""first_api_call_ms"": 7079.288, ""first_finish_reason"": ""stop"", ""first_input_tokens"": 4338, ""first_output_tokens"": 55, ""first_total_tokens"": 4393, ""input_tokens"": 4338, ""output_tokens"": 55, ""parse_ms"": 0.14, ""planner_total_ms"": 7093.155, ""prompt_build_ms"": 0.454, ""retry_count"": 0, ""retry_reason"": """", ""total_tokens"": 4393}, ""action"": ""rexomni_detection"", ""action_input"": {""finish_after_tool"": false, ""label"": ""玄铜弧顶缓冲座""}, ""clarification_question"": """", ""decision_type"": ""tool"", ""end_reason"": """", ""final_answer"": """", ""thought"": ""最新状态满足错误状态且可重试一次，应复用原检测器。""}, {""_planner_metrics"": {""api_call_ms"": 7178.562, ""first_api_call_ms"": 7178.562, ""first_finish_reason"": ""stop"", ""first_input_tokens"": 4645, ""first_output_tokens"": 55, ""first_total_tokens"": 4700, ""input_tokens"": 4645, ""output_tokens"": 55, ""parse_ms"": 0.127, ""planner_total_ms"": 7193.937, ""prompt_build_ms"": 0.441, ""retry_count"": 0, ""retry_reason"": """", ""total_tokens"": 4700}, ""action"": ""rexomni_detection"", ""action_input"": {""finish_after_tool"": false, ""label"": ""玄铜弧顶缓冲座""}, ""clarification_question"": """", ""decision_type"": ""tool"", ""end_reason"": """", ""final_answer"": """", ""thought"": ""最新状态满足错误状态且可重试一次，应复用原检测器。""}]","step3:action expected 'migration_advisor', got 'rexomni_detection' | step3:finish_after_tool expected True, got False | step3:arg 'use_image' expected True, got None | step3:arg 'use_visual_probe' expected True, got None | step3:arg 'user_query' expected to contain ['林区无人机补给舱异常额度会核9970号'], got None",6586.885,6573.993,4030,51,0,1,False,True
PROMV12-TB-006-QWEN-BE2,budget_exhausted_step2,历史文字可能误导，本轮以后写入的 observation 为准：先使用Qwen检测附件中的玄铜弧顶缓冲座，检测结果仅作为中间状态。最终需要判断林区无人机补给舱异常额度会核9970号应继续现有能力、结束，还是进入迁移评估。自然语言里的故障等级和预算描述没有路由优先级，只读取本 query 最新 observation 的结构化键值。错误状态仅在 retryable=true 与 retry_count=0 同时成立时复用原检测器一次，否则调用迁移顾问。正常状态需要候选数、置信度、跨提示一致性和域偏移四个门槛全部通过才结束，任一否决项都转迁移。缺省、非法、冲突状态采取保守分支；已经重试一次的结果不能再次触发检测器。检测器必须设置 finish_after_tool=false；迁移顾问使用当前图片和视觉探针并设置 finish_after_tool=true。,True,examples/images/planner_retry_optimizer_matched_v12/darkbronze_arch_buffer.png,"[{""action"": ""qwen_detection"", ""arg_contains"": {""label"": [""玄铜弧顶缓冲座""]}, ""decision_type"": ""tool"", ""required_args"": {""finish_after_tool"": false}}, {""action"": ""migration_advisor"", ""arg_contains"": {""user_query"": [""林区无人机补给舱异常额度会核9970号""]}, ""decision_type"": ""tool"", ""required_args"": {""finish_after_tool"": true, ""use_image"": true, ""use_visual_probe"": true}}]","[""rag_answer"", ""re_question"", ""answerer"", ""flux-image-generation"", ""rexomni_detection"", ""pipeline_eval""]","{""action_match"": 0.65, ""argument_match"": 0.1, ""decision_type_valid"": 0.03, ""final_tool_finish"": 0.1, ""finish_after_tool"": 0.1, ""json_valid"": 0.02, ""no_forbidden_action"": 0.1, ""no_premature_stop"": 0.1, ""no_repeated_tool"": 0.1, ""no_skip_required_probe"": 0.1, ""strict_action_match"": true, ""strict_argument_types"": true, ""wrong_action_cap"": 0.2}",False,0.586957,"[""qwen_detection"", ""qwen_detection""]",qwen_detection,"[{""_planner_metrics"": {""api_call_ms"": 6399.478, ""first_api_call_ms"": 6399.478, ""first_finish_reason"": ""stop"", ""first_input_tokens"": 4024, ""first_output_tokens"": 50, ""first_total_tokens"": 4074, ""input_tokens"": 4024, ""output_tokens"": 50, ""parse_ms"": 0.129, ""planner_total_ms"": 6412.841, ""prompt_build_ms"": 0.343, ""retry_count"": 0, ""retry_reason"": """", ""total_tokens"": 4074}, ""action"": ""qwen_detection"", ""action_input"": {""finish_after_tool"": false, ""label"": ""玄铜弧顶缓冲座""}, ""clarification_question"": """", ""decision_type"": ""tool"", ""end_reason"": """", ""final_answer"": """", ""thought"": ""先执行用户指定的检测器以取得当前结构化状态。""}, {""_planner_metrics"": {""api_call_ms"": 7133.685, ""first_api_call_ms"": 7133.685, ""first_finish_reason"": ""stop"", ""first_input_tokens"": 4331, ""first_output_tokens"": 55, ""first_total_tokens"": 4386, ""input_tokens"": 4331, ""output_tokens"": 55, ""parse_ms"": 0.191, ""planner_total_ms"": 7147.494, ""prompt_build_ms"": 0.41, ""retry_count"": 0, ""retry_reason"": """", ""total_tokens"": 4386}, ""action"": ""qwen_detection"", ""action_input"": {""finish_after_tool"": false, ""label"": ""玄铜弧顶缓冲座""}, ""clarification_question"": """", ""decision_type"": ""tool"", ""end_reason"": """", ""final_answer"": """", ""thought"": ""最新状态未满足结束或迁移条件，需要继续检测以获取结构化进展。""}]","step2:action expected 'migration_advisor', got 'qwen_detection' | step2:finish_after_tool expected True, got False | step2:arg 'use_image' expected True, got None | step2:arg 'use_visual_probe' expected True, got None | step2:arg 'user_query' expected to contain ['林区无人机补给舱异常额度会核9970号'], got None",6412.841,6399.478,4024,50,0,1,False,True
PROMV12-TB-006-QWEN-CF2,conflicting_state_step2,历史文字可能误导，本轮以后写入的 observation 为准：先使用Qwen检测附件中的玄铜弧顶缓冲座，检测结果仅作为中间状态。最终需要判断林区无人机补给舱异常额度会核9970号应继续现有能力、结束，还是进入迁移评估。自然语言里的故障等级和预算描述没有路由优先级，只读取本 query 最新 observation 的结构化键值。错误状态仅在 retryable=true 与 retry_count=0 同时成立时复用原检测器一次，否则调用迁移顾问。正常状态需要候选数、置信度、跨提示一致性和域偏移四个门槛全部通过才结束，任一否决项都转迁移。缺省、非法、冲突状态采取保守分支；已经重试一次的结果不能再次触发检测器。检测器必须设置 finish_after_tool=false；迁移顾问使用当前图片和视觉探针并设置 finish_after_tool=true。,True,examples/images/planner_retry_optimizer_matched_v12/darkbronze_arch_buffer.png,"[{""action"": ""qwen_detection"", ""arg_contains"": {""label"": [""玄铜弧顶缓冲座""]}, ""decision_type"": ""tool"", ""required_args"": {""finish_after_tool"": false}}, {""action"": ""migration_advisor"", ""arg_contains"": {""user_query"": [""林区无人机补给舱异常额度会核9970号""]}, ""decision_type"": ""tool"", ""required_args"": {""finish_after_tool"": true, ""use_image"": true, ""use_visual_probe"": true}}]","[""rag_answer"", ""re_question"", ""answerer"", ""flux-image-generation"", ""rexomni_detection"", ""pipeline_eval""]","{""action_match"": 0.65, ""argument_match"": 0.1, ""decision_type_valid"": 0.03, ""final_tool_finish"": 0.1, ""finish_after_tool"": 0.1, ""json_valid"": 0.02, ""no_forbidden_action"": 0.1, ""no_premature_stop"": 0.1, ""no_repeated_tool"": 0.1, ""no_skip_required_probe"": 0.1, ""strict_action_match"": true, ""strict_argument_types"": true, ""wrong_action_cap"": 0.2}",False,0.586957,"[""qwen_detection"", ""qwen_detection""]",qwen_detection,"[{""_planner_metrics"": {""api_call_ms"": 6414.494, ""first_api_call_ms"": 6414.494, ""first_finish_reason"": ""stop"", ""first_input_tokens"": 4024, ""first_output_tokens"": 50, ""first_total_tokens"": 4074, ""input_tokens"": 4024, ""output_tokens"": 50, ""parse_ms"": 0.159, ""planner_total_ms"": 6428.814, ""prompt_build_ms"": 0.415, ""retry_count"": 0, ""retry_reason"": """", ""total_tokens"": 4074}, ""action"": ""qwen_detection"", ""action_input"": {""finish_after_tool"": false, ""label"": ""玄铜弧顶缓冲座""}, ""clarification_question"": """", ""decision_type"": ""tool"", ""end_reason"": """", ""final_answer"": """", ""thought"": ""先执行用户指定的检测器以取得当前结构化状态。""}, {""_planner_metrics"": {""api_call_ms"": 7172.347, ""first_api_call_ms"": 7172.347, ""first_finish_reason"": ""stop"", ""first_input_tokens"": 4316, ""first_output_tokens"": 56, ""first_total_tokens"": 4372, ""input_tokens"": 4316, ""output_tokens"": 56, ""parse_ms"": 0.13, ""planner_total_ms"": 7187.835, ""prompt_build_ms"": 0.412, ""retry_count"": 0, ""retry_reason"": """", ""total_tokens"": 4372}, ""action"": ""qwen_detection"", ""action_input"": {""finish_after_tool"": false, ""label"": ""玄铜弧顶缓冲座""}, ""clarification_question"": """", ""decision_type"": ""tool"", ""end_reason"": """", ""final_answer"": """", ""thought"": ""最新状态未满足结束或迁移条件，需要继续检测以更新结构化键值。""}]","step2:action expected 'migration_advisor', got 'qwen_detection' | step2:finish_after_tool expected True, got False | step2:arg 'use_image' expected True, got None | step2:arg 'use_visual_probe' expected True, got None | step2:arg 'user_query' expected to contain ['林区无人机补给舱异常额度会核9970号'], got None",6428.814,6414.494,4024,50,0,1,False,True
PROMV12-TB-003-QWEN-PE3,post_retry_error_step3,读取这次机器状态并选择唯一动作：先使用Qwen检测附件中的玄铜弧顶缓冲座，检测结果仅作为中间状态。最终需要判断林区无人机补给舱回执分支终签9158号应继续现有能力、结束，还是进入迁移评估。自然语言里的故障等级和预算描述没有路由优先级，只读取本 query 最新 observation 的结构化键值。错误状态仅在 retryable=true 与 retry_count=0 同时成立时复用原检测器一次，否则调用迁移顾问。正常状态需要候选数、置信度、跨提示一致性和域偏移四个门槛全部通过才结束，任一否决项都转迁移。缺省、非法、冲突状态采取保守分支；已经重试一次的结果不能再次触发检测器。检测器必须设置 finish_after_tool=false；迁移顾问使用当前图片和视觉探针并设置 finish_after_tool=true。,True,examples/images/planner_retry_optimizer_matched_v12/darkbronze_arch_buffer.png,"[{""action"": ""qwen_detection"", ""arg_contains"": {""label"": [""玄铜弧顶缓冲座""]}, ""decision_type"": ""tool"", ""required_args"": {""finish_after_tool"": false}}, {""action"": ""qwen_detection"", ""arg_contains"": {""label"": [""玄铜弧顶缓冲座""]}, ""decision_type"": ""tool"", ""required_args"": {""finish_after_tool"": false}}, {""action"": ""migration_advisor"", ""arg_contains"": {""user_query"": [""林区无人机补给舱回执分支终签9158号""]}, ""decision_type"": ""tool"", ""required_args"": {""finish_after_tool"": true, ""use_image"": true, ""use_visual_probe"": true}}]","[""rag_answer"", ""re_question"", ""answerer"", ""flux-image-generation"", ""rexomni_detection"", ""pipeline_eval""]","{""action_match"": 0.65, ""argument_match"": 0.1, ""decision_type_valid"": 0.03, ""final_tool_finish"": 0.1, ""finish_after_tool"": 0.1, ""json_valid"": 0.02, ""no_forbidden_action"": 0.1, ""no_premature_stop"": 0.1, ""no_repeated_tool"": 0.1, ""no_skip_required_probe"": 0.1, ""strict_action_match"": true, ""strict_argument_types"": true, ""wrong_action_cap"": 0.2}",False,0.734375,"[""qwen_detection"", ""qwen_detection"", ""qwen_detection""]",qwen_detection,"[{""_planner_metrics"": {""api_call_ms"": 6379.19, ""first_api_call_ms"": 6379.19, ""first_finish_reason"": ""stop"", ""first_input_tokens"": 4016, ""first_output_tokens"": 50, ""first_total_tokens"": 4066, ""input_tokens"": 4016, ""output_tokens"": 50, ""parse_ms"": 0.136, ""planner_total_ms"": 6391.62, ""prompt_build_ms"": 0.348, ""retry_count"": 0, ""retry_reason"": """", ""total_tokens"": 4066}, ""action"": ""qwen_detection"", ""action_input"": {""finish_after_tool"": false, ""label"": ""玄铜弧顶缓冲座""}, ""clarification_question"": """", ""decision_type"": ""tool"", ""end_reason"": """", ""final_answer"": """", ""thought"": ""先执行用户指定的检测器以取得当前结构化状态。""}, {""_planner_metrics"": {""api_call_ms"": 6907.291, ""first_api_call_ms"": 6907.291, ""first_finish_reason"": ""stop"", ""first_input_tokens"": 4327, ""first_output_tokens"": 52, ""first_total_tokens"": 4379, ""input_tokens"": 4327, ""output_tokens"": 52, ""parse_ms"": 0.14, ""planner_total_ms"": 6921.61, ""prompt_build_ms"": 0.393, ""retry_count"": 0, ""retry_reason"": """", ""total_tokens"": 4379}, ""action"": ""qwen_detection"", ""action_input"": {""finish_after_tool"": false, ""label"": ""玄铜弧顶缓冲座""}, ""clarification_question"": """", ""decision_type"": ""tool"", ""end_reason"": """", ""final_answer"": """", ""thought"": ""最新状态满足错误重试条件，需要再次使用同一检测器。""}, {""_planner_metrics"": {""api_call_ms"": 6950.362, ""first_api_call_ms"": 6950.362, ""first_finish_reason"": ""stop"", ""first_input_tokens"": 4638, ""first_output_tokens"": 52, ""first_total_tokens"": 4690, ""input_tokens"": 4638, ""output_tokens"": 52, ""parse_ms"": 0.134, ""planner_total_ms"": 6964.873, ""prompt_build_ms"": 0.476, ""retry_count"": 0, ""retry_reason"": """", ""total_tokens"": 4690}, ""action"": ""qwen_detection"", ""action_input"": {""finish_after_tool"": false, ""label"": ""玄铜弧顶缓冲座""}, ""clarification_question"": """", ""decision_type"": ""tool"", ""end_reason"": """", ""final_answer"": """", ""thought"": ""最新状态满足错误重试条件，需要再次使用同一检测器。""}]","step3:action expected 'migration_advisor', got 'qwen_detection' | step3:finish_after_tool expected True, got False | step3:arg 'use_image' expected True, got None | step3:arg 'use_visual_probe' expected True, got None | step3:arg 'user_query' expected to contain ['林区无人机补给舱回执分支终签9158号'], got None",6391.62,6379.19,4016,50,0,1,False,True
PROMV12-TB-010-QWEN-MS2,missing_required_state_step2,失联背景和当前预算并存时只使用显式字段：先使用Qwen检测附件中的玄铜弧顶缓冲座，检测结果仅作为中间状态。最终需要判断流域梯级调度闸站回执分支终签5437号应继续现有能力、结束，还是进入迁移评估。自然语言里的故障等级和预算描述没有路由优先级，只读取本 query 最新 observation 的结构化键值。错误状态仅在 retryable=true 与 retry_count=0 同时成立时复用原检测器一次，否则调用迁移顾问。正常状态需要候选数、置信度、跨提示一致性和域偏移四个门槛全部通过才结束，任一否决项都转迁移。缺省、非法、冲突状态采取保守分支；已经重试一次的结果不能再次触发检测器。检测器必须设置 finish_after_tool=false；迁移顾问使用当前图片和视觉探针并设置 finish_after_tool=true。,True,examples/images/planner_retry_optimizer_matched_v12/darkbronze_arch_buffer.png,"[{""action"": ""qwen_detection"", ""arg_contains"": {""label"": [""玄铜弧顶缓冲座""]}, ""decision_type"": ""tool"", ""required_args"": {""finish_after_tool"": false}}, {""action"": ""migration_advisor"", ""arg_contains"": {""user_query"": [""流域梯级调度闸站回执分支终签5437号""]}, ""decision_type"": ""tool"", ""required_args"": {""finish_after_tool"": true, ""use_image"": true, ""use_visual_probe"": true}}]","[""rag_answer"", ""re_question"", ""answerer"", ""flux-image-generation"", ""rexomni_detection"", ""pipeline_eval""]","{""action_match"": 0.65, ""argument_match"": 0.1, ""decision_type_valid"": 0.03, ""final_tool_finish"": 0.1, ""finish_after_tool"": 0.1, ""json_valid"": 0.02, ""no_forbidden_action"": 0.1, ""no_premature_stop"": 0.1, ""no_repeated_tool"": 0.1, ""no_skip_required_probe"": 0.1, ""strict_action_match"": true, ""strict_argument_types"": true, ""wrong_action_cap"": 0.2}",True,1.0,"[""qwen_detection"", ""migration_advisor""]",qwen_detection,"[{""_planner_metrics"": {""api_call_ms"": 6508.117, ""first_api_call_ms"": 6508.117, ""first_finish_reason"": ""stop"", ""first_input_tokens"": 4026, ""first_output_tokens"": 50, ""first_total_tokens"": 4076, ""input_tokens"": 4026, ""output_tokens"": 50, ""parse_ms"": 0.175, ""planner_total_ms"": 6521.065, ""prompt_build_ms"": 0.39, ""retry_count"": 0, ""retry_reason"": """", ""total_tokens"": 4076}, ""action"": ""qwen_detection"", ""action_input"": {""finish_after_tool"": false, ""label"": ""玄铜弧顶缓冲座""}, ""clarification_question"": """", ""decision_type"": ""tool"", ""end_reason"": """", ""final_answer"": """", ""thought"": ""先执行用户指定的检测器以取得当前结构化状态。""}, {""_planner_metrics"": {""api_call_ms"": 9397.075, ""first_api_call_ms"": 9397.075, ""first_finish_reason"": ""stop"", ""first_input_tokens"": 4327, ""first_output_tokens"": 74, ""first_total_tokens"": 4401, ""input_tokens"": 4327, ""output_tokens"": 74, ""parse_ms"": 0.206, ""planner_total_ms"": 9411.907, ""prompt_build_ms"": 0.408, ""retry_count"": 0, ""retry_reason"": """", ""total_tokens"": 4401}, ""action"": ""migration_advisor"", ""action_input"": {""finish_after_tool"": true, ""use_image"": true, ""use_visual_probe"": true, ""user_query"": ""流域梯级调度闸站回执分支终签5437号""}, ""clarification_question"": """", ""decision_type"": ""tool"", ""end_reason"": """", ""final_answer"": """", ""thought"": ""最新状态未满足结束或重试条件，需要进入能力迁移评估。""}]",,6521.065,6508.117,4026,50,1,1,True,False
PROMV12-TB-006-QWEN-NR2,nonretryable_step2,历史文字可能误导，本轮以后写入的 observation 为准：先使用Qwen检测附件中的玄铜弧顶缓冲座，检测结果仅作为中间状态。最终需要判断林区无人机补给舱异常额度会核9970号应继续现有能力、结束，还是进入迁移评估。自然语言里的故障等级和预算描述没有路由优先级，只读取本 query 最新 observation 的结构化键值。错误状态仅在 retryable=true 与 retry_count=0 同时成立时复用原检测器一次，否则调用迁移顾问。正常状态需要候选数、置信度、跨提示一致性和域偏移四个门槛全部通过才结束，任一否决项都转迁移。缺省、非法、冲突状态采取保守分支；已经重试一次的结果不能再次触发检测器。检测器必须设置 finish_after_tool=false；迁移顾问使用当前图片和视觉探针并设置 finish_after_tool=true。,True,examples/images/planner_retry_optimizer_matched_v12/darkbronze_arch_buffer.png,"[{""action"": ""qwen_detection"", ""arg_contains"": {""label"": [""玄铜弧顶缓冲座""]}, ""decision_type"": ""tool"", ""required_args"": {""finish_after_tool"": false}}, {""action"": ""migration_advisor"", ""arg_contains"": {""user_query"": [""林区无人机补给舱异常额度会核9970号""]}, ""decision_type"": ""tool"", ""required_args"": {""finish_after_tool"": true, ""use_image"": true, ""use_visual_probe"": true}}]","[""rag_answer"", ""re_question"", ""answerer"", ""flux-image-generation"", ""rexomni_detection"", ""pipeline_eval""]","{""action_match"": 0.65, ""argument_match"": 0.1, ""decision_type_valid"": 0.03, ""final_tool_finish"": 0.1, ""finish_after_tool"": 0.1, ""json_valid"": 0.02, ""no_forbidden_action"": 0.1, ""no_premature_stop"": 0.1, ""no_repeated_tool"": 0.1, ""no_skip_required_probe"": 0.1, ""strict_action_match"": true, ""strict_argument_types"": true, ""wrong_action_cap"": 0.2}",False,0.586957,"[""qwen_detection"", ""qwen_detection""]",qwen_detection,"[{""_planner_metrics"": {""api_call_ms"": 6471.817, ""first_api_call_ms"": 6471.817, ""first_finish_reason"": ""stop"", ""first_input_tokens"": 4024, ""first_output_tokens"": 50, ""first_total_tokens"": 4074, ""input_tokens"": 4024, ""output_tokens"": 50, ""parse_ms"": 0.132, ""planner_total_ms"": 6484.793, ""prompt_build_ms"": 0.375, ""retry_count"": 0, ""retry_reason"": """", ""total_tokens"": 4074}, ""action"": ""qwen_detection"", ""action_input"": {""finish_after_tool"": false, ""label"": ""玄铜弧顶缓冲座""}, ""clarification_question"": """", ""decision_type"": ""tool"", ""end_reason"": """", ""final_answer"": """", ""thought"": ""先执行用户指定的检测器以取得当前结构化状态。""}, {""_planner_metrics"": {""api_call_ms"": 7194.358, ""first_api_call_ms"": 7194.358, ""first_finish_reason"": ""stop"", ""first_input_tokens"": 4329, ""first_output_tokens"": 55, ""first_total_tokens"": 4384, ""input_tokens"": 4329, ""output_tokens"": 55, ""parse_ms"": 0.163, ""planner_total_ms"": 7207.963, ""prompt_build_ms"": 0.411, ""retry_count"": 0, ""retry_reason"": """", ""total_tokens"": 4384}, ""action"": ""qwen_detection"", ""action_input"": {""finish_after_tool"": false, ""label"": ""玄铜弧顶缓冲座""}, ""clarification_question"": """", ""decision_type"": ""tool"", ""end_reason"": """", ""final_answer"": """", ""thought"": ""最新状态未满足结束或迁移条件，需要继续检测以更新结构化状态。""}]","step2:action expected 'migration_advisor', got 'qwen_detection' | step2:finish_after_tool expected True, got False | step2:arg 'use_image' expected True, got None | step2:arg 'use_visual_probe' expected True, got None | step2:arg 'user_query' expected to contain ['林区无人机补给舱异常额度会核9970号'], got None",6484.793,6471.817,4024,50,0,1,False,True
PROMV12-TB-005-REX-PS3,post_retry_success_step3,历史文字可能误导，本轮以后写入的 observation 为准：先使用Rex-Omni检测附件中的玄铜弧顶缓冲座，检测结果仅作为中间状态。最终需要判断流域梯级调度闸站异常额度会核2044号应继续现有能力、结束，还是进入迁移评估。自然语言里的故障等级和预算描述没有路由优先级，只读取本 query 最新 observation 的结构化键值。错误状态仅在 retryable=true 与 retry_count=0 同时成立时复用原检测器一次，否则调用迁移顾问。正常状态需要候选数、置信度、跨提示一致性和域偏移四个门槛全部通过才结束，任一否决项都转迁移。缺省、非法、冲突状态采取保守分支；已经重试一次的结果不能再次触发检测器。检测器必须设置 finish_after_tool=false；迁移顾问使用当前图片和视觉探针并设置 finish_after_tool=true。,True,examples/images/planner_retry_optimizer_matched_v12/darkbronze_arch_buffer.png,"[{""action"": ""rexomni_detection"", ""arg_contains"": {""label"": [""玄铜弧顶缓冲座""]}, ""decision_type"": ""tool"", ""required_args"": {""finish_after_tool"": false}}, {""action"": ""rexomni_detection"", ""arg_contains"": {""label"": [""玄铜弧顶缓冲座""]}, ""decision_type"": ""tool"", ""required_args"": {""finish_after_tool"": false}}, {""arg_contains"": {}, ""decision_type"": ""end"", ""required_args"": {""end_reason"": ""memory_hit""}}]","[""rag_answer"", ""re_question"", ""answerer"", ""flux-image-generation"", ""qwen_detection"", ""pipeline_eval"", ""migration_advisor""]","{""action_match"": 0.65, ""argument_match"": 0.1, ""decision_type_valid"": 0.03, ""final_tool_finish"": 0.1, ""finish_after_tool"": 0.1, ""json_valid"": 0.02, ""no_forbidden_action"": 0.1, ""no_premature_stop"": 0.1, ""no_repeated_tool"": 0.1, ""no_skip_required_probe"": 0.1, ""strict_action_match"": true, ""strict_argument_types"": true, ""wrong_action_cap"": 0.2}",False,0.725,"[""rexomni_detection"", ""rexomni_detection"", ""migration_advisor""]",rexomni_detection,"[{""_planner_metrics"": {""api_call_ms"": 6549.039, ""first_api_call_ms"": 6549.039, ""first_finish_reason"": ""stop"", ""first_input_tokens"": 4034, ""first_output_tokens"": 51, ""first_total_tokens"": 4085, ""input_tokens"": 4034, ""output_tokens"": 51, ""parse_ms"": 0.141, ""planner_total_ms"": 6562.9, ""prompt_build_ms"": 0.429, ""retry_count"": 0, ""retry_reason"": """", ""total_tokens"": 4085}, ""action"": ""rexomni_detection"", ""action_input"": {""finish_after_tool"": false, ""label"": ""玄铜弧顶缓冲座""}, ""clarification_question"": """", ""decision_type"": ""tool"", ""end_reason"": """", ""final_answer"": """", ""thought"": ""先执行用户指定的检测器以取得当前结构化状态。""}, {""_planner_metrics"": {""api_call_ms"": 7047.417, ""first_api_call_ms"": 7047.417, ""first_finish_reason"": ""stop"", ""first_input_tokens"": 4347, ""first_output_tokens"": 54, ""first_total_tokens"": 4401, ""input_tokens"": 4347, ""output_tokens"": 54, ""parse_ms"": 0.254, ""planner_total_ms"": 7062.364, ""prompt_build_ms"": 0.449, ""retry_count"": 0, ""retry_reason"": """", ""total_tokens"": 4401}, ""action"": ""rexomni_detection"", ""action_input"": {""finish_after_tool"": false, ""label"": ""玄铜弧顶缓冲座""}, ""clarification_question"": """", ""decision_type"": ""tool"", ""end_reason"": """", ""final_answer"": """", ""thought"": ""最新状态满足错误状态重试条件，需要再次使用同一检测器。""}, {""_planner_metrics"": {""api_call_ms"": 9249.687, ""first_api_call_ms"": 9249.687, ""first_finish_reason"": ""stop"", ""first_input_tokens"": 4652, ""first_output_tokens"": 74, ""first_total_tokens"": 4726, ""input_tokens"": 4652, ""output_tokens"": 74, ""parse_ms"": 0.157, ""planner_total_ms"": 9266.787, ""prompt_build_ms"": 0.508, ""retry_count"": 0, ""retry_reason"": """", ""total_tokens"": 4726}, ""action"": ""migration_advisor"", ""action_input"": {""finish_after_tool"": true, ""use_image"": true, ""use_visual_probe"": true, ""user_query"": ""流域梯级调度闸站异常额度会核2044号""}, ""clarification_question"": """", ""decision_type"": ""tool"", ""end_reason"": """", ""final_answer"": """", ""thought"": ""最新状态未满足结束或重试条件，需要进入能力迁移评估。""}]","step3:decision_type expected 'end', got 'tool' | step3:action expected 'end', got 'migration_advisor' | step3:arg 'end_reason' expected 'memory_hit', got '' | forbidden:migration_advisor",6562.9,6549.039,4034,51,0,1,False,True
PROMV12-TB-009-QWEN-CF2,conflicting_state_step2,能力迁移已候场，先核验最新探针回执：先使用Qwen检测附件中的金橙五星复检片，检测结果仅作为中间状态。最终需要判断林区无人机补给舱探针恢复复议6446号应继续现有能力、结束，还是进入迁移评估。自然语言里的故障等级和预算描述没有路由优先级，只读取本 query 最新 observation 的结构化键值。错误状态仅在 retryable=true 与 retry_count=0 同时成立时复用原检测器一次，否则调用迁移顾问。正常状态需要候选数、置信度、跨提示一致性和域偏移四个门槛全部通过才结束，任一否决项都转迁移。缺省、非法、冲突状态采取保守分支；已经重试一次的结果不能再次触发检测器。检测器必须设置 finish_after_tool=false；迁移顾问使用当前图片和视觉探针并设置 finish_after_tool=true。,True,examples/images/planner_retry_optimizer_matched_v12/goldorange_five_star_recheck.png,"[{""action"": ""qwen_detection"", ""arg_contains"": {""label"": [""金橙五星复检片""]}, ""decision_type"": ""tool"", ""required_args"": {""finish_after_tool"": false}}, {""action"": ""migration_advisor"", ""arg_contains"": {""user_query"": [""林区无人机补给舱探针恢复复议6446号""]}, ""decision_type"": ""tool"", ""required_args"": {""finish_after_tool"": true, ""use_image"": true, ""use_visual_probe"": true}}]","[""rag_answer"", ""re_question"", ""answerer"", ""flux-image-generation"", ""rexomni_detection"", ""pipeline_eval""]","{""action_match"": 0.65, ""argument_match"": 0.1, ""decision_type_valid"": 0.03, ""final_tool_finish"": 0.1, ""finish_after_tool"": 0.1, ""json_valid"": 0.02, ""no_forbidden_action"": 0.1, ""no_premature_stop"": 0.1, ""no_repeated_tool"": 0.1, ""no_skip_required_probe"": 0.1, ""strict_action_match"": true, ""strict_argument_types"": true, ""wrong_action_cap"": 0.2}",True,1.0,"[""qwen_detection"", ""migration_advisor""]",qwen_detection,"[{""_planner_metrics"": {""api_call_ms"": 6430.293, ""first_api_call_ms"": 6430.293, ""first_finish_reason"": ""stop"", ""first_input_tokens"": 4019, ""first_output_tokens"": 49, ""first_total_tokens"": 4068, ""input_tokens"": 4019, ""output_tokens"": 49, ""parse_ms"": 0.138, ""planner_total_ms"": 6443.353, ""prompt_build_ms"": 0.357, ""retry_count"": 0, ""retry_reason"": """", ""total_tokens"": 4068}, ""action"": ""qwen_detection"", ""action_input"": {""finish_after_tool"": false, ""label"": ""金橙五星复检片""}, ""clarification_question"": """", ""decision_type"": ""tool"", ""end_reason"": """", ""final_answer"": """", ""thought"": ""先使用用户指定的检测器对当前图片进行探针。""}, {""_planner_metrics"": {""api_call_ms"": 8828.176, ""first_api_call_ms"": 8828.176, ""first_finish_reason"": ""stop"", ""first_input_tokens"": 4320, ""first_output_tokens"": 71, ""first_total_tokens"": 4391, ""input_tokens"": 4320, ""output_tokens"": 71, ""parse_ms"": 0.149, ""planner_total_ms"": 8841.994, ""prompt_build_ms"": 0.41, ""retry_count"": 0, ""retry_reason"": """", ""total_tokens"": 4391}, ""action"": ""migration_advisor"", ""action_input"": {""finish_after_tool"": true, ""use_image"": true, ""use_visual_probe"": true, ""user_query"": ""林区无人机补给舱探针恢复复议6446号""}, ""clarification_question"": """", ""decision_type"": ""tool"", ""end_reason"": """", ""final_answer"": """", ""thought"": ""最新状态未满足结束或重试条件，需要进入能力迁移评估。""}]",,6443.353,6430.293,4019,49,1,1,True,False
PROMV12-TB-001-QWEN-CS2,current_success_step2,失联背景和当前预算并存时只使用显式字段：先使用Qwen检测附件中的金橙五星复检片，检测结果仅作为中间状态。最终需要判断碳化硅陶瓷烧结台异常额度会核2063号应继续现有能力、结束，还是进入迁移评估。自然语言里的故障等级和预算描述没有路由优先级，只读取本 query 最新 observation 的结构化键值。错误状态仅在 retryable=true 与 retry_count=0 同时成立时复用原检测器一次，否则调用迁移顾问。正常状态需要候选数、置信度、跨提示一致性和域偏移四个门槛全部通过才结束，任一否决项都转迁移。缺省、非法、冲突状态采取保守分支；已经重试一次的结果不能再次触发检测器。检测器必须设置 finish_after_tool=false；迁移顾问使用当前图片和视觉探针并设置 finish_after_tool=true。,True,examples/images/planner_retry_optimizer_matched_v12/goldorange_five_star_recheck.png,"[{""action"": ""qwen_detection"", ""arg_contains"": {""label"": [""金橙五星复检片""]}, ""decision_type"": ""tool"", ""required_args"": {""finish_after_tool"": false}}, {""arg_contains"": {}, ""decision_type"": ""end"", ""required_args"": {""end_reason"": ""memory_hit""}}]","[""rag_answer"", ""re_question"", ""answerer"", ""flux-image-generation"", ""rexomni_detection"", ""pipeline_eval"", ""migration_advisor""]","{""action_match"": 0.65, ""argument_match"": 0.1, ""decision_type_valid"": 0.03, ""final_tool_finish"": 0.1, ""finish_after_tool"": 0.1, ""json_valid"": 0.02, ""no_forbidden_action"": 0.1, ""no_premature_stop"": 0.1, ""no_repeated_tool"": 0.1, ""no_skip_required_probe"": 0.1, ""strict_action_match"": true, ""strict_argument_types"": true, ""wrong_action_cap"": 0.2}",True,1.0,"[""qwen_detection"", ""final_answer""]",qwen_detection,"[{""_planner_metrics"": {""api_call_ms"": 6496.36, ""first_api_call_ms"": 6496.36, ""first_finish_reason"": ""stop"", ""first_input_tokens"": 4020, ""first_output_tokens"": 49, ""first_total_tokens"": 4069, ""input_tokens"": 4020, ""output_tokens"": 49, ""parse_ms"": 0.141, ""planner_total_ms"": 6509.407, ""prompt_build_ms"": 0.368, ""retry_count"": 0, ""retry_reason"": """", ""total_tokens"": 4069}, ""action"": ""qwen_detection"", ""action_input"": {""finish_after_tool"": false, ""label"": ""金橙五星复检片""}, ""clarification_question"": """", ""decision_type"": ""tool"", ""end_reason"": """", ""final_answer"": """", ""thought"": ""先执行用户指定的检测器以取得当前结构化状态。""}, {""_planner_metrics"": {""api_call_ms"": 4981.33, ""first_api_call_ms"": 4981.33, ""first_finish_reason"": ""stop"", ""first_input_tokens"": 4328, ""first_output_tokens"": 34, ""first_total_tokens"": 4362, ""input_tokens"": 4328, ""output_tokens"": 34, ""parse_ms"": 0.127, ""planner_total_ms"": 4997.24, ""prompt_build_ms"": 0.472, ""retry_count"": 0, ""retry_reason"": """", ""total_tokens"": 4362}, ""action"": ""final_answer"", ""action_input"": {}, ""clarification_question"": """", ""decision_type"": ""end"", ""end_reason"": ""memory_hit"", ""final_answer"": """", ""thought"": ""最新结构化状态已满足全部硬门槛，可以结束本轮规划。""}]",,6509.407,6496.36,4020,49,1,1,True,False
PROMV12-TB-009-REX-BE2,budget_exhausted_step2,能力迁移已候场，先核验最新探针回执：先使用Rex-Omni检测附件中的金橙五星复检片，检测结果仅作为中间状态。最终需要判断林区无人机补给舱探针恢复复议6446号应继续现有能力、结束，还是进入迁移评估。自然语言里的故障等级和预算描述没有路由优先级，只读取本 query 最新 observation 的结构化键值。错误状态仅在 retryable=true 与 retry_count=0 同时成立时复用原检测器一次，否则调用迁移顾问。正常状态需要候选数、置信度、跨提示一致性和域偏移四个门槛全部通过才结束，任一否决项都转迁移。缺省、非法、冲突状态采取保守分支；已经重试一次的结果不能再次触发检测器。检测器必须设置 finish_after_tool=false；迁移顾问使用当前图片和视觉探针并设置 finish_after_tool=true。,True,examples/images/planner_retry_optimizer_matched_v12/goldorange_five_star_recheck.png,"[{""action"": ""rexomni_detection"", ""arg_contains"": {""label"": [""金橙五星复检片""]}, ""decision_type"": ""tool"", ""required_args"": {""finish_after_tool"": false}}, {""action"": ""migration_advisor"", ""arg_contains"": {""user_query"": [""林区无人机补给舱探针恢复复议6446号""]}, ""decision_type"": ""tool"", ""required_args"": {""finish_after_tool"": true, ""use_image"": true, ""use_visual_probe"": true}}]","[""rag_answer"", ""re_question"", ""answerer"", ""flux-image-generation"", ""qwen_detection"", ""pipeline_eval""]","{""action_match"": 0.65, ""argument_match"": 0.1, ""decision_type_valid"": 0.03, ""final_tool_finish"": 0.1, ""finish_after_tool"": 0.1, ""json_valid"": 0.02, ""no_forbidden_action"": 0.1, ""no_premature_stop"": 0.1, ""no_repeated_tool"": 0.1, ""no_skip_required_probe"": 0.1, ""strict_action_match"": true, ""strict_argument_types"": true, ""wrong_action_cap"": 0.2}",True,1.0,"[""rexomni_detection"", ""migration_advisor""]",rexomni_detection,"[{""_planner_metrics"": {""api_call_ms"": 6551.587, ""first_api_call_ms"": 6551.587, ""first_finish_reason"": ""stop"", ""first_input_tokens"": 4025, ""first_output_tokens"": 50, ""first_total_tokens"": 4075, ""input_tokens"": 4025, ""output_tokens"": 50, ""parse_ms"": 0.158, ""planner_total_ms"": 6564.46, ""prompt_build_ms"": 0.358, ""retry_count"": 0, ""retry_reason"": """", ""total_tokens"": 4075}, ""action"": ""rexomni_detection"", ""action_input"": {""finish_after_tool"": false, ""label"": ""金橙五星复检片""}, ""clarification_question"": """", ""decision_type"": ""tool"", ""end_reason"": """", ""final_answer"": """", ""thought"": ""先执行用户指定的检测器以取得当前结构化状态。""}, {""_planner_metrics"": {""api_call_ms"": 8731.247, ""first_api_call_ms"": 8731.247, ""first_finish_reason"": ""stop"", ""first_input_tokens"": 4335, ""first_output_tokens"": 70, ""first_total_tokens"": 4405, ""input_tokens"": 4335, ""output_tokens"": 70, ""parse_ms"": 0.14, ""planner_total_ms"": 8745.715, ""prompt_build_ms"": 0.403, ""retry_count"": 0, ""retry_reason"": """", ""total_tokens"": 4405}, ""action"": ""migration_advisor"", ""action_input"": {""finish_after_tool"": true, ""use_image"": true, ""use_visual_probe"": true, ""user_query"": ""林区无人机补给舱探针恢复复议6446号""}, ""clarification_question"": """", ""decision_type"": ""tool"", ""end_reason"": """", ""final_answer"": """", ""thought"": ""最新状态未满足结束或重试条件，需要能力迁移评估。""}]",,6564.46,6551.587,4025,50,1,1,True,False
PROMV12-TB-004-QWEN-BE2,budget_exhausted_step2,读取这次机器状态并选择唯一动作：先使用Qwen检测附件中的金橙五星复检片，检测结果仅作为中间状态。最终需要判断碳化硅陶瓷烧结台回执分支终签7625号应继续现有能力、结束，还是进入迁移评估。自然语言里的故障等级和预算描述没有路由优先级，只读取本 query 最新 observation 的结构化键值。错误状态仅在 retryable=true 与 retry_count=0 同时成立时复用原检测器一次，否则调用迁移顾问。正常状态需要候选数、置信度、跨提示一致性和域偏移四个门槛全部通过才结束，任一否决项都转迁移。缺省、非法、冲突状态采取保守分支；已经重试一次的结果不能再次触发检测器。检测器必须设置 finish_after_tool=false；迁移顾问使用当前图片和视觉探针并设置 finish_after_tool=true。,True,examples/images/planner_retry_optimizer_matched_v12/goldorange_five_star_recheck.png,"[{""action"": ""qwen_detection"", ""arg_contains"": {""label"": [""金橙五星复检片""]}, ""decision_type"": ""tool"", ""required_args"": {""finish_after_tool"": false}}, {""action"": ""migration_advisor"", ""arg_contains"": {""user_query"": [""碳化硅陶瓷烧结台回执分支终签7625号""]}, ""decision_type"": ""tool"", ""required_args"": {""finish_after_tool"": true, ""use_image"": true, ""use_visual_probe"": true}}]","[""rag_answer"", ""re_question"", ""answerer"", ""flux-image-generation"", ""rexomni_detection"", ""pipeline_eval""]","{""action_match"": 0.65, ""argument_match"": 0.1, ""decision_type_valid"": 0.03, ""final_tool_finish"": 0.1, ""finish_after_tool"": 0.1, ""json_valid"": 0.02, ""no_forbidden_action"": 0.1, ""no_premature_stop"": 0.1, ""no_repeated_tool"": 0.1, ""no_skip_required_probe"": 0.1, ""strict_action_match"": true, ""strict_argument_types"": true, ""wrong_action_cap"": 0.2}",True,1.0,"[""qwen_detection"", ""migration_advisor""]",qwen_detection,"[{""_planner_metrics"": {""api_call_ms"": 6356.378, ""first_api_call_ms"": 6356.378, ""first_finish_reason"": ""stop"", ""first_input_tokens"": 4017, ""first_output_tokens"": 49, ""first_total_tokens"": 4066, ""input_tokens"": 4017, ""output_tokens"": 49, ""parse_ms"": 0.136, ""planner_total_ms"": 6369.351, ""prompt_build_ms"": 0.344, ""retry_count"": 0, ""retry_reason"": """", ""total_tokens"": 4066}, ""action"": ""qwen_detection"", ""action_input"": {""finish_after_tool"": false, ""label"": ""金橙五星复检片""}, ""clarification_question"": """", ""decision_type"": ""tool"", ""end_reason"": """", ""final_answer"": """", ""thought"": ""先执行用户指定的检测器以取得当前结构化状态。""}, {""_planner_metrics"": {""api_call_ms"": 9021.319, ""first_api_call_ms"": 9021.319, ""first_finish_reason"": ""stop"", ""first_input_tokens"": 4322, ""first_output_tokens"": 73, ""first_total_tokens"": 4395, ""input_tokens"": 4322, ""output_tokens"": 73, ""parse_ms"": 0.222, ""planner_total_ms"": 9036.098, ""prompt_build_ms"": 0.387, ""retry_count"": 0, ""retry_reason"": """", ""total_tokens"": 4395}, ""action"": ""migration_advisor"", ""action_input"": {""finish_after_tool"": true, ""use_image"": true, ""use_visual_probe"": true, ""user_query"": ""碳化硅陶瓷烧结台回执分支终签7625号""}, ""clarification_question"": """", ""decision_type"": ""tool"", ""end_reason"": """", ""final_answer"": """", ""thought"": ""最新状态未满足结束或重试条件，需要进入能力迁移评估。""}]",,6369.351,6356.378,4017,49,1,1,True,False
PROMV12-TB-008-QWEN-CS2,current_success_step2,能力迁移已候场，先核验最新探针回执：先使用Qwen检测附件中的玄铜弧顶缓冲座，检测结果仅作为中间状态。最终需要判断流域梯级调度闸站探针恢复复议4894号应继续现有能力、结束，还是进入迁移评估。自然语言里的故障等级和预算描述没有路由优先级，只读取本 query 最新 observation 的结构化键值。错误状态仅在 retryable=true 与 retry_count=0 同时成立时复用原检测器一次，否则调用迁移顾问。正常状态需要候选数、置信度、跨提示一致性和域偏移四个门槛全部通过才结束，任一否决项都转迁移。缺省、非法、冲突状态采取保守分支；已经重试一次的结果不能再次触发检测器。检测器必须设置 finish_after_tool=false；迁移顾问使用当前图片和视觉探针并设置 finish_after_tool=true。,True,examples/images/planner_retry_optimizer_matched_v12/darkbronze_arch_buffer.png,"[{""action"": ""qwen_detection"", ""arg_contains"": {""label"": [""玄铜弧顶缓冲座""]}, ""decision_type"": ""tool"", ""required_args"": {""finish_after_tool"": false}}, {""arg_contains"": {}, ""decision_type"": ""end"", ""required_args"": {""end_reason"": ""memory_hit""}}]","[""rag_answer"", ""re_question"", ""answerer"", ""flux-image-generation"", ""rexomni_detection"", ""pipeline_eval"", ""migration_advisor""]","{""action_match"": 0.65, ""argument_match"": 0.1, ""decision_type_valid"": 0.03, ""final_tool_finish"": 0.1, ""finish_after_tool"": 0.1, ""json_valid"": 0.02, ""no_forbidden_action"": 0.1, ""no_premature_stop"": 0.1, ""no_repeated_tool"": 0.1, ""no_skip_required_probe"": 0.1, ""strict_action_match"": true, ""strict_argument_types"": true, ""wrong_action_cap"": 0.2}",True,1.0,"[""qwen_detection"", ""final_answer""]",qwen_detection,"[{""_planner_metrics"": {""api_call_ms"": 6489.412, ""first_api_call_ms"": 6489.412, ""first_finish_reason"": ""stop"", ""first_input_tokens"": 4021, ""first_output_tokens"": 50, ""first_total_tokens"": 4071, ""input_tokens"": 4021, ""output_tokens"": 50, ""parse_ms"": 0.154, ""planner_total_ms"": 6503.142, ""prompt_build_ms"": 0.473, ""retry_count"": 0, ""retry_reason"": """", ""total_tokens"": 4071}, ""action"": ""qwen_detection"", ""action_input"": {""finish_after_tool"": false, ""label"": ""玄铜弧顶缓冲座""}, ""clarification_question"": """", ""decision_type"": ""tool"", ""end_reason"": """", ""final_answer"": """", ""thought"": ""先使用用户指定的检测器对指定目标进行探针。""}, {""_planner_metrics"": {""api_call_ms"": 4819.249, ""first_api_call_ms"": 4819.249, ""first_finish_reason"": ""stop"", ""first_input_tokens"": 4328, ""first_output_tokens"": 33, ""first_total_tokens"": 4361, ""input_tokens"": 4328, ""output_tokens"": 33, ""parse_ms"": 0.127, ""planner_total_ms"": 4836.087, ""prompt_build_ms"": 0.522, ""retry_count"": 0, ""retry_reason"": """", ""total_tokens"": 4361}, ""action"": ""final_answer"", ""action_input"": {}, ""clarification_question"": """", ""decision_type"": ""end"", ""end_reason"": ""memory_hit"", ""final_answer"": """", ""thought"": ""最新状态已满足全部正常门槛，可以结束本轮规划。""}]",,6503.142,6489.412,4021,50,1,1,True,False
PROMV12-TB-001-QWEN-MS2,missing_required_state_step2,失联背景和当前预算并存时只使用显式字段：先使用Qwen检测附件中的金橙五星复检片，检测结果仅作为中间状态。最终需要判断碳化硅陶瓷烧结台异常额度会核2063号应继续现有能力、结束，还是进入迁移评估。自然语言里的故障等级和预算描述没有路由优先级，只读取本 query 最新 observation 的结构化键值。错误状态仅在 retryable=true 与 retry_count=0 同时成立时复用原检测器一次，否则调用迁移顾问。正常状态需要候选数、置信度、跨提示一致性和域偏移四个门槛全部通过才结束，任一否决项都转迁移。缺省、非法、冲突状态采取保守分支；已经重试一次的结果不能再次触发检测器。检测器必须设置 finish_after_tool=false；迁移顾问使用当前图片和视觉探针并设置 finish_after_tool=true。,True,examples/images/planner_retry_optimizer_matched_v12/goldorange_five_star_recheck.png,"[{""action"": ""qwen_detection"", ""arg_contains"": {""label"": [""金橙五星复检片""]}, ""decision_type"": ""tool"", ""required_args"": {""finish_after_tool"": false}}, {""action"": ""migration_advisor"", ""arg_contains"": {""user_query"": [""碳化硅陶瓷烧结台异常额度会核2063号""]}, ""decision_type"": ""tool"", ""required_args"": {""finish_after_tool"": true, ""use_image"": true, ""use_visual_probe"": true}}]","[""rag_answer"", ""re_question"", ""answerer"", ""flux-image-generation"", ""rexomni_detection"", ""pipeline_eval""]","{""action_match"": 0.65, ""argument_match"": 0.1, ""decision_type_valid"": 0.03, ""final_tool_finish"": 0.1, ""finish_after_tool"": 0.1, ""json_valid"": 0.02, ""no_forbidden_action"": 0.1, ""no_premature_stop"": 0.1, ""no_repeated_tool"": 0.1, ""no_skip_required_probe"": 0.1, ""strict_action_match"": true, ""strict_argument_types"": true, ""wrong_action_cap"": 0.2}",True,1.0,"[""qwen_detection"", ""migration_advisor""]",qwen_detection,"[{""_planner_metrics"": {""api_call_ms"": 6383.487, ""first_api_call_ms"": 6383.487, ""first_finish_reason"": ""stop"", ""first_input_tokens"": 4023, ""first_output_tokens"": 49, ""first_total_tokens"": 4072, ""input_tokens"": 4023, ""output_tokens"": 49, ""parse_ms"": 0.137, ""planner_total_ms"": 6397.056, ""prompt_build_ms"": 0.354, ""retry_count"": 0, ""retry_reason"": """", ""total_tokens"": 4072}, ""action"": ""qwen_detection"", ""action_input"": {""finish_after_tool"": false, ""label"": ""金橙五星复检片""}, ""clarification_question"": """", ""decision_type"": ""tool"", ""end_reason"": """", ""final_answer"": """", ""thought"": ""先执行用户指定的检测器以取得当前结构化状态。""}, {""_planner_metrics"": {""api_call_ms"": 9014.164, ""first_api_call_ms"": 9014.164, ""first_finish_reason"": ""stop"", ""first_input_tokens"": 4331, ""first_output_tokens"": 73, ""first_total_tokens"": 4404, ""input_tokens"": 4331, ""output_tokens"": 73, ""parse_ms"": 0.179, ""planner_total_ms"": 9027.811, ""prompt_build_ms"": 0.388, ""retry_count"": 0, ""retry_reason"": """", ""total_tokens"": 4404}, ""action"": ""migration_advisor"", ""action_input"": {""finish_after_tool"": true, ""use_image"": true, ""use_visual_probe"": true, ""user_query"": ""碳化硅陶瓷烧结台异常额度会核2063号""}, ""clarification_question"": """", ""decision_type"": ""tool"", ""end_reason"": """", ""final_answer"": """", ""thought"": ""最新状态未满足结束或重试条件，需要进入能力迁移评估。""}]",,6397.056,6383.487,4023,49,1,1,True,False
PROMV12-TB-008-REX-PV3,post_retry_metric_veto_step3,能力迁移已候场，先核验最新探针回执：先使用Rex-Omni检测附件中的玄铜弧顶缓冲座，检测结果仅作为中间状态。最终需要判断流域梯级调度闸站探针恢复复议4894号应继续现有能力、结束，还是进入迁移评估。自然语言里的故障等级和预算描述没有路由优先级，只读取本 query 最新 observation 的结构化键值。错误状态仅在 retryable=true 与 retry_count=0 同时成立时复用原检测器一次，否则调用迁移顾问。正常状态需要候选数、置信度、跨提示一致性和域偏移四个门槛全部通过才结束，任一否决项都转迁移。缺省、非法、冲突状态采取保守分支；已经重试一次的结果不能再次触发检测器。检测器必须设置 finish_after_tool=false；迁移顾问使用当前图片和视觉探针并设置 finish_after_tool=true。,True,examples/images/planner_retry_optimizer_matched_v12/darkbronze_arch_buffer.png,"[{""action"": ""rexomni_detection"", ""arg_contains"": {""label"": [""玄铜弧顶缓冲座""]}, ""decision_type"": ""tool"", ""required_args"": {""finish_after_tool"": false}}, {""action"": ""rexomni_detection"", ""arg_contains"": {""label"": [""玄铜弧顶缓冲座""]}, ""decision_type"": ""tool"", ""required_args"": {""finish_after_tool"": false}}, {""action"": ""migration_advisor"", ""arg_contains"": {""user_query"": [""流域梯级调度闸站探针恢复复议4894号""]}, ""decision_type"": ""tool"", ""required_args"": {""finish_after_tool"": true, ""use_image"": true, ""use_visual_probe"": true}}]","[""rag_answer"", ""re_question"", ""answerer"", ""flux-image-generation"", ""qwen_detection"", ""pipeline_eval""]","{""action_match"": 0.65, ""argument_match"": 0.1, ""decision_type_valid"": 0.03, ""final_tool_finish"": 0.1, ""finish_after_tool"": 0.1, ""json_valid"": 0.02, ""no_forbidden_action"": 0.1, ""no_premature_stop"": 0.1, ""no_repeated_tool"": 0.1, ""no_skip_required_probe"": 0.1, ""strict_action_match"": true, ""strict_argument_types"": true, ""wrong_action_cap"": 0.2}",False,0.703125,"[""rexomni_detection"", ""migration_advisor"", ""migration_advisor""]",rexomni_detection,"[{""_planner_metrics"": {""api_call_ms"": 6558.941, ""first_api_call_ms"": 6558.941, ""first_finish_reason"": ""stop"", ""first_input_tokens"": 4030, ""first_output_tokens"": 51, ""first_total_tokens"": 4081, ""input_tokens"": 4030, ""output_tokens"": 51, ""parse_ms"": 0.119, ""planner_total_ms"": 6572.919, ""prompt_build_ms"": 0.356, ""retry_count"": 0, ""retry_reason"": """", ""total_tokens"": 4081}, ""action"": ""rexomni_detection"", ""action_input"": {""finish_after_tool"": false, ""label"": ""玄铜弧顶缓冲座""}, ""clarification_question"": """", ""decision_type"": ""tool"", ""end_reason"": """", ""final_answer"": """", ""thought"": ""先执行用户指定的检测器以取得当前结构化状态。""}, {""_planner_metrics"": {""api_call_ms"": 9000.01, ""first_api_call_ms"": 9000.01, ""first_finish_reason"": ""stop"", ""first_input_tokens"": 4341, ""first_output_tokens"": 73, ""first_total_tokens"": 4414, ""input_tokens"": 4341, ""output_tokens"": 73, ""parse_ms"": 0.152, ""planner_total_ms"": 9014.587, ""prompt_build_ms"": 0.442, ""retry_count"": 0, ""retry_reason"": """", ""total_tokens"": 4414}, ""action"": ""migration_advisor"", ""action_input"": {""finish_after_tool"": true, ""use_image"": true, ""use_visual_probe"": true, ""user_query"": ""流域梯级调度闸站探针恢复复议4894号""}, ""clarification_question"": """", ""decision_type"": ""tool"", ""end_reason"": """", ""final_answer"": """", ""thought"": ""最新状态未满足结束或重试条件，需要进入能力迁移评估。""}, {""_planner_metrics"": {""api_call_ms"": 9153.903, ""first_api_call_ms"": 9153.903, ""first_finish_reason"": ""stop"", ""first_input_tokens"": 4673, ""first_output_tokens"": 73, ""first_total_tokens"": 4746, ""input_tokens"": 4673, ""output_tokens"": 73, ""parse_ms"": 0.149, ""planner_total_ms"": 9169.389, ""prompt_build_ms"": 0.466, ""retry_count"": 0, ""retry_reason"": """", ""total_tokens"": 4746}, ""action"": ""migration_advisor"", ""action_input"": {""finish_after_tool"": true, ""use_image"": true, ""use_visual_probe"": true, ""user_query"": ""流域梯级调度闸站探针恢复复议4894号""}, ""clarification_question"": """", ""decision_type"": ""tool"", ""end_reason"": """", ""final_answer"": """", ""thought"": ""最新状态未满足结束或重试条件，需要进入能力迁移评估。""}]","step2:action expected 'rexomni_detection', got 'migration_advisor' | step2:finish_after_tool expected False, got True | step2:arg 'label' expected to contain ['玄铜弧顶缓冲座'], got None",6572.919,6558.941,4030,51,0,1,False,True
PROMV12-TB-009-REX-CF2,conflicting_state_step2,能力迁移已候场，先核验最新探针回执：先使用Rex-Omni检测附件中的金橙五星复检片，检测结果仅作为中间状态。最终需要判断林区无人机补给舱探针恢复复议6446号应继续现有能力、结束，还是进入迁移评估。自然语言里的故障等级和预算描述没有路由优先级，只读取本 query 最新 observation 的结构化键值。错误状态仅在 retryable=true 与 retry_count=0 同时成立时复用原检测器一次，否则调用迁移顾问。正常状态需要候选数、置信度、跨提示一致性和域偏移四个门槛全部通过才结束，任一否决项都转迁移。缺省、非法、冲突状态采取保守分支；已经重试一次的结果不能再次触发检测器。检测器必须设置 finish_after_tool=false；迁移顾问使用当前图片和视觉探针并设置 finish_after_tool=true。,True,examples/images/planner_retry_optimizer_matched_v12/goldorange_five_star_recheck.png,"[{""action"": ""rexomni_detection"", ""arg_contains"": {""label"": [""金橙五星复检片""]}, ""decision_type"": ""tool"", ""required_args"": {""finish_after_tool"": false}}, {""action"": ""migration_advisor"", ""arg_contains"": {""user_query"": [""林区无人机补给舱探针恢复复议6446号""]}, ""decision_type"": ""tool"", ""required_args"": {""finish_after_tool"": true, ""use_image"": true, ""use_visual_probe"": true}}]","[""rag_answer"", ""re_question"", ""answerer"", ""flux-image-generation"", ""qwen_detection"", ""pipeline_eval""]","{""action_match"": 0.65, ""argument_match"": 0.1, ""decision_type_valid"": 0.03, ""final_tool_finish"": 0.1, ""finish_after_tool"": 0.1, ""json_valid"": 0.02, ""no_forbidden_action"": 0.1, ""no_premature_stop"": 0.1, ""no_repeated_tool"": 0.1, ""no_skip_required_probe"": 0.1, ""strict_action_match"": true, ""strict_argument_types"": true, ""wrong_action_cap"": 0.2}",True,1.0,"[""rexomni_detection"", ""migration_advisor""]",rexomni_detection,"[{""_planner_metrics"": {""api_call_ms"": 6412.774, ""first_api_call_ms"": 6412.774, ""first_finish_reason"": ""stop"", ""first_input_tokens"": 4025, ""first_output_tokens"": 50, ""first_total_tokens"": 4075, ""input_tokens"": 4025, ""output_tokens"": 50, ""parse_ms"": 0.139, ""planner_total_ms"": 6426.022, ""prompt_build_ms"": 0.365, ""retry_count"": 0, ""retry_reason"": """", ""total_tokens"": 4075}, ""action"": ""rexomni_detection"", ""action_input"": {""finish_after_tool"": false, ""label"": ""金橙五星复检片""}, ""clarification_question"": """", ""decision_type"": ""tool"", ""end_reason"": """", ""final_answer"": """", ""thought"": ""先执行用户指定的检测器以取得当前结构化状态。""}, {""_planner_metrics"": {""api_call_ms"": 8698.785, ""first_api_call_ms"": 8698.785, ""first_finish_reason"": ""stop"", ""first_input_tokens"": 4329, ""first_output_tokens"": 71, ""first_total_tokens"": 4400, ""input_tokens"": 4329, ""output_tokens"": 71, ""parse_ms"": 0.155, ""planner_total_ms"": 8712.325, ""prompt_build_ms"": 0.377, ""retry_count"": 0, ""retry_reason"": """", ""total_tokens"": 4400}, ""action"": ""migration_advisor"", ""action_input"": {""finish_after_tool"": true, ""use_image"": true, ""use_visual_probe"": true, ""user_query"": ""林区无人机补给舱探针恢复复议6446号""}, ""clarification_question"": """", ""decision_type"": ""tool"", ""end_reason"": """", ""final_answer"": """", ""thought"": ""最新状态未满足结束或重试条件，需要进入能力迁移评估。""}]",,6426.022,6412.774,4025,50,1,1,True,False
PROMV12-TB-002-QWEN-CF2,conflicting_state_step2,能力迁移已候场，先核验最新探针回执：先使用Qwen检测附件中的金橙五星复检片，检测结果仅作为中间状态。最终需要判断甚低频射电阵列探针恢复复议3574号应继续现有能力、结束，还是进入迁移评估。自然语言里的故障等级和预算描述没有路由优先级，只读取本 query 最新 observation 的结构化键值。错误状态仅在 retryable=true 与 retry_count=0 同时成立时复用原检测器一次，否则调用迁移顾问。正常状态需要候选数、置信度、跨提示一致性和域偏移四个门槛全部通过才结束，任一否决项都转迁移。缺省、非法、冲突状态采取保守分支；已经重试一次的结果不能再次触发检测器。检测器必须设置 finish_after_tool=false；迁移顾问使用当前图片和视觉探针并设置 finish_after_tool=true。,True,examples/images/planner_retry_optimizer_matched_v12/goldorange_five_star_recheck.png,"[{""action"": ""qwen_detection"", ""arg_contains"": {""label"": [""金橙五星复检片""]}, ""decision_type"": ""tool"", ""required_args"": {""finish_after_tool"": false}}, {""action"": ""migration_advisor"", ""arg_contains"": {""user_query"": [""甚低频射电阵列探针恢复复议3574号""]}, ""decision_type"": ""tool"", ""required_args"": {""finish_after_tool"": true, ""use_image"": true, ""use_visual_probe"": true}}]","[""rag_answer"", ""re_question"", ""answerer"", ""flux-image-generation"", ""rexomni_detection"", ""pipeline_eval""]","{""action_match"": 0.65, ""argument_match"": 0.1, ""decision_type_valid"": 0.03, ""final_tool_finish"": 0.1, ""finish_after_tool"": 0.1, ""json_valid"": 0.02, ""no_forbidden_action"": 0.1, ""no_premature_stop"": 0.1, ""no_repeated_tool"": 0.1, ""no_skip_required_probe"": 0.1, ""strict_action_match"": true, ""strict_argument_types"": true, ""wrong_action_cap"": 0.2}",True,1.0,"[""qwen_detection"", ""migration_advisor""]",qwen_detection,"[{""_planner_metrics"": {""api_call_ms"": 6331.533, ""first_api_call_ms"": 6331.533, ""first_finish_reason"": ""stop"", ""first_input_tokens"": 4021, ""first_output_tokens"": 49, ""first_total_tokens"": 4070, ""input_tokens"": 4021, ""output_tokens"": 49, ""parse_ms"": 0.178, ""planner_total_ms"": 6345.944, ""prompt_build_ms"": 0.404, ""retry_count"": 0, ""retry_reason"": """", ""total_tokens"": 4070}, ""action"": ""qwen_detection"", ""action_input"": {""finish_after_tool"": false, ""label"": ""金橙五星复检片""}, ""clarification_question"": """", ""decision_type"": ""tool"", ""end_reason"": """", ""final_answer"": """", ""thought"": ""先使用用户指定的检测器对当前图片进行探针。""}, {""_planner_metrics"": {""api_call_ms"": 8905.548, ""first_api_call_ms"": 8905.548, ""first_finish_reason"": ""stop"", ""first_input_tokens"": 4316, ""first_output_tokens"": 72, ""first_total_tokens"": 4388, ""input_tokens"": 4316, ""output_tokens"": 72, ""parse_ms"": 0.15, ""planner_total_ms"": 8919.663, ""prompt_build_ms"": 0.466, ""retry_count"": 0, ""retry_reason"": """", ""total_tokens"": 4388}, ""action"": ""migration_advisor"", ""action_input"": {""finish_after_tool"": true, ""use_image"": true, ""use_visual_probe"": true, ""user_query"": ""甚低频射电阵列探针恢复复议3574号""}, ""clarification_question"": """", ""decision_type"": ""tool"", ""end_reason"": """", ""final_answer"": """", ""thought"": ""最新状态未满足结束或重试条件，需要进入能力迁移评估。""}]",,6345.944,6331.533,4021,49,1,1,True,False
PROMV12-TB-005-QWEN-CF2,conflicting_state_step2,历史文字可能误导，本轮以后写入的 observation 为准：先使用Qwen检测附件中的玄铜弧顶缓冲座，检测结果仅作为中间状态。最终需要判断流域梯级调度闸站异常额度会核2044号应继续现有能力、结束，还是进入迁移评估。自然语言里的故障等级和预算描述没有路由优先级，只读取本 query 最新 observation 的结构化键值。错误状态仅在 retryable=true 与 retry_count=0 同时成立时复用原检测器一次，否则调用迁移顾问。正常状态需要候选数、置信度、跨提示一致性和域偏移四个门槛全部通过才结束，任一否决项都转迁移。缺省、非法、冲突状态采取保守分支；已经重试一次的结果不能再次触发检测器。检测器必须设置 finish_after_tool=false；迁移顾问使用当前图片和视觉探针并设置 finish_after_tool=true。,True,examples/images/planner_retry_optimizer_matched_v12/darkbronze_arch_buffer.png,"[{""action"": ""qwen_detection"", ""arg_contains"": {""label"": [""玄铜弧顶缓冲座""]}, ""decision_type"": ""tool"", ""required_args"": {""finish_after_tool"": false}}, {""action"": ""migration_advisor"", ""arg_contains"": {""user_query"": [""流域梯级调度闸站异常额度会核2044号""]}, ""decision_type"": ""tool"", ""required_args"": {""finish_after_tool"": true, ""use_image"": true, ""use_visual_probe"": true}}]","[""rag_answer"", ""re_question"", ""answerer"", ""flux-image-generation"", ""rexomni_detection"", ""pipeline_eval""]","{""action_match"": 0.65, ""argument_match"": 0.1, ""decision_type_valid"": 0.03, ""final_tool_finish"": 0.1, ""finish_after_tool"": 0.1, ""json_valid"": 0.02, ""no_forbidden_action"": 0.1, ""no_premature_stop"": 0.1, ""no_repeated_tool"": 0.1, ""no_skip_required_probe"": 0.1, ""strict_action_match"": true, ""strict_argument_types"": true, ""wrong_action_cap"": 0.2}",True,1.0,"[""qwen_detection"", ""migration_advisor""]",qwen_detection,"[{""_planner_metrics"": {""api_call_ms"": 6394.002, ""first_api_call_ms"": 6394.002, ""first_finish_reason"": ""stop"", ""first_input_tokens"": 4028, ""first_output_tokens"": 50, ""first_total_tokens"": 4078, ""input_tokens"": 4028, ""output_tokens"": 50, ""parse_ms"": 0.121, ""planner_total_ms"": 6408.938, ""prompt_build_ms"": 0.367, ""retry_count"": 0, ""retry_reason"": """", ""total_tokens"": 4078}, ""action"": ""qwen_detection"", ""action_input"": {""finish_after_tool"": false, ""label"": ""玄铜弧顶缓冲座""}, ""clarification_question"": """", ""decision_type"": ""tool"", ""end_reason"": """", ""final_answer"": """", ""thought"": ""先执行用户指定的检测器以取得当前结构化状态。""}, {""_planner_metrics"": {""api_call_ms"": 9197.775, ""first_api_call_ms"": 9197.775, ""first_finish_reason"": ""stop"", ""first_input_tokens"": 4329, ""first_output_tokens"": 74, ""first_total_tokens"": 4403, ""input_tokens"": 4329, ""output_tokens"": 74, ""parse_ms"": 0.172, ""planner_total_ms"": 9211.56, ""prompt_build_ms"": 0.436, ""retry_count"": 0, ""retry_reason"": """", ""total_tokens"": 4403}, ""action"": ""migration_advisor"", ""action_input"": {""finish_after_tool"": true, ""use_image"": true, ""use_visual_probe"": true, ""user_query"": ""流域梯级调度闸站异常额度会核2044号""}, ""clarification_question"": """", ""decision_type"": ""tool"", ""end_reason"": """", ""final_answer"": """", ""thought"": ""最新状态未满足结束或重试条件，需要进入能力迁移评估。""}]",,6408.938,6394.002,4028,50,1,1,True,False
PROMV12-TB-004-QWEN-CS2,current_success_step2,读取这次机器状态并选择唯一动作：先使用Qwen检测附件中的金橙五星复检片，检测结果仅作为中间状态。最终需要判断碳化硅陶瓷烧结台回执分支终签7625号应继续现有能力、结束，还是进入迁移评估。自然语言里的故障等级和预算描述没有路由优先级，只读取本 query 最新 observation 的结构化键值。错误状态仅在 retryable=true 与 retry_count=0 同时成立时复用原检测器一次，否则调用迁移顾问。正常状态需要候选数、置信度、跨提示一致性和域偏移四个门槛全部通过才结束，任一否决项都转迁移。缺省、非法、冲突状态采取保守分支；已经重试一次的结果不能再次触发检测器。检测器必须设置 finish_after_tool=false；迁移顾问使用当前图片和视觉探针并设置 finish_after_tool=true。,True,examples/images/planner_retry_optimizer_matched_v12/goldorange_five_star_recheck.png,"[{""action"": ""qwen_detection"", ""arg_contains"": {""label"": [""金橙五星复检片""]}, ""decision_type"": ""tool"", ""required_args"": {""finish_after_tool"": false}}, {""arg_contains"": {}, ""decision_type"": ""end"", ""required_args"": {""end_reason"": ""memory_hit""}}]","[""rag_answer"", ""re_question"", ""answerer"", ""flux-image-generation"", ""rexomni_detection"", ""pipeline_eval"", ""migration_advisor""]","{""action_match"": 0.65, ""argument_match"": 0.1, ""decision_type_valid"": 0.03, ""final_tool_finish"": 0.1, ""finish_after_tool"": 0.1, ""json_valid"": 0.02, ""no_forbidden_action"": 0.1, ""no_premature_stop"": 0.1, ""no_repeated_tool"": 0.1, ""no_skip_required_probe"": 0.1, ""strict_action_match"": true, ""strict_argument_types"": true, ""wrong_action_cap"": 0.2}",True,1.0,"[""qwen_detection"", ""final_answer""]",qwen_detection,"[{""_planner_metrics"": {""api_call_ms"": 6423.136, ""first_api_call_ms"": 6423.136, ""first_finish_reason"": ""stop"", ""first_input_tokens"": 4014, ""first_output_tokens"": 49, ""first_total_tokens"": 4063, ""input_tokens"": 4014, ""output_tokens"": 49, ""parse_ms"": 0.172, ""planner_total_ms"": 6436.992, ""prompt_build_ms"": 0.387, ""retry_count"": 0, ""retry_reason"": """", ""total_tokens"": 4063}, ""action"": ""qwen_detection"", ""action_input"": {""finish_after_tool"": false, ""label"": ""金橙五星复检片""}, ""clarification_question"": """", ""decision_type"": ""tool"", ""end_reason"": """", ""final_answer"": """", ""thought"": ""先执行用户指定的检测器以取得当前结构化状态。""}, {""_planner_metrics"": {""api_call_ms"": 4929.674, ""first_api_call_ms"": 4929.674, ""first_finish_reason"": ""stop"", ""first_input_tokens"": 4316, ""first_output_tokens"": 34, ""first_total_tokens"": 4350, ""input_tokens"": 4316, ""output_tokens"": 34, ""parse_ms"": 0.126, ""planner_total_ms"": 4943.699, ""prompt_build_ms"": 0.526, ""retry_count"": 0, ""retry_reason"": """", ""total_tokens"": 4350}, ""action"": ""final_answer"", ""action_input"": {}, ""clarification_question"": """", ""decision_type"": ""end"", ""end_reason"": ""memory_hit"", ""final_answer"": """", ""thought"": ""最新结构化状态已满足全部硬门槛，可以结束本轮规划。""}]",,6436.992,6423.136,4014,49,1,1,True,False
PROMV12-TB-009-QWEN-PS3,post_retry_success_step3,能力迁移已候场，先核验最新探针回执：先使用Qwen检测附件中的金橙五星复检片，检测结果仅作为中间状态。最终需要判断林区无人机补给舱探针恢复复议6446号应继续现有能力、结束，还是进入迁移评估。自然语言里的故障等级和预算描述没有路由优先级，只读取本 query 最新 observation 的结构化键值。错误状态仅在 retryable=true 与 retry_count=0 同时成立时复用原检测器一次，否则调用迁移顾问。正常状态需要候选数、置信度、跨提示一致性和域偏移四个门槛全部通过才结束，任一否决项都转迁移。缺省、非法、冲突状态采取保守分支；已经重试一次的结果不能再次触发检测器。检测器必须设置 finish_after_tool=false；迁移顾问使用当前图片和视觉探针并设置 finish_after_tool=true。,True,examples/images/planner_retry_optimizer_matched_v12/goldorange_five_star_recheck.png,"[{""action"": ""qwen_detection"", ""arg_contains"": {""label"": [""金橙五星复检片""]}, ""decision_type"": ""tool"", ""required_args"": {""finish_after_tool"": false}}, {""action"": ""qwen_detection"", ""arg_contains"": {""label"": [""金橙五星复检片""]}, ""decision_type"": ""tool"", ""required_args"": {""finish_after_tool"": false}}, {""arg_contains"": {}, ""decision_type"": ""end"", ""required_args"": {""end_reason"": ""memory_hit""}}]","[""rag_answer"", ""re_question"", ""answerer"", ""flux-image-generation"", ""rexomni_detection"", ""pipeline_eval"", ""migration_advisor""]","{""action_match"": 0.65, ""argument_match"": 0.1, ""decision_type_valid"": 0.03, ""final_tool_finish"": 0.1, ""finish_after_tool"": 0.1, ""json_valid"": 0.02, ""no_forbidden_action"": 0.1, ""no_premature_stop"": 0.1, ""no_repeated_tool"": 0.1, ""no_skip_required_probe"": 0.1, ""strict_action_match"": true, ""strict_argument_types"": true, ""wrong_action_cap"": 0.2}",False,0.428125,"[""qwen_detection"", ""migration_advisor"", ""migration_advisor""]",qwen_detection,"[{""_planner_metrics"": {""api_call_ms"": 6371.669, ""first_api_call_ms"": 6371.669, ""first_finish_reason"": ""stop"", ""first_input_tokens"": 4019, ""first_output_tokens"": 49, ""first_total_tokens"": 4068, ""input_tokens"": 4019, ""output_tokens"": 49, ""parse_ms"": 0.135, ""planner_total_ms"": 6383.919, ""prompt_build_ms"": 0.346, ""retry_count"": 0, ""retry_reason"": """", ""total_tokens"": 4068}, ""action"": ""qwen_detection"", ""action_input"": {""finish_after_tool"": false, ""label"": ""金橙五星复检片""}, ""clarification_question"": """", ""decision_type"": ""tool"", ""end_reason"": """", ""final_answer"": """", ""thought"": ""先使用用户指定的检测器对当前图片进行探针。""}, {""_planner_metrics"": {""api_call_ms"": 8714.862, ""first_api_call_ms"": 8714.862, ""first_finish_reason"": ""stop"", ""first_input_tokens"": 4326, ""first_output_tokens"": 71, ""first_total_tokens"": 4397, ""input_tokens"": 4326, ""output_tokens"": 71, ""parse_ms"": 0.14, ""planner_total_ms"": 8728.412, ""prompt_build_ms"": 0.406, ""retry_count"": 0, ""retry_reason"": """", ""total_tokens"": 4397}, ""action"": ""migration_advisor"", ""action_input"": {""finish_after_tool"": true, ""use_image"": true, ""use_visual_probe"": true, ""user_query"": ""林区无人机补给舱探针恢复复议6446号""}, ""clarification_question"": """", ""decision_type"": ""tool"", ""end_reason"": """", ""final_answer"": """", ""thought"": ""最新状态未满足结束或重试条件，需要进入能力迁移评估。""}, {""_planner_metrics"": {""api_call_ms"": 8932.561, ""first_api_call_ms"": 8932.561, ""first_finish_reason"": ""stop"", ""first_input_tokens"": 4660, ""first_output_tokens"": 71, ""first_total_tokens"": 4731, ""input_tokens"": 4660, ""output_tokens"": 71, ""parse_ms"": 0.148, ""planner_total_ms"": 8946.868, ""prompt_build_ms"": 0.427, ""retry_count"": 0, ""retry_reason"": """", ""total_tokens"": 4731}, ""action"": ""migration_advisor"", ""action_input"": {""finish_after_tool"": true, ""use_image"": true, ""use_visual_probe"": true, ""user_query"": ""林区无人机补给舱探针恢复复议6446号""}, ""clarification_question"": """", ""decision_type"": ""tool"", ""end_reason"": """", ""final_answer"": """", ""thought"": ""最新状态未满足结束或重试条件，需要进入能力迁移评估。""}]","step2:action expected 'qwen_detection', got 'migration_advisor' | step2:finish_after_tool expected False, got True | step2:arg 'label' expected to contain ['金橙五星复检片'], got None | step3:decision_type expected 'end', got 'tool' | step3:action expected 'end', got 'migration_advisor' | step3:arg 'end_reason' expected 'memory_hit', got '' | forbidden:migration_advisor | forbidden:migration_advisor",6383.919,6371.669,4019,49,0,1,False,True
PROMV12-TB-001-REX-CF2,conflicting_state_step2,失联背景和当前预算并存时只使用显式字段：先使用Rex-Omni检测附件中的金橙五星复检片，检测结果仅作为中间状态。最终需要判断碳化硅陶瓷烧结台异常额度会核2063号应继续现有能力、结束，还是进入迁移评估。自然语言里的故障等级和预算描述没有路由优先级，只读取本 query 最新 observation 的结构化键值。错误状态仅在 retryable=true 与 retry_count=0 同时成立时复用原检测器一次，否则调用迁移顾问。正常状态需要候选数、置信度、跨提示一致性和域偏移四个门槛全部通过才结束，任一否决项都转迁移。缺省、非法、冲突状态采取保守分支；已经重试一次的结果不能再次触发检测器。检测器必须设置 finish_after_tool=false；迁移顾问使用当前图片和视觉探针并设置 finish_after_tool=true。,True,examples/images/planner_retry_optimizer_matched_v12/goldorange_five_star_recheck.png,"[{""action"": ""rexomni_detection"", ""arg_contains"": {""label"": [""金橙五星复检片""]}, ""decision_type"": ""tool"", ""required_args"": {""finish_after_tool"": false}}, {""action"": ""migration_advisor"", ""arg_contains"": {""user_query"": [""碳化硅陶瓷烧结台异常额度会核2063号""]}, ""decision_type"": ""tool"", ""required_args"": {""finish_after_tool"": true, ""use_image"": true, ""use_visual_probe"": true}}]","[""rag_answer"", ""re_question"", ""answerer"", ""flux-image-generation"", ""qwen_detection"", ""pipeline_eval""]","{""action_match"": 0.65, ""argument_match"": 0.1, ""decision_type_valid"": 0.03, ""final_tool_finish"": 0.1, ""finish_after_tool"": 0.1, ""json_valid"": 0.02, ""no_forbidden_action"": 0.1, ""no_premature_stop"": 0.1, ""no_repeated_tool"": 0.1, ""no_skip_required_probe"": 0.1, ""strict_action_match"": true, ""strict_argument_types"": true, ""wrong_action_cap"": 0.2}",True,1.0,"[""rexomni_detection"", ""migration_advisor""]",rexomni_detection,"[{""_planner_metrics"": {""api_call_ms"": 6497.775, ""first_api_call_ms"": 6497.775, ""first_finish_reason"": ""stop"", ""first_input_tokens"": 4029, ""first_output_tokens"": 50, ""first_total_tokens"": 4079, ""input_tokens"": 4029, ""output_tokens"": 50, ""parse_ms"": 0.18, ""planner_total_ms"": 6512.873, ""prompt_build_ms"": 0.454, ""retry_count"": 0, ""retry_reason"": """", ""total_tokens"": 4079}, ""action"": ""rexomni_detection"", ""action_input"": {""finish_after_tool"": false, ""label"": ""金橙五星复检片""}, ""clarification_question"": """", ""decision_type"": ""tool"", ""end_reason"": """", ""final_answer"": """", ""thought"": ""先执行用户指定的检测器以取得当前结构化状态。""}, {""_planner_metrics"": {""api_call_ms"": 8966.714, ""first_api_call_ms"": 8966.714, ""first_finish_reason"": ""stop"", ""first_input_tokens"": 4332, ""first_output_tokens"": 73, ""first_total_tokens"": 4405, ""input_tokens"": 4332, ""output_tokens"": 73, ""parse_ms"": 0.183, ""planner_total_ms"": 8980.443, ""prompt_build_ms"": 0.466, ""retry_count"": 0, ""retry_reason"": """", ""total_tokens"": 4405}, ""action"": ""migration_advisor"", ""action_input"": {""finish_after_tool"": true, ""use_image"": true, ""use_visual_probe"": true, ""user_query"": ""碳化硅陶瓷烧结台异常额度会核2063号""}, ""clarification_question"": """", ""decision_type"": ""tool"", ""end_reason"": """", ""final_answer"": """", ""thought"": ""最新状态未满足结束或重试条件，需要进入能力迁移评估。""}]",,6512.873,6497.775,4029,50,1,1,True,False
PROMV12-TB-001-QWEN-CF2,conflicting_state_step2,失联背景和当前预算并存时只使用显式字段：先使用Qwen检测附件中的金橙五星复检片，检测结果仅作为中间状态。最终需要判断碳化硅陶瓷烧结台异常额度会核2063号应继续现有能力、结束，还是进入迁移评估。自然语言里的故障等级和预算描述没有路由优先级，只读取本 query 最新 observation 的结构化键值。错误状态仅在 retryable=true 与 retry_count=0 同时成立时复用原检测器一次，否则调用迁移顾问。正常状态需要候选数、置信度、跨提示一致性和域偏移四个门槛全部通过才结束，任一否决项都转迁移。缺省、非法、冲突状态采取保守分支；已经重试一次的结果不能再次触发检测器。检测器必须设置 finish_after_tool=false；迁移顾问使用当前图片和视觉探针并设置 finish_after_tool=true。,True,examples/images/planner_retry_optimizer_matched_v12/goldorange_five_star_recheck.png,"[{""action"": ""qwen_detection"", ""arg_contains"": {""label"": [""金橙五星复检片""]}, ""decision_type"": ""tool"", ""required_args"": {""finish_after_tool"": false}}, {""action"": ""migration_advisor"", ""arg_contains"": {""user_query"": [""碳化硅陶瓷烧结台异常额度会核2063号""]}, ""decision_type"": ""tool"", ""required_args"": {""finish_after_tool"": true, ""use_image"": true, ""use_visual_probe"": true}}]","[""rag_answer"", ""re_question"", ""answerer"", ""flux-image-generation"", ""rexomni_detection"", ""pipeline_eval""]","{""action_match"": 0.65, ""argument_match"": 0.1, ""decision_type_valid"": 0.03, ""final_tool_finish"": 0.1, ""finish_after_tool"": 0.1, ""json_valid"": 0.02, ""no_forbidden_action"": 0.1, ""no_premature_stop"": 0.1, ""no_repeated_tool"": 0.1, ""no_skip_required_probe"": 0.1, ""strict_action_match"": true, ""strict_argument_types"": true, ""wrong_action_cap"": 0.2}",True,1.0,"[""qwen_detection"", ""migration_advisor""]",qwen_detection,"[{""_planner_metrics"": {""api_call_ms"": 6356.858, ""first_api_call_ms"": 6356.858, ""first_finish_reason"": ""stop"", ""first_input_tokens"": 4023, ""first_output_tokens"": 49, ""first_total_tokens"": 4072, ""input_tokens"": 4023, ""output_tokens"": 49, ""parse_ms"": 0.181, ""planner_total_ms"": 6370.358, ""prompt_build_ms"": 0.395, ""retry_count"": 0, ""retry_reason"": """", ""total_tokens"": 4072}, ""action"": ""qwen_detection"", ""action_input"": {""finish_after_tool"": false, ""label"": ""金橙五星复检片""}, ""clarification_question"": """", ""decision_type"": ""tool"", ""end_reason"": """", ""final_answer"": """", ""thought"": ""先执行用户指定的检测器以取得当前结构化状态。""}, {""_planner_metrics"": {""api_call_ms"": 8949.381, ""first_api_call_ms"": 8949.381, ""first_finish_reason"": ""stop"", ""first_input_tokens"": 4324, ""first_output_tokens"": 73, ""first_total_tokens"": 4397, ""input_tokens"": 4324, ""output_tokens"": 73, ""parse_ms"": 0.181, ""planner_total_ms"": 8963.901, ""prompt_build_ms"": 0.492, ""retry_count"": 0, ""retry_reason"": """", ""total_tokens"": 4397}, ""action"": ""migration_advisor"", ""action_input"": {""finish_after_tool"": true, ""use_image"": true, ""use_visual_probe"": true, ""user_query"": ""碳化硅陶瓷烧结台异常额度会核2063号""}, ""clarification_question"": """", ""decision_type"": ""tool"", ""end_reason"": """", ""final_answer"": """", ""thought"": ""最新状态未满足结束或迁移条件，需要继续按规则推进。""}]",,6370.358,6356.858,4023,49,1,1,True,False
PROMV12-TB-006-REX-PV3,post_retry_metric_veto_step3,历史文字可能误导，本轮以后写入的 observation 为准：先使用Rex-Omni检测附件中的玄铜弧顶缓冲座，检测结果仅作为中间状态。最终需要判断林区无人机补给舱异常额度会核9970号应继续现有能力、结束，还是进入迁移评估。自然语言里的故障等级和预算描述没有路由优先级，只读取本 query 最新 observation 的结构化键值。错误状态仅在 retryable=true 与 retry_count=0 同时成立时复用原检测器一次，否则调用迁移顾问。正常状态需要候选数、置信度、跨提示一致性和域偏移四个门槛全部通过才结束，任一否决项都转迁移。缺省、非法、冲突状态采取保守分支；已经重试一次的结果不能再次触发检测器。检测器必须设置 finish_after_tool=false；迁移顾问使用当前图片和视觉探针并设置 finish_after_tool=true。,True,examples/images/planner_retry_optimizer_matched_v12/darkbronze_arch_buffer.png,"[{""action"": ""rexomni_detection"", ""arg_contains"": {""label"": [""玄铜弧顶缓冲座""]}, ""decision_type"": ""tool"", ""required_args"": {""finish_after_tool"": false}}, {""action"": ""rexomni_detection"", ""arg_contains"": {""label"": [""玄铜弧顶缓冲座""]}, ""decision_type"": ""tool"", ""required_args"": {""finish_after_tool"": false}}, {""action"": ""migration_advisor"", ""arg_contains"": {""user_query"": [""林区无人机补给舱异常额度会核9970号""]}, ""decision_type"": ""tool"", ""required_args"": {""finish_after_tool"": true, ""use_image"": true, ""use_visual_probe"": true}}]","[""rag_answer"", ""re_question"", ""answerer"", ""flux-image-generation"", ""qwen_detection"", ""pipeline_eval""]","{""action_match"": 0.65, ""argument_match"": 0.1, ""decision_type_valid"": 0.03, ""final_tool_finish"": 0.1, ""finish_after_tool"": 0.1, ""json_valid"": 0.02, ""no_forbidden_action"": 0.1, ""no_premature_stop"": 0.1, ""no_repeated_tool"": 0.1, ""no_skip_required_probe"": 0.1, ""strict_action_match"": true, ""strict_argument_types"": true, ""wrong_action_cap"": 0.2}",True,1.0,"[""rexomni_detection"", ""rexomni_detection"", ""migration_advisor""]",rexomni_detection,"[{""_planner_metrics"": {""api_call_ms"": 6514.452, ""first_api_call_ms"": 6514.452, ""first_finish_reason"": ""stop"", ""first_input_tokens"": 4030, ""first_output_tokens"": 51, ""first_total_tokens"": 4081, ""input_tokens"": 4030, ""output_tokens"": 51, ""parse_ms"": 0.157, ""planner_total_ms"": 6528.768, ""prompt_build_ms"": 0.379, ""retry_count"": 0, ""retry_reason"": """", ""total_tokens"": 4081}, ""action"": ""rexomni_detection"", ""action_input"": {""finish_after_tool"": false, ""label"": ""玄铜弧顶缓冲座""}, ""clarification_question"": """", ""decision_type"": ""tool"", ""end_reason"": """", ""final_answer"": """", ""thought"": ""先执行用户指定的检测器以取得当前结构化状态。""}, {""_planner_metrics"": {""api_call_ms"": 7007.443, ""first_api_call_ms"": 7007.443, ""first_finish_reason"": ""stop"", ""first_input_tokens"": 4336, ""first_output_tokens"": 54, ""first_total_tokens"": 4390, ""input_tokens"": 4336, ""output_tokens"": 54, ""parse_ms"": 0.193, ""planner_total_ms"": 7021.919, ""prompt_build_ms"": 0.529, ""retry_count"": 0, ""retry_reason"": """", ""total_tokens"": 4390}, ""action"": ""rexomni_detection"", ""action_input"": {""finish_after_tool"": false, ""label"": ""玄铜弧顶缓冲座""}, ""clarification_question"": """", ""decision_type"": ""tool"", ""end_reason"": """", ""final_answer"": """", ""thought"": ""最新状态满足错误状态重试条件，需要再次使用同一检测器。""}, {""_planner_metrics"": {""api_call_ms"": 9027.154, ""first_api_call_ms"": 9027.154, ""first_finish_reason"": ""stop"", ""first_input_tokens"": 4640, ""first_output_tokens"": 73, ""first_total_tokens"": 4713, ""input_tokens"": 4640, ""output_tokens"": 73, ""parse_ms"": 0.151, ""planner_total_ms"": 9041.641, ""prompt_build_ms"": 0.41, ""retry_count"": 0, ""retry_reason"": """", ""total_tokens"": 4713}, ""action"": ""migration_advisor"", ""action_input"": {""finish_after_tool"": true, ""use_image"": true, ""use_visual_probe"": true, ""user_query"": ""林区无人机补给舱异常额度会核9970号""}, ""clarification_question"": """", ""decision_type"": ""tool"", ""end_reason"": """", ""final_answer"": """", ""thought"": ""最新状态未满足结束或迁移条件，需要按规则进入保守分支。""}]",,6528.768,6514.452,4030,51,1,1,True,False
PROMV12-TB-006-REX-MS2,missing_required_state_step2,历史文字可能误导，本轮以后写入的 observation 为准：先使用Rex-Omni检测附件中的玄铜弧顶缓冲座，检测结果仅作为中间状态。最终需要判断林区无人机补给舱异常额度会核9970号应继续现有能力、结束，还是进入迁移评估。自然语言里的故障等级和预算描述没有路由优先级，只读取本 query 最新 observation 的结构化键值。错误状态仅在 retryable=true 与 retry_count=0 同时成立时复用原检测器一次，否则调用迁移顾问。正常状态需要候选数、置信度、跨提示一致性和域偏移四个门槛全部通过才结束，任一否决项都转迁移。缺省、非法、冲突状态采取保守分支；已经重试一次的结果不能再次触发检测器。检测器必须设置 finish_after_tool=false；迁移顾问使用当前图片和视觉探针并设置 finish_after_tool=true。,True,examples/images/planner_retry_optimizer_matched_v12/darkbronze_arch_buffer.png,"[{""action"": ""rexomni_detection"", ""arg_contains"": {""label"": [""玄铜弧顶缓冲座""]}, ""decision_type"": ""tool"", ""required_args"": {""finish_after_tool"": false}}, {""action"": ""migration_advisor"", ""arg_contains"": {""user_query"": [""林区无人机补给舱异常额度会核9970号""]}, ""decision_type"": ""tool"", ""required_args"": {""finish_after_tool"": true, ""use_image"": true, ""use_visual_probe"": true}}]","[""rag_answer"", ""re_question"", ""answerer"", ""flux-image-generation"", ""qwen_detection"", ""pipeline_eval""]","{""action_match"": 0.65, ""argument_match"": 0.1, ""decision_type_valid"": 0.03, ""final_tool_finish"": 0.1, ""finish_after_tool"": 0.1, ""json_valid"": 0.02, ""no_forbidden_action"": 0.1, ""no_premature_stop"": 0.1, ""no_repeated_tool"": 0.1, ""no_skip_required_probe"": 0.1, ""strict_action_match"": true, ""strict_argument_types"": true, ""wrong_action_cap"": 0.2}",True,1.0,"[""rexomni_detection"", ""migration_advisor""]",rexomni_detection,"[{""_planner_metrics"": {""api_call_ms"": 6630.733, ""first_api_call_ms"": 6630.733, ""first_finish_reason"": ""stop"", ""first_input_tokens"": 4030, ""first_output_tokens"": 51, ""first_total_tokens"": 4081, ""input_tokens"": 4030, ""output_tokens"": 51, ""parse_ms"": 0.145, ""planner_total_ms"": 6644.132, ""prompt_build_ms"": 0.431, ""retry_count"": 0, ""retry_reason"": """", ""total_tokens"": 4081}, ""action"": ""rexomni_detection"", ""action_input"": {""finish_after_tool"": false, ""label"": ""玄铜弧顶缓冲座""}, ""clarification_question"": """", ""decision_type"": ""tool"", ""end_reason"": """", ""final_answer"": """", ""thought"": ""先执行用户指定的检测器以取得当前结构化状态。""}, {""_planner_metrics"": {""api_call_ms"": 8911.205, ""first_api_call_ms"": 8911.205, ""first_finish_reason"": ""stop"", ""first_input_tokens"": 4335, ""first_output_tokens"": 72, ""first_total_tokens"": 4407, ""input_tokens"": 4335, ""output_tokens"": 72, ""parse_ms"": 0.147, ""planner_total_ms"": 8926.191, ""prompt_build_ms"": 0.425, ""retry_count"": 0, ""retry_reason"": """", ""total_tokens"": 4407}, ""action"": ""migration_advisor"", ""action_input"": {""finish_after_tool"": true, ""use_image"": true, ""use_visual_probe"": true, ""user_query"": ""林区无人机补给舱异常额度会核9970号""}, ""clarification_question"": """", ""decision_type"": ""tool"", ""end_reason"": """", ""final_answer"": """", ""thought"": ""最新状态未满足结束或重试条件，需要进入能力迁移评估。""}]",,6644.132,6630.733,4030,51,1,1,True,False
PROMV12-TB-001-REX-NR2,nonretryable_step2,失联背景和当前预算并存时只使用显式字段：先使用Rex-Omni检测附件中的金橙五星复检片，检测结果仅作为中间状态。最终需要判断碳化硅陶瓷烧结台异常额度会核2063号应继续现有能力、结束，还是进入迁移评估。自然语言里的故障等级和预算描述没有路由优先级，只读取本 query 最新 observation 的结构化键值。错误状态仅在 retryable=true 与 retry_count=0 同时成立时复用原检测器一次，否则调用迁移顾问。正常状态需要候选数、置信度、跨提示一致性和域偏移四个门槛全部通过才结束，任一否决项都转迁移。缺省、非法、冲突状态采取保守分支；已经重试一次的结果不能再次触发检测器。检测器必须设置 finish_after_tool=false；迁移顾问使用当前图片和视觉探针并设置 finish_after_tool=true。,True,examples/images/planner_retry_optimizer_matched_v12/goldorange_five_star_recheck.png,"[{""action"": ""rexomni_detection"", ""arg_contains"": {""label"": [""金橙五星复检片""]}, ""decision_type"": ""tool"", ""required_args"": {""finish_after_tool"": false}}, {""action"": ""migration_advisor"", ""arg_contains"": {""user_query"": [""碳化硅陶瓷烧结台异常额度会核2063号""]}, ""decision_type"": ""tool"", ""required_args"": {""finish_after_tool"": true, ""use_image"": true, ""use_visual_probe"": true}}]","[""rag_answer"", ""re_question"", ""answerer"", ""flux-image-generation"", ""qwen_detection"", ""pipeline_eval""]","{""action_match"": 0.65, ""argument_match"": 0.1, ""decision_type_valid"": 0.03, ""final_tool_finish"": 0.1, ""finish_after_tool"": 0.1, ""json_valid"": 0.02, ""no_forbidden_action"": 0.1, ""no_premature_stop"": 0.1, ""no_repeated_tool"": 0.1, ""no_skip_required_probe"": 0.1, ""strict_action_match"": true, ""strict_argument_types"": true, ""wrong_action_cap"": 0.2}",True,1.0,"[""rexomni_detection"", ""migration_advisor""]",rexomni_detection,"[{""_planner_metrics"": {""api_call_ms"": 6600.318, ""first_api_call_ms"": 6600.318, ""first_finish_reason"": ""stop"", ""first_input_tokens"": 4029, ""first_output_tokens"": 50, ""first_total_tokens"": 4079, ""input_tokens"": 4029, ""output_tokens"": 50, ""parse_ms"": 0.127, ""planner_total_ms"": 6613.543, ""prompt_build_ms"": 0.386, ""retry_count"": 0, ""retry_reason"": """", ""total_tokens"": 4079}, ""action"": ""rexomni_detection"", ""action_input"": {""finish_after_tool"": false, ""label"": ""金橙五星复检片""}, ""clarification_question"": """", ""decision_type"": ""tool"", ""end_reason"": """", ""final_answer"": """", ""thought"": ""先执行用户指定的检测器以取得当前结构化状态。""}, {""_planner_metrics"": {""api_call_ms"": 9081.099, ""first_api_call_ms"": 9081.099, ""first_finish_reason"": ""stop"", ""first_input_tokens"": 4343, ""first_output_tokens"": 73, ""first_total_tokens"": 4416, ""input_tokens"": 4343, ""output_tokens"": 73, ""parse_ms"": 0.164, ""planner_total_ms"": 9096.127, ""prompt_build_ms"": 0.424, ""retry_count"": 0, ""retry_reason"": """", ""total_tokens"": 4416}, ""action"": ""migration_advisor"", ""action_input"": {""finish_after_tool"": true, ""use_image"": true, ""use_visual_probe"": true, ""user_query"": ""碳化硅陶瓷烧结台异常额度会核2063号""}, ""clarification_question"": """", ""decision_type"": ""tool"", ""end_reason"": """", ""final_answer"": """", ""thought"": ""最新状态未满足结束或重试条件，需要进入能力迁移评估。""}]",,6613.543,6600.318,4029,50,1,1,True,False
PROMV12-TB-002-REX-NR2,nonretryable_step2,能力迁移已候场，先核验最新探针回执：先使用Rex-Omni检测附件中的金橙五星复检片，检测结果仅作为中间状态。最终需要判断甚低频射电阵列探针恢复复议3574号应继续现有能力、结束，还是进入迁移评估。自然语言里的故障等级和预算描述没有路由优先级，只读取本 query 最新 observation 的结构化键值。错误状态仅在 retryable=true 与 retry_count=0 同时成立时复用原检测器一次，否则调用迁移顾问。正常状态需要候选数、置信度、跨提示一致性和域偏移四个门槛全部通过才结束，任一否决项都转迁移。缺省、非法、冲突状态采取保守分支；已经重试一次的结果不能再次触发检测器。检测器必须设置 finish_after_tool=false；迁移顾问使用当前图片和视觉探针并设置 finish_after_tool=true。,True,examples/images/planner_retry_optimizer_matched_v12/goldorange_five_star_recheck.png,"[{""action"": ""rexomni_detection"", ""arg_contains"": {""label"": [""金橙五星复检片""]}, ""decision_type"": ""tool"", ""required_args"": {""finish_after_tool"": false}}, {""action"": ""migration_advisor"", ""arg_contains"": {""user_query"": [""甚低频射电阵列探针恢复复议3574号""]}, ""decision_type"": ""tool"", ""required_args"": {""finish_after_tool"": true, ""use_image"": true, ""use_visual_probe"": true}}]","[""rag_answer"", ""re_question"", ""answerer"", ""flux-image-generation"", ""qwen_detection"", ""pipeline_eval""]","{""action_match"": 0.65, ""argument_match"": 0.1, ""decision_type_valid"": 0.03, ""final_tool_finish"": 0.1, ""finish_after_tool"": 0.1, ""json_valid"": 0.02, ""no_forbidden_action"": 0.1, ""no_premature_stop"": 0.1, ""no_repeated_tool"": 0.1, ""no_skip_required_probe"": 0.1, ""strict_action_match"": true, ""strict_argument_types"": true, ""wrong_action_cap"": 0.2}",True,1.0,"[""rexomni_detection"", ""migration_advisor""]",rexomni_detection,"[{""_planner_metrics"": {""api_call_ms"": 6442.552, ""first_api_call_ms"": 6442.552, ""first_finish_reason"": ""stop"", ""first_input_tokens"": 4027, ""first_output_tokens"": 50, ""first_total_tokens"": 4077, ""input_tokens"": 4027, ""output_tokens"": 50, ""parse_ms"": 0.202, ""planner_total_ms"": 6456.887, ""prompt_build_ms"": 0.508, ""retry_count"": 0, ""retry_reason"": """", ""total_tokens"": 4077}, ""action"": ""rexomni_detection"", ""action_input"": {""finish_after_tool"": false, ""label"": ""金橙五星复检片""}, ""clarification_question"": """", ""decision_type"": ""tool"", ""end_reason"": """", ""final_answer"": """", ""thought"": ""先执行用户指定的检测器以取得当前结构化状态。""}, {""_planner_metrics"": {""api_call_ms"": 8901.388, ""first_api_call_ms"": 8901.388, ""first_finish_reason"": ""stop"", ""first_input_tokens"": 4331, ""first_output_tokens"": 72, ""first_total_tokens"": 4403, ""input_tokens"": 4331, ""output_tokens"": 72, ""parse_ms"": 0.162, ""planner_total_ms"": 8916.069, ""prompt_build_ms"": 0.471, ""retry_count"": 0, ""retry_reason"": """", ""total_tokens"": 4403}, ""action"": ""migration_advisor"", ""action_input"": {""finish_after_tool"": true, ""use_image"": true, ""use_visual_probe"": true, ""user_query"": ""甚低频射电阵列探针恢复复议3574号""}, ""clarification_question"": """", ""decision_type"": ""tool"", ""end_reason"": """", ""final_answer"": """", ""thought"": ""最新状态未满足结束或重试条件，需要进入能力迁移评估。""}]",,6456.887,6442.552,4027,50,1,1,True,False
PROMV12-TB-009-REX-FR2,fresh_retry_step2,能力迁移已候场，先核验最新探针回执：先使用Rex-Omni检测附件中的金橙五星复检片，检测结果仅作为中间状态。最终需要判断林区无人机补给舱探针恢复复议6446号应继续现有能力、结束，还是进入迁移评估。自然语言里的故障等级和预算描述没有路由优先级，只读取本 query 最新 observation 的结构化键值。错误状态仅在 retryable=true 与 retry_count=0 同时成立时复用原检测器一次，否则调用迁移顾问。正常状态需要候选数、置信度、跨提示一致性和域偏移四个门槛全部通过才结束，任一否决项都转迁移。缺省、非法、冲突状态采取保守分支；已经重试一次的结果不能再次触发检测器。检测器必须设置 finish_after_tool=false；迁移顾问使用当前图片和视觉探针并设置 finish_after_tool=true。,True,examples/images/planner_retry_optimizer_matched_v12/goldorange_five_star_recheck.png,"[{""action"": ""rexomni_detection"", ""arg_contains"": {""label"": [""金橙五星复检片""]}, ""decision_type"": ""tool"", ""required_args"": {""finish_after_tool"": false}}, {""action"": ""rexomni_detection"", ""arg_contains"": {""label"": [""金橙五星复检片""]}, ""decision_type"": ""tool"", ""required_args"": {""finish_after_tool"": false}}, {""arg_contains"": {}, ""decision_type"": ""end"", ""required_args"": {""end_reason"": ""memory_hit""}}]","[""rag_answer"", ""re_question"", ""answerer"", ""flux-image-generation"", ""qwen_detection"", ""pipeline_eval"", ""migration_advisor""]","{""action_match"": 0.65, ""argument_match"": 0.1, ""decision_type_valid"": 0.03, ""final_tool_finish"": 0.1, ""finish_after_tool"": 0.1, ""json_valid"": 0.02, ""no_forbidden_action"": 0.1, ""no_premature_stop"": 0.1, ""no_repeated_tool"": 0.1, ""no_skip_required_probe"": 0.1, ""strict_action_match"": true, ""strict_argument_types"": true, ""wrong_action_cap"": 0.2}",False,0.725,"[""rexomni_detection"", ""rexomni_detection"", ""migration_advisor""]",rexomni_detection,"[{""_planner_metrics"": {""api_call_ms"": 6406.531, ""first_api_call_ms"": 6406.531, ""first_finish_reason"": ""stop"", ""first_input_tokens"": 4025, ""first_output_tokens"": 50, ""first_total_tokens"": 4075, ""input_tokens"": 4025, ""output_tokens"": 50, ""parse_ms"": 0.136, ""planner_total_ms"": 6421.734, ""prompt_build_ms"": 0.464, ""retry_count"": 0, ""retry_reason"": """", ""total_tokens"": 4075}, ""action"": ""rexomni_detection"", ""action_input"": {""finish_after_tool"": false, ""label"": ""金橙五星复检片""}, ""clarification_question"": """", ""decision_type"": ""tool"", ""end_reason"": """", ""final_answer"": """", ""thought"": ""先执行用户指定的检测器以取得当前结构化状态。""}, {""_planner_metrics"": {""api_call_ms"": 6679.729, ""first_api_call_ms"": 6679.729, ""first_finish_reason"": ""stop"", ""first_input_tokens"": 4336, ""first_output_tokens"": 51, ""first_total_tokens"": 4387, ""input_tokens"": 4336, ""output_tokens"": 51, ""parse_ms"": 0.139, ""planner_total_ms"": 6693.838, ""prompt_build_ms"": 0.424, ""retry_count"": 0, ""retry_reason"": """", ""total_tokens"": 4387}, ""action"": ""rexomni_detection"", ""action_input"": {""finish_after_tool"": false, ""label"": ""金橙五星复检片""}, ""clarification_question"": """", ""decision_type"": ""tool"", ""end_reason"": """", ""final_answer"": """", ""thought"": ""最新状态满足一次重试条件，应复用原检测器。""}, {""_planner_metrics"": {""api_call_ms"": 8857.225, ""first_api_call_ms"": 8857.225, ""first_finish_reason"": ""stop"", ""first_input_tokens"": 4642, ""first_output_tokens"": 71, ""first_total_tokens"": 4713, ""input_tokens"": 4642, ""output_tokens"": 71, ""parse_ms"": 0.141, ""planner_total_ms"": 8872.084, ""prompt_build_ms"": 0.448, ""retry_count"": 0, ""retry_reason"": """", ""total_tokens"": 4713}, ""action"": ""migration_advisor"", ""action_input"": {""finish_after_tool"": true, ""use_image"": true, ""use_visual_probe"": true, ""user_query"": ""林区无人机补给舱探针恢复复议6446号""}, ""clarification_question"": """", ""decision_type"": ""tool"", ""end_reason"": """", ""final_answer"": """", ""thought"": ""最新状态未满足结束或重试条件，需要进入能力迁移评估。""}]","step3:decision_type expected 'end', got 'tool' | step3:action expected 'end', got 'migration_advisor' | step3:arg 'end_reason' expected 'memory_hit', got '' | forbidden:migration_advisor",6421.734,6406.531,4025,50,0,1,False,True
PROMV12-TB-008-REX-PE3,post_retry_error_step3,能力迁移已候场，先核验最新探针回执：先使用Rex-Omni检测附件中的玄铜弧顶缓冲座，检测结果仅作为中间状态。最终需要判断流域梯级调度闸站探针恢复复议4894号应继续现有能力、结束，还是进入迁移评估。自然语言里的故障等级和预算描述没有路由优先级，只读取本 query 最新 observation 的结构化键值。错误状态仅在 retryable=true 与 retry_count=0 同时成立时复用原检测器一次，否则调用迁移顾问。正常状态需要候选数、置信度、跨提示一致性和域偏移四个门槛全部通过才结束，任一否决项都转迁移。缺省、非法、冲突状态采取保守分支；已经重试一次的结果不能再次触发检测器。检测器必须设置 finish_after_tool=false；迁移顾问使用当前图片和视觉探针并设置 finish_after_tool=true。,True,examples/images/planner_retry_optimizer_matched_v12/darkbronze_arch_buffer.png,"[{""action"": ""rexomni_detection"", ""arg_contains"": {""label"": [""玄铜弧顶缓冲座""]}, ""decision_type"": ""tool"", ""required_args"": {""finish_after_tool"": false}}, {""action"": ""rexomni_detection"", ""arg_contains"": {""label"": [""玄铜弧顶缓冲座""]}, ""decision_type"": ""tool"", ""required_args"": {""finish_after_tool"": false}}, {""action"": ""migration_advisor"", ""arg_contains"": {""user_query"": [""流域梯级调度闸站探针恢复复议4894号""]}, ""decision_type"": ""tool"", ""required_args"": {""finish_after_tool"": true, ""use_image"": true, ""use_visual_probe"": true}}]","[""rag_answer"", ""re_question"", ""answerer"", ""flux-image-generation"", ""qwen_detection"", ""pipeline_eval""]","{""action_match"": 0.65, ""argument_match"": 0.1, ""decision_type_valid"": 0.03, ""final_tool_finish"": 0.1, ""finish_after_tool"": 0.1, ""json_valid"": 0.02, ""no_forbidden_action"": 0.1, ""no_premature_stop"": 0.1, ""no_repeated_tool"": 0.1, ""no_skip_required_probe"": 0.1, ""strict_action_match"": true, ""strict_argument_types"": true, ""wrong_action_cap"": 0.2}",False,0.4375,"[""rexomni_detection"", ""migration_advisor"", ""rexomni_detection""]",rexomni_detection,"[{""_planner_metrics"": {""api_call_ms"": 6482.409, ""first_api_call_ms"": 6482.409, ""first_finish_reason"": ""stop"", ""first_input_tokens"": 4030, ""first_output_tokens"": 51, ""first_total_tokens"": 4081, ""input_tokens"": 4030, ""output_tokens"": 51, ""parse_ms"": 0.146, ""planner_total_ms"": 6495.112, ""prompt_build_ms"": 0.394, ""retry_count"": 0, ""retry_reason"": """", ""total_tokens"": 4081}, ""action"": ""rexomni_detection"", ""action_input"": {""finish_after_tool"": false, ""label"": ""玄铜弧顶缓冲座""}, ""clarification_question"": """", ""decision_type"": ""tool"", ""end_reason"": """", ""final_answer"": """", ""thought"": ""先执行用户指定的检测器以取得当前结构化状态。""}, {""_planner_metrics"": {""api_call_ms"": 8952.292, ""first_api_call_ms"": 8952.292, ""first_finish_reason"": ""stop"", ""first_input_tokens"": 4342, ""first_output_tokens"": 73, ""first_total_tokens"": 4415, ""input_tokens"": 4342, ""output_tokens"": 73, ""parse_ms"": 0.145, ""planner_total_ms"": 8966.376, ""prompt_build_ms"": 0.485, ""retry_count"": 0, ""retry_reason"": """", ""total_tokens"": 4415}, ""action"": ""migration_advisor"", ""action_input"": {""finish_after_tool"": true, ""use_image"": true, ""use_visual_probe"": true, ""user_query"": ""流域梯级调度闸站探针恢复复议4894号""}, ""clarification_question"": """", ""decision_type"": ""tool"", ""end_reason"": """", ""final_answer"": """", ""thought"": ""最新状态未满足结束或重试条件，需要进入能力迁移评估。""}, {""_planner_metrics"": {""api_call_ms"": 7123.474, ""first_api_call_ms"": 7123.474, ""first_finish_reason"": ""stop"", ""first_input_tokens"": 4679, ""first_output_tokens"": 53, ""first_total_tokens"": 4732, ""input_tokens"": 4679, ""output_tokens"": 53, ""parse_ms"": 0.17, ""planner_total_ms"": 7137.818, ""prompt_build_ms"": 0.438, ""retry_count"": 0, ""retry_reason"": """", ""total_tokens"": 4732}, ""action"": ""rexomni_detection"", ""action_input"": {""finish_after_tool"": false, ""label"": ""玄铜弧顶缓冲座""}, ""clarification_question"": """", ""decision_type"": ""tool"", ""end_reason"": """", ""final_answer"": """", ""thought"": ""最新状态满足错误状态重试条件，应复用原检测器。""}]","step2:action expected 'rexomni_detection', got 'migration_advisor' | step2:finish_after_tool expected False, got True | step2:arg 'label' expected to contain ['玄铜弧顶缓冲座'], got None | step3:action expected 'migration_advisor', got 'rexomni_detection' | step3:finish_after_tool expected True, got False | step3:arg 'use_image' expected True, got None | step3:arg 'use_visual_probe' expected True, got None | step3:arg 'user_query' expected to contain ['流域梯级调度闸站探针恢复复议4894号'], got None",6495.112,6482.409,4030,51,0,1,False,True
PROMV12-TB-005-REX-CF2,conflicting_state_step2,历史文字可能误导，本轮以后写入的 observation 为准：先使用Rex-Omni检测附件中的玄铜弧顶缓冲座，检测结果仅作为中间状态。最终需要判断流域梯级调度闸站异常额度会核2044号应继续现有能力、结束，还是进入迁移评估。自然语言里的故障等级和预算描述没有路由优先级，只读取本 query 最新 observation 的结构化键值。错误状态仅在 retryable=true 与 retry_count=0 同时成立时复用原检测器一次，否则调用迁移顾问。正常状态需要候选数、置信度、跨提示一致性和域偏移四个门槛全部通过才结束，任一否决项都转迁移。缺省、非法、冲突状态采取保守分支；已经重试一次的结果不能再次触发检测器。检测器必须设置 finish_after_tool=false；迁移顾问使用当前图片和视觉探针并设置 finish_after_tool=true。,True,examples/images/planner_retry_optimizer_matched_v12/darkbronze_arch_buffer.png,"[{""action"": ""rexomni_detection"", ""arg_contains"": {""label"": [""玄铜弧顶缓冲座""]}, ""decision_type"": ""tool"", ""required_args"": {""finish_after_tool"": false}}, {""action"": ""migration_advisor"", ""arg_contains"": {""user_query"": [""流域梯级调度闸站异常额度会核2044号""]}, ""decision_type"": ""tool"", ""required_args"": {""finish_after_tool"": true, ""use_image"": true, ""use_visual_probe"": true}}]","[""rag_answer"", ""re_question"", ""answerer"", ""flux-image-generation"", ""qwen_detection"", ""pipeline_eval""]","{""action_match"": 0.65, ""argument_match"": 0.1, ""decision_type_valid"": 0.03, ""final_tool_finish"": 0.1, ""finish_after_tool"": 0.1, ""json_valid"": 0.02, ""no_forbidden_action"": 0.1, ""no_premature_stop"": 0.1, ""no_repeated_tool"": 0.1, ""no_skip_required_probe"": 0.1, ""strict_action_match"": true, ""strict_argument_types"": true, ""wrong_action_cap"": 0.2}",True,1.0,"[""rexomni_detection"", ""migration_advisor""]",rexomni_detection,"[{""_planner_metrics"": {""api_call_ms"": 6580.788, ""first_api_call_ms"": 6580.788, ""first_finish_reason"": ""stop"", ""first_input_tokens"": 4034, ""first_output_tokens"": 51, ""first_total_tokens"": 4085, ""input_tokens"": 4034, ""output_tokens"": 51, ""parse_ms"": 0.13, ""planner_total_ms"": 6593.533, ""prompt_build_ms"": 0.354, ""retry_count"": 0, ""retry_reason"": """", ""total_tokens"": 4085}, ""action"": ""rexomni_detection"", ""action_input"": {""finish_after_tool"": false, ""label"": ""玄铜弧顶缓冲座""}, ""clarification_question"": """", ""decision_type"": ""tool"", ""end_reason"": """", ""final_answer"": """", ""thought"": ""先执行用户指定的检测器以取得当前结构化状态。""}, {""_planner_metrics"": {""api_call_ms"": 9063.838, ""first_api_call_ms"": 9063.838, ""first_finish_reason"": ""stop"", ""first_input_tokens"": 4337, ""first_output_tokens"": 74, ""first_total_tokens"": 4411, ""input_tokens"": 4337, ""output_tokens"": 74, ""parse_ms"": 0.214, ""planner_total_ms"": 9077.779, ""prompt_build_ms"": 0.392, ""retry_count"": 0, ""retry_reason"": """", ""total_tokens"": 4411}, ""action"": ""migration_advisor"", ""action_input"": {""finish_after_tool"": true, ""use_image"": true, ""use_visual_probe"": true, ""user_query"": ""流域梯级调度闸站异常额度会核2044号""}, ""clarification_question"": """", ""decision_type"": ""tool"", ""end_reason"": """", ""final_answer"": """", ""thought"": ""最新状态未满足结束或重试条件，需要进入能力迁移评估。""}]",,6593.533,6580.788,4034,51,1,1,True,False
PROMV12-TB-004-REX-PS3,post_retry_success_step3,读取这次机器状态并选择唯一动作：先使用Rex-Omni检测附件中的金橙五星复检片，检测结果仅作为中间状态。最终需要判断碳化硅陶瓷烧结台回执分支终签7625号应继续现有能力、结束，还是进入迁移评估。自然语言里的故障等级和预算描述没有路由优先级，只读取本 query 最新 observation 的结构化键值。错误状态仅在 retryable=true 与 retry_count=0 同时成立时复用原检测器一次，否则调用迁移顾问。正常状态需要候选数、置信度、跨提示一致性和域偏移四个门槛全部通过才结束，任一否决项都转迁移。缺省、非法、冲突状态采取保守分支；已经重试一次的结果不能再次触发检测器。检测器必须设置 finish_after_tool=false；迁移顾问使用当前图片和视觉探针并设置 finish_after_tool=true。,True,examples/images/planner_retry_optimizer_matched_v12/goldorange_five_star_recheck.png,"[{""action"": ""rexomni_detection"", ""arg_contains"": {""label"": [""金橙五星复检片""]}, ""decision_type"": ""tool"", ""required_args"": {""finish_after_tool"": false}}, {""action"": ""rexomni_detection"", ""arg_contains"": {""label"": [""金橙五星复检片""]}, ""decision_type"": ""tool"", ""required_args"": {""finish_after_tool"": false}}, {""arg_contains"": {}, ""decision_type"": ""end"", ""required_args"": {""end_reason"": ""memory_hit""}}]","[""rag_answer"", ""re_question"", ""answerer"", ""flux-image-generation"", ""qwen_detection"", ""pipeline_eval"", ""migration_advisor""]","{""action_match"": 0.65, ""argument_match"": 0.1, ""decision_type_valid"": 0.03, ""final_tool_finish"": 0.1, ""finish_after_tool"": 0.1, ""json_valid"": 0.02, ""no_forbidden_action"": 0.1, ""no_premature_stop"": 0.1, ""no_repeated_tool"": 0.1, ""no_skip_required_probe"": 0.1, ""strict_action_match"": true, ""strict_argument_types"": true, ""wrong_action_cap"": 0.2}",False,0.75625,"[""rexomni_detection"", ""rexomni_detection"", ""rexomni_detection""]",rexomni_detection,"[{""_planner_metrics"": {""api_call_ms"": 6389.027, ""first_api_call_ms"": 6389.027, ""first_finish_reason"": ""stop"", ""first_input_tokens"": 4023, ""first_output_tokens"": 50, ""first_total_tokens"": 4073, ""input_tokens"": 4023, ""output_tokens"": 50, ""parse_ms"": 0.156, ""planner_total_ms"": 6404.102, ""prompt_build_ms"": 0.463, ""retry_count"": 0, ""retry_reason"": """", ""total_tokens"": 4073}, ""action"": ""rexomni_detection"", ""action_input"": {""finish_after_tool"": false, ""label"": ""金橙五星复检片""}, ""clarification_question"": """", ""decision_type"": ""tool"", ""end_reason"": """", ""final_answer"": """", ""thought"": ""先执行用户指定的检测器以取得当前结构化状态。""}, {""_planner_metrics"": {""api_call_ms"": 6740.736, ""first_api_call_ms"": 6740.736, ""first_finish_reason"": ""stop"", ""first_input_tokens"": 4326, ""first_output_tokens"": 52, ""first_total_tokens"": 4378, ""input_tokens"": 4326, ""output_tokens"": 52, ""parse_ms"": 0.144, ""planner_total_ms"": 6756.987, ""prompt_build_ms"": 0.44, ""retry_count"": 0, ""retry_reason"": """", ""total_tokens"": 4378}, ""action"": ""rexomni_detection"", ""action_input"": {""finish_after_tool"": false, ""label"": ""金橙五星复检片""}, ""clarification_question"": """", ""decision_type"": ""tool"", ""end_reason"": """", ""final_answer"": """", ""thought"": ""最新状态满足错误重试条件，需要再次使用同一检测器。""}, {""_planner_metrics"": {""api_call_ms"": 7048.226, ""first_api_call_ms"": 7048.226, ""first_finish_reason"": ""stop"", ""first_input_tokens"": 4630, ""first_output_tokens"": 54, ""first_total_tokens"": 4684, ""input_tokens"": 4630, ""output_tokens"": 54, ""parse_ms"": 0.138, ""planner_total_ms"": 7062.373, ""prompt_build_ms"": 0.445, ""retry_count"": 0, ""retry_reason"": """", ""total_tokens"": 4684}, ""action"": ""rexomni_detection"", ""action_input"": {""finish_after_tool"": false, ""label"": ""金橙五星复检片""}, ""clarification_question"": """", ""decision_type"": ""tool"", ""end_reason"": """", ""final_answer"": """", ""thought"": ""最新状态未满足结束或迁移条件，需要继续检查结构化键值。""}]","step3:decision_type expected 'end', got 'tool' | step3:action expected 'end', got 'rexomni_detection' | step3:arg 'end_reason' expected 'memory_hit', got ''",6404.102,6389.027,4023,50,0,1,False,True
PROMV12-TB-002-QWEN-CS2,current_success_step2,能力迁移已候场，先核验最新探针回执：先使用Qwen检测附件中的金橙五星复检片，检测结果仅作为中间状态。最终需要判断甚低频射电阵列探针恢复复议3574号应继续现有能力、结束，还是进入迁移评估。自然语言里的故障等级和预算描述没有路由优先级，只读取本 query 最新 observation 的结构化键值。错误状态仅在 retryable=true 与 retry_count=0 同时成立时复用原检测器一次，否则调用迁移顾问。正常状态需要候选数、置信度、跨提示一致性和域偏移四个门槛全部通过才结束，任一否决项都转迁移。缺省、非法、冲突状态采取保守分支；已经重试一次的结果不能再次触发检测器。检测器必须设置 finish_after_tool=false；迁移顾问使用当前图片和视觉探针并设置 finish_after_tool=true。,True,examples/images/planner_retry_optimizer_matched_v12/goldorange_five_star_recheck.png,"[{""action"": ""qwen_detection"", ""arg_contains"": {""label"": [""金橙五星复检片""]}, ""decision_type"": ""tool"", ""required_args"": {""finish_after_tool"": false}}, {""arg_contains"": {}, ""decision_type"": ""end"", ""required_args"": {""end_reason"": ""memory_hit""}}]","[""rag_answer"", ""re_question"", ""answerer"", ""flux-image-generation"", ""rexomni_detection"", ""pipeline_eval"", ""migration_advisor""]","{""action_match"": 0.65, ""argument_match"": 0.1, ""decision_type_valid"": 0.03, ""final_tool_finish"": 0.1, ""finish_after_tool"": 0.1, ""json_valid"": 0.02, ""no_forbidden_action"": 0.1, ""no_premature_stop"": 0.1, ""no_repeated_tool"": 0.1, ""no_skip_required_probe"": 0.1, ""strict_action_match"": true, ""strict_argument_types"": true, ""wrong_action_cap"": 0.2}",True,1.0,"[""qwen_detection"", ""final_answer""]",qwen_detection,"[{""_planner_metrics"": {""api_call_ms"": 6304.488, ""first_api_call_ms"": 6304.488, ""first_finish_reason"": ""stop"", ""first_input_tokens"": 4018, ""first_output_tokens"": 49, ""first_total_tokens"": 4067, ""input_tokens"": 4018, ""output_tokens"": 49, ""parse_ms"": 0.139, ""planner_total_ms"": 6317.308, ""prompt_build_ms"": 0.363, ""retry_count"": 0, ""retry_reason"": """", ""total_tokens"": 4067}, ""action"": ""qwen_detection"", ""action_input"": {""finish_after_tool"": false, ""label"": ""金橙五星复检片""}, ""clarification_question"": """", ""decision_type"": ""tool"", ""end_reason"": """", ""final_answer"": """", ""thought"": ""先使用用户指定的检测器对当前图片进行探针。""}, {""_planner_metrics"": {""api_call_ms"": 4812.353, ""first_api_call_ms"": 4812.353, ""first_finish_reason"": ""stop"", ""first_input_tokens"": 4317, ""first_output_tokens"": 33, ""first_total_tokens"": 4350, ""input_tokens"": 4317, ""output_tokens"": 33, ""parse_ms"": 0.147, ""planner_total_ms"": 4826.081, ""prompt_build_ms"": 0.523, ""retry_count"": 0, ""retry_reason"": """", ""total_tokens"": 4350}, ""action"": ""final_answer"", ""action_input"": {}, ""clarification_question"": """", ""decision_type"": ""end"", ""end_reason"": ""memory_hit"", ""final_answer"": """", ""thought"": ""最新状态已满足全部正常门槛，可以结束本轮规划。""}]",,6317.308,6304.488,4018,49,1,1,True,False
PROMV12-TB-007-REX-MS2,missing_required_state_step2,失联背景和当前预算并存时只使用显式字段：先使用Rex-Omni检测附件中的玄铜弧顶缓冲座，检测结果仅作为中间状态。最终需要判断碳化硅陶瓷烧结台探针恢复复议4867号应继续现有能力、结束，还是进入迁移评估。自然语言里的故障等级和预算描述没有路由优先级，只读取本 query 最新 observation 的结构化键值。错误状态仅在 retryable=true 与 retry_count=0 同时成立时复用原检测器一次，否则调用迁移顾问。正常状态需要候选数、置信度、跨提示一致性和域偏移四个门槛全部通过才结束，任一否决项都转迁移。缺省、非法、冲突状态采取保守分支；已经重试一次的结果不能再次触发检测器。检测器必须设置 finish_after_tool=false；迁移顾问使用当前图片和视觉探针并设置 finish_after_tool=true。,True,examples/images/planner_retry_optimizer_matched_v12/darkbronze_arch_buffer.png,"[{""action"": ""rexomni_detection"", ""arg_contains"": {""label"": [""玄铜弧顶缓冲座""]}, ""decision_type"": ""tool"", ""required_args"": {""finish_after_tool"": false}}, {""action"": ""migration_advisor"", ""arg_contains"": {""user_query"": [""碳化硅陶瓷烧结台探针恢复复议4867号""]}, ""decision_type"": ""tool"", ""required_args"": {""finish_after_tool"": true, ""use_image"": true, ""use_visual_probe"": true}}]","[""rag_answer"", ""re_question"", ""answerer"", ""flux-image-generation"", ""qwen_detection"", ""pipeline_eval""]","{""action_match"": 0.65, ""argument_match"": 0.1, ""decision_type_valid"": 0.03, ""final_tool_finish"": 0.1, ""finish_after_tool"": 0.1, ""json_valid"": 0.02, ""no_forbidden_action"": 0.1, ""no_premature_stop"": 0.1, ""no_repeated_tool"": 0.1, ""no_skip_required_probe"": 0.1, ""strict_action_match"": true, ""strict_argument_types"": true, ""wrong_action_cap"": 0.2}",False,0.586957,"[""rexomni_detection"", ""rexomni_detection""]",rexomni_detection,"[{""_planner_metrics"": {""api_call_ms"": 6529.899, ""first_api_call_ms"": 6529.899, ""first_finish_reason"": ""stop"", ""first_input_tokens"": 4028, ""first_output_tokens"": 51, ""first_total_tokens"": 4079, ""input_tokens"": 4028, ""output_tokens"": 51, ""parse_ms"": 0.139, ""planner_total_ms"": 6542.688, ""prompt_build_ms"": 0.372, ""retry_count"": 0, ""retry_reason"": """", ""total_tokens"": 4079}, ""action"": ""rexomni_detection"", ""action_input"": {""finish_after_tool"": false, ""label"": ""玄铜弧顶缓冲座""}, ""clarification_question"": """", ""decision_type"": ""tool"", ""end_reason"": """", ""final_answer"": """", ""thought"": ""先执行用户指定的检测器以取得当前结构化状态。""}, {""_planner_metrics"": {""api_call_ms"": 7062.048, ""first_api_call_ms"": 7062.048, ""first_finish_reason"": ""stop"", ""first_input_tokens"": 4330, ""first_output_tokens"": 54, ""first_total_tokens"": 4384, ""input_tokens"": 4330, ""output_tokens"": 54, ""parse_ms"": 0.125, ""planner_total_ms"": 7075.922, ""prompt_build_ms"": 0.414, ""retry_count"": 0, ""retry_reason"": """", ""total_tokens"": 4384}, ""action"": ""rexomni_detection"", ""action_input"": {""finish_after_tool"": false, ""label"": ""玄铜弧顶缓冲座""}, ""clarification_question"": """", ""decision_type"": ""tool"", ""end_reason"": """", ""final_answer"": """", ""thought"": ""最新状态未满足结束或迁移条件，需要继续获取结构化信息。""}]","step2:action expected 'migration_advisor', got 'rexomni_detection' | step2:finish_after_tool expected True, got False | step2:arg 'use_image' expected True, got None | step2:arg 'use_visual_probe' expected True, got None | step2:arg 'user_query' expected to contain ['碳化硅陶瓷烧结台探针恢复复议4867号'], got None",6542.688,6529.899,4028,51,0,1,False,True
PROMV12-TB-012-REX-MS2,missing_required_state_step2,读取这次机器状态并选择唯一动作：先使用Rex-Omni检测附件中的金橙五星复检片，检测结果仅作为中间状态。最终需要判断甚低频射电阵列回执分支终签3879号应继续现有能力、结束，还是进入迁移评估。自然语言里的故障等级和预算描述没有路由优先级，只读取本 query 最新 observation 的结构化键值。错误状态仅在 retryable=true 与 retry_count=0 同时成立时复用原检测器一次，否则调用迁移顾问。正常状态需要候选数、置信度、跨提示一致性和域偏移四个门槛全部通过才结束，任一否决项都转迁移。缺省、非法、冲突状态采取保守分支；已经重试一次的结果不能再次触发检测器。检测器必须设置 finish_after_tool=false；迁移顾问使用当前图片和视觉探针并设置 finish_after_tool=true。,True,examples/images/planner_retry_optimizer_matched_v12/goldorange_five_star_recheck.png,"[{""action"": ""rexomni_detection"", ""arg_contains"": {""label"": [""金橙五星复检片""]}, ""decision_type"": ""tool"", ""required_args"": {""finish_after_tool"": false}}, {""action"": ""migration_advisor"", ""arg_contains"": {""user_query"": [""甚低频射电阵列回执分支终签3879号""]}, ""decision_type"": ""tool"", ""required_args"": {""finish_after_tool"": true, ""use_image"": true, ""use_visual_probe"": true}}]","[""rag_answer"", ""re_question"", ""answerer"", ""flux-image-generation"", ""qwen_detection"", ""pipeline_eval""]","{""action_match"": 0.65, ""argument_match"": 0.1, ""decision_type_valid"": 0.03, ""final_tool_finish"": 0.1, ""finish_after_tool"": 0.1, ""json_valid"": 0.02, ""no_forbidden_action"": 0.1, ""no_premature_stop"": 0.1, ""no_repeated_tool"": 0.1, ""no_skip_required_probe"": 0.1, ""strict_action_match"": true, ""strict_argument_types"": true, ""wrong_action_cap"": 0.2}",True,1.0,"[""rexomni_detection"", ""migration_advisor""]",rexomni_detection,"[{""_planner_metrics"": {""api_call_ms"": 6506.914, ""first_api_call_ms"": 6506.914, ""first_finish_reason"": ""stop"", ""first_input_tokens"": 4023, ""first_output_tokens"": 50, ""first_total_tokens"": 4073, ""input_tokens"": 4023, ""output_tokens"": 50, ""parse_ms"": 0.123, ""planner_total_ms"": 6519.716, ""prompt_build_ms"": 0.374, ""retry_count"": 0, ""retry_reason"": """", ""total_tokens"": 4073}, ""action"": ""rexomni_detection"", ""action_input"": {""finish_after_tool"": false, ""label"": ""金橙五星复检片""}, ""clarification_question"": """", ""decision_type"": ""tool"", ""end_reason"": """", ""final_answer"": """", ""thought"": ""先执行用户指定的检测器以取得当前结构化状态。""}, {""_planner_metrics"": {""api_call_ms"": 8926.832, ""first_api_call_ms"": 8926.832, ""first_finish_reason"": ""stop"", ""first_input_tokens"": 4330, ""first_output_tokens"": 73, ""first_total_tokens"": 4403, ""input_tokens"": 4330, ""output_tokens"": 73, ""parse_ms"": 0.148, ""planner_total_ms"": 8940.062, ""prompt_build_ms"": 0.43, ""retry_count"": 0, ""retry_reason"": """", ""total_tokens"": 4403}, ""action"": ""migration_advisor"", ""action_input"": {""finish_after_tool"": true, ""use_image"": true, ""use_visual_probe"": true, ""user_query"": ""甚低频射电阵列回执分支终签3879号""}, ""clarification_question"": """", ""decision_type"": ""tool"", ""end_reason"": """", ""final_answer"": """", ""thought"": ""最新状态未满足结束或重试条件，需要进入能力迁移评估。""}]",,6519.716,6506.914,4023,50,1,1,True,False
PROMV12-TB-007-QWEN-PE3,post_retry_error_step3,失联背景和当前预算并存时只使用显式字段：先使用Qwen检测附件中的玄铜弧顶缓冲座，检测结果仅作为中间状态。最终需要判断碳化硅陶瓷烧结台探针恢复复议4867号应继续现有能力、结束，还是进入迁移评估。自然语言里的故障等级和预算描述没有路由优先级，只读取本 query 最新 observation 的结构化键值。错误状态仅在 retryable=true 与 retry_count=0 同时成立时复用原检测器一次，否则调用迁移顾问。正常状态需要候选数、置信度、跨提示一致性和域偏移四个门槛全部通过才结束，任一否决项都转迁移。缺省、非法、冲突状态采取保守分支；已经重试一次的结果不能再次触发检测器。检测器必须设置 finish_after_tool=false；迁移顾问使用当前图片和视觉探针并设置 finish_after_tool=true。,True,examples/images/planner_retry_optimizer_matched_v12/darkbronze_arch_buffer.png,"[{""action"": ""qwen_detection"", ""arg_contains"": {""label"": [""玄铜弧顶缓冲座""]}, ""decision_type"": ""tool"", ""required_args"": {""finish_after_tool"": false}}, {""action"": ""qwen_detection"", ""arg_contains"": {""label"": [""玄铜弧顶缓冲座""]}, ""decision_type"": ""tool"", ""required_args"": {""finish_after_tool"": false}}, {""action"": ""migration_advisor"", ""arg_contains"": {""user_query"": [""碳化硅陶瓷烧结台探针恢复复议4867号""]}, ""decision_type"": ""tool"", ""required_args"": {""finish_after_tool"": true, ""use_image"": true, ""use_visual_probe"": true}}]","[""rag_answer"", ""re_question"", ""answerer"", ""flux-image-generation"", ""rexomni_detection"", ""pipeline_eval""]","{""action_match"": 0.65, ""argument_match"": 0.1, ""decision_type_valid"": 0.03, ""final_tool_finish"": 0.1, ""finish_after_tool"": 0.1, ""json_valid"": 0.02, ""no_forbidden_action"": 0.1, ""no_premature_stop"": 0.1, ""no_repeated_tool"": 0.1, ""no_skip_required_probe"": 0.1, ""strict_action_match"": true, ""strict_argument_types"": true, ""wrong_action_cap"": 0.2}",False,0.734375,"[""qwen_detection"", ""qwen_detection"", ""qwen_detection""]",qwen_detection,"[{""_planner_metrics"": {""api_call_ms"": 6533.659, ""first_api_call_ms"": 6533.659, ""first_finish_reason"": ""stop"", ""first_input_tokens"": 4022, ""first_output_tokens"": 50, ""first_total_tokens"": 4072, ""input_tokens"": 4022, ""output_tokens"": 50, ""parse_ms"": 0.177, ""planner_total_ms"": 6546.524, ""prompt_build_ms"": 0.352, ""retry_count"": 0, ""retry_reason"": """", ""total_tokens"": 4072}, ""action"": ""qwen_detection"", ""action_input"": {""finish_after_tool"": false, ""label"": ""玄铜弧顶缓冲座""}, ""clarification_question"": """", ""decision_type"": ""tool"", ""end_reason"": """", ""final_answer"": """", ""thought"": ""先执行用户指定的检测器以取得当前结构化状态。""}, {""_planner_metrics"": {""api_call_ms"": 7212.401, ""first_api_call_ms"": 7212.401, ""first_finish_reason"": ""stop"", ""first_input_tokens"": 4325, ""first_output_tokens"": 56, ""first_total_tokens"": 4381, ""input_tokens"": 4325, ""output_tokens"": 56, ""parse_ms"": 0.201, ""planner_total_ms"": 7226.423, ""prompt_build_ms"": 0.417, ""retry_count"": 0, ""retry_reason"": """", ""total_tokens"": 4381}, ""action"": ""qwen_detection"", ""action_input"": {""finish_after_tool"": false, ""label"": ""玄铜弧顶缓冲座""}, ""clarification_question"": """", ""decision_type"": ""tool"", ""end_reason"": """", ""final_answer"": """", ""thought"": ""最新状态未满足结束或迁移条件，需要继续使用相同的检测器获取结构化进展。""}, {""_planner_metrics"": {""api_call_ms"": 7320.323, ""first_api_call_ms"": 7320.323, ""first_finish_reason"": ""stop"", ""first_input_tokens"": 4632, ""first_output_tokens"": 56, ""first_total_tokens"": 4688, ""input_tokens"": 4632, ""output_tokens"": 56, ""parse_ms"": 0.2, ""planner_total_ms"": 7335.594, ""prompt_build_ms"": 0.475, ""retry_count"": 0, ""retry_reason"": """", ""total_tokens"": 4688}, ""action"": ""qwen_detection"", ""action_input"": {""finish_after_tool"": false, ""label"": ""玄铜弧顶缓冲座""}, ""clarification_question"": """", ""decision_type"": ""tool"", ""end_reason"": """", ""final_answer"": """", ""thought"": ""最新状态未满足结束或迁移条件，需要继续使用相同的检测器获取结构化进展。""}]","step3:action expected 'migration_advisor', got 'qwen_detection' | step3:finish_after_tool expected True, got False | step3:arg 'use_image' expected True, got None | step3:arg 'use_visual_probe' expected True, got None | step3:arg 'user_query' expected to contain ['碳化硅陶瓷烧结台探针恢复复议4867号'], got None",6546.524,6533.659,4022,50,0,1,False,True
PROMV12-TB-009-QWEN-MS2,missing_required_state_step2,能力迁移已候场，先核验最新探针回执：先使用Qwen检测附件中的金橙五星复检片，检测结果仅作为中间状态。最终需要判断林区无人机补给舱探针恢复复议6446号应继续现有能力、结束，还是进入迁移评估。自然语言里的故障等级和预算描述没有路由优先级，只读取本 query 最新 observation 的结构化键值。错误状态仅在 retryable=true 与 retry_count=0 同时成立时复用原检测器一次，否则调用迁移顾问。正常状态需要候选数、置信度、跨提示一致性和域偏移四个门槛全部通过才结束，任一否决项都转迁移。缺省、非法、冲突状态采取保守分支；已经重试一次的结果不能再次触发检测器。检测器必须设置 finish_after_tool=false；迁移顾问使用当前图片和视觉探针并设置 finish_after_tool=true。,True,examples/images/planner_retry_optimizer_matched_v12/goldorange_five_star_recheck.png,"[{""action"": ""qwen_detection"", ""arg_contains"": {""label"": [""金橙五星复检片""]}, ""decision_type"": ""tool"", ""required_args"": {""finish_after_tool"": false}}, {""action"": ""migration_advisor"", ""arg_contains"": {""user_query"": [""林区无人机补给舱探针恢复复议6446号""]}, ""decision_type"": ""tool"", ""required_args"": {""finish_after_tool"": true, ""use_image"": true, ""use_visual_probe"": true}}]","[""rag_answer"", ""re_question"", ""answerer"", ""flux-image-generation"", ""rexomni_detection"", ""pipeline_eval""]","{""action_match"": 0.65, ""argument_match"": 0.1, ""decision_type_valid"": 0.03, ""final_tool_finish"": 0.1, ""finish_after_tool"": 0.1, ""json_valid"": 0.02, ""no_forbidden_action"": 0.1, ""no_premature_stop"": 0.1, ""no_repeated_tool"": 0.1, ""no_skip_required_probe"": 0.1, ""strict_action_match"": true, ""strict_argument_types"": true, ""wrong_action_cap"": 0.2}",True,1.0,"[""qwen_detection"", ""migration_advisor""]",qwen_detection,"[{""_planner_metrics"": {""api_call_ms"": 6262.771, ""first_api_call_ms"": 6262.771, ""first_finish_reason"": ""stop"", ""first_input_tokens"": 4019, ""first_output_tokens"": 49, ""first_total_tokens"": 4068, ""input_tokens"": 4019, ""output_tokens"": 49, ""parse_ms"": 0.108, ""planner_total_ms"": 6277.877, ""prompt_build_ms"": 0.385, ""retry_count"": 0, ""retry_reason"": """", ""total_tokens"": 4068}, ""action"": ""qwen_detection"", ""action_input"": {""finish_after_tool"": false, ""label"": ""金橙五星复检片""}, ""clarification_question"": """", ""decision_type"": ""tool"", ""end_reason"": """", ""final_answer"": """", ""thought"": ""先使用用户指定的检测器对当前图片进行探针。""}, {""_planner_metrics"": {""api_call_ms"": 8815.503, ""first_api_call_ms"": 8815.503, ""first_finish_reason"": ""stop"", ""first_input_tokens"": 4324, ""first_output_tokens"": 71, ""first_total_tokens"": 4395, ""input_tokens"": 4324, ""output_tokens"": 71, ""parse_ms"": 0.124, ""planner_total_ms"": 8828.902, ""prompt_build_ms"": 0.381, ""retry_count"": 0, ""retry_reason"": """", ""total_tokens"": 4395}, ""action"": ""migration_advisor"", ""action_input"": {""finish_after_tool"": true, ""use_image"": true, ""use_visual_probe"": true, ""user_query"": ""林区无人机补给舱探针恢复复议6446号""}, ""clarification_question"": """", ""decision_type"": ""tool"", ""end_reason"": """", ""final_answer"": """", ""thought"": ""最新状态未满足重试或结束条件，需要进入能力迁移评估。""}]",,6277.877,6262.771,4019,49,1,1,True,False
PROMV12-TB-011-REX-PE3,post_retry_error_step3,历史文字可能误导，本轮以后写入的 observation 为准：先使用Rex-Omni检测附件中的金橙五星复检片，检测结果仅作为中间状态。最终需要判断甚低频射电阵列异常额度会核5850号应继续现有能力、结束，还是进入迁移评估。自然语言里的故障等级和预算描述没有路由优先级，只读取本 query 最新 observation 的结构化键值。错误状态仅在 retryable=true 与 retry_count=0 同时成立时复用原检测器一次，否则调用迁移顾问。正常状态需要候选数、置信度、跨提示一致性和域偏移四个门槛全部通过才结束，任一否决项都转迁移。缺省、非法、冲突状态采取保守分支；已经重试一次的结果不能再次触发检测器。检测器必须设置 finish_after_tool=false；迁移顾问使用当前图片和视觉探针并设置 finish_after_tool=true。,True,examples/images/planner_retry_optimizer_matched_v12/goldorange_five_star_recheck.png,"[{""action"": ""rexomni_detection"", ""arg_contains"": {""label"": [""金橙五星复检片""]}, ""decision_type"": ""tool"", ""required_args"": {""finish_after_tool"": false}}, {""action"": ""rexomni_detection"", ""arg_contains"": {""label"": [""金橙五星复检片""]}, ""decision_type"": ""tool"", ""required_args"": {""finish_after_tool"": false}}, {""action"": ""migration_advisor"", ""arg_contains"": {""user_query"": [""甚低频射电阵列异常额度会核5850号""]}, ""decision_type"": ""tool"", ""required_args"": {""finish_after_tool"": true, ""use_image"": true, ""use_visual_probe"": true}}]","[""rag_answer"", ""re_question"", ""answerer"", ""flux-image-generation"", ""qwen_detection"", ""pipeline_eval""]","{""action_match"": 0.65, ""argument_match"": 0.1, ""decision_type_valid"": 0.03, ""final_tool_finish"": 0.1, ""finish_after_tool"": 0.1, ""json_valid"": 0.02, ""no_forbidden_action"": 0.1, ""no_premature_stop"": 0.1, ""no_repeated_tool"": 0.1, ""no_skip_required_probe"": 0.1, ""strict_action_match"": true, ""strict_argument_types"": true, ""wrong_action_cap"": 0.2}",False,0.734375,"[""rexomni_detection"", ""rexomni_detection"", ""rexomni_detection""]",rexomni_detection,"[{""_planner_metrics"": {""api_call_ms"": 6433.177, ""first_api_call_ms"": 6433.177, ""first_finish_reason"": ""stop"", ""first_input_tokens"": 4031, ""first_output_tokens"": 50, ""first_total_tokens"": 4081, ""input_tokens"": 4031, ""output_tokens"": 50, ""parse_ms"": 0.106, ""planner_total_ms"": 6446.662, ""prompt_build_ms"": 0.367, ""retry_count"": 0, ""retry_reason"": """", ""total_tokens"": 4081}, ""action"": ""rexomni_detection"", ""action_input"": {""finish_after_tool"": false, ""label"": ""金橙五星复检片""}, ""clarification_question"": """", ""decision_type"": ""tool"", ""end_reason"": """", ""final_answer"": """", ""thought"": ""先执行用户指定的检测器以取得当前结构化状态。""}, {""_planner_metrics"": {""api_call_ms"": 6792.102, ""first_api_call_ms"": 6792.102, ""first_finish_reason"": ""stop"", ""first_input_tokens"": 4342, ""first_output_tokens"": 52, ""first_total_tokens"": 4394, ""input_tokens"": 4342, ""output_tokens"": 52, ""parse_ms"": 0.109, ""planner_total_ms"": 6805.703, ""prompt_build_ms"": 0.455, ""retry_count"": 0, ""retry_reason"": """", ""total_tokens"": 4394}, ""action"": ""rexomni_detection"", ""action_input"": {""finish_after_tool"": false, ""label"": ""金橙五星复检片""}, ""clarification_question"": """", ""decision_type"": ""tool"", ""end_reason"": """", ""final_answer"": """", ""thought"": ""最新状态满足错误重试条件，需要再次使用同一检测器。""}, {""_planner_metrics"": {""api_call_ms"": 6948.496, ""first_api_call_ms"": 6948.496, ""first_finish_reason"": ""stop"", ""first_input_tokens"": 4656, ""first_output_tokens"": 52, ""first_total_tokens"": 4708, ""input_tokens"": 4656, ""output_tokens"": 52, ""parse_ms"": 0.114, ""planner_total_ms"": 6963.34, ""prompt_build_ms"": 0.395, ""retry_count"": 0, ""retry_reason"": """", ""total_tokens"": 4708}, ""action"": ""rexomni_detection"", ""action_input"": {""finish_after_tool"": false, ""label"": ""金橙五星复检片""}, ""clarification_question"": """", ""decision_type"": ""tool"", ""end_reason"": """", ""final_answer"": """", ""thought"": ""最新状态满足错误重试条件，需要再次使用同一检测器。""}]","step3:action expected 'migration_advisor', got 'rexomni_detection' | step3:finish_after_tool expected True, got False | step3:arg 'use_image' expected True, got None | step3:arg 'use_visual_probe' expected True, got None | step3:arg 'user_query' expected to contain ['甚低频射电阵列异常额度会核5850号'], got None",6446.662,6433.177,4031,50,0,1,False,True
PROMV12-TB-011-QWEN-CF2,conflicting_state_step2,历史文字可能误导，本轮以后写入的 observation 为准：先使用Qwen检测附件中的金橙五星复检片，检测结果仅作为中间状态。最终需要判断甚低频射电阵列异常额度会核5850号应继续现有能力、结束，还是进入迁移评估。自然语言里的故障等级和预算描述没有路由优先级，只读取本 query 最新 observation 的结构化键值。错误状态仅在 retryable=true 与 retry_count=0 同时成立时复用原检测器一次，否则调用迁移顾问。正常状态需要候选数、置信度、跨提示一致性和域偏移四个门槛全部通过才结束，任一否决项都转迁移。缺省、非法、冲突状态采取保守分支；已经重试一次的结果不能再次触发检测器。检测器必须设置 finish_after_tool=false；迁移顾问使用当前图片和视觉探针并设置 finish_after_tool=true。,True,examples/images/planner_retry_optimizer_matched_v12/goldorange_five_star_recheck.png,"[{""action"": ""qwen_detection"", ""arg_contains"": {""label"": [""金橙五星复检片""]}, ""decision_type"": ""tool"", ""required_args"": {""finish_after_tool"": false}}, {""action"": ""migration_advisor"", ""arg_contains"": {""user_query"": [""甚低频射电阵列异常额度会核5850号""]}, ""decision_type"": ""tool"", ""required_args"": {""finish_after_tool"": true, ""use_image"": true, ""use_visual_probe"": true}}]","[""rag_answer"", ""re_question"", ""answerer"", ""flux-image-generation"", ""rexomni_detection"", ""pipeline_eval""]","{""action_match"": 0.65, ""argument_match"": 0.1, ""decision_type_valid"": 0.03, ""final_tool_finish"": 0.1, ""finish_after_tool"": 0.1, ""json_valid"": 0.02, ""no_forbidden_action"": 0.1, ""no_premature_stop"": 0.1, ""no_repeated_tool"": 0.1, ""no_skip_required_probe"": 0.1, ""strict_action_match"": true, ""strict_argument_types"": true, ""wrong_action_cap"": 0.2}",True,1.0,"[""qwen_detection"", ""migration_advisor""]",qwen_detection,"[{""_planner_metrics"": {""api_call_ms"": 6393.769, ""first_api_call_ms"": 6393.769, ""first_finish_reason"": ""stop"", ""first_input_tokens"": 4025, ""first_output_tokens"": 50, ""first_total_tokens"": 4075, ""input_tokens"": 4025, ""output_tokens"": 50, ""parse_ms"": 0.126, ""planner_total_ms"": 6406.588, ""prompt_build_ms"": 0.368, ""retry_count"": 0, ""retry_reason"": """", ""total_tokens"": 4075}, ""action"": ""qwen_detection"", ""action_input"": {""finish_after_tool"": false, ""label"": ""金橙五星复检片""}, ""clarification_question"": """", ""decision_type"": ""tool"", ""end_reason"": """", ""final_answer"": """", ""thought"": ""先使用用户指定的检测器对当前图片进行目标检测。""}, {""_planner_metrics"": {""api_call_ms"": 8865.3, ""first_api_call_ms"": 8865.3, ""first_finish_reason"": ""stop"", ""first_input_tokens"": 4327, ""first_output_tokens"": 73, ""first_total_tokens"": 4400, ""input_tokens"": 4327, ""output_tokens"": 73, ""parse_ms"": 0.119, ""planner_total_ms"": 8878.889, ""prompt_build_ms"": 0.408, ""retry_count"": 0, ""retry_reason"": """", ""total_tokens"": 4400}, ""action"": ""migration_advisor"", ""action_input"": {""finish_after_tool"": true, ""use_image"": true, ""use_visual_probe"": true, ""user_query"": ""甚低频射电阵列异常额度会核5850号""}, ""clarification_question"": """", ""decision_type"": ""tool"", ""end_reason"": """", ""final_answer"": """", ""thought"": ""最新状态未满足结束或重试条件，需要进入能力迁移评估。""}]",,6406.588,6393.769,4025,50,1,1,True,False
PROMV12-TB-012-QWEN-PS3,post_retry_success_step3,读取这次机器状态并选择唯一动作：先使用Qwen检测附件中的金橙五星复检片，检测结果仅作为中间状态。最终需要判断甚低频射电阵列回执分支终签3879号应继续现有能力、结束，还是进入迁移评估。自然语言里的故障等级和预算描述没有路由优先级，只读取本 query 最新 observation 的结构化键值。错误状态仅在 retryable=true 与 retry_count=0 同时成立时复用原检测器一次，否则调用迁移顾问。正常状态需要候选数、置信度、跨提示一致性和域偏移四个门槛全部通过才结束，任一否决项都转迁移。缺省、非法、冲突状态采取保守分支；已经重试一次的结果不能再次触发检测器。检测器必须设置 finish_after_tool=false；迁移顾问使用当前图片和视觉探针并设置 finish_after_tool=true。,True,examples/images/planner_retry_optimizer_matched_v12/goldorange_five_star_recheck.png,"[{""action"": ""qwen_detection"", ""arg_contains"": {""label"": [""金橙五星复检片""]}, ""decision_type"": ""tool"", ""required_args"": {""finish_after_tool"": false}}, {""action"": ""qwen_detection"", ""arg_contains"": {""label"": [""金橙五星复检片""]}, ""decision_type"": ""tool"", ""required_args"": {""finish_after_tool"": false}}, {""arg_contains"": {}, ""decision_type"": ""end"", ""required_args"": {""end_reason"": ""memory_hit""}}]","[""rag_answer"", ""re_question"", ""answerer"", ""flux-image-generation"", ""rexomni_detection"", ""pipeline_eval"", ""migration_advisor""]","{""action_match"": 0.65, ""argument_match"": 0.1, ""decision_type_valid"": 0.03, ""final_tool_finish"": 0.1, ""finish_after_tool"": 0.1, ""json_valid"": 0.02, ""no_forbidden_action"": 0.1, ""no_premature_stop"": 0.1, ""no_repeated_tool"": 0.1, ""no_skip_required_probe"": 0.1, ""strict_action_match"": true, ""strict_argument_types"": true, ""wrong_action_cap"": 0.2}",False,0.75625,"[""qwen_detection"", ""qwen_detection"", ""qwen_detection""]",qwen_detection,"[{""_planner_metrics"": {""api_call_ms"": 6497.344, ""first_api_call_ms"": 6497.344, ""first_finish_reason"": ""stop"", ""first_input_tokens"": 4017, ""first_output_tokens"": 49, ""first_total_tokens"": 4066, ""input_tokens"": 4017, ""output_tokens"": 49, ""parse_ms"": 0.125, ""planner_total_ms"": 6509.725, ""prompt_build_ms"": 0.459, ""retry_count"": 0, ""retry_reason"": """", ""total_tokens"": 4066}, ""action"": ""qwen_detection"", ""action_input"": {""finish_after_tool"": false, ""label"": ""金橙五星复检片""}, ""clarification_question"": """", ""decision_type"": ""tool"", ""end_reason"": """", ""final_answer"": """", ""thought"": ""先执行用户指定的检测器以取得当前结构化状态。""}, {""_planner_metrics"": {""api_call_ms"": 6762.431, ""first_api_call_ms"": 6762.431, ""first_finish_reason"": ""stop"", ""first_input_tokens"": 4328, ""first_output_tokens"": 52, ""first_total_tokens"": 4380, ""input_tokens"": 4328, ""output_tokens"": 52, ""parse_ms"": 0.163, ""planner_total_ms"": 6776.559, ""prompt_build_ms"": 0.451, ""retry_count"": 0, ""retry_reason"": """", ""total_tokens"": 4380}, ""action"": ""qwen_detection"", ""action_input"": {""finish_after_tool"": false, ""label"": ""金橙五星复检片""}, ""clarification_question"": """", ""decision_type"": ""tool"", ""end_reason"": """", ""final_answer"": """", ""thought"": ""最新状态未满足结束或迁移条件，需要继续按规则推进。""}, {""_planner_metrics"": {""api_call_ms"": 6988.297, ""first_api_call_ms"": 6988.297, ""first_finish_reason"": ""stop"", ""first_input_tokens"": 4636, ""first_output_tokens"": 52, ""first_total_tokens"": 4688, ""input_tokens"": 4636, ""output_tokens"": 52, ""parse_ms"": 0.151, ""planner_total_ms"": 7003.619, ""prompt_build_ms"": 0.517, ""retry_count"": 0, ""retry_reason"": """", ""total_tokens"": 4688}, ""action"": ""qwen_detection"", ""action_input"": {""finish_after_tool"": false, ""label"": ""金橙五星复检片""}, ""clarification_question"": """", ""decision_type"": ""tool"", ""end_reason"": """", ""final_answer"": """", ""thought"": ""最新状态未满足结束或迁移条件，需要继续按规则推进。""}]","step3:decision_type expected 'end', got 'tool' | step3:action expected 'end', got 'qwen_detection' | step3:arg 'end_reason' expected 'memory_hit', got ''",6509.725,6497.344,4017,49,0,1,False,True
PROMV12-TB-005-REX-CS2,current_success_step2,历史文字可能误导，本轮以后写入的 observation 为准：先使用Rex-Omni检测附件中的玄铜弧顶缓冲座，检测结果仅作为中间状态。最终需要判断流域梯级调度闸站异常额度会核2044号应继续现有能力、结束，还是进入迁移评估。自然语言里的故障等级和预算描述没有路由优先级，只读取本 query 最新 observation 的结构化键值。错误状态仅在 retryable=true 与 retry_count=0 同时成立时复用原检测器一次，否则调用迁移顾问。正常状态需要候选数、置信度、跨提示一致性和域偏移四个门槛全部通过才结束，任一否决项都转迁移。缺省、非法、冲突状态采取保守分支；已经重试一次的结果不能再次触发检测器。检测器必须设置 finish_after_tool=false；迁移顾问使用当前图片和视觉探针并设置 finish_after_tool=true。,True,examples/images/planner_retry_optimizer_matched_v12/darkbronze_arch_buffer.png,"[{""action"": ""rexomni_detection"", ""arg_contains"": {""label"": [""玄铜弧顶缓冲座""]}, ""decision_type"": ""tool"", ""required_args"": {""finish_after_tool"": false}}, {""arg_contains"": {}, ""decision_type"": ""end"", ""required_args"": {""end_reason"": ""memory_hit""}}]","[""rag_answer"", ""re_question"", ""answerer"", ""flux-image-generation"", ""qwen_detection"", ""pipeline_eval"", ""migration_advisor""]","{""action_match"": 0.65, ""argument_match"": 0.1, ""decision_type_valid"": 0.03, ""final_tool_finish"": 0.1, ""finish_after_tool"": 0.1, ""json_valid"": 0.02, ""no_forbidden_action"": 0.1, ""no_premature_stop"": 0.1, ""no_repeated_tool"": 0.1, ""no_skip_required_probe"": 0.1, ""strict_action_match"": true, ""strict_argument_types"": true, ""wrong_action_cap"": 0.2}",False,0.617391,"[""rexomni_detection"", ""migration_advisor""]",rexomni_detection,"[{""_planner_metrics"": {""api_call_ms"": 6557.128, ""first_api_call_ms"": 6557.128, ""first_finish_reason"": ""stop"", ""first_input_tokens"": 4031, ""first_output_tokens"": 51, ""first_total_tokens"": 4082, ""input_tokens"": 4031, ""output_tokens"": 51, ""parse_ms"": 0.106, ""planner_total_ms"": 6571.673, ""prompt_build_ms"": 0.42, ""retry_count"": 0, ""retry_reason"": """", ""total_tokens"": 4082}, ""action"": ""rexomni_detection"", ""action_input"": {""finish_after_tool"": false, ""label"": ""玄铜弧顶缓冲座""}, ""clarification_question"": """", ""decision_type"": ""tool"", ""end_reason"": """", ""final_answer"": """", ""thought"": ""先执行用户指定的检测器以取得当前结构化状态。""}, {""_planner_metrics"": {""api_call_ms"": 9078.807, ""first_api_call_ms"": 9078.807, ""first_finish_reason"": ""stop"", ""first_input_tokens"": 4340, ""first_output_tokens"": 74, ""first_total_tokens"": 4414, ""input_tokens"": 4340, ""output_tokens"": 74, ""parse_ms"": 0.146, ""planner_total_ms"": 9093.475, ""prompt_build_ms"": 0.442, ""retry_count"": 0, ""retry_reason"": """", ""total_tokens"": 4414}, ""action"": ""migration_advisor"", ""action_input"": {""finish_after_tool"": true, ""use_image"": true, ""use_visual_probe"": true, ""user_query"": ""流域梯级调度闸站异常额度会核2044号""}, ""clarification_question"": """", ""decision_type"": ""tool"", ""end_reason"": """", ""final_answer"": """", ""thought"": ""最新状态未满足结束或重试条件，需要进入能力迁移评估。""}]","step2:decision_type expected 'end', got 'tool' | step2:action expected 'end', got 'migration_advisor' | step2:arg 'end_reason' expected 'memory_hit', got '' | forbidden:migration_advisor",6571.673,6557.128,4031,51,0,1,False,True
PROMV12-TB-003-QWEN-NR2,nonretryable_step2,读取这次机器状态并选择唯一动作：先使用Qwen检测附件中的玄铜弧顶缓冲座，检测结果仅作为中间状态。最终需要判断林区无人机补给舱回执分支终签9158号应继续现有能力、结束，还是进入迁移评估。自然语言里的故障等级和预算描述没有路由优先级，只读取本 query 最新 observation 的结构化键值。错误状态仅在 retryable=true 与 retry_count=0 同时成立时复用原检测器一次，否则调用迁移顾问。正常状态需要候选数、置信度、跨提示一致性和域偏移四个门槛全部通过才结束，任一否决项都转迁移。缺省、非法、冲突状态采取保守分支；已经重试一次的结果不能再次触发检测器。检测器必须设置 finish_after_tool=false；迁移顾问使用当前图片和视觉探针并设置 finish_after_tool=true。,True,examples/images/planner_retry_optimizer_matched_v12/darkbronze_arch_buffer.png,"[{""action"": ""qwen_detection"", ""arg_contains"": {""label"": [""玄铜弧顶缓冲座""]}, ""decision_type"": ""tool"", ""required_args"": {""finish_after_tool"": false}}, {""action"": ""migration_advisor"", ""arg_contains"": {""user_query"": [""林区无人机补给舱回执分支终签9158号""]}, ""decision_type"": ""tool"", ""required_args"": {""finish_after_tool"": true, ""use_image"": true, ""use_visual_probe"": true}}]","[""rag_answer"", ""re_question"", ""answerer"", ""flux-image-generation"", ""rexomni_detection"", ""pipeline_eval""]","{""action_match"": 0.65, ""argument_match"": 0.1, ""decision_type_valid"": 0.03, ""final_tool_finish"": 0.1, ""finish_after_tool"": 0.1, ""json_valid"": 0.02, ""no_forbidden_action"": 0.1, ""no_premature_stop"": 0.1, ""no_repeated_tool"": 0.1, ""no_skip_required_probe"": 0.1, ""strict_action_match"": true, ""strict_argument_types"": true, ""wrong_action_cap"": 0.2}",False,0.586957,"[""qwen_detection"", ""qwen_detection""]",qwen_detection,"[{""_planner_metrics"": {""api_call_ms"": 6415.614, ""first_api_call_ms"": 6415.614, ""first_finish_reason"": ""stop"", ""first_input_tokens"": 4016, ""first_output_tokens"": 50, ""first_total_tokens"": 4066, ""input_tokens"": 4016, ""output_tokens"": 50, ""parse_ms"": 0.135, ""planner_total_ms"": 6429.467, ""prompt_build_ms"": 0.367, ""retry_count"": 0, ""retry_reason"": """", ""total_tokens"": 4066}, ""action"": ""qwen_detection"", ""action_input"": {""finish_after_tool"": false, ""label"": ""玄铜弧顶缓冲座""}, ""clarification_question"": """", ""decision_type"": ""tool"", ""end_reason"": """", ""final_answer"": """", ""thought"": ""先执行用户指定的检测器以取得当前结构化状态。""}, {""_planner_metrics"": {""api_call_ms"": 7004.595, ""first_api_call_ms"": 7004.595, ""first_finish_reason"": ""stop"", ""first_input_tokens"": 4324, ""first_output_tokens"": 53, ""first_total_tokens"": 4377, ""input_tokens"": 4324, ""output_tokens"": 53, ""parse_ms"": 0.148, ""planner_total_ms"": 7020.682, ""prompt_build_ms"": 0.495, ""retry_count"": 0, ""retry_reason"": """", ""total_tokens"": 4377}, ""action"": ""qwen_detection"", ""action_input"": {""finish_after_tool"": false, ""label"": ""玄铜弧顶缓冲座""}, ""clarification_question"": """", ""decision_type"": ""tool"", ""end_reason"": """", ""final_answer"": """", ""thought"": ""最新状态未满足结束或迁移条件，需要继续获取结构化信息。""}]","step2:action expected 'migration_advisor', got 'qwen_detection' | step2:finish_after_tool expected True, got False | step2:arg 'use_image' expected True, got None | step2:arg 'use_visual_probe' expected True, got None | step2:arg 'user_query' expected to contain ['林区无人机补给舱回执分支终签9158号'], got None",6429.467,6415.614,4016,50,0,1,False,True
PROMV12-TB-005-REX-PE3,post_retry_error_step3,历史文字可能误导，本轮以后写入的 observation 为准：先使用Rex-Omni检测附件中的玄铜弧顶缓冲座，检测结果仅作为中间状态。最终需要判断流域梯级调度闸站异常额度会核2044号应继续现有能力、结束，还是进入迁移评估。自然语言里的故障等级和预算描述没有路由优先级，只读取本 query 最新 observation 的结构化键值。错误状态仅在 retryable=true 与 retry_count=0 同时成立时复用原检测器一次，否则调用迁移顾问。正常状态需要候选数、置信度、跨提示一致性和域偏移四个门槛全部通过才结束，任一否决项都转迁移。缺省、非法、冲突状态采取保守分支；已经重试一次的结果不能再次触发检测器。检测器必须设置 finish_after_tool=false；迁移顾问使用当前图片和视觉探针并设置 finish_after_tool=true。,True,examples/images/planner_retry_optimizer_matched_v12/darkbronze_arch_buffer.png,"[{""action"": ""rexomni_detection"", ""arg_contains"": {""label"": [""玄铜弧顶缓冲座""]}, ""decision_type"": ""tool"", ""required_args"": {""finish_after_tool"": false}}, {""action"": ""rexomni_detection"", ""arg_contains"": {""label"": [""玄铜弧顶缓冲座""]}, ""decision_type"": ""tool"", ""required_args"": {""finish_after_tool"": false}}, {""action"": ""migration_advisor"", ""arg_contains"": {""user_query"": [""流域梯级调度闸站异常额度会核2044号""]}, ""decision_type"": ""tool"", ""required_args"": {""finish_after_tool"": true, ""use_image"": true, ""use_visual_probe"": true}}]","[""rag_answer"", ""re_question"", ""answerer"", ""flux-image-generation"", ""qwen_detection"", ""pipeline_eval""]","{""action_match"": 0.65, ""argument_match"": 0.1, ""decision_type_valid"": 0.03, ""final_tool_finish"": 0.1, ""finish_after_tool"": 0.1, ""json_valid"": 0.02, ""no_forbidden_action"": 0.1, ""no_premature_stop"": 0.1, ""no_repeated_tool"": 0.1, ""no_skip_required_probe"": 0.1, ""strict_action_match"": true, ""strict_argument_types"": true, ""wrong_action_cap"": 0.2}",False,0.734375,"[""rexomni_detection"", ""rexomni_detection"", ""rexomni_detection""]",rexomni_detection,"[{""_planner_metrics"": {""api_call_ms"": 6539.539, ""first_api_call_ms"": 6539.539, ""first_finish_reason"": ""stop"", ""first_input_tokens"": 4034, ""first_output_tokens"": 51, ""first_total_tokens"": 4085, ""input_tokens"": 4034, ""output_tokens"": 51, ""parse_ms"": 0.108, ""planner_total_ms"": 6552.717, ""prompt_build_ms"": 0.382, ""retry_count"": 0, ""retry_reason"": """", ""total_tokens"": 4085}, ""action"": ""rexomni_detection"", ""action_input"": {""finish_after_tool"": false, ""label"": ""玄铜弧顶缓冲座""}, ""clarification_question"": """", ""decision_type"": ""tool"", ""end_reason"": """", ""final_answer"": """", ""thought"": ""先执行用户指定的检测器以取得当前结构化状态。""}, {""_planner_metrics"": {""api_call_ms"": 7032.875, ""first_api_call_ms"": 7032.875, ""first_finish_reason"": ""stop"", ""first_input_tokens"": 4347, ""first_output_tokens"": 54, ""first_total_tokens"": 4401, ""input_tokens"": 4347, ""output_tokens"": 54, ""parse_ms"": 0.115, ""planner_total_ms"": 7046.971, ""prompt_build_ms"": 0.402, ""retry_count"": 0, ""retry_reason"": """", ""total_tokens"": 4401}, ""action"": ""rexomni_detection"", ""action_input"": {""finish_after_tool"": false, ""label"": ""玄铜弧顶缓冲座""}, ""clarification_question"": """", ""decision_type"": ""tool"", ""end_reason"": """", ""final_answer"": """", ""thought"": ""最新状态满足错误状态重试条件，需要再次使用同一检测器。""}, {""_planner_metrics"": {""api_call_ms"": 7182.934, ""first_api_call_ms"": 7182.934, ""first_finish_reason"": ""stop"", ""first_input_tokens"": 4657, ""first_output_tokens"": 54, ""first_total_tokens"": 4711, ""input_tokens"": 4657, ""output_tokens"": 54, ""parse_ms"": 0.124, ""planner_total_ms"": 7197.655, ""prompt_build_ms"": 0.398, ""retry_count"": 0, ""retry_reason"": """", ""total_tokens"": 4711}, ""action"": ""rexomni_detection"", ""action_input"": {""finish_after_tool"": false, ""label"": ""玄铜弧顶缓冲座""}, ""clarification_question"": """", ""decision_type"": ""tool"", ""end_reason"": """", ""final_answer"": """", ""thought"": ""最新状态满足错误状态重试条件，需要再次使用同一检测器。""}]","step3:action expected 'migration_advisor', got 'rexomni_detection' | step3:finish_after_tool expected True, got False | step3:arg 'use_image' expected True, got None | step3:arg 'use_visual_probe' expected True, got None | step3:arg 'user_query' expected to contain ['流域梯级调度闸站异常额度会核2044号'], got None",6552.717,6539.539,4034,51,0,1,False,True
PROMV12-TB-001-REX-PV3,post_retry_metric_veto_step3,失联背景和当前预算并存时只使用显式字段：先使用Rex-Omni检测附件中的金橙五星复检片，检测结果仅作为中间状态。最终需要判断碳化硅陶瓷烧结台异常额度会核2063号应继续现有能力、结束，还是进入迁移评估。自然语言里的故障等级和预算描述没有路由优先级，只读取本 query 最新 observation 的结构化键值。错误状态仅在 retryable=true 与 retry_count=0 同时成立时复用原检测器一次，否则调用迁移顾问。正常状态需要候选数、置信度、跨提示一致性和域偏移四个门槛全部通过才结束，任一否决项都转迁移。缺省、非法、冲突状态采取保守分支；已经重试一次的结果不能再次触发检测器。检测器必须设置 finish_after_tool=false；迁移顾问使用当前图片和视觉探针并设置 finish_after_tool=true。,True,examples/images/planner_retry_optimizer_matched_v12/goldorange_five_star_recheck.png,"[{""action"": ""rexomni_detection"", ""arg_contains"": {""label"": [""金橙五星复检片""]}, ""decision_type"": ""tool"", ""required_args"": {""finish_after_tool"": false}}, {""action"": ""rexomni_detection"", ""arg_contains"": {""label"": [""金橙五星复检片""]}, ""decision_type"": ""tool"", ""required_args"": {""finish_after_tool"": false}}, {""action"": ""migration_advisor"", ""arg_contains"": {""user_query"": [""碳化硅陶瓷烧结台异常额度会核2063号""]}, ""decision_type"": ""tool"", ""required_args"": {""finish_after_tool"": true, ""use_image"": true, ""use_visual_probe"": true}}]","[""rag_answer"", ""re_question"", ""answerer"", ""flux-image-generation"", ""qwen_detection"", ""pipeline_eval""]","{""action_match"": 0.65, ""argument_match"": 0.1, ""decision_type_valid"": 0.03, ""final_tool_finish"": 0.1, ""finish_after_tool"": 0.1, ""json_valid"": 0.02, ""no_forbidden_action"": 0.1, ""no_premature_stop"": 0.1, ""no_repeated_tool"": 0.1, ""no_skip_required_probe"": 0.1, ""strict_action_match"": true, ""strict_argument_types"": true, ""wrong_action_cap"": 0.2}",False,0.428125,"[""rexomni_detection"", ""migration_advisor"", ""final_answer""]",rexomni_detection,"[{""_planner_metrics"": {""api_call_ms"": 6451.978, ""first_api_call_ms"": 6451.978, ""first_finish_reason"": ""stop"", ""first_input_tokens"": 4029, ""first_output_tokens"": 50, ""first_total_tokens"": 4079, ""input_tokens"": 4029, ""output_tokens"": 50, ""parse_ms"": 0.121, ""planner_total_ms"": 6464.425, ""prompt_build_ms"": 0.346, ""retry_count"": 0, ""retry_reason"": """", ""total_tokens"": 4079}, ""action"": ""rexomni_detection"", ""action_input"": {""finish_after_tool"": false, ""label"": ""金橙五星复检片""}, ""clarification_question"": """", ""decision_type"": ""tool"", ""end_reason"": """", ""final_answer"": """", ""thought"": ""先执行用户指定的检测器以取得当前结构化状态。""}, {""_planner_metrics"": {""api_call_ms"": 8905.911, ""first_api_call_ms"": 8905.911, ""first_finish_reason"": ""stop"", ""first_input_tokens"": 4342, ""first_output_tokens"": 73, ""first_total_tokens"": 4415, ""input_tokens"": 4342, ""output_tokens"": 73, ""parse_ms"": 0.222, ""planner_total_ms"": 8919.633, ""prompt_build_ms"": 0.421, ""retry_count"": 0, ""retry_reason"": """", ""total_tokens"": 4415}, ""action"": ""migration_advisor"", ""action_input"": {""finish_after_tool"": true, ""use_image"": true, ""use_visual_probe"": true, ""user_query"": ""碳化硅陶瓷烧结台异常额度会核2063号""}, ""clarification_question"": """", ""decision_type"": ""tool"", ""end_reason"": """", ""final_answer"": """", ""thought"": ""最新状态未满足结束或重试条件，需要进入能力迁移评估。""}, {""_planner_metrics"": {""api_call_ms"": 4930.375, ""first_api_call_ms"": 4930.375, ""first_finish_reason"": ""stop"", ""first_input_tokens"": 4673, ""first_output_tokens"": 32, ""first_total_tokens"": 4705, ""input_tokens"": 4673, ""output_tokens"": 32, ""parse_ms"": 0.12, ""planner_total_ms"": 4946.026, ""prompt_build_ms"": 0.457, ""retry_count"": 0, ""retry_reason"": """", ""total_tokens"": 4705}, ""action"": ""final_answer"", ""action_input"": {}, ""clarification_question"": """", ""decision_type"": ""end"", ""end_reason"": ""recheck_done"", ""final_answer"": """", ""thought"": ""最新状态已满足结束条件，可以收口。""}]","step2:action expected 'rexomni_detection', got 'migration_advisor' | step2:finish_after_tool expected False, got True | step2:arg 'label' expected to contain ['金橙五星复检片'], got None | step3:decision_type expected 'tool', got 'end' | step3:action expected 'migration_advisor', got 'end' | step3:finish_after_tool expected True, got None | step3:arg 'use_image' expected True, got None | step3:arg 'use_visual_probe' expected True, got None | step3:arg 'user_query' expected to contain ['碳化硅陶瓷烧结台异常额度会核2063号'], got None",6464.425,6451.978,4029,50,0,1,False,True
PROMV12-TB-012-QWEN-PE3,post_retry_error_step3,读取这次机器状态并选择唯一动作：先使用Qwen检测附件中的金橙五星复检片，检测结果仅作为中间状态。最终需要判断甚低频射电阵列回执分支终签3879号应继续现有能力、结束，还是进入迁移评估。自然语言里的故障等级和预算描述没有路由优先级，只读取本 query 最新 observation 的结构化键值。错误状态仅在 retryable=true 与 retry_count=0 同时成立时复用原检测器一次，否则调用迁移顾问。正常状态需要候选数、置信度、跨提示一致性和域偏移四个门槛全部通过才结束，任一否决项都转迁移。缺省、非法、冲突状态采取保守分支；已经重试一次的结果不能再次触发检测器。检测器必须设置 finish_after_tool=false；迁移顾问使用当前图片和视觉探针并设置 finish_after_tool=true。,True,examples/images/planner_retry_optimizer_matched_v12/goldorange_five_star_recheck.png,"[{""action"": ""qwen_detection"", ""arg_contains"": {""label"": [""金橙五星复检片""]}, ""decision_type"": ""tool"", ""required_args"": {""finish_after_tool"": false}}, {""action"": ""qwen_detection"", ""arg_contains"": {""label"": [""金橙五星复检片""]}, ""decision_type"": ""tool"", ""required_args"": {""finish_after_tool"": false}}, {""action"": ""migration_advisor"", ""arg_contains"": {""user_query"": [""甚低频射电阵列回执分支终签3879号""]}, ""decision_type"": ""tool"", ""required_args"": {""finish_after_tool"": true, ""use_image"": true, ""use_visual_probe"": true}}]","[""rag_answer"", ""re_question"", ""answerer"", ""flux-image-generation"", ""rexomni_detection"", ""pipeline_eval""]","{""action_match"": 0.65, ""argument_match"": 0.1, ""decision_type_valid"": 0.03, ""final_tool_finish"": 0.1, ""finish_after_tool"": 0.1, ""json_valid"": 0.02, ""no_forbidden_action"": 0.1, ""no_premature_stop"": 0.1, ""no_repeated_tool"": 0.1, ""no_skip_required_probe"": 0.1, ""strict_action_match"": true, ""strict_argument_types"": true, ""wrong_action_cap"": 0.2}",False,0.734375,"[""qwen_detection"", ""qwen_detection"", ""qwen_detection""]",qwen_detection,"[{""_planner_metrics"": {""api_call_ms"": 6499.39, ""first_api_call_ms"": 6499.39, ""first_finish_reason"": ""stop"", ""first_input_tokens"": 4017, ""first_output_tokens"": 49, ""first_total_tokens"": 4066, ""input_tokens"": 4017, ""output_tokens"": 49, ""parse_ms"": 0.114, ""planner_total_ms"": 6514.915, ""prompt_build_ms"": 0.395, ""retry_count"": 0, ""retry_reason"": """", ""total_tokens"": 4066}, ""action"": ""qwen_detection"", ""action_input"": {""finish_after_tool"": false, ""label"": ""金橙五星复检片""}, ""clarification_question"": """", ""decision_type"": ""tool"", ""end_reason"": """", ""final_answer"": """", ""thought"": ""先执行用户指定的检测器以取得当前结构化状态。""}, {""_planner_metrics"": {""api_call_ms"": 6734.506, ""first_api_call_ms"": 6734.506, ""first_finish_reason"": ""stop"", ""first_input_tokens"": 4330, ""first_output_tokens"": 51, ""first_total_tokens"": 4381, ""input_tokens"": 4330, ""output_tokens"": 51, ""parse_ms"": 0.114, ""planner_total_ms"": 6748.924, ""prompt_build_ms"": 0.412, ""retry_count"": 0, ""retry_reason"": """", ""total_tokens"": 4381}, ""action"": ""qwen_detection"", ""action_input"": {""finish_after_tool"": false, ""label"": ""金橙五星复检片""}, ""clarification_question"": """", ""decision_type"": ""tool"", ""end_reason"": """", ""final_answer"": """", ""thought"": ""最新状态满足错误重试条件，需要再次使用同一检测器。""}, {""_planner_metrics"": {""api_call_ms"": 6912.436, ""first_api_call_ms"": 6912.436, ""first_finish_reason"": ""stop"", ""first_input_tokens"": 4641, ""first_output_tokens"": 51, ""first_total_tokens"": 4692, ""input_tokens"": 4641, ""output_tokens"": 51, ""parse_ms"": 0.109, ""planner_total_ms"": 6926.762, ""prompt_build_ms"": 0.459, ""retry_count"": 0, ""retry_reason"": """", ""total_tokens"": 4692}, ""action"": ""qwen_detection"", ""action_input"": {""finish_after_tool"": false, ""label"": ""金橙五星复检片""}, ""clarification_question"": """", ""decision_type"": ""tool"", ""end_reason"": """", ""final_answer"": """", ""thought"": ""最新状态满足错误重试条件，需要再次使用同一检测器。""}]","step3:action expected 'migration_advisor', got 'qwen_detection' | step3:finish_after_tool expected True, got False | step3:arg 'use_image' expected True, got None | step3:arg 'use_visual_probe' expected True, got None | step3:arg 'user_query' expected to contain ['甚低频射电阵列回执分支终签3879号'], got None",6514.915,6499.39,4017,49,0,1,False,True
PROMV12-TB-010-QWEN-CF2,conflicting_state_step2,失联背景和当前预算并存时只使用显式字段：先使用Qwen检测附件中的玄铜弧顶缓冲座，检测结果仅作为中间状态。最终需要判断流域梯级调度闸站回执分支终签5437号应继续现有能力、结束，还是进入迁移评估。自然语言里的故障等级和预算描述没有路由优先级，只读取本 query 最新 observation 的结构化键值。错误状态仅在 retryable=true 与 retry_count=0 同时成立时复用原检测器一次，否则调用迁移顾问。正常状态需要候选数、置信度、跨提示一致性和域偏移四个门槛全部通过才结束，任一否决项都转迁移。缺省、非法、冲突状态采取保守分支；已经重试一次的结果不能再次触发检测器。检测器必须设置 finish_after_tool=false；迁移顾问使用当前图片和视觉探针并设置 finish_after_tool=true。,True,examples/images/planner_retry_optimizer_matched_v12/darkbronze_arch_buffer.png,"[{""action"": ""qwen_detection"", ""arg_contains"": {""label"": [""玄铜弧顶缓冲座""]}, ""decision_type"": ""tool"", ""required_args"": {""finish_after_tool"": false}}, {""action"": ""migration_advisor"", ""arg_contains"": {""user_query"": [""流域梯级调度闸站回执分支终签5437号""]}, ""decision_type"": ""tool"", ""required_args"": {""finish_after_tool"": true, ""use_image"": true, ""use_visual_probe"": true}}]","[""rag_answer"", ""re_question"", ""answerer"", ""flux-image-generation"", ""rexomni_detection"", ""pipeline_eval""]","{""action_match"": 0.65, ""argument_match"": 0.1, ""decision_type_valid"": 0.03, ""final_tool_finish"": 0.1, ""finish_after_tool"": 0.1, ""json_valid"": 0.02, ""no_forbidden_action"": 0.1, ""no_premature_stop"": 0.1, ""no_repeated_tool"": 0.1, ""no_skip_required_probe"": 0.1, ""strict_action_match"": true, ""strict_argument_types"": true, ""wrong_action_cap"": 0.2}",True,1.0,"[""qwen_detection"", ""migration_advisor""]",qwen_detection,"[{""_planner_metrics"": {""api_call_ms"": 6392.156, ""first_api_call_ms"": 6392.156, ""first_finish_reason"": ""stop"", ""first_input_tokens"": 4026, ""first_output_tokens"": 50, ""first_total_tokens"": 4076, ""input_tokens"": 4026, ""output_tokens"": 50, ""parse_ms"": 0.149, ""planner_total_ms"": 6404.706, ""prompt_build_ms"": 0.364, ""retry_count"": 0, ""retry_reason"": """", ""total_tokens"": 4076}, ""action"": ""qwen_detection"", ""action_input"": {""finish_after_tool"": false, ""label"": ""玄铜弧顶缓冲座""}, ""clarification_question"": """", ""decision_type"": ""tool"", ""end_reason"": """", ""final_answer"": """", ""thought"": ""先执行用户指定的检测器以取得当前结构化状态。""}, {""_planner_metrics"": {""api_call_ms"": 8922.583, ""first_api_call_ms"": 8922.583, ""first_finish_reason"": ""stop"", ""first_input_tokens"": 4326, ""first_output_tokens"": 74, ""first_total_tokens"": 4400, ""input_tokens"": 4326, ""output_tokens"": 74, ""parse_ms"": 0.128, ""planner_total_ms"": 8937.724, ""prompt_build_ms"": 0.417, ""retry_count"": 0, ""retry_reason"": """", ""total_tokens"": 4400}, ""action"": ""migration_advisor"", ""action_input"": {""finish_after_tool"": true, ""use_image"": true, ""use_visual_probe"": true, ""user_query"": ""流域梯级调度闸站回执分支终签5437号""}, ""clarification_question"": """", ""decision_type"": ""tool"", ""end_reason"": """", ""final_answer"": """", ""thought"": ""最新状态未满足结束或重试条件，需要进入能力迁移评估。""}]",,6404.706,6392.156,4026,50,1,1,True,False
PROMV12-TB-004-REX-NR2,nonretryable_step2,读取这次机器状态并选择唯一动作：先使用Rex-Omni检测附件中的金橙五星复检片，检测结果仅作为中间状态。最终需要判断碳化硅陶瓷烧结台回执分支终签7625号应继续现有能力、结束，还是进入迁移评估。自然语言里的故障等级和预算描述没有路由优先级，只读取本 query 最新 observation 的结构化键值。错误状态仅在 retryable=true 与 retry_count=0 同时成立时复用原检测器一次，否则调用迁移顾问。正常状态需要候选数、置信度、跨提示一致性和域偏移四个门槛全部通过才结束，任一否决项都转迁移。缺省、非法、冲突状态采取保守分支；已经重试一次的结果不能再次触发检测器。检测器必须设置 finish_after_tool=false；迁移顾问使用当前图片和视觉探针并设置 finish_after_tool=true。,True,examples/images/planner_retry_optimizer_matched_v12/goldorange_five_star_recheck.png,"[{""action"": ""rexomni_detection"", ""arg_contains"": {""label"": [""金橙五星复检片""]}, ""decision_type"": ""tool"", ""required_args"": {""finish_after_tool"": false}}, {""action"": ""migration_advisor"", ""arg_contains"": {""user_query"": [""碳化硅陶瓷烧结台回执分支终签7625号""]}, ""decision_type"": ""tool"", ""required_args"": {""finish_after_tool"": true, ""use_image"": true, ""use_visual_probe"": true}}]","[""rag_answer"", ""re_question"", ""answerer"", ""flux-image-generation"", ""qwen_detection"", ""pipeline_eval""]","{""action_match"": 0.65, ""argument_match"": 0.1, ""decision_type_valid"": 0.03, ""final_tool_finish"": 0.1, ""finish_after_tool"": 0.1, ""json_valid"": 0.02, ""no_forbidden_action"": 0.1, ""no_premature_stop"": 0.1, ""no_repeated_tool"": 0.1, ""no_skip_required_probe"": 0.1, ""strict_action_match"": true, ""strict_argument_types"": true, ""wrong_action_cap"": 0.2}",True,1.0,"[""rexomni_detection"", ""migration_advisor""]",rexomni_detection,"[{""_planner_metrics"": {""api_call_ms"": 6444.257, ""first_api_call_ms"": 6444.257, ""first_finish_reason"": ""stop"", ""first_input_tokens"": 4023, ""first_output_tokens"": 50, ""first_total_tokens"": 4073, ""input_tokens"": 4023, ""output_tokens"": 50, ""parse_ms"": 0.107, ""planner_total_ms"": 6456.867, ""prompt_build_ms"": 0.39, ""retry_count"": 0, ""retry_reason"": """", ""total_tokens"": 4073}, ""action"": ""rexomni_detection"", ""action_input"": {""finish_after_tool"": false, ""label"": ""金橙五星复检片""}, ""clarification_question"": """", ""decision_type"": ""tool"", ""end_reason"": """", ""final_answer"": """", ""thought"": ""先执行用户指定的检测器以取得当前结构化状态。""}, {""_planner_metrics"": {""api_call_ms"": 9041.129, ""first_api_call_ms"": 9041.129, ""first_finish_reason"": ""stop"", ""first_input_tokens"": 4330, ""first_output_tokens"": 73, ""first_total_tokens"": 4403, ""input_tokens"": 4330, ""output_tokens"": 73, ""parse_ms"": 0.145, ""planner_total_ms"": 9054.164, ""prompt_build_ms"": 0.48, ""retry_count"": 0, ""retry_reason"": """", ""total_tokens"": 4403}, ""action"": ""migration_advisor"", ""action_input"": {""finish_after_tool"": true, ""use_image"": true, ""use_visual_probe"": true, ""user_query"": ""碳化硅陶瓷烧结台回执分支终签7625号""}, ""clarification_question"": """", ""decision_type"": ""tool"", ""end_reason"": """", ""final_answer"": """", ""thought"": ""最新状态未满足结束或重试条件，需要进入能力迁移评估。""}]",,6456.867,6444.257,4023,50,1,1,True,False
PROMV12-TB-001-QWEN-BE2,budget_exhausted_step2,失联背景和当前预算并存时只使用显式字段：先使用Qwen检测附件中的金橙五星复检片，检测结果仅作为中间状态。最终需要判断碳化硅陶瓷烧结台异常额度会核2063号应继续现有能力、结束，还是进入迁移评估。自然语言里的故障等级和预算描述没有路由优先级，只读取本 query 最新 observation 的结构化键值。错误状态仅在 retryable=true 与 retry_count=0 同时成立时复用原检测器一次，否则调用迁移顾问。正常状态需要候选数、置信度、跨提示一致性和域偏移四个门槛全部通过才结束，任一否决项都转迁移。缺省、非法、冲突状态采取保守分支；已经重试一次的结果不能再次触发检测器。检测器必须设置 finish_after_tool=false；迁移顾问使用当前图片和视觉探针并设置 finish_after_tool=true。,True,examples/images/planner_retry_optimizer_matched_v12/goldorange_five_star_recheck.png,"[{""action"": ""qwen_detection"", ""arg_contains"": {""label"": [""金橙五星复检片""]}, ""decision_type"": ""tool"", ""required_args"": {""finish_after_tool"": false}}, {""action"": ""migration_advisor"", ""arg_contains"": {""user_query"": [""碳化硅陶瓷烧结台异常额度会核2063号""]}, ""decision_type"": ""tool"", ""required_args"": {""finish_after_tool"": true, ""use_image"": true, ""use_visual_probe"": true}}]","[""rag_answer"", ""re_question"", ""answerer"", ""flux-image-generation"", ""rexomni_detection"", ""pipeline_eval""]","{""action_match"": 0.65, ""argument_match"": 0.1, ""decision_type_valid"": 0.03, ""final_tool_finish"": 0.1, ""finish_after_tool"": 0.1, ""json_valid"": 0.02, ""no_forbidden_action"": 0.1, ""no_premature_stop"": 0.1, ""no_repeated_tool"": 0.1, ""no_skip_required_probe"": 0.1, ""strict_action_match"": true, ""strict_argument_types"": true, ""wrong_action_cap"": 0.2}",True,1.0,"[""qwen_detection"", ""migration_advisor""]",qwen_detection,"[{""_planner_metrics"": {""api_call_ms"": 6464.239, ""first_api_call_ms"": 6464.239, ""first_finish_reason"": ""stop"", ""first_input_tokens"": 4023, ""first_output_tokens"": 49, ""first_total_tokens"": 4072, ""input_tokens"": 4023, ""output_tokens"": 49, ""parse_ms"": 0.216, ""planner_total_ms"": 6477.675, ""prompt_build_ms"": 0.354, ""retry_count"": 0, ""retry_reason"": """", ""total_tokens"": 4072}, ""action"": ""qwen_detection"", ""action_input"": {""finish_after_tool"": false, ""label"": ""金橙五星复检片""}, ""clarification_question"": """", ""decision_type"": ""tool"", ""end_reason"": """", ""final_answer"": """", ""thought"": ""先执行用户指定的检测器以取得当前结构化状态。""}, {""_planner_metrics"": {""api_call_ms"": 8932.563, ""first_api_call_ms"": 8932.563, ""first_finish_reason"": ""stop"", ""first_input_tokens"": 4334, ""first_output_tokens"": 73, ""first_total_tokens"": 4407, ""input_tokens"": 4334, ""output_tokens"": 73, ""parse_ms"": 0.231, ""planner_total_ms"": 8947.729, ""prompt_build_ms"": 0.454, ""retry_count"": 0, ""retry_reason"": """", ""total_tokens"": 4407}, ""action"": ""migration_advisor"", ""action_input"": {""finish_after_tool"": true, ""use_image"": true, ""use_visual_probe"": true, ""user_query"": ""碳化硅陶瓷烧结台异常额度会核2063号""}, ""clarification_question"": """", ""decision_type"": ""tool"", ""end_reason"": """", ""final_answer"": """", ""thought"": ""最新状态未满足结束或重试条件，需要进入能力迁移评估。""}]",,6477.675,6464.239,4023,49,1,1,True,False
PROMV12-TB-004-QWEN-PS3,post_retry_success_step3,读取这次机器状态并选择唯一动作：先使用Qwen检测附件中的金橙五星复检片，检测结果仅作为中间状态。最终需要判断碳化硅陶瓷烧结台回执分支终签7625号应继续现有能力、结束，还是进入迁移评估。自然语言里的故障等级和预算描述没有路由优先级，只读取本 query 最新 observation 的结构化键值。错误状态仅在 retryable=true 与 retry_count=0 同时成立时复用原检测器一次，否则调用迁移顾问。正常状态需要候选数、置信度、跨提示一致性和域偏移四个门槛全部通过才结束，任一否决项都转迁移。缺省、非法、冲突状态采取保守分支；已经重试一次的结果不能再次触发检测器。检测器必须设置 finish_after_tool=false；迁移顾问使用当前图片和视觉探针并设置 finish_after_tool=true。,True,examples/images/planner_retry_optimizer_matched_v12/goldorange_five_star_recheck.png,"[{""action"": ""qwen_detection"", ""arg_contains"": {""label"": [""金橙五星复检片""]}, ""decision_type"": ""tool"", ""required_args"": {""finish_after_tool"": false}}, {""action"": ""qwen_detection"", ""arg_contains"": {""label"": [""金橙五星复检片""]}, ""decision_type"": ""tool"", ""required_args"": {""finish_after_tool"": false}}, {""arg_contains"": {}, ""decision_type"": ""end"", ""required_args"": {""end_reason"": ""memory_hit""}}]","[""rag_answer"", ""re_question"", ""answerer"", ""flux-image-generation"", ""rexomni_detection"", ""pipeline_eval"", ""migration_advisor""]","{""action_match"": 0.65, ""argument_match"": 0.1, ""decision_type_valid"": 0.03, ""final_tool_finish"": 0.1, ""finish_after_tool"": 0.1, ""json_valid"": 0.02, ""no_forbidden_action"": 0.1, ""no_premature_stop"": 0.1, ""no_repeated_tool"": 0.1, ""no_skip_required_probe"": 0.1, ""strict_action_match"": true, ""strict_argument_types"": true, ""wrong_action_cap"": 0.2}",False,0.725,"[""qwen_detection"", ""qwen_detection"", ""migration_advisor""]",qwen_detection,"[{""_planner_metrics"": {""api_call_ms"": 6396.636, ""first_api_call_ms"": 6396.636, ""first_finish_reason"": ""stop"", ""first_input_tokens"": 4017, ""first_output_tokens"": 49, ""first_total_tokens"": 4066, ""input_tokens"": 4017, ""output_tokens"": 49, ""parse_ms"": 0.134, ""planner_total_ms"": 6412.965, ""prompt_build_ms"": 0.48, ""retry_count"": 0, ""retry_reason"": """", ""total_tokens"": 4066}, ""action"": ""qwen_detection"", ""action_input"": {""finish_after_tool"": false, ""label"": ""金橙五星复检片""}, ""clarification_question"": """", ""decision_type"": ""tool"", ""end_reason"": """", ""final_answer"": """", ""thought"": ""先执行用户指定的检测器以取得当前结构化状态。""}, {""_planner_metrics"": {""api_call_ms"": 6674.782, ""first_api_call_ms"": 6674.782, ""first_finish_reason"": ""stop"", ""first_input_tokens"": 4321, ""first_output_tokens"": 51, ""first_total_tokens"": 4372, ""input_tokens"": 4321, ""output_tokens"": 51, ""parse_ms"": 0.12, ""planner_total_ms"": 6689.085, ""prompt_build_ms"": 0.385, ""retry_count"": 0, ""retry_reason"": """", ""total_tokens"": 4372}, ""action"": ""qwen_detection"", ""action_input"": {""finish_after_tool"": false, ""label"": ""金橙五星复检片""}, ""clarification_question"": """", ""decision_type"": ""tool"", ""end_reason"": """", ""final_answer"": """", ""thought"": ""最新状态满足错误重试条件，需要再次使用同一检测器。""}, {""_planner_metrics"": {""api_call_ms"": 9058.526, ""first_api_call_ms"": 9058.526, ""first_finish_reason"": ""stop"", ""first_input_tokens"": 4620, ""first_output_tokens"": 73, ""first_total_tokens"": 4693, ""input_tokens"": 4620, ""output_tokens"": 73, ""parse_ms"": 0.162, ""planner_total_ms"": 9072.825, ""prompt_build_ms"": 0.417, ""retry_count"": 0, ""retry_reason"": """", ""total_tokens"": 4693}, ""action"": ""migration_advisor"", ""action_input"": {""finish_after_tool"": true, ""use_image"": true, ""use_visual_probe"": true, ""user_query"": ""碳化硅陶瓷烧结台回执分支终签7625号""}, ""clarification_question"": """", ""decision_type"": ""tool"", ""end_reason"": """", ""final_answer"": """", ""thought"": ""最新状态未满足结束或重试条件，需要进入能力迁移评估。""}]","step3:decision_type expected 'end', got 'tool' | step3:action expected 'end', got 'migration_advisor' | step3:arg 'end_reason' expected 'memory_hit', got '' | forbidden:migration_advisor",6412.965,6396.636,4017,49,0,1,False,True
PROMV12-TB-009-REX-MS2,missing_required_state_step2,能力迁移已候场，先核验最新探针回执：先使用Rex-Omni检测附件中的金橙五星复检片，检测结果仅作为中间状态。最终需要判断林区无人机补给舱探针恢复复议6446号应继续现有能力、结束，还是进入迁移评估。自然语言里的故障等级和预算描述没有路由优先级，只读取本 query 最新 observation 的结构化键值。错误状态仅在 retryable=true 与 retry_count=0 同时成立时复用原检测器一次，否则调用迁移顾问。正常状态需要候选数、置信度、跨提示一致性和域偏移四个门槛全部通过才结束，任一否决项都转迁移。缺省、非法、冲突状态采取保守分支；已经重试一次的结果不能再次触发检测器。检测器必须设置 finish_after_tool=false；迁移顾问使用当前图片和视觉探针并设置 finish_after_tool=true。,True,examples/images/planner_retry_optimizer_matched_v12/goldorange_five_star_recheck.png,"[{""action"": ""rexomni_detection"", ""arg_contains"": {""label"": [""金橙五星复检片""]}, ""decision_type"": ""tool"", ""required_args"": {""finish_after_tool"": false}}, {""action"": ""migration_advisor"", ""arg_contains"": {""user_query"": [""林区无人机补给舱探针恢复复议6446号""]}, ""decision_type"": ""tool"", ""required_args"": {""finish_after_tool"": true, ""use_image"": true, ""use_visual_probe"": true}}]","[""rag_answer"", ""re_question"", ""answerer"", ""flux-image-generation"", ""qwen_detection"", ""pipeline_eval""]","{""action_match"": 0.65, ""argument_match"": 0.1, ""decision_type_valid"": 0.03, ""final_tool_finish"": 0.1, ""finish_after_tool"": 0.1, ""json_valid"": 0.02, ""no_forbidden_action"": 0.1, ""no_premature_stop"": 0.1, ""no_repeated_tool"": 0.1, ""no_skip_required_probe"": 0.1, ""strict_action_match"": true, ""strict_argument_types"": true, ""wrong_action_cap"": 0.2}",False,0.586957,"[""rexomni_detection"", ""rexomni_detection""]",rexomni_detection,"[{""_planner_metrics"": {""api_call_ms"": 6335.029, ""first_api_call_ms"": 6335.029, ""first_finish_reason"": ""stop"", ""first_input_tokens"": 4025, ""first_output_tokens"": 50, ""first_total_tokens"": 4075, ""input_tokens"": 4025, ""output_tokens"": 50, ""parse_ms"": 0.13, ""planner_total_ms"": 6349.36, ""prompt_build_ms"": 0.366, ""retry_count"": 0, ""retry_reason"": """", ""total_tokens"": 4075}, ""action"": ""rexomni_detection"", ""action_input"": {""finish_after_tool"": false, ""label"": ""金橙五星复检片""}, ""clarification_question"": """", ""decision_type"": ""tool"", ""end_reason"": """", ""final_answer"": """", ""thought"": ""先执行用户指定的检测器以取得当前结构化状态。""}, {""_planner_metrics"": {""api_call_ms"": 7210.577, ""first_api_call_ms"": 7210.577, ""first_finish_reason"": ""stop"", ""first_input_tokens"": 4331, ""first_output_tokens"": 57, ""first_total_tokens"": 4388, ""input_tokens"": 4331, ""output_tokens"": 57, ""parse_ms"": 0.115, ""planner_total_ms"": 7223.929, ""prompt_build_ms"": 0.417, ""retry_count"": 0, ""retry_reason"": """", ""total_tokens"": 4388}, ""action"": ""rexomni_detection"", ""action_input"": {""finish_after_tool"": false, ""label"": ""金橙五星复检片""}, ""clarification_question"": """", ""decision_type"": ""tool"", ""end_reason"": """", ""final_answer"": """", ""thought"": ""最新状态未满足结束、重试或迁移的明确条件，需要继续推进状态核验。""}]","step2:action expected 'migration_advisor', got 'rexomni_detection' | step2:finish_after_tool expected True, got False | step2:arg 'use_image' expected True, got None | step2:arg 'use_visual_probe' expected True, got None | step2:arg 'user_query' expected to contain ['林区无人机补给舱探针恢复复议6446号'], got None",6349.36,6335.029,4025,50,0,1,False,True
PROMV12-TB-004-REX-BE2,budget_exhausted_step2,读取这次机器状态并选择唯一动作：先使用Rex-Omni检测附件中的金橙五星复检片，检测结果仅作为中间状态。最终需要判断碳化硅陶瓷烧结台回执分支终签7625号应继续现有能力、结束，还是进入迁移评估。自然语言里的故障等级和预算描述没有路由优先级，只读取本 query 最新 observation 的结构化键值。错误状态仅在 retryable=true 与 retry_count=0 同时成立时复用原检测器一次，否则调用迁移顾问。正常状态需要候选数、置信度、跨提示一致性和域偏移四个门槛全部通过才结束，任一否决项都转迁移。缺省、非法、冲突状态采取保守分支；已经重试一次的结果不能再次触发检测器。检测器必须设置 finish_after_tool=false；迁移顾问使用当前图片和视觉探针并设置 finish_after_tool=true。,True,examples/images/planner_retry_optimizer_matched_v12/goldorange_five_star_recheck.png,"[{""action"": ""rexomni_detection"", ""arg_contains"": {""label"": [""金橙五星复检片""]}, ""decision_type"": ""tool"", ""required_args"": {""finish_after_tool"": false}}, {""action"": ""migration_advisor"", ""arg_contains"": {""user_query"": [""碳化硅陶瓷烧结台回执分支终签7625号""]}, ""decision_type"": ""tool"", ""required_args"": {""finish_after_tool"": true, ""use_image"": true, ""use_visual_probe"": true}}]","[""rag_answer"", ""re_question"", ""answerer"", ""flux-image-generation"", ""qwen_detection"", ""pipeline_eval""]","{""action_match"": 0.65, ""argument_match"": 0.1, ""decision_type_valid"": 0.03, ""final_tool_finish"": 0.1, ""finish_after_tool"": 0.1, ""json_valid"": 0.02, ""no_forbidden_action"": 0.1, ""no_premature_stop"": 0.1, ""no_repeated_tool"": 0.1, ""no_skip_required_probe"": 0.1, ""strict_action_match"": true, ""strict_argument_types"": true, ""wrong_action_cap"": 0.2}",True,1.0,"[""rexomni_detection"", ""migration_advisor""]",rexomni_detection,"[{""_planner_metrics"": {""api_call_ms"": 6423.505, ""first_api_call_ms"": 6423.505, ""first_finish_reason"": ""stop"", ""first_input_tokens"": 4023, ""first_output_tokens"": 50, ""first_total_tokens"": 4073, ""input_tokens"": 4023, ""output_tokens"": 50, ""parse_ms"": 0.131, ""planner_total_ms"": 6436.436, ""prompt_build_ms"": 0.429, ""retry_count"": 0, ""retry_reason"": """", ""total_tokens"": 4073}, ""action"": ""rexomni_detection"", ""action_input"": {""finish_after_tool"": false, ""label"": ""金橙五星复检片""}, ""clarification_question"": """", ""decision_type"": ""tool"", ""end_reason"": """", ""final_answer"": """", ""thought"": ""先执行用户指定的检测器以取得当前结构化状态。""}, {""_planner_metrics"": {""api_call_ms"": 8954.132, ""first_api_call_ms"": 8954.132, ""first_finish_reason"": ""stop"", ""first_input_tokens"": 4327, ""first_output_tokens"": 73, ""first_total_tokens"": 4400, ""input_tokens"": 4327, ""output_tokens"": 73, ""parse_ms"": 0.116, ""planner_total_ms"": 8967.651, ""prompt_build_ms"": 0.406, ""retry_count"": 0, ""retry_reason"": """", ""total_tokens"": 4400}, ""action"": ""migration_advisor"", ""action_input"": {""finish_after_tool"": true, ""use_image"": true, ""use_visual_probe"": true, ""user_query"": ""碳化硅陶瓷烧结台回执分支终签7625号""}, ""clarification_question"": """", ""decision_type"": ""tool"", ""end_reason"": """", ""final_answer"": """", ""thought"": ""最新状态未满足结束或重试条件，需要进入能力迁移评估。""}]",,6436.436,6423.505,4023,50,1,1,True,False
PROMV12-TB-001-QWEN-FR2,fresh_retry_step2,失联背景和当前预算并存时只使用显式字段：先使用Qwen检测附件中的金橙五星复检片，检测结果仅作为中间状态。最终需要判断碳化硅陶瓷烧结台异常额度会核2063号应继续现有能力、结束，还是进入迁移评估。自然语言里的故障等级和预算描述没有路由优先级，只读取本 query 最新 observation 的结构化键值。错误状态仅在 retryable=true 与 retry_count=0 同时成立时复用原检测器一次，否则调用迁移顾问。正常状态需要候选数、置信度、跨提示一致性和域偏移四个门槛全部通过才结束，任一否决项都转迁移。缺省、非法、冲突状态采取保守分支；已经重试一次的结果不能再次触发检测器。检测器必须设置 finish_after_tool=false；迁移顾问使用当前图片和视觉探针并设置 finish_after_tool=true。,True,examples/images/planner_retry_optimizer_matched_v12/goldorange_five_star_recheck.png,"[{""action"": ""qwen_detection"", ""arg_contains"": {""label"": [""金橙五星复检片""]}, ""decision_type"": ""tool"", ""required_args"": {""finish_after_tool"": false}}, {""action"": ""qwen_detection"", ""arg_contains"": {""label"": [""金橙五星复检片""]}, ""decision_type"": ""tool"", ""required_args"": {""finish_after_tool"": false}}, {""arg_contains"": {}, ""decision_type"": ""end"", ""required_args"": {""end_reason"": ""memory_hit""}}]","[""rag_answer"", ""re_question"", ""answerer"", ""flux-image-generation"", ""rexomni_detection"", ""pipeline_eval"", ""migration_advisor""]","{""action_match"": 0.65, ""argument_match"": 0.1, ""decision_type_valid"": 0.03, ""final_tool_finish"": 0.1, ""finish_after_tool"": 0.1, ""json_valid"": 0.02, ""no_forbidden_action"": 0.1, ""no_premature_stop"": 0.1, ""no_repeated_tool"": 0.1, ""no_skip_required_probe"": 0.1, ""strict_action_match"": true, ""strict_argument_types"": true, ""wrong_action_cap"": 0.2}",False,0.640625,"[""qwen_detection"", ""migration_advisor"", ""final_answer""]",qwen_detection,"[{""_planner_metrics"": {""api_call_ms"": 6308.132, ""first_api_call_ms"": 6308.132, ""first_finish_reason"": ""stop"", ""first_input_tokens"": 4023, ""first_output_tokens"": 49, ""first_total_tokens"": 4072, ""input_tokens"": 4023, ""output_tokens"": 49, ""parse_ms"": 0.106, ""planner_total_ms"": 6321.756, ""prompt_build_ms"": 0.424, ""retry_count"": 0, ""retry_reason"": """", ""total_tokens"": 4072}, ""action"": ""qwen_detection"", ""action_input"": {""finish_after_tool"": false, ""label"": ""金橙五星复检片""}, ""clarification_question"": """", ""decision_type"": ""tool"", ""end_reason"": """", ""final_answer"": """", ""thought"": ""先执行用户指定的检测器以取得当前结构化状态。""}, {""_planner_metrics"": {""api_call_ms"": 8842.165, ""first_api_call_ms"": 8842.165, ""first_finish_reason"": ""stop"", ""first_input_tokens"": 4336, ""first_output_tokens"": 73, ""first_total_tokens"": 4409, ""input_tokens"": 4336, ""output_tokens"": 73, ""parse_ms"": 0.184, ""planner_total_ms"": 8855.721, ""prompt_build_ms"": 0.377, ""retry_count"": 0, ""retry_reason"": """", ""total_tokens"": 4409}, ""action"": ""migration_advisor"", ""action_input"": {""finish_after_tool"": true, ""use_image"": true, ""use_visual_probe"": true, ""user_query"": ""碳化硅陶瓷烧结台异常额度会核2063号""}, ""clarification_question"": """", ""decision_type"": ""tool"", ""end_reason"": """", ""final_answer"": """", ""thought"": ""最新状态未满足结束或重试条件，需要进入能力迁移评估。""}, {""_planner_metrics"": {""api_call_ms"": 4848.583, ""first_api_call_ms"": 4848.583, ""first_finish_reason"": ""stop"", ""first_input_tokens"": 4666, ""first_output_tokens"": 32, ""first_total_tokens"": 4698, ""input_tokens"": 4666, ""output_tokens"": 32, ""parse_ms"": 0.127, ""planner_total_ms"": 4864.684, ""prompt_build_ms"": 0.583, ""retry_count"": 0, ""retry_reason"": """", ""total_tokens"": 4698}, ""action"": ""final_answer"", ""action_input"": {}, ""clarification_question"": """", ""decision_type"": ""end"", ""end_reason"": ""recheck_done"", ""final_answer"": """", ""thought"": ""最新状态已满足结束条件，可以收口。""}]","step2:action expected 'qwen_detection', got 'migration_advisor' | step2:finish_after_tool expected False, got True | step2:arg 'label' expected to contain ['金橙五星复检片'], got None | step3:arg 'end_reason' expected 'memory_hit', got 'recheck_done' | forbidden:migration_advisor",6321.756,6308.132,4023,49,0,1,False,True
PROMV12-TB-010-QWEN-CS2,current_success_step2,失联背景和当前预算并存时只使用显式字段：先使用Qwen检测附件中的玄铜弧顶缓冲座，检测结果仅作为中间状态。最终需要判断流域梯级调度闸站回执分支终签5437号应继续现有能力、结束，还是进入迁移评估。自然语言里的故障等级和预算描述没有路由优先级，只读取本 query 最新 observation 的结构化键值。错误状态仅在 retryable=true 与 retry_count=0 同时成立时复用原检测器一次，否则调用迁移顾问。正常状态需要候选数、置信度、跨提示一致性和域偏移四个门槛全部通过才结束，任一否决项都转迁移。缺省、非法、冲突状态采取保守分支；已经重试一次的结果不能再次触发检测器。检测器必须设置 finish_after_tool=false；迁移顾问使用当前图片和视觉探针并设置 finish_after_tool=true。,True,examples/images/planner_retry_optimizer_matched_v12/darkbronze_arch_buffer.png,"[{""action"": ""qwen_detection"", ""arg_contains"": {""label"": [""玄铜弧顶缓冲座""]}, ""decision_type"": ""tool"", ""required_args"": {""finish_after_tool"": false}}, {""arg_contains"": {}, ""decision_type"": ""end"", ""required_args"": {""end_reason"": ""memory_hit""}}]","[""rag_answer"", ""re_question"", ""answerer"", ""flux-image-generation"", ""rexomni_detection"", ""pipeline_eval"", ""migration_advisor""]","{""action_match"": 0.65, ""argument_match"": 0.1, ""decision_type_valid"": 0.03, ""final_tool_finish"": 0.1, ""finish_after_tool"": 0.1, ""json_valid"": 0.02, ""no_forbidden_action"": 0.1, ""no_premature_stop"": 0.1, ""no_repeated_tool"": 0.1, ""no_skip_required_probe"": 0.1, ""strict_action_match"": true, ""strict_argument_types"": true, ""wrong_action_cap"": 0.2}",False,0.617391,"[""qwen_detection"", ""migration_advisor""]",qwen_detection,"[{""_planner_metrics"": {""api_call_ms"": 6404.413, ""first_api_call_ms"": 6404.413, ""first_finish_reason"": ""stop"", ""first_input_tokens"": 4023, ""first_output_tokens"": 50, ""first_total_tokens"": 4073, ""input_tokens"": 4023, ""output_tokens"": 50, ""parse_ms"": 0.111, ""planner_total_ms"": 6418.871, ""prompt_build_ms"": 0.386, ""retry_count"": 0, ""retry_reason"": """", ""total_tokens"": 4073}, ""action"": ""qwen_detection"", ""action_input"": {""finish_after_tool"": false, ""label"": ""玄铜弧顶缓冲座""}, ""clarification_question"": """", ""decision_type"": ""tool"", ""end_reason"": """", ""final_answer"": """", ""thought"": ""先执行用户指定的检测器以取得当前结构化状态。""}, {""_planner_metrics"": {""api_call_ms"": 9016.369, ""first_api_call_ms"": 9016.369, ""first_finish_reason"": ""stop"", ""first_input_tokens"": 4329, ""first_output_tokens"": 74, ""first_total_tokens"": 4403, ""input_tokens"": 4329, ""output_tokens"": 74, ""parse_ms"": 0.114, ""planner_total_ms"": 9030.227, ""prompt_build_ms"": 0.455, ""retry_count"": 0, ""retry_reason"": """", ""total_tokens"": 4403}, ""action"": ""migration_advisor"", ""action_input"": {""finish_after_tool"": true, ""use_image"": true, ""use_visual_probe"": true, ""user_query"": ""流域梯级调度闸站回执分支终签5437号""}, ""clarification_question"": """", ""decision_type"": ""tool"", ""end_reason"": """", ""final_answer"": """", ""thought"": ""最新状态未满足结束或迁移条件，需要继续按规则推进。""}]","step2:decision_type expected 'end', got 'tool' | step2:action expected 'end', got 'migration_advisor' | step2:arg 'end_reason' expected 'memory_hit', got '' | forbidden:migration_advisor",6418.871,6404.413,4023,50,0,1,False,True
PROMV12-TB-004-QWEN-NR2,nonretryable_step2,读取这次机器状态并选择唯一动作：先使用Qwen检测附件中的金橙五星复检片，检测结果仅作为中间状态。最终需要判断碳化硅陶瓷烧结台回执分支终签7625号应继续现有能力、结束，还是进入迁移评估。自然语言里的故障等级和预算描述没有路由优先级，只读取本 query 最新 observation 的结构化键值。错误状态仅在 retryable=true 与 retry_count=0 同时成立时复用原检测器一次，否则调用迁移顾问。正常状态需要候选数、置信度、跨提示一致性和域偏移四个门槛全部通过才结束，任一否决项都转迁移。缺省、非法、冲突状态采取保守分支；已经重试一次的结果不能再次触发检测器。检测器必须设置 finish_after_tool=false；迁移顾问使用当前图片和视觉探针并设置 finish_after_tool=true。,True,examples/images/planner_retry_optimizer_matched_v12/goldorange_five_star_recheck.png,"[{""action"": ""qwen_detection"", ""arg_contains"": {""label"": [""金橙五星复检片""]}, ""decision_type"": ""tool"", ""required_args"": {""finish_after_tool"": false}}, {""action"": ""migration_advisor"", ""arg_contains"": {""user_query"": [""碳化硅陶瓷烧结台回执分支终签7625号""]}, ""decision_type"": ""tool"", ""required_args"": {""finish_after_tool"": true, ""use_image"": true, ""use_visual_probe"": true}}]","[""rag_answer"", ""re_question"", ""answerer"", ""flux-image-generation"", ""rexomni_detection"", ""pipeline_eval""]","{""action_match"": 0.65, ""argument_match"": 0.1, ""decision_type_valid"": 0.03, ""final_tool_finish"": 0.1, ""finish_after_tool"": 0.1, ""json_valid"": 0.02, ""no_forbidden_action"": 0.1, ""no_premature_stop"": 0.1, ""no_repeated_tool"": 0.1, ""no_skip_required_probe"": 0.1, ""strict_action_match"": true, ""strict_argument_types"": true, ""wrong_action_cap"": 0.2}",True,1.0,"[""qwen_detection"", ""migration_advisor""]",qwen_detection,"[{""_planner_metrics"": {""api_call_ms"": 6278.982, ""first_api_call_ms"": 6278.982, ""first_finish_reason"": ""stop"", ""first_input_tokens"": 4017, ""first_output_tokens"": 49, ""first_total_tokens"": 4066, ""input_tokens"": 4017, ""output_tokens"": 49, ""parse_ms"": 0.107, ""planner_total_ms"": 6291.641, ""prompt_build_ms"": 0.388, ""retry_count"": 0, ""retry_reason"": """", ""total_tokens"": 4066}, ""action"": ""qwen_detection"", ""action_input"": {""finish_after_tool"": false, ""label"": ""金橙五星复检片""}, ""clarification_question"": """", ""decision_type"": ""tool"", ""end_reason"": """", ""final_answer"": """", ""thought"": ""先执行用户指定的检测器以取得当前结构化状态。""}, {""_planner_metrics"": {""api_call_ms"": 8902.623, ""first_api_call_ms"": 8902.623, ""first_finish_reason"": ""stop"", ""first_input_tokens"": 4323, ""first_output_tokens"": 73, ""first_total_tokens"": 4396, ""input_tokens"": 4323, ""output_tokens"": 73, ""parse_ms"": 0.13, ""planner_total_ms"": 8916.44, ""prompt_build_ms"": 0.457, ""retry_count"": 0, ""retry_reason"": """", ""total_tokens"": 4396}, ""action"": ""migration_advisor"", ""action_input"": {""finish_after_tool"": true, ""use_image"": true, ""use_visual_probe"": true, ""user_query"": ""碳化硅陶瓷烧结台回执分支终签7625号""}, ""clarification_question"": """", ""decision_type"": ""tool"", ""end_reason"": """", ""final_answer"": """", ""thought"": ""最新状态未满足结束或重试条件，需要进入能力迁移评估。""}]",,6291.641,6278.982,4017,49,1,1,True,False
PROMV12-TB-005-REX-BE2,budget_exhausted_step2,历史文字可能误导，本轮以后写入的 observation 为准：先使用Rex-Omni检测附件中的玄铜弧顶缓冲座，检测结果仅作为中间状态。最终需要判断流域梯级调度闸站异常额度会核2044号应继续现有能力、结束，还是进入迁移评估。自然语言里的故障等级和预算描述没有路由优先级，只读取本 query 最新 observation 的结构化键值。错误状态仅在 retryable=true 与 retry_count=0 同时成立时复用原检测器一次，否则调用迁移顾问。正常状态需要候选数、置信度、跨提示一致性和域偏移四个门槛全部通过才结束，任一否决项都转迁移。缺省、非法、冲突状态采取保守分支；已经重试一次的结果不能再次触发检测器。检测器必须设置 finish_after_tool=false；迁移顾问使用当前图片和视觉探针并设置 finish_after_tool=true。,True,examples/images/planner_retry_optimizer_matched_v12/darkbronze_arch_buffer.png,"[{""action"": ""rexomni_detection"", ""arg_contains"": {""label"": [""玄铜弧顶缓冲座""]}, ""decision_type"": ""tool"", ""required_args"": {""finish_after_tool"": false}}, {""action"": ""migration_advisor"", ""arg_contains"": {""user_query"": [""流域梯级调度闸站异常额度会核2044号""]}, ""decision_type"": ""tool"", ""required_args"": {""finish_after_tool"": true, ""use_image"": true, ""use_visual_probe"": true}}]","[""rag_answer"", ""re_question"", ""answerer"", ""flux-image-generation"", ""qwen_detection"", ""pipeline_eval""]","{""action_match"": 0.65, ""argument_match"": 0.1, ""decision_type_valid"": 0.03, ""final_tool_finish"": 0.1, ""finish_after_tool"": 0.1, ""json_valid"": 0.02, ""no_forbidden_action"": 0.1, ""no_premature_stop"": 0.1, ""no_repeated_tool"": 0.1, ""no_skip_required_probe"": 0.1, ""strict_action_match"": true, ""strict_argument_types"": true, ""wrong_action_cap"": 0.2}",True,1.0,"[""rexomni_detection"", ""migration_advisor""]",rexomni_detection,"[{""_planner_metrics"": {""api_call_ms"": 6533.861, ""first_api_call_ms"": 6533.861, ""first_finish_reason"": ""stop"", ""first_input_tokens"": 4034, ""first_output_tokens"": 51, ""first_total_tokens"": 4085, ""input_tokens"": 4034, ""output_tokens"": 51, ""parse_ms"": 0.116, ""planner_total_ms"": 6546.536, ""prompt_build_ms"": 0.389, ""retry_count"": 0, ""retry_reason"": """", ""total_tokens"": 4085}, ""action"": ""rexomni_detection"", ""action_input"": {""finish_after_tool"": false, ""label"": ""玄铜弧顶缓冲座""}, ""clarification_question"": """", ""decision_type"": ""tool"", ""end_reason"": """", ""final_answer"": """", ""thought"": ""先执行用户指定的检测器以取得当前结构化状态。""}, {""_planner_metrics"": {""api_call_ms"": 9083.821, ""first_api_call_ms"": 9083.821, ""first_finish_reason"": ""stop"", ""first_input_tokens"": 4347, ""first_output_tokens"": 74, ""first_total_tokens"": 4421, ""input_tokens"": 4347, ""output_tokens"": 74, ""parse_ms"": 0.119, ""planner_total_ms"": 9097.14, ""prompt_build_ms"": 0.403, ""retry_count"": 0, ""retry_reason"": """", ""total_tokens"": 4421}, ""action"": ""migration_advisor"", ""action_input"": {""finish_after_tool"": true, ""use_image"": true, ""use_visual_probe"": true, ""user_query"": ""流域梯级调度闸站异常额度会核2044号""}, ""clarification_question"": """", ""decision_type"": ""tool"", ""end_reason"": """", ""final_answer"": """", ""thought"": ""最新状态未满足结束或重试条件，需要进入能力迁移评估。""}]",,6546.536,6533.861,4034,51,1,1,True,False
PROMV12-TB-006-QWEN-PV3,post_retry_metric_veto_step3,历史文字可能误导，本轮以后写入的 observation 为准：先使用Qwen检测附件中的玄铜弧顶缓冲座，检测结果仅作为中间状态。最终需要判断林区无人机补给舱异常额度会核9970号应继续现有能力、结束，还是进入迁移评估。自然语言里的故障等级和预算描述没有路由优先级，只读取本 query 最新 observation 的结构化键值。错误状态仅在 retryable=true 与 retry_count=0 同时成立时复用原检测器一次，否则调用迁移顾问。正常状态需要候选数、置信度、跨提示一致性和域偏移四个门槛全部通过才结束，任一否决项都转迁移。缺省、非法、冲突状态采取保守分支；已经重试一次的结果不能再次触发检测器。检测器必须设置 finish_after_tool=false；迁移顾问使用当前图片和视觉探针并设置 finish_after_tool=true。,True,examples/images/planner_retry_optimizer_matched_v12/darkbronze_arch_buffer.png,"[{""action"": ""qwen_detection"", ""arg_contains"": {""label"": [""玄铜弧顶缓冲座""]}, ""decision_type"": ""tool"", ""required_args"": {""finish_after_tool"": false}}, {""action"": ""qwen_detection"", ""arg_contains"": {""label"": [""玄铜弧顶缓冲座""]}, ""decision_type"": ""tool"", ""required_args"": {""finish_after_tool"": false}}, {""action"": ""migration_advisor"", ""arg_contains"": {""user_query"": [""林区无人机补给舱异常额度会核9970号""]}, ""decision_type"": ""tool"", ""required_args"": {""finish_after_tool"": true, ""use_image"": true, ""use_visual_probe"": true}}]","[""rag_answer"", ""re_question"", ""answerer"", ""flux-image-generation"", ""rexomni_detection"", ""pipeline_eval""]","{""action_match"": 0.65, ""argument_match"": 0.1, ""decision_type_valid"": 0.03, ""final_tool_finish"": 0.1, ""finish_after_tool"": 0.1, ""json_valid"": 0.02, ""no_forbidden_action"": 0.1, ""no_premature_stop"": 0.1, ""no_repeated_tool"": 0.1, ""no_skip_required_probe"": 0.1, ""strict_action_match"": true, ""strict_argument_types"": true, ""wrong_action_cap"": 0.2}",False,0.734375,"[""qwen_detection"", ""qwen_detection"", ""qwen_detection""]",qwen_detection,"[{""_planner_metrics"": {""api_call_ms"": 6368.74, ""first_api_call_ms"": 6368.74, ""first_finish_reason"": ""stop"", ""first_input_tokens"": 4024, ""first_output_tokens"": 50, ""first_total_tokens"": 4074, ""input_tokens"": 4024, ""output_tokens"": 50, ""parse_ms"": 0.119, ""planner_total_ms"": 6381.022, ""prompt_build_ms"": 0.389, ""retry_count"": 0, ""retry_reason"": """", ""total_tokens"": 4074}, ""action"": ""qwen_detection"", ""action_input"": {""finish_after_tool"": false, ""label"": ""玄铜弧顶缓冲座""}, ""clarification_question"": """", ""decision_type"": ""tool"", ""end_reason"": """", ""final_answer"": """", ""thought"": ""先执行用户指定的检测器以取得当前结构化状态。""}, {""_planner_metrics"": {""api_call_ms"": 6514.416, ""first_api_call_ms"": 6514.416, ""first_finish_reason"": ""stop"", ""first_input_tokens"": 4332, ""first_output_tokens"": 50, ""first_total_tokens"": 4382, ""input_tokens"": 4332, ""output_tokens"": 50, ""parse_ms"": 0.133, ""planner_total_ms"": 6528.815, ""prompt_build_ms"": 0.471, ""retry_count"": 0, ""retry_reason"": """", ""total_tokens"": 4382}, ""action"": ""qwen_detection"", ""action_input"": {""finish_after_tool"": false, ""label"": ""玄铜弧顶缓冲座""}, ""clarification_question"": """", ""decision_type"": ""tool"", ""end_reason"": """", ""final_answer"": """", ""thought"": ""最新状态满足错误状态且可重试一次检测器。""}, {""_planner_metrics"": {""api_call_ms"": 7206.934, ""first_api_call_ms"": 7206.934, ""first_finish_reason"": ""stop"", ""first_input_tokens"": 4632, ""first_output_tokens"": 55, ""first_total_tokens"": 4687, ""input_tokens"": 4632, ""output_tokens"": 55, ""parse_ms"": 0.201, ""planner_total_ms"": 7221.531, ""prompt_build_ms"": 0.418, ""retry_count"": 0, ""retry_reason"": """", ""total_tokens"": 4687}, ""action"": ""qwen_detection"", ""action_input"": {""finish_after_tool"": false, ""label"": ""玄铜弧顶缓冲座""}, ""clarification_question"": """", ""decision_type"": ""tool"", ""end_reason"": """", ""final_answer"": """", ""thought"": ""最新状态未满足结束或迁移条件，需要继续检测以更新结构化状态。""}]","step3:action expected 'migration_advisor', got 'qwen_detection' | step3:finish_after_tool expected True, got False | step3:arg 'use_image' expected True, got None | step3:arg 'use_visual_probe' expected True, got None | step3:arg 'user_query' expected to contain ['林区无人机补给舱异常额度会核9970号'], got None",6381.022,6368.74,4024,50,0,1,False,True
PROMV12-TB-001-QWEN-NR2,nonretryable_step2,失联背景和当前预算并存时只使用显式字段：先使用Qwen检测附件中的金橙五星复检片，检测结果仅作为中间状态。最终需要判断碳化硅陶瓷烧结台异常额度会核2063号应继续现有能力、结束，还是进入迁移评估。自然语言里的故障等级和预算描述没有路由优先级，只读取本 query 最新 observation 的结构化键值。错误状态仅在 retryable=true 与 retry_count=0 同时成立时复用原检测器一次，否则调用迁移顾问。正常状态需要候选数、置信度、跨提示一致性和域偏移四个门槛全部通过才结束，任一否决项都转迁移。缺省、非法、冲突状态采取保守分支；已经重试一次的结果不能再次触发检测器。检测器必须设置 finish_after_tool=false；迁移顾问使用当前图片和视觉探针并设置 finish_after_tool=true。,True,examples/images/planner_retry_optimizer_matched_v12/goldorange_five_star_recheck.png,"[{""action"": ""qwen_detection"", ""arg_contains"": {""label"": [""金橙五星复检片""]}, ""decision_type"": ""tool"", ""required_args"": {""finish_after_tool"": false}}, {""action"": ""migration_advisor"", ""arg_contains"": {""user_query"": [""碳化硅陶瓷烧结台异常额度会核2063号""]}, ""decision_type"": ""tool"", ""required_args"": {""finish_after_tool"": true, ""use_image"": true, ""use_visual_probe"": true}}]","[""rag_answer"", ""re_question"", ""answerer"", ""flux-image-generation"", ""rexomni_detection"", ""pipeline_eval""]","{""action_match"": 0.65, ""argument_match"": 0.1, ""decision_type_valid"": 0.03, ""final_tool_finish"": 0.1, ""finish_after_tool"": 0.1, ""json_valid"": 0.02, ""no_forbidden_action"": 0.1, ""no_premature_stop"": 0.1, ""no_repeated_tool"": 0.1, ""no_skip_required_probe"": 0.1, ""strict_action_match"": true, ""strict_argument_types"": true, ""wrong_action_cap"": 0.2}",True,1.0,"[""qwen_detection"", ""migration_advisor""]",qwen_detection,"[{""_planner_metrics"": {""api_call_ms"": 6259.41, ""first_api_call_ms"": 6259.41, ""first_finish_reason"": ""stop"", ""first_input_tokens"": 4023, ""first_output_tokens"": 49, ""first_total_tokens"": 4072, ""input_tokens"": 4023, ""output_tokens"": 49, ""parse_ms"": 0.144, ""planner_total_ms"": 6273.403, ""prompt_build_ms"": 0.419, ""retry_count"": 0, ""retry_reason"": """", ""total_tokens"": 4072}, ""action"": ""qwen_detection"", ""action_input"": {""finish_after_tool"": false, ""label"": ""金橙五星复检片""}, ""clarification_question"": """", ""decision_type"": ""tool"", ""end_reason"": """", ""final_answer"": """", ""thought"": ""先执行用户指定的检测器以取得当前结构化状态。""}, {""_planner_metrics"": {""api_call_ms"": 8927.015, ""first_api_call_ms"": 8927.015, ""first_finish_reason"": ""stop"", ""first_input_tokens"": 4335, ""first_output_tokens"": 73, ""first_total_tokens"": 4408, ""input_tokens"": 4335, ""output_tokens"": 73, ""parse_ms"": 0.133, ""planner_total_ms"": 8943.948, ""prompt_build_ms"": 0.434, ""retry_count"": 0, ""retry_reason"": """", ""total_tokens"": 4408}, ""action"": ""migration_advisor"", ""action_input"": {""finish_after_tool"": true, ""use_image"": true, ""use_visual_probe"": true, ""user_query"": ""碳化硅陶瓷烧结台异常额度会核2063号""}, ""clarification_question"": """", ""decision_type"": ""tool"", ""end_reason"": """", ""final_answer"": """", ""thought"": ""最新状态未满足结束或重试条件，需要进入能力迁移评估。""}]",,6273.403,6259.41,4023,49,1,1,True,False
PROMV12-TB-002-QWEN-PE3,post_retry_error_step3,能力迁移已候场，先核验最新探针回执：先使用Qwen检测附件中的金橙五星复检片，检测结果仅作为中间状态。最终需要判断甚低频射电阵列探针恢复复议3574号应继续现有能力、结束，还是进入迁移评估。自然语言里的故障等级和预算描述没有路由优先级，只读取本 query 最新 observation 的结构化键值。错误状态仅在 retryable=true 与 retry_count=0 同时成立时复用原检测器一次，否则调用迁移顾问。正常状态需要候选数、置信度、跨提示一致性和域偏移四个门槛全部通过才结束，任一否决项都转迁移。缺省、非法、冲突状态采取保守分支；已经重试一次的结果不能再次触发检测器。检测器必须设置 finish_after_tool=false；迁移顾问使用当前图片和视觉探针并设置 finish_after_tool=true。,True,examples/images/planner_retry_optimizer_matched_v12/goldorange_five_star_recheck.png,"[{""action"": ""qwen_detection"", ""arg_contains"": {""label"": [""金橙五星复检片""]}, ""decision_type"": ""tool"", ""required_args"": {""finish_after_tool"": false}}, {""action"": ""qwen_detection"", ""arg_contains"": {""label"": [""金橙五星复检片""]}, ""decision_type"": ""tool"", ""required_args"": {""finish_after_tool"": false}}, {""action"": ""migration_advisor"", ""arg_contains"": {""user_query"": [""甚低频射电阵列探针恢复复议3574号""]}, ""decision_type"": ""tool"", ""required_args"": {""finish_after_tool"": true, ""use_image"": true, ""use_visual_probe"": true}}]","[""rag_answer"", ""re_question"", ""answerer"", ""flux-image-generation"", ""rexomni_detection"", ""pipeline_eval""]","{""action_match"": 0.65, ""argument_match"": 0.1, ""decision_type_valid"": 0.03, ""final_tool_finish"": 0.1, ""finish_after_tool"": 0.1, ""json_valid"": 0.02, ""no_forbidden_action"": 0.1, ""no_premature_stop"": 0.1, ""no_repeated_tool"": 0.1, ""no_skip_required_probe"": 0.1, ""strict_action_match"": true, ""strict_argument_types"": true, ""wrong_action_cap"": 0.2}",False,0.4375,"[""qwen_detection"", ""migration_advisor"", ""qwen_detection""]",qwen_detection,"[{""_planner_metrics"": {""api_call_ms"": 6297.153, ""first_api_call_ms"": 6297.153, ""first_finish_reason"": ""stop"", ""first_input_tokens"": 4021, ""first_output_tokens"": 49, ""first_total_tokens"": 4070, ""input_tokens"": 4021, ""output_tokens"": 49, ""parse_ms"": 0.14, ""planner_total_ms"": 6310.242, ""prompt_build_ms"": 0.498, ""retry_count"": 0, ""retry_reason"": """", ""total_tokens"": 4070}, ""action"": ""qwen_detection"", ""action_input"": {""finish_after_tool"": false, ""label"": ""金橙五星复检片""}, ""clarification_question"": """", ""decision_type"": ""tool"", ""end_reason"": """", ""final_answer"": """", ""thought"": ""先执行用户指定的检测器以取得当前结构化状态。""}, {""_planner_metrics"": {""api_call_ms"": 8763.437, ""first_api_call_ms"": 8763.437, ""first_finish_reason"": ""stop"", ""first_input_tokens"": 4324, ""first_output_tokens"": 72, ""first_total_tokens"": 4396, ""input_tokens"": 4324, ""output_tokens"": 72, ""parse_ms"": 0.125, ""planner_total_ms"": 8777.323, ""prompt_build_ms"": 0.395, ""retry_count"": 0, ""retry_reason"": """", ""total_tokens"": 4396}, ""action"": ""migration_advisor"", ""action_input"": {""finish_after_tool"": true, ""use_image"": true, ""use_visual_probe"": true, ""user_query"": ""甚低频射电阵列探针恢复复议3574号""}, ""clarification_question"": """", ""decision_type"": ""tool"", ""end_reason"": """", ""final_answer"": """", ""thought"": ""最新状态未满足结束或重试条件，需要进入能力迁移评估。""}, {""_planner_metrics"": {""api_call_ms"": 6761.84, ""first_api_call_ms"": 6761.84, ""first_finish_reason"": ""stop"", ""first_input_tokens"": 4654, ""first_output_tokens"": 51, ""first_total_tokens"": 4705, ""input_tokens"": 4654, ""output_tokens"": 51, ""parse_ms"": 0.12, ""planner_total_ms"": 6776.031, ""prompt_build_ms"": 0.414, ""retry_count"": 0, ""retry_reason"": """", ""total_tokens"": 4705}, ""action"": ""qwen_detection"", ""action_input"": {""finish_after_tool"": false, ""label"": ""金橙五星复检片""}, ""clarification_question"": """", ""decision_type"": ""tool"", ""end_reason"": """", ""final_answer"": """", ""thought"": ""最新状态满足错误状态重试条件，应复用原检测器。""}]","step2:action expected 'qwen_detection', got 'migration_advisor' | step2:finish_after_tool expected False, got True | step2:arg 'label' expected to contain ['金橙五星复检片'], got None | step3:action expected 'migration_advisor', got 'qwen_detection' | step3:finish_after_tool expected True, got False | step3:arg 'use_image' expected True, got None | step3:arg 'use_visual_probe' expected True, got None | step3:arg 'user_query' expected to contain ['甚低频射电阵列探针恢复复议3574号'], got None",6310.242,6297.153,4021,49,0,1,False,True
PROMV12-TB-007-QWEN-MS2,missing_required_state_step2,失联背景和当前预算并存时只使用显式字段：先使用Qwen检测附件中的玄铜弧顶缓冲座，检测结果仅作为中间状态。最终需要判断碳化硅陶瓷烧结台探针恢复复议4867号应继续现有能力、结束，还是进入迁移评估。自然语言里的故障等级和预算描述没有路由优先级，只读取本 query 最新 observation 的结构化键值。错误状态仅在 retryable=true 与 retry_count=0 同时成立时复用原检测器一次，否则调用迁移顾问。正常状态需要候选数、置信度、跨提示一致性和域偏移四个门槛全部通过才结束，任一否决项都转迁移。缺省、非法、冲突状态采取保守分支；已经重试一次的结果不能再次触发检测器。检测器必须设置 finish_after_tool=false；迁移顾问使用当前图片和视觉探针并设置 finish_after_tool=true。,True,examples/images/planner_retry_optimizer_matched_v12/darkbronze_arch_buffer.png,"[{""action"": ""qwen_detection"", ""arg_contains"": {""label"": [""玄铜弧顶缓冲座""]}, ""decision_type"": ""tool"", ""required_args"": {""finish_after_tool"": false}}, {""action"": ""migration_advisor"", ""arg_contains"": {""user_query"": [""碳化硅陶瓷烧结台探针恢复复议4867号""]}, ""decision_type"": ""tool"", ""required_args"": {""finish_after_tool"": true, ""use_image"": true, ""use_visual_probe"": true}}]","[""rag_answer"", ""re_question"", ""answerer"", ""flux-image-generation"", ""rexomni_detection"", ""pipeline_eval""]","{""action_match"": 0.65, ""argument_match"": 0.1, ""decision_type_valid"": 0.03, ""final_tool_finish"": 0.1, ""finish_after_tool"": 0.1, ""json_valid"": 0.02, ""no_forbidden_action"": 0.1, ""no_premature_stop"": 0.1, ""no_repeated_tool"": 0.1, ""no_skip_required_probe"": 0.1, ""strict_action_match"": true, ""strict_argument_types"": true, ""wrong_action_cap"": 0.2}",False,0.586957,"[""qwen_detection"", ""qwen_detection""]",qwen_detection,"[{""_planner_metrics"": {""api_call_ms"": 6379.711, ""first_api_call_ms"": 6379.711, ""first_finish_reason"": ""stop"", ""first_input_tokens"": 4022, ""first_output_tokens"": 50, ""first_total_tokens"": 4072, ""input_tokens"": 4022, ""output_tokens"": 50, ""parse_ms"": 0.118, ""planner_total_ms"": 6392.624, ""prompt_build_ms"": 0.349, ""retry_count"": 0, ""retry_reason"": """", ""total_tokens"": 4072}, ""action"": ""qwen_detection"", ""action_input"": {""finish_after_tool"": false, ""label"": ""玄铜弧顶缓冲座""}, ""clarification_question"": """", ""decision_type"": ""tool"", ""end_reason"": """", ""final_answer"": """", ""thought"": ""先执行用户指定的检测器以取得当前结构化状态。""}, {""_planner_metrics"": {""api_call_ms"": 7144.407, ""first_api_call_ms"": 7144.407, ""first_finish_reason"": ""stop"", ""first_input_tokens"": 4320, ""first_output_tokens"": 56, ""first_total_tokens"": 4376, ""input_tokens"": 4320, ""output_tokens"": 56, ""parse_ms"": 0.136, ""planner_total_ms"": 7157.423, ""prompt_build_ms"": 0.388, ""retry_count"": 0, ""retry_reason"": """", ""total_tokens"": 4376}, ""action"": ""qwen_detection"", ""action_input"": {""finish_after_tool"": false, ""label"": ""玄铜弧顶缓冲座""}, ""clarification_question"": """", ""decision_type"": ""tool"", ""end_reason"": """", ""final_answer"": """", ""thought"": ""最新状态未满足结束或迁移条件，需要继续使用相同的检测器获取结构化进展。""}]","step2:action expected 'migration_advisor', got 'qwen_detection' | step2:finish_after_tool expected True, got False | step2:arg 'use_image' expected True, got None | step2:arg 'use_visual_probe' expected True, got None | step2:arg 'user_query' expected to contain ['碳化硅陶瓷烧结台探针恢复复议4867号'], got None",6392.624,6379.711,4022,50,0,1,False,True
PROMV12-TB-007-REX-PS3,post_retry_success_step3,失联背景和当前预算并存时只使用显式字段：先使用Rex-Omni检测附件中的玄铜弧顶缓冲座，检测结果仅作为中间状态。最终需要判断碳化硅陶瓷烧结台探针恢复复议4867号应继续现有能力、结束，还是进入迁移评估。自然语言里的故障等级和预算描述没有路由优先级，只读取本 query 最新 observation 的结构化键值。错误状态仅在 retryable=true 与 retry_count=0 同时成立时复用原检测器一次，否则调用迁移顾问。正常状态需要候选数、置信度、跨提示一致性和域偏移四个门槛全部通过才结束，任一否决项都转迁移。缺省、非法、冲突状态采取保守分支；已经重试一次的结果不能再次触发检测器。检测器必须设置 finish_after_tool=false；迁移顾问使用当前图片和视觉探针并设置 finish_after_tool=true。,True,examples/images/planner_retry_optimizer_matched_v12/darkbronze_arch_buffer.png,"[{""action"": ""rexomni_detection"", ""arg_contains"": {""label"": [""玄铜弧顶缓冲座""]}, ""decision_type"": ""tool"", ""required_args"": {""finish_after_tool"": false}}, {""action"": ""rexomni_detection"", ""arg_contains"": {""label"": [""玄铜弧顶缓冲座""]}, ""decision_type"": ""tool"", ""required_args"": {""finish_after_tool"": false}}, {""arg_contains"": {}, ""decision_type"": ""end"", ""required_args"": {""end_reason"": ""memory_hit""}}]","[""rag_answer"", ""re_question"", ""answerer"", ""flux-image-generation"", ""qwen_detection"", ""pipeline_eval"", ""migration_advisor""]","{""action_match"": 0.65, ""argument_match"": 0.1, ""decision_type_valid"": 0.03, ""final_tool_finish"": 0.1, ""finish_after_tool"": 0.1, ""json_valid"": 0.02, ""no_forbidden_action"": 0.1, ""no_premature_stop"": 0.1, ""no_repeated_tool"": 0.1, ""no_skip_required_probe"": 0.1, ""strict_action_match"": true, ""strict_argument_types"": true, ""wrong_action_cap"": 0.2}",False,0.428125,"[""rexomni_detection"", ""migration_advisor"", ""rexomni_detection""]",rexomni_detection,"[{""_planner_metrics"": {""api_call_ms"": 6470.006, ""first_api_call_ms"": 6470.006, ""first_finish_reason"": ""stop"", ""first_input_tokens"": 4028, ""first_output_tokens"": 51, ""first_total_tokens"": 4079, ""input_tokens"": 4028, ""output_tokens"": 51, ""parse_ms"": 0.125, ""planner_total_ms"": 6482.539, ""prompt_build_ms"": 0.411, ""retry_count"": 0, ""retry_reason"": """", ""total_tokens"": 4079}, ""action"": ""rexomni_detection"", ""action_input"": {""finish_after_tool"": false, ""label"": ""玄铜弧顶缓冲座""}, ""clarification_question"": """", ""decision_type"": ""tool"", ""end_reason"": """", ""final_answer"": """", ""thought"": ""先执行用户指定的检测器以取得当前结构化状态。""}, {""_planner_metrics"": {""api_call_ms"": 8842.538, ""first_api_call_ms"": 8842.538, ""first_finish_reason"": ""stop"", ""first_input_tokens"": 4331, ""first_output_tokens"": 72, ""first_total_tokens"": 4403, ""input_tokens"": 4331, ""output_tokens"": 72, ""parse_ms"": 0.142, ""planner_total_ms"": 8855.863, ""prompt_build_ms"": 0.379, ""retry_count"": 0, ""retry_reason"": """", ""total_tokens"": 4403}, ""action"": ""migration_advisor"", ""action_input"": {""finish_after_tool"": true, ""use_image"": true, ""use_visual_probe"": true, ""user_query"": ""碳化硅陶瓷烧结台探针恢复复议4867号""}, ""clarification_question"": """", ""decision_type"": ""tool"", ""end_reason"": """", ""final_answer"": """", ""thought"": ""最新状态未满足结束或迁移条件，需要继续推进结构化评估。""}, {""_planner_metrics"": {""api_call_ms"": 7087.043, ""first_api_call_ms"": 7087.043, ""first_finish_reason"": ""stop"", ""first_input_tokens"": 4658, ""first_output_tokens"": 54, ""first_total_tokens"": 4712, ""input_tokens"": 4658, ""output_tokens"": 54, ""parse_ms"": 0.214, ""planner_total_ms"": 7103.291, ""prompt_build_ms"": 0.476, ""retry_count"": 0, ""retry_reason"": """", ""total_tokens"": 4712}, ""action"": ""rexomni_detection"", ""action_input"": {""finish_after_tool"": false, ""label"": ""玄铜弧顶缓冲座""}, ""clarification_question"": """", ""decision_type"": ""tool"", ""end_reason"": """", ""final_answer"": """", ""thought"": ""最新状态未满足结束或迁移条件，需要继续推进结构化评估。""}]","step2:action expected 'rexomni_detection', got 'migration_advisor' | step2:finish_after_tool expected False, got True | step2:arg 'label' expected to contain ['玄铜弧顶缓冲座'], got None | step3:decision_type expected 'end', got 'tool' | step3:action expected 'end', got 'rexomni_detection' | step3:arg 'end_reason' expected 'memory_hit', got '' | forbidden:migration_advisor",6482.539,6470.006,4028,51,0,1,False,True
PROMV12-TB-004-QWEN-MS2,missing_required_state_step2,读取这次机器状态并选择唯一动作：先使用Qwen检测附件中的金橙五星复检片，检测结果仅作为中间状态。最终需要判断碳化硅陶瓷烧结台回执分支终签7625号应继续现有能力、结束，还是进入迁移评估。自然语言里的故障等级和预算描述没有路由优先级，只读取本 query 最新 observation 的结构化键值。错误状态仅在 retryable=true 与 retry_count=0 同时成立时复用原检测器一次，否则调用迁移顾问。正常状态需要候选数、置信度、跨提示一致性和域偏移四个门槛全部通过才结束，任一否决项都转迁移。缺省、非法、冲突状态采取保守分支；已经重试一次的结果不能再次触发检测器。检测器必须设置 finish_after_tool=false；迁移顾问使用当前图片和视觉探针并设置 finish_after_tool=true。,True,examples/images/planner_retry_optimizer_matched_v12/goldorange_five_star_recheck.png,"[{""action"": ""qwen_detection"", ""arg_contains"": {""label"": [""金橙五星复检片""]}, ""decision_type"": ""tool"", ""required_args"": {""finish_after_tool"": false}}, {""action"": ""migration_advisor"", ""arg_contains"": {""user_query"": [""碳化硅陶瓷烧结台回执分支终签7625号""]}, ""decision_type"": ""tool"", ""required_args"": {""finish_after_tool"": true, ""use_image"": true, ""use_visual_probe"": true}}]","[""rag_answer"", ""re_question"", ""answerer"", ""flux-image-generation"", ""rexomni_detection"", ""pipeline_eval""]","{""action_match"": 0.65, ""argument_match"": 0.1, ""decision_type_valid"": 0.03, ""final_tool_finish"": 0.1, ""finish_after_tool"": 0.1, ""json_valid"": 0.02, ""no_forbidden_action"": 0.1, ""no_premature_stop"": 0.1, ""no_repeated_tool"": 0.1, ""no_skip_required_probe"": 0.1, ""strict_action_match"": true, ""strict_argument_types"": true, ""wrong_action_cap"": 0.2}",True,1.0,"[""qwen_detection"", ""migration_advisor""]",qwen_detection,"[{""_planner_metrics"": {""api_call_ms"": 6376.558, ""first_api_call_ms"": 6376.558, ""first_finish_reason"": ""stop"", ""first_input_tokens"": 4017, ""first_output_tokens"": 49, ""first_total_tokens"": 4066, ""input_tokens"": 4017, ""output_tokens"": 49, ""parse_ms"": 0.159, ""planner_total_ms"": 6389.69, ""prompt_build_ms"": 0.419, ""retry_count"": 0, ""retry_reason"": """", ""total_tokens"": 4066}, ""action"": ""qwen_detection"", ""action_input"": {""finish_after_tool"": false, ""label"": ""金橙五星复检片""}, ""clarification_question"": """", ""decision_type"": ""tool"", ""end_reason"": """", ""final_answer"": """", ""thought"": ""先执行用户指定的检测器以取得当前结构化状态。""}, {""_planner_metrics"": {""api_call_ms"": 8726.263, ""first_api_call_ms"": 8726.263, ""first_finish_reason"": ""stop"", ""first_input_tokens"": 4317, ""first_output_tokens"": 71, ""first_total_tokens"": 4388, ""input_tokens"": 4317, ""output_tokens"": 71, ""parse_ms"": 0.199, ""planner_total_ms"": 8743.32, ""prompt_build_ms"": 0.449, ""retry_count"": 0, ""retry_reason"": """", ""total_tokens"": 4388}, ""action"": ""migration_advisor"", ""action_input"": {""finish_after_tool"": true, ""use_image"": true, ""use_visual_probe"": true, ""user_query"": ""碳化硅陶瓷烧结台回执分支终签7625号""}, ""clarification_question"": """", ""decision_type"": ""tool"", ""end_reason"": """", ""final_answer"": """", ""thought"": ""最新状态未满足结束或重试条件，需要迁移评估。""}]",,6389.69,6376.558,4017,49,1,1,True,False
PROMV12-TB-007-QWEN-FR2,fresh_retry_step2,失联背景和当前预算并存时只使用显式字段：先使用Qwen检测附件中的玄铜弧顶缓冲座，检测结果仅作为中间状态。最终需要判断碳化硅陶瓷烧结台探针恢复复议4867号应继续现有能力、结束，还是进入迁移评估。自然语言里的故障等级和预算描述没有路由优先级，只读取本 query 最新 observation 的结构化键值。错误状态仅在 retryable=true 与 retry_count=0 同时成立时复用原检测器一次，否则调用迁移顾问。正常状态需要候选数、置信度、跨提示一致性和域偏移四个门槛全部通过才结束，任一否决项都转迁移。缺省、非法、冲突状态采取保守分支；已经重试一次的结果不能再次触发检测器。检测器必须设置 finish_after_tool=false；迁移顾问使用当前图片和视觉探针并设置 finish_after_tool=true。,True,examples/images/planner_retry_optimizer_matched_v12/darkbronze_arch_buffer.png,"[{""action"": ""qwen_detection"", ""arg_contains"": {""label"": [""玄铜弧顶缓冲座""]}, ""decision_type"": ""tool"", ""required_args"": {""finish_after_tool"": false}}, {""action"": ""qwen_detection"", ""arg_contains"": {""label"": [""玄铜弧顶缓冲座""]}, ""decision_type"": ""tool"", ""required_args"": {""finish_after_tool"": false}}, {""arg_contains"": {}, ""decision_type"": ""end"", ""required_args"": {""end_reason"": ""memory_hit""}}]","[""rag_answer"", ""re_question"", ""answerer"", ""flux-image-generation"", ""rexomni_detection"", ""pipeline_eval"", ""migration_advisor""]","{""action_match"": 0.65, ""argument_match"": 0.1, ""decision_type_valid"": 0.03, ""final_tool_finish"": 0.1, ""finish_after_tool"": 0.1, ""json_valid"": 0.02, ""no_forbidden_action"": 0.1, ""no_premature_stop"": 0.1, ""no_repeated_tool"": 0.1, ""no_skip_required_probe"": 0.1, ""strict_action_match"": true, ""strict_argument_types"": true, ""wrong_action_cap"": 0.2}",False,0.75625,"[""qwen_detection"", ""qwen_detection"", ""qwen_detection""]",qwen_detection,"[{""_planner_metrics"": {""api_call_ms"": 6404.975, ""first_api_call_ms"": 6404.975, ""first_finish_reason"": ""stop"", ""first_input_tokens"": 4022, ""first_output_tokens"": 50, ""first_total_tokens"": 4072, ""input_tokens"": 4022, ""output_tokens"": 50, ""parse_ms"": 0.123, ""planner_total_ms"": 6417.834, ""prompt_build_ms"": 0.349, ""retry_count"": 0, ""retry_reason"": """", ""total_tokens"": 4072}, ""action"": ""qwen_detection"", ""action_input"": {""finish_after_tool"": false, ""label"": ""玄铜弧顶缓冲座""}, ""clarification_question"": """", ""decision_type"": ""tool"", ""end_reason"": """", ""final_answer"": """", ""thought"": ""先执行用户指定的检测器以取得当前结构化状态。""}, {""_planner_metrics"": {""api_call_ms"": 7204.519, ""first_api_call_ms"": 7204.519, ""first_finish_reason"": ""stop"", ""first_input_tokens"": 4328, ""first_output_tokens"": 56, ""first_total_tokens"": 4384, ""input_tokens"": 4328, ""output_tokens"": 56, ""parse_ms"": 0.148, ""planner_total_ms"": 7218.052, ""prompt_build_ms"": 0.379, ""retry_count"": 0, ""retry_reason"": """", ""total_tokens"": 4384}, ""action"": ""qwen_detection"", ""action_input"": {""finish_after_tool"": false, ""label"": ""玄铜弧顶缓冲座""}, ""clarification_question"": """", ""decision_type"": ""tool"", ""end_reason"": """", ""final_answer"": """", ""thought"": ""最新状态未满足结束或迁移条件，需要继续使用相同的检测器获取结构化进展。""}, {""_planner_metrics"": {""api_call_ms"": 7632.204, ""first_api_call_ms"": 7632.204, ""first_finish_reason"": ""stop"", ""first_input_tokens"": 4633, ""first_output_tokens"": 56, ""first_total_tokens"": 4689, ""input_tokens"": 4633, ""output_tokens"": 56, ""parse_ms"": 0.139, ""planner_total_ms"": 7648.489, ""prompt_build_ms"": 0.513, ""retry_count"": 0, ""retry_reason"": """", ""total_tokens"": 4689}, ""action"": ""qwen_detection"", ""action_input"": {""finish_after_tool"": false, ""label"": ""玄铜弧顶缓冲座""}, ""clarification_question"": """", ""decision_type"": ""tool"", ""end_reason"": """", ""final_answer"": """", ""thought"": ""最新状态未满足结束或迁移条件，需要继续使用相同的检测器获取结构化进展。""}]","step3:decision_type expected 'end', got 'tool' | step3:action expected 'end', got 'qwen_detection' | step3:arg 'end_reason' expected 'memory_hit', got ''",6417.834,6404.975,4022,50,0,1,False,True
PROMV12-TB-009-REX-PV3,post_retry_metric_veto_step3,能力迁移已候场，先核验最新探针回执：先使用Rex-Omni检测附件中的金橙五星复检片，检测结果仅作为中间状态。最终需要判断林区无人机补给舱探针恢复复议6446号应继续现有能力、结束，还是进入迁移评估。自然语言里的故障等级和预算描述没有路由优先级，只读取本 query 最新 observation 的结构化键值。错误状态仅在 retryable=true 与 retry_count=0 同时成立时复用原检测器一次，否则调用迁移顾问。正常状态需要候选数、置信度、跨提示一致性和域偏移四个门槛全部通过才结束，任一否决项都转迁移。缺省、非法、冲突状态采取保守分支；已经重试一次的结果不能再次触发检测器。检测器必须设置 finish_after_tool=false；迁移顾问使用当前图片和视觉探针并设置 finish_after_tool=true。,True,examples/images/planner_retry_optimizer_matched_v12/goldorange_five_star_recheck.png,"[{""action"": ""rexomni_detection"", ""arg_contains"": {""label"": [""金橙五星复检片""]}, ""decision_type"": ""tool"", ""required_args"": {""finish_after_tool"": false}}, {""action"": ""rexomni_detection"", ""arg_contains"": {""label"": [""金橙五星复检片""]}, ""decision_type"": ""tool"", ""required_args"": {""finish_after_tool"": false}}, {""action"": ""migration_advisor"", ""arg_contains"": {""user_query"": [""林区无人机补给舱探针恢复复议6446号""]}, ""decision_type"": ""tool"", ""required_args"": {""finish_after_tool"": true, ""use_image"": true, ""use_visual_probe"": true}}]","[""rag_answer"", ""re_question"", ""answerer"", ""flux-image-generation"", ""qwen_detection"", ""pipeline_eval""]","{""action_match"": 0.65, ""argument_match"": 0.1, ""decision_type_valid"": 0.03, ""final_tool_finish"": 0.1, ""finish_after_tool"": 0.1, ""json_valid"": 0.02, ""no_forbidden_action"": 0.1, ""no_premature_stop"": 0.1, ""no_repeated_tool"": 0.1, ""no_skip_required_probe"": 0.1, ""strict_action_match"": true, ""strict_argument_types"": true, ""wrong_action_cap"": 0.2}",True,1.0,"[""rexomni_detection"", ""rexomni_detection"", ""migration_advisor""]",rexomni_detection,"[{""_planner_metrics"": {""api_call_ms"": 6573.246, ""first_api_call_ms"": 6573.246, ""first_finish_reason"": ""stop"", ""first_input_tokens"": 4025, ""first_output_tokens"": 50, ""first_total_tokens"": 4075, ""input_tokens"": 4025, ""output_tokens"": 50, ""parse_ms"": 0.131, ""planner_total_ms"": 6586.763, ""prompt_build_ms"": 0.403, ""retry_count"": 0, ""retry_reason"": """", ""total_tokens"": 4075}, ""action"": ""rexomni_detection"", ""action_input"": {""finish_after_tool"": false, ""label"": ""金橙五星复检片""}, ""clarification_question"": """", ""decision_type"": ""tool"", ""end_reason"": """", ""final_answer"": """", ""thought"": ""先执行用户指定的检测器以取得当前结构化状态。""}, {""_planner_metrics"": {""api_call_ms"": 6725.692, ""first_api_call_ms"": 6725.692, ""first_finish_reason"": ""stop"", ""first_input_tokens"": 4336, ""first_output_tokens"": 52, ""first_total_tokens"": 4388, ""input_tokens"": 4336, ""output_tokens"": 52, ""parse_ms"": 0.142, ""planner_total_ms"": 6738.973, ""prompt_build_ms"": 0.402, ""retry_count"": 0, ""retry_reason"": """", ""total_tokens"": 4388}, ""action"": ""rexomni_detection"", ""action_input"": {""finish_after_tool"": false, ""label"": ""金橙五星复检片""}, ""clarification_question"": """", ""decision_type"": ""tool"", ""end_reason"": """", ""final_answer"": """", ""thought"": ""最新状态满足错误重试条件，需要再次调用同一检测器。""}, {""_planner_metrics"": {""api_call_ms"": 8916.892, ""first_api_call_ms"": 8916.892, ""first_finish_reason"": ""stop"", ""first_input_tokens"": 4642, ""first_output_tokens"": 71, ""first_total_tokens"": 4713, ""input_tokens"": 4642, ""output_tokens"": 71, ""parse_ms"": 0.149, ""planner_total_ms"": 8933.276, ""prompt_build_ms"": 0.499, ""retry_count"": 0, ""retry_reason"": """", ""total_tokens"": 4713}, ""action"": ""migration_advisor"", ""action_input"": {""finish_after_tool"": true, ""use_image"": true, ""use_visual_probe"": true, ""user_query"": ""林区无人机补给舱探针恢复复议6446号""}, ""clarification_question"": """", ""decision_type"": ""tool"", ""end_reason"": """", ""final_answer"": """", ""thought"": ""最新状态未满足结束或重试条件，需要进入能力迁移评估。""}]",,6586.763,6573.246,4025,50,1,1,True,False
PROMV12-TB-001-QWEN-PS3,post_retry_success_step3,失联背景和当前预算并存时只使用显式字段：先使用Qwen检测附件中的金橙五星复检片，检测结果仅作为中间状态。最终需要判断碳化硅陶瓷烧结台异常额度会核2063号应继续现有能力、结束，还是进入迁移评估。自然语言里的故障等级和预算描述没有路由优先级，只读取本 query 最新 observation 的结构化键值。错误状态仅在 retryable=true 与 retry_count=0 同时成立时复用原检测器一次，否则调用迁移顾问。正常状态需要候选数、置信度、跨提示一致性和域偏移四个门槛全部通过才结束，任一否决项都转迁移。缺省、非法、冲突状态采取保守分支；已经重试一次的结果不能再次触发检测器。检测器必须设置 finish_after_tool=false；迁移顾问使用当前图片和视觉探针并设置 finish_after_tool=true。,True,examples/images/planner_retry_optimizer_matched_v12/goldorange_five_star_recheck.png,"[{""action"": ""qwen_detection"", ""arg_contains"": {""label"": [""金橙五星复检片""]}, ""decision_type"": ""tool"", ""required_args"": {""finish_after_tool"": false}}, {""action"": ""qwen_detection"", ""arg_contains"": {""label"": [""金橙五星复检片""]}, ""decision_type"": ""tool"", ""required_args"": {""finish_after_tool"": false}}, {""arg_contains"": {}, ""decision_type"": ""end"", ""required_args"": {""end_reason"": ""memory_hit""}}]","[""rag_answer"", ""re_question"", ""answerer"", ""flux-image-generation"", ""rexomni_detection"", ""pipeline_eval"", ""migration_advisor""]","{""action_match"": 0.65, ""argument_match"": 0.1, ""decision_type_valid"": 0.03, ""final_tool_finish"": 0.1, ""finish_after_tool"": 0.1, ""json_valid"": 0.02, ""no_forbidden_action"": 0.1, ""no_premature_stop"": 0.1, ""no_repeated_tool"": 0.1, ""no_skip_required_probe"": 0.1, ""strict_action_match"": true, ""strict_argument_types"": true, ""wrong_action_cap"": 0.2}",False,0.640625,"[""qwen_detection"", ""migration_advisor"", ""final_answer""]",qwen_detection,"[{""_planner_metrics"": {""api_call_ms"": 6273.575, ""first_api_call_ms"": 6273.575, ""first_finish_reason"": ""stop"", ""first_input_tokens"": 4023, ""first_output_tokens"": 49, ""first_total_tokens"": 4072, ""input_tokens"": 4023, ""output_tokens"": 49, ""parse_ms"": 0.154, ""planner_total_ms"": 6286.407, ""prompt_build_ms"": 0.426, ""retry_count"": 0, ""retry_reason"": """", ""total_tokens"": 4072}, ""action"": ""qwen_detection"", ""action_input"": {""finish_after_tool"": false, ""label"": ""金橙五星复检片""}, ""clarification_question"": """", ""decision_type"": ""tool"", ""end_reason"": """", ""final_answer"": """", ""thought"": ""先执行用户指定的检测器以取得当前结构化状态。""}, {""_planner_metrics"": {""api_call_ms"": 8955.55, ""first_api_call_ms"": 8955.55, ""first_finish_reason"": ""stop"", ""first_input_tokens"": 4336, ""first_output_tokens"": 73, ""first_total_tokens"": 4409, ""input_tokens"": 4336, ""output_tokens"": 73, ""parse_ms"": 0.247, ""planner_total_ms"": 8970.437, ""prompt_build_ms"": 0.41, ""retry_count"": 0, ""retry_reason"": """", ""total_tokens"": 4409}, ""action"": ""migration_advisor"", ""action_input"": {""finish_after_tool"": true, ""use_image"": true, ""use_visual_probe"": true, ""user_query"": ""碳化硅陶瓷烧结台异常额度会核2063号""}, ""clarification_question"": """", ""decision_type"": ""tool"", ""end_reason"": """", ""final_answer"": """", ""thought"": ""最新状态未满足结束或重试条件，需要进入能力迁移评估。""}, {""_planner_metrics"": {""api_call_ms"": 4881.769, ""first_api_call_ms"": 4881.769, ""first_finish_reason"": ""stop"", ""first_input_tokens"": 4669, ""first_output_tokens"": 32, ""first_total_tokens"": 4701, ""input_tokens"": 4669, ""output_tokens"": 32, ""parse_ms"": 0.135, ""planner_total_ms"": 4900.695, ""prompt_build_ms"": 0.561, ""retry_count"": 0, ""retry_reason"": """", ""total_tokens"": 4701}, ""action"": ""final_answer"", ""action_input"": {}, ""clarification_question"": """", ""decision_type"": ""end"", ""end_reason"": ""recheck_done"", ""final_answer"": """", ""thought"": ""最新状态已满足结束条件，可以收口。""}]","step2:action expected 'qwen_detection', got 'migration_advisor' | step2:finish_after_tool expected False, got True | step2:arg 'label' expected to contain ['金橙五星复检片'], got None | step3:arg 'end_reason' expected 'memory_hit', got 'recheck_done' | forbidden:migration_advisor",6286.407,6273.575,4023,49,0,1,False,True
PROMV12-TB-002-QWEN-PV3,post_retry_metric_veto_step3,能力迁移已候场，先核验最新探针回执：先使用Qwen检测附件中的金橙五星复检片，检测结果仅作为中间状态。最终需要判断甚低频射电阵列探针恢复复议3574号应继续现有能力、结束，还是进入迁移评估。自然语言里的故障等级和预算描述没有路由优先级，只读取本 query 最新 observation 的结构化键值。错误状态仅在 retryable=true 与 retry_count=0 同时成立时复用原检测器一次，否则调用迁移顾问。正常状态需要候选数、置信度、跨提示一致性和域偏移四个门槛全部通过才结束，任一否决项都转迁移。缺省、非法、冲突状态采取保守分支；已经重试一次的结果不能再次触发检测器。检测器必须设置 finish_after_tool=false；迁移顾问使用当前图片和视觉探针并设置 finish_after_tool=true。,True,examples/images/planner_retry_optimizer_matched_v12/goldorange_five_star_recheck.png,"[{""action"": ""qwen_detection"", ""arg_contains"": {""label"": [""金橙五星复检片""]}, ""decision_type"": ""tool"", ""required_args"": {""finish_after_tool"": false}}, {""action"": ""qwen_detection"", ""arg_contains"": {""label"": [""金橙五星复检片""]}, ""decision_type"": ""tool"", ""required_args"": {""finish_after_tool"": false}}, {""action"": ""migration_advisor"", ""arg_contains"": {""user_query"": [""甚低频射电阵列探针恢复复议3574号""]}, ""decision_type"": ""tool"", ""required_args"": {""finish_after_tool"": true, ""use_image"": true, ""use_visual_probe"": true}}]","[""rag_answer"", ""re_question"", ""answerer"", ""flux-image-generation"", ""rexomni_detection"", ""pipeline_eval""]","{""action_match"": 0.65, ""argument_match"": 0.1, ""decision_type_valid"": 0.03, ""final_tool_finish"": 0.1, ""finish_after_tool"": 0.1, ""json_valid"": 0.02, ""no_forbidden_action"": 0.1, ""no_premature_stop"": 0.1, ""no_repeated_tool"": 0.1, ""no_skip_required_probe"": 0.1, ""strict_action_match"": true, ""strict_argument_types"": true, ""wrong_action_cap"": 0.2}",False,0.703125,"[""qwen_detection"", ""migration_advisor"", ""migration_advisor""]",qwen_detection,"[{""_planner_metrics"": {""api_call_ms"": 6483.324, ""first_api_call_ms"": 6483.324, ""first_finish_reason"": ""stop"", ""first_input_tokens"": 4021, ""first_output_tokens"": 49, ""first_total_tokens"": 4070, ""input_tokens"": 4021, ""output_tokens"": 49, ""parse_ms"": 0.141, ""planner_total_ms"": 6496.534, ""prompt_build_ms"": 0.397, ""retry_count"": 0, ""retry_reason"": """", ""total_tokens"": 4070}, ""action"": ""qwen_detection"", ""action_input"": {""finish_after_tool"": false, ""label"": ""金橙五星复检片""}, ""clarification_question"": """", ""decision_type"": ""tool"", ""end_reason"": """", ""final_answer"": """", ""thought"": ""先使用用户指定的检测器对当前图片进行探针。""}, {""_planner_metrics"": {""api_call_ms"": 9071.465, ""first_api_call_ms"": 9071.465, ""first_finish_reason"": ""stop"", ""first_input_tokens"": 4323, ""first_output_tokens"": 72, ""first_total_tokens"": 4395, ""input_tokens"": 4323, ""output_tokens"": 72, ""parse_ms"": 0.171, ""planner_total_ms"": 9085.117, ""prompt_build_ms"": 0.461, ""retry_count"": 0, ""retry_reason"": """", ""total_tokens"": 4395}, ""action"": ""migration_advisor"", ""action_input"": {""finish_after_tool"": true, ""use_image"": true, ""use_visual_probe"": true, ""user_query"": ""甚低频射电阵列探针恢复复议3574号""}, ""clarification_question"": """", ""decision_type"": ""tool"", ""end_reason"": """", ""final_answer"": """", ""thought"": ""最新状态未满足结束或重试条件，需要进入能力迁移评估。""}, {""_planner_metrics"": {""api_call_ms"": 9267.264, ""first_api_call_ms"": 9267.264, ""first_finish_reason"": ""stop"", ""first_input_tokens"": 4650, ""first_output_tokens"": 72, ""first_total_tokens"": 4722, ""input_tokens"": 4650, ""output_tokens"": 72, ""parse_ms"": 0.148, ""planner_total_ms"": 9283.04, ""prompt_build_ms"": 0.527, ""retry_count"": 0, ""retry_reason"": """", ""total_tokens"": 4722}, ""action"": ""migration_advisor"", ""action_input"": {""finish_after_tool"": true, ""use_image"": true, ""use_visual_probe"": true, ""user_query"": ""甚低频射电阵列探针恢复复议3574号""}, ""clarification_question"": """", ""decision_type"": ""tool"", ""end_reason"": """", ""final_answer"": """", ""thought"": ""最新状态未满足结束或重试条件，需要进入能力迁移评估。""}]","step2:action expected 'qwen_detection', got 'migration_advisor' | step2:finish_after_tool expected False, got True | step2:arg 'label' expected to contain ['金橙五星复检片'], got None",6496.534,6483.324,4021,49,0,1,False,True
PROMV12-TB-001-REX-PS3,post_retry_success_step3,失联背景和当前预算并存时只使用显式字段：先使用Rex-Omni检测附件中的金橙五星复检片，检测结果仅作为中间状态。最终需要判断碳化硅陶瓷烧结台异常额度会核2063号应继续现有能力、结束，还是进入迁移评估。自然语言里的故障等级和预算描述没有路由优先级，只读取本 query 最新 observation 的结构化键值。错误状态仅在 retryable=true 与 retry_count=0 同时成立时复用原检测器一次，否则调用迁移顾问。正常状态需要候选数、置信度、跨提示一致性和域偏移四个门槛全部通过才结束，任一否决项都转迁移。缺省、非法、冲突状态采取保守分支；已经重试一次的结果不能再次触发检测器。检测器必须设置 finish_after_tool=false；迁移顾问使用当前图片和视觉探针并设置 finish_after_tool=true。,True,examples/images/planner_retry_optimizer_matched_v12/goldorange_five_star_recheck.png,"[{""action"": ""rexomni_detection"", ""arg_contains"": {""label"": [""金橙五星复检片""]}, ""decision_type"": ""tool"", ""required_args"": {""finish_after_tool"": false}}, {""action"": ""rexomni_detection"", ""arg_contains"": {""label"": [""金橙五星复检片""]}, ""decision_type"": ""tool"", ""required_args"": {""finish_after_tool"": false}}, {""arg_contains"": {}, ""decision_type"": ""end"", ""required_args"": {""end_reason"": ""memory_hit""}}]","[""rag_answer"", ""re_question"", ""answerer"", ""flux-image-generation"", ""qwen_detection"", ""pipeline_eval"", ""migration_advisor""]","{""action_match"": 0.65, ""argument_match"": 0.1, ""decision_type_valid"": 0.03, ""final_tool_finish"": 0.1, ""finish_after_tool"": 0.1, ""json_valid"": 0.02, ""no_forbidden_action"": 0.1, ""no_premature_stop"": 0.1, ""no_repeated_tool"": 0.1, ""no_skip_required_probe"": 0.1, ""strict_action_match"": true, ""strict_argument_types"": true, ""wrong_action_cap"": 0.2}",False,0.640625,"[""rexomni_detection"", ""migration_advisor"", ""final_answer""]",rexomni_detection,"[{""_planner_metrics"": {""api_call_ms"": 6673.223, ""first_api_call_ms"": 6673.223, ""first_finish_reason"": ""stop"", ""first_input_tokens"": 4029, ""first_output_tokens"": 50, ""first_total_tokens"": 4079, ""input_tokens"": 4029, ""output_tokens"": 50, ""parse_ms"": 0.15, ""planner_total_ms"": 6686.36, ""prompt_build_ms"": 0.372, ""retry_count"": 0, ""retry_reason"": """", ""total_tokens"": 4079}, ""action"": ""rexomni_detection"", ""action_input"": {""finish_after_tool"": false, ""label"": ""金橙五星复检片""}, ""clarification_question"": """", ""decision_type"": ""tool"", ""end_reason"": """", ""final_answer"": """", ""thought"": ""先执行用户指定的检测器以取得当前结构化状态。""}, {""_planner_metrics"": {""api_call_ms"": 9398.355, ""first_api_call_ms"": 9398.355, ""first_finish_reason"": ""stop"", ""first_input_tokens"": 4341, ""first_output_tokens"": 73, ""first_total_tokens"": 4414, ""input_tokens"": 4341, ""output_tokens"": 73, ""parse_ms"": 0.192, ""planner_total_ms"": 9412.778, ""prompt_build_ms"": 0.483, ""retry_count"": 0, ""retry_reason"": """", ""total_tokens"": 4414}, ""action"": ""migration_advisor"", ""action_input"": {""finish_after_tool"": true, ""use_image"": true, ""use_visual_probe"": true, ""user_query"": ""碳化硅陶瓷烧结台异常额度会核2063号""}, ""clarification_question"": """", ""decision_type"": ""tool"", ""end_reason"": """", ""final_answer"": """", ""thought"": ""最新状态未满足结束或重试条件，需要进入能力迁移评估。""}, {""_planner_metrics"": {""api_call_ms"": 4982.133, ""first_api_call_ms"": 4982.133, ""first_finish_reason"": ""stop"", ""first_input_tokens"": 4674, ""first_output_tokens"": 32, ""first_total_tokens"": 4706, ""input_tokens"": 4674, ""output_tokens"": 32, ""parse_ms"": 0.126, ""planner_total_ms"": 4996.604, ""prompt_build_ms"": 0.432, ""retry_count"": 0, ""retry_reason"": """", ""total_tokens"": 4706}, ""action"": ""final_answer"", ""action_input"": {}, ""clarification_question"": """", ""decision_type"": ""end"", ""end_reason"": ""recheck_done"", ""final_answer"": """", ""thought"": ""最新状态已满足结束条件，可以收口。""}]","step2:action expected 'rexomni_detection', got 'migration_advisor' | step2:finish_after_tool expected False, got True | step2:arg 'label' expected to contain ['金橙五星复检片'], got None | step3:arg 'end_reason' expected 'memory_hit', got 'recheck_done' | forbidden:migration_advisor",6686.36,6673.223,4029,50,0,1,False,True
PROMV12-TB-007-REX-FR2,fresh_retry_step2,失联背景和当前预算并存时只使用显式字段：先使用Rex-Omni检测附件中的玄铜弧顶缓冲座，检测结果仅作为中间状态。最终需要判断碳化硅陶瓷烧结台探针恢复复议4867号应继续现有能力、结束，还是进入迁移评估。自然语言里的故障等级和预算描述没有路由优先级，只读取本 query 最新 observation 的结构化键值。错误状态仅在 retryable=true 与 retry_count=0 同时成立时复用原检测器一次，否则调用迁移顾问。正常状态需要候选数、置信度、跨提示一致性和域偏移四个门槛全部通过才结束，任一否决项都转迁移。缺省、非法、冲突状态采取保守分支；已经重试一次的结果不能再次触发检测器。检测器必须设置 finish_after_tool=false；迁移顾问使用当前图片和视觉探针并设置 finish_after_tool=true。,True,examples/images/planner_retry_optimizer_matched_v12/darkbronze_arch_buffer.png,"[{""action"": ""rexomni_detection"", ""arg_contains"": {""label"": [""玄铜弧顶缓冲座""]}, ""decision_type"": ""tool"", ""required_args"": {""finish_after_tool"": false}}, {""action"": ""rexomni_detection"", ""arg_contains"": {""label"": [""玄铜弧顶缓冲座""]}, ""decision_type"": ""tool"", ""required_args"": {""finish_after_tool"": false}}, {""arg_contains"": {}, ""decision_type"": ""end"", ""required_args"": {""end_reason"": ""memory_hit""}}]","[""rag_answer"", ""re_question"", ""answerer"", ""flux-image-generation"", ""qwen_detection"", ""pipeline_eval"", ""migration_advisor""]","{""action_match"": 0.65, ""argument_match"": 0.1, ""decision_type_valid"": 0.03, ""final_tool_finish"": 0.1, ""finish_after_tool"": 0.1, ""json_valid"": 0.02, ""no_forbidden_action"": 0.1, ""no_premature_stop"": 0.1, ""no_repeated_tool"": 0.1, ""no_skip_required_probe"": 0.1, ""strict_action_match"": true, ""strict_argument_types"": true, ""wrong_action_cap"": 0.2}",False,0.428125,"[""rexomni_detection"", ""migration_advisor"", ""migration_advisor""]",rexomni_detection,"[{""_planner_metrics"": {""api_call_ms"": 6736.156, ""first_api_call_ms"": 6736.156, ""first_finish_reason"": ""stop"", ""first_input_tokens"": 4028, ""first_output_tokens"": 51, ""first_total_tokens"": 4079, ""input_tokens"": 4028, ""output_tokens"": 51, ""parse_ms"": 0.133, ""planner_total_ms"": 6749.404, ""prompt_build_ms"": 0.349, ""retry_count"": 0, ""retry_reason"": """", ""total_tokens"": 4079}, ""action"": ""rexomni_detection"", ""action_input"": {""finish_after_tool"": false, ""label"": ""玄铜弧顶缓冲座""}, ""clarification_question"": """", ""decision_type"": ""tool"", ""end_reason"": """", ""final_answer"": """", ""thought"": ""先执行用户指定的检测器以取得当前结构化状态。""}, {""_planner_metrics"": {""api_call_ms"": 9171.607, ""first_api_call_ms"": 9171.607, ""first_finish_reason"": ""stop"", ""first_input_tokens"": 4336, ""first_output_tokens"": 72, ""first_total_tokens"": 4408, ""input_tokens"": 4336, ""output_tokens"": 72, ""parse_ms"": 0.21, ""planner_total_ms"": 9185.122, ""prompt_build_ms"": 0.439, ""retry_count"": 0, ""retry_reason"": """", ""total_tokens"": 4408}, ""action"": ""migration_advisor"", ""action_input"": {""finish_after_tool"": true, ""use_image"": true, ""use_visual_probe"": true, ""user_query"": ""碳化硅陶瓷烧结台探针恢复复议4867号""}, ""clarification_question"": """", ""decision_type"": ""tool"", ""end_reason"": """", ""final_answer"": """", ""thought"": ""最新状态未满足结束或迁移条件，需要继续推进结构化评估。""}, {""_planner_metrics"": {""api_call_ms"": 9324.119, ""first_api_call_ms"": 9324.119, ""first_finish_reason"": ""stop"", ""first_input_tokens"": 4662, ""first_output_tokens"": 72, ""first_total_tokens"": 4734, ""input_tokens"": 4662, ""output_tokens"": 72, ""parse_ms"": 0.191, ""planner_total_ms"": 9340.202, ""prompt_build_ms"": 0.495, ""retry_count"": 0, ""retry_reason"": """", ""total_tokens"": 4734}, ""action"": ""migration_advisor"", ""action_input"": {""finish_after_tool"": true, ""use_image"": true, ""use_visual_probe"": true, ""user_query"": ""碳化硅陶瓷烧结台探针恢复复议4867号""}, ""clarification_question"": """", ""decision_type"": ""tool"", ""end_reason"": """", ""final_answer"": """", ""thought"": ""最新状态未满足结束或迁移条件，需要继续推进结构化评估。""}]","step2:action expected 'rexomni_detection', got 'migration_advisor' | step2:finish_after_tool expected False, got True | step2:arg 'label' expected to contain ['玄铜弧顶缓冲座'], got None | step3:decision_type expected 'end', got 'tool' | step3:action expected 'end', got 'migration_advisor' | step3:arg 'end_reason' expected 'memory_hit', got '' | forbidden:migration_advisor | forbidden:migration_advisor",6749.404,6736.156,4028,51,0,1,False,True
PROMV12-TB-008-QWEN-BE2,budget_exhausted_step2,能力迁移已候场，先核验最新探针回执：先使用Qwen检测附件中的玄铜弧顶缓冲座，检测结果仅作为中间状态。最终需要判断流域梯级调度闸站探针恢复复议4894号应继续现有能力、结束，还是进入迁移评估。自然语言里的故障等级和预算描述没有路由优先级，只读取本 query 最新 observation 的结构化键值。错误状态仅在 retryable=true 与 retry_count=0 同时成立时复用原检测器一次，否则调用迁移顾问。正常状态需要候选数、置信度、跨提示一致性和域偏移四个门槛全部通过才结束，任一否决项都转迁移。缺省、非法、冲突状态采取保守分支；已经重试一次的结果不能再次触发检测器。检测器必须设置 finish_after_tool=false；迁移顾问使用当前图片和视觉探针并设置 finish_after_tool=true。,True,examples/images/planner_retry_optimizer_matched_v12/darkbronze_arch_buffer.png,"[{""action"": ""qwen_detection"", ""arg_contains"": {""label"": [""玄铜弧顶缓冲座""]}, ""decision_type"": ""tool"", ""required_args"": {""finish_after_tool"": false}}, {""action"": ""migration_advisor"", ""arg_contains"": {""user_query"": [""流域梯级调度闸站探针恢复复议4894号""]}, ""decision_type"": ""tool"", ""required_args"": {""finish_after_tool"": true, ""use_image"": true, ""use_visual_probe"": true}}]","[""rag_answer"", ""re_question"", ""answerer"", ""flux-image-generation"", ""rexomni_detection"", ""pipeline_eval""]","{""action_match"": 0.65, ""argument_match"": 0.1, ""decision_type_valid"": 0.03, ""final_tool_finish"": 0.1, ""finish_after_tool"": 0.1, ""json_valid"": 0.02, ""no_forbidden_action"": 0.1, ""no_premature_stop"": 0.1, ""no_repeated_tool"": 0.1, ""no_skip_required_probe"": 0.1, ""strict_action_match"": true, ""strict_argument_types"": true, ""wrong_action_cap"": 0.2}",True,1.0,"[""qwen_detection"", ""migration_advisor""]",qwen_detection,"[{""_planner_metrics"": {""api_call_ms"": 6637.809, ""first_api_call_ms"": 6637.809, ""first_finish_reason"": ""stop"", ""first_input_tokens"": 4024, ""first_output_tokens"": 50, ""first_total_tokens"": 4074, ""input_tokens"": 4024, ""output_tokens"": 50, ""parse_ms"": 0.129, ""planner_total_ms"": 6653.388, ""prompt_build_ms"": 0.464, ""retry_count"": 0, ""retry_reason"": """", ""total_tokens"": 4074}, ""action"": ""qwen_detection"", ""action_input"": {""finish_after_tool"": false, ""label"": ""玄铜弧顶缓冲座""}, ""clarification_question"": """", ""decision_type"": ""tool"", ""end_reason"": """", ""final_answer"": """", ""thought"": ""先使用用户指定的检测器对指定目标进行探针。""}, {""_planner_metrics"": {""api_call_ms"": 9236.114, ""first_api_call_ms"": 9236.114, ""first_finish_reason"": ""stop"", ""first_input_tokens"": 4334, ""first_output_tokens"": 73, ""first_total_tokens"": 4407, ""input_tokens"": 4334, ""output_tokens"": 73, ""parse_ms"": 0.144, ""planner_total_ms"": 9250.566, ""prompt_build_ms"": 0.454, ""retry_count"": 0, ""retry_reason"": """", ""total_tokens"": 4407}, ""action"": ""migration_advisor"", ""action_input"": {""finish_after_tool"": true, ""use_image"": true, ""use_visual_probe"": true, ""user_query"": ""流域梯级调度闸站探针恢复复议4894号""}, ""clarification_question"": """", ""decision_type"": ""tool"", ""end_reason"": """", ""final_answer"": """", ""thought"": ""最新状态未满足重试或结束条件，需要进入能力迁移评估。""}]",,6653.388,6637.809,4024,50,1,1,True,False
PROMV12-TB-011-REX-BE2,budget_exhausted_step2,历史文字可能误导，本轮以后写入的 observation 为准：先使用Rex-Omni检测附件中的金橙五星复检片，检测结果仅作为中间状态。最终需要判断甚低频射电阵列异常额度会核5850号应继续现有能力、结束，还是进入迁移评估。自然语言里的故障等级和预算描述没有路由优先级，只读取本 query 最新 observation 的结构化键值。错误状态仅在 retryable=true 与 retry_count=0 同时成立时复用原检测器一次，否则调用迁移顾问。正常状态需要候选数、置信度、跨提示一致性和域偏移四个门槛全部通过才结束，任一否决项都转迁移。缺省、非法、冲突状态采取保守分支；已经重试一次的结果不能再次触发检测器。检测器必须设置 finish_after_tool=false；迁移顾问使用当前图片和视觉探针并设置 finish_after_tool=true。,True,examples/images/planner_retry_optimizer_matched_v12/goldorange_five_star_recheck.png,"[{""action"": ""rexomni_detection"", ""arg_contains"": {""label"": [""金橙五星复检片""]}, ""decision_type"": ""tool"", ""required_args"": {""finish_after_tool"": false}}, {""action"": ""migration_advisor"", ""arg_contains"": {""user_query"": [""甚低频射电阵列异常额度会核5850号""]}, ""decision_type"": ""tool"", ""required_args"": {""finish_after_tool"": true, ""use_image"": true, ""use_visual_probe"": true}}]","[""rag_answer"", ""re_question"", ""answerer"", ""flux-image-generation"", ""qwen_detection"", ""pipeline_eval""]","{""action_match"": 0.65, ""argument_match"": 0.1, ""decision_type_valid"": 0.03, ""final_tool_finish"": 0.1, ""finish_after_tool"": 0.1, ""json_valid"": 0.02, ""no_forbidden_action"": 0.1, ""no_premature_stop"": 0.1, ""no_repeated_tool"": 0.1, ""no_skip_required_probe"": 0.1, ""strict_action_match"": true, ""strict_argument_types"": true, ""wrong_action_cap"": 0.2}",True,1.0,"[""rexomni_detection"", ""migration_advisor""]",rexomni_detection,"[{""_planner_metrics"": {""api_call_ms"": 6689.043, ""first_api_call_ms"": 6689.043, ""first_finish_reason"": ""stop"", ""first_input_tokens"": 4031, ""first_output_tokens"": 50, ""first_total_tokens"": 4081, ""input_tokens"": 4031, ""output_tokens"": 50, ""parse_ms"": 0.118, ""planner_total_ms"": 6702.624, ""prompt_build_ms"": 0.393, ""retry_count"": 0, ""retry_reason"": """", ""total_tokens"": 4081}, ""action"": ""rexomni_detection"", ""action_input"": {""finish_after_tool"": false, ""label"": ""金橙五星复检片""}, ""clarification_question"": """", ""decision_type"": ""tool"", ""end_reason"": """", ""final_answer"": """", ""thought"": ""先执行用户指定的检测器以取得当前结构化状态。""}, {""_planner_metrics"": {""api_call_ms"": 9176.708, ""first_api_call_ms"": 9176.708, ""first_finish_reason"": ""stop"", ""first_input_tokens"": 4345, ""first_output_tokens"": 73, ""first_total_tokens"": 4418, ""input_tokens"": 4345, ""output_tokens"": 73, ""parse_ms"": 0.134, ""planner_total_ms"": 9190.776, ""prompt_build_ms"": 0.39, ""retry_count"": 0, ""retry_reason"": """", ""total_tokens"": 4418}, ""action"": ""migration_advisor"", ""action_input"": {""finish_after_tool"": true, ""use_image"": true, ""use_visual_probe"": true, ""user_query"": ""甚低频射电阵列异常额度会核5850号""}, ""clarification_question"": """", ""decision_type"": ""tool"", ""end_reason"": """", ""final_answer"": """", ""thought"": ""最新状态未满足结束或重试条件，需要进入能力迁移评估。""}]",,6702.624,6689.043,4031,50,1,1,True,False
PROMV12-TB-010-REX-BE2,budget_exhausted_step2,失联背景和当前预算并存时只使用显式字段：先使用Rex-Omni检测附件中的玄铜弧顶缓冲座，检测结果仅作为中间状态。最终需要判断流域梯级调度闸站回执分支终签5437号应继续现有能力、结束，还是进入迁移评估。自然语言里的故障等级和预算描述没有路由优先级，只读取本 query 最新 observation 的结构化键值。错误状态仅在 retryable=true 与 retry_count=0 同时成立时复用原检测器一次，否则调用迁移顾问。正常状态需要候选数、置信度、跨提示一致性和域偏移四个门槛全部通过才结束，任一否决项都转迁移。缺省、非法、冲突状态采取保守分支；已经重试一次的结果不能再次触发检测器。检测器必须设置 finish_after_tool=false；迁移顾问使用当前图片和视觉探针并设置 finish_after_tool=true。,True,examples/images/planner_retry_optimizer_matched_v12/darkbronze_arch_buffer.png,"[{""action"": ""rexomni_detection"", ""arg_contains"": {""label"": [""玄铜弧顶缓冲座""]}, ""decision_type"": ""tool"", ""required_args"": {""finish_after_tool"": false}}, {""action"": ""migration_advisor"", ""arg_contains"": {""user_query"": [""流域梯级调度闸站回执分支终签5437号""]}, ""decision_type"": ""tool"", ""required_args"": {""finish_after_tool"": true, ""use_image"": true, ""use_visual_probe"": true}}]","[""rag_answer"", ""re_question"", ""answerer"", ""flux-image-generation"", ""qwen_detection"", ""pipeline_eval""]","{""action_match"": 0.65, ""argument_match"": 0.1, ""decision_type_valid"": 0.03, ""final_tool_finish"": 0.1, ""finish_after_tool"": 0.1, ""json_valid"": 0.02, ""no_forbidden_action"": 0.1, ""no_premature_stop"": 0.1, ""no_repeated_tool"": 0.1, ""no_skip_required_probe"": 0.1, ""strict_action_match"": true, ""strict_argument_types"": true, ""wrong_action_cap"": 0.2}",True,1.0,"[""rexomni_detection"", ""migration_advisor""]",rexomni_detection,"[{""_planner_metrics"": {""api_call_ms"": 6675.88, ""first_api_call_ms"": 6675.88, ""first_finish_reason"": ""stop"", ""first_input_tokens"": 4032, ""first_output_tokens"": 51, ""first_total_tokens"": 4083, ""input_tokens"": 4032, ""output_tokens"": 51, ""parse_ms"": 0.129, ""planner_total_ms"": 6689.56, ""prompt_build_ms"": 0.371, ""retry_count"": 0, ""retry_reason"": """", ""total_tokens"": 4083}, ""action"": ""rexomni_detection"", ""action_input"": {""finish_after_tool"": false, ""label"": ""玄铜弧顶缓冲座""}, ""clarification_question"": """", ""decision_type"": ""tool"", ""end_reason"": """", ""final_answer"": """", ""thought"": ""先执行用户指定的检测器以取得当前结构化状态。""}, {""_planner_metrics"": {""api_call_ms"": 9342.645, ""first_api_call_ms"": 9342.645, ""first_finish_reason"": ""stop"", ""first_input_tokens"": 4344, ""first_output_tokens"": 74, ""first_total_tokens"": 4418, ""input_tokens"": 4344, ""output_tokens"": 74, ""parse_ms"": 0.141, ""planner_total_ms"": 9356.232, ""prompt_build_ms"": 0.429, ""retry_count"": 0, ""retry_reason"": """", ""total_tokens"": 4418}, ""action"": ""migration_advisor"", ""action_input"": {""finish_after_tool"": true, ""use_image"": true, ""use_visual_probe"": true, ""user_query"": ""流域梯级调度闸站回执分支终签5437号""}, ""clarification_question"": """", ""decision_type"": ""tool"", ""end_reason"": """", ""final_answer"": """", ""thought"": ""最新状态未满足结束或重试条件，需要进入能力迁移评估。""}]",,6689.56,6675.88,4032,51,1,1,True,False
PROMV12-TB-008-QWEN-PV3,post_retry_metric_veto_step3,能力迁移已候场，先核验最新探针回执：先使用Qwen检测附件中的玄铜弧顶缓冲座，检测结果仅作为中间状态。最终需要判断流域梯级调度闸站探针恢复复议4894号应继续现有能力、结束，还是进入迁移评估。自然语言里的故障等级和预算描述没有路由优先级，只读取本 query 最新 observation 的结构化键值。错误状态仅在 retryable=true 与 retry_count=0 同时成立时复用原检测器一次，否则调用迁移顾问。正常状态需要候选数、置信度、跨提示一致性和域偏移四个门槛全部通过才结束，任一否决项都转迁移。缺省、非法、冲突状态采取保守分支；已经重试一次的结果不能再次触发检测器。检测器必须设置 finish_after_tool=false；迁移顾问使用当前图片和视觉探针并设置 finish_after_tool=true。,True,examples/images/planner_retry_optimizer_matched_v12/darkbronze_arch_buffer.png,"[{""action"": ""qwen_detection"", ""arg_contains"": {""label"": [""玄铜弧顶缓冲座""]}, ""decision_type"": ""tool"", ""required_args"": {""finish_after_tool"": false}}, {""action"": ""qwen_detection"", ""arg_contains"": {""label"": [""玄铜弧顶缓冲座""]}, ""decision_type"": ""tool"", ""required_args"": {""finish_after_tool"": false}}, {""action"": ""migration_advisor"", ""arg_contains"": {""user_query"": [""流域梯级调度闸站探针恢复复议4894号""]}, ""decision_type"": ""tool"", ""required_args"": {""finish_after_tool"": true, ""use_image"": true, ""use_visual_probe"": true}}]","[""rag_answer"", ""re_question"", ""answerer"", ""flux-image-generation"", ""rexomni_detection"", ""pipeline_eval""]","{""action_match"": 0.65, ""argument_match"": 0.1, ""decision_type_valid"": 0.03, ""final_tool_finish"": 0.1, ""finish_after_tool"": 0.1, ""json_valid"": 0.02, ""no_forbidden_action"": 0.1, ""no_premature_stop"": 0.1, ""no_repeated_tool"": 0.1, ""no_skip_required_probe"": 0.1, ""strict_action_match"": true, ""strict_argument_types"": true, ""wrong_action_cap"": 0.2}",False,0.734375,"[""qwen_detection"", ""qwen_detection"", ""qwen_detection""]",qwen_detection,"[{""_planner_metrics"": {""api_call_ms"": 7165.328, ""first_api_call_ms"": 7165.328, ""first_finish_reason"": ""stop"", ""first_input_tokens"": 4024, ""first_output_tokens"": 55, ""first_total_tokens"": 4079, ""input_tokens"": 4024, ""output_tokens"": 55, ""parse_ms"": 0.161, ""planner_total_ms"": 7178.941, ""prompt_build_ms"": 0.404, ""retry_count"": 0, ""retry_reason"": """", ""total_tokens"": 4079}, ""action"": ""qwen_detection"", ""action_input"": {""finish_after_tool"": false, ""label"": ""玄铜弧顶缓冲座""}, ""clarification_question"": """", ""decision_type"": ""tool"", ""end_reason"": """", ""final_answer"": """", ""thought"": ""先使用用户指定的检测器对指定目标进行检测，以取得当前结构化状态。""}, {""_planner_metrics"": {""api_call_ms"": 7663.328, ""first_api_call_ms"": 7663.328, ""first_finish_reason"": ""stop"", ""first_input_tokens"": 4341, ""first_output_tokens"": 58, ""first_total_tokens"": 4399, ""input_tokens"": 4341, ""output_tokens"": 58, ""parse_ms"": 0.173, ""planner_total_ms"": 7677.848, ""prompt_build_ms"": 0.472, ""retry_count"": 0, ""retry_reason"": """", ""total_tokens"": 4399}, ""action"": ""qwen_detection"", ""action_input"": {""finish_after_tool"": false, ""label"": ""玄铜弧顶缓冲座""}, ""clarification_question"": """", ""decision_type"": ""tool"", ""end_reason"": """", ""final_answer"": """", ""thought"": ""最新状态未满足结束或迁移条件，需要继续使用同一检测器获取更新的结构化信息。""}, {""_planner_metrics"": {""api_call_ms"": 7798.545, ""first_api_call_ms"": 7798.545, ""first_finish_reason"": ""stop"", ""first_input_tokens"": 4655, ""first_output_tokens"": 58, ""first_total_tokens"": 4713, ""input_tokens"": 4655, ""output_tokens"": 58, ""parse_ms"": 0.156, ""planner_total_ms"": 7813.366, ""prompt_build_ms"": 0.47, ""retry_count"": 0, ""retry_reason"": """", ""total_tokens"": 4713}, ""action"": ""qwen_detection"", ""action_input"": {""finish_after_tool"": false, ""label"": ""玄铜弧顶缓冲座""}, ""clarification_question"": """", ""decision_type"": ""tool"", ""end_reason"": """", ""final_answer"": """", ""thought"": ""最新状态未满足结束或迁移条件，需要继续使用同一检测器获取更新的结构化信息。""}]","step3:action expected 'migration_advisor', got 'qwen_detection' | step3:finish_after_tool expected True, got False | step3:arg 'use_image' expected True, got None | step3:arg 'use_visual_probe' expected True, got None | step3:arg 'user_query' expected to contain ['流域梯级调度闸站探针恢复复议4894号'], got None",7178.941,7165.328,4024,55,0,1,False,True
PROMV12-TB-003-QWEN-PS3,post_retry_success_step3,读取这次机器状态并选择唯一动作：先使用Qwen检测附件中的玄铜弧顶缓冲座，检测结果仅作为中间状态。最终需要判断林区无人机补给舱回执分支终签9158号应继续现有能力、结束，还是进入迁移评估。自然语言里的故障等级和预算描述没有路由优先级，只读取本 query 最新 observation 的结构化键值。错误状态仅在 retryable=true 与 retry_count=0 同时成立时复用原检测器一次，否则调用迁移顾问。正常状态需要候选数、置信度、跨提示一致性和域偏移四个门槛全部通过才结束，任一否决项都转迁移。缺省、非法、冲突状态采取保守分支；已经重试一次的结果不能再次触发检测器。检测器必须设置 finish_after_tool=false；迁移顾问使用当前图片和视觉探针并设置 finish_after_tool=true。,True,examples/images/planner_retry_optimizer_matched_v12/darkbronze_arch_buffer.png,"[{""action"": ""qwen_detection"", ""arg_contains"": {""label"": [""玄铜弧顶缓冲座""]}, ""decision_type"": ""tool"", ""required_args"": {""finish_after_tool"": false}}, {""action"": ""qwen_detection"", ""arg_contains"": {""label"": [""玄铜弧顶缓冲座""]}, ""decision_type"": ""tool"", ""required_args"": {""finish_after_tool"": false}}, {""arg_contains"": {}, ""decision_type"": ""end"", ""required_args"": {""end_reason"": ""memory_hit""}}]","[""rag_answer"", ""re_question"", ""answerer"", ""flux-image-generation"", ""rexomni_detection"", ""pipeline_eval"", ""migration_advisor""]","{""action_match"": 0.65, ""argument_match"": 0.1, ""decision_type_valid"": 0.03, ""final_tool_finish"": 0.1, ""finish_after_tool"": 0.1, ""json_valid"": 0.02, ""no_forbidden_action"": 0.1, ""no_premature_stop"": 0.1, ""no_repeated_tool"": 0.1, ""no_skip_required_probe"": 0.1, ""strict_action_match"": true, ""strict_argument_types"": true, ""wrong_action_cap"": 0.2}",False,0.725,"[""qwen_detection"", ""qwen_detection"", ""migration_advisor""]",qwen_detection,"[{""_planner_metrics"": {""api_call_ms"": 6635.228, ""first_api_call_ms"": 6635.228, ""first_finish_reason"": ""stop"", ""first_input_tokens"": 4016, ""first_output_tokens"": 50, ""first_total_tokens"": 4066, ""input_tokens"": 4016, ""output_tokens"": 50, ""parse_ms"": 0.128, ""planner_total_ms"": 6650.608, ""prompt_build_ms"": 0.418, ""retry_count"": 0, ""retry_reason"": """", ""total_tokens"": 4066}, ""action"": ""qwen_detection"", ""action_input"": {""finish_after_tool"": false, ""label"": ""玄铜弧顶缓冲座""}, ""clarification_question"": """", ""decision_type"": ""tool"", ""end_reason"": """", ""final_answer"": """", ""thought"": ""先执行用户指定的检测器以取得当前结构化状态。""}, {""_planner_metrics"": {""api_call_ms"": 7011.638, ""first_api_call_ms"": 7011.638, ""first_finish_reason"": ""stop"", ""first_input_tokens"": 4324, ""first_output_tokens"": 52, ""first_total_tokens"": 4376, ""input_tokens"": 4324, ""output_tokens"": 52, ""parse_ms"": 0.122, ""planner_total_ms"": 7026.45, ""prompt_build_ms"": 0.434, ""retry_count"": 0, ""retry_reason"": """", ""total_tokens"": 4376}, ""action"": ""qwen_detection"", ""action_input"": {""finish_after_tool"": false, ""label"": ""玄铜弧顶缓冲座""}, ""clarification_question"": """", ""decision_type"": ""tool"", ""end_reason"": """", ""final_answer"": """", ""thought"": ""最新状态满足错误重试条件，需要再次使用同一检测器。""}, {""_planner_metrics"": {""api_call_ms"": 9297.659, ""first_api_call_ms"": 9297.659, ""first_finish_reason"": ""stop"", ""first_input_tokens"": 4628, ""first_output_tokens"": 72, ""first_total_tokens"": 4700, ""input_tokens"": 4628, ""output_tokens"": 72, ""parse_ms"": 0.146, ""planner_total_ms"": 9312.452, ""prompt_build_ms"": 0.416, ""retry_count"": 0, ""retry_reason"": """", ""total_tokens"": 4700}, ""action"": ""migration_advisor"", ""action_input"": {""finish_after_tool"": true, ""use_image"": true, ""use_visual_probe"": true, ""user_query"": ""林区无人机补给舱回执分支终签9158号""}, ""clarification_question"": """", ""decision_type"": ""tool"", ""end_reason"": """", ""final_answer"": """", ""thought"": ""最新状态未满足结束或迁移条件，需要继续按规则推进。""}]","step3:decision_type expected 'end', got 'tool' | step3:action expected 'end', got 'migration_advisor' | step3:arg 'end_reason' expected 'memory_hit', got '' | forbidden:migration_advisor",6650.608,6635.228,4016,50,0,1,False,True
PROMV12-TB-010-REX-CF2,conflicting_state_step2,失联背景和当前预算并存时只使用显式字段：先使用Rex-Omni检测附件中的玄铜弧顶缓冲座，检测结果仅作为中间状态。最终需要判断流域梯级调度闸站回执分支终签5437号应继续现有能力、结束，还是进入迁移评估。自然语言里的故障等级和预算描述没有路由优先级，只读取本 query 最新 observation 的结构化键值。错误状态仅在 retryable=true 与 retry_count=0 同时成立时复用原检测器一次，否则调用迁移顾问。正常状态需要候选数、置信度、跨提示一致性和域偏移四个门槛全部通过才结束，任一否决项都转迁移。缺省、非法、冲突状态采取保守分支；已经重试一次的结果不能再次触发检测器。检测器必须设置 finish_after_tool=false；迁移顾问使用当前图片和视觉探针并设置 finish_after_tool=true。,True,examples/images/planner_retry_optimizer_matched_v12/darkbronze_arch_buffer.png,"[{""action"": ""rexomni_detection"", ""arg_contains"": {""label"": [""玄铜弧顶缓冲座""]}, ""decision_type"": ""tool"", ""required_args"": {""finish_after_tool"": false}}, {""action"": ""migration_advisor"", ""arg_contains"": {""user_query"": [""流域梯级调度闸站回执分支终签5437号""]}, ""decision_type"": ""tool"", ""required_args"": {""finish_after_tool"": true, ""use_image"": true, ""use_visual_probe"": true}}]","[""rag_answer"", ""re_question"", ""answerer"", ""flux-image-generation"", ""qwen_detection"", ""pipeline_eval""]","{""action_match"": 0.65, ""argument_match"": 0.1, ""decision_type_valid"": 0.03, ""final_tool_finish"": 0.1, ""finish_after_tool"": 0.1, ""json_valid"": 0.02, ""no_forbidden_action"": 0.1, ""no_premature_stop"": 0.1, ""no_repeated_tool"": 0.1, ""no_skip_required_probe"": 0.1, ""strict_action_match"": true, ""strict_argument_types"": true, ""wrong_action_cap"": 0.2}",True,1.0,"[""rexomni_detection"", ""migration_advisor""]",rexomni_detection,"[{""_planner_metrics"": {""api_call_ms"": 6669.565, ""first_api_call_ms"": 6669.565, ""first_finish_reason"": ""stop"", ""first_input_tokens"": 4032, ""first_output_tokens"": 51, ""first_total_tokens"": 4083, ""input_tokens"": 4032, ""output_tokens"": 51, ""parse_ms"": 0.182, ""planner_total_ms"": 6683.746, ""prompt_build_ms"": 0.396, ""retry_count"": 0, ""retry_reason"": """", ""total_tokens"": 4083}, ""action"": ""rexomni_detection"", ""action_input"": {""finish_after_tool"": false, ""label"": ""玄铜弧顶缓冲座""}, ""clarification_question"": """", ""decision_type"": ""tool"", ""end_reason"": """", ""final_answer"": """", ""thought"": ""先执行用户指定的检测器以取得当前结构化状态。""}, {""_planner_metrics"": {""api_call_ms"": 9334.609, ""first_api_call_ms"": 9334.609, ""first_finish_reason"": ""stop"", ""first_input_tokens"": 4334, ""first_output_tokens"": 74, ""first_total_tokens"": 4408, ""input_tokens"": 4334, ""output_tokens"": 74, ""parse_ms"": 0.155, ""planner_total_ms"": 9348.609, ""prompt_build_ms"": 0.451, ""retry_count"": 0, ""retry_reason"": """", ""total_tokens"": 4408}, ""action"": ""migration_advisor"", ""action_input"": {""finish_after_tool"": true, ""use_image"": true, ""use_visual_probe"": true, ""user_query"": ""流域梯级调度闸站回执分支终签5437号""}, ""clarification_question"": """", ""decision_type"": ""tool"", ""end_reason"": """", ""final_answer"": """", ""thought"": ""最新状态未满足结束或重试条件，需要进入能力迁移评估。""}]",,6683.746,6669.565,4032,51,1,1,True,False
PROMV12-TB-003-REX-PS3,post_retry_success_step3,读取这次机器状态并选择唯一动作：先使用Rex-Omni检测附件中的玄铜弧顶缓冲座，检测结果仅作为中间状态。最终需要判断林区无人机补给舱回执分支终签9158号应继续现有能力、结束，还是进入迁移评估。自然语言里的故障等级和预算描述没有路由优先级，只读取本 query 最新 observation 的结构化键值。错误状态仅在 retryable=true 与 retry_count=0 同时成立时复用原检测器一次，否则调用迁移顾问。正常状态需要候选数、置信度、跨提示一致性和域偏移四个门槛全部通过才结束，任一否决项都转迁移。缺省、非法、冲突状态采取保守分支；已经重试一次的结果不能再次触发检测器。检测器必须设置 finish_after_tool=false；迁移顾问使用当前图片和视觉探针并设置 finish_after_tool=true。,True,examples/images/planner_retry_optimizer_matched_v12/darkbronze_arch_buffer.png,"[{""action"": ""rexomni_detection"", ""arg_contains"": {""label"": [""玄铜弧顶缓冲座""]}, ""decision_type"": ""tool"", ""required_args"": {""finish_after_tool"": false}}, {""action"": ""rexomni_detection"", ""arg_contains"": {""label"": [""玄铜弧顶缓冲座""]}, ""decision_type"": ""tool"", ""required_args"": {""finish_after_tool"": false}}, {""arg_contains"": {}, ""decision_type"": ""end"", ""required_args"": {""end_reason"": ""memory_hit""}}]","[""rag_answer"", ""re_question"", ""answerer"", ""flux-image-generation"", ""qwen_detection"", ""pipeline_eval"", ""migration_advisor""]","{""action_match"": 0.65, ""argument_match"": 0.1, ""decision_type_valid"": 0.03, ""final_tool_finish"": 0.1, ""finish_after_tool"": 0.1, ""json_valid"": 0.02, ""no_forbidden_action"": 0.1, ""no_premature_stop"": 0.1, ""no_repeated_tool"": 0.1, ""no_skip_required_probe"": 0.1, ""strict_action_match"": true, ""strict_argument_types"": true, ""wrong_action_cap"": 0.2}",False,0.725,"[""rexomni_detection"", ""rexomni_detection"", ""migration_advisor""]",rexomni_detection,"[{""_planner_metrics"": {""api_call_ms"": 6712.571, ""first_api_call_ms"": 6712.571, ""first_finish_reason"": ""stop"", ""first_input_tokens"": 4022, ""first_output_tokens"": 51, ""first_total_tokens"": 4073, ""input_tokens"": 4022, ""output_tokens"": 51, ""parse_ms"": 0.134, ""planner_total_ms"": 6726.086, ""prompt_build_ms"": 0.379, ""retry_count"": 0, ""retry_reason"": """", ""total_tokens"": 4073}, ""action"": ""rexomni_detection"", ""action_input"": {""finish_after_tool"": false, ""label"": ""玄铜弧顶缓冲座""}, ""clarification_question"": """", ""decision_type"": ""tool"", ""end_reason"": """", ""final_answer"": """", ""thought"": ""先执行用户指定的检测器以取得当前结构化状态。""}, {""_planner_metrics"": {""api_call_ms"": 7099.843, ""first_api_call_ms"": 7099.843, ""first_finish_reason"": ""stop"", ""first_input_tokens"": 4336, ""first_output_tokens"": 53, ""first_total_tokens"": 4389, ""input_tokens"": 4336, ""output_tokens"": 53, ""parse_ms"": 0.148, ""planner_total_ms"": 7114.293, ""prompt_build_ms"": 0.406, ""retry_count"": 0, ""retry_reason"": """", ""total_tokens"": 4389}, ""action"": ""rexomni_detection"", ""action_input"": {""finish_after_tool"": false, ""label"": ""玄铜弧顶缓冲座""}, ""clarification_question"": """", ""decision_type"": ""tool"", ""end_reason"": """", ""final_answer"": """", ""thought"": ""最新状态满足错误重试条件，需要再次使用同一检测器。""}, {""_planner_metrics"": {""api_call_ms"": 9221.874, ""first_api_call_ms"": 9221.874, ""first_finish_reason"": ""stop"", ""first_input_tokens"": 4644, ""first_output_tokens"": 72, ""first_total_tokens"": 4716, ""input_tokens"": 4644, ""output_tokens"": 72, ""parse_ms"": 0.251, ""planner_total_ms"": 9237.433, ""prompt_build_ms"": 0.498, ""retry_count"": 0, ""retry_reason"": """", ""total_tokens"": 4716}, ""action"": ""migration_advisor"", ""action_input"": {""finish_after_tool"": true, ""use_image"": true, ""use_visual_probe"": true, ""user_query"": ""林区无人机补给舱回执分支终签9158号""}, ""clarification_question"": """", ""decision_type"": ""tool"", ""end_reason"": """", ""final_answer"": """", ""thought"": ""最新状态未满足结束或迁移条件，需要继续按规则推进。""}]","step3:decision_type expected 'end', got 'tool' | step3:action expected 'end', got 'migration_advisor' | step3:arg 'end_reason' expected 'memory_hit', got '' | forbidden:migration_advisor",6726.086,6712.571,4022,51,0,1,False,True
PROMV12-TB-006-QWEN-FR2,fresh_retry_step2,历史文字可能误导，本轮以后写入的 observation 为准：先使用Qwen检测附件中的玄铜弧顶缓冲座，检测结果仅作为中间状态。最终需要判断林区无人机补给舱异常额度会核9970号应继续现有能力、结束，还是进入迁移评估。自然语言里的故障等级和预算描述没有路由优先级，只读取本 query 最新 observation 的结构化键值。错误状态仅在 retryable=true 与 retry_count=0 同时成立时复用原检测器一次，否则调用迁移顾问。正常状态需要候选数、置信度、跨提示一致性和域偏移四个门槛全部通过才结束，任一否决项都转迁移。缺省、非法、冲突状态采取保守分支；已经重试一次的结果不能再次触发检测器。检测器必须设置 finish_after_tool=false；迁移顾问使用当前图片和视觉探针并设置 finish_after_tool=true。,True,examples/images/planner_retry_optimizer_matched_v12/darkbronze_arch_buffer.png,"[{""action"": ""qwen_detection"", ""arg_contains"": {""label"": [""玄铜弧顶缓冲座""]}, ""decision_type"": ""tool"", ""required_args"": {""finish_after_tool"": false}}, {""action"": ""qwen_detection"", ""arg_contains"": {""label"": [""玄铜弧顶缓冲座""]}, ""decision_type"": ""tool"", ""required_args"": {""finish_after_tool"": false}}, {""arg_contains"": {}, ""decision_type"": ""end"", ""required_args"": {""end_reason"": ""memory_hit""}}]","[""rag_answer"", ""re_question"", ""answerer"", ""flux-image-generation"", ""rexomni_detection"", ""pipeline_eval"", ""migration_advisor""]","{""action_match"": 0.65, ""argument_match"": 0.1, ""decision_type_valid"": 0.03, ""final_tool_finish"": 0.1, ""finish_after_tool"": 0.1, ""json_valid"": 0.02, ""no_forbidden_action"": 0.1, ""no_premature_stop"": 0.1, ""no_repeated_tool"": 0.1, ""no_skip_required_probe"": 0.1, ""strict_action_match"": true, ""strict_argument_types"": true, ""wrong_action_cap"": 0.2}",False,0.75625,"[""qwen_detection"", ""qwen_detection"", ""qwen_detection""]",qwen_detection,"[{""_planner_metrics"": {""api_call_ms"": 6566.274, ""first_api_call_ms"": 6566.274, ""first_finish_reason"": ""stop"", ""first_input_tokens"": 4024, ""first_output_tokens"": 50, ""first_total_tokens"": 4074, ""input_tokens"": 4024, ""output_tokens"": 50, ""parse_ms"": 0.153, ""planner_total_ms"": 6580.763, ""prompt_build_ms"": 0.526, ""retry_count"": 0, ""retry_reason"": """", ""total_tokens"": 4074}, ""action"": ""qwen_detection"", ""action_input"": {""finish_after_tool"": false, ""label"": ""玄铜弧顶缓冲座""}, ""clarification_question"": """", ""decision_type"": ""tool"", ""end_reason"": """", ""final_answer"": """", ""thought"": ""先执行用户指定的检测器以取得当前结构化状态。""}, {""_planner_metrics"": {""api_call_ms"": 6745.081, ""first_api_call_ms"": 6745.081, ""first_finish_reason"": ""stop"", ""first_input_tokens"": 4330, ""first_output_tokens"": 50, ""first_total_tokens"": 4380, ""input_tokens"": 4330, ""output_tokens"": 50, ""parse_ms"": 0.127, ""planner_total_ms"": 6760.77, ""prompt_build_ms"": 0.418, ""retry_count"": 0, ""retry_reason"": """", ""total_tokens"": 4380}, ""action"": ""qwen_detection"", ""action_input"": {""finish_after_tool"": false, ""label"": ""玄铜弧顶缓冲座""}, ""clarification_question"": """", ""decision_type"": ""tool"", ""end_reason"": """", ""final_answer"": """", ""thought"": ""最新状态满足错误状态且可重试一次检测器。""}, {""_planner_metrics"": {""api_call_ms"": 7736.189, ""first_api_call_ms"": 7736.189, ""first_finish_reason"": ""stop"", ""first_input_tokens"": 4628, ""first_output_tokens"": 56, ""first_total_tokens"": 4684, ""input_tokens"": 4628, ""output_tokens"": 56, ""parse_ms"": 0.14, ""planner_total_ms"": 7750.478, ""prompt_build_ms"": 0.403, ""retry_count"": 0, ""retry_reason"": """", ""total_tokens"": 4684}, ""action"": ""qwen_detection"", ""action_input"": {""finish_after_tool"": false, ""label"": ""玄铜弧顶缓冲座""}, ""clarification_question"": """", ""decision_type"": ""tool"", ""end_reason"": """", ""final_answer"": """", ""thought"": ""最新状态未满足结束或迁移条件，需要继续检测以更新结构化键值。""}]","step3:decision_type expected 'end', got 'tool' | step3:action expected 'end', got 'qwen_detection' | step3:arg 'end_reason' expected 'memory_hit', got ''",6580.763,6566.274,4024,50,0,1,False,True
PROMV12-TB-006-REX-NR2,nonretryable_step2,历史文字可能误导，本轮以后写入的 observation 为准：先使用Rex-Omni检测附件中的玄铜弧顶缓冲座，检测结果仅作为中间状态。最终需要判断林区无人机补给舱异常额度会核9970号应继续现有能力、结束，还是进入迁移评估。自然语言里的故障等级和预算描述没有路由优先级，只读取本 query 最新 observation 的结构化键值。错误状态仅在 retryable=true 与 retry_count=0 同时成立时复用原检测器一次，否则调用迁移顾问。正常状态需要候选数、置信度、跨提示一致性和域偏移四个门槛全部通过才结束，任一否决项都转迁移。缺省、非法、冲突状态采取保守分支；已经重试一次的结果不能再次触发检测器。检测器必须设置 finish_after_tool=false；迁移顾问使用当前图片和视觉探针并设置 finish_after_tool=true。,True,examples/images/planner_retry_optimizer_matched_v12/darkbronze_arch_buffer.png,"[{""action"": ""rexomni_detection"", ""arg_contains"": {""label"": [""玄铜弧顶缓冲座""]}, ""decision_type"": ""tool"", ""required_args"": {""finish_after_tool"": false}}, {""action"": ""migration_advisor"", ""arg_contains"": {""user_query"": [""林区无人机补给舱异常额度会核9970号""]}, ""decision_type"": ""tool"", ""required_args"": {""finish_after_tool"": true, ""use_image"": true, ""use_visual_probe"": true}}]","[""rag_answer"", ""re_question"", ""answerer"", ""flux-image-generation"", ""qwen_detection"", ""pipeline_eval""]","{""action_match"": 0.65, ""argument_match"": 0.1, ""decision_type_valid"": 0.03, ""final_tool_finish"": 0.1, ""finish_after_tool"": 0.1, ""json_valid"": 0.02, ""no_forbidden_action"": 0.1, ""no_premature_stop"": 0.1, ""no_repeated_tool"": 0.1, ""no_skip_required_probe"": 0.1, ""strict_action_match"": true, ""strict_argument_types"": true, ""wrong_action_cap"": 0.2}",True,1.0,"[""rexomni_detection"", ""migration_advisor""]",rexomni_detection,"[{""_planner_metrics"": {""api_call_ms"": 6781.278, ""first_api_call_ms"": 6781.278, ""first_finish_reason"": ""stop"", ""first_input_tokens"": 4030, ""first_output_tokens"": 51, ""first_total_tokens"": 4081, ""input_tokens"": 4030, ""output_tokens"": 51, ""parse_ms"": 0.128, ""planner_total_ms"": 6794.953, ""prompt_build_ms"": 0.385, ""retry_count"": 0, ""retry_reason"": """", ""total_tokens"": 4081}, ""action"": ""rexomni_detection"", ""action_input"": {""finish_after_tool"": false, ""label"": ""玄铜弧顶缓冲座""}, ""clarification_question"": """", ""decision_type"": ""tool"", ""end_reason"": """", ""final_answer"": """", ""thought"": ""先执行用户指定的检测器以取得当前结构化状态。""}, {""_planner_metrics"": {""api_call_ms"": 9132.021, ""first_api_call_ms"": 9132.021, ""first_finish_reason"": ""stop"", ""first_input_tokens"": 4336, ""first_output_tokens"": 72, ""first_total_tokens"": 4408, ""input_tokens"": 4336, ""output_tokens"": 72, ""parse_ms"": 0.155, ""planner_total_ms"": 9145.494, ""prompt_build_ms"": 0.38, ""retry_count"": 0, ""retry_reason"": """", ""total_tokens"": 4408}, ""action"": ""migration_advisor"", ""action_input"": {""finish_after_tool"": true, ""use_image"": true, ""use_visual_probe"": true, ""user_query"": ""林区无人机补给舱异常额度会核9970号""}, ""clarification_question"": """", ""decision_type"": ""tool"", ""end_reason"": """", ""final_answer"": """", ""thought"": ""最新状态未满足结束或重试条件，需要进入能力迁移评估。""}]",,6794.953,6781.278,4030,51,1,1,True,False
PROMV12-TB-009-QWEN-BE2,budget_exhausted_step2,能力迁移已候场，先核验最新探针回执：先使用Qwen检测附件中的金橙五星复检片，检测结果仅作为中间状态。最终需要判断林区无人机补给舱探针恢复复议6446号应继续现有能力、结束，还是进入迁移评估。自然语言里的故障等级和预算描述没有路由优先级，只读取本 query 最新 observation 的结构化键值。错误状态仅在 retryable=true 与 retry_count=0 同时成立时复用原检测器一次，否则调用迁移顾问。正常状态需要候选数、置信度、跨提示一致性和域偏移四个门槛全部通过才结束，任一否决项都转迁移。缺省、非法、冲突状态采取保守分支；已经重试一次的结果不能再次触发检测器。检测器必须设置 finish_after_tool=false；迁移顾问使用当前图片和视觉探针并设置 finish_after_tool=true。,True,examples/images/planner_retry_optimizer_matched_v12/goldorange_five_star_recheck.png,"[{""action"": ""qwen_detection"", ""arg_contains"": {""label"": [""金橙五星复检片""]}, ""decision_type"": ""tool"", ""required_args"": {""finish_after_tool"": false}}, {""action"": ""migration_advisor"", ""arg_contains"": {""user_query"": [""林区无人机补给舱探针恢复复议6446号""]}, ""decision_type"": ""tool"", ""required_args"": {""finish_after_tool"": true, ""use_image"": true, ""use_visual_probe"": true}}]","[""rag_answer"", ""re_question"", ""answerer"", ""flux-image-generation"", ""rexomni_detection"", ""pipeline_eval""]","{""action_match"": 0.65, ""argument_match"": 0.1, ""decision_type_valid"": 0.03, ""final_tool_finish"": 0.1, ""finish_after_tool"": 0.1, ""json_valid"": 0.02, ""no_forbidden_action"": 0.1, ""no_premature_stop"": 0.1, ""no_repeated_tool"": 0.1, ""no_skip_required_probe"": 0.1, ""strict_action_match"": true, ""strict_argument_types"": true, ""wrong_action_cap"": 0.2}",True,1.0,"[""qwen_detection"", ""migration_advisor""]",qwen_detection,"[{""_planner_metrics"": {""api_call_ms"": 6552.474, ""first_api_call_ms"": 6552.474, ""first_finish_reason"": ""stop"", ""first_input_tokens"": 4019, ""first_output_tokens"": 49, ""first_total_tokens"": 4068, ""input_tokens"": 4019, ""output_tokens"": 49, ""parse_ms"": 0.121, ""planner_total_ms"": 6566.116, ""prompt_build_ms"": 0.463, ""retry_count"": 0, ""retry_reason"": """", ""total_tokens"": 4068}, ""action"": ""qwen_detection"", ""action_input"": {""finish_after_tool"": false, ""label"": ""金橙五星复检片""}, ""clarification_question"": """", ""decision_type"": ""tool"", ""end_reason"": """", ""final_answer"": """", ""thought"": ""先使用用户指定的检测器对当前图片进行探针。""}, {""_planner_metrics"": {""api_call_ms"": 9356.914, ""first_api_call_ms"": 9356.914, ""first_finish_reason"": ""stop"", ""first_input_tokens"": 4326, ""first_output_tokens"": 73, ""first_total_tokens"": 4399, ""input_tokens"": 4326, ""output_tokens"": 73, ""parse_ms"": 0.146, ""planner_total_ms"": 9370.746, ""prompt_build_ms"": 0.397, ""retry_count"": 0, ""retry_reason"": """", ""total_tokens"": 4399}, ""action"": ""migration_advisor"", ""action_input"": {""finish_after_tool"": true, ""use_image"": true, ""use_visual_probe"": true, ""user_query"": ""林区无人机补给舱探针恢复复议6446号""}, ""clarification_question"": """", ""decision_type"": ""tool"", ""end_reason"": """", ""final_answer"": """", ""thought"": ""最新状态未满足检测器重试或结束条件，需要进入能力迁移评估。""}]",,6566.116,6552.474,4019,49,1,1,True,False
PROMV12-TB-003-REX-MS2,missing_required_state_step2,读取这次机器状态并选择唯一动作：先使用Rex-Omni检测附件中的玄铜弧顶缓冲座，检测结果仅作为中间状态。最终需要判断林区无人机补给舱回执分支终签9158号应继续现有能力、结束，还是进入迁移评估。自然语言里的故障等级和预算描述没有路由优先级，只读取本 query 最新 observation 的结构化键值。错误状态仅在 retryable=true 与 retry_count=0 同时成立时复用原检测器一次，否则调用迁移顾问。正常状态需要候选数、置信度、跨提示一致性和域偏移四个门槛全部通过才结束，任一否决项都转迁移。缺省、非法、冲突状态采取保守分支；已经重试一次的结果不能再次触发检测器。检测器必须设置 finish_after_tool=false；迁移顾问使用当前图片和视觉探针并设置 finish_after_tool=true。,True,examples/images/planner_retry_optimizer_matched_v12/darkbronze_arch_buffer.png,"[{""action"": ""rexomni_detection"", ""arg_contains"": {""label"": [""玄铜弧顶缓冲座""]}, ""decision_type"": ""tool"", ""required_args"": {""finish_after_tool"": false}}, {""action"": ""migration_advisor"", ""arg_contains"": {""user_query"": [""林区无人机补给舱回执分支终签9158号""]}, ""decision_type"": ""tool"", ""required_args"": {""finish_after_tool"": true, ""use_image"": true, ""use_visual_probe"": true}}]","[""rag_answer"", ""re_question"", ""answerer"", ""flux-image-generation"", ""qwen_detection"", ""pipeline_eval""]","{""action_match"": 0.65, ""argument_match"": 0.1, ""decision_type_valid"": 0.03, ""final_tool_finish"": 0.1, ""finish_after_tool"": 0.1, ""json_valid"": 0.02, ""no_forbidden_action"": 0.1, ""no_premature_stop"": 0.1, ""no_repeated_tool"": 0.1, ""no_skip_required_probe"": 0.1, ""strict_action_match"": true, ""strict_argument_types"": true, ""wrong_action_cap"": 0.2}",False,0.586957,"[""rexomni_detection"", ""rexomni_detection""]",rexomni_detection,"[{""_planner_metrics"": {""api_call_ms"": 6846.058, ""first_api_call_ms"": 6846.058, ""first_finish_reason"": ""stop"", ""first_input_tokens"": 4022, ""first_output_tokens"": 51, ""first_total_tokens"": 4073, ""input_tokens"": 4022, ""output_tokens"": 51, ""parse_ms"": 0.143, ""planner_total_ms"": 6860.649, ""prompt_build_ms"": 0.395, ""retry_count"": 0, ""retry_reason"": """", ""total_tokens"": 4073}, ""action"": ""rexomni_detection"", ""action_input"": {""finish_after_tool"": false, ""label"": ""玄铜弧顶缓冲座""}, ""clarification_question"": """", ""decision_type"": ""tool"", ""end_reason"": """", ""final_answer"": """", ""thought"": ""先执行用户指定的检测器以取得当前结构化状态。""}, {""_planner_metrics"": {""api_call_ms"": 7853.784, ""first_api_call_ms"": 7853.784, ""first_finish_reason"": ""stop"", ""first_input_tokens"": 4329, ""first_output_tokens"": 58, ""first_total_tokens"": 4387, ""input_tokens"": 4329, ""output_tokens"": 58, ""parse_ms"": 0.192, ""planner_total_ms"": 7868.032, ""prompt_build_ms"": 0.397, ""retry_count"": 0, ""retry_reason"": """", ""total_tokens"": 4387}, ""action"": ""rexomni_detection"", ""action_input"": {""finish_after_tool"": false, ""label"": ""玄铜弧顶缓冲座""}, ""clarification_question"": """", ""decision_type"": ""tool"", ""end_reason"": """", ""final_answer"": """", ""thought"": ""最新状态未满足结束、重试或迁移的明确条件，需要继续按规则推进。""}]","step2:action expected 'migration_advisor', got 'rexomni_detection' | step2:finish_after_tool expected True, got False | step2:arg 'use_image' expected True, got None | step2:arg 'use_visual_probe' expected True, got None | step2:arg 'user_query' expected to contain ['林区无人机补给舱回执分支终签9158号'], got None",6860.649,6846.058,4022,51,0,1,False,True
PROMV12-TB-009-QWEN-PE3,post_retry_error_step3,能力迁移已候场，先核验最新探针回执：先使用Qwen检测附件中的金橙五星复检片，检测结果仅作为中间状态。最终需要判断林区无人机补给舱探针恢复复议6446号应继续现有能力、结束，还是进入迁移评估。自然语言里的故障等级和预算描述没有路由优先级，只读取本 query 最新 observation 的结构化键值。错误状态仅在 retryable=true 与 retry_count=0 同时成立时复用原检测器一次，否则调用迁移顾问。正常状态需要候选数、置信度、跨提示一致性和域偏移四个门槛全部通过才结束，任一否决项都转迁移。缺省、非法、冲突状态采取保守分支；已经重试一次的结果不能再次触发检测器。检测器必须设置 finish_after_tool=false；迁移顾问使用当前图片和视觉探针并设置 finish_after_tool=true。,True,examples/images/planner_retry_optimizer_matched_v12/goldorange_five_star_recheck.png,"[{""action"": ""qwen_detection"", ""arg_contains"": {""label"": [""金橙五星复检片""]}, ""decision_type"": ""tool"", ""required_args"": {""finish_after_tool"": false}}, {""action"": ""qwen_detection"", ""arg_contains"": {""label"": [""金橙五星复检片""]}, ""decision_type"": ""tool"", ""required_args"": {""finish_after_tool"": false}}, {""action"": ""migration_advisor"", ""arg_contains"": {""user_query"": [""林区无人机补给舱探针恢复复议6446号""]}, ""decision_type"": ""tool"", ""required_args"": {""finish_after_tool"": true, ""use_image"": true, ""use_visual_probe"": true}}]","[""rag_answer"", ""re_question"", ""answerer"", ""flux-image-generation"", ""rexomni_detection"", ""pipeline_eval""]","{""action_match"": 0.65, ""argument_match"": 0.1, ""decision_type_valid"": 0.03, ""final_tool_finish"": 0.1, ""finish_after_tool"": 0.1, ""json_valid"": 0.02, ""no_forbidden_action"": 0.1, ""no_premature_stop"": 0.1, ""no_repeated_tool"": 0.1, ""no_skip_required_probe"": 0.1, ""strict_action_match"": true, ""strict_argument_types"": true, ""wrong_action_cap"": 0.2}",False,0.703125,"[""qwen_detection"", ""migration_advisor"", ""migration_advisor""]",qwen_detection,"[{""_planner_metrics"": {""api_call_ms"": 6694.804, ""first_api_call_ms"": 6694.804, ""first_finish_reason"": ""stop"", ""first_input_tokens"": 4019, ""first_output_tokens"": 49, ""first_total_tokens"": 4068, ""input_tokens"": 4019, ""output_tokens"": 49, ""parse_ms"": 0.193, ""planner_total_ms"": 6708.833, ""prompt_build_ms"": 0.429, ""retry_count"": 0, ""retry_reason"": """", ""total_tokens"": 4068}, ""action"": ""qwen_detection"", ""action_input"": {""finish_after_tool"": false, ""label"": ""金橙五星复检片""}, ""clarification_question"": """", ""decision_type"": ""tool"", ""end_reason"": """", ""final_answer"": """", ""thought"": ""先使用用户指定的检测器对当前图片进行探针。""}, {""_planner_metrics"": {""api_call_ms"": 8901.402, ""first_api_call_ms"": 8901.402, ""first_finish_reason"": ""stop"", ""first_input_tokens"": 4327, ""first_output_tokens"": 71, ""first_total_tokens"": 4398, ""input_tokens"": 4327, ""output_tokens"": 71, ""parse_ms"": 0.159, ""planner_total_ms"": 8917.079, ""prompt_build_ms"": 0.515, ""retry_count"": 0, ""retry_reason"": """", ""total_tokens"": 4398}, ""action"": ""migration_advisor"", ""action_input"": {""finish_after_tool"": true, ""use_image"": true, ""use_visual_probe"": true, ""user_query"": ""林区无人机补给舱探针恢复复议6446号""}, ""clarification_question"": """", ""decision_type"": ""tool"", ""end_reason"": """", ""final_answer"": """", ""thought"": ""最新状态未满足结束或重试条件，需要进入能力迁移评估。""}, {""_planner_metrics"": {""api_call_ms"": 9009.581, ""first_api_call_ms"": 9009.581, ""first_finish_reason"": ""stop"", ""first_input_tokens"": 4660, ""first_output_tokens"": 71, ""first_total_tokens"": 4731, ""input_tokens"": 4660, ""output_tokens"": 71, ""parse_ms"": 0.14, ""planner_total_ms"": 9026.457, ""prompt_build_ms"": 0.416, ""retry_count"": 0, ""retry_reason"": """", ""total_tokens"": 4731}, ""action"": ""migration_advisor"", ""action_input"": {""finish_after_tool"": true, ""use_image"": true, ""use_visual_probe"": true, ""user_query"": ""林区无人机补给舱探针恢复复议6446号""}, ""clarification_question"": """", ""decision_type"": ""tool"", ""end_reason"": """", ""final_answer"": """", ""thought"": ""最新状态未满足结束或重试条件，需要进入能力迁移评估。""}]","step2:action expected 'qwen_detection', got 'migration_advisor' | step2:finish_after_tool expected False, got True | step2:arg 'label' expected to contain ['金橙五星复检片'], got None",6708.833,6694.804,4019,49,0,1,False,True
PROMV12-TB-008-REX-BE2,budget_exhausted_step2,能力迁移已候场，先核验最新探针回执：先使用Rex-Omni检测附件中的玄铜弧顶缓冲座，检测结果仅作为中间状态。最终需要判断流域梯级调度闸站探针恢复复议4894号应继续现有能力、结束，还是进入迁移评估。自然语言里的故障等级和预算描述没有路由优先级，只读取本 query 最新 observation 的结构化键值。错误状态仅在 retryable=true 与 retry_count=0 同时成立时复用原检测器一次，否则调用迁移顾问。正常状态需要候选数、置信度、跨提示一致性和域偏移四个门槛全部通过才结束，任一否决项都转迁移。缺省、非法、冲突状态采取保守分支；已经重试一次的结果不能再次触发检测器。检测器必须设置 finish_after_tool=false；迁移顾问使用当前图片和视觉探针并设置 finish_after_tool=true。,True,examples/images/planner_retry_optimizer_matched_v12/darkbronze_arch_buffer.png,"[{""action"": ""rexomni_detection"", ""arg_contains"": {""label"": [""玄铜弧顶缓冲座""]}, ""decision_type"": ""tool"", ""required_args"": {""finish_after_tool"": false}}, {""action"": ""migration_advisor"", ""arg_contains"": {""user_query"": [""流域梯级调度闸站探针恢复复议4894号""]}, ""decision_type"": ""tool"", ""required_args"": {""finish_after_tool"": true, ""use_image"": true, ""use_visual_probe"": true}}]","[""rag_answer"", ""re_question"", ""answerer"", ""flux-image-generation"", ""qwen_detection"", ""pipeline_eval""]","{""action_match"": 0.65, ""argument_match"": 0.1, ""decision_type_valid"": 0.03, ""final_tool_finish"": 0.1, ""finish_after_tool"": 0.1, ""json_valid"": 0.02, ""no_forbidden_action"": 0.1, ""no_premature_stop"": 0.1, ""no_repeated_tool"": 0.1, ""no_skip_required_probe"": 0.1, ""strict_action_match"": true, ""strict_argument_types"": true, ""wrong_action_cap"": 0.2}",True,1.0,"[""rexomni_detection"", ""migration_advisor""]",rexomni_detection,"[{""_planner_metrics"": {""api_call_ms"": 6586.348, ""first_api_call_ms"": 6586.348, ""first_finish_reason"": ""stop"", ""first_input_tokens"": 4030, ""first_output_tokens"": 51, ""first_total_tokens"": 4081, ""input_tokens"": 4030, ""output_tokens"": 51, ""parse_ms"": 0.179, ""planner_total_ms"": 6600.587, ""prompt_build_ms"": 0.375, ""retry_count"": 0, ""retry_reason"": """", ""total_tokens"": 4081}, ""action"": ""rexomni_detection"", ""action_input"": {""finish_after_tool"": false, ""label"": ""玄铜弧顶缓冲座""}, ""clarification_question"": """", ""decision_type"": ""tool"", ""end_reason"": """", ""final_answer"": """", ""thought"": ""先执行用户指定的检测器以取得当前结构化状态。""}, {""_planner_metrics"": {""api_call_ms"": 9043.737, ""first_api_call_ms"": 9043.737, ""first_finish_reason"": ""stop"", ""first_input_tokens"": 4341, ""first_output_tokens"": 73, ""first_total_tokens"": 4414, ""input_tokens"": 4341, ""output_tokens"": 73, ""parse_ms"": 0.142, ""planner_total_ms"": 9061.139, ""prompt_build_ms"": 0.571, ""retry_count"": 0, ""retry_reason"": """", ""total_tokens"": 4414}, ""action"": ""migration_advisor"", ""action_input"": {""finish_after_tool"": true, ""use_image"": true, ""use_visual_probe"": true, ""user_query"": ""流域梯级调度闸站探针恢复复议4894号""}, ""clarification_question"": """", ""decision_type"": ""tool"", ""end_reason"": """", ""final_answer"": """", ""thought"": ""最新状态未满足结束或重试条件，需要进入能力迁移评估。""}]",,6600.587,6586.348,4030,51,1,1,True,False
PROMV12-TB-011-REX-FR2,fresh_retry_step2,历史文字可能误导，本轮以后写入的 observation 为准：先使用Rex-Omni检测附件中的金橙五星复检片，检测结果仅作为中间状态。最终需要判断甚低频射电阵列异常额度会核5850号应继续现有能力、结束，还是进入迁移评估。自然语言里的故障等级和预算描述没有路由优先级，只读取本 query 最新 observation 的结构化键值。错误状态仅在 retryable=true 与 retry_count=0 同时成立时复用原检测器一次，否则调用迁移顾问。正常状态需要候选数、置信度、跨提示一致性和域偏移四个门槛全部通过才结束，任一否决项都转迁移。缺省、非法、冲突状态采取保守分支；已经重试一次的结果不能再次触发检测器。检测器必须设置 finish_after_tool=false；迁移顾问使用当前图片和视觉探针并设置 finish_after_tool=true。,True,examples/images/planner_retry_optimizer_matched_v12/goldorange_five_star_recheck.png,"[{""action"": ""rexomni_detection"", ""arg_contains"": {""label"": [""金橙五星复检片""]}, ""decision_type"": ""tool"", ""required_args"": {""finish_after_tool"": false}}, {""action"": ""rexomni_detection"", ""arg_contains"": {""label"": [""金橙五星复检片""]}, ""decision_type"": ""tool"", ""required_args"": {""finish_after_tool"": false}}, {""arg_contains"": {}, ""decision_type"": ""end"", ""required_args"": {""end_reason"": ""memory_hit""}}]","[""rag_answer"", ""re_question"", ""answerer"", ""flux-image-generation"", ""qwen_detection"", ""pipeline_eval"", ""migration_advisor""]","{""action_match"": 0.65, ""argument_match"": 0.1, ""decision_type_valid"": 0.03, ""final_tool_finish"": 0.1, ""finish_after_tool"": 0.1, ""json_valid"": 0.02, ""no_forbidden_action"": 0.1, ""no_premature_stop"": 0.1, ""no_repeated_tool"": 0.1, ""no_skip_required_probe"": 0.1, ""strict_action_match"": true, ""strict_argument_types"": true, ""wrong_action_cap"": 0.2}",False,0.75625,"[""rexomni_detection"", ""rexomni_detection"", ""rexomni_detection""]",rexomni_detection,"[{""_planner_metrics"": {""api_call_ms"": 6384.778, ""first_api_call_ms"": 6384.778, ""first_finish_reason"": ""stop"", ""first_input_tokens"": 4031, ""first_output_tokens"": 50, ""first_total_tokens"": 4081, ""input_tokens"": 4031, ""output_tokens"": 50, ""parse_ms"": 0.163, ""planner_total_ms"": 6398.826, ""prompt_build_ms"": 0.402, ""retry_count"": 0, ""retry_reason"": """", ""total_tokens"": 4081}, ""action"": ""rexomni_detection"", ""action_input"": {""finish_after_tool"": false, ""label"": ""金橙五星复检片""}, ""clarification_question"": """", ""decision_type"": ""tool"", ""end_reason"": """", ""final_answer"": """", ""thought"": ""先执行用户指定的检测器以取得当前结构化状态。""}, {""_planner_metrics"": {""api_call_ms"": 6564.492, ""first_api_call_ms"": 6564.492, ""first_finish_reason"": ""stop"", ""first_input_tokens"": 4345, ""first_output_tokens"": 50, ""first_total_tokens"": 4395, ""input_tokens"": 4345, ""output_tokens"": 50, ""parse_ms"": 0.121, ""planner_total_ms"": 6577.875, ""prompt_build_ms"": 0.426, ""retry_count"": 0, ""retry_reason"": """", ""total_tokens"": 4395}, ""action"": ""rexomni_detection"", ""action_input"": {""finish_after_tool"": false, ""label"": ""金橙五星复检片""}, ""clarification_question"": """", ""decision_type"": ""tool"", ""end_reason"": """", ""final_answer"": """", ""thought"": ""最新状态满足错误状态且可重试一次检测器。""}, {""_planner_metrics"": {""api_call_ms"": 7037.065, ""first_api_call_ms"": 7037.065, ""first_finish_reason"": ""stop"", ""first_input_tokens"": 4649, ""first_output_tokens"": 53, ""first_total_tokens"": 4702, ""input_tokens"": 4649, ""output_tokens"": 53, ""parse_ms"": 0.158, ""planner_total_ms"": 7051.299, ""prompt_build_ms"": 0.414, ""retry_count"": 0, ""retry_reason"": """", ""total_tokens"": 4702}, ""action"": ""rexomni_detection"", ""action_input"": {""finish_after_tool"": false, ""label"": ""金橙五星复检片""}, ""clarification_question"": """", ""decision_type"": ""tool"", ""end_reason"": """", ""final_answer"": """", ""thought"": ""最新状态未满足结束或迁移条件，需要继续按规则推进。""}]","step3:decision_type expected 'end', got 'tool' | step3:action expected 'end', got 'rexomni_detection' | step3:arg 'end_reason' expected 'memory_hit', got ''",6398.826,6384.778,4031,50,0,1,False,True
PROMV12-TB-012-REX-PE3,post_retry_error_step3,读取这次机器状态并选择唯一动作：先使用Rex-Omni检测附件中的金橙五星复检片，检测结果仅作为中间状态。最终需要判断甚低频射电阵列回执分支终签3879号应继续现有能力、结束，还是进入迁移评估。自然语言里的故障等级和预算描述没有路由优先级，只读取本 query 最新 observation 的结构化键值。错误状态仅在 retryable=true 与 retry_count=0 同时成立时复用原检测器一次，否则调用迁移顾问。正常状态需要候选数、置信度、跨提示一致性和域偏移四个门槛全部通过才结束，任一否决项都转迁移。缺省、非法、冲突状态采取保守分支；已经重试一次的结果不能再次触发检测器。检测器必须设置 finish_after_tool=false；迁移顾问使用当前图片和视觉探针并设置 finish_after_tool=true。,True,examples/images/planner_retry_optimizer_matched_v12/goldorange_five_star_recheck.png,"[{""action"": ""rexomni_detection"", ""arg_contains"": {""label"": [""金橙五星复检片""]}, ""decision_type"": ""tool"", ""required_args"": {""finish_after_tool"": false}}, {""action"": ""rexomni_detection"", ""arg_contains"": {""label"": [""金橙五星复检片""]}, ""decision_type"": ""tool"", ""required_args"": {""finish_after_tool"": false}}, {""action"": ""migration_advisor"", ""arg_contains"": {""user_query"": [""甚低频射电阵列回执分支终签3879号""]}, ""decision_type"": ""tool"", ""required_args"": {""finish_after_tool"": true, ""use_image"": true, ""use_visual_probe"": true}}]","[""rag_answer"", ""re_question"", ""answerer"", ""flux-image-generation"", ""qwen_detection"", ""pipeline_eval""]","{""action_match"": 0.65, ""argument_match"": 0.1, ""decision_type_valid"": 0.03, ""final_tool_finish"": 0.1, ""finish_after_tool"": 0.1, ""json_valid"": 0.02, ""no_forbidden_action"": 0.1, ""no_premature_stop"": 0.1, ""no_repeated_tool"": 0.1, ""no_skip_required_probe"": 0.1, ""strict_action_match"": true, ""strict_argument_types"": true, ""wrong_action_cap"": 0.2}",False,0.734375,"[""rexomni_detection"", ""rexomni_detection"", ""rexomni_detection""]",rexomni_detection,"[{""_planner_metrics"": {""api_call_ms"": 6396.206, ""first_api_call_ms"": 6396.206, ""first_finish_reason"": ""stop"", ""first_input_tokens"": 4023, ""first_output_tokens"": 50, ""first_total_tokens"": 4073, ""input_tokens"": 4023, ""output_tokens"": 50, ""parse_ms"": 0.178, ""planner_total_ms"": 6409.463, ""prompt_build_ms"": 0.379, ""retry_count"": 0, ""retry_reason"": """", ""total_tokens"": 4073}, ""action"": ""rexomni_detection"", ""action_input"": {""finish_after_tool"": false, ""label"": ""金橙五星复检片""}, ""clarification_question"": """", ""decision_type"": ""tool"", ""end_reason"": """", ""final_answer"": """", ""thought"": ""先执行用户指定的检测器以取得当前结构化状态。""}, {""_planner_metrics"": {""api_call_ms"": 6679.0, ""first_api_call_ms"": 6679.0, ""first_finish_reason"": ""stop"", ""first_input_tokens"": 4336, ""first_output_tokens"": 52, ""first_total_tokens"": 4388, ""input_tokens"": 4336, ""output_tokens"": 52, ""parse_ms"": 0.212, ""planner_total_ms"": 6693.373, ""prompt_build_ms"": 0.461, ""retry_count"": 0, ""retry_reason"": """", ""total_tokens"": 4388}, ""action"": ""rexomni_detection"", ""action_input"": {""finish_after_tool"": false, ""label"": ""金橙五星复检片""}, ""clarification_question"": """", ""decision_type"": ""tool"", ""end_reason"": """", ""final_answer"": """", ""thought"": ""最新状态满足错误重试条件，需要再次使用同一检测器。""}, {""_planner_metrics"": {""api_call_ms"": 6915.554, ""first_api_call_ms"": 6915.554, ""first_finish_reason"": ""stop"", ""first_input_tokens"": 4643, ""first_output_tokens"": 52, ""first_total_tokens"": 4695, ""input_tokens"": 4643, ""output_tokens"": 52, ""parse_ms"": 0.158, ""planner_total_ms"": 6931.405, ""prompt_build_ms"": 0.519, ""retry_count"": 0, ""retry_reason"": """", ""total_tokens"": 4695}, ""action"": ""rexomni_detection"", ""action_input"": {""finish_after_tool"": false, ""label"": ""金橙五星复检片""}, ""clarification_question"": """", ""decision_type"": ""tool"", ""end_reason"": """", ""final_answer"": """", ""thought"": ""最新状态满足错误重试条件，需要再次使用同一检测器。""}]","step3:action expected 'migration_advisor', got 'rexomni_detection' | step3:finish_after_tool expected True, got False | step3:arg 'use_image' expected True, got None | step3:arg 'use_visual_probe' expected True, got None | step3:arg 'user_query' expected to contain ['甚低频射电阵列回执分支终签3879号'], got None",6409.463,6396.206,4023,50,0,1,False,True
PROMV12-TB-007-REX-PV3,post_retry_metric_veto_step3,失联背景和当前预算并存时只使用显式字段：先使用Rex-Omni检测附件中的玄铜弧顶缓冲座，检测结果仅作为中间状态。最终需要判断碳化硅陶瓷烧结台探针恢复复议4867号应继续现有能力、结束，还是进入迁移评估。自然语言里的故障等级和预算描述没有路由优先级，只读取本 query 最新 observation 的结构化键值。错误状态仅在 retryable=true 与 retry_count=0 同时成立时复用原检测器一次，否则调用迁移顾问。正常状态需要候选数、置信度、跨提示一致性和域偏移四个门槛全部通过才结束，任一否决项都转迁移。缺省、非法、冲突状态采取保守分支；已经重试一次的结果不能再次触发检测器。检测器必须设置 finish_after_tool=false；迁移顾问使用当前图片和视觉探针并设置 finish_after_tool=true。,True,examples/images/planner_retry_optimizer_matched_v12/darkbronze_arch_buffer.png,"[{""action"": ""rexomni_detection"", ""arg_contains"": {""label"": [""玄铜弧顶缓冲座""]}, ""decision_type"": ""tool"", ""required_args"": {""finish_after_tool"": false}}, {""action"": ""rexomni_detection"", ""arg_contains"": {""label"": [""玄铜弧顶缓冲座""]}, ""decision_type"": ""tool"", ""required_args"": {""finish_after_tool"": false}}, {""action"": ""migration_advisor"", ""arg_contains"": {""user_query"": [""碳化硅陶瓷烧结台探针恢复复议4867号""]}, ""decision_type"": ""tool"", ""required_args"": {""finish_after_tool"": true, ""use_image"": true, ""use_visual_probe"": true}}]","[""rag_answer"", ""re_question"", ""answerer"", ""flux-image-generation"", ""qwen_detection"", ""pipeline_eval""]","{""action_match"": 0.65, ""argument_match"": 0.1, ""decision_type_valid"": 0.03, ""final_tool_finish"": 0.1, ""finish_after_tool"": 0.1, ""json_valid"": 0.02, ""no_forbidden_action"": 0.1, ""no_premature_stop"": 0.1, ""no_repeated_tool"": 0.1, ""no_skip_required_probe"": 0.1, ""strict_action_match"": true, ""strict_argument_types"": true, ""wrong_action_cap"": 0.2}",False,0.4375,"[""rexomni_detection"", ""migration_advisor"", ""rexomni_detection""]",rexomni_detection,"[{""_planner_metrics"": {""api_call_ms"": 6504.363, ""first_api_call_ms"": 6504.363, ""first_finish_reason"": ""stop"", ""first_input_tokens"": 4028, ""first_output_tokens"": 51, ""first_total_tokens"": 4079, ""input_tokens"": 4028, ""output_tokens"": 51, ""parse_ms"": 0.185, ""planner_total_ms"": 6518.828, ""prompt_build_ms"": 0.383, ""retry_count"": 0, ""retry_reason"": """", ""total_tokens"": 4079}, ""action"": ""rexomni_detection"", ""action_input"": {""finish_after_tool"": false, ""label"": ""玄铜弧顶缓冲座""}, ""clarification_question"": """", ""decision_type"": ""tool"", ""end_reason"": """", ""final_answer"": """", ""thought"": ""先执行用户指定的检测器以取得当前结构化状态。""}, {""_planner_metrics"": {""api_call_ms"": 8756.611, ""first_api_call_ms"": 8756.611, ""first_finish_reason"": ""stop"", ""first_input_tokens"": 4335, ""first_output_tokens"": 72, ""first_total_tokens"": 4407, ""input_tokens"": 4335, ""output_tokens"": 72, ""parse_ms"": 0.16, ""planner_total_ms"": 8769.847, ""prompt_build_ms"": 0.417, ""retry_count"": 0, ""retry_reason"": """", ""total_tokens"": 4407}, ""action"": ""migration_advisor"", ""action_input"": {""finish_after_tool"": true, ""use_image"": true, ""use_visual_probe"": true, ""user_query"": ""碳化硅陶瓷烧结台探针恢复复议4867号""}, ""clarification_question"": """", ""decision_type"": ""tool"", ""end_reason"": """", ""final_answer"": """", ""thought"": ""最新状态未满足结束或迁移条件，需要继续推进结构化评估。""}, {""_planner_metrics"": {""api_call_ms"": 7154.839, ""first_api_call_ms"": 7154.839, ""first_finish_reason"": ""stop"", ""first_input_tokens"": 4658, ""first_output_tokens"": 54, ""first_total_tokens"": 4712, ""input_tokens"": 4658, ""output_tokens"": 54, ""parse_ms"": 0.139, ""planner_total_ms"": 7169.303, ""prompt_build_ms"": 0.414, ""retry_count"": 0, ""retry_reason"": """", ""total_tokens"": 4712}, ""action"": ""rexomni_detection"", ""action_input"": {""finish_after_tool"": false, ""label"": ""玄铜弧顶缓冲座""}, ""clarification_question"": """", ""decision_type"": ""tool"", ""end_reason"": """", ""final_answer"": """", ""thought"": ""最新状态未满足结束或迁移条件，需要继续推进结构化评估。""}]","step2:action expected 'rexomni_detection', got 'migration_advisor' | step2:finish_after_tool expected False, got True | step2:arg 'label' expected to contain ['玄铜弧顶缓冲座'], got None | step3:action expected 'migration_advisor', got 'rexomni_detection' | step3:finish_after_tool expected True, got False | step3:arg 'use_image' expected True, got None | step3:arg 'use_visual_probe' expected True, got None | step3:arg 'user_query' expected to contain ['碳化硅陶瓷烧结台探针恢复复议4867号'], got None",6518.828,6504.363,4028,51,0,1,False,True
PROMV12-TB-002-REX-BE2,budget_exhausted_step2,能力迁移已候场，先核验最新探针回执：先使用Rex-Omni检测附件中的金橙五星复检片，检测结果仅作为中间状态。最终需要判断甚低频射电阵列探针恢复复议3574号应继续现有能力、结束，还是进入迁移评估。自然语言里的故障等级和预算描述没有路由优先级，只读取本 query 最新 observation 的结构化键值。错误状态仅在 retryable=true 与 retry_count=0 同时成立时复用原检测器一次，否则调用迁移顾问。正常状态需要候选数、置信度、跨提示一致性和域偏移四个门槛全部通过才结束，任一否决项都转迁移。缺省、非法、冲突状态采取保守分支；已经重试一次的结果不能再次触发检测器。检测器必须设置 finish_after_tool=false；迁移顾问使用当前图片和视觉探针并设置 finish_after_tool=true。,True,examples/images/planner_retry_optimizer_matched_v12/goldorange_five_star_recheck.png,"[{""action"": ""rexomni_detection"", ""arg_contains"": {""label"": [""金橙五星复检片""]}, ""decision_type"": ""tool"", ""required_args"": {""finish_after_tool"": false}}, {""action"": ""migration_advisor"", ""arg_contains"": {""user_query"": [""甚低频射电阵列探针恢复复议3574号""]}, ""decision_type"": ""tool"", ""required_args"": {""finish_after_tool"": true, ""use_image"": true, ""use_visual_probe"": true}}]","[""rag_answer"", ""re_question"", ""answerer"", ""flux-image-generation"", ""qwen_detection"", ""pipeline_eval""]","{""action_match"": 0.65, ""argument_match"": 0.1, ""decision_type_valid"": 0.03, ""final_tool_finish"": 0.1, ""finish_after_tool"": 0.1, ""json_valid"": 0.02, ""no_forbidden_action"": 0.1, ""no_premature_stop"": 0.1, ""no_repeated_tool"": 0.1, ""no_skip_required_probe"": 0.1, ""strict_action_match"": true, ""strict_argument_types"": true, ""wrong_action_cap"": 0.2}",True,1.0,"[""rexomni_detection"", ""migration_advisor""]",rexomni_detection,"[{""_planner_metrics"": {""api_call_ms"": 6404.047, ""first_api_call_ms"": 6404.047, ""first_finish_reason"": ""stop"", ""first_input_tokens"": 4027, ""first_output_tokens"": 50, ""first_total_tokens"": 4077, ""input_tokens"": 4027, ""output_tokens"": 50, ""parse_ms"": 0.134, ""planner_total_ms"": 6416.586, ""prompt_build_ms"": 0.367, ""retry_count"": 0, ""retry_reason"": """", ""total_tokens"": 4077}, ""action"": ""rexomni_detection"", ""action_input"": {""finish_after_tool"": false, ""label"": ""金橙五星复检片""}, ""clarification_question"": """", ""decision_type"": ""tool"", ""end_reason"": """", ""final_answer"": """", ""thought"": ""先执行用户指定的检测器以取得当前结构化状态。""}, {""_planner_metrics"": {""api_call_ms"": 8844.113, ""first_api_call_ms"": 8844.113, ""first_finish_reason"": ""stop"", ""first_input_tokens"": 4336, ""first_output_tokens"": 72, ""first_total_tokens"": 4408, ""input_tokens"": 4336, ""output_tokens"": 72, ""parse_ms"": 0.14, ""planner_total_ms"": 8856.865, ""prompt_build_ms"": 0.421, ""retry_count"": 0, ""retry_reason"": """", ""total_tokens"": 4408}, ""action"": ""migration_advisor"", ""action_input"": {""finish_after_tool"": true, ""use_image"": true, ""use_visual_probe"": true, ""user_query"": ""甚低频射电阵列探针恢复复议3574号""}, ""clarification_question"": """", ""decision_type"": ""tool"", ""end_reason"": """", ""final_answer"": """", ""thought"": ""最新状态未满足结束或重试条件，需要进入能力迁移评估。""}]",,6416.586,6404.047,4027,50,1,1,True,False
PROMV12-TB-003-QWEN-CF2,conflicting_state_step2,读取这次机器状态并选择唯一动作：先使用Qwen检测附件中的玄铜弧顶缓冲座，检测结果仅作为中间状态。最终需要判断林区无人机补给舱回执分支终签9158号应继续现有能力、结束，还是进入迁移评估。自然语言里的故障等级和预算描述没有路由优先级，只读取本 query 最新 observation 的结构化键值。错误状态仅在 retryable=true 与 retry_count=0 同时成立时复用原检测器一次，否则调用迁移顾问。正常状态需要候选数、置信度、跨提示一致性和域偏移四个门槛全部通过才结束，任一否决项都转迁移。缺省、非法、冲突状态采取保守分支；已经重试一次的结果不能再次触发检测器。检测器必须设置 finish_after_tool=false；迁移顾问使用当前图片和视觉探针并设置 finish_after_tool=true。,True,examples/images/planner_retry_optimizer_matched_v12/darkbronze_arch_buffer.png,"[{""action"": ""qwen_detection"", ""arg_contains"": {""label"": [""玄铜弧顶缓冲座""]}, ""decision_type"": ""tool"", ""required_args"": {""finish_after_tool"": false}}, {""action"": ""migration_advisor"", ""arg_contains"": {""user_query"": [""林区无人机补给舱回执分支终签9158号""]}, ""decision_type"": ""tool"", ""required_args"": {""finish_after_tool"": true, ""use_image"": true, ""use_visual_probe"": true}}]","[""rag_answer"", ""re_question"", ""answerer"", ""flux-image-generation"", ""rexomni_detection"", ""pipeline_eval""]","{""action_match"": 0.65, ""argument_match"": 0.1, ""decision_type_valid"": 0.03, ""final_tool_finish"": 0.1, ""finish_after_tool"": 0.1, ""json_valid"": 0.02, ""no_forbidden_action"": 0.1, ""no_premature_stop"": 0.1, ""no_repeated_tool"": 0.1, ""no_skip_required_probe"": 0.1, ""strict_action_match"": true, ""strict_argument_types"": true, ""wrong_action_cap"": 0.2}",True,1.0,"[""qwen_detection"", ""migration_advisor""]",qwen_detection,"[{""_planner_metrics"": {""api_call_ms"": 6350.89, ""first_api_call_ms"": 6350.89, ""first_finish_reason"": ""stop"", ""first_input_tokens"": 4016, ""first_output_tokens"": 50, ""first_total_tokens"": 4066, ""input_tokens"": 4016, ""output_tokens"": 50, ""parse_ms"": 0.131, ""planner_total_ms"": 6363.13, ""prompt_build_ms"": 0.421, ""retry_count"": 0, ""retry_reason"": """", ""total_tokens"": 4066}, ""action"": ""qwen_detection"", ""action_input"": {""finish_after_tool"": false, ""label"": ""玄铜弧顶缓冲座""}, ""clarification_question"": """", ""decision_type"": ""tool"", ""end_reason"": """", ""final_answer"": """", ""thought"": ""先执行用户指定的检测器以取得当前结构化状态。""}, {""_planner_metrics"": {""api_call_ms"": 8845.739, ""first_api_call_ms"": 8845.739, ""first_finish_reason"": ""stop"", ""first_input_tokens"": 4318, ""first_output_tokens"": 72, ""first_total_tokens"": 4390, ""input_tokens"": 4318, ""output_tokens"": 72, ""parse_ms"": 0.145, ""planner_total_ms"": 8858.822, ""prompt_build_ms"": 0.396, ""retry_count"": 0, ""retry_reason"": """", ""total_tokens"": 4390}, ""action"": ""migration_advisor"", ""action_input"": {""finish_after_tool"": true, ""use_image"": true, ""use_visual_probe"": true, ""user_query"": ""林区无人机补给舱回执分支终签9158号""}, ""clarification_question"": """", ""decision_type"": ""tool"", ""end_reason"": """", ""final_answer"": """", ""thought"": ""最新状态未满足结束或迁移条件，需要继续按规则推进。""}]",,6363.13,6350.89,4016,50,1,1,True,False
PROMV12-TB-010-REX-FR2,fresh_retry_step2,失联背景和当前预算并存时只使用显式字段：先使用Rex-Omni检测附件中的玄铜弧顶缓冲座，检测结果仅作为中间状态。最终需要判断流域梯级调度闸站回执分支终签5437号应继续现有能力、结束，还是进入迁移评估。自然语言里的故障等级和预算描述没有路由优先级，只读取本 query 最新 observation 的结构化键值。错误状态仅在 retryable=true 与 retry_count=0 同时成立时复用原检测器一次，否则调用迁移顾问。正常状态需要候选数、置信度、跨提示一致性和域偏移四个门槛全部通过才结束，任一否决项都转迁移。缺省、非法、冲突状态采取保守分支；已经重试一次的结果不能再次触发检测器。检测器必须设置 finish_after_tool=false；迁移顾问使用当前图片和视觉探针并设置 finish_after_tool=true。,True,examples/images/planner_retry_optimizer_matched_v12/darkbronze_arch_buffer.png,"[{""action"": ""rexomni_detection"", ""arg_contains"": {""label"": [""玄铜弧顶缓冲座""]}, ""decision_type"": ""tool"", ""required_args"": {""finish_after_tool"": false}}, {""action"": ""rexomni_detection"", ""arg_contains"": {""label"": [""玄铜弧顶缓冲座""]}, ""decision_type"": ""tool"", ""required_args"": {""finish_after_tool"": false}}, {""arg_contains"": {}, ""decision_type"": ""end"", ""required_args"": {""end_reason"": ""memory_hit""}}]","[""rag_answer"", ""re_question"", ""answerer"", ""flux-image-generation"", ""qwen_detection"", ""pipeline_eval"", ""migration_advisor""]","{""action_match"": 0.65, ""argument_match"": 0.1, ""decision_type_valid"": 0.03, ""final_tool_finish"": 0.1, ""finish_after_tool"": 0.1, ""json_valid"": 0.02, ""no_forbidden_action"": 0.1, ""no_premature_stop"": 0.1, ""no_repeated_tool"": 0.1, ""no_skip_required_probe"": 0.1, ""strict_action_match"": true, ""strict_argument_types"": true, ""wrong_action_cap"": 0.2}",False,0.640625,"[""rexomni_detection"", ""migration_advisor"", ""final_answer""]",rexomni_detection,"[{""_planner_metrics"": {""api_call_ms"": 6448.265, ""first_api_call_ms"": 6448.265, ""first_finish_reason"": ""stop"", ""first_input_tokens"": 4032, ""first_output_tokens"": 51, ""first_total_tokens"": 4083, ""input_tokens"": 4032, ""output_tokens"": 51, ""parse_ms"": 0.168, ""planner_total_ms"": 6460.708, ""prompt_build_ms"": 0.371, ""retry_count"": 0, ""retry_reason"": """", ""total_tokens"": 4083}, ""action"": ""rexomni_detection"", ""action_input"": {""finish_after_tool"": false, ""label"": ""玄铜弧顶缓冲座""}, ""clarification_question"": """", ""decision_type"": ""tool"", ""end_reason"": """", ""final_answer"": """", ""thought"": ""先执行用户指定的检测器以取得当前结构化状态。""}, {""_planner_metrics"": {""api_call_ms"": 9100.751, ""first_api_call_ms"": 9100.751, ""first_finish_reason"": ""stop"", ""first_input_tokens"": 4347, ""first_output_tokens"": 74, ""first_total_tokens"": 4421, ""input_tokens"": 4347, ""output_tokens"": 74, ""parse_ms"": 0.215, ""planner_total_ms"": 9115.409, ""prompt_build_ms"": 0.469, ""retry_count"": 0, ""retry_reason"": """", ""total_tokens"": 4421}, ""action"": ""migration_advisor"", ""action_input"": {""finish_after_tool"": true, ""use_image"": true, ""use_visual_probe"": true, ""user_query"": ""流域梯级调度闸站回执分支终签5437号""}, ""clarification_question"": """", ""decision_type"": ""tool"", ""end_reason"": """", ""final_answer"": """", ""thought"": ""最新状态未满足结束或重试条件，需要进入能力迁移评估。""}, {""_planner_metrics"": {""api_call_ms"": 4865.193, ""first_api_call_ms"": 4865.193, ""first_finish_reason"": ""stop"", ""first_input_tokens"": 4681, ""first_output_tokens"": 32, ""first_total_tokens"": 4713, ""input_tokens"": 4681, ""output_tokens"": 32, ""parse_ms"": 0.149, ""planner_total_ms"": 4879.81, ""prompt_build_ms"": 0.511, ""retry_count"": 0, ""retry_reason"": """", ""total_tokens"": 4713}, ""action"": ""final_answer"", ""action_input"": {}, ""clarification_question"": """", ""decision_type"": ""end"", ""end_reason"": ""recheck_done"", ""final_answer"": """", ""thought"": ""最新状态已满足结束条件，可以收口。""}]","step2:action expected 'rexomni_detection', got 'migration_advisor' | step2:finish_after_tool expected False, got True | step2:arg 'label' expected to contain ['玄铜弧顶缓冲座'], got None | step3:arg 'end_reason' expected 'memory_hit', got 'recheck_done' | forbidden:migration_advisor",6460.708,6448.265,4032,51,0,1,False,True
PROMV12-TB-010-QWEN-PV3,post_retry_metric_veto_step3,失联背景和当前预算并存时只使用显式字段：先使用Qwen检测附件中的玄铜弧顶缓冲座，检测结果仅作为中间状态。最终需要判断流域梯级调度闸站回执分支终签5437号应继续现有能力、结束，还是进入迁移评估。自然语言里的故障等级和预算描述没有路由优先级，只读取本 query 最新 observation 的结构化键值。错误状态仅在 retryable=true 与 retry_count=0 同时成立时复用原检测器一次，否则调用迁移顾问。正常状态需要候选数、置信度、跨提示一致性和域偏移四个门槛全部通过才结束，任一否决项都转迁移。缺省、非法、冲突状态采取保守分支；已经重试一次的结果不能再次触发检测器。检测器必须设置 finish_after_tool=false；迁移顾问使用当前图片和视觉探针并设置 finish_after_tool=true。,True,examples/images/planner_retry_optimizer_matched_v12/darkbronze_arch_buffer.png,"[{""action"": ""qwen_detection"", ""arg_contains"": {""label"": [""玄铜弧顶缓冲座""]}, ""decision_type"": ""tool"", ""required_args"": {""finish_after_tool"": false}}, {""action"": ""qwen_detection"", ""arg_contains"": {""label"": [""玄铜弧顶缓冲座""]}, ""decision_type"": ""tool"", ""required_args"": {""finish_after_tool"": false}}, {""action"": ""migration_advisor"", ""arg_contains"": {""user_query"": [""流域梯级调度闸站回执分支终签5437号""]}, ""decision_type"": ""tool"", ""required_args"": {""finish_after_tool"": true, ""use_image"": true, ""use_visual_probe"": true}}]","[""rag_answer"", ""re_question"", ""answerer"", ""flux-image-generation"", ""rexomni_detection"", ""pipeline_eval""]","{""action_match"": 0.65, ""argument_match"": 0.1, ""decision_type_valid"": 0.03, ""final_tool_finish"": 0.1, ""finish_after_tool"": 0.1, ""json_valid"": 0.02, ""no_forbidden_action"": 0.1, ""no_premature_stop"": 0.1, ""no_repeated_tool"": 0.1, ""no_skip_required_probe"": 0.1, ""strict_action_match"": true, ""strict_argument_types"": true, ""wrong_action_cap"": 0.2}",False,0.734375,"[""qwen_detection"", ""qwen_detection"", ""qwen_detection""]",qwen_detection,"[{""_planner_metrics"": {""api_call_ms"": 6546.242, ""first_api_call_ms"": 6546.242, ""first_finish_reason"": ""stop"", ""first_input_tokens"": 4026, ""first_output_tokens"": 50, ""first_total_tokens"": 4076, ""input_tokens"": 4026, ""output_tokens"": 50, ""parse_ms"": 0.138, ""planner_total_ms"": 6561.304, ""prompt_build_ms"": 0.395, ""retry_count"": 0, ""retry_reason"": """", ""total_tokens"": 4076}, ""action"": ""qwen_detection"", ""action_input"": {""finish_after_tool"": false, ""label"": ""玄铜弧顶缓冲座""}, ""clarification_question"": """", ""decision_type"": ""tool"", ""end_reason"": """", ""final_answer"": """", ""thought"": ""先执行用户指定的检测器以取得当前结构化状态。""}, {""_planner_metrics"": {""api_call_ms"": 6719.842, ""first_api_call_ms"": 6719.842, ""first_finish_reason"": ""stop"", ""first_input_tokens"": 4334, ""first_output_tokens"": 52, ""first_total_tokens"": 4386, ""input_tokens"": 4334, ""output_tokens"": 52, ""parse_ms"": 0.13, ""planner_total_ms"": 6733.336, ""prompt_build_ms"": 0.401, ""retry_count"": 0, ""retry_reason"": """", ""total_tokens"": 4386}, ""action"": ""qwen_detection"", ""action_input"": {""finish_after_tool"": false, ""label"": ""玄铜弧顶缓冲座""}, ""clarification_question"": """", ""decision_type"": ""tool"", ""end_reason"": """", ""final_answer"": """", ""thought"": ""最新状态满足错误复用条件，需要再次使用同一检测器。""}, {""_planner_metrics"": {""api_call_ms"": 7297.294, ""first_api_call_ms"": 7297.294, ""first_finish_reason"": ""stop"", ""first_input_tokens"": 4638, ""first_output_tokens"": 55, ""first_total_tokens"": 4693, ""input_tokens"": 4638, ""output_tokens"": 55, ""parse_ms"": 0.133, ""planner_total_ms"": 7311.865, ""prompt_build_ms"": 0.427, ""retry_count"": 0, ""retry_reason"": """", ""total_tokens"": 4693}, ""action"": ""qwen_detection"", ""action_input"": {""finish_after_tool"": false, ""label"": ""玄铜弧顶缓冲座""}, ""clarification_question"": """", ""decision_type"": ""tool"", ""end_reason"": """", ""final_answer"": """", ""thought"": ""最新状态未满足结束或迁移条件，需要继续检测以更新结构化状态。""}]","step3:action expected 'migration_advisor', got 'qwen_detection' | step3:finish_after_tool expected True, got False | step3:arg 'use_image' expected True, got None | step3:arg 'use_visual_probe' expected True, got None | step3:arg 'user_query' expected to contain ['流域梯级调度闸站回执分支终签5437号'], got None",6561.304,6546.242,4026,50,0,1,False,True
PROMV12-TB-002-REX-CS2,current_success_step2,能力迁移已候场，先核验最新探针回执：先使用Rex-Omni检测附件中的金橙五星复检片，检测结果仅作为中间状态。最终需要判断甚低频射电阵列探针恢复复议3574号应继续现有能力、结束，还是进入迁移评估。自然语言里的故障等级和预算描述没有路由优先级，只读取本 query 最新 observation 的结构化键值。错误状态仅在 retryable=true 与 retry_count=0 同时成立时复用原检测器一次，否则调用迁移顾问。正常状态需要候选数、置信度、跨提示一致性和域偏移四个门槛全部通过才结束，任一否决项都转迁移。缺省、非法、冲突状态采取保守分支；已经重试一次的结果不能再次触发检测器。检测器必须设置 finish_after_tool=false；迁移顾问使用当前图片和视觉探针并设置 finish_after_tool=true。,True,examples/images/planner_retry_optimizer_matched_v12/goldorange_five_star_recheck.png,"[{""action"": ""rexomni_detection"", ""arg_contains"": {""label"": [""金橙五星复检片""]}, ""decision_type"": ""tool"", ""required_args"": {""finish_after_tool"": false}}, {""arg_contains"": {}, ""decision_type"": ""end"", ""required_args"": {""end_reason"": ""memory_hit""}}]","[""rag_answer"", ""re_question"", ""answerer"", ""flux-image-generation"", ""qwen_detection"", ""pipeline_eval"", ""migration_advisor""]","{""action_match"": 0.65, ""argument_match"": 0.1, ""decision_type_valid"": 0.03, ""final_tool_finish"": 0.1, ""finish_after_tool"": 0.1, ""json_valid"": 0.02, ""no_forbidden_action"": 0.1, ""no_premature_stop"": 0.1, ""no_repeated_tool"": 0.1, ""no_skip_required_probe"": 0.1, ""strict_action_match"": true, ""strict_argument_types"": true, ""wrong_action_cap"": 0.2}",True,1.0,"[""rexomni_detection"", ""final_answer""]",rexomni_detection,"[{""_planner_metrics"": {""api_call_ms"": 6467.589, ""first_api_call_ms"": 6467.589, ""first_finish_reason"": ""stop"", ""first_input_tokens"": 4024, ""first_output_tokens"": 50, ""first_total_tokens"": 4074, ""input_tokens"": 4024, ""output_tokens"": 50, ""parse_ms"": 0.124, ""planner_total_ms"": 6480.012, ""prompt_build_ms"": 0.359, ""retry_count"": 0, ""retry_reason"": """", ""total_tokens"": 4074}, ""action"": ""rexomni_detection"", ""action_input"": {""finish_after_tool"": false, ""label"": ""金橙五星复检片""}, ""clarification_question"": """", ""decision_type"": ""tool"", ""end_reason"": """", ""final_answer"": """", ""thought"": ""先执行用户指定的检测器以取得当前结构化状态。""}, {""_planner_metrics"": {""api_call_ms"": 4793.553, ""first_api_call_ms"": 4793.553, ""first_finish_reason"": ""stop"", ""first_input_tokens"": 4323, ""first_output_tokens"": 33, ""first_total_tokens"": 4356, ""input_tokens"": 4323, ""output_tokens"": 33, ""parse_ms"": 0.142, ""planner_total_ms"": 4806.565, ""prompt_build_ms"": 0.476, ""retry_count"": 0, ""retry_reason"": """", ""total_tokens"": 4356}, ""action"": ""final_answer"", ""action_input"": {}, ""clarification_question"": """", ""decision_type"": ""end"", ""end_reason"": ""memory_hit"", ""final_answer"": """", ""thought"": ""最新状态已满足全部正常门槛，可以结束本轮规划。""}]",,6480.012,6467.589,4024,50,1,1,True,False
PROMV12-TB-003-REX-BE2,budget_exhausted_step2,读取这次机器状态并选择唯一动作：先使用Rex-Omni检测附件中的玄铜弧顶缓冲座，检测结果仅作为中间状态。最终需要判断林区无人机补给舱回执分支终签9158号应继续现有能力、结束，还是进入迁移评估。自然语言里的故障等级和预算描述没有路由优先级，只读取本 query 最新 observation 的结构化键值。错误状态仅在 retryable=true 与 retry_count=0 同时成立时复用原检测器一次，否则调用迁移顾问。正常状态需要候选数、置信度、跨提示一致性和域偏移四个门槛全部通过才结束，任一否决项都转迁移。缺省、非法、冲突状态采取保守分支；已经重试一次的结果不能再次触发检测器。检测器必须设置 finish_after_tool=false；迁移顾问使用当前图片和视觉探针并设置 finish_after_tool=true。,True,examples/images/planner_retry_optimizer_matched_v12/darkbronze_arch_buffer.png,"[{""action"": ""rexomni_detection"", ""arg_contains"": {""label"": [""玄铜弧顶缓冲座""]}, ""decision_type"": ""tool"", ""required_args"": {""finish_after_tool"": false}}, {""action"": ""migration_advisor"", ""arg_contains"": {""user_query"": [""林区无人机补给舱回执分支终签9158号""]}, ""decision_type"": ""tool"", ""required_args"": {""finish_after_tool"": true, ""use_image"": true, ""use_visual_probe"": true}}]","[""rag_answer"", ""re_question"", ""answerer"", ""flux-image-generation"", ""qwen_detection"", ""pipeline_eval""]","{""action_match"": 0.65, ""argument_match"": 0.1, ""decision_type_valid"": 0.03, ""final_tool_finish"": 0.1, ""finish_after_tool"": 0.1, ""json_valid"": 0.02, ""no_forbidden_action"": 0.1, ""no_premature_stop"": 0.1, ""no_repeated_tool"": 0.1, ""no_skip_required_probe"": 0.1, ""strict_action_match"": true, ""strict_argument_types"": true, ""wrong_action_cap"": 0.2}",True,1.0,"[""rexomni_detection"", ""migration_advisor""]",rexomni_detection,"[{""_planner_metrics"": {""api_call_ms"": 6567.346, ""first_api_call_ms"": 6567.346, ""first_finish_reason"": ""stop"", ""first_input_tokens"": 4022, ""first_output_tokens"": 51, ""first_total_tokens"": 4073, ""input_tokens"": 4022, ""output_tokens"": 51, ""parse_ms"": 0.13, ""planner_total_ms"": 6579.818, ""prompt_build_ms"": 0.374, ""retry_count"": 0, ""retry_reason"": """", ""total_tokens"": 4073}, ""action"": ""rexomni_detection"", ""action_input"": {""finish_after_tool"": false, ""label"": ""玄铜弧顶缓冲座""}, ""clarification_question"": """", ""decision_type"": ""tool"", ""end_reason"": """", ""final_answer"": """", ""thought"": ""先执行用户指定的检测器以取得当前结构化状态。""}, {""_planner_metrics"": {""api_call_ms"": 9377.64, ""first_api_call_ms"": 9377.64, ""first_finish_reason"": ""stop"", ""first_input_tokens"": 4332, ""first_output_tokens"": 76, ""first_total_tokens"": 4408, ""input_tokens"": 4332, ""output_tokens"": 76, ""parse_ms"": 0.134, ""planner_total_ms"": 9390.775, ""prompt_build_ms"": 0.379, ""retry_count"": 0, ""retry_reason"": """", ""total_tokens"": 4408}, ""action"": ""migration_advisor"", ""action_input"": {""finish_after_tool"": true, ""use_image"": true, ""use_visual_probe"": true, ""user_query"": ""林区无人机补给舱回执分支终签9158号""}, ""clarification_question"": """", ""decision_type"": ""tool"", ""end_reason"": """", ""final_answer"": """", ""thought"": ""最新状态未满足结束、重试或迁移的明确条件，需要继续按规则推进。""}]",,6579.818,6567.346,4022,51,1,1,True,False
PROMV12-TB-012-QWEN-BE2,budget_exhausted_step2,读取这次机器状态并选择唯一动作：先使用Qwen检测附件中的金橙五星复检片，检测结果仅作为中间状态。最终需要判断甚低频射电阵列回执分支终签3879号应继续现有能力、结束，还是进入迁移评估。自然语言里的故障等级和预算描述没有路由优先级，只读取本 query 最新 observation 的结构化键值。错误状态仅在 retryable=true 与 retry_count=0 同时成立时复用原检测器一次，否则调用迁移顾问。正常状态需要候选数、置信度、跨提示一致性和域偏移四个门槛全部通过才结束，任一否决项都转迁移。缺省、非法、冲突状态采取保守分支；已经重试一次的结果不能再次触发检测器。检测器必须设置 finish_after_tool=false；迁移顾问使用当前图片和视觉探针并设置 finish_after_tool=true。,True,examples/images/planner_retry_optimizer_matched_v12/goldorange_five_star_recheck.png,"[{""action"": ""qwen_detection"", ""arg_contains"": {""label"": [""金橙五星复检片""]}, ""decision_type"": ""tool"", ""required_args"": {""finish_after_tool"": false}}, {""action"": ""migration_advisor"", ""arg_contains"": {""user_query"": [""甚低频射电阵列回执分支终签3879号""]}, ""decision_type"": ""tool"", ""required_args"": {""finish_after_tool"": true, ""use_image"": true, ""use_visual_probe"": true}}]","[""rag_answer"", ""re_question"", ""answerer"", ""flux-image-generation"", ""rexomni_detection"", ""pipeline_eval""]","{""action_match"": 0.65, ""argument_match"": 0.1, ""decision_type_valid"": 0.03, ""final_tool_finish"": 0.1, ""finish_after_tool"": 0.1, ""json_valid"": 0.02, ""no_forbidden_action"": 0.1, ""no_premature_stop"": 0.1, ""no_repeated_tool"": 0.1, ""no_skip_required_probe"": 0.1, ""strict_action_match"": true, ""strict_argument_types"": true, ""wrong_action_cap"": 0.2}",True,1.0,"[""qwen_detection"", ""migration_advisor""]",qwen_detection,"[{""_planner_metrics"": {""api_call_ms"": 6300.494, ""first_api_call_ms"": 6300.494, ""first_finish_reason"": ""stop"", ""first_input_tokens"": 4017, ""first_output_tokens"": 49, ""first_total_tokens"": 4066, ""input_tokens"": 4017, ""output_tokens"": 49, ""parse_ms"": 0.145, ""planner_total_ms"": 6313.28, ""prompt_build_ms"": 0.406, ""retry_count"": 0, ""retry_reason"": """", ""total_tokens"": 4066}, ""action"": ""qwen_detection"", ""action_input"": {""finish_after_tool"": false, ""label"": ""金橙五星复检片""}, ""clarification_question"": """", ""decision_type"": ""tool"", ""end_reason"": """", ""final_answer"": """", ""thought"": ""先执行用户指定的检测器以取得当前结构化状态。""}, {""_planner_metrics"": {""api_call_ms"": 9035.954, ""first_api_call_ms"": 9035.954, ""first_finish_reason"": ""stop"", ""first_input_tokens"": 4328, ""first_output_tokens"": 73, ""first_total_tokens"": 4401, ""input_tokens"": 4328, ""output_tokens"": 73, ""parse_ms"": 0.238, ""planner_total_ms"": 9050.486, ""prompt_build_ms"": 0.463, ""retry_count"": 0, ""retry_reason"": """", ""total_tokens"": 4401}, ""action"": ""migration_advisor"", ""action_input"": {""finish_after_tool"": true, ""use_image"": true, ""use_visual_probe"": true, ""user_query"": ""甚低频射电阵列回执分支终签3879号""}, ""clarification_question"": """", ""decision_type"": ""tool"", ""end_reason"": """", ""final_answer"": """", ""thought"": ""最新状态未满足结束或重试条件，需要进入能力迁移评估。""}]",,6313.28,6300.494,4017,49,1,1,True,False
PROMV12-TB-010-QWEN-FR2,fresh_retry_step2,失联背景和当前预算并存时只使用显式字段：先使用Qwen检测附件中的玄铜弧顶缓冲座，检测结果仅作为中间状态。最终需要判断流域梯级调度闸站回执分支终签5437号应继续现有能力、结束，还是进入迁移评估。自然语言里的故障等级和预算描述没有路由优先级，只读取本 query 最新 observation 的结构化键值。错误状态仅在 retryable=true 与 retry_count=0 同时成立时复用原检测器一次，否则调用迁移顾问。正常状态需要候选数、置信度、跨提示一致性和域偏移四个门槛全部通过才结束，任一否决项都转迁移。缺省、非法、冲突状态采取保守分支；已经重试一次的结果不能再次触发检测器。检测器必须设置 finish_after_tool=false；迁移顾问使用当前图片和视觉探针并设置 finish_after_tool=true。,True,examples/images/planner_retry_optimizer_matched_v12/darkbronze_arch_buffer.png,"[{""action"": ""qwen_detection"", ""arg_contains"": {""label"": [""玄铜弧顶缓冲座""]}, ""decision_type"": ""tool"", ""required_args"": {""finish_after_tool"": false}}, {""action"": ""qwen_detection"", ""arg_contains"": {""label"": [""玄铜弧顶缓冲座""]}, ""decision_type"": ""tool"", ""required_args"": {""finish_after_tool"": false}}, {""arg_contains"": {}, ""decision_type"": ""end"", ""required_args"": {""end_reason"": ""memory_hit""}}]","[""rag_answer"", ""re_question"", ""answerer"", ""flux-image-generation"", ""rexomni_detection"", ""pipeline_eval"", ""migration_advisor""]","{""action_match"": 0.65, ""argument_match"": 0.1, ""decision_type_valid"": 0.03, ""final_tool_finish"": 0.1, ""finish_after_tool"": 0.1, ""json_valid"": 0.02, ""no_forbidden_action"": 0.1, ""no_premature_stop"": 0.1, ""no_repeated_tool"": 0.1, ""no_skip_required_probe"": 0.1, ""strict_action_match"": true, ""strict_argument_types"": true, ""wrong_action_cap"": 0.2}",False,0.75625,"[""qwen_detection"", ""qwen_detection"", ""qwen_detection""]",qwen_detection,"[{""_planner_metrics"": {""api_call_ms"": 6451.743, ""first_api_call_ms"": 6451.743, ""first_finish_reason"": ""stop"", ""first_input_tokens"": 4026, ""first_output_tokens"": 50, ""first_total_tokens"": 4076, ""input_tokens"": 4026, ""output_tokens"": 50, ""parse_ms"": 0.152, ""planner_total_ms"": 6466.465, ""prompt_build_ms"": 0.428, ""retry_count"": 0, ""retry_reason"": """", ""total_tokens"": 4076}, ""action"": ""qwen_detection"", ""action_input"": {""finish_after_tool"": false, ""label"": ""玄铜弧顶缓冲座""}, ""clarification_question"": """", ""decision_type"": ""tool"", ""end_reason"": """", ""final_answer"": """", ""thought"": ""先执行用户指定的检测器以取得当前结构化状态。""}, {""_planner_metrics"": {""api_call_ms"": 6789.128, ""first_api_call_ms"": 6789.128, ""first_finish_reason"": ""stop"", ""first_input_tokens"": 4333, ""first_output_tokens"": 52, ""first_total_tokens"": 4385, ""input_tokens"": 4333, ""output_tokens"": 52, ""parse_ms"": 0.141, ""planner_total_ms"": 6804.939, ""prompt_build_ms"": 0.42, ""retry_count"": 0, ""retry_reason"": """", ""total_tokens"": 4385}, ""action"": ""qwen_detection"", ""action_input"": {""finish_after_tool"": false, ""label"": ""玄铜弧顶缓冲座""}, ""clarification_question"": """", ""decision_type"": ""tool"", ""end_reason"": """", ""final_answer"": """", ""thought"": ""最新状态满足错误复用条件，需要再次使用同一检测器。""}, {""_planner_metrics"": {""api_call_ms"": 7317.499, ""first_api_call_ms"": 7317.499, ""first_finish_reason"": ""stop"", ""first_input_tokens"": 4638, ""first_output_tokens"": 56, ""first_total_tokens"": 4694, ""input_tokens"": 4638, ""output_tokens"": 56, ""parse_ms"": 0.136, ""planner_total_ms"": 7331.234, ""prompt_build_ms"": 0.488, ""retry_count"": 0, ""retry_reason"": """", ""total_tokens"": 4694}, ""action"": ""qwen_detection"", ""action_input"": {""finish_after_tool"": false, ""label"": ""玄铜弧顶缓冲座""}, ""clarification_question"": """", ""decision_type"": ""tool"", ""end_reason"": """", ""final_answer"": """", ""thought"": ""最新状态未满足结束或迁移条件，需要继续检测以更新结构化键值。""}]","step3:decision_type expected 'end', got 'tool' | step3:action expected 'end', got 'qwen_detection' | step3:arg 'end_reason' expected 'memory_hit', got ''",6466.465,6451.743,4026,50,0,1,False,True
PROMV12-TB-011-REX-CF2,conflicting_state_step2,历史文字可能误导，本轮以后写入的 observation 为准：先使用Rex-Omni检测附件中的金橙五星复检片，检测结果仅作为中间状态。最终需要判断甚低频射电阵列异常额度会核5850号应继续现有能力、结束，还是进入迁移评估。自然语言里的故障等级和预算描述没有路由优先级，只读取本 query 最新 observation 的结构化键值。错误状态仅在 retryable=true 与 retry_count=0 同时成立时复用原检测器一次，否则调用迁移顾问。正常状态需要候选数、置信度、跨提示一致性和域偏移四个门槛全部通过才结束，任一否决项都转迁移。缺省、非法、冲突状态采取保守分支；已经重试一次的结果不能再次触发检测器。检测器必须设置 finish_after_tool=false；迁移顾问使用当前图片和视觉探针并设置 finish_after_tool=true。,True,examples/images/planner_retry_optimizer_matched_v12/goldorange_five_star_recheck.png,"[{""action"": ""rexomni_detection"", ""arg_contains"": {""label"": [""金橙五星复检片""]}, ""decision_type"": ""tool"", ""required_args"": {""finish_after_tool"": false}}, {""action"": ""migration_advisor"", ""arg_contains"": {""user_query"": [""甚低频射电阵列异常额度会核5850号""]}, ""decision_type"": ""tool"", ""required_args"": {""finish_after_tool"": true, ""use_image"": true, ""use_visual_probe"": true}}]","[""rag_answer"", ""re_question"", ""answerer"", ""flux-image-generation"", ""qwen_detection"", ""pipeline_eval""]","{""action_match"": 0.65, ""argument_match"": 0.1, ""decision_type_valid"": 0.03, ""final_tool_finish"": 0.1, ""finish_after_tool"": 0.1, ""json_valid"": 0.02, ""no_forbidden_action"": 0.1, ""no_premature_stop"": 0.1, ""no_repeated_tool"": 0.1, ""no_skip_required_probe"": 0.1, ""strict_action_match"": true, ""strict_argument_types"": true, ""wrong_action_cap"": 0.2}",True,1.0,"[""rexomni_detection"", ""migration_advisor""]",rexomni_detection,"[{""_planner_metrics"": {""api_call_ms"": 6470.928, ""first_api_call_ms"": 6470.928, ""first_finish_reason"": ""stop"", ""first_input_tokens"": 4031, ""first_output_tokens"": 50, ""first_total_tokens"": 4081, ""input_tokens"": 4031, ""output_tokens"": 50, ""parse_ms"": 0.137, ""planner_total_ms"": 6484.639, ""prompt_build_ms"": 0.406, ""retry_count"": 0, ""retry_reason"": """", ""total_tokens"": 4081}, ""action"": ""rexomni_detection"", ""action_input"": {""finish_after_tool"": false, ""label"": ""金橙五星复检片""}, ""clarification_question"": """", ""decision_type"": ""tool"", ""end_reason"": """", ""final_answer"": """", ""thought"": ""先执行用户指定的检测器以取得当前结构化状态。""}, {""_planner_metrics"": {""api_call_ms"": 8970.314, ""first_api_call_ms"": 8970.314, ""first_finish_reason"": ""stop"", ""first_input_tokens"": 4334, ""first_output_tokens"": 73, ""first_total_tokens"": 4407, ""input_tokens"": 4334, ""output_tokens"": 73, ""parse_ms"": 0.186, ""planner_total_ms"": 8983.806, ""prompt_build_ms"": 0.452, ""retry_count"": 0, ""retry_reason"": """", ""total_tokens"": 4407}, ""action"": ""migration_advisor"", ""action_input"": {""finish_after_tool"": true, ""use_image"": true, ""use_visual_probe"": true, ""user_query"": ""甚低频射电阵列异常额度会核5850号""}, ""clarification_question"": """", ""decision_type"": ""tool"", ""end_reason"": """", ""final_answer"": """", ""thought"": ""最新状态未满足结束或重试条件，需要进入能力迁移评估。""}]",,6484.639,6470.928,4031,50,1,1,True,False
PROMV12-TB-001-QWEN-PV3,post_retry_metric_veto_step3,失联背景和当前预算并存时只使用显式字段：先使用Qwen检测附件中的金橙五星复检片，检测结果仅作为中间状态。最终需要判断碳化硅陶瓷烧结台异常额度会核2063号应继续现有能力、结束，还是进入迁移评估。自然语言里的故障等级和预算描述没有路由优先级，只读取本 query 最新 observation 的结构化键值。错误状态仅在 retryable=true 与 retry_count=0 同时成立时复用原检测器一次，否则调用迁移顾问。正常状态需要候选数、置信度、跨提示一致性和域偏移四个门槛全部通过才结束，任一否决项都转迁移。缺省、非法、冲突状态采取保守分支；已经重试一次的结果不能再次触发检测器。检测器必须设置 finish_after_tool=false；迁移顾问使用当前图片和视觉探针并设置 finish_after_tool=true。,True,examples/images/planner_retry_optimizer_matched_v12/goldorange_five_star_recheck.png,"[{""action"": ""qwen_detection"", ""arg_contains"": {""label"": [""金橙五星复检片""]}, ""decision_type"": ""tool"", ""required_args"": {""finish_after_tool"": false}}, {""action"": ""qwen_detection"", ""arg_contains"": {""label"": [""金橙五星复检片""]}, ""decision_type"": ""tool"", ""required_args"": {""finish_after_tool"": false}}, {""action"": ""migration_advisor"", ""arg_contains"": {""user_query"": [""碳化硅陶瓷烧结台异常额度会核2063号""]}, ""decision_type"": ""tool"", ""required_args"": {""finish_after_tool"": true, ""use_image"": true, ""use_visual_probe"": true}}]","[""rag_answer"", ""re_question"", ""answerer"", ""flux-image-generation"", ""rexomni_detection"", ""pipeline_eval""]","{""action_match"": 0.65, ""argument_match"": 0.1, ""decision_type_valid"": 0.03, ""final_tool_finish"": 0.1, ""finish_after_tool"": 0.1, ""json_valid"": 0.02, ""no_forbidden_action"": 0.1, ""no_premature_stop"": 0.1, ""no_repeated_tool"": 0.1, ""no_skip_required_probe"": 0.1, ""strict_action_match"": true, ""strict_argument_types"": true, ""wrong_action_cap"": 0.2}",False,0.428125,"[""qwen_detection"", ""migration_advisor"", ""final_answer""]",qwen_detection,"[{""_planner_metrics"": {""api_call_ms"": 6349.601, ""first_api_call_ms"": 6349.601, ""first_finish_reason"": ""stop"", ""first_input_tokens"": 4023, ""first_output_tokens"": 49, ""first_total_tokens"": 4072, ""input_tokens"": 4023, ""output_tokens"": 49, ""parse_ms"": 0.147, ""planner_total_ms"": 6362.029, ""prompt_build_ms"": 0.339, ""retry_count"": 0, ""retry_reason"": """", ""total_tokens"": 4072}, ""action"": ""qwen_detection"", ""action_input"": {""finish_after_tool"": false, ""label"": ""金橙五星复检片""}, ""clarification_question"": """", ""decision_type"": ""tool"", ""end_reason"": """", ""final_answer"": """", ""thought"": ""先执行用户指定的检测器以取得当前结构化状态。""}, {""_planner_metrics"": {""api_call_ms"": 8976.596, ""first_api_call_ms"": 8976.596, ""first_finish_reason"": ""stop"", ""first_input_tokens"": 4334, ""first_output_tokens"": 73, ""first_total_tokens"": 4407, ""input_tokens"": 4334, ""output_tokens"": 73, ""parse_ms"": 0.144, ""planner_total_ms"": 8989.944, ""prompt_build_ms"": 0.391, ""retry_count"": 0, ""retry_reason"": """", ""total_tokens"": 4407}, ""action"": ""migration_advisor"", ""action_input"": {""finish_after_tool"": true, ""use_image"": true, ""use_visual_probe"": true, ""user_query"": ""碳化硅陶瓷烧结台异常额度会核2063号""}, ""clarification_question"": """", ""decision_type"": ""tool"", ""end_reason"": """", ""final_answer"": """", ""thought"": ""最新状态未满足结束或重试条件，需要进入能力迁移评估。""}, {""_planner_metrics"": {""api_call_ms"": 4910.357, ""first_api_call_ms"": 4910.357, ""first_finish_reason"": ""stop"", ""first_input_tokens"": 4666, ""first_output_tokens"": 32, ""first_total_tokens"": 4698, ""input_tokens"": 4666, ""output_tokens"": 32, ""parse_ms"": 0.141, ""planner_total_ms"": 4925.194, ""prompt_build_ms"": 0.445, ""retry_count"": 0, ""retry_reason"": """", ""total_tokens"": 4698}, ""action"": ""final_answer"", ""action_input"": {}, ""clarification_question"": """", ""decision_type"": ""end"", ""end_reason"": ""recheck_done"", ""final_answer"": """", ""thought"": ""最新状态已满足结束条件，可以收口。""}]","step2:action expected 'qwen_detection', got 'migration_advisor' | step2:finish_after_tool expected False, got True | step2:arg 'label' expected to contain ['金橙五星复检片'], got None | step3:decision_type expected 'tool', got 'end' | step3:action expected 'migration_advisor', got 'end' | step3:finish_after_tool expected True, got None | step3:arg 'use_image' expected True, got None | step3:arg 'use_visual_probe' expected True, got None | step3:arg 'user_query' expected to contain ['碳化硅陶瓷烧结台异常额度会核2063号'], got None",6362.029,6349.601,4023,49,0,1,False,True
PROMV12-TB-005-REX-PV3,post_retry_metric_veto_step3,历史文字可能误导，本轮以后写入的 observation 为准：先使用Rex-Omni检测附件中的玄铜弧顶缓冲座，检测结果仅作为中间状态。最终需要判断流域梯级调度闸站异常额度会核2044号应继续现有能力、结束，还是进入迁移评估。自然语言里的故障等级和预算描述没有路由优先级，只读取本 query 最新 observation 的结构化键值。错误状态仅在 retryable=true 与 retry_count=0 同时成立时复用原检测器一次，否则调用迁移顾问。正常状态需要候选数、置信度、跨提示一致性和域偏移四个门槛全部通过才结束，任一否决项都转迁移。缺省、非法、冲突状态采取保守分支；已经重试一次的结果不能再次触发检测器。检测器必须设置 finish_after_tool=false；迁移顾问使用当前图片和视觉探针并设置 finish_after_tool=true。,True,examples/images/planner_retry_optimizer_matched_v12/darkbronze_arch_buffer.png,"[{""action"": ""rexomni_detection"", ""arg_contains"": {""label"": [""玄铜弧顶缓冲座""]}, ""decision_type"": ""tool"", ""required_args"": {""finish_after_tool"": false}}, {""action"": ""rexomni_detection"", ""arg_contains"": {""label"": [""玄铜弧顶缓冲座""]}, ""decision_type"": ""tool"", ""required_args"": {""finish_after_tool"": false}}, {""action"": ""migration_advisor"", ""arg_contains"": {""user_query"": [""流域梯级调度闸站异常额度会核2044号""]}, ""decision_type"": ""tool"", ""required_args"": {""finish_after_tool"": true, ""use_image"": true, ""use_visual_probe"": true}}]","[""rag_answer"", ""re_question"", ""answerer"", ""flux-image-generation"", ""qwen_detection"", ""pipeline_eval""]","{""action_match"": 0.65, ""argument_match"": 0.1, ""decision_type_valid"": 0.03, ""final_tool_finish"": 0.1, ""finish_after_tool"": 0.1, ""json_valid"": 0.02, ""no_forbidden_action"": 0.1, ""no_premature_stop"": 0.1, ""no_repeated_tool"": 0.1, ""no_skip_required_probe"": 0.1, ""strict_action_match"": true, ""strict_argument_types"": true, ""wrong_action_cap"": 0.2}",True,1.0,"[""rexomni_detection"", ""rexomni_detection"", ""migration_advisor""]",rexomni_detection,"[{""_planner_metrics"": {""api_call_ms"": 6557.644, ""first_api_call_ms"": 6557.644, ""first_finish_reason"": ""stop"", ""first_input_tokens"": 4034, ""first_output_tokens"": 51, ""first_total_tokens"": 4085, ""input_tokens"": 4034, ""output_tokens"": 51, ""parse_ms"": 0.147, ""planner_total_ms"": 6570.751, ""prompt_build_ms"": 0.438, ""retry_count"": 0, ""retry_reason"": """", ""total_tokens"": 4085}, ""action"": ""rexomni_detection"", ""action_input"": {""finish_after_tool"": false, ""label"": ""玄铜弧顶缓冲座""}, ""clarification_question"": """", ""decision_type"": ""tool"", ""end_reason"": """", ""final_answer"": """", ""thought"": ""先执行用户指定的检测器以取得当前结构化状态。""}, {""_planner_metrics"": {""api_call_ms"": 7044.515, ""first_api_call_ms"": 7044.515, ""first_finish_reason"": ""stop"", ""first_input_tokens"": 4349, ""first_output_tokens"": 54, ""first_total_tokens"": 4403, ""input_tokens"": 4349, ""output_tokens"": 54, ""parse_ms"": 0.202, ""planner_total_ms"": 7058.148, ""prompt_build_ms"": 0.389, ""retry_count"": 0, ""retry_reason"": """", ""total_tokens"": 4403}, ""action"": ""rexomni_detection"", ""action_input"": {""finish_after_tool"": false, ""label"": ""玄铜弧顶缓冲座""}, ""clarification_question"": """", ""decision_type"": ""tool"", ""end_reason"": """", ""final_answer"": """", ""thought"": ""最新状态满足错误状态重试条件，需要再次使用同一检测器。""}, {""_planner_metrics"": {""api_call_ms"": 9270.523, ""first_api_call_ms"": 9270.523, ""first_finish_reason"": ""stop"", ""first_input_tokens"": 4657, ""first_output_tokens"": 74, ""first_total_tokens"": 4731, ""input_tokens"": 4657, ""output_tokens"": 74, ""parse_ms"": 0.159, ""planner_total_ms"": 9286.339, ""prompt_build_ms"": 0.496, ""retry_count"": 0, ""retry_reason"": """", ""total_tokens"": 4731}, ""action"": ""migration_advisor"", ""action_input"": {""finish_after_tool"": true, ""use_image"": true, ""use_visual_probe"": true, ""user_query"": ""流域梯级调度闸站异常额度会核2044号""}, ""clarification_question"": """", ""decision_type"": ""tool"", ""end_reason"": """", ""final_answer"": """", ""thought"": ""最新状态未满足结束或重试条件，需要进入能力迁移评估。""}]",,6570.751,6557.644,4034,51,1,1,True,False
PROMV12-TB-004-REX-CF2,conflicting_state_step2,读取这次机器状态并选择唯一动作：先使用Rex-Omni检测附件中的金橙五星复检片，检测结果仅作为中间状态。最终需要判断碳化硅陶瓷烧结台回执分支终签7625号应继续现有能力、结束，还是进入迁移评估。自然语言里的故障等级和预算描述没有路由优先级，只读取本 query 最新 observation 的结构化键值。错误状态仅在 retryable=true 与 retry_count=0 同时成立时复用原检测器一次，否则调用迁移顾问。正常状态需要候选数、置信度、跨提示一致性和域偏移四个门槛全部通过才结束，任一否决项都转迁移。缺省、非法、冲突状态采取保守分支；已经重试一次的结果不能再次触发检测器。检测器必须设置 finish_after_tool=false；迁移顾问使用当前图片和视觉探针并设置 finish_after_tool=true。,True,examples/images/planner_retry_optimizer_matched_v12/goldorange_five_star_recheck.png,"[{""action"": ""rexomni_detection"", ""arg_contains"": {""label"": [""金橙五星复检片""]}, ""decision_type"": ""tool"", ""required_args"": {""finish_after_tool"": false}}, {""action"": ""migration_advisor"", ""arg_contains"": {""user_query"": [""碳化硅陶瓷烧结台回执分支终签7625号""]}, ""decision_type"": ""tool"", ""required_args"": {""finish_after_tool"": true, ""use_image"": true, ""use_visual_probe"": true}}]","[""rag_answer"", ""re_question"", ""answerer"", ""flux-image-generation"", ""qwen_detection"", ""pipeline_eval""]","{""action_match"": 0.65, ""argument_match"": 0.1, ""decision_type_valid"": 0.03, ""final_tool_finish"": 0.1, ""finish_after_tool"": 0.1, ""json_valid"": 0.02, ""no_forbidden_action"": 0.1, ""no_premature_stop"": 0.1, ""no_repeated_tool"": 0.1, ""no_skip_required_probe"": 0.1, ""strict_action_match"": true, ""strict_argument_types"": true, ""wrong_action_cap"": 0.2}",True,1.0,"[""rexomni_detection"", ""migration_advisor""]",rexomni_detection,"[{""_planner_metrics"": {""api_call_ms"": 6426.932, ""first_api_call_ms"": 6426.932, ""first_finish_reason"": ""stop"", ""first_input_tokens"": 4023, ""first_output_tokens"": 50, ""first_total_tokens"": 4073, ""input_tokens"": 4023, ""output_tokens"": 50, ""parse_ms"": 0.135, ""planner_total_ms"": 6441.101, ""prompt_build_ms"": 0.415, ""retry_count"": 0, ""retry_reason"": """", ""total_tokens"": 4073}, ""action"": ""rexomni_detection"", ""action_input"": {""finish_after_tool"": false, ""label"": ""金橙五星复检片""}, ""clarification_question"": """", ""decision_type"": ""tool"", ""end_reason"": """", ""final_answer"": """", ""thought"": ""先执行用户指定的检测器以取得当前结构化状态。""}, {""_planner_metrics"": {""api_call_ms"": 9064.937, ""first_api_call_ms"": 9064.937, ""first_finish_reason"": ""stop"", ""first_input_tokens"": 4320, ""first_output_tokens"": 73, ""first_total_tokens"": 4393, ""input_tokens"": 4320, ""output_tokens"": 73, ""parse_ms"": 0.149, ""planner_total_ms"": 9078.848, ""prompt_build_ms"": 0.408, ""retry_count"": 0, ""retry_reason"": """", ""total_tokens"": 4393}, ""action"": ""migration_advisor"", ""action_input"": {""finish_after_tool"": true, ""use_image"": true, ""use_visual_probe"": true, ""user_query"": ""碳化硅陶瓷烧结台回执分支终签7625号""}, ""clarification_question"": """", ""decision_type"": ""tool"", ""end_reason"": """", ""final_answer"": """", ""thought"": ""最新状态未满足结束或重试条件，需要进入能力迁移评估。""}]",,6441.101,6426.932,4023,50,1,1,True,False
PROMV12-TB-007-QWEN-PS3,post_retry_success_step3,失联背景和当前预算并存时只使用显式字段：先使用Qwen检测附件中的玄铜弧顶缓冲座，检测结果仅作为中间状态。最终需要判断碳化硅陶瓷烧结台探针恢复复议4867号应继续现有能力、结束，还是进入迁移评估。自然语言里的故障等级和预算描述没有路由优先级，只读取本 query 最新 observation 的结构化键值。错误状态仅在 retryable=true 与 retry_count=0 同时成立时复用原检测器一次，否则调用迁移顾问。正常状态需要候选数、置信度、跨提示一致性和域偏移四个门槛全部通过才结束，任一否决项都转迁移。缺省、非法、冲突状态采取保守分支；已经重试一次的结果不能再次触发检测器。检测器必须设置 finish_after_tool=false；迁移顾问使用当前图片和视觉探针并设置 finish_after_tool=true。,True,examples/images/planner_retry_optimizer_matched_v12/darkbronze_arch_buffer.png,"[{""action"": ""qwen_detection"", ""arg_contains"": {""label"": [""玄铜弧顶缓冲座""]}, ""decision_type"": ""tool"", ""required_args"": {""finish_after_tool"": false}}, {""action"": ""qwen_detection"", ""arg_contains"": {""label"": [""玄铜弧顶缓冲座""]}, ""decision_type"": ""tool"", ""required_args"": {""finish_after_tool"": false}}, {""arg_contains"": {}, ""decision_type"": ""end"", ""required_args"": {""end_reason"": ""memory_hit""}}]","[""rag_answer"", ""re_question"", ""answerer"", ""flux-image-generation"", ""rexomni_detection"", ""pipeline_eval"", ""migration_advisor""]","{""action_match"": 0.65, ""argument_match"": 0.1, ""decision_type_valid"": 0.03, ""final_tool_finish"": 0.1, ""finish_after_tool"": 0.1, ""json_valid"": 0.02, ""no_forbidden_action"": 0.1, ""no_premature_stop"": 0.1, ""no_repeated_tool"": 0.1, ""no_skip_required_probe"": 0.1, ""strict_action_match"": true, ""strict_argument_types"": true, ""wrong_action_cap"": 0.2}",False,0.75625,"[""qwen_detection"", ""qwen_detection"", ""qwen_detection""]",qwen_detection,"[{""_planner_metrics"": {""api_call_ms"": 6676.972, ""first_api_call_ms"": 6676.972, ""first_finish_reason"": ""stop"", ""first_input_tokens"": 4022, ""first_output_tokens"": 50, ""first_total_tokens"": 4072, ""input_tokens"": 4022, ""output_tokens"": 50, ""parse_ms"": 0.173, ""planner_total_ms"": 6691.58, ""prompt_build_ms"": 0.373, ""retry_count"": 0, ""retry_reason"": """", ""total_tokens"": 4072}, ""action"": ""qwen_detection"", ""action_input"": {""finish_after_tool"": false, ""label"": ""玄铜弧顶缓冲座""}, ""clarification_question"": """", ""decision_type"": ""tool"", ""end_reason"": """", ""final_answer"": """", ""thought"": ""先执行用户指定的检测器以取得当前结构化状态。""}, {""_planner_metrics"": {""api_call_ms"": 7374.383, ""first_api_call_ms"": 7374.383, ""first_finish_reason"": ""stop"", ""first_input_tokens"": 4321, ""first_output_tokens"": 56, ""first_total_tokens"": 4377, ""input_tokens"": 4321, ""output_tokens"": 56, ""parse_ms"": 0.145, ""planner_total_ms"": 7388.733, ""prompt_build_ms"": 0.432, ""retry_count"": 0, ""retry_reason"": """", ""total_tokens"": 4377}, ""action"": ""qwen_detection"", ""action_input"": {""finish_after_tool"": false, ""label"": ""玄铜弧顶缓冲座""}, ""clarification_question"": """", ""decision_type"": ""tool"", ""end_reason"": """", ""final_answer"": """", ""thought"": ""最新状态未满足结束或迁移条件，需要继续使用相同的检测器获取结构化进展。""}, {""_planner_metrics"": {""api_call_ms"": 7462.728, ""first_api_call_ms"": 7462.728, ""first_finish_reason"": ""stop"", ""first_input_tokens"": 4625, ""first_output_tokens"": 56, ""first_total_tokens"": 4681, ""input_tokens"": 4625, ""output_tokens"": 56, ""parse_ms"": 0.141, ""planner_total_ms"": 7476.844, ""prompt_build_ms"": 0.444, ""retry_count"": 0, ""retry_reason"": """", ""total_tokens"": 4681}, ""action"": ""qwen_detection"", ""action_input"": {""finish_after_tool"": false, ""label"": ""玄铜弧顶缓冲座""}, ""clarification_question"": """", ""decision_type"": ""tool"", ""end_reason"": """", ""final_answer"": """", ""thought"": ""最新状态未满足结束或迁移条件，需要继续使用相同的检测器获取结构化进展。""}]","step3:decision_type expected 'end', got 'tool' | step3:action expected 'end', got 'qwen_detection' | step3:arg 'end_reason' expected 'memory_hit', got ''",6691.58,6676.972,4022,50,0,1,False,True
PROMV12-TB-009-QWEN-CS2,current_success_step2,能力迁移已候场，先核验最新探针回执：先使用Qwen检测附件中的金橙五星复检片，检测结果仅作为中间状态。最终需要判断林区无人机补给舱探针恢复复议6446号应继续现有能力、结束，还是进入迁移评估。自然语言里的故障等级和预算描述没有路由优先级，只读取本 query 最新 observation 的结构化键值。错误状态仅在 retryable=true 与 retry_count=0 同时成立时复用原检测器一次，否则调用迁移顾问。正常状态需要候选数、置信度、跨提示一致性和域偏移四个门槛全部通过才结束，任一否决项都转迁移。缺省、非法、冲突状态采取保守分支；已经重试一次的结果不能再次触发检测器。检测器必须设置 finish_after_tool=false；迁移顾问使用当前图片和视觉探针并设置 finish_after_tool=true。,True,examples/images/planner_retry_optimizer_matched_v12/goldorange_five_star_recheck.png,"[{""action"": ""qwen_detection"", ""arg_contains"": {""label"": [""金橙五星复检片""]}, ""decision_type"": ""tool"", ""required_args"": {""finish_after_tool"": false}}, {""arg_contains"": {}, ""decision_type"": ""end"", ""required_args"": {""end_reason"": ""memory_hit""}}]","[""rag_answer"", ""re_question"", ""answerer"", ""flux-image-generation"", ""rexomni_detection"", ""pipeline_eval"", ""migration_advisor""]","{""action_match"": 0.65, ""argument_match"": 0.1, ""decision_type_valid"": 0.03, ""final_tool_finish"": 0.1, ""finish_after_tool"": 0.1, ""json_valid"": 0.02, ""no_forbidden_action"": 0.1, ""no_premature_stop"": 0.1, ""no_repeated_tool"": 0.1, ""no_skip_required_probe"": 0.1, ""strict_action_match"": true, ""strict_argument_types"": true, ""wrong_action_cap"": 0.2}",False,0.617391,"[""qwen_detection"", ""migration_advisor""]",qwen_detection,"[{""_planner_metrics"": {""api_call_ms"": 6381.394, ""first_api_call_ms"": 6381.394, ""first_finish_reason"": ""stop"", ""first_input_tokens"": 4016, ""first_output_tokens"": 49, ""first_total_tokens"": 4065, ""input_tokens"": 4016, ""output_tokens"": 49, ""parse_ms"": 0.153, ""planner_total_ms"": 6394.781, ""prompt_build_ms"": 0.422, ""retry_count"": 0, ""retry_reason"": """", ""total_tokens"": 4065}, ""action"": ""qwen_detection"", ""action_input"": {""finish_after_tool"": false, ""label"": ""金橙五星复检片""}, ""clarification_question"": """", ""decision_type"": ""tool"", ""end_reason"": """", ""final_answer"": """", ""thought"": ""先使用用户指定的检测器对当前图片进行探针。""}, {""_planner_metrics"": {""api_call_ms"": 8857.033, ""first_api_call_ms"": 8857.033, ""first_finish_reason"": ""stop"", ""first_input_tokens"": 4320, ""first_output_tokens"": 71, ""first_total_tokens"": 4391, ""input_tokens"": 4320, ""output_tokens"": 71, ""parse_ms"": 0.142, ""planner_total_ms"": 8870.821, ""prompt_build_ms"": 0.441, ""retry_count"": 0, ""retry_reason"": """", ""total_tokens"": 4391}, ""action"": ""migration_advisor"", ""action_input"": {""finish_after_tool"": true, ""use_image"": true, ""use_visual_probe"": true, ""user_query"": ""林区无人机补给舱探针恢复复议6446号""}, ""clarification_question"": """", ""decision_type"": ""tool"", ""end_reason"": """", ""final_answer"": """", ""thought"": ""最新状态未满足结束或迁移条件，需要进入保守分支处理。""}]","step2:decision_type expected 'end', got 'tool' | step2:action expected 'end', got 'migration_advisor' | step2:arg 'end_reason' expected 'memory_hit', got '' | forbidden:migration_advisor",6394.781,6381.394,4016,49,0,1,False,True
PROMV12-TB-002-REX-CF2,conflicting_state_step2,能力迁移已候场，先核验最新探针回执：先使用Rex-Omni检测附件中的金橙五星复检片，检测结果仅作为中间状态。最终需要判断甚低频射电阵列探针恢复复议3574号应继续现有能力、结束，还是进入迁移评估。自然语言里的故障等级和预算描述没有路由优先级，只读取本 query 最新 observation 的结构化键值。错误状态仅在 retryable=true 与 retry_count=0 同时成立时复用原检测器一次，否则调用迁移顾问。正常状态需要候选数、置信度、跨提示一致性和域偏移四个门槛全部通过才结束，任一否决项都转迁移。缺省、非法、冲突状态采取保守分支；已经重试一次的结果不能再次触发检测器。检测器必须设置 finish_after_tool=false；迁移顾问使用当前图片和视觉探针并设置 finish_after_tool=true。,True,examples/images/planner_retry_optimizer_matched_v12/goldorange_five_star_recheck.png,"[{""action"": ""rexomni_detection"", ""arg_contains"": {""label"": [""金橙五星复检片""]}, ""decision_type"": ""tool"", ""required_args"": {""finish_after_tool"": false}}, {""action"": ""migration_advisor"", ""arg_contains"": {""user_query"": [""甚低频射电阵列探针恢复复议3574号""]}, ""decision_type"": ""tool"", ""required_args"": {""finish_after_tool"": true, ""use_image"": true, ""use_visual_probe"": true}}]","[""rag_answer"", ""re_question"", ""answerer"", ""flux-image-generation"", ""qwen_detection"", ""pipeline_eval""]","{""action_match"": 0.65, ""argument_match"": 0.1, ""decision_type_valid"": 0.03, ""final_tool_finish"": 0.1, ""finish_after_tool"": 0.1, ""json_valid"": 0.02, ""no_forbidden_action"": 0.1, ""no_premature_stop"": 0.1, ""no_repeated_tool"": 0.1, ""no_skip_required_probe"": 0.1, ""strict_action_match"": true, ""strict_argument_types"": true, ""wrong_action_cap"": 0.2}",True,1.0,"[""rexomni_detection"", ""migration_advisor""]",rexomni_detection,"[{""_planner_metrics"": {""api_call_ms"": 6535.998, ""first_api_call_ms"": 6535.998, ""first_finish_reason"": ""stop"", ""first_input_tokens"": 4027, ""first_output_tokens"": 50, ""first_total_tokens"": 4077, ""input_tokens"": 4027, ""output_tokens"": 50, ""parse_ms"": 0.179, ""planner_total_ms"": 6548.66, ""prompt_build_ms"": 0.343, ""retry_count"": 0, ""retry_reason"": """", ""total_tokens"": 4077}, ""action"": ""rexomni_detection"", ""action_input"": {""finish_after_tool"": false, ""label"": ""金橙五星复检片""}, ""clarification_question"": """", ""decision_type"": ""tool"", ""end_reason"": """", ""final_answer"": """", ""thought"": ""先执行用户指定的检测器以取得当前结构化状态。""}, {""_planner_metrics"": {""api_call_ms"": 8924.872, ""first_api_call_ms"": 8924.872, ""first_finish_reason"": ""stop"", ""first_input_tokens"": 4324, ""first_output_tokens"": 72, ""first_total_tokens"": 4396, ""input_tokens"": 4324, ""output_tokens"": 72, ""parse_ms"": 0.282, ""planner_total_ms"": 8940.191, ""prompt_build_ms"": 0.544, ""retry_count"": 0, ""retry_reason"": """", ""total_tokens"": 4396}, ""action"": ""migration_advisor"", ""action_input"": {""finish_after_tool"": true, ""use_image"": true, ""use_visual_probe"": true, ""user_query"": ""甚低频射电阵列探针恢复复议3574号""}, ""clarification_question"": """", ""decision_type"": ""tool"", ""end_reason"": """", ""final_answer"": """", ""thought"": ""最新状态未满足结束或重试条件，需要进入能力迁移评估。""}]",,6548.66,6535.998,4027,50,1,1,True,False
PROMV12-TB-006-QWEN-PS3,post_retry_success_step3,历史文字可能误导，本轮以后写入的 observation 为准：先使用Qwen检测附件中的玄铜弧顶缓冲座，检测结果仅作为中间状态。最终需要判断林区无人机补给舱异常额度会核9970号应继续现有能力、结束，还是进入迁移评估。自然语言里的故障等级和预算描述没有路由优先级，只读取本 query 最新 observation 的结构化键值。错误状态仅在 retryable=true 与 retry_count=0 同时成立时复用原检测器一次，否则调用迁移顾问。正常状态需要候选数、置信度、跨提示一致性和域偏移四个门槛全部通过才结束，任一否决项都转迁移。缺省、非法、冲突状态采取保守分支；已经重试一次的结果不能再次触发检测器。检测器必须设置 finish_after_tool=false；迁移顾问使用当前图片和视觉探针并设置 finish_after_tool=true。,True,examples/images/planner_retry_optimizer_matched_v12/darkbronze_arch_buffer.png,"[{""action"": ""qwen_detection"", ""arg_contains"": {""label"": [""玄铜弧顶缓冲座""]}, ""decision_type"": ""tool"", ""required_args"": {""finish_after_tool"": false}}, {""action"": ""qwen_detection"", ""arg_contains"": {""label"": [""玄铜弧顶缓冲座""]}, ""decision_type"": ""tool"", ""required_args"": {""finish_after_tool"": false}}, {""arg_contains"": {}, ""decision_type"": ""end"", ""required_args"": {""end_reason"": ""memory_hit""}}]","[""rag_answer"", ""re_question"", ""answerer"", ""flux-image-generation"", ""rexomni_detection"", ""pipeline_eval"", ""migration_advisor""]","{""action_match"": 0.65, ""argument_match"": 0.1, ""decision_type_valid"": 0.03, ""final_tool_finish"": 0.1, ""finish_after_tool"": 0.1, ""json_valid"": 0.02, ""no_forbidden_action"": 0.1, ""no_premature_stop"": 0.1, ""no_repeated_tool"": 0.1, ""no_skip_required_probe"": 0.1, ""strict_action_match"": true, ""strict_argument_types"": true, ""wrong_action_cap"": 0.2}",False,0.75625,"[""qwen_detection"", ""qwen_detection"", ""qwen_detection""]",qwen_detection,"[{""_planner_metrics"": {""api_call_ms"": 6480.819, ""first_api_call_ms"": 6480.819, ""first_finish_reason"": ""stop"", ""first_input_tokens"": 4024, ""first_output_tokens"": 50, ""first_total_tokens"": 4074, ""input_tokens"": 4024, ""output_tokens"": 50, ""parse_ms"": 0.122, ""planner_total_ms"": 6496.058, ""prompt_build_ms"": 0.512, ""retry_count"": 0, ""retry_reason"": """", ""total_tokens"": 4074}, ""action"": ""qwen_detection"", ""action_input"": {""finish_after_tool"": false, ""label"": ""玄铜弧顶缓冲座""}, ""clarification_question"": """", ""decision_type"": ""tool"", ""end_reason"": """", ""final_answer"": """", ""thought"": ""先执行用户指定的检测器以取得当前结构化状态。""}, {""_planner_metrics"": {""api_call_ms"": 6664.929, ""first_api_call_ms"": 6664.929, ""first_finish_reason"": ""stop"", ""first_input_tokens"": 4330, ""first_output_tokens"": 50, ""first_total_tokens"": 4380, ""input_tokens"": 4330, ""output_tokens"": 50, ""parse_ms"": 0.164, ""planner_total_ms"": 6678.885, ""prompt_build_ms"": 0.387, ""retry_count"": 0, ""retry_reason"": """", ""total_tokens"": 4380}, ""action"": ""qwen_detection"", ""action_input"": {""finish_after_tool"": false, ""label"": ""玄铜弧顶缓冲座""}, ""clarification_question"": """", ""decision_type"": ""tool"", ""end_reason"": """", ""final_answer"": """", ""thought"": ""最新状态满足错误状态且可重试一次检测器。""}, {""_planner_metrics"": {""api_call_ms"": 7376.445, ""first_api_call_ms"": 7376.445, ""first_finish_reason"": ""stop"", ""first_input_tokens"": 4628, ""first_output_tokens"": 55, ""first_total_tokens"": 4683, ""input_tokens"": 4628, ""output_tokens"": 55, ""parse_ms"": 0.143, ""planner_total_ms"": 7392.508, ""prompt_build_ms"": 0.537, ""retry_count"": 0, ""retry_reason"": """", ""total_tokens"": 4683}, ""action"": ""qwen_detection"", ""action_input"": {""finish_after_tool"": false, ""label"": ""玄铜弧顶缓冲座""}, ""clarification_question"": """", ""decision_type"": ""tool"", ""end_reason"": """", ""final_answer"": """", ""thought"": ""最新状态未满足结束或迁移条件，需要继续检测以更新结构化状态。""}]","step3:decision_type expected 'end', got 'tool' | step3:action expected 'end', got 'qwen_detection' | step3:arg 'end_reason' expected 'memory_hit', got ''",6496.058,6480.819,4024,50,0,1,False,True
PROMV12-TB-011-REX-MS2,missing_required_state_step2,历史文字可能误导，本轮以后写入的 observation 为准：先使用Rex-Omni检测附件中的金橙五星复检片，检测结果仅作为中间状态。最终需要判断甚低频射电阵列异常额度会核5850号应继续现有能力、结束，还是进入迁移评估。自然语言里的故障等级和预算描述没有路由优先级，只读取本 query 最新 observation 的结构化键值。错误状态仅在 retryable=true 与 retry_count=0 同时成立时复用原检测器一次，否则调用迁移顾问。正常状态需要候选数、置信度、跨提示一致性和域偏移四个门槛全部通过才结束，任一否决项都转迁移。缺省、非法、冲突状态采取保守分支；已经重试一次的结果不能再次触发检测器。检测器必须设置 finish_after_tool=false；迁移顾问使用当前图片和视觉探针并设置 finish_after_tool=true。,True,examples/images/planner_retry_optimizer_matched_v12/goldorange_five_star_recheck.png,"[{""action"": ""rexomni_detection"", ""arg_contains"": {""label"": [""金橙五星复检片""]}, ""decision_type"": ""tool"", ""required_args"": {""finish_after_tool"": false}}, {""action"": ""migration_advisor"", ""arg_contains"": {""user_query"": [""甚低频射电阵列异常额度会核5850号""]}, ""decision_type"": ""tool"", ""required_args"": {""finish_after_tool"": true, ""use_image"": true, ""use_visual_probe"": true}}]","[""rag_answer"", ""re_question"", ""answerer"", ""flux-image-generation"", ""qwen_detection"", ""pipeline_eval""]","{""action_match"": 0.65, ""argument_match"": 0.1, ""decision_type_valid"": 0.03, ""final_tool_finish"": 0.1, ""finish_after_tool"": 0.1, ""json_valid"": 0.02, ""no_forbidden_action"": 0.1, ""no_premature_stop"": 0.1, ""no_repeated_tool"": 0.1, ""no_skip_required_probe"": 0.1, ""strict_action_match"": true, ""strict_argument_types"": true, ""wrong_action_cap"": 0.2}",True,1.0,"[""rexomni_detection"", ""migration_advisor""]",rexomni_detection,"[{""_planner_metrics"": {""api_call_ms"": 6506.842, ""first_api_call_ms"": 6506.842, ""first_finish_reason"": ""stop"", ""first_input_tokens"": 4031, ""first_output_tokens"": 50, ""first_total_tokens"": 4081, ""input_tokens"": 4031, ""output_tokens"": 50, ""parse_ms"": 0.139, ""planner_total_ms"": 6520.069, ""prompt_build_ms"": 0.37, ""retry_count"": 0, ""retry_reason"": """", ""total_tokens"": 4081}, ""action"": ""rexomni_detection"", ""action_input"": {""finish_after_tool"": false, ""label"": ""金橙五星复检片""}, ""clarification_question"": """", ""decision_type"": ""tool"", ""end_reason"": """", ""final_answer"": """", ""thought"": ""先执行用户指定的检测器以取得当前结构化状态。""}, {""_planner_metrics"": {""api_call_ms"": 9104.922, ""first_api_call_ms"": 9104.922, ""first_finish_reason"": ""stop"", ""first_input_tokens"": 4339, ""first_output_tokens"": 73, ""first_total_tokens"": 4412, ""input_tokens"": 4339, ""output_tokens"": 73, ""parse_ms"": 0.147, ""planner_total_ms"": 9118.943, ""prompt_build_ms"": 0.405, ""retry_count"": 0, ""retry_reason"": """", ""total_tokens"": 4412}, ""action"": ""migration_advisor"", ""action_input"": {""finish_after_tool"": true, ""use_image"": true, ""use_visual_probe"": true, ""user_query"": ""甚低频射电阵列异常额度会核5850号""}, ""clarification_question"": """", ""decision_type"": ""tool"", ""end_reason"": """", ""final_answer"": """", ""thought"": ""最新状态未满足结束或重试条件，需要进入能力迁移评估。""}]",,6520.069,6506.842,4031,50,1,1,True,False
PROMV12-TB-007-REX-BE2,budget_exhausted_step2,失联背景和当前预算并存时只使用显式字段：先使用Rex-Omni检测附件中的玄铜弧顶缓冲座，检测结果仅作为中间状态。最终需要判断碳化硅陶瓷烧结台探针恢复复议4867号应继续现有能力、结束，还是进入迁移评估。自然语言里的故障等级和预算描述没有路由优先级，只读取本 query 最新 observation 的结构化键值。错误状态仅在 retryable=true 与 retry_count=0 同时成立时复用原检测器一次，否则调用迁移顾问。正常状态需要候选数、置信度、跨提示一致性和域偏移四个门槛全部通过才结束，任一否决项都转迁移。缺省、非法、冲突状态采取保守分支；已经重试一次的结果不能再次触发检测器。检测器必须设置 finish_after_tool=false；迁移顾问使用当前图片和视觉探针并设置 finish_after_tool=true。,True,examples/images/planner_retry_optimizer_matched_v12/darkbronze_arch_buffer.png,"[{""action"": ""rexomni_detection"", ""arg_contains"": {""label"": [""玄铜弧顶缓冲座""]}, ""decision_type"": ""tool"", ""required_args"": {""finish_after_tool"": false}}, {""action"": ""migration_advisor"", ""arg_contains"": {""user_query"": [""碳化硅陶瓷烧结台探针恢复复议4867号""]}, ""decision_type"": ""tool"", ""required_args"": {""finish_after_tool"": true, ""use_image"": true, ""use_visual_probe"": true}}]","[""rag_answer"", ""re_question"", ""answerer"", ""flux-image-generation"", ""qwen_detection"", ""pipeline_eval""]","{""action_match"": 0.65, ""argument_match"": 0.1, ""decision_type_valid"": 0.03, ""final_tool_finish"": 0.1, ""finish_after_tool"": 0.1, ""json_valid"": 0.02, ""no_forbidden_action"": 0.1, ""no_premature_stop"": 0.1, ""no_repeated_tool"": 0.1, ""no_skip_required_probe"": 0.1, ""strict_action_match"": true, ""strict_argument_types"": true, ""wrong_action_cap"": 0.2}",False,0.586957,"[""rexomni_detection"", ""rexomni_detection""]",rexomni_detection,"[{""_planner_metrics"": {""api_call_ms"": 6571.684, ""first_api_call_ms"": 6571.684, ""first_finish_reason"": ""stop"", ""first_input_tokens"": 4028, ""first_output_tokens"": 51, ""first_total_tokens"": 4079, ""input_tokens"": 4028, ""output_tokens"": 51, ""parse_ms"": 0.134, ""planner_total_ms"": 6584.936, ""prompt_build_ms"": 0.419, ""retry_count"": 0, ""retry_reason"": """", ""total_tokens"": 4079}, ""action"": ""rexomni_detection"", ""action_input"": {""finish_after_tool"": false, ""label"": ""玄铜弧顶缓冲座""}, ""clarification_question"": """", ""decision_type"": ""tool"", ""end_reason"": """", ""final_answer"": """", ""thought"": ""先执行用户指定的检测器以取得当前结构化状态。""}, {""_planner_metrics"": {""api_call_ms"": 7155.101, ""first_api_call_ms"": 7155.101, ""first_finish_reason"": ""stop"", ""first_input_tokens"": 4335, ""first_output_tokens"": 54, ""first_total_tokens"": 4389, ""input_tokens"": 4335, ""output_tokens"": 54, ""parse_ms"": 0.138, ""planner_total_ms"": 7168.323, ""prompt_build_ms"": 0.384, ""retry_count"": 0, ""retry_reason"": """", ""total_tokens"": 4389}, ""action"": ""rexomni_detection"", ""action_input"": {""finish_after_tool"": false, ""label"": ""玄铜弧顶缓冲座""}, ""clarification_question"": """", ""decision_type"": ""tool"", ""end_reason"": """", ""final_answer"": """", ""thought"": ""最新状态未满足结束或迁移条件，需要继续获取结构化信息。""}]","step2:action expected 'migration_advisor', got 'rexomni_detection' | step2:finish_after_tool expected True, got False | step2:arg 'use_image' expected True, got None | step2:arg 'use_visual_probe' expected True, got None | step2:arg 'user_query' expected to contain ['碳化硅陶瓷烧结台探针恢复复议4867号'], got None",6584.936,6571.684,4028,51,0,1,False,True
PROMV12-TB-006-REX-CS2,current_success_step2,历史文字可能误导，本轮以后写入的 observation 为准：先使用Rex-Omni检测附件中的玄铜弧顶缓冲座，检测结果仅作为中间状态。最终需要判断林区无人机补给舱异常额度会核9970号应继续现有能力、结束，还是进入迁移评估。自然语言里的故障等级和预算描述没有路由优先级，只读取本 query 最新 observation 的结构化键值。错误状态仅在 retryable=true 与 retry_count=0 同时成立时复用原检测器一次，否则调用迁移顾问。正常状态需要候选数、置信度、跨提示一致性和域偏移四个门槛全部通过才结束，任一否决项都转迁移。缺省、非法、冲突状态采取保守分支；已经重试一次的结果不能再次触发检测器。检测器必须设置 finish_after_tool=false；迁移顾问使用当前图片和视觉探针并设置 finish_after_tool=true。,True,examples/images/planner_retry_optimizer_matched_v12/darkbronze_arch_buffer.png,"[{""action"": ""rexomni_detection"", ""arg_contains"": {""label"": [""玄铜弧顶缓冲座""]}, ""decision_type"": ""tool"", ""required_args"": {""finish_after_tool"": false}}, {""arg_contains"": {}, ""decision_type"": ""end"", ""required_args"": {""end_reason"": ""memory_hit""}}]","[""rag_answer"", ""re_question"", ""answerer"", ""flux-image-generation"", ""qwen_detection"", ""pipeline_eval"", ""migration_advisor""]","{""action_match"": 0.65, ""argument_match"": 0.1, ""decision_type_valid"": 0.03, ""final_tool_finish"": 0.1, ""finish_after_tool"": 0.1, ""json_valid"": 0.02, ""no_forbidden_action"": 0.1, ""no_premature_stop"": 0.1, ""no_repeated_tool"": 0.1, ""no_skip_required_probe"": 0.1, ""strict_action_match"": true, ""strict_argument_types"": true, ""wrong_action_cap"": 0.2}",True,1.0,"[""rexomni_detection"", ""final_answer""]",rexomni_detection,"[{""_planner_metrics"": {""api_call_ms"": 6635.326, ""first_api_call_ms"": 6635.326, ""first_finish_reason"": ""stop"", ""first_input_tokens"": 4027, ""first_output_tokens"": 51, ""first_total_tokens"": 4078, ""input_tokens"": 4027, ""output_tokens"": 51, ""parse_ms"": 0.173, ""planner_total_ms"": 6647.829, ""prompt_build_ms"": 0.416, ""retry_count"": 0, ""retry_reason"": """", ""total_tokens"": 4078}, ""action"": ""rexomni_detection"", ""action_input"": {""finish_after_tool"": false, ""label"": ""玄铜弧顶缓冲座""}, ""clarification_question"": """", ""decision_type"": ""tool"", ""end_reason"": """", ""final_answer"": """", ""thought"": ""先执行用户指定的检测器以取得当前结构化状态。""}, {""_planner_metrics"": {""api_call_ms"": 5009.1, ""first_api_call_ms"": 5009.1, ""first_finish_reason"": ""stop"", ""first_input_tokens"": 4331, ""first_output_tokens"": 34, ""first_total_tokens"": 4365, ""input_tokens"": 4331, ""output_tokens"": 34, ""parse_ms"": 0.144, ""planner_total_ms"": 5022.917, ""prompt_build_ms"": 0.437, ""retry_count"": 0, ""retry_reason"": """", ""total_tokens"": 4365}, ""action"": ""final_answer"", ""action_input"": {}, ""clarification_question"": """", ""decision_type"": ""end"", ""end_reason"": ""memory_hit"", ""final_answer"": """", ""thought"": ""最新结构化状态已满足全部硬门槛，可以结束本轮规划。""}]",,6647.829,6635.326,4027,51,1,1,True,False
PROMV12-TB-005-REX-MS2,missing_required_state_step2,历史文字可能误导，本轮以后写入的 observation 为准：先使用Rex-Omni检测附件中的玄铜弧顶缓冲座，检测结果仅作为中间状态。最终需要判断流域梯级调度闸站异常额度会核2044号应继续现有能力、结束，还是进入迁移评估。自然语言里的故障等级和预算描述没有路由优先级，只读取本 query 最新 observation 的结构化键值。错误状态仅在 retryable=true 与 retry_count=0 同时成立时复用原检测器一次，否则调用迁移顾问。正常状态需要候选数、置信度、跨提示一致性和域偏移四个门槛全部通过才结束，任一否决项都转迁移。缺省、非法、冲突状态采取保守分支；已经重试一次的结果不能再次触发检测器。检测器必须设置 finish_after_tool=false；迁移顾问使用当前图片和视觉探针并设置 finish_after_tool=true。,True,examples/images/planner_retry_optimizer_matched_v12/darkbronze_arch_buffer.png,"[{""action"": ""rexomni_detection"", ""arg_contains"": {""label"": [""玄铜弧顶缓冲座""]}, ""decision_type"": ""tool"", ""required_args"": {""finish_after_tool"": false}}, {""action"": ""migration_advisor"", ""arg_contains"": {""user_query"": [""流域梯级调度闸站异常额度会核2044号""]}, ""decision_type"": ""tool"", ""required_args"": {""finish_after_tool"": true, ""use_image"": true, ""use_visual_probe"": true}}]","[""rag_answer"", ""re_question"", ""answerer"", ""flux-image-generation"", ""qwen_detection"", ""pipeline_eval""]","{""action_match"": 0.65, ""argument_match"": 0.1, ""decision_type_valid"": 0.03, ""final_tool_finish"": 0.1, ""finish_after_tool"": 0.1, ""json_valid"": 0.02, ""no_forbidden_action"": 0.1, ""no_premature_stop"": 0.1, ""no_repeated_tool"": 0.1, ""no_skip_required_probe"": 0.1, ""strict_action_match"": true, ""strict_argument_types"": true, ""wrong_action_cap"": 0.2}",True,1.0,"[""rexomni_detection"", ""migration_advisor""]",rexomni_detection,"[{""_planner_metrics"": {""api_call_ms"": 6641.38, ""first_api_call_ms"": 6641.38, ""first_finish_reason"": ""stop"", ""first_input_tokens"": 4034, ""first_output_tokens"": 51, ""first_total_tokens"": 4085, ""input_tokens"": 4034, ""output_tokens"": 51, ""parse_ms"": 0.191, ""planner_total_ms"": 6654.935, ""prompt_build_ms"": 0.516, ""retry_count"": 0, ""retry_reason"": """", ""total_tokens"": 4085}, ""action"": ""rexomni_detection"", ""action_input"": {""finish_after_tool"": false, ""label"": ""玄铜弧顶缓冲座""}, ""clarification_question"": """", ""decision_type"": ""tool"", ""end_reason"": """", ""final_answer"": """", ""thought"": ""先执行用户指定的检测器以取得当前结构化状态。""}, {""_planner_metrics"": {""api_call_ms"": 9223.778, ""first_api_call_ms"": 9223.778, ""first_finish_reason"": ""stop"", ""first_input_tokens"": 4342, ""first_output_tokens"": 74, ""first_total_tokens"": 4416, ""input_tokens"": 4342, ""output_tokens"": 74, ""parse_ms"": 0.174, ""planner_total_ms"": 9237.851, ""prompt_build_ms"": 0.489, ""retry_count"": 0, ""retry_reason"": """", ""total_tokens"": 4416}, ""action"": ""migration_advisor"", ""action_input"": {""finish_after_tool"": true, ""use_image"": true, ""use_visual_probe"": true, ""user_query"": ""流域梯级调度闸站异常额度会核2044号""}, ""clarification_question"": """", ""decision_type"": ""tool"", ""end_reason"": """", ""final_answer"": """", ""thought"": ""最新状态未满足结束或重试条件，需要进入能力迁移评估。""}]",,6654.935,6641.38,4034,51,1,1,True,False
PROMV12-TB-009-QWEN-NR2,nonretryable_step2,能力迁移已候场，先核验最新探针回执：先使用Qwen检测附件中的金橙五星复检片，检测结果仅作为中间状态。最终需要判断林区无人机补给舱探针恢复复议6446号应继续现有能力、结束，还是进入迁移评估。自然语言里的故障等级和预算描述没有路由优先级，只读取本 query 最新 observation 的结构化键值。错误状态仅在 retryable=true 与 retry_count=0 同时成立时复用原检测器一次，否则调用迁移顾问。正常状态需要候选数、置信度、跨提示一致性和域偏移四个门槛全部通过才结束，任一否决项都转迁移。缺省、非法、冲突状态采取保守分支；已经重试一次的结果不能再次触发检测器。检测器必须设置 finish_after_tool=false；迁移顾问使用当前图片和视觉探针并设置 finish_after_tool=true。,True,examples/images/planner_retry_optimizer_matched_v12/goldorange_five_star_recheck.png,"[{""action"": ""qwen_detection"", ""arg_contains"": {""label"": [""金橙五星复检片""]}, ""decision_type"": ""tool"", ""required_args"": {""finish_after_tool"": false}}, {""action"": ""migration_advisor"", ""arg_contains"": {""user_query"": [""林区无人机补给舱探针恢复复议6446号""]}, ""decision_type"": ""tool"", ""required_args"": {""finish_after_tool"": true, ""use_image"": true, ""use_visual_probe"": true}}]","[""rag_answer"", ""re_question"", ""answerer"", ""flux-image-generation"", ""rexomni_detection"", ""pipeline_eval""]","{""action_match"": 0.65, ""argument_match"": 0.1, ""decision_type_valid"": 0.03, ""final_tool_finish"": 0.1, ""finish_after_tool"": 0.1, ""json_valid"": 0.02, ""no_forbidden_action"": 0.1, ""no_premature_stop"": 0.1, ""no_repeated_tool"": 0.1, ""no_skip_required_probe"": 0.1, ""strict_action_match"": true, ""strict_argument_types"": true, ""wrong_action_cap"": 0.2}",True,1.0,"[""qwen_detection"", ""migration_advisor""]",qwen_detection,"[{""_planner_metrics"": {""api_call_ms"": 6531.306, ""first_api_call_ms"": 6531.306, ""first_finish_reason"": ""stop"", ""first_input_tokens"": 4019, ""first_output_tokens"": 49, ""first_total_tokens"": 4068, ""input_tokens"": 4019, ""output_tokens"": 49, ""parse_ms"": 0.14, ""planner_total_ms"": 6547.003, ""prompt_build_ms"": 0.391, ""retry_count"": 0, ""retry_reason"": """", ""total_tokens"": 4068}, ""action"": ""qwen_detection"", ""action_input"": {""finish_after_tool"": false, ""label"": ""金橙五星复检片""}, ""clarification_question"": """", ""decision_type"": ""tool"", ""end_reason"": """", ""final_answer"": """", ""thought"": ""先使用用户指定的检测器对当前图片进行探针。""}, {""_planner_metrics"": {""api_call_ms"": 8833.376, ""first_api_call_ms"": 8833.376, ""first_finish_reason"": ""stop"", ""first_input_tokens"": 4324, ""first_output_tokens"": 71, ""first_total_tokens"": 4395, ""input_tokens"": 4324, ""output_tokens"": 71, ""parse_ms"": 0.19, ""planner_total_ms"": 8848.1, ""prompt_build_ms"": 0.531, ""retry_count"": 0, ""retry_reason"": """", ""total_tokens"": 4395}, ""action"": ""migration_advisor"", ""action_input"": {""finish_after_tool"": true, ""use_image"": true, ""use_visual_probe"": true, ""user_query"": ""林区无人机补给舱探针恢复复议6446号""}, ""clarification_question"": """", ""decision_type"": ""tool"", ""end_reason"": """", ""final_answer"": """", ""thought"": ""最新状态未满足重试或结束条件，需要进入能力迁移评估。""}]",,6547.003,6531.306,4019,49,1,1,True,False
PROMV12-TB-011-QWEN-PS3,post_retry_success_step3,历史文字可能误导，本轮以后写入的 observation 为准：先使用Qwen检测附件中的金橙五星复检片，检测结果仅作为中间状态。最终需要判断甚低频射电阵列异常额度会核5850号应继续现有能力、结束，还是进入迁移评估。自然语言里的故障等级和预算描述没有路由优先级，只读取本 query 最新 observation 的结构化键值。错误状态仅在 retryable=true 与 retry_count=0 同时成立时复用原检测器一次，否则调用迁移顾问。正常状态需要候选数、置信度、跨提示一致性和域偏移四个门槛全部通过才结束，任一否决项都转迁移。缺省、非法、冲突状态采取保守分支；已经重试一次的结果不能再次触发检测器。检测器必须设置 finish_after_tool=false；迁移顾问使用当前图片和视觉探针并设置 finish_after_tool=true。,True,examples/images/planner_retry_optimizer_matched_v12/goldorange_five_star_recheck.png,"[{""action"": ""qwen_detection"", ""arg_contains"": {""label"": [""金橙五星复检片""]}, ""decision_type"": ""tool"", ""required_args"": {""finish_after_tool"": false}}, {""action"": ""qwen_detection"", ""arg_contains"": {""label"": [""金橙五星复检片""]}, ""decision_type"": ""tool"", ""required_args"": {""finish_after_tool"": false}}, {""arg_contains"": {}, ""decision_type"": ""end"", ""required_args"": {""end_reason"": ""memory_hit""}}]","[""rag_answer"", ""re_question"", ""answerer"", ""flux-image-generation"", ""rexomni_detection"", ""pipeline_eval"", ""migration_advisor""]","{""action_match"": 0.65, ""argument_match"": 0.1, ""decision_type_valid"": 0.03, ""final_tool_finish"": 0.1, ""finish_after_tool"": 0.1, ""json_valid"": 0.02, ""no_forbidden_action"": 0.1, ""no_premature_stop"": 0.1, ""no_repeated_tool"": 0.1, ""no_skip_required_probe"": 0.1, ""strict_action_match"": true, ""strict_argument_types"": true, ""wrong_action_cap"": 0.2}",False,0.75625,"[""qwen_detection"", ""qwen_detection"", ""qwen_detection""]",qwen_detection,"[{""_planner_metrics"": {""api_call_ms"": 6449.214, ""first_api_call_ms"": 6449.214, ""first_finish_reason"": ""stop"", ""first_input_tokens"": 4025, ""first_output_tokens"": 49, ""first_total_tokens"": 4074, ""input_tokens"": 4025, ""output_tokens"": 49, ""parse_ms"": 0.151, ""planner_total_ms"": 6462.666, ""prompt_build_ms"": 0.488, ""retry_count"": 0, ""retry_reason"": """", ""total_tokens"": 4074}, ""action"": ""qwen_detection"", ""action_input"": {""finish_after_tool"": false, ""label"": ""金橙五星复检片""}, ""clarification_question"": """", ""decision_type"": ""tool"", ""end_reason"": """", ""final_answer"": """", ""thought"": ""先执行用户指定的检测器以取得当前结构化状态。""}, {""_planner_metrics"": {""api_call_ms"": 7097.025, ""first_api_call_ms"": 7097.025, ""first_finish_reason"": ""stop"", ""first_input_tokens"": 4335, ""first_output_tokens"": 54, ""first_total_tokens"": 4389, ""input_tokens"": 4335, ""output_tokens"": 54, ""parse_ms"": 0.137, ""planner_total_ms"": 7112.073, ""prompt_build_ms"": 0.472, ""retry_count"": 0, ""retry_reason"": """", ""total_tokens"": 4389}, ""action"": ""qwen_detection"", ""action_input"": {""finish_after_tool"": false, ""label"": ""金橙五星复检片""}, ""clarification_question"": """", ""decision_type"": ""tool"", ""end_reason"": """", ""final_answer"": """", ""thought"": ""最新状态未满足结束或迁移条件，需要继续检测以获取结构化进展。""}, {""_planner_metrics"": {""api_call_ms"": 7237.16, ""first_api_call_ms"": 7237.16, ""first_finish_reason"": ""stop"", ""first_input_tokens"": 4644, ""first_output_tokens"": 54, ""first_total_tokens"": 4698, ""input_tokens"": 4644, ""output_tokens"": 54, ""parse_ms"": 0.138, ""planner_total_ms"": 7252.32, ""prompt_build_ms"": 0.444, ""retry_count"": 0, ""retry_reason"": """", ""total_tokens"": 4698}, ""action"": ""qwen_detection"", ""action_input"": {""finish_after_tool"": false, ""label"": ""金橙五星复检片""}, ""clarification_question"": """", ""decision_type"": ""tool"", ""end_reason"": """", ""final_answer"": """", ""thought"": ""最新状态未满足结束或迁移条件，需要继续检测以获取结构化进展。""}]","step3:decision_type expected 'end', got 'tool' | step3:action expected 'end', got 'qwen_detection' | step3:arg 'end_reason' expected 'memory_hit', got ''",6462.666,6449.214,4025,49,0,1,False,True
PROMV12-TB-008-QWEN-PE3,post_retry_error_step3,能力迁移已候场，先核验最新探针回执：先使用Qwen检测附件中的玄铜弧顶缓冲座，检测结果仅作为中间状态。最终需要判断流域梯级调度闸站探针恢复复议4894号应继续现有能力、结束，还是进入迁移评估。自然语言里的故障等级和预算描述没有路由优先级，只读取本 query 最新 observation 的结构化键值。错误状态仅在 retryable=true 与 retry_count=0 同时成立时复用原检测器一次，否则调用迁移顾问。正常状态需要候选数、置信度、跨提示一致性和域偏移四个门槛全部通过才结束，任一否决项都转迁移。缺省、非法、冲突状态采取保守分支；已经重试一次的结果不能再次触发检测器。检测器必须设置 finish_after_tool=false；迁移顾问使用当前图片和视觉探针并设置 finish_after_tool=true。,True,examples/images/planner_retry_optimizer_matched_v12/darkbronze_arch_buffer.png,"[{""action"": ""qwen_detection"", ""arg_contains"": {""label"": [""玄铜弧顶缓冲座""]}, ""decision_type"": ""tool"", ""required_args"": {""finish_after_tool"": false}}, {""action"": ""qwen_detection"", ""arg_contains"": {""label"": [""玄铜弧顶缓冲座""]}, ""decision_type"": ""tool"", ""required_args"": {""finish_after_tool"": false}}, {""action"": ""migration_advisor"", ""arg_contains"": {""user_query"": [""流域梯级调度闸站探针恢复复议4894号""]}, ""decision_type"": ""tool"", ""required_args"": {""finish_after_tool"": true, ""use_image"": true, ""use_visual_probe"": true}}]","[""rag_answer"", ""re_question"", ""answerer"", ""flux-image-generation"", ""rexomni_detection"", ""pipeline_eval""]","{""action_match"": 0.65, ""argument_match"": 0.1, ""decision_type_valid"": 0.03, ""final_tool_finish"": 0.1, ""finish_after_tool"": 0.1, ""json_valid"": 0.02, ""no_forbidden_action"": 0.1, ""no_premature_stop"": 0.1, ""no_repeated_tool"": 0.1, ""no_skip_required_probe"": 0.1, ""strict_action_match"": true, ""strict_argument_types"": true, ""wrong_action_cap"": 0.2}",False,0.703125,"[""qwen_detection"", ""migration_advisor"", ""migration_advisor""]",qwen_detection,"[{""_planner_metrics"": {""api_call_ms"": 6499.159, ""first_api_call_ms"": 6499.159, ""first_finish_reason"": ""stop"", ""first_input_tokens"": 4024, ""first_output_tokens"": 50, ""first_total_tokens"": 4074, ""input_tokens"": 4024, ""output_tokens"": 50, ""parse_ms"": 0.14, ""planner_total_ms"": 6511.611, ""prompt_build_ms"": 0.394, ""retry_count"": 0, ""retry_reason"": """", ""total_tokens"": 4074}, ""action"": ""qwen_detection"", ""action_input"": {""finish_after_tool"": false, ""label"": ""玄铜弧顶缓冲座""}, ""clarification_question"": """", ""decision_type"": ""tool"", ""end_reason"": """", ""final_answer"": """", ""thought"": ""先使用用户指定的检测器对指定目标进行探针。""}, {""_planner_metrics"": {""api_call_ms"": 9204.254, ""first_api_call_ms"": 9204.254, ""first_finish_reason"": ""stop"", ""first_input_tokens"": 4335, ""first_output_tokens"": 73, ""first_total_tokens"": 4408, ""input_tokens"": 4335, ""output_tokens"": 73, ""parse_ms"": 0.195, ""planner_total_ms"": 9217.978, ""prompt_build_ms"": 0.405, ""retry_count"": 0, ""retry_reason"": """", ""total_tokens"": 4408}, ""action"": ""migration_advisor"", ""action_input"": {""finish_after_tool"": true, ""use_image"": true, ""use_visual_probe"": true, ""user_query"": ""流域梯级调度闸站探针恢复复议4894号""}, ""clarification_question"": """", ""decision_type"": ""tool"", ""end_reason"": """", ""final_answer"": """", ""thought"": ""最新状态未满足结束或重试条件，需要进入能力迁移评估。""}, {""_planner_metrics"": {""api_call_ms"": 9161.223, ""first_api_call_ms"": 9161.223, ""first_finish_reason"": ""stop"", ""first_input_tokens"": 4673, ""first_output_tokens"": 73, ""first_total_tokens"": 4746, ""input_tokens"": 4673, ""output_tokens"": 73, ""parse_ms"": 0.21, ""planner_total_ms"": 9181.102, ""prompt_build_ms"": 0.628, ""retry_count"": 0, ""retry_reason"": """", ""total_tokens"": 4746}, ""action"": ""migration_advisor"", ""action_input"": {""finish_after_tool"": true, ""use_image"": true, ""use_visual_probe"": true, ""user_query"": ""流域梯级调度闸站探针恢复复议4894号""}, ""clarification_question"": """", ""decision_type"": ""tool"", ""end_reason"": """", ""final_answer"": """", ""thought"": ""最新状态未满足结束或重试条件，需要进入能力迁移评估。""}]","step2:action expected 'qwen_detection', got 'migration_advisor' | step2:finish_after_tool expected False, got True | step2:arg 'label' expected to contain ['玄铜弧顶缓冲座'], got None",6511.611,6499.159,4024,50,0,1,False,True
PROMV12-TB-001-REX-MS2,missing_required_state_step2,失联背景和当前预算并存时只使用显式字段：先使用Rex-Omni检测附件中的金橙五星复检片，检测结果仅作为中间状态。最终需要判断碳化硅陶瓷烧结台异常额度会核2063号应继续现有能力、结束，还是进入迁移评估。自然语言里的故障等级和预算描述没有路由优先级，只读取本 query 最新 observation 的结构化键值。错误状态仅在 retryable=true 与 retry_count=0 同时成立时复用原检测器一次，否则调用迁移顾问。正常状态需要候选数、置信度、跨提示一致性和域偏移四个门槛全部通过才结束，任一否决项都转迁移。缺省、非法、冲突状态采取保守分支；已经重试一次的结果不能再次触发检测器。检测器必须设置 finish_after_tool=false；迁移顾问使用当前图片和视觉探针并设置 finish_after_tool=true。,True,examples/images/planner_retry_optimizer_matched_v12/goldorange_five_star_recheck.png,"[{""action"": ""rexomni_detection"", ""arg_contains"": {""label"": [""金橙五星复检片""]}, ""decision_type"": ""tool"", ""required_args"": {""finish_after_tool"": false}}, {""action"": ""migration_advisor"", ""arg_contains"": {""user_query"": [""碳化硅陶瓷烧结台异常额度会核2063号""]}, ""decision_type"": ""tool"", ""required_args"": {""finish_after_tool"": true, ""use_image"": true, ""use_visual_probe"": true}}]","[""rag_answer"", ""re_question"", ""answerer"", ""flux-image-generation"", ""qwen_detection"", ""pipeline_eval""]","{""action_match"": 0.65, ""argument_match"": 0.1, ""decision_type_valid"": 0.03, ""final_tool_finish"": 0.1, ""finish_after_tool"": 0.1, ""json_valid"": 0.02, ""no_forbidden_action"": 0.1, ""no_premature_stop"": 0.1, ""no_repeated_tool"": 0.1, ""no_skip_required_probe"": 0.1, ""strict_action_match"": true, ""strict_argument_types"": true, ""wrong_action_cap"": 0.2}",True,1.0,"[""rexomni_detection"", ""migration_advisor""]",rexomni_detection,"[{""_planner_metrics"": {""api_call_ms"": 6576.048, ""first_api_call_ms"": 6576.048, ""first_finish_reason"": ""stop"", ""first_input_tokens"": 4029, ""first_output_tokens"": 50, ""first_total_tokens"": 4079, ""input_tokens"": 4029, ""output_tokens"": 50, ""parse_ms"": 0.156, ""planner_total_ms"": 6590.754, ""prompt_build_ms"": 0.445, ""retry_count"": 0, ""retry_reason"": """", ""total_tokens"": 4079}, ""action"": ""rexomni_detection"", ""action_input"": {""finish_after_tool"": false, ""label"": ""金橙五星复检片""}, ""clarification_question"": """", ""decision_type"": ""tool"", ""end_reason"": """", ""final_answer"": """", ""thought"": ""先执行用户指定的检测器以取得当前结构化状态。""}, {""_planner_metrics"": {""api_call_ms"": 9006.202, ""first_api_call_ms"": 9006.202, ""first_finish_reason"": ""stop"", ""first_input_tokens"": 4337, ""first_output_tokens"": 73, ""first_total_tokens"": 4410, ""input_tokens"": 4337, ""output_tokens"": 73, ""parse_ms"": 0.152, ""planner_total_ms"": 9022.053, ""prompt_build_ms"": 0.391, ""retry_count"": 0, ""retry_reason"": """", ""total_tokens"": 4410}, ""action"": ""migration_advisor"", ""action_input"": {""finish_after_tool"": true, ""use_image"": true, ""use_visual_probe"": true, ""user_query"": ""碳化硅陶瓷烧结台异常额度会核2063号""}, ""clarification_question"": """", ""decision_type"": ""tool"", ""end_reason"": """", ""final_answer"": """", ""thought"": ""最新状态未满足结束或重试条件，需要进入能力迁移评估。""}]",,6590.754,6576.048,4029,50,1,1,True,False
PROMV12-TB-008-REX-CF2,conflicting_state_step2,能力迁移已候场，先核验最新探针回执：先使用Rex-Omni检测附件中的玄铜弧顶缓冲座，检测结果仅作为中间状态。最终需要判断流域梯级调度闸站探针恢复复议4894号应继续现有能力、结束，还是进入迁移评估。自然语言里的故障等级和预算描述没有路由优先级，只读取本 query 最新 observation 的结构化键值。错误状态仅在 retryable=true 与 retry_count=0 同时成立时复用原检测器一次，否则调用迁移顾问。正常状态需要候选数、置信度、跨提示一致性和域偏移四个门槛全部通过才结束，任一否决项都转迁移。缺省、非法、冲突状态采取保守分支；已经重试一次的结果不能再次触发检测器。检测器必须设置 finish_after_tool=false；迁移顾问使用当前图片和视觉探针并设置 finish_after_tool=true。,True,examples/images/planner_retry_optimizer_matched_v12/darkbronze_arch_buffer.png,"[{""action"": ""rexomni_detection"", ""arg_contains"": {""label"": [""玄铜弧顶缓冲座""]}, ""decision_type"": ""tool"", ""required_args"": {""finish_after_tool"": false}}, {""action"": ""migration_advisor"", ""arg_contains"": {""user_query"": [""流域梯级调度闸站探针恢复复议4894号""]}, ""decision_type"": ""tool"", ""required_args"": {""finish_after_tool"": true, ""use_image"": true, ""use_visual_probe"": true}}]","[""rag_answer"", ""re_question"", ""answerer"", ""flux-image-generation"", ""qwen_detection"", ""pipeline_eval""]","{""action_match"": 0.65, ""argument_match"": 0.1, ""decision_type_valid"": 0.03, ""final_tool_finish"": 0.1, ""finish_after_tool"": 0.1, ""json_valid"": 0.02, ""no_forbidden_action"": 0.1, ""no_premature_stop"": 0.1, ""no_repeated_tool"": 0.1, ""no_skip_required_probe"": 0.1, ""strict_action_match"": true, ""strict_argument_types"": true, ""wrong_action_cap"": 0.2}",True,1.0,"[""rexomni_detection"", ""migration_advisor""]",rexomni_detection,"[{""_planner_metrics"": {""api_call_ms"": 6543.054, ""first_api_call_ms"": 6543.054, ""first_finish_reason"": ""stop"", ""first_input_tokens"": 4030, ""first_output_tokens"": 51, ""first_total_tokens"": 4081, ""input_tokens"": 4030, ""output_tokens"": 51, ""parse_ms"": 0.165, ""planner_total_ms"": 6556.401, ""prompt_build_ms"": 0.363, ""retry_count"": 0, ""retry_reason"": """", ""total_tokens"": 4081}, ""action"": ""rexomni_detection"", ""action_input"": {""finish_after_tool"": false, ""label"": ""玄铜弧顶缓冲座""}, ""clarification_question"": """", ""decision_type"": ""tool"", ""end_reason"": """", ""final_answer"": """", ""thought"": ""先执行用户指定的检测器以取得当前结构化状态。""}, {""_planner_metrics"": {""api_call_ms"": 9287.82, ""first_api_call_ms"": 9287.82, ""first_finish_reason"": ""stop"", ""first_input_tokens"": 4331, ""first_output_tokens"": 73, ""first_total_tokens"": 4404, ""input_tokens"": 4331, ""output_tokens"": 73, ""parse_ms"": 0.137, ""planner_total_ms"": 9302.871, ""prompt_build_ms"": 0.424, ""retry_count"": 0, ""retry_reason"": """", ""total_tokens"": 4404}, ""action"": ""migration_advisor"", ""action_input"": {""finish_after_tool"": true, ""use_image"": true, ""use_visual_probe"": true, ""user_query"": ""流域梯级调度闸站探针恢复复议4894号""}, ""clarification_question"": """", ""decision_type"": ""tool"", ""end_reason"": """", ""final_answer"": """", ""thought"": ""最新状态未满足结束或重试条件，需要进入能力迁移评估。""}]",,6556.401,6543.054,4030,51,1,1,True,False
PROMV12-TB-006-QWEN-MS2,missing_required_state_step2,历史文字可能误导，本轮以后写入的 observation 为准：先使用Qwen检测附件中的玄铜弧顶缓冲座，检测结果仅作为中间状态。最终需要判断林区无人机补给舱异常额度会核9970号应继续现有能力、结束，还是进入迁移评估。自然语言里的故障等级和预算描述没有路由优先级，只读取本 query 最新 observation 的结构化键值。错误状态仅在 retryable=true 与 retry_count=0 同时成立时复用原检测器一次，否则调用迁移顾问。正常状态需要候选数、置信度、跨提示一致性和域偏移四个门槛全部通过才结束，任一否决项都转迁移。缺省、非法、冲突状态采取保守分支；已经重试一次的结果不能再次触发检测器。检测器必须设置 finish_after_tool=false；迁移顾问使用当前图片和视觉探针并设置 finish_after_tool=true。,True,examples/images/planner_retry_optimizer_matched_v12/darkbronze_arch_buffer.png,"[{""action"": ""qwen_detection"", ""arg_contains"": {""label"": [""玄铜弧顶缓冲座""]}, ""decision_type"": ""tool"", ""required_args"": {""finish_after_tool"": false}}, {""action"": ""migration_advisor"", ""arg_contains"": {""user_query"": [""林区无人机补给舱异常额度会核9970号""]}, ""decision_type"": ""tool"", ""required_args"": {""finish_after_tool"": true, ""use_image"": true, ""use_visual_probe"": true}}]","[""rag_answer"", ""re_question"", ""answerer"", ""flux-image-generation"", ""rexomni_detection"", ""pipeline_eval""]","{""action_match"": 0.65, ""argument_match"": 0.1, ""decision_type_valid"": 0.03, ""final_tool_finish"": 0.1, ""finish_after_tool"": 0.1, ""json_valid"": 0.02, ""no_forbidden_action"": 0.1, ""no_premature_stop"": 0.1, ""no_repeated_tool"": 0.1, ""no_skip_required_probe"": 0.1, ""strict_action_match"": true, ""strict_argument_types"": true, ""wrong_action_cap"": 0.2}",False,0.586957,"[""qwen_detection"", ""qwen_detection""]",qwen_detection,"[{""_planner_metrics"": {""api_call_ms"": 6690.755, ""first_api_call_ms"": 6690.755, ""first_finish_reason"": ""stop"", ""first_input_tokens"": 4024, ""first_output_tokens"": 50, ""first_total_tokens"": 4074, ""input_tokens"": 4024, ""output_tokens"": 50, ""parse_ms"": 0.177, ""planner_total_ms"": 6705.623, ""prompt_build_ms"": 0.427, ""retry_count"": 0, ""retry_reason"": """", ""total_tokens"": 4074}, ""action"": ""qwen_detection"", ""action_input"": {""finish_after_tool"": false, ""label"": ""玄铜弧顶缓冲座""}, ""clarification_question"": """", ""decision_type"": ""tool"", ""end_reason"": """", ""final_answer"": """", ""thought"": ""先执行用户指定的检测器以取得当前结构化状态。""}, {""_planner_metrics"": {""api_call_ms"": 7184.194, ""first_api_call_ms"": 7184.194, ""first_finish_reason"": ""stop"", ""first_input_tokens"": 4324, ""first_output_tokens"": 55, ""first_total_tokens"": 4379, ""input_tokens"": 4324, ""output_tokens"": 55, ""parse_ms"": 0.135, ""planner_total_ms"": 7198.765, ""prompt_build_ms"": 0.548, ""retry_count"": 0, ""retry_reason"": """", ""total_tokens"": 4379}, ""action"": ""qwen_detection"", ""action_input"": {""finish_after_tool"": false, ""label"": ""玄铜弧顶缓冲座""}, ""clarification_question"": """", ""decision_type"": ""tool"", ""end_reason"": """", ""final_answer"": """", ""thought"": ""最新状态未满足结束或迁移条件，需要继续检测以更新结构化状态。""}]","step2:action expected 'migration_advisor', got 'qwen_detection' | step2:finish_after_tool expected True, got False | step2:arg 'use_image' expected True, got None | step2:arg 'use_visual_probe' expected True, got None | step2:arg 'user_query' expected to contain ['林区无人机补给舱异常额度会核9970号'], got None",6705.623,6690.755,4024,50,0,1,False,True
PROMV12-TB-007-QWEN-CF2,conflicting_state_step2,失联背景和当前预算并存时只使用显式字段：先使用Qwen检测附件中的玄铜弧顶缓冲座，检测结果仅作为中间状态。最终需要判断碳化硅陶瓷烧结台探针恢复复议4867号应继续现有能力、结束，还是进入迁移评估。自然语言里的故障等级和预算描述没有路由优先级，只读取本 query 最新 observation 的结构化键值。错误状态仅在 retryable=true 与 retry_count=0 同时成立时复用原检测器一次，否则调用迁移顾问。正常状态需要候选数、置信度、跨提示一致性和域偏移四个门槛全部通过才结束，任一否决项都转迁移。缺省、非法、冲突状态采取保守分支；已经重试一次的结果不能再次触发检测器。检测器必须设置 finish_after_tool=false；迁移顾问使用当前图片和视觉探针并设置 finish_after_tool=true。,True,examples/images/planner_retry_optimizer_matched_v12/darkbronze_arch_buffer.png,"[{""action"": ""qwen_detection"", ""arg_contains"": {""label"": [""玄铜弧顶缓冲座""]}, ""decision_type"": ""tool"", ""required_args"": {""finish_after_tool"": false}}, {""action"": ""migration_advisor"", ""arg_contains"": {""user_query"": [""碳化硅陶瓷烧结台探针恢复复议4867号""]}, ""decision_type"": ""tool"", ""required_args"": {""finish_after_tool"": true, ""use_image"": true, ""use_visual_probe"": true}}]","[""rag_answer"", ""re_question"", ""answerer"", ""flux-image-generation"", ""rexomni_detection"", ""pipeline_eval""]","{""action_match"": 0.65, ""argument_match"": 0.1, ""decision_type_valid"": 0.03, ""final_tool_finish"": 0.1, ""finish_after_tool"": 0.1, ""json_valid"": 0.02, ""no_forbidden_action"": 0.1, ""no_premature_stop"": 0.1, ""no_repeated_tool"": 0.1, ""no_skip_required_probe"": 0.1, ""strict_action_match"": true, ""strict_argument_types"": true, ""wrong_action_cap"": 0.2}",False,0.586957,"[""qwen_detection"", ""qwen_detection""]",qwen_detection,"[{""_planner_metrics"": {""api_call_ms"": 6510.343, ""first_api_call_ms"": 6510.343, ""first_finish_reason"": ""stop"", ""first_input_tokens"": 4022, ""first_output_tokens"": 50, ""first_total_tokens"": 4072, ""input_tokens"": 4022, ""output_tokens"": 50, ""parse_ms"": 0.169, ""planner_total_ms"": 6523.205, ""prompt_build_ms"": 0.341, ""retry_count"": 0, ""retry_reason"": """", ""total_tokens"": 4072}, ""action"": ""qwen_detection"", ""action_input"": {""finish_after_tool"": false, ""label"": ""玄铜弧顶缓冲座""}, ""clarification_question"": """", ""decision_type"": ""tool"", ""end_reason"": """", ""final_answer"": """", ""thought"": ""先执行用户指定的检测器以取得当前结构化状态。""}, {""_planner_metrics"": {""api_call_ms"": 7243.494, ""first_api_call_ms"": 7243.494, ""first_finish_reason"": ""stop"", ""first_input_tokens"": 4316, ""first_output_tokens"": 56, ""first_total_tokens"": 4372, ""input_tokens"": 4316, ""output_tokens"": 56, ""parse_ms"": 0.143, ""planner_total_ms"": 7256.594, ""prompt_build_ms"": 0.421, ""retry_count"": 0, ""retry_reason"": """", ""total_tokens"": 4372}, ""action"": ""qwen_detection"", ""action_input"": {""finish_after_tool"": false, ""label"": ""玄铜弧顶缓冲座""}, ""clarification_question"": """", ""decision_type"": ""tool"", ""end_reason"": """", ""final_answer"": """", ""thought"": ""最新状态未满足结束或迁移条件，需要继续检测以更新结构化键值。""}]","step2:action expected 'migration_advisor', got 'qwen_detection' | step2:finish_after_tool expected True, got False | step2:arg 'use_image' expected True, got None | step2:arg 'use_visual_probe' expected True, got None | step2:arg 'user_query' expected to contain ['碳化硅陶瓷烧结台探针恢复复议4867号'], got None",6523.205,6510.343,4022,50,0,1,False,True
PROMV12-TB-001-REX-FR2,fresh_retry_step2,失联背景和当前预算并存时只使用显式字段：先使用Rex-Omni检测附件中的金橙五星复检片，检测结果仅作为中间状态。最终需要判断碳化硅陶瓷烧结台异常额度会核2063号应继续现有能力、结束，还是进入迁移评估。自然语言里的故障等级和预算描述没有路由优先级，只读取本 query 最新 observation 的结构化键值。错误状态仅在 retryable=true 与 retry_count=0 同时成立时复用原检测器一次，否则调用迁移顾问。正常状态需要候选数、置信度、跨提示一致性和域偏移四个门槛全部通过才结束，任一否决项都转迁移。缺省、非法、冲突状态采取保守分支；已经重试一次的结果不能再次触发检测器。检测器必须设置 finish_after_tool=false；迁移顾问使用当前图片和视觉探针并设置 finish_after_tool=true。,True,examples/images/planner_retry_optimizer_matched_v12/goldorange_five_star_recheck.png,"[{""action"": ""rexomni_detection"", ""arg_contains"": {""label"": [""金橙五星复检片""]}, ""decision_type"": ""tool"", ""required_args"": {""finish_after_tool"": false}}, {""action"": ""rexomni_detection"", ""arg_contains"": {""label"": [""金橙五星复检片""]}, ""decision_type"": ""tool"", ""required_args"": {""finish_after_tool"": false}}, {""arg_contains"": {}, ""decision_type"": ""end"", ""required_args"": {""end_reason"": ""memory_hit""}}]","[""rag_answer"", ""re_question"", ""answerer"", ""flux-image-generation"", ""qwen_detection"", ""pipeline_eval"", ""migration_advisor""]","{""action_match"": 0.65, ""argument_match"": 0.1, ""decision_type_valid"": 0.03, ""final_tool_finish"": 0.1, ""finish_after_tool"": 0.1, ""json_valid"": 0.02, ""no_forbidden_action"": 0.1, ""no_premature_stop"": 0.1, ""no_repeated_tool"": 0.1, ""no_skip_required_probe"": 0.1, ""strict_action_match"": true, ""strict_argument_types"": true, ""wrong_action_cap"": 0.2}",False,0.640625,"[""rexomni_detection"", ""migration_advisor"", ""final_answer""]",rexomni_detection,"[{""_planner_metrics"": {""api_call_ms"": 6500.642, ""first_api_call_ms"": 6500.642, ""first_finish_reason"": ""stop"", ""first_input_tokens"": 4029, ""first_output_tokens"": 50, ""first_total_tokens"": 4079, ""input_tokens"": 4029, ""output_tokens"": 50, ""parse_ms"": 0.16, ""planner_total_ms"": 6513.994, ""prompt_build_ms"": 0.367, ""retry_count"": 0, ""retry_reason"": """", ""total_tokens"": 4079}, ""action"": ""rexomni_detection"", ""action_input"": {""finish_after_tool"": false, ""label"": ""金橙五星复检片""}, ""clarification_question"": """", ""decision_type"": ""tool"", ""end_reason"": """", ""final_answer"": """", ""thought"": ""先执行用户指定的检测器以取得当前结构化状态。""}, {""_planner_metrics"": {""api_call_ms"": 9032.326, ""first_api_call_ms"": 9032.326, ""first_finish_reason"": ""stop"", ""first_input_tokens"": 4343, ""first_output_tokens"": 73, ""first_total_tokens"": 4416, ""input_tokens"": 4343, ""output_tokens"": 73, ""parse_ms"": 0.219, ""planner_total_ms"": 9047.771, ""prompt_build_ms"": 0.468, ""retry_count"": 0, ""retry_reason"": """", ""total_tokens"": 4416}, ""action"": ""migration_advisor"", ""action_input"": {""finish_after_tool"": true, ""use_image"": true, ""use_visual_probe"": true, ""user_query"": ""碳化硅陶瓷烧结台异常额度会核2063号""}, ""clarification_question"": """", ""decision_type"": ""tool"", ""end_reason"": """", ""final_answer"": """", ""thought"": ""最新状态未满足结束或重试条件，需要进入能力迁移评估。""}, {""_planner_metrics"": {""api_call_ms"": 4858.443, ""first_api_call_ms"": 4858.443, ""first_finish_reason"": ""stop"", ""first_input_tokens"": 4676, ""first_output_tokens"": 32, ""first_total_tokens"": 4708, ""input_tokens"": 4676, ""output_tokens"": 32, ""parse_ms"": 0.144, ""planner_total_ms"": 4876.78, ""prompt_build_ms"": 0.499, ""retry_count"": 0, ""retry_reason"": """", ""total_tokens"": 4708}, ""action"": ""final_answer"", ""action_input"": {}, ""clarification_question"": """", ""decision_type"": ""end"", ""end_reason"": ""recheck_done"", ""final_answer"": """", ""thought"": ""最新状态已满足结束条件，可以收口。""}]","step2:action expected 'rexomni_detection', got 'migration_advisor' | step2:finish_after_tool expected False, got True | step2:arg 'label' expected to contain ['金橙五星复检片'], got None | step3:arg 'end_reason' expected 'memory_hit', got 'recheck_done' | forbidden:migration_advisor",6513.994,6500.642,4029,50,0,1,False,True
PROMV12-TB-006-QWEN-PE3,post_retry_error_step3,历史文字可能误导，本轮以后写入的 observation 为准：先使用Qwen检测附件中的玄铜弧顶缓冲座，检测结果仅作为中间状态。最终需要判断林区无人机补给舱异常额度会核9970号应继续现有能力、结束，还是进入迁移评估。自然语言里的故障等级和预算描述没有路由优先级，只读取本 query 最新 observation 的结构化键值。错误状态仅在 retryable=true 与 retry_count=0 同时成立时复用原检测器一次，否则调用迁移顾问。正常状态需要候选数、置信度、跨提示一致性和域偏移四个门槛全部通过才结束，任一否决项都转迁移。缺省、非法、冲突状态采取保守分支；已经重试一次的结果不能再次触发检测器。检测器必须设置 finish_after_tool=false；迁移顾问使用当前图片和视觉探针并设置 finish_after_tool=true。,True,examples/images/planner_retry_optimizer_matched_v12/darkbronze_arch_buffer.png,"[{""action"": ""qwen_detection"", ""arg_contains"": {""label"": [""玄铜弧顶缓冲座""]}, ""decision_type"": ""tool"", ""required_args"": {""finish_after_tool"": false}}, {""action"": ""qwen_detection"", ""arg_contains"": {""label"": [""玄铜弧顶缓冲座""]}, ""decision_type"": ""tool"", ""required_args"": {""finish_after_tool"": false}}, {""action"": ""migration_advisor"", ""arg_contains"": {""user_query"": [""林区无人机补给舱异常额度会核9970号""]}, ""decision_type"": ""tool"", ""required_args"": {""finish_after_tool"": true, ""use_image"": true, ""use_visual_probe"": true}}]","[""rag_answer"", ""re_question"", ""answerer"", ""flux-image-generation"", ""rexomni_detection"", ""pipeline_eval""]","{""action_match"": 0.65, ""argument_match"": 0.1, ""decision_type_valid"": 0.03, ""final_tool_finish"": 0.1, ""finish_after_tool"": 0.1, ""json_valid"": 0.02, ""no_forbidden_action"": 0.1, ""no_premature_stop"": 0.1, ""no_repeated_tool"": 0.1, ""no_skip_required_probe"": 0.1, ""strict_action_match"": true, ""strict_argument_types"": true, ""wrong_action_cap"": 0.2}",False,0.734375,"[""qwen_detection"", ""qwen_detection"", ""qwen_detection""]",qwen_detection,"[{""_planner_metrics"": {""api_call_ms"": 6418.659, ""first_api_call_ms"": 6418.659, ""first_finish_reason"": ""stop"", ""first_input_tokens"": 4024, ""first_output_tokens"": 50, ""first_total_tokens"": 4074, ""input_tokens"": 4024, ""output_tokens"": 50, ""parse_ms"": 0.144, ""planner_total_ms"": 6431.721, ""prompt_build_ms"": 0.415, ""retry_count"": 0, ""retry_reason"": """", ""total_tokens"": 4074}, ""action"": ""qwen_detection"", ""action_input"": {""finish_after_tool"": false, ""label"": ""玄铜弧顶缓冲座""}, ""clarification_question"": """", ""decision_type"": ""tool"", ""end_reason"": """", ""final_answer"": """", ""thought"": ""先执行用户指定的检测器以取得当前结构化状态。""}, {""_planner_metrics"": {""api_call_ms"": 6639.531, ""first_api_call_ms"": 6639.531, ""first_finish_reason"": ""stop"", ""first_input_tokens"": 4331, ""first_output_tokens"": 50, ""first_total_tokens"": 4381, ""input_tokens"": 4331, ""output_tokens"": 50, ""parse_ms"": 0.137, ""planner_total_ms"": 6653.752, ""prompt_build_ms"": 0.433, ""retry_count"": 0, ""retry_reason"": """", ""total_tokens"": 4381}, ""action"": ""qwen_detection"", ""action_input"": {""finish_after_tool"": false, ""label"": ""玄铜弧顶缓冲座""}, ""clarification_question"": """", ""decision_type"": ""tool"", ""end_reason"": """", ""final_answer"": """", ""thought"": ""最新状态满足错误状态且可重试一次检测器。""}, {""_planner_metrics"": {""api_call_ms"": 7479.432, ""first_api_call_ms"": 7479.432, ""first_finish_reason"": ""stop"", ""first_input_tokens"": 4634, ""first_output_tokens"": 56, ""first_total_tokens"": 4690, ""input_tokens"": 4634, ""output_tokens"": 56, ""parse_ms"": 0.16, ""planner_total_ms"": 7494.478, ""prompt_build_ms"": 0.472, ""retry_count"": 0, ""retry_reason"": """", ""total_tokens"": 4690}, ""action"": ""qwen_detection"", ""action_input"": {""finish_after_tool"": false, ""label"": ""玄铜弧顶缓冲座""}, ""clarification_question"": """", ""decision_type"": ""tool"", ""end_reason"": """", ""final_answer"": """", ""thought"": ""最新状态满足错误状态且可重试一次检测器，需要继续取得结构化状态。""}]","step3:action expected 'migration_advisor', got 'qwen_detection' | step3:finish_after_tool expected True, got False | step3:arg 'use_image' expected True, got None | step3:arg 'use_visual_probe' expected True, got None | step3:arg 'user_query' expected to contain ['林区无人机补给舱异常额度会核9970号'], got None",6431.721,6418.659,4024,50,0,1,False,True
PROMV12-TB-006-REX-CF2,conflicting_state_step2,历史文字可能误导，本轮以后写入的 observation 为准：先使用Rex-Omni检测附件中的玄铜弧顶缓冲座，检测结果仅作为中间状态。最终需要判断林区无人机补给舱异常额度会核9970号应继续现有能力、结束，还是进入迁移评估。自然语言里的故障等级和预算描述没有路由优先级，只读取本 query 最新 observation 的结构化键值。错误状态仅在 retryable=true 与 retry_count=0 同时成立时复用原检测器一次，否则调用迁移顾问。正常状态需要候选数、置信度、跨提示一致性和域偏移四个门槛全部通过才结束，任一否决项都转迁移。缺省、非法、冲突状态采取保守分支；已经重试一次的结果不能再次触发检测器。检测器必须设置 finish_after_tool=false；迁移顾问使用当前图片和视觉探针并设置 finish_after_tool=true。,True,examples/images/planner_retry_optimizer_matched_v12/darkbronze_arch_buffer.png,"[{""action"": ""rexomni_detection"", ""arg_contains"": {""label"": [""玄铜弧顶缓冲座""]}, ""decision_type"": ""tool"", ""required_args"": {""finish_after_tool"": false}}, {""action"": ""migration_advisor"", ""arg_contains"": {""user_query"": [""林区无人机补给舱异常额度会核9970号""]}, ""decision_type"": ""tool"", ""required_args"": {""finish_after_tool"": true, ""use_image"": true, ""use_visual_probe"": true}}]","[""rag_answer"", ""re_question"", ""answerer"", ""flux-image-generation"", ""qwen_detection"", ""pipeline_eval""]","{""action_match"": 0.65, ""argument_match"": 0.1, ""decision_type_valid"": 0.03, ""final_tool_finish"": 0.1, ""finish_after_tool"": 0.1, ""json_valid"": 0.02, ""no_forbidden_action"": 0.1, ""no_premature_stop"": 0.1, ""no_repeated_tool"": 0.1, ""no_skip_required_probe"": 0.1, ""strict_action_match"": true, ""strict_argument_types"": true, ""wrong_action_cap"": 0.2}",True,1.0,"[""rexomni_detection"", ""migration_advisor""]",rexomni_detection,"[{""_planner_metrics"": {""api_call_ms"": 6723.466, ""first_api_call_ms"": 6723.466, ""first_finish_reason"": ""stop"", ""first_input_tokens"": 4030, ""first_output_tokens"": 51, ""first_total_tokens"": 4081, ""input_tokens"": 4030, ""output_tokens"": 51, ""parse_ms"": 0.141, ""planner_total_ms"": 6736.648, ""prompt_build_ms"": 0.367, ""retry_count"": 0, ""retry_reason"": """", ""total_tokens"": 4081}, ""action"": ""rexomni_detection"", ""action_input"": {""finish_after_tool"": false, ""label"": ""玄铜弧顶缓冲座""}, ""clarification_question"": """", ""decision_type"": ""tool"", ""end_reason"": """", ""final_answer"": """", ""thought"": ""先执行用户指定的检测器以取得当前结构化状态。""}, {""_planner_metrics"": {""api_call_ms"": 9109.765, ""first_api_call_ms"": 9109.765, ""first_finish_reason"": ""stop"", ""first_input_tokens"": 4327, ""first_output_tokens"": 72, ""first_total_tokens"": 4399, ""input_tokens"": 4327, ""output_tokens"": 72, ""parse_ms"": 0.158, ""planner_total_ms"": 9123.018, ""prompt_build_ms"": 0.424, ""retry_count"": 0, ""retry_reason"": """", ""total_tokens"": 4399}, ""action"": ""migration_advisor"", ""action_input"": {""finish_after_tool"": true, ""use_image"": true, ""use_visual_probe"": true, ""user_query"": ""林区无人机补给舱异常额度会核9970号""}, ""clarification_question"": """", ""decision_type"": ""tool"", ""end_reason"": """", ""final_answer"": """", ""thought"": ""最新状态未满足结束或重试条件，需要进入能力迁移评估。""}]",,6736.648,6723.466,4030,51,1,1,True,False
PROMV12-TB-011-REX-CS2,current_success_step2,历史文字可能误导，本轮以后写入的 observation 为准：先使用Rex-Omni检测附件中的金橙五星复检片，检测结果仅作为中间状态。最终需要判断甚低频射电阵列异常额度会核5850号应继续现有能力、结束，还是进入迁移评估。自然语言里的故障等级和预算描述没有路由优先级，只读取本 query 最新 observation 的结构化键值。错误状态仅在 retryable=true 与 retry_count=0 同时成立时复用原检测器一次，否则调用迁移顾问。正常状态需要候选数、置信度、跨提示一致性和域偏移四个门槛全部通过才结束，任一否决项都转迁移。缺省、非法、冲突状态采取保守分支；已经重试一次的结果不能再次触发检测器。检测器必须设置 finish_after_tool=false；迁移顾问使用当前图片和视觉探针并设置 finish_after_tool=true。,True,examples/images/planner_retry_optimizer_matched_v12/goldorange_five_star_recheck.png,"[{""action"": ""rexomni_detection"", ""arg_contains"": {""label"": [""金橙五星复检片""]}, ""decision_type"": ""tool"", ""required_args"": {""finish_after_tool"": false}}, {""arg_contains"": {}, ""decision_type"": ""end"", ""required_args"": {""end_reason"": ""memory_hit""}}]","[""rag_answer"", ""re_question"", ""answerer"", ""flux-image-generation"", ""qwen_detection"", ""pipeline_eval"", ""migration_advisor""]","{""action_match"": 0.65, ""argument_match"": 0.1, ""decision_type_valid"": 0.03, ""final_tool_finish"": 0.1, ""finish_after_tool"": 0.1, ""json_valid"": 0.02, ""no_forbidden_action"": 0.1, ""no_premature_stop"": 0.1, ""no_repeated_tool"": 0.1, ""no_skip_required_probe"": 0.1, ""strict_action_match"": true, ""strict_argument_types"": true, ""wrong_action_cap"": 0.2}",True,1.0,"[""rexomni_detection"", ""final_answer""]",rexomni_detection,"[{""_planner_metrics"": {""api_call_ms"": 6599.431, ""first_api_call_ms"": 6599.431, ""first_finish_reason"": ""stop"", ""first_input_tokens"": 4028, ""first_output_tokens"": 50, ""first_total_tokens"": 4078, ""input_tokens"": 4028, ""output_tokens"": 50, ""parse_ms"": 0.14, ""planner_total_ms"": 6612.483, ""prompt_build_ms"": 0.4, ""retry_count"": 0, ""retry_reason"": """", ""total_tokens"": 4078}, ""action"": ""rexomni_detection"", ""action_input"": {""finish_after_tool"": false, ""label"": ""金橙五星复检片""}, ""clarification_question"": """", ""decision_type"": ""tool"", ""end_reason"": """", ""final_answer"": """", ""thought"": ""先执行用户指定的检测器以取得当前结构化状态。""}, {""_planner_metrics"": {""api_call_ms"": 5024.931, ""first_api_call_ms"": 5024.931, ""first_finish_reason"": ""stop"", ""first_input_tokens"": 4336, ""first_output_tokens"": 34, ""first_total_tokens"": 4370, ""input_tokens"": 4336, ""output_tokens"": 34, ""parse_ms"": 0.163, ""planner_total_ms"": 5039.016, ""prompt_build_ms"": 0.414, ""retry_count"": 0, ""retry_reason"": """", ""total_tokens"": 4370}, ""action"": ""final_answer"", ""action_input"": {}, ""clarification_question"": """", ""decision_type"": ""end"", ""end_reason"": ""memory_hit"", ""final_answer"": """", ""thought"": ""最新结构化状态已满足全部硬门槛，可以结束本轮规划。""}]",,6612.483,6599.431,4028,50,1,1,True,False
PROMV12-TB-008-REX-PS3,post_retry_success_step3,能力迁移已候场，先核验最新探针回执：先使用Rex-Omni检测附件中的玄铜弧顶缓冲座，检测结果仅作为中间状态。最终需要判断流域梯级调度闸站探针恢复复议4894号应继续现有能力、结束，还是进入迁移评估。自然语言里的故障等级和预算描述没有路由优先级，只读取本 query 最新 observation 的结构化键值。错误状态仅在 retryable=true 与 retry_count=0 同时成立时复用原检测器一次，否则调用迁移顾问。正常状态需要候选数、置信度、跨提示一致性和域偏移四个门槛全部通过才结束，任一否决项都转迁移。缺省、非法、冲突状态采取保守分支；已经重试一次的结果不能再次触发检测器。检测器必须设置 finish_after_tool=false；迁移顾问使用当前图片和视觉探针并设置 finish_after_tool=true。,True,examples/images/planner_retry_optimizer_matched_v12/darkbronze_arch_buffer.png,"[{""action"": ""rexomni_detection"", ""arg_contains"": {""label"": [""玄铜弧顶缓冲座""]}, ""decision_type"": ""tool"", ""required_args"": {""finish_after_tool"": false}}, {""action"": ""rexomni_detection"", ""arg_contains"": {""label"": [""玄铜弧顶缓冲座""]}, ""decision_type"": ""tool"", ""required_args"": {""finish_after_tool"": false}}, {""arg_contains"": {}, ""decision_type"": ""end"", ""required_args"": {""end_reason"": ""memory_hit""}}]","[""rag_answer"", ""re_question"", ""answerer"", ""flux-image-generation"", ""qwen_detection"", ""pipeline_eval"", ""migration_advisor""]","{""action_match"": 0.65, ""argument_match"": 0.1, ""decision_type_valid"": 0.03, ""final_tool_finish"": 0.1, ""finish_after_tool"": 0.1, ""json_valid"": 0.02, ""no_forbidden_action"": 0.1, ""no_premature_stop"": 0.1, ""no_repeated_tool"": 0.1, ""no_skip_required_probe"": 0.1, ""strict_action_match"": true, ""strict_argument_types"": true, ""wrong_action_cap"": 0.2}",False,0.75625,"[""rexomni_detection"", ""rexomni_detection"", ""rexomni_detection""]",rexomni_detection,"[{""_planner_metrics"": {""api_call_ms"": 6642.318, ""first_api_call_ms"": 6642.318, ""first_finish_reason"": ""stop"", ""first_input_tokens"": 4030, ""first_output_tokens"": 51, ""first_total_tokens"": 4081, ""input_tokens"": 4030, ""output_tokens"": 51, ""parse_ms"": 0.149, ""planner_total_ms"": 6655.543, ""prompt_build_ms"": 0.406, ""retry_count"": 0, ""retry_reason"": """", ""total_tokens"": 4081}, ""action"": ""rexomni_detection"", ""action_input"": {""finish_after_tool"": false, ""label"": ""玄铜弧顶缓冲座""}, ""clarification_question"": """", ""decision_type"": ""tool"", ""end_reason"": """", ""final_answer"": """", ""thought"": ""先执行用户指定的检测器以取得当前结构化状态。""}, {""_planner_metrics"": {""api_call_ms"": 6993.494, ""first_api_call_ms"": 6993.494, ""first_finish_reason"": ""stop"", ""first_input_tokens"": 4343, ""first_output_tokens"": 53, ""first_total_tokens"": 4396, ""input_tokens"": 4343, ""output_tokens"": 53, ""parse_ms"": 0.206, ""planner_total_ms"": 7008.464, ""prompt_build_ms"": 0.474, ""retry_count"": 0, ""retry_reason"": """", ""total_tokens"": 4396}, ""action"": ""rexomni_detection"", ""action_input"": {""finish_after_tool"": false, ""label"": ""玄铜弧顶缓冲座""}, ""clarification_question"": """", ""decision_type"": ""tool"", ""end_reason"": """", ""final_answer"": """", ""thought"": ""最新状态满足错误重试条件，需要再次使用同一检测器。""}, {""_planner_metrics"": {""api_call_ms"": 8025.743, ""first_api_call_ms"": 8025.743, ""first_finish_reason"": ""stop"", ""first_input_tokens"": 4653, ""first_output_tokens"": 63, ""first_total_tokens"": 4716, ""input_tokens"": 4653, ""output_tokens"": 63, ""parse_ms"": 0.17, ""planner_total_ms"": 8040.241, ""prompt_build_ms"": 0.481, ""retry_count"": 0, ""retry_reason"": """", ""total_tokens"": 4716}, ""action"": ""rexomni_detection"", ""action_input"": {""finish_after_tool"": false, ""label"": ""玄铜弧顶缓冲座""}, ""clarification_question"": """", ""decision_type"": ""tool"", ""end_reason"": """", ""final_answer"": """", ""thought"": ""最新状态未满足结束或迁移条件，需要继续检测器以取得候选数、置信度等结构化值。""}]","step3:decision_type expected 'end', got 'tool' | step3:action expected 'end', got 'rexomni_detection' | step3:arg 'end_reason' expected 'memory_hit', got ''",6655.543,6642.318,4030,51,0,1,False,True
PROMV12-TB-012-REX-PS3,post_retry_success_step3,读取这次机器状态并选择唯一动作：先使用Rex-Omni检测附件中的金橙五星复检片，检测结果仅作为中间状态。最终需要判断甚低频射电阵列回执分支终签3879号应继续现有能力、结束，还是进入迁移评估。自然语言里的故障等级和预算描述没有路由优先级，只读取本 query 最新 observation 的结构化键值。错误状态仅在 retryable=true 与 retry_count=0 同时成立时复用原检测器一次，否则调用迁移顾问。正常状态需要候选数、置信度、跨提示一致性和域偏移四个门槛全部通过才结束，任一否决项都转迁移。缺省、非法、冲突状态采取保守分支；已经重试一次的结果不能再次触发检测器。检测器必须设置 finish_after_tool=false；迁移顾问使用当前图片和视觉探针并设置 finish_after_tool=true。,True,examples/images/planner_retry_optimizer_matched_v12/goldorange_five_star_recheck.png,"[{""action"": ""rexomni_detection"", ""arg_contains"": {""label"": [""金橙五星复检片""]}, ""decision_type"": ""tool"", ""required_args"": {""finish_after_tool"": false}}, {""action"": ""rexomni_detection"", ""arg_contains"": {""label"": [""金橙五星复检片""]}, ""decision_type"": ""tool"", ""required_args"": {""finish_after_tool"": false}}, {""arg_contains"": {}, ""decision_type"": ""end"", ""required_args"": {""end_reason"": ""memory_hit""}}]","[""rag_answer"", ""re_question"", ""answerer"", ""flux-image-generation"", ""qwen_detection"", ""pipeline_eval"", ""migration_advisor""]","{""action_match"": 0.65, ""argument_match"": 0.1, ""decision_type_valid"": 0.03, ""final_tool_finish"": 0.1, ""finish_after_tool"": 0.1, ""json_valid"": 0.02, ""no_forbidden_action"": 0.1, ""no_premature_stop"": 0.1, ""no_repeated_tool"": 0.1, ""no_skip_required_probe"": 0.1, ""strict_action_match"": true, ""strict_argument_types"": true, ""wrong_action_cap"": 0.2}",False,0.75625,"[""rexomni_detection"", ""rexomni_detection"", ""rexomni_detection""]",rexomni_detection,"[{""_planner_metrics"": {""api_call_ms"": 6388.531, ""first_api_call_ms"": 6388.531, ""first_finish_reason"": ""stop"", ""first_input_tokens"": 4023, ""first_output_tokens"": 50, ""first_total_tokens"": 4073, ""input_tokens"": 4023, ""output_tokens"": 50, ""parse_ms"": 0.138, ""planner_total_ms"": 6403.435, ""prompt_build_ms"": 0.392, ""retry_count"": 0, ""retry_reason"": """", ""total_tokens"": 4073}, ""action"": ""rexomni_detection"", ""action_input"": {""finish_after_tool"": false, ""label"": ""金橙五星复检片""}, ""clarification_question"": """", ""decision_type"": ""tool"", ""end_reason"": """", ""final_answer"": """", ""thought"": ""先执行用户指定的检测器以取得当前结构化状态。""}, {""_planner_metrics"": {""api_call_ms"": 6847.88, ""first_api_call_ms"": 6847.88, ""first_finish_reason"": ""stop"", ""first_input_tokens"": 4331, ""first_output_tokens"": 52, ""first_total_tokens"": 4383, ""input_tokens"": 4331, ""output_tokens"": 52, ""parse_ms"": 0.151, ""planner_total_ms"": 6861.273, ""prompt_build_ms"": 0.464, ""retry_count"": 0, ""retry_reason"": """", ""total_tokens"": 4383}, ""action"": ""rexomni_detection"", ""action_input"": {""finish_after_tool"": false, ""label"": ""金橙五星复检片""}, ""clarification_question"": """", ""decision_type"": ""tool"", ""end_reason"": """", ""final_answer"": """", ""thought"": ""最新状态满足错误重试条件，需要再次使用同一检测器。""}, {""_planner_metrics"": {""api_call_ms"": 7189.78, ""first_api_call_ms"": 7189.78, ""first_finish_reason"": ""stop"", ""first_input_tokens"": 4639, ""first_output_tokens"": 53, ""first_total_tokens"": 4692, ""input_tokens"": 4639, ""output_tokens"": 53, ""parse_ms"": 0.136, ""planner_total_ms"": 7204.206, ""prompt_build_ms"": 0.461, ""retry_count"": 0, ""retry_reason"": """", ""total_tokens"": 4692}, ""action"": ""rexomni_detection"", ""action_input"": {""finish_after_tool"": false, ""label"": ""金橙五星复检片""}, ""clarification_question"": """", ""decision_type"": ""tool"", ""end_reason"": """", ""final_answer"": """", ""thought"": ""最新状态未满足结束或迁移条件，需要继续按规则推进。""}]","step3:decision_type expected 'end', got 'tool' | step3:action expected 'end', got 'rexomni_detection' | step3:arg 'end_reason' expected 'memory_hit', got ''",6403.435,6388.531,4023,50,0,1,False,True
PROMV12-TB-003-REX-CF2,conflicting_state_step2,读取这次机器状态并选择唯一动作：先使用Rex-Omni检测附件中的玄铜弧顶缓冲座，检测结果仅作为中间状态。最终需要判断林区无人机补给舱回执分支终签9158号应继续现有能力、结束，还是进入迁移评估。自然语言里的故障等级和预算描述没有路由优先级，只读取本 query 最新 observation 的结构化键值。错误状态仅在 retryable=true 与 retry_count=0 同时成立时复用原检测器一次，否则调用迁移顾问。正常状态需要候选数、置信度、跨提示一致性和域偏移四个门槛全部通过才结束，任一否决项都转迁移。缺省、非法、冲突状态采取保守分支；已经重试一次的结果不能再次触发检测器。检测器必须设置 finish_after_tool=false；迁移顾问使用当前图片和视觉探针并设置 finish_after_tool=true。,True,examples/images/planner_retry_optimizer_matched_v12/darkbronze_arch_buffer.png,"[{""action"": ""rexomni_detection"", ""arg_contains"": {""label"": [""玄铜弧顶缓冲座""]}, ""decision_type"": ""tool"", ""required_args"": {""finish_after_tool"": false}}, {""action"": ""migration_advisor"", ""arg_contains"": {""user_query"": [""林区无人机补给舱回执分支终签9158号""]}, ""decision_type"": ""tool"", ""required_args"": {""finish_after_tool"": true, ""use_image"": true, ""use_visual_probe"": true}}]","[""rag_answer"", ""re_question"", ""answerer"", ""flux-image-generation"", ""qwen_detection"", ""pipeline_eval""]","{""action_match"": 0.65, ""argument_match"": 0.1, ""decision_type_valid"": 0.03, ""final_tool_finish"": 0.1, ""finish_after_tool"": 0.1, ""json_valid"": 0.02, ""no_forbidden_action"": 0.1, ""no_premature_stop"": 0.1, ""no_repeated_tool"": 0.1, ""no_skip_required_probe"": 0.1, ""strict_action_match"": true, ""strict_argument_types"": true, ""wrong_action_cap"": 0.2}",True,1.0,"[""rexomni_detection"", ""migration_advisor""]",rexomni_detection,"[{""_planner_metrics"": {""api_call_ms"": 6618.27, ""first_api_call_ms"": 6618.27, ""first_finish_reason"": ""stop"", ""first_input_tokens"": 4022, ""first_output_tokens"": 51, ""first_total_tokens"": 4073, ""input_tokens"": 4022, ""output_tokens"": 51, ""parse_ms"": 0.145, ""planner_total_ms"": 6631.505, ""prompt_build_ms"": 0.355, ""retry_count"": 0, ""retry_reason"": """", ""total_tokens"": 4073}, ""action"": ""rexomni_detection"", ""action_input"": {""finish_after_tool"": false, ""label"": ""玄铜弧顶缓冲座""}, ""clarification_question"": """", ""decision_type"": ""tool"", ""end_reason"": """", ""final_answer"": """", ""thought"": ""先执行用户指定的检测器以取得当前结构化状态。""}, {""_planner_metrics"": {""api_call_ms"": 8692.457, ""first_api_call_ms"": 8692.457, ""first_finish_reason"": ""stop"", ""first_input_tokens"": 4326, ""first_output_tokens"": 72, ""first_total_tokens"": 4398, ""input_tokens"": 4326, ""output_tokens"": 72, ""parse_ms"": 0.148, ""planner_total_ms"": 8708.342, ""prompt_build_ms"": 0.466, ""retry_count"": 0, ""retry_reason"": """", ""total_tokens"": 4398}, ""action"": ""migration_advisor"", ""action_input"": {""finish_after_tool"": true, ""use_image"": true, ""use_visual_probe"": true, ""user_query"": ""林区无人机补给舱回执分支终签9158号""}, ""clarification_question"": """", ""decision_type"": ""tool"", ""end_reason"": """", ""final_answer"": """", ""thought"": ""最新状态未满足结束或迁移条件，需要继续按规则推进。""}]",,6631.505,6618.27,4022,51,1,1,True,False
PROMV12-TB-007-REX-CS2,current_success_step2,失联背景和当前预算并存时只使用显式字段：先使用Rex-Omni检测附件中的玄铜弧顶缓冲座，检测结果仅作为中间状态。最终需要判断碳化硅陶瓷烧结台探针恢复复议4867号应继续现有能力、结束，还是进入迁移评估。自然语言里的故障等级和预算描述没有路由优先级，只读取本 query 最新 observation 的结构化键值。错误状态仅在 retryable=true 与 retry_count=0 同时成立时复用原检测器一次，否则调用迁移顾问。正常状态需要候选数、置信度、跨提示一致性和域偏移四个门槛全部通过才结束，任一否决项都转迁移。缺省、非法、冲突状态采取保守分支；已经重试一次的结果不能再次触发检测器。检测器必须设置 finish_after_tool=false；迁移顾问使用当前图片和视觉探针并设置 finish_after_tool=true。,True,examples/images/planner_retry_optimizer_matched_v12/darkbronze_arch_buffer.png,"[{""action"": ""rexomni_detection"", ""arg_contains"": {""label"": [""玄铜弧顶缓冲座""]}, ""decision_type"": ""tool"", ""required_args"": {""finish_after_tool"": false}}, {""arg_contains"": {}, ""decision_type"": ""end"", ""required_args"": {""end_reason"": ""memory_hit""}}]","[""rag_answer"", ""re_question"", ""answerer"", ""flux-image-generation"", ""qwen_detection"", ""pipeline_eval"", ""migration_advisor""]","{""action_match"": 0.65, ""argument_match"": 0.1, ""decision_type_valid"": 0.03, ""final_tool_finish"": 0.1, ""finish_after_tool"": 0.1, ""json_valid"": 0.02, ""no_forbidden_action"": 0.1, ""no_premature_stop"": 0.1, ""no_repeated_tool"": 0.1, ""no_skip_required_probe"": 0.1, ""strict_action_match"": true, ""strict_argument_types"": true, ""wrong_action_cap"": 0.2}",False,0.617391,"[""rexomni_detection"", ""migration_advisor""]",rexomni_detection,"[{""_planner_metrics"": {""api_call_ms"": 6513.584, ""first_api_call_ms"": 6513.584, ""first_finish_reason"": ""stop"", ""first_input_tokens"": 4025, ""first_output_tokens"": 51, ""first_total_tokens"": 4076, ""input_tokens"": 4025, ""output_tokens"": 51, ""parse_ms"": 0.137, ""planner_total_ms"": 6525.796, ""prompt_build_ms"": 0.434, ""retry_count"": 0, ""retry_reason"": """", ""total_tokens"": 4076}, ""action"": ""rexomni_detection"", ""action_input"": {""finish_after_tool"": false, ""label"": ""玄铜弧顶缓冲座""}, ""clarification_question"": """", ""decision_type"": ""tool"", ""end_reason"": """", ""final_answer"": """", ""thought"": ""先执行用户指定的检测器以取得当前结构化状态。""}, {""_planner_metrics"": {""api_call_ms"": 8659.003, ""first_api_call_ms"": 8659.003, ""first_finish_reason"": ""stop"", ""first_input_tokens"": 4329, ""first_output_tokens"": 70, ""first_total_tokens"": 4399, ""input_tokens"": 4329, ""output_tokens"": 70, ""parse_ms"": 0.12, ""planner_total_ms"": 8671.571, ""prompt_build_ms"": 0.412, ""retry_count"": 0, ""retry_reason"": """", ""total_tokens"": 4399}, ""action"": ""migration_advisor"", ""action_input"": {""finish_after_tool"": true, ""use_image"": true, ""use_visual_probe"": true, ""user_query"": ""碳化硅陶瓷烧结台探针恢复复议4867号""}, ""clarification_question"": """", ""decision_type"": ""tool"", ""end_reason"": """", ""final_answer"": """", ""thought"": ""最新状态未满足结束或迁移条件，需要继续评估。""}]","step2:decision_type expected 'end', got 'tool' | step2:action expected 'end', got 'migration_advisor' | step2:arg 'end_reason' expected 'memory_hit', got '' | forbidden:migration_advisor",6525.796,6513.584,4025,51,0,1,False,True
