case_id,category,query,has_image,image_fixture,expected_decisions,forbidden_actions,reward_spec,run1_passed,run1_score,run1_used_actions,run1_actual_first_action,run1_decisions,run1_failures,run1_elapsed_ms,run1_api_call_ms,run1_input_tokens,run1_output_tokens,pass_count,run_count,all_passed,any_failed
PROMV12-TA-009-REX-BE2,budget_exhausted_step2,设备失联只是背景，仍须核对当前显式额度：先使用Rex-Omni检测附件中的焦糖十字分流块，检测结果仅作为中间状态。最终需要判断火星车悬架试验间稳定状态会签3100号应继续现有能力、结束，还是进入迁移评估。自然语言里的故障等级和预算描述没有路由优先级，只读取本 query 最新 observation 的结构化键值。错误状态仅在 retryable=true 与 retry_count=0 同时成立时复用原检测器一次，否则调用迁移顾问。正常状态需要候选数、置信度、跨提示一致性和域偏移四个门槛全部通过才结束，任一否决项都转迁移。缺省、非法、冲突状态采取保守分支；已经重试一次的结果不能再次触发检测器。检测器必须设置 finish_after_tool=false；迁移顾问使用当前图片和视觉探针并设置 finish_after_tool=true。,True,examples/images/planner_retry_optimizer_matched_v12/caramel_cross_diverter.png,"[{""action"": ""rexomni_detection"", ""arg_contains"": {""label"": [""焦糖十字分流块""]}, ""decision_type"": ""tool"", ""required_args"": {""finish_after_tool"": false}}, {""action"": ""migration_advisor"", ""arg_contains"": {""user_query"": [""火星车悬架试验间稳定状态会签3100号""]}, ""decision_type"": ""tool"", ""required_args"": {""finish_after_tool"": true, ""use_image"": true, ""use_visual_probe"": true}}]","[""rag_answer"", ""re_question"", ""answerer"", ""flux-image-generation"", ""qwen_detection"", ""pipeline_eval""]","{""action_match"": 0.65, ""argument_match"": 0.1, ""decision_type_valid"": 0.03, ""final_tool_finish"": 0.1, ""finish_after_tool"": 0.1, ""json_valid"": 0.02, ""no_forbidden_action"": 0.1, ""no_premature_stop"": 0.1, ""no_repeated_tool"": 0.1, ""no_skip_required_probe"": 0.1, ""strict_action_match"": true, ""strict_argument_types"": true, ""wrong_action_cap"": 0.2}",True,1.0,"[""rexomni_detection"", ""migration_advisor""]",rexomni_detection,"[{""_planner_metrics"": {""api_call_ms"": 7501.893, ""first_api_call_ms"": 7501.893, ""first_finish_reason"": ""stop"", ""first_input_tokens"": 4029, ""first_output_tokens"": 49, ""first_total_tokens"": 4078, ""input_tokens"": 4029, ""output_tokens"": 49, ""parse_ms"": 0.777, ""planner_total_ms"": 7573.071, ""prompt_build_ms"": 0.73, ""retry_count"": 0, ""retry_reason"": """", ""total_tokens"": 4078}, ""action"": ""rexomni_detection"", ""action_input"": {""finish_after_tool"": false, ""label"": ""焦糖十字分流块""}, ""clarification_question"": """", ""decision_type"": ""tool"", ""end_reason"": """", ""final_answer"": """", ""thought"": ""先执行用户指定的检测器以取得当前结构化状态。""}, {""_planner_metrics"": {""api_call_ms"": 9846.463, ""first_api_call_ms"": 9846.463, ""first_finish_reason"": ""stop"", ""first_input_tokens"": 4337, ""first_output_tokens"": 73, ""first_total_tokens"": 4410, ""input_tokens"": 4337, ""output_tokens"": 73, ""parse_ms"": 0.278, ""planner_total_ms"": 9866.509, ""prompt_build_ms"": 0.529, ""retry_count"": 0, ""retry_reason"": """", ""total_tokens"": 4410}, ""action"": ""migration_advisor"", ""action_input"": {""finish_after_tool"": true, ""use_image"": true, ""use_visual_probe"": true, ""user_query"": ""火星车悬架试验间稳定状态会签3100号""}, ""clarification_question"": """", ""decision_type"": ""tool"", ""end_reason"": """", ""final_answer"": """", ""thought"": ""最新状态未满足结束或重试条件，需要进入能力迁移评估。""}]",,7573.071,7501.893,4029,49,1,1,True,False
PROMV12-TA-002-REX-PS3,post_retry_success_step3,迁移队列已经建立，请先裁决最新机器状态：先使用Rex-Omni检测附件中的焦糖十字分流块，检测结果仅作为中间状态。最终需要判断火星车悬架试验间重试边界复审7063号应继续现有能力、结束，还是进入迁移评估。自然语言里的故障等级和预算描述没有路由优先级，只读取本 query 最新 observation 的结构化键值。错误状态仅在 retryable=true 与 retry_count=0 同时成立时复用原检测器一次，否则调用迁移顾问。正常状态需要候选数、置信度、跨提示一致性和域偏移四个门槛全部通过才结束，任一否决项都转迁移。缺省、非法、冲突状态采取保守分支；已经重试一次的结果不能再次触发检测器。检测器必须设置 finish_after_tool=false；迁移顾问使用当前图片和视觉探针并设置 finish_after_tool=true。,True,examples/images/planner_retry_optimizer_matched_v12/caramel_cross_diverter.png,"[{""action"": ""rexomni_detection"", ""arg_contains"": {""label"": [""焦糖十字分流块""]}, ""decision_type"": ""tool"", ""required_args"": {""finish_after_tool"": false}}, {""action"": ""rexomni_detection"", ""arg_contains"": {""label"": [""焦糖十字分流块""]}, ""decision_type"": ""tool"", ""required_args"": {""finish_after_tool"": false}}, {""arg_contains"": {}, ""decision_type"": ""end"", ""required_args"": {""end_reason"": ""memory_hit""}}]","[""rag_answer"", ""re_question"", ""answerer"", ""flux-image-generation"", ""qwen_detection"", ""pipeline_eval"", ""migration_advisor""]","{""action_match"": 0.65, ""argument_match"": 0.1, ""decision_type_valid"": 0.03, ""final_tool_finish"": 0.1, ""finish_after_tool"": 0.1, ""json_valid"": 0.02, ""no_forbidden_action"": 0.1, ""no_premature_stop"": 0.1, ""no_repeated_tool"": 0.1, ""no_skip_required_probe"": 0.1, ""strict_action_match"": true, ""strict_argument_types"": true, ""wrong_action_cap"": 0.2}",False,0.671875,"[""rexomni_detection"", ""migration_advisor"", ""final_answer""]",rexomni_detection,"[{""_planner_metrics"": {""api_call_ms"": 6990.444, ""first_api_call_ms"": 6990.444, ""first_finish_reason"": ""stop"", ""first_input_tokens"": 4023, ""first_output_tokens"": 49, ""first_total_tokens"": 4072, ""input_tokens"": 4023, ""output_tokens"": 49, ""parse_ms"": 0.16, ""planner_total_ms"": 7008.199, ""prompt_build_ms"": 0.577, ""retry_count"": 0, ""retry_reason"": """", ""total_tokens"": 4072}, ""action"": ""rexomni_detection"", ""action_input"": {""finish_after_tool"": false, ""label"": ""焦糖十字分流块""}, ""clarification_question"": """", ""decision_type"": ""tool"", ""end_reason"": """", ""final_answer"": """", ""thought"": ""先执行用户指定的检测器以取得当前结构化状态。""}, {""_planner_metrics"": {""api_call_ms"": 9654.464, ""first_api_call_ms"": 9654.464, ""first_finish_reason"": ""stop"", ""first_input_tokens"": 4333, ""first_output_tokens"": 72, ""first_total_tokens"": 4405, ""input_tokens"": 4333, ""output_tokens"": 72, ""parse_ms"": 0.23, ""planner_total_ms"": 9670.111, ""prompt_build_ms"": 0.439, ""retry_count"": 0, ""retry_reason"": """", ""total_tokens"": 4405}, ""action"": ""migration_advisor"", ""action_input"": {""finish_after_tool"": true, ""use_image"": true, ""use_visual_probe"": true, ""user_query"": ""火星车悬架试验间重试边界复审7063号""}, ""clarification_question"": """", ""decision_type"": ""tool"", ""end_reason"": """", ""final_answer"": """", ""thought"": ""最新状态未满足结束或重试条件，需要进入能力迁移评估。""}, {""_planner_metrics"": {""api_call_ms"": 5301.837, ""first_api_call_ms"": 5301.837, ""first_finish_reason"": ""stop"", ""first_input_tokens"": 4665, ""first_output_tokens"": 32, ""first_total_tokens"": 4697, ""input_tokens"": 4665, ""output_tokens"": 32, ""parse_ms"": 0.149, ""planner_total_ms"": 5320.864, ""prompt_build_ms"": 0.634, ""retry_count"": 0, ""retry_reason"": """", ""total_tokens"": 4697}, ""action"": ""final_answer"", ""action_input"": {}, ""clarification_question"": """", ""decision_type"": ""end"", ""end_reason"": ""memory_hit"", ""final_answer"": """", ""thought"": ""最新状态已满足结束条件，可以终止本轮规划。""}]","step2:action expected 'rexomni_detection', got 'migration_advisor' | step2:finish_after_tool expected False, got True | step2:arg 'label' expected to contain ['焦糖十字分流块'], got None | forbidden:migration_advisor",7008.199,6990.444,4023,49,0,1,False,True
PROMV12-TA-009-QWEN-PS3,post_retry_success_step3,设备失联只是背景，仍须核对当前显式额度：先使用Qwen检测附件中的焦糖十字分流块，检测结果仅作为中间状态。最终需要判断火星车悬架试验间稳定状态会签3100号应继续现有能力、结束，还是进入迁移评估。自然语言里的故障等级和预算描述没有路由优先级，只读取本 query 最新 observation 的结构化键值。错误状态仅在 retryable=true 与 retry_count=0 同时成立时复用原检测器一次，否则调用迁移顾问。正常状态需要候选数、置信度、跨提示一致性和域偏移四个门槛全部通过才结束，任一否决项都转迁移。缺省、非法、冲突状态采取保守分支；已经重试一次的结果不能再次触发检测器。检测器必须设置 finish_after_tool=false；迁移顾问使用当前图片和视觉探针并设置 finish_after_tool=true。,True,examples/images/planner_retry_optimizer_matched_v12/caramel_cross_diverter.png,"[{""action"": ""qwen_detection"", ""arg_contains"": {""label"": [""焦糖十字分流块""]}, ""decision_type"": ""tool"", ""required_args"": {""finish_after_tool"": false}}, {""action"": ""qwen_detection"", ""arg_contains"": {""label"": [""焦糖十字分流块""]}, ""decision_type"": ""tool"", ""required_args"": {""finish_after_tool"": false}}, {""arg_contains"": {}, ""decision_type"": ""end"", ""required_args"": {""end_reason"": ""memory_hit""}}]","[""rag_answer"", ""re_question"", ""answerer"", ""flux-image-generation"", ""rexomni_detection"", ""pipeline_eval"", ""migration_advisor""]","{""action_match"": 0.65, ""argument_match"": 0.1, ""decision_type_valid"": 0.03, ""final_tool_finish"": 0.1, ""finish_after_tool"": 0.1, ""json_valid"": 0.02, ""no_forbidden_action"": 0.1, ""no_premature_stop"": 0.1, ""no_repeated_tool"": 0.1, ""no_skip_required_probe"": 0.1, ""strict_action_match"": true, ""strict_argument_types"": true, ""wrong_action_cap"": 0.2}",False,0.725,"[""qwen_detection"", ""qwen_detection"", ""migration_advisor""]",qwen_detection,"[{""_planner_metrics"": {""api_call_ms"": 6833.069, ""first_api_call_ms"": 6833.069, ""first_finish_reason"": ""stop"", ""first_input_tokens"": 4023, ""first_output_tokens"": 48, ""first_total_tokens"": 4071, ""input_tokens"": 4023, ""output_tokens"": 48, ""parse_ms"": 0.149, ""planner_total_ms"": 6846.737, ""prompt_build_ms"": 0.367, ""retry_count"": 0, ""retry_reason"": """", ""total_tokens"": 4071}, ""action"": ""qwen_detection"", ""action_input"": {""finish_after_tool"": false, ""label"": ""焦糖十字分流块""}, ""clarification_question"": """", ""decision_type"": ""tool"", ""end_reason"": """", ""final_answer"": """", ""thought"": ""先执行用户指定的检测器以取得当前结构化状态。""}, {""_planner_metrics"": {""api_call_ms"": 7098.026, ""first_api_call_ms"": 7098.026, ""first_finish_reason"": ""stop"", ""first_input_tokens"": 4331, ""first_output_tokens"": 49, ""first_total_tokens"": 4380, ""input_tokens"": 4331, ""output_tokens"": 49, ""parse_ms"": 0.226, ""planner_total_ms"": 7113.71, ""prompt_build_ms"": 0.506, ""retry_count"": 0, ""retry_reason"": """", ""total_tokens"": 4380}, ""action"": ""qwen_detection"", ""action_input"": {""finish_after_tool"": false, ""label"": ""焦糖十字分流块""}, ""clarification_question"": """", ""decision_type"": ""tool"", ""end_reason"": """", ""final_answer"": """", ""thought"": ""最新状态满足错误重试条件，需要复用同一检测器。""}, {""_planner_metrics"": {""api_call_ms"": 9896.425, ""first_api_call_ms"": 9896.425, ""first_finish_reason"": ""stop"", ""first_input_tokens"": 4635, ""first_output_tokens"": 73, ""first_total_tokens"": 4708, ""input_tokens"": 4635, ""output_tokens"": 73, ""parse_ms"": 0.143, ""planner_total_ms"": 9914.851, ""prompt_build_ms"": 0.661, ""retry_count"": 0, ""retry_reason"": """", ""total_tokens"": 4708}, ""action"": ""migration_advisor"", ""action_input"": {""finish_after_tool"": true, ""use_image"": true, ""use_visual_probe"": true, ""user_query"": ""火星车悬架试验间稳定状态会签3100号""}, ""clarification_question"": """", ""decision_type"": ""tool"", ""end_reason"": """", ""final_answer"": """", ""thought"": ""最新状态未满足结束或迁移条件，需要继续按规则推进。""}]","step3:decision_type expected 'end', got 'tool' | step3:action expected 'end', got 'migration_advisor' | step3:arg 'end_reason' expected 'memory_hit', got '' | forbidden:migration_advisor",6846.737,6833.069,4023,48,0,1,False,True
PROMV12-TA-002-REX-NR2,nonretryable_step2,迁移队列已经建立，请先裁决最新机器状态：先使用Rex-Omni检测附件中的焦糖十字分流块，检测结果仅作为中间状态。最终需要判断火星车悬架试验间重试边界复审7063号应继续现有能力、结束，还是进入迁移评估。自然语言里的故障等级和预算描述没有路由优先级，只读取本 query 最新 observation 的结构化键值。错误状态仅在 retryable=true 与 retry_count=0 同时成立时复用原检测器一次，否则调用迁移顾问。正常状态需要候选数、置信度、跨提示一致性和域偏移四个门槛全部通过才结束，任一否决项都转迁移。缺省、非法、冲突状态采取保守分支；已经重试一次的结果不能再次触发检测器。检测器必须设置 finish_after_tool=false；迁移顾问使用当前图片和视觉探针并设置 finish_after_tool=true。,True,examples/images/planner_retry_optimizer_matched_v12/caramel_cross_diverter.png,"[{""action"": ""rexomni_detection"", ""arg_contains"": {""label"": [""焦糖十字分流块""]}, ""decision_type"": ""tool"", ""required_args"": {""finish_after_tool"": false}}, {""action"": ""migration_advisor"", ""arg_contains"": {""user_query"": [""火星车悬架试验间重试边界复审7063号""]}, ""decision_type"": ""tool"", ""required_args"": {""finish_after_tool"": true, ""use_image"": true, ""use_visual_probe"": true}}]","[""rag_answer"", ""re_question"", ""answerer"", ""flux-image-generation"", ""qwen_detection"", ""pipeline_eval""]","{""action_match"": 0.65, ""argument_match"": 0.1, ""decision_type_valid"": 0.03, ""final_tool_finish"": 0.1, ""finish_after_tool"": 0.1, ""json_valid"": 0.02, ""no_forbidden_action"": 0.1, ""no_premature_stop"": 0.1, ""no_repeated_tool"": 0.1, ""no_skip_required_probe"": 0.1, ""strict_action_match"": true, ""strict_argument_types"": true, ""wrong_action_cap"": 0.2}",True,1.0,"[""rexomni_detection"", ""migration_advisor""]",rexomni_detection,"[{""_planner_metrics"": {""api_call_ms"": 6895.78, ""first_api_call_ms"": 6895.78, ""first_finish_reason"": ""stop"", ""first_input_tokens"": 4023, ""first_output_tokens"": 49, ""first_total_tokens"": 4072, ""input_tokens"": 4023, ""output_tokens"": 49, ""parse_ms"": 0.138, ""planner_total_ms"": 6910.089, ""prompt_build_ms"": 0.49, ""retry_count"": 0, ""retry_reason"": """", ""total_tokens"": 4072}, ""action"": ""rexomni_detection"", ""action_input"": {""finish_after_tool"": false, ""label"": ""焦糖十字分流块""}, ""clarification_question"": """", ""decision_type"": ""tool"", ""end_reason"": """", ""final_answer"": """", ""thought"": ""先执行用户指定的检测器以取得当前结构化状态。""}, {""_planner_metrics"": {""api_call_ms"": 9598.882, ""first_api_call_ms"": 9598.882, ""first_finish_reason"": ""stop"", ""first_input_tokens"": 4334, ""first_output_tokens"": 72, ""first_total_tokens"": 4406, ""input_tokens"": 4334, ""output_tokens"": 72, ""parse_ms"": 0.143, ""planner_total_ms"": 9612.704, ""prompt_build_ms"": 0.405, ""retry_count"": 0, ""retry_reason"": """", ""total_tokens"": 4406}, ""action"": ""migration_advisor"", ""action_input"": {""finish_after_tool"": true, ""use_image"": true, ""use_visual_probe"": true, ""user_query"": ""火星车悬架试验间重试边界复审7063号""}, ""clarification_question"": """", ""decision_type"": ""tool"", ""end_reason"": """", ""final_answer"": """", ""thought"": ""最新状态未满足结束或重试条件，需要进入能力迁移评估。""}]",,6910.089,6895.78,4023,49,1,1,True,False
PROMV12-TA-010-QWEN-CF2,conflicting_state_step2,完成本轮异常探针的最终路由：先使用Qwen检测附件中的焦糖十字分流块，检测结果仅作为中间状态。最终需要判断非晶合金铸造炉重试边界复审8156号应继续现有能力、结束，还是进入迁移评估。自然语言里的故障等级和预算描述没有路由优先级，只读取本 query 最新 observation 的结构化键值。错误状态仅在 retryable=true 与 retry_count=0 同时成立时复用原检测器一次，否则调用迁移顾问。正常状态需要候选数、置信度、跨提示一致性和域偏移四个门槛全部通过才结束，任一否决项都转迁移。缺省、非法、冲突状态采取保守分支；已经重试一次的结果不能再次触发检测器。检测器必须设置 finish_after_tool=false；迁移顾问使用当前图片和视觉探针并设置 finish_after_tool=true。,True,examples/images/planner_retry_optimizer_matched_v12/caramel_cross_diverter.png,"[{""action"": ""qwen_detection"", ""arg_contains"": {""label"": [""焦糖十字分流块""]}, ""decision_type"": ""tool"", ""required_args"": {""finish_after_tool"": false}}, {""action"": ""migration_advisor"", ""arg_contains"": {""user_query"": [""非晶合金铸造炉重试边界复审8156号""]}, ""decision_type"": ""tool"", ""required_args"": {""finish_after_tool"": true, ""use_image"": true, ""use_visual_probe"": true}}]","[""rag_answer"", ""re_question"", ""answerer"", ""flux-image-generation"", ""rexomni_detection"", ""pipeline_eval""]","{""action_match"": 0.65, ""argument_match"": 0.1, ""decision_type_valid"": 0.03, ""final_tool_finish"": 0.1, ""finish_after_tool"": 0.1, ""json_valid"": 0.02, ""no_forbidden_action"": 0.1, ""no_premature_stop"": 0.1, ""no_repeated_tool"": 0.1, ""no_skip_required_probe"": 0.1, ""strict_action_match"": true, ""strict_argument_types"": true, ""wrong_action_cap"": 0.2}",True,1.0,"[""qwen_detection"", ""migration_advisor""]",qwen_detection,"[{""_planner_metrics"": {""api_call_ms"": 6775.409, ""first_api_call_ms"": 6775.409, ""first_finish_reason"": ""stop"", ""first_input_tokens"": 4009, ""first_output_tokens"": 48, ""first_total_tokens"": 4057, ""input_tokens"": 4009, ""output_tokens"": 48, ""parse_ms"": 0.171, ""planner_total_ms"": 6789.703, ""prompt_build_ms"": 0.459, ""retry_count"": 0, ""retry_reason"": """", ""total_tokens"": 4057}, ""action"": ""qwen_detection"", ""action_input"": {""finish_after_tool"": false, ""label"": ""焦糖十字分流块""}, ""clarification_question"": """", ""decision_type"": ""tool"", ""end_reason"": """", ""final_answer"": """", ""thought"": ""先执行用户指定的检测器以取得当前结构化状态。""}, {""_planner_metrics"": {""api_call_ms"": 9622.651, ""first_api_call_ms"": 9622.651, ""first_finish_reason"": ""stop"", ""first_input_tokens"": 4302, ""first_output_tokens"": 72, ""first_total_tokens"": 4374, ""input_tokens"": 4302, ""output_tokens"": 72, ""parse_ms"": 0.254, ""planner_total_ms"": 9638.302, ""prompt_build_ms"": 0.457, ""retry_count"": 0, ""retry_reason"": """", ""total_tokens"": 4374}, ""action"": ""migration_advisor"", ""action_input"": {""finish_after_tool"": true, ""use_image"": true, ""use_visual_probe"": true, ""user_query"": ""非晶合金铸造炉重试边界复审8156号""}, ""clarification_question"": """", ""decision_type"": ""tool"", ""end_reason"": """", ""final_answer"": """", ""thought"": ""最新状态未满足结束或重试条件，需要进入能力迁移评估。""}]",,6789.703,6775.409,4009,48,1,1,True,False
PROMV12-TA-002-QWEN-PV3,post_retry_metric_veto_step3,迁移队列已经建立，请先裁决最新机器状态：先使用Qwen检测附件中的焦糖十字分流块，检测结果仅作为中间状态。最终需要判断火星车悬架试验间重试边界复审7063号应继续现有能力、结束，还是进入迁移评估。自然语言里的故障等级和预算描述没有路由优先级，只读取本 query 最新 observation 的结构化键值。错误状态仅在 retryable=true 与 retry_count=0 同时成立时复用原检测器一次，否则调用迁移顾问。正常状态需要候选数、置信度、跨提示一致性和域偏移四个门槛全部通过才结束，任一否决项都转迁移。缺省、非法、冲突状态采取保守分支；已经重试一次的结果不能再次触发检测器。检测器必须设置 finish_after_tool=false；迁移顾问使用当前图片和视觉探针并设置 finish_after_tool=true。,True,examples/images/planner_retry_optimizer_matched_v12/caramel_cross_diverter.png,"[{""action"": ""qwen_detection"", ""arg_contains"": {""label"": [""焦糖十字分流块""]}, ""decision_type"": ""tool"", ""required_args"": {""finish_after_tool"": false}}, {""action"": ""qwen_detection"", ""arg_contains"": {""label"": [""焦糖十字分流块""]}, ""decision_type"": ""tool"", ""required_args"": {""finish_after_tool"": false}}, {""action"": ""migration_advisor"", ""arg_contains"": {""user_query"": [""火星车悬架试验间重试边界复审7063号""]}, ""decision_type"": ""tool"", ""required_args"": {""finish_after_tool"": true, ""use_image"": true, ""use_visual_probe"": true}}]","[""rag_answer"", ""re_question"", ""answerer"", ""flux-image-generation"", ""rexomni_detection"", ""pipeline_eval""]","{""action_match"": 0.65, ""argument_match"": 0.1, ""decision_type_valid"": 0.03, ""final_tool_finish"": 0.1, ""finish_after_tool"": 0.1, ""json_valid"": 0.02, ""no_forbidden_action"": 0.1, ""no_premature_stop"": 0.1, ""no_repeated_tool"": 0.1, ""no_skip_required_probe"": 0.1, ""strict_action_match"": true, ""strict_argument_types"": true, ""wrong_action_cap"": 0.2}",True,1.0,"[""qwen_detection"", ""qwen_detection"", ""migration_advisor""]",qwen_detection,"[{""_planner_metrics"": {""api_call_ms"": 6822.539, ""first_api_call_ms"": 6822.539, ""first_finish_reason"": ""stop"", ""first_input_tokens"": 4017, ""first_output_tokens"": 48, ""first_total_tokens"": 4065, ""input_tokens"": 4017, ""output_tokens"": 48, ""parse_ms"": 0.162, ""planner_total_ms"": 6837.491, ""prompt_build_ms"": 0.598, ""retry_count"": 0, ""retry_reason"": """", ""total_tokens"": 4065}, ""action"": ""qwen_detection"", ""action_input"": {""finish_after_tool"": false, ""label"": ""焦糖十字分流块""}, ""clarification_question"": """", ""decision_type"": ""tool"", ""end_reason"": """", ""final_answer"": """", ""thought"": ""先执行用户指定的检测器以取得当前结构化状态。""}, {""_planner_metrics"": {""api_call_ms"": 7290.792, ""first_api_call_ms"": 7290.792, ""first_finish_reason"": ""stop"", ""first_input_tokens"": 4326, ""first_output_tokens"": 51, ""first_total_tokens"": 4377, ""input_tokens"": 4326, ""output_tokens"": 51, ""parse_ms"": 0.129, ""planner_total_ms"": 7307.423, ""prompt_build_ms"": 0.482, ""retry_count"": 0, ""retry_reason"": """", ""total_tokens"": 4377}, ""action"": ""qwen_detection"", ""action_input"": {""finish_after_tool"": false, ""label"": ""焦糖十字分流块""}, ""clarification_question"": """", ""decision_type"": ""tool"", ""end_reason"": """", ""final_answer"": """", ""thought"": ""最新状态满足错误状态重试条件，需要再次使用同一检测器。""}, {""_planner_metrics"": {""api_call_ms"": 9853.337, ""first_api_call_ms"": 9853.337, ""first_finish_reason"": ""stop"", ""first_input_tokens"": 4630, ""first_output_tokens"": 72, ""first_total_tokens"": 4702, ""input_tokens"": 4630, ""output_tokens"": 72, ""parse_ms"": 0.153, ""planner_total_ms"": 9868.471, ""prompt_build_ms"": 0.474, ""retry_count"": 0, ""retry_reason"": """", ""total_tokens"": 4702}, ""action"": ""migration_advisor"", ""action_input"": {""finish_after_tool"": true, ""use_image"": true, ""use_visual_probe"": true, ""user_query"": ""火星车悬架试验间重试边界复审7063号""}, ""clarification_question"": """", ""decision_type"": ""tool"", ""end_reason"": """", ""final_answer"": """", ""thought"": ""最新状态未满足结束或重试条件，需要进入能力迁移评估。""}]",,6837.491,6822.539,4017,48,1,1,True,False
PROMV12-TA-007-REX-CS2,current_success_step2,旧故障结论不得覆盖最后一条结构化回执：先使用Rex-Omni检测附件中的焦糖十字分流块，检测结果仅作为中间状态。最终需要判断类器官灌流培养台稳定状态会签3047号应继续现有能力、结束，还是进入迁移评估。自然语言里的故障等级和预算描述没有路由优先级，只读取本 query 最新 observation 的结构化键值。错误状态仅在 retryable=true 与 retry_count=0 同时成立时复用原检测器一次，否则调用迁移顾问。正常状态需要候选数、置信度、跨提示一致性和域偏移四个门槛全部通过才结束，任一否决项都转迁移。缺省、非法、冲突状态采取保守分支；已经重试一次的结果不能再次触发检测器。检测器必须设置 finish_after_tool=false；迁移顾问使用当前图片和视觉探针并设置 finish_after_tool=true。,True,examples/images/planner_retry_optimizer_matched_v12/caramel_cross_diverter.png,"[{""action"": ""rexomni_detection"", ""arg_contains"": {""label"": [""焦糖十字分流块""]}, ""decision_type"": ""tool"", ""required_args"": {""finish_after_tool"": false}}, {""arg_contains"": {}, ""decision_type"": ""end"", ""required_args"": {""end_reason"": ""memory_hit""}}]","[""rag_answer"", ""re_question"", ""answerer"", ""flux-image-generation"", ""qwen_detection"", ""pipeline_eval"", ""migration_advisor""]","{""action_match"": 0.65, ""argument_match"": 0.1, ""decision_type_valid"": 0.03, ""final_tool_finish"": 0.1, ""finish_after_tool"": 0.1, ""json_valid"": 0.02, ""no_forbidden_action"": 0.1, ""no_premature_stop"": 0.1, ""no_repeated_tool"": 0.1, ""no_skip_required_probe"": 0.1, ""strict_action_match"": true, ""strict_argument_types"": true, ""wrong_action_cap"": 0.2}",True,1.0,"[""rexomni_detection"", ""final_answer""]",rexomni_detection,"[{""_planner_metrics"": {""api_call_ms"": 6904.605, ""first_api_call_ms"": 6904.605, ""first_finish_reason"": ""stop"", ""first_input_tokens"": 4022, ""first_output_tokens"": 49, ""first_total_tokens"": 4071, ""input_tokens"": 4022, ""output_tokens"": 49, ""parse_ms"": 0.138, ""planner_total_ms"": 6918.957, ""prompt_build_ms"": 0.45, ""retry_count"": 0, ""retry_reason"": """", ""total_tokens"": 4071}, ""action"": ""rexomni_detection"", ""action_input"": {""finish_after_tool"": false, ""label"": ""焦糖十字分流块""}, ""clarification_question"": """", ""decision_type"": ""tool"", ""end_reason"": """", ""final_answer"": """", ""thought"": ""先执行用户指定的检测器以取得当前结构化状态。""}, {""_planner_metrics"": {""api_call_ms"": 5354.545, ""first_api_call_ms"": 5354.545, ""first_finish_reason"": ""stop"", ""first_input_tokens"": 4327, ""first_output_tokens"": 34, ""first_total_tokens"": 4361, ""input_tokens"": 4327, ""output_tokens"": 34, ""parse_ms"": 0.137, ""planner_total_ms"": 5368.711, ""prompt_build_ms"": 0.469, ""retry_count"": 0, ""retry_reason"": """", ""total_tokens"": 4361}, ""action"": ""final_answer"", ""action_input"": {}, ""clarification_question"": """", ""decision_type"": ""end"", ""end_reason"": ""memory_hit"", ""final_answer"": """", ""thought"": ""最新结构化状态已满足全部硬门槛，可以结束本轮规划。""}]",,6918.957,6904.605,4022,49,1,1,True,False
PROMV12-TA-008-REX-FR2,fresh_retry_step2,完成本轮异常探针的最终路由：先使用Rex-Omni检测附件中的焦糖十字分流块，检测结果仅作为中间状态。最终需要判断非晶合金铸造炉异常路径终验9752号应继续现有能力、结束，还是进入迁移评估。自然语言里的故障等级和预算描述没有路由优先级，只读取本 query 最新 observation 的结构化键值。错误状态仅在 retryable=true 与 retry_count=0 同时成立时复用原检测器一次，否则调用迁移顾问。正常状态需要候选数、置信度、跨提示一致性和域偏移四个门槛全部通过才结束，任一否决项都转迁移。缺省、非法、冲突状态采取保守分支；已经重试一次的结果不能再次触发检测器。检测器必须设置 finish_after_tool=false；迁移顾问使用当前图片和视觉探针并设置 finish_after_tool=true。,True,examples/images/planner_retry_optimizer_matched_v12/caramel_cross_diverter.png,"[{""action"": ""rexomni_detection"", ""arg_contains"": {""label"": [""焦糖十字分流块""]}, ""decision_type"": ""tool"", ""required_args"": {""finish_after_tool"": false}}, {""action"": ""rexomni_detection"", ""arg_contains"": {""label"": [""焦糖十字分流块""]}, ""decision_type"": ""tool"", ""required_args"": {""finish_after_tool"": false}}, {""arg_contains"": {}, ""decision_type"": ""end"", ""required_args"": {""end_reason"": ""memory_hit""}}]","[""rag_answer"", ""re_question"", ""answerer"", ""flux-image-generation"", ""qwen_detection"", ""pipeline_eval"", ""migration_advisor""]","{""action_match"": 0.65, ""argument_match"": 0.1, ""decision_type_valid"": 0.03, ""final_tool_finish"": 0.1, ""finish_after_tool"": 0.1, ""json_valid"": 0.02, ""no_forbidden_action"": 0.1, ""no_premature_stop"": 0.1, ""no_repeated_tool"": 0.1, ""no_skip_required_probe"": 0.1, ""strict_action_match"": true, ""strict_argument_types"": true, ""wrong_action_cap"": 0.2}",False,0.725,"[""rexomni_detection"", ""rexomni_detection"", ""migration_advisor""]",rexomni_detection,"[{""_planner_metrics"": {""api_call_ms"": 6911.986, ""first_api_call_ms"": 6911.986, ""first_finish_reason"": ""stop"", ""first_input_tokens"": 4017, ""first_output_tokens"": 49, ""first_total_tokens"": 4066, ""input_tokens"": 4017, ""output_tokens"": 49, ""parse_ms"": 0.147, ""planner_total_ms"": 6925.76, ""prompt_build_ms"": 0.421, ""retry_count"": 0, ""retry_reason"": """", ""total_tokens"": 4066}, ""action"": ""rexomni_detection"", ""action_input"": {""finish_after_tool"": false, ""label"": ""焦糖十字分流块""}, ""clarification_question"": """", ""decision_type"": ""tool"", ""end_reason"": """", ""final_answer"": """", ""thought"": ""先执行用户指定的检测器以取得当前结构化状态。""}, {""_planner_metrics"": {""api_call_ms"": 7027.315, ""first_api_call_ms"": 7027.315, ""first_finish_reason"": ""stop"", ""first_input_tokens"": 4328, ""first_output_tokens"": 49, ""first_total_tokens"": 4377, ""input_tokens"": 4328, ""output_tokens"": 49, ""parse_ms"": 0.146, ""planner_total_ms"": 7041.718, ""prompt_build_ms"": 0.471, ""retry_count"": 0, ""retry_reason"": """", ""total_tokens"": 4377}, ""action"": ""rexomni_detection"", ""action_input"": {""finish_after_tool"": false, ""label"": ""焦糖十字分流块""}, ""clarification_question"": """", ""decision_type"": ""tool"", ""end_reason"": """", ""final_answer"": """", ""thought"": ""先执行用户指定的检测器以取得当前结构化状态。""}, {""_planner_metrics"": {""api_call_ms"": 10037.341, ""first_api_call_ms"": 10037.341, ""first_finish_reason"": ""stop"", ""first_input_tokens"": 4630, ""first_output_tokens"": 73, ""first_total_tokens"": 4703, ""input_tokens"": 4630, ""output_tokens"": 73, ""parse_ms"": 0.144, ""planner_total_ms"": 10052.795, ""prompt_build_ms"": 0.58, ""retry_count"": 0, ""retry_reason"": """", ""total_tokens"": 4703}, ""action"": ""migration_advisor"", ""action_input"": {""finish_after_tool"": true, ""use_image"": true, ""use_visual_probe"": true, ""user_query"": ""非晶合金铸造炉异常路径终验9752号""}, ""clarification_question"": """", ""decision_type"": ""tool"", ""end_reason"": """", ""final_answer"": """", ""thought"": ""最新状态未满足结束或重试条件，需要进入能力迁移评估。""}]","step3:decision_type expected 'end', got 'tool' | step3:action expected 'end', got 'migration_advisor' | step3:arg 'end_reason' expected 'memory_hit', got '' | forbidden:migration_advisor",6925.76,6911.986,4017,49,0,1,False,True
PROMV12-TA-003-QWEN-FR2,fresh_retry_step2,旧故障结论不得覆盖最后一条结构化回执：先使用Qwen检测附件中的冰青三辐锁紧轮，检测结果仅作为中间状态。最终需要判断深水码头输油站重试边界复审2398号应继续现有能力、结束，还是进入迁移评估。自然语言里的故障等级和预算描述没有路由优先级，只读取本 query 最新 observation 的结构化键值。错误状态仅在 retryable=true 与 retry_count=0 同时成立时复用原检测器一次，否则调用迁移顾问。正常状态需要候选数、置信度、跨提示一致性和域偏移四个门槛全部通过才结束，任一否决项都转迁移。缺省、非法、冲突状态采取保守分支；已经重试一次的结果不能再次触发检测器。检测器必须设置 finish_after_tool=false；迁移顾问使用当前图片和视觉探针并设置 finish_after_tool=true。,True,examples/images/planner_retry_optimizer_matched_v12/icecyan_three_spoke_lockwheel.png,"[{""action"": ""qwen_detection"", ""arg_contains"": {""label"": [""冰青三辐锁紧轮""]}, ""decision_type"": ""tool"", ""required_args"": {""finish_after_tool"": false}}, {""action"": ""qwen_detection"", ""arg_contains"": {""label"": [""冰青三辐锁紧轮""]}, ""decision_type"": ""tool"", ""required_args"": {""finish_after_tool"": false}}, {""arg_contains"": {}, ""decision_type"": ""end"", ""required_args"": {""end_reason"": ""memory_hit""}}]","[""rag_answer"", ""re_question"", ""answerer"", ""flux-image-generation"", ""rexomni_detection"", ""pipeline_eval"", ""migration_advisor""]","{""action_match"": 0.65, ""argument_match"": 0.1, ""decision_type_valid"": 0.03, ""final_tool_finish"": 0.1, ""finish_after_tool"": 0.1, ""json_valid"": 0.02, ""no_forbidden_action"": 0.1, ""no_premature_stop"": 0.1, ""no_repeated_tool"": 0.1, ""no_skip_required_probe"": 0.1, ""strict_action_match"": true, ""strict_argument_types"": true, ""wrong_action_cap"": 0.2}",False,0.75625,"[""qwen_detection"", ""qwen_detection"", ""qwen_detection""]",qwen_detection,"[{""_planner_metrics"": {""api_call_ms"": 7169.352, ""first_api_call_ms"": 7169.352, ""first_finish_reason"": ""stop"", ""first_input_tokens"": 4022, ""first_output_tokens"": 51, ""first_total_tokens"": 4073, ""input_tokens"": 4022, ""output_tokens"": 51, ""parse_ms"": 0.172, ""planner_total_ms"": 7182.962, ""prompt_build_ms"": 0.445, ""retry_count"": 0, ""retry_reason"": """", ""total_tokens"": 4073}, ""action"": ""qwen_detection"", ""action_input"": {""finish_after_tool"": false, ""label"": ""冰青三辐锁紧轮""}, ""clarification_question"": """", ""decision_type"": ""tool"", ""end_reason"": """", ""final_answer"": """", ""thought"": ""先执行用户指定的检测器以取得当前结构化状态。""}, {""_planner_metrics"": {""api_call_ms"": 7569.53, ""first_api_call_ms"": 7569.53, ""first_finish_reason"": ""stop"", ""first_input_tokens"": 4324, ""first_output_tokens"": 54, ""first_total_tokens"": 4378, ""input_tokens"": 4324, ""output_tokens"": 54, ""parse_ms"": 0.259, ""planner_total_ms"": 7584.985, ""prompt_build_ms"": 0.525, ""retry_count"": 0, ""retry_reason"": """", ""total_tokens"": 4378}, ""action"": ""qwen_detection"", ""action_input"": {""finish_after_tool"": false, ""label"": ""冰青三辐锁紧轮""}, ""clarification_question"": """", ""decision_type"": ""tool"", ""end_reason"": """", ""final_answer"": """", ""thought"": ""最新状态未满足结束或迁移条件，需要继续按规则推进。""}, {""_planner_metrics"": {""api_call_ms"": 7763.381, ""first_api_call_ms"": 7763.381, ""first_finish_reason"": ""stop"", ""first_input_tokens"": 4625, ""first_output_tokens"": 54, ""first_total_tokens"": 4679, ""input_tokens"": 4625, ""output_tokens"": 54, ""parse_ms"": 0.152, ""planner_total_ms"": 7779.045, ""prompt_build_ms"": 0.629, ""retry_count"": 0, ""retry_reason"": """", ""total_tokens"": 4679}, ""action"": ""qwen_detection"", ""action_input"": {""finish_after_tool"": false, ""label"": ""冰青三辐锁紧轮""}, ""clarification_question"": """", ""decision_type"": ""tool"", ""end_reason"": """", ""final_answer"": """", ""thought"": ""最新状态未满足结束或迁移条件，需要继续按规则推进。""}]","step3:decision_type expected 'end', got 'tool' | step3:action expected 'end', got 'qwen_detection' | step3:arg 'end_reason' expected 'memory_hit', got ''",7182.962,7169.352,4022,51,0,1,False,True
PROMV12-TA-001-REX-MS2,missing_required_state_step2,旧故障结论不得覆盖最后一条结构化回执：先使用Rex-Omni检测附件中的冰青三辐锁紧轮，检测结果仅作为中间状态。最终需要判断火星车悬架试验间异常路径终验7873号应继续现有能力、结束，还是进入迁移评估。自然语言里的故障等级和预算描述没有路由优先级，只读取本 query 最新 observation 的结构化键值。错误状态仅在 retryable=true 与 retry_count=0 同时成立时复用原检测器一次，否则调用迁移顾问。正常状态需要候选数、置信度、跨提示一致性和域偏移四个门槛全部通过才结束，任一否决项都转迁移。缺省、非法、冲突状态采取保守分支；已经重试一次的结果不能再次触发检测器。检测器必须设置 finish_after_tool=false；迁移顾问使用当前图片和视觉探针并设置 finish_after_tool=true。,True,examples/images/planner_retry_optimizer_matched_v12/icecyan_three_spoke_lockwheel.png,"[{""action"": ""rexomni_detection"", ""arg_contains"": {""label"": [""冰青三辐锁紧轮""]}, ""decision_type"": ""tool"", ""required_args"": {""finish_after_tool"": false}}, {""action"": ""migration_advisor"", ""arg_contains"": {""user_query"": [""火星车悬架试验间异常路径终验7873号""]}, ""decision_type"": ""tool"", ""required_args"": {""finish_after_tool"": true, ""use_image"": true, ""use_visual_probe"": true}}]","[""rag_answer"", ""re_question"", ""answerer"", ""flux-image-generation"", ""qwen_detection"", ""pipeline_eval""]","{""action_match"": 0.65, ""argument_match"": 0.1, ""decision_type_valid"": 0.03, ""final_tool_finish"": 0.1, ""finish_after_tool"": 0.1, ""json_valid"": 0.02, ""no_forbidden_action"": 0.1, ""no_premature_stop"": 0.1, ""no_repeated_tool"": 0.1, ""no_skip_required_probe"": 0.1, ""strict_action_match"": true, ""strict_argument_types"": true, ""wrong_action_cap"": 0.2}",False,0.586957,"[""rexomni_detection"", ""rexomni_detection""]",rexomni_detection,"[{""_planner_metrics"": {""api_call_ms"": 7227.405, ""first_api_call_ms"": 7227.405, ""first_finish_reason"": ""stop"", ""first_input_tokens"": 4030, ""first_output_tokens"": 52, ""first_total_tokens"": 4082, ""input_tokens"": 4030, ""output_tokens"": 52, ""parse_ms"": 0.136, ""planner_total_ms"": 7243.637, ""prompt_build_ms"": 0.47, ""retry_count"": 0, ""retry_reason"": """", ""total_tokens"": 4082}, ""action"": ""rexomni_detection"", ""action_input"": {""finish_after_tool"": false, ""label"": ""冰青三辐锁紧轮""}, ""clarification_question"": """", ""decision_type"": ""tool"", ""end_reason"": """", ""final_answer"": """", ""thought"": ""先执行用户指定的检测器以取得当前结构化状态。""}, {""_planner_metrics"": {""api_call_ms"": 7668.833, ""first_api_call_ms"": 7668.833, ""first_finish_reason"": ""stop"", ""first_input_tokens"": 4341, ""first_output_tokens"": 55, ""first_total_tokens"": 4396, ""input_tokens"": 4341, ""output_tokens"": 55, ""parse_ms"": 0.148, ""planner_total_ms"": 7683.867, ""prompt_build_ms"": 0.481, ""retry_count"": 0, ""retry_reason"": """", ""total_tokens"": 4396}, ""action"": ""rexomni_detection"", ""action_input"": {""finish_after_tool"": false, ""label"": ""冰青三辐锁紧轮""}, ""clarification_question"": """", ""decision_type"": ""tool"", ""end_reason"": """", ""final_answer"": """", ""thought"": ""最新状态未满足结束或迁移条件，需要继续更新结构化状态。""}]","step2:action expected 'migration_advisor', got 'rexomni_detection' | step2:finish_after_tool expected True, got False | step2:arg 'use_image' expected True, got None | step2:arg 'use_visual_probe' expected True, got None | step2:arg 'user_query' expected to contain ['火星车悬架试验间异常路径终验7873号'], got None",7243.637,7227.405,4030,52,0,1,False,True
PROMV12-TA-002-QWEN-NR2,nonretryable_step2,迁移队列已经建立，请先裁决最新机器状态：先使用Qwen检测附件中的焦糖十字分流块，检测结果仅作为中间状态。最终需要判断火星车悬架试验间重试边界复审7063号应继续现有能力、结束，还是进入迁移评估。自然语言里的故障等级和预算描述没有路由优先级，只读取本 query 最新 observation 的结构化键值。错误状态仅在 retryable=true 与 retry_count=0 同时成立时复用原检测器一次，否则调用迁移顾问。正常状态需要候选数、置信度、跨提示一致性和域偏移四个门槛全部通过才结束，任一否决项都转迁移。缺省、非法、冲突状态采取保守分支；已经重试一次的结果不能再次触发检测器。检测器必须设置 finish_after_tool=false；迁移顾问使用当前图片和视觉探针并设置 finish_after_tool=true。,True,examples/images/planner_retry_optimizer_matched_v12/caramel_cross_diverter.png,"[{""action"": ""qwen_detection"", ""arg_contains"": {""label"": [""焦糖十字分流块""]}, ""decision_type"": ""tool"", ""required_args"": {""finish_after_tool"": false}}, {""action"": ""migration_advisor"", ""arg_contains"": {""user_query"": [""火星车悬架试验间重试边界复审7063号""]}, ""decision_type"": ""tool"", ""required_args"": {""finish_after_tool"": true, ""use_image"": true, ""use_visual_probe"": true}}]","[""rag_answer"", ""re_question"", ""answerer"", ""flux-image-generation"", ""rexomni_detection"", ""pipeline_eval""]","{""action_match"": 0.65, ""argument_match"": 0.1, ""decision_type_valid"": 0.03, ""final_tool_finish"": 0.1, ""finish_after_tool"": 0.1, ""json_valid"": 0.02, ""no_forbidden_action"": 0.1, ""no_premature_stop"": 0.1, ""no_repeated_tool"": 0.1, ""no_skip_required_probe"": 0.1, ""strict_action_match"": true, ""strict_argument_types"": true, ""wrong_action_cap"": 0.2}",True,1.0,"[""qwen_detection"", ""migration_advisor""]",qwen_detection,"[{""_planner_metrics"": {""api_call_ms"": 7121.923, ""first_api_call_ms"": 7121.923, ""first_finish_reason"": ""stop"", ""first_input_tokens"": 4017, ""first_output_tokens"": 51, ""first_total_tokens"": 4068, ""input_tokens"": 4017, ""output_tokens"": 51, ""parse_ms"": 0.139, ""planner_total_ms"": 7135.859, ""prompt_build_ms"": 0.429, ""retry_count"": 0, ""retry_reason"": """", ""total_tokens"": 4068}, ""action"": ""qwen_detection"", ""action_input"": {""finish_after_tool"": false, ""label"": ""焦糖十字分流块""}, ""clarification_question"": """", ""decision_type"": ""tool"", ""end_reason"": """", ""final_answer"": """", ""thought"": ""先使用用户指定的检测器对当前图片中的目标进行状态确认。""}, {""_planner_metrics"": {""api_call_ms"": 10184.004, ""first_api_call_ms"": 10184.004, ""first_finish_reason"": ""stop"", ""first_input_tokens"": 4329, ""first_output_tokens"": 72, ""first_total_tokens"": 4401, ""input_tokens"": 4329, ""output_tokens"": 72, ""parse_ms"": 0.153, ""planner_total_ms"": 10198.403, ""prompt_build_ms"": 0.482, ""retry_count"": 0, ""retry_reason"": """", ""total_tokens"": 4401}, ""action"": ""migration_advisor"", ""action_input"": {""finish_after_tool"": true, ""use_image"": true, ""use_visual_probe"": true, ""user_query"": ""火星车悬架试验间重试边界复审7063号""}, ""clarification_question"": """", ""decision_type"": ""tool"", ""end_reason"": """", ""final_answer"": """", ""thought"": ""最新状态未满足结束或重试条件，需要进入能力迁移评估。""}]",,7135.859,7121.923,4017,51,1,1,True,False
PROMV12-TA-010-REX-PS3,post_retry_success_step3,完成本轮异常探针的最终路由：先使用Rex-Omni检测附件中的焦糖十字分流块，检测结果仅作为中间状态。最终需要判断非晶合金铸造炉重试边界复审8156号应继续现有能力、结束，还是进入迁移评估。自然语言里的故障等级和预算描述没有路由优先级，只读取本 query 最新 observation 的结构化键值。错误状态仅在 retryable=true 与 retry_count=0 同时成立时复用原检测器一次，否则调用迁移顾问。正常状态需要候选数、置信度、跨提示一致性和域偏移四个门槛全部通过才结束，任一否决项都转迁移。缺省、非法、冲突状态采取保守分支；已经重试一次的结果不能再次触发检测器。检测器必须设置 finish_after_tool=false；迁移顾问使用当前图片和视觉探针并设置 finish_after_tool=true。,True,examples/images/planner_retry_optimizer_matched_v12/caramel_cross_diverter.png,"[{""action"": ""rexomni_detection"", ""arg_contains"": {""label"": [""焦糖十字分流块""]}, ""decision_type"": ""tool"", ""required_args"": {""finish_after_tool"": false}}, {""action"": ""rexomni_detection"", ""arg_contains"": {""label"": [""焦糖十字分流块""]}, ""decision_type"": ""tool"", ""required_args"": {""finish_after_tool"": false}}, {""arg_contains"": {}, ""decision_type"": ""end"", ""required_args"": {""end_reason"": ""memory_hit""}}]","[""rag_answer"", ""re_question"", ""answerer"", ""flux-image-generation"", ""qwen_detection"", ""pipeline_eval"", ""migration_advisor""]","{""action_match"": 0.65, ""argument_match"": 0.1, ""decision_type_valid"": 0.03, ""final_tool_finish"": 0.1, ""finish_after_tool"": 0.1, ""json_valid"": 0.02, ""no_forbidden_action"": 0.1, ""no_premature_stop"": 0.1, ""no_repeated_tool"": 0.1, ""no_skip_required_probe"": 0.1, ""strict_action_match"": true, ""strict_argument_types"": true, ""wrong_action_cap"": 0.2}",False,0.725,"[""rexomni_detection"", ""rexomni_detection"", ""migration_advisor""]",rexomni_detection,"[{""_planner_metrics"": {""api_call_ms"": 7250.426, ""first_api_call_ms"": 7250.426, ""first_finish_reason"": ""stop"", ""first_input_tokens"": 4015, ""first_output_tokens"": 49, ""first_total_tokens"": 4064, ""input_tokens"": 4015, ""output_tokens"": 49, ""parse_ms"": 0.139, ""planner_total_ms"": 7265.037, ""prompt_build_ms"": 0.449, ""retry_count"": 0, ""retry_reason"": """", ""total_tokens"": 4064}, ""action"": ""rexomni_detection"", ""action_input"": {""finish_after_tool"": false, ""label"": ""焦糖十字分流块""}, ""clarification_question"": """", ""decision_type"": ""tool"", ""end_reason"": """", ""final_answer"": """", ""thought"": ""先执行用户指定的检测器以取得当前结构化状态。""}, {""_planner_metrics"": {""api_call_ms"": 7454.397, ""first_api_call_ms"": 7454.397, ""first_finish_reason"": ""stop"", ""first_input_tokens"": 4320, ""first_output_tokens"": 53, ""first_total_tokens"": 4373, ""input_tokens"": 4320, ""output_tokens"": 53, ""parse_ms"": 0.164, ""planner_total_ms"": 7470.119, ""prompt_build_ms"": 0.482, ""retry_count"": 0, ""retry_reason"": """", ""total_tokens"": 4373}, ""action"": ""rexomni_detection"", ""action_input"": {""finish_after_tool"": false, ""label"": ""焦糖十字分流块""}, ""clarification_question"": """", ""decision_type"": ""tool"", ""end_reason"": """", ""final_answer"": """", ""thought"": ""最新状态满足错误状态的重试条件，需要再次使用同一检测器。""}, {""_planner_metrics"": {""api_call_ms"": 9810.053, ""first_api_call_ms"": 9810.053, ""first_finish_reason"": ""stop"", ""first_input_tokens"": 4623, ""first_output_tokens"": 72, ""first_total_tokens"": 4695, ""input_tokens"": 4623, ""output_tokens"": 72, ""parse_ms"": 0.192, ""planner_total_ms"": 9824.754, ""prompt_build_ms"": 0.501, ""retry_count"": 0, ""retry_reason"": """", ""total_tokens"": 4695}, ""action"": ""migration_advisor"", ""action_input"": {""finish_after_tool"": true, ""use_image"": true, ""use_visual_probe"": true, ""user_query"": ""非晶合金铸造炉重试边界复审8156号""}, ""clarification_question"": """", ""decision_type"": ""tool"", ""end_reason"": """", ""final_answer"": """", ""thought"": ""最新状态未满足结束或重试条件，需要进入能力迁移评估。""}]","step3:decision_type expected 'end', got 'tool' | step3:action expected 'end', got 'migration_advisor' | step3:arg 'end_reason' expected 'memory_hit', got '' | forbidden:migration_advisor",7265.037,7250.426,4015,49,0,1,False,True
PROMV12-TA-012-QWEN-FR2,fresh_retry_step2,完成本轮异常探针的最终路由：先使用Qwen检测附件中的冰青三辐锁紧轮，检测结果仅作为中间状态。最终需要判断深水码头输油站稳定状态会签5128号应继续现有能力、结束，还是进入迁移评估。自然语言里的故障等级和预算描述没有路由优先级，只读取本 query 最新 observation 的结构化键值。错误状态仅在 retryable=true 与 retry_count=0 同时成立时复用原检测器一次，否则调用迁移顾问。正常状态需要候选数、置信度、跨提示一致性和域偏移四个门槛全部通过才结束，任一否决项都转迁移。缺省、非法、冲突状态采取保守分支；已经重试一次的结果不能再次触发检测器。检测器必须设置 finish_after_tool=false；迁移顾问使用当前图片和视觉探针并设置 finish_after_tool=true。,True,examples/images/planner_retry_optimizer_matched_v12/icecyan_three_spoke_lockwheel.png,"[{""action"": ""qwen_detection"", ""arg_contains"": {""label"": [""冰青三辐锁紧轮""]}, ""decision_type"": ""tool"", ""required_args"": {""finish_after_tool"": false}}, {""action"": ""qwen_detection"", ""arg_contains"": {""label"": [""冰青三辐锁紧轮""]}, ""decision_type"": ""tool"", ""required_args"": {""finish_after_tool"": false}}, {""arg_contains"": {}, ""decision_type"": ""end"", ""required_args"": {""end_reason"": ""memory_hit""}}]","[""rag_answer"", ""re_question"", ""answerer"", ""flux-image-generation"", ""rexomni_detection"", ""pipeline_eval"", ""migration_advisor""]","{""action_match"": 0.65, ""argument_match"": 0.1, ""decision_type_valid"": 0.03, ""final_tool_finish"": 0.1, ""finish_after_tool"": 0.1, ""json_valid"": 0.02, ""no_forbidden_action"": 0.1, ""no_premature_stop"": 0.1, ""no_repeated_tool"": 0.1, ""no_skip_required_probe"": 0.1, ""strict_action_match"": true, ""strict_argument_types"": true, ""wrong_action_cap"": 0.2}",False,0.428125,"[""qwen_detection"", ""migration_advisor"", ""migration_advisor""]",qwen_detection,"[{""_planner_metrics"": {""api_call_ms"": 7114.367, ""first_api_call_ms"": 7114.367, ""first_finish_reason"": ""stop"", ""first_input_tokens"": 4018, ""first_output_tokens"": 51, ""first_total_tokens"": 4069, ""input_tokens"": 4018, ""output_tokens"": 51, ""parse_ms"": 0.207, ""planner_total_ms"": 7128.196, ""prompt_build_ms"": 0.472, ""retry_count"": 0, ""retry_reason"": """", ""total_tokens"": 4069}, ""action"": ""qwen_detection"", ""action_input"": {""finish_after_tool"": false, ""label"": ""冰青三辐锁紧轮""}, ""clarification_question"": """", ""decision_type"": ""tool"", ""end_reason"": """", ""final_answer"": """", ""thought"": ""先执行用户指定的检测器以取得当前结构化状态。""}, {""_planner_metrics"": {""api_call_ms"": 9774.089, ""first_api_call_ms"": 9774.089, ""first_finish_reason"": ""stop"", ""first_input_tokens"": 4331, ""first_output_tokens"": 73, ""first_total_tokens"": 4404, ""input_tokens"": 4331, ""output_tokens"": 73, ""parse_ms"": 0.176, ""planner_total_ms"": 9790.161, ""prompt_build_ms"": 0.599, ""retry_count"": 0, ""retry_reason"": """", ""total_tokens"": 4404}, ""action"": ""migration_advisor"", ""action_input"": {""finish_after_tool"": true, ""use_image"": true, ""use_visual_probe"": true, ""user_query"": ""深水码头输油站稳定状态会签5128号""}, ""clarification_question"": """", ""decision_type"": ""tool"", ""end_reason"": """", ""final_answer"": """", ""thought"": ""最新状态未满足结束或重试条件，需要进入能力迁移评估。""}, {""_planner_metrics"": {""api_call_ms"": 10082.828, ""first_api_call_ms"": 10082.828, ""first_finish_reason"": ""stop"", ""first_input_tokens"": 4665, ""first_output_tokens"": 73, ""first_total_tokens"": 4738, ""input_tokens"": 4665, ""output_tokens"": 73, ""parse_ms"": 0.159, ""planner_total_ms"": 10100.577, ""prompt_build_ms"": 0.456, ""retry_count"": 0, ""retry_reason"": """", ""total_tokens"": 4738}, ""action"": ""migration_advisor"", ""action_input"": {""finish_after_tool"": true, ""use_image"": true, ""use_visual_probe"": true, ""user_query"": ""深水码头输油站稳定状态会签5128号""}, ""clarification_question"": """", ""decision_type"": ""tool"", ""end_reason"": """", ""final_answer"": """", ""thought"": ""最新状态未满足结束或重试条件，需要进入能力迁移评估。""}]","step2:action expected 'qwen_detection', got 'migration_advisor' | step2:finish_after_tool expected False, got True | step2:arg 'label' expected to contain ['冰青三辐锁紧轮'], got None | step3:decision_type expected 'end', got 'tool' | step3:action expected 'end', got 'migration_advisor' | step3:arg 'end_reason' expected 'memory_hit', got '' | forbidden:migration_advisor | forbidden:migration_advisor",7128.196,7114.367,4018,51,0,1,False,True
PROMV12-TA-005-QWEN-PS3,post_retry_success_step3,设备失联只是背景，仍须核对当前显式额度：先使用Qwen检测附件中的冰青三辐锁紧轮，检测结果仅作为中间状态。最终需要判断类器官灌流培养台重试边界复审5611号应继续现有能力、结束，还是进入迁移评估。自然语言里的故障等级和预算描述没有路由优先级，只读取本 query 最新 observation 的结构化键值。错误状态仅在 retryable=true 与 retry_count=0 同时成立时复用原检测器一次，否则调用迁移顾问。正常状态需要候选数、置信度、跨提示一致性和域偏移四个门槛全部通过才结束，任一否决项都转迁移。缺省、非法、冲突状态采取保守分支；已经重试一次的结果不能再次触发检测器。检测器必须设置 finish_after_tool=false；迁移顾问使用当前图片和视觉探针并设置 finish_after_tool=true。,True,examples/images/planner_retry_optimizer_matched_v12/icecyan_three_spoke_lockwheel.png,"[{""action"": ""qwen_detection"", ""arg_contains"": {""label"": [""冰青三辐锁紧轮""]}, ""decision_type"": ""tool"", ""required_args"": {""finish_after_tool"": false}}, {""action"": ""qwen_detection"", ""arg_contains"": {""label"": [""冰青三辐锁紧轮""]}, ""decision_type"": ""tool"", ""required_args"": {""finish_after_tool"": false}}, {""arg_contains"": {}, ""decision_type"": ""end"", ""required_args"": {""end_reason"": ""memory_hit""}}]","[""rag_answer"", ""re_question"", ""answerer"", ""flux-image-generation"", ""rexomni_detection"", ""pipeline_eval"", ""migration_advisor""]","{""action_match"": 0.65, ""argument_match"": 0.1, ""decision_type_valid"": 0.03, ""final_tool_finish"": 0.1, ""finish_after_tool"": 0.1, ""json_valid"": 0.02, ""no_forbidden_action"": 0.1, ""no_premature_stop"": 0.1, ""no_repeated_tool"": 0.1, ""no_skip_required_probe"": 0.1, ""strict_action_match"": true, ""strict_argument_types"": true, ""wrong_action_cap"": 0.2}",False,0.725,"[""qwen_detection"", ""qwen_detection"", ""migration_advisor""]",qwen_detection,"[{""_planner_metrics"": {""api_call_ms"": 7352.551, ""first_api_call_ms"": 7352.551, ""first_finish_reason"": ""stop"", ""first_input_tokens"": 4030, ""first_output_tokens"": 51, ""first_total_tokens"": 4081, ""input_tokens"": 4030, ""output_tokens"": 51, ""parse_ms"": 0.151, ""planner_total_ms"": 7367.167, ""prompt_build_ms"": 0.432, ""retry_count"": 0, ""retry_reason"": """", ""total_tokens"": 4081}, ""action"": ""qwen_detection"", ""action_input"": {""finish_after_tool"": false, ""label"": ""冰青三辐锁紧轮""}, ""clarification_question"": """", ""decision_type"": ""tool"", ""end_reason"": """", ""final_answer"": """", ""thought"": ""先执行用户指定的检测器以取得当前结构化状态。""}, {""_planner_metrics"": {""api_call_ms"": 7827.739, ""first_api_call_ms"": 7827.739, ""first_finish_reason"": ""stop"", ""first_input_tokens"": 4344, ""first_output_tokens"": 55, ""first_total_tokens"": 4399, ""input_tokens"": 4344, ""output_tokens"": 55, ""parse_ms"": 0.167, ""planner_total_ms"": 7843.603, ""prompt_build_ms"": 0.492, ""retry_count"": 0, ""retry_reason"": """", ""total_tokens"": 4399}, ""action"": ""qwen_detection"", ""action_input"": {""finish_after_tool"": false, ""label"": ""冰青三辐锁紧轮""}, ""clarification_question"": """", ""decision_type"": ""tool"", ""end_reason"": """", ""final_answer"": """", ""thought"": ""最新状态满足错误状态的重试条件，需要再次使用同一检测器。""}, {""_planner_metrics"": {""api_call_ms"": 9948.179, ""first_api_call_ms"": 9948.179, ""first_finish_reason"": ""stop"", ""first_input_tokens"": 4654, ""first_output_tokens"": 73, ""first_total_tokens"": 4727, ""input_tokens"": 4654, ""output_tokens"": 73, ""parse_ms"": 0.144, ""planner_total_ms"": 9963.902, ""prompt_build_ms"": 0.551, ""retry_count"": 0, ""retry_reason"": """", ""total_tokens"": 4727}, ""action"": ""migration_advisor"", ""action_input"": {""finish_after_tool"": true, ""use_image"": true, ""use_visual_probe"": true, ""user_query"": ""类器官灌流培养台重试边界复审5611号""}, ""clarification_question"": """", ""decision_type"": ""tool"", ""end_reason"": """", ""final_answer"": """", ""thought"": ""最新状态未满足结束或重试条件，需要进入能力迁移评估。""}]","step3:decision_type expected 'end', got 'tool' | step3:action expected 'end', got 'migration_advisor' | step3:arg 'end_reason' expected 'memory_hit', got '' | forbidden:migration_advisor",7367.167,7352.551,4030,51,0,1,False,True
PROMV12-TA-003-REX-PV3,post_retry_metric_veto_step3,旧故障结论不得覆盖最后一条结构化回执：先使用Rex-Omni检测附件中的冰青三辐锁紧轮，检测结果仅作为中间状态。最终需要判断深水码头输油站重试边界复审2398号应继续现有能力、结束，还是进入迁移评估。自然语言里的故障等级和预算描述没有路由优先级，只读取本 query 最新 observation 的结构化键值。错误状态仅在 retryable=true 与 retry_count=0 同时成立时复用原检测器一次，否则调用迁移顾问。正常状态需要候选数、置信度、跨提示一致性和域偏移四个门槛全部通过才结束，任一否决项都转迁移。缺省、非法、冲突状态采取保守分支；已经重试一次的结果不能再次触发检测器。检测器必须设置 finish_after_tool=false；迁移顾问使用当前图片和视觉探针并设置 finish_after_tool=true。,True,examples/images/planner_retry_optimizer_matched_v12/icecyan_three_spoke_lockwheel.png,"[{""action"": ""rexomni_detection"", ""arg_contains"": {""label"": [""冰青三辐锁紧轮""]}, ""decision_type"": ""tool"", ""required_args"": {""finish_after_tool"": false}}, {""action"": ""rexomni_detection"", ""arg_contains"": {""label"": [""冰青三辐锁紧轮""]}, ""decision_type"": ""tool"", ""required_args"": {""finish_after_tool"": false}}, {""action"": ""migration_advisor"", ""arg_contains"": {""user_query"": [""深水码头输油站重试边界复审2398号""]}, ""decision_type"": ""tool"", ""required_args"": {""finish_after_tool"": true, ""use_image"": true, ""use_visual_probe"": true}}]","[""rag_answer"", ""re_question"", ""answerer"", ""flux-image-generation"", ""qwen_detection"", ""pipeline_eval""]","{""action_match"": 0.65, ""argument_match"": 0.1, ""decision_type_valid"": 0.03, ""final_tool_finish"": 0.1, ""finish_after_tool"": 0.1, ""json_valid"": 0.02, ""no_forbidden_action"": 0.1, ""no_premature_stop"": 0.1, ""no_repeated_tool"": 0.1, ""no_skip_required_probe"": 0.1, ""strict_action_match"": true, ""strict_argument_types"": true, ""wrong_action_cap"": 0.2}",False,0.734375,"[""rexomni_detection"", ""rexomni_detection"", ""rexomni_detection""]",rexomni_detection,"[{""_planner_metrics"": {""api_call_ms"": 7189.822, ""first_api_call_ms"": 7189.822, ""first_finish_reason"": ""stop"", ""first_input_tokens"": 4028, ""first_output_tokens"": 52, ""first_total_tokens"": 4080, ""input_tokens"": 4028, ""output_tokens"": 52, ""parse_ms"": 0.17, ""planner_total_ms"": 7203.558, ""prompt_build_ms"": 0.524, ""retry_count"": 0, ""retry_reason"": """", ""total_tokens"": 4080}, ""action"": ""rexomni_detection"", ""action_input"": {""finish_after_tool"": false, ""label"": ""冰青三辐锁紧轮""}, ""clarification_question"": """", ""decision_type"": ""tool"", ""end_reason"": """", ""final_answer"": """", ""thought"": ""先执行用户指定的检测器以取得当前结构化状态。""}, {""_planner_metrics"": {""api_call_ms"": 7687.262, ""first_api_call_ms"": 7687.262, ""first_finish_reason"": ""stop"", ""first_input_tokens"": 4334, ""first_output_tokens"": 55, ""first_total_tokens"": 4389, ""input_tokens"": 4334, ""output_tokens"": 55, ""parse_ms"": 0.142, ""planner_total_ms"": 7701.355, ""prompt_build_ms"": 0.55, ""retry_count"": 0, ""retry_reason"": """", ""total_tokens"": 4389}, ""action"": ""rexomni_detection"", ""action_input"": {""finish_after_tool"": false, ""label"": ""冰青三辐锁紧轮""}, ""clarification_question"": """", ""decision_type"": ""tool"", ""end_reason"": """", ""final_answer"": """", ""thought"": ""最新状态未满足结束或迁移条件，需要继续按规则推进。""}, {""_planner_metrics"": {""api_call_ms"": 7909.086, ""first_api_call_ms"": 7909.086, ""first_finish_reason"": ""stop"", ""first_input_tokens"": 4638, ""first_output_tokens"": 55, ""first_total_tokens"": 4693, ""input_tokens"": 4638, ""output_tokens"": 55, ""parse_ms"": 0.141, ""planner_total_ms"": 7923.863, ""prompt_build_ms"": 0.5, ""retry_count"": 0, ""retry_reason"": """", ""total_tokens"": 4693}, ""action"": ""rexomni_detection"", ""action_input"": {""finish_after_tool"": false, ""label"": ""冰青三辐锁紧轮""}, ""clarification_question"": """", ""decision_type"": ""tool"", ""end_reason"": """", ""final_answer"": """", ""thought"": ""最新状态未满足结束或迁移条件，需要继续按规则推进。""}]","step3:action expected 'migration_advisor', got 'rexomni_detection' | step3:finish_after_tool expected True, got False | step3:arg 'use_image' expected True, got None | step3:arg 'use_visual_probe' expected True, got None | step3:arg 'user_query' expected to contain ['深水码头输油站重试边界复审2398号'], got None",7203.558,7189.822,4028,52,0,1,False,True
PROMV12-TA-007-QWEN-BE2,budget_exhausted_step2,旧故障结论不得覆盖最后一条结构化回执：先使用Qwen检测附件中的焦糖十字分流块，检测结果仅作为中间状态。最终需要判断类器官灌流培养台稳定状态会签3047号应继续现有能力、结束，还是进入迁移评估。自然语言里的故障等级和预算描述没有路由优先级，只读取本 query 最新 observation 的结构化键值。错误状态仅在 retryable=true 与 retry_count=0 同时成立时复用原检测器一次，否则调用迁移顾问。正常状态需要候选数、置信度、跨提示一致性和域偏移四个门槛全部通过才结束，任一否决项都转迁移。缺省、非法、冲突状态采取保守分支；已经重试一次的结果不能再次触发检测器。检测器必须设置 finish_after_tool=false；迁移顾问使用当前图片和视觉探针并设置 finish_after_tool=true。,True,examples/images/planner_retry_optimizer_matched_v12/caramel_cross_diverter.png,"[{""action"": ""qwen_detection"", ""arg_contains"": {""label"": [""焦糖十字分流块""]}, ""decision_type"": ""tool"", ""required_args"": {""finish_after_tool"": false}}, {""action"": ""migration_advisor"", ""arg_contains"": {""user_query"": [""类器官灌流培养台稳定状态会签3047号""]}, ""decision_type"": ""tool"", ""required_args"": {""finish_after_tool"": true, ""use_image"": true, ""use_visual_probe"": true}}]","[""rag_answer"", ""re_question"", ""answerer"", ""flux-image-generation"", ""rexomni_detection"", ""pipeline_eval""]","{""action_match"": 0.65, ""argument_match"": 0.1, ""decision_type_valid"": 0.03, ""final_tool_finish"": 0.1, ""finish_after_tool"": 0.1, ""json_valid"": 0.02, ""no_forbidden_action"": 0.1, ""no_premature_stop"": 0.1, ""no_repeated_tool"": 0.1, ""no_skip_required_probe"": 0.1, ""strict_action_match"": true, ""strict_argument_types"": true, ""wrong_action_cap"": 0.2}",False,0.586957,"[""qwen_detection"", ""qwen_detection""]",qwen_detection,"[{""_planner_metrics"": {""api_call_ms"": 6827.285, ""first_api_call_ms"": 6827.285, ""first_finish_reason"": ""stop"", ""first_input_tokens"": 4019, ""first_output_tokens"": 48, ""first_total_tokens"": 4067, ""input_tokens"": 4019, ""output_tokens"": 48, ""parse_ms"": 0.274, ""planner_total_ms"": 6841.776, ""prompt_build_ms"": 0.363, ""retry_count"": 0, ""retry_reason"": """", ""total_tokens"": 4067}, ""action"": ""qwen_detection"", ""action_input"": {""finish_after_tool"": false, ""label"": ""焦糖十字分流块""}, ""clarification_question"": """", ""decision_type"": ""tool"", ""end_reason"": """", ""final_answer"": """", ""thought"": ""先执行用户指定的检测器以取得当前结构化状态。""}, {""_planner_metrics"": {""api_call_ms"": 7273.094, ""first_api_call_ms"": 7273.094, ""first_finish_reason"": ""stop"", ""first_input_tokens"": 4328, ""first_output_tokens"": 51, ""first_total_tokens"": 4379, ""input_tokens"": 4328, ""output_tokens"": 51, ""parse_ms"": 0.186, ""planner_total_ms"": 7288.376, ""prompt_build_ms"": 0.544, ""retry_count"": 0, ""retry_reason"": """", ""total_tokens"": 4379}, ""action"": ""qwen_detection"", ""action_input"": {""finish_after_tool"": false, ""label"": ""焦糖十字分流块""}, ""clarification_question"": """", ""decision_type"": ""tool"", ""end_reason"": """", ""final_answer"": """", ""thought"": ""最新状态未满足结束或迁移条件，需要继续获取结构化信息。""}]","step2:action expected 'migration_advisor', got 'qwen_detection' | step2:finish_after_tool expected True, got False | step2:arg 'use_image' expected True, got None | step2:arg 'use_visual_probe' expected True, got None | step2:arg 'user_query' expected to contain ['类器官灌流培养台稳定状态会签3047号'], got None",6841.776,6827.285,4019,48,0,1,False,True
PROMV12-TA-004-REX-CF2,conflicting_state_step2,迁移队列已经建立，请先裁决最新机器状态：先使用Rex-Omni检测附件中的冰青三辐锁紧轮，检测结果仅作为中间状态。最终需要判断类器官灌流培养台异常路径终验2905号应继续现有能力、结束，还是进入迁移评估。自然语言里的故障等级和预算描述没有路由优先级，只读取本 query 最新 observation 的结构化键值。错误状态仅在 retryable=true 与 retry_count=0 同时成立时复用原检测器一次，否则调用迁移顾问。正常状态需要候选数、置信度、跨提示一致性和域偏移四个门槛全部通过才结束，任一否决项都转迁移。缺省、非法、冲突状态采取保守分支；已经重试一次的结果不能再次触发检测器。检测器必须设置 finish_after_tool=false；迁移顾问使用当前图片和视觉探针并设置 finish_after_tool=true。,True,examples/images/planner_retry_optimizer_matched_v12/icecyan_three_spoke_lockwheel.png,"[{""action"": ""rexomni_detection"", ""arg_contains"": {""label"": [""冰青三辐锁紧轮""]}, ""decision_type"": ""tool"", ""required_args"": {""finish_after_tool"": false}}, {""action"": ""migration_advisor"", ""arg_contains"": {""user_query"": [""类器官灌流培养台异常路径终验2905号""]}, ""decision_type"": ""tool"", ""required_args"": {""finish_after_tool"": true, ""use_image"": true, ""use_visual_probe"": true}}]","[""rag_answer"", ""re_question"", ""answerer"", ""flux-image-generation"", ""qwen_detection"", ""pipeline_eval""]","{""action_match"": 0.65, ""argument_match"": 0.1, ""decision_type_valid"": 0.03, ""final_tool_finish"": 0.1, ""finish_after_tool"": 0.1, ""json_valid"": 0.02, ""no_forbidden_action"": 0.1, ""no_premature_stop"": 0.1, ""no_repeated_tool"": 0.1, ""no_skip_required_probe"": 0.1, ""strict_action_match"": true, ""strict_argument_types"": true, ""wrong_action_cap"": 0.2}",True,1.0,"[""rexomni_detection"", ""migration_advisor""]",rexomni_detection,"[{""_planner_metrics"": {""api_call_ms"": 7238.862, ""first_api_call_ms"": 7238.862, ""first_finish_reason"": ""stop"", ""first_input_tokens"": 4034, ""first_output_tokens"": 52, ""first_total_tokens"": 4086, ""input_tokens"": 4034, ""output_tokens"": 52, ""parse_ms"": 0.168, ""planner_total_ms"": 7255.277, ""prompt_build_ms"": 0.472, ""retry_count"": 0, ""retry_reason"": """", ""total_tokens"": 4086}, ""action"": ""rexomni_detection"", ""action_input"": {""finish_after_tool"": false, ""label"": ""冰青三辐锁紧轮""}, ""clarification_question"": """", ""decision_type"": ""tool"", ""end_reason"": """", ""final_answer"": """", ""thought"": ""先执行用户指定的检测器以取得当前结构化状态。""}, {""_planner_metrics"": {""api_call_ms"": 9844.65, ""first_api_call_ms"": 9844.65, ""first_finish_reason"": ""stop"", ""first_input_tokens"": 4337, ""first_output_tokens"": 74, ""first_total_tokens"": 4411, ""input_tokens"": 4337, ""output_tokens"": 74, ""parse_ms"": 0.153, ""planner_total_ms"": 9858.928, ""prompt_build_ms"": 0.463, ""retry_count"": 0, ""retry_reason"": """", ""total_tokens"": 4411}, ""action"": ""migration_advisor"", ""action_input"": {""finish_after_tool"": true, ""use_image"": true, ""use_visual_probe"": true, ""user_query"": ""类器官灌流培养台异常路径终验2905号""}, ""clarification_question"": """", ""decision_type"": ""tool"", ""end_reason"": """", ""final_answer"": """", ""thought"": ""最新状态未满足结束或重试条件，需要进入能力迁移评估。""}]",,7255.277,7238.862,4034,52,1,1,True,False
PROMV12-TA-004-QWEN-PS3,post_retry_success_step3,迁移队列已经建立，请先裁决最新机器状态：先使用Qwen检测附件中的冰青三辐锁紧轮，检测结果仅作为中间状态。最终需要判断类器官灌流培养台异常路径终验2905号应继续现有能力、结束，还是进入迁移评估。自然语言里的故障等级和预算描述没有路由优先级，只读取本 query 最新 observation 的结构化键值。错误状态仅在 retryable=true 与 retry_count=0 同时成立时复用原检测器一次，否则调用迁移顾问。正常状态需要候选数、置信度、跨提示一致性和域偏移四个门槛全部通过才结束，任一否决项都转迁移。缺省、非法、冲突状态采取保守分支；已经重试一次的结果不能再次触发检测器。检测器必须设置 finish_after_tool=false；迁移顾问使用当前图片和视觉探针并设置 finish_after_tool=true。,True,examples/images/planner_retry_optimizer_matched_v12/icecyan_three_spoke_lockwheel.png,"[{""action"": ""qwen_detection"", ""arg_contains"": {""label"": [""冰青三辐锁紧轮""]}, ""decision_type"": ""tool"", ""required_args"": {""finish_after_tool"": false}}, {""action"": ""qwen_detection"", ""arg_contains"": {""label"": [""冰青三辐锁紧轮""]}, ""decision_type"": ""tool"", ""required_args"": {""finish_after_tool"": false}}, {""arg_contains"": {}, ""decision_type"": ""end"", ""required_args"": {""end_reason"": ""memory_hit""}}]","[""rag_answer"", ""re_question"", ""answerer"", ""flux-image-generation"", ""rexomni_detection"", ""pipeline_eval"", ""migration_advisor""]","{""action_match"": 0.65, ""argument_match"": 0.1, ""decision_type_valid"": 0.03, ""final_tool_finish"": 0.1, ""finish_after_tool"": 0.1, ""json_valid"": 0.02, ""no_forbidden_action"": 0.1, ""no_premature_stop"": 0.1, ""no_repeated_tool"": 0.1, ""no_skip_required_probe"": 0.1, ""strict_action_match"": true, ""strict_argument_types"": true, ""wrong_action_cap"": 0.2}",False,0.75625,"[""qwen_detection"", ""qwen_detection"", ""qwen_detection""]",qwen_detection,"[{""_planner_metrics"": {""api_call_ms"": 7078.981, ""first_api_call_ms"": 7078.981, ""first_finish_reason"": ""stop"", ""first_input_tokens"": 4028, ""first_output_tokens"": 51, ""first_total_tokens"": 4079, ""input_tokens"": 4028, ""output_tokens"": 51, ""parse_ms"": 0.147, ""planner_total_ms"": 7093.289, ""prompt_build_ms"": 0.437, ""retry_count"": 0, ""retry_reason"": """", ""total_tokens"": 4079}, ""action"": ""qwen_detection"", ""action_input"": {""finish_after_tool"": false, ""label"": ""冰青三辐锁紧轮""}, ""clarification_question"": """", ""decision_type"": ""tool"", ""end_reason"": """", ""final_answer"": """", ""thought"": ""先执行用户指定的检测器以取得当前结构化状态。""}, {""_planner_metrics"": {""api_call_ms"": 7494.236, ""first_api_call_ms"": 7494.236, ""first_finish_reason"": ""stop"", ""first_input_tokens"": 4341, ""first_output_tokens"": 53, ""first_total_tokens"": 4394, ""input_tokens"": 4341, ""output_tokens"": 53, ""parse_ms"": 0.162, ""planner_total_ms"": 7508.658, ""prompt_build_ms"": 0.462, ""retry_count"": 0, ""retry_reason"": """", ""total_tokens"": 4394}, ""action"": ""qwen_detection"", ""action_input"": {""finish_after_tool"": false, ""label"": ""冰青三辐锁紧轮""}, ""clarification_question"": """", ""decision_type"": ""tool"", ""end_reason"": """", ""final_answer"": """", ""thought"": ""最新状态满足错误状态重试条件，应继续使用同一检测器。""}, {""_planner_metrics"": {""api_call_ms"": 7707.973, ""first_api_call_ms"": 7707.973, ""first_finish_reason"": ""stop"", ""first_input_tokens"": 4644, ""first_output_tokens"": 54, ""first_total_tokens"": 4698, ""input_tokens"": 4644, ""output_tokens"": 54, ""parse_ms"": 0.133, ""planner_total_ms"": 7723.362, ""prompt_build_ms"": 0.5, ""retry_count"": 0, ""retry_reason"": """", ""total_tokens"": 4698}, ""action"": ""qwen_detection"", ""action_input"": {""finish_after_tool"": false, ""label"": ""冰青三辐锁紧轮""}, ""clarification_question"": """", ""decision_type"": ""tool"", ""end_reason"": """", ""final_answer"": """", ""thought"": ""最新状态未满足结束或迁移条件，需要继续按规则处理。""}]","step3:decision_type expected 'end', got 'tool' | step3:action expected 'end', got 'qwen_detection' | step3:arg 'end_reason' expected 'memory_hit', got ''",7093.289,7078.981,4028,51,0,1,False,True
PROMV12-TA-005-QWEN-PV3,post_retry_metric_veto_step3,设备失联只是背景，仍须核对当前显式额度：先使用Qwen检测附件中的冰青三辐锁紧轮，检测结果仅作为中间状态。最终需要判断类器官灌流培养台重试边界复审5611号应继续现有能力、结束，还是进入迁移评估。自然语言里的故障等级和预算描述没有路由优先级，只读取本 query 最新 observation 的结构化键值。错误状态仅在 retryable=true 与 retry_count=0 同时成立时复用原检测器一次，否则调用迁移顾问。正常状态需要候选数、置信度、跨提示一致性和域偏移四个门槛全部通过才结束，任一否决项都转迁移。缺省、非法、冲突状态采取保守分支；已经重试一次的结果不能再次触发检测器。检测器必须设置 finish_after_tool=false；迁移顾问使用当前图片和视觉探针并设置 finish_after_tool=true。,True,examples/images/planner_retry_optimizer_matched_v12/icecyan_three_spoke_lockwheel.png,"[{""action"": ""qwen_detection"", ""arg_contains"": {""label"": [""冰青三辐锁紧轮""]}, ""decision_type"": ""tool"", ""required_args"": {""finish_after_tool"": false}}, {""action"": ""qwen_detection"", ""arg_contains"": {""label"": [""冰青三辐锁紧轮""]}, ""decision_type"": ""tool"", ""required_args"": {""finish_after_tool"": false}}, {""action"": ""migration_advisor"", ""arg_contains"": {""user_query"": [""类器官灌流培养台重试边界复审5611号""]}, ""decision_type"": ""tool"", ""required_args"": {""finish_after_tool"": true, ""use_image"": true, ""use_visual_probe"": true}}]","[""rag_answer"", ""re_question"", ""answerer"", ""flux-image-generation"", ""rexomni_detection"", ""pipeline_eval""]","{""action_match"": 0.65, ""argument_match"": 0.1, ""decision_type_valid"": 0.03, ""final_tool_finish"": 0.1, ""finish_after_tool"": 0.1, ""json_valid"": 0.02, ""no_forbidden_action"": 0.1, ""no_premature_stop"": 0.1, ""no_repeated_tool"": 0.1, ""no_skip_required_probe"": 0.1, ""strict_action_match"": true, ""strict_argument_types"": true, ""wrong_action_cap"": 0.2}",True,1.0,"[""qwen_detection"", ""qwen_detection"", ""migration_advisor""]",qwen_detection,"[{""_planner_metrics"": {""api_call_ms"": 7119.463, ""first_api_call_ms"": 7119.463, ""first_finish_reason"": ""stop"", ""first_input_tokens"": 4030, ""first_output_tokens"": 51, ""first_total_tokens"": 4081, ""input_tokens"": 4030, ""output_tokens"": 51, ""parse_ms"": 0.136, ""planner_total_ms"": 7133.072, ""prompt_build_ms"": 0.465, ""retry_count"": 0, ""retry_reason"": """", ""total_tokens"": 4081}, ""action"": ""qwen_detection"", ""action_input"": {""finish_after_tool"": false, ""label"": ""冰青三辐锁紧轮""}, ""clarification_question"": """", ""decision_type"": ""tool"", ""end_reason"": """", ""final_answer"": """", ""thought"": ""先执行用户指定的检测器以取得当前结构化状态。""}, {""_planner_metrics"": {""api_call_ms"": 7709.784, ""first_api_call_ms"": 7709.784, ""first_finish_reason"": ""stop"", ""first_input_tokens"": 4342, ""first_output_tokens"": 55, ""first_total_tokens"": 4397, ""input_tokens"": 4342, ""output_tokens"": 55, ""parse_ms"": 0.121, ""planner_total_ms"": 7724.005, ""prompt_build_ms"": 0.484, ""retry_count"": 0, ""retry_reason"": """", ""total_tokens"": 4397}, ""action"": ""qwen_detection"", ""action_input"": {""finish_after_tool"": false, ""label"": ""冰青三辐锁紧轮""}, ""clarification_question"": """", ""decision_type"": ""tool"", ""end_reason"": """", ""final_answer"": """", ""thought"": ""最新状态满足错误状态的重试条件，需要再次使用同一检测器。""}, {""_planner_metrics"": {""api_call_ms"": 9870.103, ""first_api_call_ms"": 9870.103, ""first_finish_reason"": ""stop"", ""first_input_tokens"": 4652, ""first_output_tokens"": 73, ""first_total_tokens"": 4725, ""input_tokens"": 4652, ""output_tokens"": 73, ""parse_ms"": 0.18, ""planner_total_ms"": 9885.167, ""prompt_build_ms"": 0.51, ""retry_count"": 0, ""retry_reason"": """", ""total_tokens"": 4725}, ""action"": ""migration_advisor"", ""action_input"": {""finish_after_tool"": true, ""use_image"": true, ""use_visual_probe"": true, ""user_query"": ""类器官灌流培养台重试边界复审5611号""}, ""clarification_question"": """", ""decision_type"": ""tool"", ""end_reason"": """", ""final_answer"": """", ""thought"": ""最新状态未满足结束或重试条件，需要进入能力迁移评估。""}]",,7133.072,7119.463,4030,51,1,1,True,False
PROMV12-TA-006-REX-MS2,missing_required_state_step2,设备失联只是背景，仍须核对当前显式额度：先使用Rex-Omni检测附件中的冰青三辐锁紧轮，检测结果仅作为中间状态。最终需要判断深水码头输油站异常路径终验1480号应继续现有能力、结束，还是进入迁移评估。自然语言里的故障等级和预算描述没有路由优先级，只读取本 query 最新 observation 的结构化键值。错误状态仅在 retryable=true 与 retry_count=0 同时成立时复用原检测器一次，否则调用迁移顾问。正常状态需要候选数、置信度、跨提示一致性和域偏移四个门槛全部通过才结束，任一否决项都转迁移。缺省、非法、冲突状态采取保守分支；已经重试一次的结果不能再次触发检测器。检测器必须设置 finish_after_tool=false；迁移顾问使用当前图片和视觉探针并设置 finish_after_tool=true。,True,examples/images/planner_retry_optimizer_matched_v12/icecyan_three_spoke_lockwheel.png,"[{""action"": ""rexomni_detection"", ""arg_contains"": {""label"": [""冰青三辐锁紧轮""]}, ""decision_type"": ""tool"", ""required_args"": {""finish_after_tool"": false}}, {""action"": ""migration_advisor"", ""arg_contains"": {""user_query"": [""深水码头输油站异常路径终验1480号""]}, ""decision_type"": ""tool"", ""required_args"": {""finish_after_tool"": true, ""use_image"": true, ""use_visual_probe"": true}}]","[""rag_answer"", ""re_question"", ""answerer"", ""flux-image-generation"", ""qwen_detection"", ""pipeline_eval""]","{""action_match"": 0.65, ""argument_match"": 0.1, ""decision_type_valid"": 0.03, ""final_tool_finish"": 0.1, ""finish_after_tool"": 0.1, ""json_valid"": 0.02, ""no_forbidden_action"": 0.1, ""no_premature_stop"": 0.1, ""no_repeated_tool"": 0.1, ""no_skip_required_probe"": 0.1, ""strict_action_match"": true, ""strict_argument_types"": true, ""wrong_action_cap"": 0.2}",True,1.0,"[""rexomni_detection"", ""migration_advisor""]",rexomni_detection,"[{""_planner_metrics"": {""api_call_ms"": 7239.528, ""first_api_call_ms"": 7239.528, ""first_finish_reason"": ""stop"", ""first_input_tokens"": 4036, ""first_output_tokens"": 52, ""first_total_tokens"": 4088, ""input_tokens"": 4036, ""output_tokens"": 52, ""parse_ms"": 0.191, ""planner_total_ms"": 7253.824, ""prompt_build_ms"": 0.421, ""retry_count"": 0, ""retry_reason"": """", ""total_tokens"": 4088}, ""action"": ""rexomni_detection"", ""action_input"": {""finish_after_tool"": false, ""label"": ""冰青三辐锁紧轮""}, ""clarification_question"": """", ""decision_type"": ""tool"", ""end_reason"": """", ""final_answer"": """", ""thought"": ""先执行用户指定的检测器以取得当前结构化状态。""}, {""_planner_metrics"": {""api_call_ms"": 9770.052, ""first_api_call_ms"": 9770.052, ""first_finish_reason"": ""stop"", ""first_input_tokens"": 4337, ""first_output_tokens"": 73, ""first_total_tokens"": 4410, ""input_tokens"": 4337, ""output_tokens"": 73, ""parse_ms"": 0.152, ""planner_total_ms"": 9784.938, ""prompt_build_ms"": 0.512, ""retry_count"": 0, ""retry_reason"": """", ""total_tokens"": 4410}, ""action"": ""migration_advisor"", ""action_input"": {""finish_after_tool"": true, ""use_image"": true, ""use_visual_probe"": true, ""user_query"": ""深水码头输油站异常路径终验1480号""}, ""clarification_question"": """", ""decision_type"": ""tool"", ""end_reason"": """", ""final_answer"": """", ""thought"": ""最新状态未满足结束或重试条件，需要进入能力迁移评估。""}]",,7253.824,7239.528,4036,52,1,1,True,False
PROMV12-TA-008-QWEN-PV3,post_retry_metric_veto_step3,完成本轮异常探针的最终路由：先使用Qwen检测附件中的焦糖十字分流块，检测结果仅作为中间状态。最终需要判断非晶合金铸造炉异常路径终验9752号应继续现有能力、结束，还是进入迁移评估。自然语言里的故障等级和预算描述没有路由优先级，只读取本 query 最新 observation 的结构化键值。错误状态仅在 retryable=true 与 retry_count=0 同时成立时复用原检测器一次，否则调用迁移顾问。正常状态需要候选数、置信度、跨提示一致性和域偏移四个门槛全部通过才结束，任一否决项都转迁移。缺省、非法、冲突状态采取保守分支；已经重试一次的结果不能再次触发检测器。检测器必须设置 finish_after_tool=false；迁移顾问使用当前图片和视觉探针并设置 finish_after_tool=true。,True,examples/images/planner_retry_optimizer_matched_v12/caramel_cross_diverter.png,"[{""action"": ""qwen_detection"", ""arg_contains"": {""label"": [""焦糖十字分流块""]}, ""decision_type"": ""tool"", ""required_args"": {""finish_after_tool"": false}}, {""action"": ""qwen_detection"", ""arg_contains"": {""label"": [""焦糖十字分流块""]}, ""decision_type"": ""tool"", ""required_args"": {""finish_after_tool"": false}}, {""action"": ""migration_advisor"", ""arg_contains"": {""user_query"": [""非晶合金铸造炉异常路径终验9752号""]}, ""decision_type"": ""tool"", ""required_args"": {""finish_after_tool"": true, ""use_image"": true, ""use_visual_probe"": true}}]","[""rag_answer"", ""re_question"", ""answerer"", ""flux-image-generation"", ""rexomni_detection"", ""pipeline_eval""]","{""action_match"": 0.65, ""argument_match"": 0.1, ""decision_type_valid"": 0.03, ""final_tool_finish"": 0.1, ""finish_after_tool"": 0.1, ""json_valid"": 0.02, ""no_forbidden_action"": 0.1, ""no_premature_stop"": 0.1, ""no_repeated_tool"": 0.1, ""no_skip_required_probe"": 0.1, ""strict_action_match"": true, ""strict_argument_types"": true, ""wrong_action_cap"": 0.2}",True,1.0,"[""qwen_detection"", ""qwen_detection"", ""migration_advisor""]",qwen_detection,"[{""_planner_metrics"": {""api_call_ms"": 6786.698, ""first_api_call_ms"": 6786.698, ""first_finish_reason"": ""stop"", ""first_input_tokens"": 4011, ""first_output_tokens"": 48, ""first_total_tokens"": 4059, ""input_tokens"": 4011, ""output_tokens"": 48, ""parse_ms"": 0.156, ""planner_total_ms"": 6802.386, ""prompt_build_ms"": 0.457, ""retry_count"": 0, ""retry_reason"": """", ""total_tokens"": 4059}, ""action"": ""qwen_detection"", ""action_input"": {""finish_after_tool"": false, ""label"": ""焦糖十字分流块""}, ""clarification_question"": """", ""decision_type"": ""tool"", ""end_reason"": """", ""final_answer"": """", ""thought"": ""先执行用户指定的检测器以取得当前结构化状态。""}, {""_planner_metrics"": {""api_call_ms"": 7167.966, ""first_api_call_ms"": 7167.966, ""first_finish_reason"": ""stop"", ""first_input_tokens"": 4321, ""first_output_tokens"": 50, ""first_total_tokens"": 4371, ""input_tokens"": 4321, ""output_tokens"": 50, ""parse_ms"": 0.141, ""planner_total_ms"": 7182.934, ""prompt_build_ms"": 0.399, ""retry_count"": 0, ""retry_reason"": """", ""total_tokens"": 4371}, ""action"": ""qwen_detection"", ""action_input"": {""finish_after_tool"": false, ""label"": ""焦糖十字分流块""}, ""clarification_question"": """", ""decision_type"": ""tool"", ""end_reason"": """", ""final_answer"": """", ""thought"": ""最新状态满足错误状态重试条件，需要复用原检测器。""}, {""_planner_metrics"": {""api_call_ms"": 9985.701, ""first_api_call_ms"": 9985.701, ""first_finish_reason"": ""stop"", ""first_input_tokens"": 4624, ""first_output_tokens"": 74, ""first_total_tokens"": 4698, ""input_tokens"": 4624, ""output_tokens"": 74, ""parse_ms"": 0.15, ""planner_total_ms"": 10001.245, ""prompt_build_ms"": 0.515, ""retry_count"": 0, ""retry_reason"": """", ""total_tokens"": 4698}, ""action"": ""migration_advisor"", ""action_input"": {""finish_after_tool"": true, ""use_image"": true, ""use_visual_probe"": true, ""user_query"": ""非晶合金铸造炉异常路径终验9752号""}, ""clarification_question"": """", ""decision_type"": ""tool"", ""end_reason"": """", ""final_answer"": """", ""thought"": ""最新状态未满足结束或迁移条件，需要按规则进入保守分支。""}]",,6802.386,6786.698,4011,48,1,1,True,False
PROMV12-TA-003-REX-MS2,missing_required_state_step2,旧故障结论不得覆盖最后一条结构化回执：先使用Rex-Omni检测附件中的冰青三辐锁紧轮，检测结果仅作为中间状态。最终需要判断深水码头输油站重试边界复审2398号应继续现有能力、结束，还是进入迁移评估。自然语言里的故障等级和预算描述没有路由优先级，只读取本 query 最新 observation 的结构化键值。错误状态仅在 retryable=true 与 retry_count=0 同时成立时复用原检测器一次，否则调用迁移顾问。正常状态需要候选数、置信度、跨提示一致性和域偏移四个门槛全部通过才结束，任一否决项都转迁移。缺省、非法、冲突状态采取保守分支；已经重试一次的结果不能再次触发检测器。检测器必须设置 finish_after_tool=false；迁移顾问使用当前图片和视觉探针并设置 finish_after_tool=true。,True,examples/images/planner_retry_optimizer_matched_v12/icecyan_three_spoke_lockwheel.png,"[{""action"": ""rexomni_detection"", ""arg_contains"": {""label"": [""冰青三辐锁紧轮""]}, ""decision_type"": ""tool"", ""required_args"": {""finish_after_tool"": false}}, {""action"": ""migration_advisor"", ""arg_contains"": {""user_query"": [""深水码头输油站重试边界复审2398号""]}, ""decision_type"": ""tool"", ""required_args"": {""finish_after_tool"": true, ""use_image"": true, ""use_visual_probe"": true}}]","[""rag_answer"", ""re_question"", ""answerer"", ""flux-image-generation"", ""qwen_detection"", ""pipeline_eval""]","{""action_match"": 0.65, ""argument_match"": 0.1, ""decision_type_valid"": 0.03, ""final_tool_finish"": 0.1, ""finish_after_tool"": 0.1, ""json_valid"": 0.02, ""no_forbidden_action"": 0.1, ""no_premature_stop"": 0.1, ""no_repeated_tool"": 0.1, ""no_skip_required_probe"": 0.1, ""strict_action_match"": true, ""strict_argument_types"": true, ""wrong_action_cap"": 0.2}",False,0.586957,"[""rexomni_detection"", ""rexomni_detection""]",rexomni_detection,"[{""_planner_metrics"": {""api_call_ms"": 7177.066, ""first_api_call_ms"": 7177.066, ""first_finish_reason"": ""stop"", ""first_input_tokens"": 4028, ""first_output_tokens"": 52, ""first_total_tokens"": 4080, ""input_tokens"": 4028, ""output_tokens"": 52, ""parse_ms"": 0.146, ""planner_total_ms"": 7191.025, ""prompt_build_ms"": 0.362, ""retry_count"": 0, ""retry_reason"": """", ""total_tokens"": 4080}, ""action"": ""rexomni_detection"", ""action_input"": {""finish_after_tool"": false, ""label"": ""冰青三辐锁紧轮""}, ""clarification_question"": """", ""decision_type"": ""tool"", ""end_reason"": """", ""final_answer"": """", ""thought"": ""先执行用户指定的检测器以取得当前结构化状态。""}, {""_planner_metrics"": {""api_call_ms"": 7689.717, ""first_api_call_ms"": 7689.717, ""first_finish_reason"": ""stop"", ""first_input_tokens"": 4331, ""first_output_tokens"": 55, ""first_total_tokens"": 4386, ""input_tokens"": 4331, ""output_tokens"": 55, ""parse_ms"": 0.148, ""planner_total_ms"": 7704.233, ""prompt_build_ms"": 0.438, ""retry_count"": 0, ""retry_reason"": """", ""total_tokens"": 4386}, ""action"": ""rexomni_detection"", ""action_input"": {""finish_after_tool"": false, ""label"": ""冰青三辐锁紧轮""}, ""clarification_question"": """", ""decision_type"": ""tool"", ""end_reason"": """", ""final_answer"": """", ""thought"": ""最新状态未满足结束或迁移条件，需要继续推进结构化评估。""}]","step2:action expected 'migration_advisor', got 'rexomni_detection' | step2:finish_after_tool expected True, got False | step2:arg 'use_image' expected True, got None | step2:arg 'use_visual_probe' expected True, got None | step2:arg 'user_query' expected to contain ['深水码头输油站重试边界复审2398号'], got None",7191.025,7177.066,4028,52,0,1,False,True
PROMV12-TA-004-QWEN-CS2,current_success_step2,迁移队列已经建立，请先裁决最新机器状态：先使用Qwen检测附件中的冰青三辐锁紧轮，检测结果仅作为中间状态。最终需要判断类器官灌流培养台异常路径终验2905号应继续现有能力、结束，还是进入迁移评估。自然语言里的故障等级和预算描述没有路由优先级，只读取本 query 最新 observation 的结构化键值。错误状态仅在 retryable=true 与 retry_count=0 同时成立时复用原检测器一次，否则调用迁移顾问。正常状态需要候选数、置信度、跨提示一致性和域偏移四个门槛全部通过才结束，任一否决项都转迁移。缺省、非法、冲突状态采取保守分支；已经重试一次的结果不能再次触发检测器。检测器必须设置 finish_after_tool=false；迁移顾问使用当前图片和视觉探针并设置 finish_after_tool=true。,True,examples/images/planner_retry_optimizer_matched_v12/icecyan_three_spoke_lockwheel.png,"[{""action"": ""qwen_detection"", ""arg_contains"": {""label"": [""冰青三辐锁紧轮""]}, ""decision_type"": ""tool"", ""required_args"": {""finish_after_tool"": false}}, {""arg_contains"": {}, ""decision_type"": ""end"", ""required_args"": {""end_reason"": ""memory_hit""}}]","[""rag_answer"", ""re_question"", ""answerer"", ""flux-image-generation"", ""rexomni_detection"", ""pipeline_eval"", ""migration_advisor""]","{""action_match"": 0.65, ""argument_match"": 0.1, ""decision_type_valid"": 0.03, ""final_tool_finish"": 0.1, ""finish_after_tool"": 0.1, ""json_valid"": 0.02, ""no_forbidden_action"": 0.1, ""no_premature_stop"": 0.1, ""no_repeated_tool"": 0.1, ""no_skip_required_probe"": 0.1, ""strict_action_match"": true, ""strict_argument_types"": true, ""wrong_action_cap"": 0.2}",True,1.0,"[""qwen_detection"", ""final_answer""]",qwen_detection,"[{""_planner_metrics"": {""api_call_ms"": 7114.632, ""first_api_call_ms"": 7114.632, ""first_finish_reason"": ""stop"", ""first_input_tokens"": 4025, ""first_output_tokens"": 51, ""first_total_tokens"": 4076, ""input_tokens"": 4025, ""output_tokens"": 51, ""parse_ms"": 0.167, ""planner_total_ms"": 7128.487, ""prompt_build_ms"": 0.412, ""retry_count"": 0, ""retry_reason"": """", ""total_tokens"": 4076}, ""action"": ""qwen_detection"", ""action_input"": {""finish_after_tool"": false, ""label"": ""冰青三辐锁紧轮""}, ""clarification_question"": """", ""decision_type"": ""tool"", ""end_reason"": """", ""final_answer"": """", ""thought"": ""先执行用户指定的检测器以取得当前结构化状态。""}, {""_planner_metrics"": {""api_call_ms"": 5348.339, ""first_api_call_ms"": 5348.339, ""first_finish_reason"": ""stop"", ""first_input_tokens"": 4333, ""first_output_tokens"": 34, ""first_total_tokens"": 4367, ""input_tokens"": 4333, ""output_tokens"": 34, ""parse_ms"": 0.151, ""planner_total_ms"": 5363.526, ""prompt_build_ms"": 0.542, ""retry_count"": 0, ""retry_reason"": """", ""total_tokens"": 4367}, ""action"": ""final_answer"", ""action_input"": {}, ""clarification_question"": """", ""decision_type"": ""end"", ""end_reason"": ""memory_hit"", ""final_answer"": """", ""thought"": ""最新结构化状态已满足全部硬门槛，可以结束本轮规划。""}]",,7128.487,7114.632,4025,51,1,1,True,False
PROMV12-TA-002-REX-CS2,current_success_step2,迁移队列已经建立，请先裁决最新机器状态：先使用Rex-Omni检测附件中的焦糖十字分流块，检测结果仅作为中间状态。最终需要判断火星车悬架试验间重试边界复审7063号应继续现有能力、结束，还是进入迁移评估。自然语言里的故障等级和预算描述没有路由优先级，只读取本 query 最新 observation 的结构化键值。错误状态仅在 retryable=true 与 retry_count=0 同时成立时复用原检测器一次，否则调用迁移顾问。正常状态需要候选数、置信度、跨提示一致性和域偏移四个门槛全部通过才结束，任一否决项都转迁移。缺省、非法、冲突状态采取保守分支；已经重试一次的结果不能再次触发检测器。检测器必须设置 finish_after_tool=false；迁移顾问使用当前图片和视觉探针并设置 finish_after_tool=true。,True,examples/images/planner_retry_optimizer_matched_v12/caramel_cross_diverter.png,"[{""action"": ""rexomni_detection"", ""arg_contains"": {""label"": [""焦糖十字分流块""]}, ""decision_type"": ""tool"", ""required_args"": {""finish_after_tool"": false}}, {""arg_contains"": {}, ""decision_type"": ""end"", ""required_args"": {""end_reason"": ""memory_hit""}}]","[""rag_answer"", ""re_question"", ""answerer"", ""flux-image-generation"", ""qwen_detection"", ""pipeline_eval"", ""migration_advisor""]","{""action_match"": 0.65, ""argument_match"": 0.1, ""decision_type_valid"": 0.03, ""final_tool_finish"": 0.1, ""finish_after_tool"": 0.1, ""json_valid"": 0.02, ""no_forbidden_action"": 0.1, ""no_premature_stop"": 0.1, ""no_repeated_tool"": 0.1, ""no_skip_required_probe"": 0.1, ""strict_action_match"": true, ""strict_argument_types"": true, ""wrong_action_cap"": 0.2}",True,1.0,"[""rexomni_detection"", ""final_answer""]",rexomni_detection,"[{""_planner_metrics"": {""api_call_ms"": 6915.099, ""first_api_call_ms"": 6915.099, ""first_finish_reason"": ""stop"", ""first_input_tokens"": 4020, ""first_output_tokens"": 49, ""first_total_tokens"": 4069, ""input_tokens"": 4020, ""output_tokens"": 49, ""parse_ms"": 0.139, ""planner_total_ms"": 6929.438, ""prompt_build_ms"": 0.411, ""retry_count"": 0, ""retry_reason"": """", ""total_tokens"": 4069}, ""action"": ""rexomni_detection"", ""action_input"": {""finish_after_tool"": false, ""label"": ""焦糖十字分流块""}, ""clarification_question"": """", ""decision_type"": ""tool"", ""end_reason"": """", ""final_answer"": """", ""thought"": ""先执行用户指定的检测器以取得当前结构化状态。""}, {""_planner_metrics"": {""api_call_ms"": 5433.444, ""first_api_call_ms"": 5433.444, ""first_finish_reason"": ""stop"", ""first_input_tokens"": 4325, ""first_output_tokens"": 34, ""first_total_tokens"": 4359, ""input_tokens"": 4325, ""output_tokens"": 34, ""parse_ms"": 0.214, ""planner_total_ms"": 5448.662, ""prompt_build_ms"": 0.485, ""retry_count"": 0, ""retry_reason"": """", ""total_tokens"": 4359}, ""action"": ""final_answer"", ""action_input"": {}, ""clarification_question"": """", ""decision_type"": ""end"", ""end_reason"": ""memory_hit"", ""final_answer"": """", ""thought"": ""最新结构化状态已满足全部硬门槛，可以结束本轮规划。""}]",,6929.438,6915.099,4020,49,1,1,True,False
PROMV12-TA-007-REX-PS3,post_retry_success_step3,旧故障结论不得覆盖最后一条结构化回执：先使用Rex-Omni检测附件中的焦糖十字分流块，检测结果仅作为中间状态。最终需要判断类器官灌流培养台稳定状态会签3047号应继续现有能力、结束，还是进入迁移评估。自然语言里的故障等级和预算描述没有路由优先级，只读取本 query 最新 observation 的结构化键值。错误状态仅在 retryable=true 与 retry_count=0 同时成立时复用原检测器一次，否则调用迁移顾问。正常状态需要候选数、置信度、跨提示一致性和域偏移四个门槛全部通过才结束，任一否决项都转迁移。缺省、非法、冲突状态采取保守分支；已经重试一次的结果不能再次触发检测器。检测器必须设置 finish_after_tool=false；迁移顾问使用当前图片和视觉探针并设置 finish_after_tool=true。,True,examples/images/planner_retry_optimizer_matched_v12/caramel_cross_diverter.png,"[{""action"": ""rexomni_detection"", ""arg_contains"": {""label"": [""焦糖十字分流块""]}, ""decision_type"": ""tool"", ""required_args"": {""finish_after_tool"": false}}, {""action"": ""rexomni_detection"", ""arg_contains"": {""label"": [""焦糖十字分流块""]}, ""decision_type"": ""tool"", ""required_args"": {""finish_after_tool"": false}}, {""arg_contains"": {}, ""decision_type"": ""end"", ""required_args"": {""end_reason"": ""memory_hit""}}]","[""rag_answer"", ""re_question"", ""answerer"", ""flux-image-generation"", ""qwen_detection"", ""pipeline_eval"", ""migration_advisor""]","{""action_match"": 0.65, ""argument_match"": 0.1, ""decision_type_valid"": 0.03, ""final_tool_finish"": 0.1, ""finish_after_tool"": 0.1, ""json_valid"": 0.02, ""no_forbidden_action"": 0.1, ""no_premature_stop"": 0.1, ""no_repeated_tool"": 0.1, ""no_skip_required_probe"": 0.1, ""strict_action_match"": true, ""strict_argument_types"": true, ""wrong_action_cap"": 0.2}",False,0.75625,"[""rexomni_detection"", ""rexomni_detection"", ""rexomni_detection""]",rexomni_detection,"[{""_planner_metrics"": {""api_call_ms"": 6944.898, ""first_api_call_ms"": 6944.898, ""first_finish_reason"": ""stop"", ""first_input_tokens"": 4025, ""first_output_tokens"": 49, ""first_total_tokens"": 4074, ""input_tokens"": 4025, ""output_tokens"": 49, ""parse_ms"": 0.15, ""planner_total_ms"": 6959.834, ""prompt_build_ms"": 0.542, ""retry_count"": 0, ""retry_reason"": """", ""total_tokens"": 4074}, ""action"": ""rexomni_detection"", ""action_input"": {""finish_after_tool"": false, ""label"": ""焦糖十字分流块""}, ""clarification_question"": """", ""decision_type"": ""tool"", ""end_reason"": """", ""final_answer"": """", ""thought"": ""先执行用户指定的检测器以取得当前结构化状态。""}, {""_planner_metrics"": {""api_call_ms"": 7399.382, ""first_api_call_ms"": 7399.382, ""first_finish_reason"": ""stop"", ""first_input_tokens"": 4336, ""first_output_tokens"": 52, ""first_total_tokens"": 4388, ""input_tokens"": 4336, ""output_tokens"": 52, ""parse_ms"": 0.174, ""planner_total_ms"": 7416.059, ""prompt_build_ms"": 0.518, ""retry_count"": 0, ""retry_reason"": """", ""total_tokens"": 4388}, ""action"": ""rexomni_detection"", ""action_input"": {""finish_after_tool"": false, ""label"": ""焦糖十字分流块""}, ""clarification_question"": """", ""decision_type"": ""tool"", ""end_reason"": """", ""final_answer"": """", ""thought"": ""最新状态未满足结束或迁移条件，需要继续按规则推进。""}, {""_planner_metrics"": {""api_call_ms"": 7609.189, ""first_api_call_ms"": 7609.189, ""first_finish_reason"": ""stop"", ""first_input_tokens"": 4644, ""first_output_tokens"": 52, ""first_total_tokens"": 4696, ""input_tokens"": 4644, ""output_tokens"": 52, ""parse_ms"": 0.153, ""planner_total_ms"": 7624.254, ""prompt_build_ms"": 0.465, ""retry_count"": 0, ""retry_reason"": """", ""total_tokens"": 4696}, ""action"": ""rexomni_detection"", ""action_input"": {""finish_after_tool"": false, ""label"": ""焦糖十字分流块""}, ""clarification_question"": """", ""decision_type"": ""tool"", ""end_reason"": """", ""final_answer"": """", ""thought"": ""最新状态未满足结束或迁移条件，需要继续按规则推进。""}]","step3:decision_type expected 'end', got 'tool' | step3:action expected 'end', got 'rexomni_detection' | step3:arg 'end_reason' expected 'memory_hit', got ''",6959.834,6944.898,4025,49,0,1,False,True
PROMV12-TA-002-QWEN-PS3,post_retry_success_step3,迁移队列已经建立，请先裁决最新机器状态：先使用Qwen检测附件中的焦糖十字分流块，检测结果仅作为中间状态。最终需要判断火星车悬架试验间重试边界复审7063号应继续现有能力、结束，还是进入迁移评估。自然语言里的故障等级和预算描述没有路由优先级，只读取本 query 最新 observation 的结构化键值。错误状态仅在 retryable=true 与 retry_count=0 同时成立时复用原检测器一次，否则调用迁移顾问。正常状态需要候选数、置信度、跨提示一致性和域偏移四个门槛全部通过才结束，任一否决项都转迁移。缺省、非法、冲突状态采取保守分支；已经重试一次的结果不能再次触发检测器。检测器必须设置 finish_after_tool=false；迁移顾问使用当前图片和视觉探针并设置 finish_after_tool=true。,True,examples/images/planner_retry_optimizer_matched_v12/caramel_cross_diverter.png,"[{""action"": ""qwen_detection"", ""arg_contains"": {""label"": [""焦糖十字分流块""]}, ""decision_type"": ""tool"", ""required_args"": {""finish_after_tool"": false}}, {""action"": ""qwen_detection"", ""arg_contains"": {""label"": [""焦糖十字分流块""]}, ""decision_type"": ""tool"", ""required_args"": {""finish_after_tool"": false}}, {""arg_contains"": {}, ""decision_type"": ""end"", ""required_args"": {""end_reason"": ""memory_hit""}}]","[""rag_answer"", ""re_question"", ""answerer"", ""flux-image-generation"", ""rexomni_detection"", ""pipeline_eval"", ""migration_advisor""]","{""action_match"": 0.65, ""argument_match"": 0.1, ""decision_type_valid"": 0.03, ""final_tool_finish"": 0.1, ""finish_after_tool"": 0.1, ""json_valid"": 0.02, ""no_forbidden_action"": 0.1, ""no_premature_stop"": 0.1, ""no_repeated_tool"": 0.1, ""no_skip_required_probe"": 0.1, ""strict_action_match"": true, ""strict_argument_types"": true, ""wrong_action_cap"": 0.2}",False,0.725,"[""qwen_detection"", ""qwen_detection"", ""migration_advisor""]",qwen_detection,"[{""_planner_metrics"": {""api_call_ms"": 6796.068, ""first_api_call_ms"": 6796.068, ""first_finish_reason"": ""stop"", ""first_input_tokens"": 4017, ""first_output_tokens"": 48, ""first_total_tokens"": 4065, ""input_tokens"": 4017, ""output_tokens"": 48, ""parse_ms"": 0.125, ""planner_total_ms"": 6809.991, ""prompt_build_ms"": 0.42, ""retry_count"": 0, ""retry_reason"": """", ""total_tokens"": 4065}, ""action"": ""qwen_detection"", ""action_input"": {""finish_after_tool"": false, ""label"": ""焦糖十字分流块""}, ""clarification_question"": """", ""decision_type"": ""tool"", ""end_reason"": """", ""final_answer"": """", ""thought"": ""先执行用户指定的检测器以取得当前结构化状态。""}, {""_planner_metrics"": {""api_call_ms"": 7268.675, ""first_api_call_ms"": 7268.675, ""first_finish_reason"": ""stop"", ""first_input_tokens"": 4323, ""first_output_tokens"": 51, ""first_total_tokens"": 4374, ""input_tokens"": 4323, ""output_tokens"": 51, ""parse_ms"": 0.131, ""planner_total_ms"": 7283.194, ""prompt_build_ms"": 0.496, ""retry_count"": 0, ""retry_reason"": """", ""total_tokens"": 4374}, ""action"": ""qwen_detection"", ""action_input"": {""finish_after_tool"": false, ""label"": ""焦糖十字分流块""}, ""clarification_question"": """", ""decision_type"": ""tool"", ""end_reason"": """", ""final_answer"": """", ""thought"": ""最新状态满足错误状态重试条件，需要再次使用同一检测器。""}, {""_planner_metrics"": {""api_call_ms"": 9801.677, ""first_api_call_ms"": 9801.677, ""first_finish_reason"": ""stop"", ""first_input_tokens"": 4628, ""first_output_tokens"": 72, ""first_total_tokens"": 4700, ""input_tokens"": 4628, ""output_tokens"": 72, ""parse_ms"": 0.22, ""planner_total_ms"": 9816.578, ""prompt_build_ms"": 0.506, ""retry_count"": 0, ""retry_reason"": """", ""total_tokens"": 4700}, ""action"": ""migration_advisor"", ""action_input"": {""finish_after_tool"": true, ""use_image"": true, ""use_visual_probe"": true, ""user_query"": ""火星车悬架试验间重试边界复审7063号""}, ""clarification_question"": """", ""decision_type"": ""tool"", ""end_reason"": """", ""final_answer"": """", ""thought"": ""最新状态未满足结束或重试条件，需要进入能力迁移评估。""}]","step3:decision_type expected 'end', got 'tool' | step3:action expected 'end', got 'migration_advisor' | step3:arg 'end_reason' expected 'memory_hit', got '' | forbidden:migration_advisor",6809.991,6796.068,4017,48,0,1,False,True
PROMV12-TA-003-QWEN-MS2,missing_required_state_step2,旧故障结论不得覆盖最后一条结构化回执：先使用Qwen检测附件中的冰青三辐锁紧轮，检测结果仅作为中间状态。最终需要判断深水码头输油站重试边界复审2398号应继续现有能力、结束，还是进入迁移评估。自然语言里的故障等级和预算描述没有路由优先级，只读取本 query 最新 observation 的结构化键值。错误状态仅在 retryable=true 与 retry_count=0 同时成立时复用原检测器一次，否则调用迁移顾问。正常状态需要候选数、置信度、跨提示一致性和域偏移四个门槛全部通过才结束，任一否决项都转迁移。缺省、非法、冲突状态采取保守分支；已经重试一次的结果不能再次触发检测器。检测器必须设置 finish_after_tool=false；迁移顾问使用当前图片和视觉探针并设置 finish_after_tool=true。,True,examples/images/planner_retry_optimizer_matched_v12/icecyan_three_spoke_lockwheel.png,"[{""action"": ""qwen_detection"", ""arg_contains"": {""label"": [""冰青三辐锁紧轮""]}, ""decision_type"": ""tool"", ""required_args"": {""finish_after_tool"": false}}, {""action"": ""migration_advisor"", ""arg_contains"": {""user_query"": [""深水码头输油站重试边界复审2398号""]}, ""decision_type"": ""tool"", ""required_args"": {""finish_after_tool"": true, ""use_image"": true, ""use_visual_probe"": true}}]","[""rag_answer"", ""re_question"", ""answerer"", ""flux-image-generation"", ""rexomni_detection"", ""pipeline_eval""]","{""action_match"": 0.65, ""argument_match"": 0.1, ""decision_type_valid"": 0.03, ""final_tool_finish"": 0.1, ""finish_after_tool"": 0.1, ""json_valid"": 0.02, ""no_forbidden_action"": 0.1, ""no_premature_stop"": 0.1, ""no_repeated_tool"": 0.1, ""no_skip_required_probe"": 0.1, ""strict_action_match"": true, ""strict_argument_types"": true, ""wrong_action_cap"": 0.2}",False,0.586957,"[""qwen_detection"", ""qwen_detection""]",qwen_detection,"[{""_planner_metrics"": {""api_call_ms"": 7174.289, ""first_api_call_ms"": 7174.289, ""first_finish_reason"": ""stop"", ""first_input_tokens"": 4022, ""first_output_tokens"": 51, ""first_total_tokens"": 4073, ""input_tokens"": 4022, ""output_tokens"": 51, ""parse_ms"": 0.155, ""planner_total_ms"": 7188.267, ""prompt_build_ms"": 0.454, ""retry_count"": 0, ""retry_reason"": """", ""total_tokens"": 4073}, ""action"": ""qwen_detection"", ""action_input"": {""finish_after_tool"": false, ""label"": ""冰青三辐锁紧轮""}, ""clarification_question"": """", ""decision_type"": ""tool"", ""end_reason"": """", ""final_answer"": """", ""thought"": ""先执行用户指定的检测器以取得当前结构化状态。""}, {""_planner_metrics"": {""api_call_ms"": 7630.766, ""first_api_call_ms"": 7630.766, ""first_finish_reason"": ""stop"", ""first_input_tokens"": 4320, ""first_output_tokens"": 54, ""first_total_tokens"": 4374, ""input_tokens"": 4320, ""output_tokens"": 54, ""parse_ms"": 0.146, ""planner_total_ms"": 7644.783, ""prompt_build_ms"": 0.48, ""retry_count"": 0, ""retry_reason"": """", ""total_tokens"": 4374}, ""action"": ""qwen_detection"", ""action_input"": {""finish_after_tool"": false, ""label"": ""冰青三辐锁紧轮""}, ""clarification_question"": """", ""decision_type"": ""tool"", ""end_reason"": """", ""final_answer"": """", ""thought"": ""最新状态未满足结束或迁移条件，需要继续获取结构化信息。""}]","step2:action expected 'migration_advisor', got 'qwen_detection' | step2:finish_after_tool expected True, got False | step2:arg 'use_image' expected True, got None | step2:arg 'use_visual_probe' expected True, got None | step2:arg 'user_query' expected to contain ['深水码头输油站重试边界复审2398号'], got None",7188.267,7174.289,4022,51,0,1,False,True
PROMV12-TA-010-REX-PE3,post_retry_error_step3,完成本轮异常探针的最终路由：先使用Rex-Omni检测附件中的焦糖十字分流块，检测结果仅作为中间状态。最终需要判断非晶合金铸造炉重试边界复审8156号应继续现有能力、结束，还是进入迁移评估。自然语言里的故障等级和预算描述没有路由优先级，只读取本 query 最新 observation 的结构化键值。错误状态仅在 retryable=true 与 retry_count=0 同时成立时复用原检测器一次，否则调用迁移顾问。正常状态需要候选数、置信度、跨提示一致性和域偏移四个门槛全部通过才结束，任一否决项都转迁移。缺省、非法、冲突状态采取保守分支；已经重试一次的结果不能再次触发检测器。检测器必须设置 finish_after_tool=false；迁移顾问使用当前图片和视觉探针并设置 finish_after_tool=true。,True,examples/images/planner_retry_optimizer_matched_v12/caramel_cross_diverter.png,"[{""action"": ""rexomni_detection"", ""arg_contains"": {""label"": [""焦糖十字分流块""]}, ""decision_type"": ""tool"", ""required_args"": {""finish_after_tool"": false}}, {""action"": ""rexomni_detection"", ""arg_contains"": {""label"": [""焦糖十字分流块""]}, ""decision_type"": ""tool"", ""required_args"": {""finish_after_tool"": false}}, {""action"": ""migration_advisor"", ""arg_contains"": {""user_query"": [""非晶合金铸造炉重试边界复审8156号""]}, ""decision_type"": ""tool"", ""required_args"": {""finish_after_tool"": true, ""use_image"": true, ""use_visual_probe"": true}}]","[""rag_answer"", ""re_question"", ""answerer"", ""flux-image-generation"", ""qwen_detection"", ""pipeline_eval""]","{""action_match"": 0.65, ""argument_match"": 0.1, ""decision_type_valid"": 0.03, ""final_tool_finish"": 0.1, ""finish_after_tool"": 0.1, ""json_valid"": 0.02, ""no_forbidden_action"": 0.1, ""no_premature_stop"": 0.1, ""no_repeated_tool"": 0.1, ""no_skip_required_probe"": 0.1, ""strict_action_match"": true, ""strict_argument_types"": true, ""wrong_action_cap"": 0.2}",False,0.734375,"[""rexomni_detection"", ""rexomni_detection"", ""rexomni_detection""]",rexomni_detection,"[{""_planner_metrics"": {""api_call_ms"": 6930.864, ""first_api_call_ms"": 6930.864, ""first_finish_reason"": ""stop"", ""first_input_tokens"": 4015, ""first_output_tokens"": 49, ""first_total_tokens"": 4064, ""input_tokens"": 4015, ""output_tokens"": 49, ""parse_ms"": 0.244, ""planner_total_ms"": 6945.282, ""prompt_build_ms"": 0.481, ""retry_count"": 0, ""retry_reason"": """", ""total_tokens"": 4064}, ""action"": ""rexomni_detection"", ""action_input"": {""finish_after_tool"": false, ""label"": ""焦糖十字分流块""}, ""clarification_question"": """", ""decision_type"": ""tool"", ""end_reason"": """", ""final_answer"": """", ""thought"": ""先执行用户指定的检测器以取得当前结构化状态。""}, {""_planner_metrics"": {""api_call_ms"": 7563.947, ""first_api_call_ms"": 7563.947, ""first_finish_reason"": ""stop"", ""first_input_tokens"": 4319, ""first_output_tokens"": 53, ""first_total_tokens"": 4372, ""input_tokens"": 4319, ""output_tokens"": 53, ""parse_ms"": 0.173, ""planner_total_ms"": 7579.513, ""prompt_build_ms"": 0.503, ""retry_count"": 0, ""retry_reason"": """", ""total_tokens"": 4372}, ""action"": ""rexomni_detection"", ""action_input"": {""finish_after_tool"": false, ""label"": ""焦糖十字分流块""}, ""clarification_question"": """", ""decision_type"": ""tool"", ""end_reason"": """", ""final_answer"": """", ""thought"": ""最新状态满足错误状态的重试条件，需要再次使用同一检测器。""}, {""_planner_metrics"": {""api_call_ms"": 7781.525, ""first_api_call_ms"": 7781.525, ""first_finish_reason"": ""stop"", ""first_input_tokens"": 4621, ""first_output_tokens"": 53, ""first_total_tokens"": 4674, ""input_tokens"": 4621, ""output_tokens"": 53, ""parse_ms"": 0.144, ""planner_total_ms"": 7799.842, ""prompt_build_ms"": 0.51, ""retry_count"": 0, ""retry_reason"": """", ""total_tokens"": 4674}, ""action"": ""rexomni_detection"", ""action_input"": {""finish_after_tool"": false, ""label"": ""焦糖十字分流块""}, ""clarification_question"": """", ""decision_type"": ""tool"", ""end_reason"": """", ""final_answer"": """", ""thought"": ""最新状态满足错误状态的重试条件，需要再次使用同一检测器。""}]","step3:action expected 'migration_advisor', got 'rexomni_detection' | step3:finish_after_tool expected True, got False | step3:arg 'use_image' expected True, got None | step3:arg 'use_visual_probe' expected True, got None | step3:arg 'user_query' expected to contain ['非晶合金铸造炉重试边界复审8156号'], got None",6945.282,6930.864,4015,49,0,1,False,True
PROMV12-TA-005-QWEN-FR2,fresh_retry_step2,设备失联只是背景，仍须核对当前显式额度：先使用Qwen检测附件中的冰青三辐锁紧轮，检测结果仅作为中间状态。最终需要判断类器官灌流培养台重试边界复审5611号应继续现有能力、结束，还是进入迁移评估。自然语言里的故障等级和预算描述没有路由优先级，只读取本 query 最新 observation 的结构化键值。错误状态仅在 retryable=true 与 retry_count=0 同时成立时复用原检测器一次，否则调用迁移顾问。正常状态需要候选数、置信度、跨提示一致性和域偏移四个门槛全部通过才结束，任一否决项都转迁移。缺省、非法、冲突状态采取保守分支；已经重试一次的结果不能再次触发检测器。检测器必须设置 finish_after_tool=false；迁移顾问使用当前图片和视觉探针并设置 finish_after_tool=true。,True,examples/images/planner_retry_optimizer_matched_v12/icecyan_three_spoke_lockwheel.png,"[{""action"": ""qwen_detection"", ""arg_contains"": {""label"": [""冰青三辐锁紧轮""]}, ""decision_type"": ""tool"", ""required_args"": {""finish_after_tool"": false}}, {""action"": ""qwen_detection"", ""arg_contains"": {""label"": [""冰青三辐锁紧轮""]}, ""decision_type"": ""tool"", ""required_args"": {""finish_after_tool"": false}}, {""arg_contains"": {}, ""decision_type"": ""end"", ""required_args"": {""end_reason"": ""memory_hit""}}]","[""rag_answer"", ""re_question"", ""answerer"", ""flux-image-generation"", ""rexomni_detection"", ""pipeline_eval"", ""migration_advisor""]","{""action_match"": 0.65, ""argument_match"": 0.1, ""decision_type_valid"": 0.03, ""final_tool_finish"": 0.1, ""finish_after_tool"": 0.1, ""json_valid"": 0.02, ""no_forbidden_action"": 0.1, ""no_premature_stop"": 0.1, ""no_repeated_tool"": 0.1, ""no_skip_required_probe"": 0.1, ""strict_action_match"": true, ""strict_argument_types"": true, ""wrong_action_cap"": 0.2}",False,0.725,"[""qwen_detection"", ""qwen_detection"", ""migration_advisor""]",qwen_detection,"[{""_planner_metrics"": {""api_call_ms"": 7389.613, ""first_api_call_ms"": 7389.613, ""first_finish_reason"": ""stop"", ""first_input_tokens"": 4030, ""first_output_tokens"": 51, ""first_total_tokens"": 4081, ""input_tokens"": 4030, ""output_tokens"": 51, ""parse_ms"": 0.152, ""planner_total_ms"": 7404.516, ""prompt_build_ms"": 0.48, ""retry_count"": 0, ""retry_reason"": """", ""total_tokens"": 4081}, ""action"": ""qwen_detection"", ""action_input"": {""finish_after_tool"": false, ""label"": ""冰青三辐锁紧轮""}, ""clarification_question"": """", ""decision_type"": ""tool"", ""end_reason"": """", ""final_answer"": """", ""thought"": ""先执行用户指定的检测器以取得当前结构化状态。""}, {""_planner_metrics"": {""api_call_ms"": 7917.038, ""first_api_call_ms"": 7917.038, ""first_finish_reason"": ""stop"", ""first_input_tokens"": 4340, ""first_output_tokens"": 55, ""first_total_tokens"": 4395, ""input_tokens"": 4340, ""output_tokens"": 55, ""parse_ms"": 0.174, ""planner_total_ms"": 7932.494, ""prompt_build_ms"": 0.505, ""retry_count"": 0, ""retry_reason"": """", ""total_tokens"": 4395}, ""action"": ""qwen_detection"", ""action_input"": {""finish_after_tool"": false, ""label"": ""冰青三辐锁紧轮""}, ""clarification_question"": """", ""decision_type"": ""tool"", ""end_reason"": """", ""final_answer"": """", ""thought"": ""最新状态满足错误状态的重试条件，需要再次使用同一检测器。""}, {""_planner_metrics"": {""api_call_ms"": 10087.645, ""first_api_call_ms"": 10087.645, ""first_finish_reason"": ""stop"", ""first_input_tokens"": 4650, ""first_output_tokens"": 73, ""first_total_tokens"": 4723, ""input_tokens"": 4650, ""output_tokens"": 73, ""parse_ms"": 0.141, ""planner_total_ms"": 10103.028, ""prompt_build_ms"": 0.5, ""retry_count"": 0, ""retry_reason"": """", ""total_tokens"": 4723}, ""action"": ""migration_advisor"", ""action_input"": {""finish_after_tool"": true, ""use_image"": true, ""use_visual_probe"": true, ""user_query"": ""类器官灌流培养台重试边界复审5611号""}, ""clarification_question"": """", ""decision_type"": ""tool"", ""end_reason"": """", ""final_answer"": """", ""thought"": ""最新状态未满足结束或重试条件，需要进入能力迁移评估。""}]","step3:decision_type expected 'end', got 'tool' | step3:action expected 'end', got 'migration_advisor' | step3:arg 'end_reason' expected 'memory_hit', got '' | forbidden:migration_advisor",7404.516,7389.613,4030,51,0,1,False,True
PROMV12-TA-011-REX-PS3,post_retry_success_step3,迁移队列已经建立，请先裁决最新机器状态：先使用Rex-Omni检测附件中的焦糖十字分流块，检测结果仅作为中间状态。最终需要判断非晶合金铸造炉稳定状态会签6874号应继续现有能力、结束，还是进入迁移评估。自然语言里的故障等级和预算描述没有路由优先级，只读取本 query 最新 observation 的结构化键值。错误状态仅在 retryable=true 与 retry_count=0 同时成立时复用原检测器一次，否则调用迁移顾问。正常状态需要候选数、置信度、跨提示一致性和域偏移四个门槛全部通过才结束，任一否决项都转迁移。缺省、非法、冲突状态采取保守分支；已经重试一次的结果不能再次触发检测器。检测器必须设置 finish_after_tool=false；迁移顾问使用当前图片和视觉探针并设置 finish_after_tool=true。,True,examples/images/planner_retry_optimizer_matched_v12/caramel_cross_diverter.png,"[{""action"": ""rexomni_detection"", ""arg_contains"": {""label"": [""焦糖十字分流块""]}, ""decision_type"": ""tool"", ""required_args"": {""finish_after_tool"": false}}, {""action"": ""rexomni_detection"", ""arg_contains"": {""label"": [""焦糖十字分流块""]}, ""decision_type"": ""tool"", ""required_args"": {""finish_after_tool"": false}}, {""arg_contains"": {}, ""decision_type"": ""end"", ""required_args"": {""end_reason"": ""memory_hit""}}]","[""rag_answer"", ""re_question"", ""answerer"", ""flux-image-generation"", ""qwen_detection"", ""pipeline_eval"", ""migration_advisor""]","{""action_match"": 0.65, ""argument_match"": 0.1, ""decision_type_valid"": 0.03, ""final_tool_finish"": 0.1, ""finish_after_tool"": 0.1, ""json_valid"": 0.02, ""no_forbidden_action"": 0.1, ""no_premature_stop"": 0.1, ""no_repeated_tool"": 0.1, ""no_skip_required_probe"": 0.1, ""strict_action_match"": true, ""strict_argument_types"": true, ""wrong_action_cap"": 0.2}",False,0.725,"[""rexomni_detection"", ""rexomni_detection"", ""migration_advisor""]",rexomni_detection,"[{""_planner_metrics"": {""api_call_ms"": 6962.518, ""first_api_call_ms"": 6962.518, ""first_finish_reason"": ""stop"", ""first_input_tokens"": 4025, ""first_output_tokens"": 49, ""first_total_tokens"": 4074, ""input_tokens"": 4025, ""output_tokens"": 49, ""parse_ms"": 0.136, ""planner_total_ms"": 6976.939, ""prompt_build_ms"": 0.399, ""retry_count"": 0, ""retry_reason"": """", ""total_tokens"": 4074}, ""action"": ""rexomni_detection"", ""action_input"": {""finish_after_tool"": false, ""label"": ""焦糖十字分流块""}, ""clarification_question"": """", ""decision_type"": ""tool"", ""end_reason"": """", ""final_answer"": """", ""thought"": ""先执行用户指定的检测器以取得当前结构化状态。""}, {""_planner_metrics"": {""api_call_ms"": 7393.109, ""first_api_call_ms"": 7393.109, ""first_finish_reason"": ""stop"", ""first_input_tokens"": 4325, ""first_output_tokens"": 52, ""first_total_tokens"": 4377, ""input_tokens"": 4325, ""output_tokens"": 52, ""parse_ms"": 0.15, ""planner_total_ms"": 7407.774, ""prompt_build_ms"": 0.465, ""retry_count"": 0, ""retry_reason"": """", ""total_tokens"": 4377}, ""action"": ""rexomni_detection"", ""action_input"": {""finish_after_tool"": false, ""label"": ""焦糖十字分流块""}, ""clarification_question"": """", ""decision_type"": ""tool"", ""end_reason"": """", ""final_answer"": """", ""thought"": ""最新状态满足错误状态重试条件，需要再次使用同一检测器。""}, {""_planner_metrics"": {""api_call_ms"": 9846.458, ""first_api_call_ms"": 9846.458, ""first_finish_reason"": ""stop"", ""first_input_tokens"": 4626, ""first_output_tokens"": 73, ""first_total_tokens"": 4699, ""input_tokens"": 4626, ""output_tokens"": 73, ""parse_ms"": 0.157, ""planner_total_ms"": 9861.071, ""prompt_build_ms"": 0.438, ""retry_count"": 0, ""retry_reason"": """", ""total_tokens"": 4699}, ""action"": ""migration_advisor"", ""action_input"": {""finish_after_tool"": true, ""use_image"": true, ""use_visual_probe"": true, ""user_query"": ""非晶合金铸造炉稳定状态会签6874号""}, ""clarification_question"": """", ""decision_type"": ""tool"", ""end_reason"": """", ""final_answer"": """", ""thought"": ""最新状态未满足结束或迁移条件，需要继续按规则处理。""}]","step3:decision_type expected 'end', got 'tool' | step3:action expected 'end', got 'migration_advisor' | step3:arg 'end_reason' expected 'memory_hit', got '' | forbidden:migration_advisor",6976.939,6962.518,4025,49,0,1,False,True
PROMV12-TA-008-REX-CF2,conflicting_state_step2,完成本轮异常探针的最终路由：先使用Rex-Omni检测附件中的焦糖十字分流块，检测结果仅作为中间状态。最终需要判断非晶合金铸造炉异常路径终验9752号应继续现有能力、结束，还是进入迁移评估。自然语言里的故障等级和预算描述没有路由优先级，只读取本 query 最新 observation 的结构化键值。错误状态仅在 retryable=true 与 retry_count=0 同时成立时复用原检测器一次，否则调用迁移顾问。正常状态需要候选数、置信度、跨提示一致性和域偏移四个门槛全部通过才结束，任一否决项都转迁移。缺省、非法、冲突状态采取保守分支；已经重试一次的结果不能再次触发检测器。检测器必须设置 finish_after_tool=false；迁移顾问使用当前图片和视觉探针并设置 finish_after_tool=true。,True,examples/images/planner_retry_optimizer_matched_v12/caramel_cross_diverter.png,"[{""action"": ""rexomni_detection"", ""arg_contains"": {""label"": [""焦糖十字分流块""]}, ""decision_type"": ""tool"", ""required_args"": {""finish_after_tool"": false}}, {""action"": ""migration_advisor"", ""arg_contains"": {""user_query"": [""非晶合金铸造炉异常路径终验9752号""]}, ""decision_type"": ""tool"", ""required_args"": {""finish_after_tool"": true, ""use_image"": true, ""use_visual_probe"": true}}]","[""rag_answer"", ""re_question"", ""answerer"", ""flux-image-generation"", ""qwen_detection"", ""pipeline_eval""]","{""action_match"": 0.65, ""argument_match"": 0.1, ""decision_type_valid"": 0.03, ""final_tool_finish"": 0.1, ""finish_after_tool"": 0.1, ""json_valid"": 0.02, ""no_forbidden_action"": 0.1, ""no_premature_stop"": 0.1, ""no_repeated_tool"": 0.1, ""no_skip_required_probe"": 0.1, ""strict_action_match"": true, ""strict_argument_types"": true, ""wrong_action_cap"": 0.2}",False,0.586957,"[""rexomni_detection"", ""rexomni_detection""]",rexomni_detection,"[{""_planner_metrics"": {""api_call_ms"": 6860.578, ""first_api_call_ms"": 6860.578, ""first_finish_reason"": ""stop"", ""first_input_tokens"": 4017, ""first_output_tokens"": 49, ""first_total_tokens"": 4066, ""input_tokens"": 4017, ""output_tokens"": 49, ""parse_ms"": 0.201, ""planner_total_ms"": 6874.782, ""prompt_build_ms"": 0.456, ""retry_count"": 0, ""retry_reason"": """", ""total_tokens"": 4066}, ""action"": ""rexomni_detection"", ""action_input"": {""finish_after_tool"": false, ""label"": ""焦糖十字分流块""}, ""clarification_question"": """", ""decision_type"": ""tool"", ""end_reason"": """", ""final_answer"": """", ""thought"": ""先执行用户指定的检测器以取得当前结构化状态。""}, {""_planner_metrics"": {""api_call_ms"": 7461.008, ""first_api_call_ms"": 7461.008, ""first_finish_reason"": ""stop"", ""first_input_tokens"": 4319, ""first_output_tokens"": 53, ""first_total_tokens"": 4372, ""input_tokens"": 4319, ""output_tokens"": 53, ""parse_ms"": 0.152, ""planner_total_ms"": 7475.915, ""prompt_build_ms"": 0.509, ""retry_count"": 0, ""retry_reason"": """", ""total_tokens"": 4372}, ""action"": ""rexomni_detection"", ""action_input"": {""finish_after_tool"": false, ""label"": ""焦糖十字分流块""}, ""clarification_question"": """", ""decision_type"": ""tool"", ""end_reason"": """", ""final_answer"": """", ""thought"": ""最新状态满足错误状态的重试条件，需要再次使用同一检测器。""}]","step2:action expected 'migration_advisor', got 'rexomni_detection' | step2:finish_after_tool expected True, got False | step2:arg 'use_image' expected True, got None | step2:arg 'use_visual_probe' expected True, got None | step2:arg 'user_query' expected to contain ['非晶合金铸造炉异常路径终验9752号'], got None",6874.782,6860.578,4017,49,0,1,False,True
PROMV12-TA-010-REX-CS2,current_success_step2,完成本轮异常探针的最终路由：先使用Rex-Omni检测附件中的焦糖十字分流块，检测结果仅作为中间状态。最终需要判断非晶合金铸造炉重试边界复审8156号应继续现有能力、结束，还是进入迁移评估。自然语言里的故障等级和预算描述没有路由优先级，只读取本 query 最新 observation 的结构化键值。错误状态仅在 retryable=true 与 retry_count=0 同时成立时复用原检测器一次，否则调用迁移顾问。正常状态需要候选数、置信度、跨提示一致性和域偏移四个门槛全部通过才结束，任一否决项都转迁移。缺省、非法、冲突状态采取保守分支；已经重试一次的结果不能再次触发检测器。检测器必须设置 finish_after_tool=false；迁移顾问使用当前图片和视觉探针并设置 finish_after_tool=true。,True,examples/images/planner_retry_optimizer_matched_v12/caramel_cross_diverter.png,"[{""action"": ""rexomni_detection"", ""arg_contains"": {""label"": [""焦糖十字分流块""]}, ""decision_type"": ""tool"", ""required_args"": {""finish_after_tool"": false}}, {""arg_contains"": {}, ""decision_type"": ""end"", ""required_args"": {""end_reason"": ""memory_hit""}}]","[""rag_answer"", ""re_question"", ""answerer"", ""flux-image-generation"", ""qwen_detection"", ""pipeline_eval"", ""migration_advisor""]","{""action_match"": 0.65, ""argument_match"": 0.1, ""decision_type_valid"": 0.03, ""final_tool_finish"": 0.1, ""finish_after_tool"": 0.1, ""json_valid"": 0.02, ""no_forbidden_action"": 0.1, ""no_premature_stop"": 0.1, ""no_repeated_tool"": 0.1, ""no_skip_required_probe"": 0.1, ""strict_action_match"": true, ""strict_argument_types"": true, ""wrong_action_cap"": 0.2}",True,1.0,"[""rexomni_detection"", ""final_answer""]",rexomni_detection,"[{""_planner_metrics"": {""api_call_ms"": 6848.194, ""first_api_call_ms"": 6848.194, ""first_finish_reason"": ""stop"", ""first_input_tokens"": 4012, ""first_output_tokens"": 49, ""first_total_tokens"": 4061, ""input_tokens"": 4012, ""output_tokens"": 49, ""parse_ms"": 0.131, ""planner_total_ms"": 6863.773, ""prompt_build_ms"": 0.453, ""retry_count"": 0, ""retry_reason"": """", ""total_tokens"": 4061}, ""action"": ""rexomni_detection"", ""action_input"": {""finish_after_tool"": false, ""label"": ""焦糖十字分流块""}, ""clarification_question"": """", ""decision_type"": ""tool"", ""end_reason"": """", ""final_answer"": """", ""thought"": ""先执行用户指定的检测器以取得当前结构化状态。""}, {""_planner_metrics"": {""api_call_ms"": 5362.629, ""first_api_call_ms"": 5362.629, ""first_finish_reason"": ""stop"", ""first_input_tokens"": 4311, ""first_output_tokens"": 34, ""first_total_tokens"": 4345, ""input_tokens"": 4311, ""output_tokens"": 34, ""parse_ms"": 0.126, ""planner_total_ms"": 5376.233, ""prompt_build_ms"": 0.453, ""retry_count"": 0, ""retry_reason"": """", ""total_tokens"": 4345}, ""action"": ""final_answer"", ""action_input"": {}, ""clarification_question"": """", ""decision_type"": ""end"", ""end_reason"": ""memory_hit"", ""final_answer"": """", ""thought"": ""最新结构化状态已满足全部硬规则，可以结束本轮规划。""}]",,6863.773,6848.194,4012,49,1,1,True,False
PROMV12-TA-004-REX-NR2,nonretryable_step2,迁移队列已经建立，请先裁决最新机器状态：先使用Rex-Omni检测附件中的冰青三辐锁紧轮，检测结果仅作为中间状态。最终需要判断类器官灌流培养台异常路径终验2905号应继续现有能力、结束，还是进入迁移评估。自然语言里的故障等级和预算描述没有路由优先级，只读取本 query 最新 observation 的结构化键值。错误状态仅在 retryable=true 与 retry_count=0 同时成立时复用原检测器一次，否则调用迁移顾问。正常状态需要候选数、置信度、跨提示一致性和域偏移四个门槛全部通过才结束，任一否决项都转迁移。缺省、非法、冲突状态采取保守分支；已经重试一次的结果不能再次触发检测器。检测器必须设置 finish_after_tool=false；迁移顾问使用当前图片和视觉探针并设置 finish_after_tool=true。,True,examples/images/planner_retry_optimizer_matched_v12/icecyan_three_spoke_lockwheel.png,"[{""action"": ""rexomni_detection"", ""arg_contains"": {""label"": [""冰青三辐锁紧轮""]}, ""decision_type"": ""tool"", ""required_args"": {""finish_after_tool"": false}}, {""action"": ""migration_advisor"", ""arg_contains"": {""user_query"": [""类器官灌流培养台异常路径终验2905号""]}, ""decision_type"": ""tool"", ""required_args"": {""finish_after_tool"": true, ""use_image"": true, ""use_visual_probe"": true}}]","[""rag_answer"", ""re_question"", ""answerer"", ""flux-image-generation"", ""qwen_detection"", ""pipeline_eval""]","{""action_match"": 0.65, ""argument_match"": 0.1, ""decision_type_valid"": 0.03, ""final_tool_finish"": 0.1, ""finish_after_tool"": 0.1, ""json_valid"": 0.02, ""no_forbidden_action"": 0.1, ""no_premature_stop"": 0.1, ""no_repeated_tool"": 0.1, ""no_skip_required_probe"": 0.1, ""strict_action_match"": true, ""strict_argument_types"": true, ""wrong_action_cap"": 0.2}",True,1.0,"[""rexomni_detection"", ""migration_advisor""]",rexomni_detection,"[{""_planner_metrics"": {""api_call_ms"": 7231.955, ""first_api_call_ms"": 7231.955, ""first_finish_reason"": ""stop"", ""first_input_tokens"": 4034, ""first_output_tokens"": 52, ""first_total_tokens"": 4086, ""input_tokens"": 4034, ""output_tokens"": 52, ""parse_ms"": 0.125, ""planner_total_ms"": 7246.251, ""prompt_build_ms"": 0.443, ""retry_count"": 0, ""retry_reason"": """", ""total_tokens"": 4086}, ""action"": ""rexomni_detection"", ""action_input"": {""finish_after_tool"": false, ""label"": ""冰青三辐锁紧轮""}, ""clarification_question"": """", ""decision_type"": ""tool"", ""end_reason"": """", ""final_answer"": """", ""thought"": ""先执行用户指定的检测器以取得当前结构化状态。""}, {""_planner_metrics"": {""api_call_ms"": 9844.149, ""first_api_call_ms"": 9844.149, ""first_finish_reason"": ""stop"", ""first_input_tokens"": 4350, ""first_output_tokens"": 74, ""first_total_tokens"": 4424, ""input_tokens"": 4350, ""output_tokens"": 74, ""parse_ms"": 0.154, ""planner_total_ms"": 9858.675, ""prompt_build_ms"": 0.471, ""retry_count"": 0, ""retry_reason"": """", ""total_tokens"": 4424}, ""action"": ""migration_advisor"", ""action_input"": {""finish_after_tool"": true, ""use_image"": true, ""use_visual_probe"": true, ""user_query"": ""类器官灌流培养台异常路径终验2905号""}, ""clarification_question"": """", ""decision_type"": ""tool"", ""end_reason"": """", ""final_answer"": """", ""thought"": ""最新状态未满足结束或重试条件，需要进入能力迁移评估。""}]",,7246.251,7231.955,4034,52,1,1,True,False
PROMV12-TA-007-REX-CF2,conflicting_state_step2,旧故障结论不得覆盖最后一条结构化回执：先使用Rex-Omni检测附件中的焦糖十字分流块，检测结果仅作为中间状态。最终需要判断类器官灌流培养台稳定状态会签3047号应继续现有能力、结束，还是进入迁移评估。自然语言里的故障等级和预算描述没有路由优先级，只读取本 query 最新 observation 的结构化键值。错误状态仅在 retryable=true 与 retry_count=0 同时成立时复用原检测器一次，否则调用迁移顾问。正常状态需要候选数、置信度、跨提示一致性和域偏移四个门槛全部通过才结束，任一否决项都转迁移。缺省、非法、冲突状态采取保守分支；已经重试一次的结果不能再次触发检测器。检测器必须设置 finish_after_tool=false；迁移顾问使用当前图片和视觉探针并设置 finish_after_tool=true。,True,examples/images/planner_retry_optimizer_matched_v12/caramel_cross_diverter.png,"[{""action"": ""rexomni_detection"", ""arg_contains"": {""label"": [""焦糖十字分流块""]}, ""decision_type"": ""tool"", ""required_args"": {""finish_after_tool"": false}}, {""action"": ""migration_advisor"", ""arg_contains"": {""user_query"": [""类器官灌流培养台稳定状态会签3047号""]}, ""decision_type"": ""tool"", ""required_args"": {""finish_after_tool"": true, ""use_image"": true, ""use_visual_probe"": true}}]","[""rag_answer"", ""re_question"", ""answerer"", ""flux-image-generation"", ""qwen_detection"", ""pipeline_eval""]","{""action_match"": 0.65, ""argument_match"": 0.1, ""decision_type_valid"": 0.03, ""final_tool_finish"": 0.1, ""finish_after_tool"": 0.1, ""json_valid"": 0.02, ""no_forbidden_action"": 0.1, ""no_premature_stop"": 0.1, ""no_repeated_tool"": 0.1, ""no_skip_required_probe"": 0.1, ""strict_action_match"": true, ""strict_argument_types"": true, ""wrong_action_cap"": 0.2}",True,1.0,"[""rexomni_detection"", ""migration_advisor""]",rexomni_detection,"[{""_planner_metrics"": {""api_call_ms"": 6847.019, ""first_api_call_ms"": 6847.019, ""first_finish_reason"": ""stop"", ""first_input_tokens"": 4025, ""first_output_tokens"": 49, ""first_total_tokens"": 4074, ""input_tokens"": 4025, ""output_tokens"": 49, ""parse_ms"": 0.174, ""planner_total_ms"": 6861.314, ""prompt_build_ms"": 0.426, ""retry_count"": 0, ""retry_reason"": """", ""total_tokens"": 4074}, ""action"": ""rexomni_detection"", ""action_input"": {""finish_after_tool"": false, ""label"": ""焦糖十字分流块""}, ""clarification_question"": """", ""decision_type"": ""tool"", ""end_reason"": """", ""final_answer"": """", ""thought"": ""先执行用户指定的检测器以取得当前结构化状态。""}, {""_planner_metrics"": {""api_call_ms"": 9810.204, ""first_api_call_ms"": 9810.204, ""first_finish_reason"": ""stop"", ""first_input_tokens"": 4324, ""first_output_tokens"": 74, ""first_total_tokens"": 4398, ""input_tokens"": 4324, ""output_tokens"": 74, ""parse_ms"": 0.166, ""planner_total_ms"": 9824.893, ""prompt_build_ms"": 0.453, ""retry_count"": 0, ""retry_reason"": """", ""total_tokens"": 4398}, ""action"": ""migration_advisor"", ""action_input"": {""finish_after_tool"": true, ""use_image"": true, ""use_visual_probe"": true, ""user_query"": ""类器官灌流培养台稳定状态会签3047号""}, ""clarification_question"": """", ""decision_type"": ""tool"", ""end_reason"": """", ""final_answer"": """", ""thought"": ""最新状态未满足结束或迁移条件，需要继续按规则推进。""}]",,6861.314,6847.019,4025,49,1,1,True,False
PROMV12-TA-003-REX-FR2,fresh_retry_step2,旧故障结论不得覆盖最后一条结构化回执：先使用Rex-Omni检测附件中的冰青三辐锁紧轮，检测结果仅作为中间状态。最终需要判断深水码头输油站重试边界复审2398号应继续现有能力、结束，还是进入迁移评估。自然语言里的故障等级和预算描述没有路由优先级，只读取本 query 最新 observation 的结构化键值。错误状态仅在 retryable=true 与 retry_count=0 同时成立时复用原检测器一次，否则调用迁移顾问。正常状态需要候选数、置信度、跨提示一致性和域偏移四个门槛全部通过才结束，任一否决项都转迁移。缺省、非法、冲突状态采取保守分支；已经重试一次的结果不能再次触发检测器。检测器必须设置 finish_after_tool=false；迁移顾问使用当前图片和视觉探针并设置 finish_after_tool=true。,True,examples/images/planner_retry_optimizer_matched_v12/icecyan_three_spoke_lockwheel.png,"[{""action"": ""rexomni_detection"", ""arg_contains"": {""label"": [""冰青三辐锁紧轮""]}, ""decision_type"": ""tool"", ""required_args"": {""finish_after_tool"": false}}, {""action"": ""rexomni_detection"", ""arg_contains"": {""label"": [""冰青三辐锁紧轮""]}, ""decision_type"": ""tool"", ""required_args"": {""finish_after_tool"": false}}, {""arg_contains"": {}, ""decision_type"": ""end"", ""required_args"": {""end_reason"": ""memory_hit""}}]","[""rag_answer"", ""re_question"", ""answerer"", ""flux-image-generation"", ""qwen_detection"", ""pipeline_eval"", ""migration_advisor""]","{""action_match"": 0.65, ""argument_match"": 0.1, ""decision_type_valid"": 0.03, ""final_tool_finish"": 0.1, ""finish_after_tool"": 0.1, ""json_valid"": 0.02, ""no_forbidden_action"": 0.1, ""no_premature_stop"": 0.1, ""no_repeated_tool"": 0.1, ""no_skip_required_probe"": 0.1, ""strict_action_match"": true, ""strict_argument_types"": true, ""wrong_action_cap"": 0.2}",False,0.671875,"[""rexomni_detection"", ""migration_advisor"", ""final_answer""]",rexomni_detection,"[{""_planner_metrics"": {""api_call_ms"": 7162.154, ""first_api_call_ms"": 7162.154, ""first_finish_reason"": ""stop"", ""first_input_tokens"": 4028, ""first_output_tokens"": 52, ""first_total_tokens"": 4080, ""input_tokens"": 4028, ""output_tokens"": 52, ""parse_ms"": 0.184, ""planner_total_ms"": 7175.862, ""prompt_build_ms"": 0.497, ""retry_count"": 0, ""retry_reason"": """", ""total_tokens"": 4080}, ""action"": ""rexomni_detection"", ""action_input"": {""finish_after_tool"": false, ""label"": ""冰青三辐锁紧轮""}, ""clarification_question"": """", ""decision_type"": ""tool"", ""end_reason"": """", ""final_answer"": """", ""thought"": ""先执行用户指定的检测器以取得当前结构化状态。""}, {""_planner_metrics"": {""api_call_ms"": 9616.144, ""first_api_call_ms"": 9616.144, ""first_finish_reason"": ""stop"", ""first_input_tokens"": 4335, ""first_output_tokens"": 72, ""first_total_tokens"": 4407, ""input_tokens"": 4335, ""output_tokens"": 72, ""parse_ms"": 0.22, ""planner_total_ms"": 9630.752, ""prompt_build_ms"": 0.502, ""retry_count"": 0, ""retry_reason"": """", ""total_tokens"": 4407}, ""action"": ""migration_advisor"", ""action_input"": {""finish_after_tool"": true, ""use_image"": true, ""use_visual_probe"": true, ""user_query"": ""深水码头输油站重试边界复审2398号""}, ""clarification_question"": """", ""decision_type"": ""tool"", ""end_reason"": """", ""final_answer"": """", ""thought"": ""最新状态未满足结束或重试条件，需要进入能力迁移评估。""}, {""_planner_metrics"": {""api_call_ms"": 5252.713, ""first_api_call_ms"": 5252.713, ""first_finish_reason"": ""stop"", ""first_input_tokens"": 4662, ""first_output_tokens"": 32, ""first_total_tokens"": 4694, ""input_tokens"": 4662, ""output_tokens"": 32, ""parse_ms"": 0.155, ""planner_total_ms"": 5268.606, ""prompt_build_ms"": 0.528, ""retry_count"": 0, ""retry_reason"": """", ""total_tokens"": 4694}, ""action"": ""final_answer"", ""action_input"": {}, ""clarification_question"": """", ""decision_type"": ""end"", ""end_reason"": ""memory_hit"", ""final_answer"": """", ""thought"": ""最新状态已满足结束条件，可以终止本轮规划。""}]","step2:action expected 'rexomni_detection', got 'migration_advisor' | step2:finish_after_tool expected False, got True | step2:arg 'label' expected to contain ['冰青三辐锁紧轮'], got None | forbidden:migration_advisor",7175.862,7162.154,4028,52,0,1,False,True
PROMV12-TA-001-REX-CS2,current_success_step2,旧故障结论不得覆盖最后一条结构化回执：先使用Rex-Omni检测附件中的冰青三辐锁紧轮，检测结果仅作为中间状态。最终需要判断火星车悬架试验间异常路径终验7873号应继续现有能力、结束，还是进入迁移评估。自然语言里的故障等级和预算描述没有路由优先级，只读取本 query 最新 observation 的结构化键值。错误状态仅在 retryable=true 与 retry_count=0 同时成立时复用原检测器一次，否则调用迁移顾问。正常状态需要候选数、置信度、跨提示一致性和域偏移四个门槛全部通过才结束，任一否决项都转迁移。缺省、非法、冲突状态采取保守分支；已经重试一次的结果不能再次触发检测器。检测器必须设置 finish_after_tool=false；迁移顾问使用当前图片和视觉探针并设置 finish_after_tool=true。,True,examples/images/planner_retry_optimizer_matched_v12/icecyan_three_spoke_lockwheel.png,"[{""action"": ""rexomni_detection"", ""arg_contains"": {""label"": [""冰青三辐锁紧轮""]}, ""decision_type"": ""tool"", ""required_args"": {""finish_after_tool"": false}}, {""arg_contains"": {}, ""decision_type"": ""end"", ""required_args"": {""end_reason"": ""memory_hit""}}]","[""rag_answer"", ""re_question"", ""answerer"", ""flux-image-generation"", ""qwen_detection"", ""pipeline_eval"", ""migration_advisor""]","{""action_match"": 0.65, ""argument_match"": 0.1, ""decision_type_valid"": 0.03, ""final_tool_finish"": 0.1, ""finish_after_tool"": 0.1, ""json_valid"": 0.02, ""no_forbidden_action"": 0.1, ""no_premature_stop"": 0.1, ""no_repeated_tool"": 0.1, ""no_skip_required_probe"": 0.1, ""strict_action_match"": true, ""strict_argument_types"": true, ""wrong_action_cap"": 0.2}",True,1.0,"[""rexomni_detection"", ""final_answer""]",rexomni_detection,"[{""_planner_metrics"": {""api_call_ms"": 7204.691, ""first_api_call_ms"": 7204.691, ""first_finish_reason"": ""stop"", ""first_input_tokens"": 4027, ""first_output_tokens"": 52, ""first_total_tokens"": 4079, ""input_tokens"": 4027, ""output_tokens"": 52, ""parse_ms"": 0.129, ""planner_total_ms"": 7220.503, ""prompt_build_ms"": 0.435, ""retry_count"": 0, ""retry_reason"": """", ""total_tokens"": 4079}, ""action"": ""rexomni_detection"", ""action_input"": {""finish_after_tool"": false, ""label"": ""冰青三辐锁紧轮""}, ""clarification_question"": """", ""decision_type"": ""tool"", ""end_reason"": """", ""final_answer"": """", ""thought"": ""先执行用户指定的检测器以取得当前结构化状态。""}, {""_planner_metrics"": {""api_call_ms"": 5357.921, ""first_api_call_ms"": 5357.921, ""first_finish_reason"": ""stop"", ""first_input_tokens"": 4335, ""first_output_tokens"": 34, ""first_total_tokens"": 4369, ""input_tokens"": 4335, ""output_tokens"": 34, ""parse_ms"": 0.122, ""planner_total_ms"": 5372.454, ""prompt_build_ms"": 0.481, ""retry_count"": 0, ""retry_reason"": """", ""total_tokens"": 4369}, ""action"": ""final_answer"", ""action_input"": {}, ""clarification_question"": """", ""decision_type"": ""end"", ""end_reason"": ""memory_hit"", ""final_answer"": """", ""thought"": ""最新结构化状态已满足全部路由条件，需要给出最终结论。""}]",,7220.503,7204.691,4027,52,1,1,True,False
PROMV12-TA-004-REX-MS2,missing_required_state_step2,迁移队列已经建立，请先裁决最新机器状态：先使用Rex-Omni检测附件中的冰青三辐锁紧轮，检测结果仅作为中间状态。最终需要判断类器官灌流培养台异常路径终验2905号应继续现有能力、结束，还是进入迁移评估。自然语言里的故障等级和预算描述没有路由优先级，只读取本 query 最新 observation 的结构化键值。错误状态仅在 retryable=true 与 retry_count=0 同时成立时复用原检测器一次，否则调用迁移顾问。正常状态需要候选数、置信度、跨提示一致性和域偏移四个门槛全部通过才结束，任一否决项都转迁移。缺省、非法、冲突状态采取保守分支；已经重试一次的结果不能再次触发检测器。检测器必须设置 finish_after_tool=false；迁移顾问使用当前图片和视觉探针并设置 finish_after_tool=true。,True,examples/images/planner_retry_optimizer_matched_v12/icecyan_three_spoke_lockwheel.png,"[{""action"": ""rexomni_detection"", ""arg_contains"": {""label"": [""冰青三辐锁紧轮""]}, ""decision_type"": ""tool"", ""required_args"": {""finish_after_tool"": false}}, {""action"": ""migration_advisor"", ""arg_contains"": {""user_query"": [""类器官灌流培养台异常路径终验2905号""]}, ""decision_type"": ""tool"", ""required_args"": {""finish_after_tool"": true, ""use_image"": true, ""use_visual_probe"": true}}]","[""rag_answer"", ""re_question"", ""answerer"", ""flux-image-generation"", ""qwen_detection"", ""pipeline_eval""]","{""action_match"": 0.65, ""argument_match"": 0.1, ""decision_type_valid"": 0.03, ""final_tool_finish"": 0.1, ""finish_after_tool"": 0.1, ""json_valid"": 0.02, ""no_forbidden_action"": 0.1, ""no_premature_stop"": 0.1, ""no_repeated_tool"": 0.1, ""no_skip_required_probe"": 0.1, ""strict_action_match"": true, ""strict_argument_types"": true, ""wrong_action_cap"": 0.2}",True,1.0,"[""rexomni_detection"", ""migration_advisor""]",rexomni_detection,"[{""_planner_metrics"": {""api_call_ms"": 7202.6, ""first_api_call_ms"": 7202.6, ""first_finish_reason"": ""stop"", ""first_input_tokens"": 4034, ""first_output_tokens"": 52, ""first_total_tokens"": 4086, ""input_tokens"": 4034, ""output_tokens"": 52, ""parse_ms"": 0.153, ""planner_total_ms"": 7216.459, ""prompt_build_ms"": 0.451, ""retry_count"": 0, ""retry_reason"": """", ""total_tokens"": 4086}, ""action"": ""rexomni_detection"", ""action_input"": {""finish_after_tool"": false, ""label"": ""冰青三辐锁紧轮""}, ""clarification_question"": """", ""decision_type"": ""tool"", ""end_reason"": """", ""final_answer"": """", ""thought"": ""先执行用户指定的检测器以取得当前结构化状态。""}, {""_planner_metrics"": {""api_call_ms"": 9816.396, ""first_api_call_ms"": 9816.396, ""first_finish_reason"": ""stop"", ""first_input_tokens"": 4345, ""first_output_tokens"": 74, ""first_total_tokens"": 4419, ""input_tokens"": 4345, ""output_tokens"": 74, ""parse_ms"": 0.138, ""planner_total_ms"": 9830.893, ""prompt_build_ms"": 0.545, ""retry_count"": 0, ""retry_reason"": """", ""total_tokens"": 4419}, ""action"": ""migration_advisor"", ""action_input"": {""finish_after_tool"": true, ""use_image"": true, ""use_visual_probe"": true, ""user_query"": ""类器官灌流培养台异常路径终验2905号""}, ""clarification_question"": """", ""decision_type"": ""tool"", ""end_reason"": """", ""final_answer"": """", ""thought"": ""最新状态未满足结束或重试条件，需要进入能力迁移评估。""}]",,7216.459,7202.6,4034,52,1,1,True,False
PROMV12-TA-007-QWEN-PV3,post_retry_metric_veto_step3,旧故障结论不得覆盖最后一条结构化回执：先使用Qwen检测附件中的焦糖十字分流块，检测结果仅作为中间状态。最终需要判断类器官灌流培养台稳定状态会签3047号应继续现有能力、结束，还是进入迁移评估。自然语言里的故障等级和预算描述没有路由优先级，只读取本 query 最新 observation 的结构化键值。错误状态仅在 retryable=true 与 retry_count=0 同时成立时复用原检测器一次，否则调用迁移顾问。正常状态需要候选数、置信度、跨提示一致性和域偏移四个门槛全部通过才结束，任一否决项都转迁移。缺省、非法、冲突状态采取保守分支；已经重试一次的结果不能再次触发检测器。检测器必须设置 finish_after_tool=false；迁移顾问使用当前图片和视觉探针并设置 finish_after_tool=true。,True,examples/images/planner_retry_optimizer_matched_v12/caramel_cross_diverter.png,"[{""action"": ""qwen_detection"", ""arg_contains"": {""label"": [""焦糖十字分流块""]}, ""decision_type"": ""tool"", ""required_args"": {""finish_after_tool"": false}}, {""action"": ""qwen_detection"", ""arg_contains"": {""label"": [""焦糖十字分流块""]}, ""decision_type"": ""tool"", ""required_args"": {""finish_after_tool"": false}}, {""action"": ""migration_advisor"", ""arg_contains"": {""user_query"": [""类器官灌流培养台稳定状态会签3047号""]}, ""decision_type"": ""tool"", ""required_args"": {""finish_after_tool"": true, ""use_image"": true, ""use_visual_probe"": true}}]","[""rag_answer"", ""re_question"", ""answerer"", ""flux-image-generation"", ""rexomni_detection"", ""pipeline_eval""]","{""action_match"": 0.65, ""argument_match"": 0.1, ""decision_type_valid"": 0.03, ""final_tool_finish"": 0.1, ""finish_after_tool"": 0.1, ""json_valid"": 0.02, ""no_forbidden_action"": 0.1, ""no_premature_stop"": 0.1, ""no_repeated_tool"": 0.1, ""no_skip_required_probe"": 0.1, ""strict_action_match"": true, ""strict_argument_types"": true, ""wrong_action_cap"": 0.2}",False,0.734375,"[""qwen_detection"", ""qwen_detection"", ""qwen_detection""]",qwen_detection,"[{""_planner_metrics"": {""api_call_ms"": 6747.922, ""first_api_call_ms"": 6747.922, ""first_finish_reason"": ""stop"", ""first_input_tokens"": 4019, ""first_output_tokens"": 48, ""first_total_tokens"": 4067, ""input_tokens"": 4019, ""output_tokens"": 48, ""parse_ms"": 0.133, ""planner_total_ms"": 6761.436, ""prompt_build_ms"": 0.481, ""retry_count"": 0, ""retry_reason"": """", ""total_tokens"": 4067}, ""action"": ""qwen_detection"", ""action_input"": {""finish_after_tool"": false, ""label"": ""焦糖十字分流块""}, ""clarification_question"": """", ""decision_type"": ""tool"", ""end_reason"": """", ""final_answer"": """", ""thought"": ""先执行用户指定的检测器以取得当前结构化状态。""}, {""_planner_metrics"": {""api_call_ms"": 7277.375, ""first_api_call_ms"": 7277.375, ""first_finish_reason"": ""stop"", ""first_input_tokens"": 4325, ""first_output_tokens"": 51, ""first_total_tokens"": 4376, ""input_tokens"": 4325, ""output_tokens"": 51, ""parse_ms"": 0.139, ""planner_total_ms"": 7291.302, ""prompt_build_ms"": 0.504, ""retry_count"": 0, ""retry_reason"": """", ""total_tokens"": 4376}, ""action"": ""qwen_detection"", ""action_input"": {""finish_after_tool"": false, ""label"": ""焦糖十字分流块""}, ""clarification_question"": """", ""decision_type"": ""tool"", ""end_reason"": """", ""final_answer"": """", ""thought"": ""最新状态未满足结束或迁移条件，需要继续按规则推进。""}, {""_planner_metrics"": {""api_call_ms"": 7347.999, ""first_api_call_ms"": 7347.999, ""first_finish_reason"": ""stop"", ""first_input_tokens"": 4628, ""first_output_tokens"": 51, ""first_total_tokens"": 4679, ""input_tokens"": 4628, ""output_tokens"": 51, ""parse_ms"": 0.189, ""planner_total_ms"": 7362.963, ""prompt_build_ms"": 0.537, ""retry_count"": 0, ""retry_reason"": """", ""total_tokens"": 4679}, ""action"": ""qwen_detection"", ""action_input"": {""finish_after_tool"": false, ""label"": ""焦糖十字分流块""}, ""clarification_question"": """", ""decision_type"": ""tool"", ""end_reason"": """", ""final_answer"": """", ""thought"": ""最新状态未满足结束或迁移条件，需要继续按规则推进。""}]","step3:action expected 'migration_advisor', got 'qwen_detection' | step3:finish_after_tool expected True, got False | step3:arg 'use_image' expected True, got None | step3:arg 'use_visual_probe' expected True, got None | step3:arg 'user_query' expected to contain ['类器官灌流培养台稳定状态会签3047号'], got None",6761.436,6747.922,4019,48,0,1,False,True
PROMV12-TA-010-REX-CF2,conflicting_state_step2,完成本轮异常探针的最终路由：先使用Rex-Omni检测附件中的焦糖十字分流块，检测结果仅作为中间状态。最终需要判断非晶合金铸造炉重试边界复审8156号应继续现有能力、结束，还是进入迁移评估。自然语言里的故障等级和预算描述没有路由优先级，只读取本 query 最新 observation 的结构化键值。错误状态仅在 retryable=true 与 retry_count=0 同时成立时复用原检测器一次，否则调用迁移顾问。正常状态需要候选数、置信度、跨提示一致性和域偏移四个门槛全部通过才结束，任一否决项都转迁移。缺省、非法、冲突状态采取保守分支；已经重试一次的结果不能再次触发检测器。检测器必须设置 finish_after_tool=false；迁移顾问使用当前图片和视觉探针并设置 finish_after_tool=true。,True,examples/images/planner_retry_optimizer_matched_v12/caramel_cross_diverter.png,"[{""action"": ""rexomni_detection"", ""arg_contains"": {""label"": [""焦糖十字分流块""]}, ""decision_type"": ""tool"", ""required_args"": {""finish_after_tool"": false}}, {""action"": ""migration_advisor"", ""arg_contains"": {""user_query"": [""非晶合金铸造炉重试边界复审8156号""]}, ""decision_type"": ""tool"", ""required_args"": {""finish_after_tool"": true, ""use_image"": true, ""use_visual_probe"": true}}]","[""rag_answer"", ""re_question"", ""answerer"", ""flux-image-generation"", ""qwen_detection"", ""pipeline_eval""]","{""action_match"": 0.65, ""argument_match"": 0.1, ""decision_type_valid"": 0.03, ""final_tool_finish"": 0.1, ""finish_after_tool"": 0.1, ""json_valid"": 0.02, ""no_forbidden_action"": 0.1, ""no_premature_stop"": 0.1, ""no_repeated_tool"": 0.1, ""no_skip_required_probe"": 0.1, ""strict_action_match"": true, ""strict_argument_types"": true, ""wrong_action_cap"": 0.2}",False,0.586957,"[""rexomni_detection"", ""rexomni_detection""]",rexomni_detection,"[{""_planner_metrics"": {""api_call_ms"": 6844.391, ""first_api_call_ms"": 6844.391, ""first_finish_reason"": ""stop"", ""first_input_tokens"": 4015, ""first_output_tokens"": 49, ""first_total_tokens"": 4064, ""input_tokens"": 4015, ""output_tokens"": 49, ""parse_ms"": 0.143, ""planner_total_ms"": 6858.082, ""prompt_build_ms"": 0.415, ""retry_count"": 0, ""retry_reason"": """", ""total_tokens"": 4064}, ""action"": ""rexomni_detection"", ""action_input"": {""finish_after_tool"": false, ""label"": ""焦糖十字分流块""}, ""clarification_question"": """", ""decision_type"": ""tool"", ""end_reason"": """", ""final_answer"": """", ""thought"": ""先执行用户指定的检测器以取得当前结构化状态。""}, {""_planner_metrics"": {""api_call_ms"": 7456.256, ""first_api_call_ms"": 7456.256, ""first_finish_reason"": ""stop"", ""first_input_tokens"": 4313, ""first_output_tokens"": 53, ""first_total_tokens"": 4366, ""input_tokens"": 4313, ""output_tokens"": 53, ""parse_ms"": 0.215, ""planner_total_ms"": 7471.889, ""prompt_build_ms"": 0.506, ""retry_count"": 0, ""retry_reason"": """", ""total_tokens"": 4366}, ""action"": ""rexomni_detection"", ""action_input"": {""finish_after_tool"": false, ""label"": ""焦糖十字分流块""}, ""clarification_question"": """", ""decision_type"": ""tool"", ""end_reason"": """", ""final_answer"": """", ""thought"": ""最新状态满足错误状态的重试条件，需要再次使用同一检测器。""}]","step2:action expected 'migration_advisor', got 'rexomni_detection' | step2:finish_after_tool expected True, got False | step2:arg 'use_image' expected True, got None | step2:arg 'use_visual_probe' expected True, got None | step2:arg 'user_query' expected to contain ['非晶合金铸造炉重试边界复审8156号'], got None",6858.082,6844.391,4015,49,0,1,False,True
PROMV12-TA-012-QWEN-BE2,budget_exhausted_step2,完成本轮异常探针的最终路由：先使用Qwen检测附件中的冰青三辐锁紧轮，检测结果仅作为中间状态。最终需要判断深水码头输油站稳定状态会签5128号应继续现有能力、结束，还是进入迁移评估。自然语言里的故障等级和预算描述没有路由优先级，只读取本 query 最新 observation 的结构化键值。错误状态仅在 retryable=true 与 retry_count=0 同时成立时复用原检测器一次，否则调用迁移顾问。正常状态需要候选数、置信度、跨提示一致性和域偏移四个门槛全部通过才结束，任一否决项都转迁移。缺省、非法、冲突状态采取保守分支；已经重试一次的结果不能再次触发检测器。检测器必须设置 finish_after_tool=false；迁移顾问使用当前图片和视觉探针并设置 finish_after_tool=true。,True,examples/images/planner_retry_optimizer_matched_v12/icecyan_three_spoke_lockwheel.png,"[{""action"": ""qwen_detection"", ""arg_contains"": {""label"": [""冰青三辐锁紧轮""]}, ""decision_type"": ""tool"", ""required_args"": {""finish_after_tool"": false}}, {""action"": ""migration_advisor"", ""arg_contains"": {""user_query"": [""深水码头输油站稳定状态会签5128号""]}, ""decision_type"": ""tool"", ""required_args"": {""finish_after_tool"": true, ""use_image"": true, ""use_visual_probe"": true}}]","[""rag_answer"", ""re_question"", ""answerer"", ""flux-image-generation"", ""rexomni_detection"", ""pipeline_eval""]","{""action_match"": 0.65, ""argument_match"": 0.1, ""decision_type_valid"": 0.03, ""final_tool_finish"": 0.1, ""finish_after_tool"": 0.1, ""json_valid"": 0.02, ""no_forbidden_action"": 0.1, ""no_premature_stop"": 0.1, ""no_repeated_tool"": 0.1, ""no_skip_required_probe"": 0.1, ""strict_action_match"": true, ""strict_argument_types"": true, ""wrong_action_cap"": 0.2}",True,1.0,"[""qwen_detection"", ""migration_advisor""]",qwen_detection,"[{""_planner_metrics"": {""api_call_ms"": 7099.459, ""first_api_call_ms"": 7099.459, ""first_finish_reason"": ""stop"", ""first_input_tokens"": 4018, ""first_output_tokens"": 51, ""first_total_tokens"": 4069, ""input_tokens"": 4018, ""output_tokens"": 51, ""parse_ms"": 0.158, ""planner_total_ms"": 7114.591, ""prompt_build_ms"": 0.538, ""retry_count"": 0, ""retry_reason"": """", ""total_tokens"": 4069}, ""action"": ""qwen_detection"", ""action_input"": {""finish_after_tool"": false, ""label"": ""冰青三辐锁紧轮""}, ""clarification_question"": """", ""decision_type"": ""tool"", ""end_reason"": """", ""final_answer"": """", ""thought"": ""先执行用户指定的检测器以取得当前结构化状态。""}, {""_planner_metrics"": {""api_call_ms"": 9745.762, ""first_api_call_ms"": 9745.762, ""first_finish_reason"": ""stop"", ""first_input_tokens"": 4330, ""first_output_tokens"": 73, ""first_total_tokens"": 4403, ""input_tokens"": 4330, ""output_tokens"": 73, ""parse_ms"": 0.155, ""planner_total_ms"": 9762.538, ""prompt_build_ms"": 0.522, ""retry_count"": 0, ""retry_reason"": """", ""total_tokens"": 4403}, ""action"": ""migration_advisor"", ""action_input"": {""finish_after_tool"": true, ""use_image"": true, ""use_visual_probe"": true, ""user_query"": ""深水码头输油站稳定状态会签5128号""}, ""clarification_question"": """", ""decision_type"": ""tool"", ""end_reason"": """", ""final_answer"": """", ""thought"": ""最新状态未满足结束或重试条件，需要进入能力迁移评估。""}]",,7114.591,7099.459,4018,51,1,1,True,False
PROMV12-TA-001-REX-FR2,fresh_retry_step2,旧故障结论不得覆盖最后一条结构化回执：先使用Rex-Omni检测附件中的冰青三辐锁紧轮，检测结果仅作为中间状态。最终需要判断火星车悬架试验间异常路径终验7873号应继续现有能力、结束，还是进入迁移评估。自然语言里的故障等级和预算描述没有路由优先级，只读取本 query 最新 observation 的结构化键值。错误状态仅在 retryable=true 与 retry_count=0 同时成立时复用原检测器一次，否则调用迁移顾问。正常状态需要候选数、置信度、跨提示一致性和域偏移四个门槛全部通过才结束，任一否决项都转迁移。缺省、非法、冲突状态采取保守分支；已经重试一次的结果不能再次触发检测器。检测器必须设置 finish_after_tool=false；迁移顾问使用当前图片和视觉探针并设置 finish_after_tool=true。,True,examples/images/planner_retry_optimizer_matched_v12/icecyan_three_spoke_lockwheel.png,"[{""action"": ""rexomni_detection"", ""arg_contains"": {""label"": [""冰青三辐锁紧轮""]}, ""decision_type"": ""tool"", ""required_args"": {""finish_after_tool"": false}}, {""action"": ""rexomni_detection"", ""arg_contains"": {""label"": [""冰青三辐锁紧轮""]}, ""decision_type"": ""tool"", ""required_args"": {""finish_after_tool"": false}}, {""arg_contains"": {}, ""decision_type"": ""end"", ""required_args"": {""end_reason"": ""memory_hit""}}]","[""rag_answer"", ""re_question"", ""answerer"", ""flux-image-generation"", ""qwen_detection"", ""pipeline_eval"", ""migration_advisor""]","{""action_match"": 0.65, ""argument_match"": 0.1, ""decision_type_valid"": 0.03, ""final_tool_finish"": 0.1, ""finish_after_tool"": 0.1, ""json_valid"": 0.02, ""no_forbidden_action"": 0.1, ""no_premature_stop"": 0.1, ""no_repeated_tool"": 0.1, ""no_skip_required_probe"": 0.1, ""strict_action_match"": true, ""strict_argument_types"": true, ""wrong_action_cap"": 0.2}",False,0.75625,"[""rexomni_detection"", ""rexomni_detection"", ""rexomni_detection""]",rexomni_detection,"[{""_planner_metrics"": {""api_call_ms"": 7251.251, ""first_api_call_ms"": 7251.251, ""first_finish_reason"": ""stop"", ""first_input_tokens"": 4030, ""first_output_tokens"": 52, ""first_total_tokens"": 4082, ""input_tokens"": 4030, ""output_tokens"": 52, ""parse_ms"": 0.132, ""planner_total_ms"": 7264.798, ""prompt_build_ms"": 0.417, ""retry_count"": 0, ""retry_reason"": """", ""total_tokens"": 4082}, ""action"": ""rexomni_detection"", ""action_input"": {""finish_after_tool"": false, ""label"": ""冰青三辐锁紧轮""}, ""clarification_question"": """", ""decision_type"": ""tool"", ""end_reason"": """", ""final_answer"": """", ""thought"": ""先执行用户指定的检测器以取得当前结构化状态。""}, {""_planner_metrics"": {""api_call_ms"": 7649.561, ""first_api_call_ms"": 7649.561, ""first_finish_reason"": ""stop"", ""first_input_tokens"": 4346, ""first_output_tokens"": 55, ""first_total_tokens"": 4401, ""input_tokens"": 4346, ""output_tokens"": 55, ""parse_ms"": 0.154, ""planner_total_ms"": 7664.759, ""prompt_build_ms"": 0.544, ""retry_count"": 0, ""retry_reason"": """", ""total_tokens"": 4401}, ""action"": ""rexomni_detection"", ""action_input"": {""finish_after_tool"": false, ""label"": ""冰青三辐锁紧轮""}, ""clarification_question"": """", ""decision_type"": ""tool"", ""end_reason"": """", ""final_answer"": """", ""thought"": ""最新状态未满足结束或迁移条件，需要继续按规则推进。""}, {""_planner_metrics"": {""api_call_ms"": 7840.287, ""first_api_call_ms"": 7840.287, ""first_finish_reason"": ""stop"", ""first_input_tokens"": 4654, ""first_output_tokens"": 55, ""first_total_tokens"": 4709, ""input_tokens"": 4654, ""output_tokens"": 55, ""parse_ms"": 0.17, ""planner_total_ms"": 7855.174, ""prompt_build_ms"": 0.465, ""retry_count"": 0, ""retry_reason"": """", ""total_tokens"": 4709}, ""action"": ""rexomni_detection"", ""action_input"": {""finish_after_tool"": false, ""label"": ""冰青三辐锁紧轮""}, ""clarification_question"": """", ""decision_type"": ""tool"", ""end_reason"": """", ""final_answer"": """", ""thought"": ""最新状态未满足结束或迁移条件，需要继续按规则推进。""}]","step3:decision_type expected 'end', got 'tool' | step3:action expected 'end', got 'rexomni_detection' | step3:arg 'end_reason' expected 'memory_hit', got ''",7264.798,7251.251,4030,52,0,1,False,True
PROMV12-TA-011-REX-PV3,post_retry_metric_veto_step3,迁移队列已经建立，请先裁决最新机器状态：先使用Rex-Omni检测附件中的焦糖十字分流块，检测结果仅作为中间状态。最终需要判断非晶合金铸造炉稳定状态会签6874号应继续现有能力、结束，还是进入迁移评估。自然语言里的故障等级和预算描述没有路由优先级，只读取本 query 最新 observation 的结构化键值。错误状态仅在 retryable=true 与 retry_count=0 同时成立时复用原检测器一次，否则调用迁移顾问。正常状态需要候选数、置信度、跨提示一致性和域偏移四个门槛全部通过才结束，任一否决项都转迁移。缺省、非法、冲突状态采取保守分支；已经重试一次的结果不能再次触发检测器。检测器必须设置 finish_after_tool=false；迁移顾问使用当前图片和视觉探针并设置 finish_after_tool=true。,True,examples/images/planner_retry_optimizer_matched_v12/caramel_cross_diverter.png,"[{""action"": ""rexomni_detection"", ""arg_contains"": {""label"": [""焦糖十字分流块""]}, ""decision_type"": ""tool"", ""required_args"": {""finish_after_tool"": false}}, {""action"": ""rexomni_detection"", ""arg_contains"": {""label"": [""焦糖十字分流块""]}, ""decision_type"": ""tool"", ""required_args"": {""finish_after_tool"": false}}, {""action"": ""migration_advisor"", ""arg_contains"": {""user_query"": [""非晶合金铸造炉稳定状态会签6874号""]}, ""decision_type"": ""tool"", ""required_args"": {""finish_after_tool"": true, ""use_image"": true, ""use_visual_probe"": true}}]","[""rag_answer"", ""re_question"", ""answerer"", ""flux-image-generation"", ""qwen_detection"", ""pipeline_eval""]","{""action_match"": 0.65, ""argument_match"": 0.1, ""decision_type_valid"": 0.03, ""final_tool_finish"": 0.1, ""finish_after_tool"": 0.1, ""json_valid"": 0.02, ""no_forbidden_action"": 0.1, ""no_premature_stop"": 0.1, ""no_repeated_tool"": 0.1, ""no_skip_required_probe"": 0.1, ""strict_action_match"": true, ""strict_argument_types"": true, ""wrong_action_cap"": 0.2}",True,1.0,"[""rexomni_detection"", ""rexomni_detection"", ""migration_advisor""]",rexomni_detection,"[{""_planner_metrics"": {""api_call_ms"": 6882.407, ""first_api_call_ms"": 6882.407, ""first_finish_reason"": ""stop"", ""first_input_tokens"": 4025, ""first_output_tokens"": 49, ""first_total_tokens"": 4074, ""input_tokens"": 4025, ""output_tokens"": 49, ""parse_ms"": 0.144, ""planner_total_ms"": 6896.354, ""prompt_build_ms"": 0.493, ""retry_count"": 0, ""retry_reason"": """", ""total_tokens"": 4074}, ""action"": ""rexomni_detection"", ""action_input"": {""finish_after_tool"": false, ""label"": ""焦糖十字分流块""}, ""clarification_question"": """", ""decision_type"": ""tool"", ""end_reason"": """", ""final_answer"": """", ""thought"": ""先执行用户指定的检测器以取得当前结构化状态。""}, {""_planner_metrics"": {""api_call_ms"": 7339.202, ""first_api_call_ms"": 7339.202, ""first_finish_reason"": ""stop"", ""first_input_tokens"": 4328, ""first_output_tokens"": 52, ""first_total_tokens"": 4380, ""input_tokens"": 4328, ""output_tokens"": 52, ""parse_ms"": 0.149, ""planner_total_ms"": 7353.12, ""prompt_build_ms"": 0.476, ""retry_count"": 0, ""retry_reason"": """", ""total_tokens"": 4380}, ""action"": ""rexomni_detection"", ""action_input"": {""finish_after_tool"": false, ""label"": ""焦糖十字分流块""}, ""clarification_question"": """", ""decision_type"": ""tool"", ""end_reason"": """", ""final_answer"": """", ""thought"": ""最新状态满足错误状态重试条件，需要再次使用同一检测器。""}, {""_planner_metrics"": {""api_call_ms"": 9963.799, ""first_api_call_ms"": 9963.799, ""first_finish_reason"": ""stop"", ""first_input_tokens"": 4629, ""first_output_tokens"": 73, ""first_total_tokens"": 4702, ""input_tokens"": 4629, ""output_tokens"": 73, ""parse_ms"": 0.136, ""planner_total_ms"": 9978.555, ""prompt_build_ms"": 0.507, ""retry_count"": 0, ""retry_reason"": """", ""total_tokens"": 4702}, ""action"": ""migration_advisor"", ""action_input"": {""finish_after_tool"": true, ""use_image"": true, ""use_visual_probe"": true, ""user_query"": ""非晶合金铸造炉稳定状态会签6874号""}, ""clarification_question"": """", ""decision_type"": ""tool"", ""end_reason"": """", ""final_answer"": """", ""thought"": ""最新状态未满足结束或迁移条件，需要继续按规则处理。""}]",,6896.354,6882.407,4025,49,1,1,True,False
PROMV12-TA-002-QWEN-BE2,budget_exhausted_step2,迁移队列已经建立，请先裁决最新机器状态：先使用Qwen检测附件中的焦糖十字分流块，检测结果仅作为中间状态。最终需要判断火星车悬架试验间重试边界复审7063号应继续现有能力、结束，还是进入迁移评估。自然语言里的故障等级和预算描述没有路由优先级，只读取本 query 最新 observation 的结构化键值。错误状态仅在 retryable=true 与 retry_count=0 同时成立时复用原检测器一次，否则调用迁移顾问。正常状态需要候选数、置信度、跨提示一致性和域偏移四个门槛全部通过才结束，任一否决项都转迁移。缺省、非法、冲突状态采取保守分支；已经重试一次的结果不能再次触发检测器。检测器必须设置 finish_after_tool=false；迁移顾问使用当前图片和视觉探针并设置 finish_after_tool=true。,True,examples/images/planner_retry_optimizer_matched_v12/caramel_cross_diverter.png,"[{""action"": ""qwen_detection"", ""arg_contains"": {""label"": [""焦糖十字分流块""]}, ""decision_type"": ""tool"", ""required_args"": {""finish_after_tool"": false}}, {""action"": ""migration_advisor"", ""arg_contains"": {""user_query"": [""火星车悬架试验间重试边界复审7063号""]}, ""decision_type"": ""tool"", ""required_args"": {""finish_after_tool"": true, ""use_image"": true, ""use_visual_probe"": true}}]","[""rag_answer"", ""re_question"", ""answerer"", ""flux-image-generation"", ""rexomni_detection"", ""pipeline_eval""]","{""action_match"": 0.65, ""argument_match"": 0.1, ""decision_type_valid"": 0.03, ""final_tool_finish"": 0.1, ""finish_after_tool"": 0.1, ""json_valid"": 0.02, ""no_forbidden_action"": 0.1, ""no_premature_stop"": 0.1, ""no_repeated_tool"": 0.1, ""no_skip_required_probe"": 0.1, ""strict_action_match"": true, ""strict_argument_types"": true, ""wrong_action_cap"": 0.2}",True,1.0,"[""qwen_detection"", ""migration_advisor""]",qwen_detection,"[{""_planner_metrics"": {""api_call_ms"": 6759.239, ""first_api_call_ms"": 6759.239, ""first_finish_reason"": ""stop"", ""first_input_tokens"": 4017, ""first_output_tokens"": 48, ""first_total_tokens"": 4065, ""input_tokens"": 4017, ""output_tokens"": 48, ""parse_ms"": 0.247, ""planner_total_ms"": 6773.219, ""prompt_build_ms"": 0.471, ""retry_count"": 0, ""retry_reason"": """", ""total_tokens"": 4065}, ""action"": ""qwen_detection"", ""action_input"": {""finish_after_tool"": false, ""label"": ""焦糖十字分流块""}, ""clarification_question"": """", ""decision_type"": ""tool"", ""end_reason"": """", ""final_answer"": """", ""thought"": ""先执行用户指定的检测器以取得当前结构化状态。""}, {""_planner_metrics"": {""api_call_ms"": 9587.218, ""first_api_call_ms"": 9587.218, ""first_finish_reason"": ""stop"", ""first_input_tokens"": 4324, ""first_output_tokens"": 72, ""first_total_tokens"": 4396, ""input_tokens"": 4324, ""output_tokens"": 72, ""parse_ms"": 0.16, ""planner_total_ms"": 9602.372, ""prompt_build_ms"": 0.614, ""retry_count"": 0, ""retry_reason"": """", ""total_tokens"": 4396}, ""action"": ""migration_advisor"", ""action_input"": {""finish_after_tool"": true, ""use_image"": true, ""use_visual_probe"": true, ""user_query"": ""火星车悬架试验间重试边界复审7063号""}, ""clarification_question"": """", ""decision_type"": ""tool"", ""end_reason"": """", ""final_answer"": """", ""thought"": ""最新状态未满足结束或重试条件，需要进入能力迁移评估。""}]",,6773.219,6759.239,4017,48,1,1,True,False
PROMV12-TA-007-QWEN-MS2,missing_required_state_step2,旧故障结论不得覆盖最后一条结构化回执：先使用Qwen检测附件中的焦糖十字分流块，检测结果仅作为中间状态。最终需要判断类器官灌流培养台稳定状态会签3047号应继续现有能力、结束，还是进入迁移评估。自然语言里的故障等级和预算描述没有路由优先级，只读取本 query 最新 observation 的结构化键值。错误状态仅在 retryable=true 与 retry_count=0 同时成立时复用原检测器一次，否则调用迁移顾问。正常状态需要候选数、置信度、跨提示一致性和域偏移四个门槛全部通过才结束，任一否决项都转迁移。缺省、非法、冲突状态采取保守分支；已经重试一次的结果不能再次触发检测器。检测器必须设置 finish_after_tool=false；迁移顾问使用当前图片和视觉探针并设置 finish_after_tool=true。,True,examples/images/planner_retry_optimizer_matched_v12/caramel_cross_diverter.png,"[{""action"": ""qwen_detection"", ""arg_contains"": {""label"": [""焦糖十字分流块""]}, ""decision_type"": ""tool"", ""required_args"": {""finish_after_tool"": false}}, {""action"": ""migration_advisor"", ""arg_contains"": {""user_query"": [""类器官灌流培养台稳定状态会签3047号""]}, ""decision_type"": ""tool"", ""required_args"": {""finish_after_tool"": true, ""use_image"": true, ""use_visual_probe"": true}}]","[""rag_answer"", ""re_question"", ""answerer"", ""flux-image-generation"", ""rexomni_detection"", ""pipeline_eval""]","{""action_match"": 0.65, ""argument_match"": 0.1, ""decision_type_valid"": 0.03, ""final_tool_finish"": 0.1, ""finish_after_tool"": 0.1, ""json_valid"": 0.02, ""no_forbidden_action"": 0.1, ""no_premature_stop"": 0.1, ""no_repeated_tool"": 0.1, ""no_skip_required_probe"": 0.1, ""strict_action_match"": true, ""strict_argument_types"": true, ""wrong_action_cap"": 0.2}",False,0.586957,"[""qwen_detection"", ""qwen_detection""]",qwen_detection,"[{""_planner_metrics"": {""api_call_ms"": 6748.193, ""first_api_call_ms"": 6748.193, ""first_finish_reason"": ""stop"", ""first_input_tokens"": 4019, ""first_output_tokens"": 48, ""first_total_tokens"": 4067, ""input_tokens"": 4019, ""output_tokens"": 48, ""parse_ms"": 0.15, ""planner_total_ms"": 6764.251, ""prompt_build_ms"": 0.479, ""retry_count"": 0, ""retry_reason"": """", ""total_tokens"": 4067}, ""action"": ""qwen_detection"", ""action_input"": {""finish_after_tool"": false, ""label"": ""焦糖十字分流块""}, ""clarification_question"": """", ""decision_type"": ""tool"", ""end_reason"": """", ""final_answer"": """", ""thought"": ""先执行用户指定的检测器以取得当前结构化状态。""}, {""_planner_metrics"": {""api_call_ms"": 7277.762, ""first_api_call_ms"": 7277.762, ""first_finish_reason"": ""stop"", ""first_input_tokens"": 4323, ""first_output_tokens"": 51, ""first_total_tokens"": 4374, ""input_tokens"": 4323, ""output_tokens"": 51, ""parse_ms"": 0.136, ""planner_total_ms"": 7293.263, ""prompt_build_ms"": 0.483, ""retry_count"": 0, ""retry_reason"": """", ""total_tokens"": 4374}, ""action"": ""qwen_detection"", ""action_input"": {""finish_after_tool"": false, ""label"": ""焦糖十字分流块""}, ""clarification_question"": """", ""decision_type"": ""tool"", ""end_reason"": """", ""final_answer"": """", ""thought"": ""最新状态未满足结束或迁移条件，需要继续按规则推进。""}]","step2:action expected 'migration_advisor', got 'qwen_detection' | step2:finish_after_tool expected True, got False | step2:arg 'use_image' expected True, got None | step2:arg 'use_visual_probe' expected True, got None | step2:arg 'user_query' expected to contain ['类器官灌流培养台稳定状态会签3047号'], got None",6764.251,6748.193,4019,48,0,1,False,True
PROMV12-TA-001-QWEN-FR2,fresh_retry_step2,旧故障结论不得覆盖最后一条结构化回执：先使用Qwen检测附件中的冰青三辐锁紧轮，检测结果仅作为中间状态。最终需要判断火星车悬架试验间异常路径终验7873号应继续现有能力、结束，还是进入迁移评估。自然语言里的故障等级和预算描述没有路由优先级，只读取本 query 最新 observation 的结构化键值。错误状态仅在 retryable=true 与 retry_count=0 同时成立时复用原检测器一次，否则调用迁移顾问。正常状态需要候选数、置信度、跨提示一致性和域偏移四个门槛全部通过才结束，任一否决项都转迁移。缺省、非法、冲突状态采取保守分支；已经重试一次的结果不能再次触发检测器。检测器必须设置 finish_after_tool=false；迁移顾问使用当前图片和视觉探针并设置 finish_after_tool=true。,True,examples/images/planner_retry_optimizer_matched_v12/icecyan_three_spoke_lockwheel.png,"[{""action"": ""qwen_detection"", ""arg_contains"": {""label"": [""冰青三辐锁紧轮""]}, ""decision_type"": ""tool"", ""required_args"": {""finish_after_tool"": false}}, {""action"": ""qwen_detection"", ""arg_contains"": {""label"": [""冰青三辐锁紧轮""]}, ""decision_type"": ""tool"", ""required_args"": {""finish_after_tool"": false}}, {""arg_contains"": {}, ""decision_type"": ""end"", ""required_args"": {""end_reason"": ""memory_hit""}}]","[""rag_answer"", ""re_question"", ""answerer"", ""flux-image-generation"", ""rexomni_detection"", ""pipeline_eval"", ""migration_advisor""]","{""action_match"": 0.65, ""argument_match"": 0.1, ""decision_type_valid"": 0.03, ""final_tool_finish"": 0.1, ""finish_after_tool"": 0.1, ""json_valid"": 0.02, ""no_forbidden_action"": 0.1, ""no_premature_stop"": 0.1, ""no_repeated_tool"": 0.1, ""no_skip_required_probe"": 0.1, ""strict_action_match"": true, ""strict_argument_types"": true, ""wrong_action_cap"": 0.2}",False,0.75625,"[""qwen_detection"", ""qwen_detection"", ""qwen_detection""]",qwen_detection,"[{""_planner_metrics"": {""api_call_ms"": 7059.978, ""first_api_call_ms"": 7059.978, ""first_finish_reason"": ""stop"", ""first_input_tokens"": 4024, ""first_output_tokens"": 51, ""first_total_tokens"": 4075, ""input_tokens"": 4024, ""output_tokens"": 51, ""parse_ms"": 0.145, ""planner_total_ms"": 7074.25, ""prompt_build_ms"": 0.47, ""retry_count"": 0, ""retry_reason"": """", ""total_tokens"": 4075}, ""action"": ""qwen_detection"", ""action_input"": {""finish_after_tool"": false, ""label"": ""冰青三辐锁紧轮""}, ""clarification_question"": """", ""decision_type"": ""tool"", ""end_reason"": """", ""final_answer"": """", ""thought"": ""先执行用户指定的检测器以取得当前结构化状态。""}, {""_planner_metrics"": {""api_call_ms"": 7538.191, ""first_api_call_ms"": 7538.191, ""first_finish_reason"": ""stop"", ""first_input_tokens"": 4333, ""first_output_tokens"": 54, ""first_total_tokens"": 4387, ""input_tokens"": 4333, ""output_tokens"": 54, ""parse_ms"": 0.194, ""planner_total_ms"": 7552.898, ""prompt_build_ms"": 0.53, ""retry_count"": 0, ""retry_reason"": """", ""total_tokens"": 4387}, ""action"": ""qwen_detection"", ""action_input"": {""finish_after_tool"": false, ""label"": ""冰青三辐锁紧轮""}, ""clarification_question"": """", ""decision_type"": ""tool"", ""end_reason"": """", ""final_answer"": """", ""thought"": ""最新状态未满足结束或迁移条件，需要继续按规则推进。""}, {""_planner_metrics"": {""api_call_ms"": 7726.374, ""first_api_call_ms"": 7726.374, ""first_finish_reason"": ""stop"", ""first_input_tokens"": 4641, ""first_output_tokens"": 54, ""first_total_tokens"": 4695, ""input_tokens"": 4641, ""output_tokens"": 54, ""parse_ms"": 0.136, ""planner_total_ms"": 7741.113, ""prompt_build_ms"": 0.515, ""retry_count"": 0, ""retry_reason"": """", ""total_tokens"": 4695}, ""action"": ""qwen_detection"", ""action_input"": {""finish_after_tool"": false, ""label"": ""冰青三辐锁紧轮""}, ""clarification_question"": """", ""decision_type"": ""tool"", ""end_reason"": """", ""final_answer"": """", ""thought"": ""最新状态未满足结束或迁移条件，需要继续按规则推进。""}]","step3:decision_type expected 'end', got 'tool' | step3:action expected 'end', got 'qwen_detection' | step3:arg 'end_reason' expected 'memory_hit', got ''",7074.25,7059.978,4024,51,0,1,False,True
PROMV12-TA-009-REX-CS2,current_success_step2,设备失联只是背景，仍须核对当前显式额度：先使用Rex-Omni检测附件中的焦糖十字分流块，检测结果仅作为中间状态。最终需要判断火星车悬架试验间稳定状态会签3100号应继续现有能力、结束，还是进入迁移评估。自然语言里的故障等级和预算描述没有路由优先级，只读取本 query 最新 observation 的结构化键值。错误状态仅在 retryable=true 与 retry_count=0 同时成立时复用原检测器一次，否则调用迁移顾问。正常状态需要候选数、置信度、跨提示一致性和域偏移四个门槛全部通过才结束，任一否决项都转迁移。缺省、非法、冲突状态采取保守分支；已经重试一次的结果不能再次触发检测器。检测器必须设置 finish_after_tool=false；迁移顾问使用当前图片和视觉探针并设置 finish_after_tool=true。,True,examples/images/planner_retry_optimizer_matched_v12/caramel_cross_diverter.png,"[{""action"": ""rexomni_detection"", ""arg_contains"": {""label"": [""焦糖十字分流块""]}, ""decision_type"": ""tool"", ""required_args"": {""finish_after_tool"": false}}, {""arg_contains"": {}, ""decision_type"": ""end"", ""required_args"": {""end_reason"": ""memory_hit""}}]","[""rag_answer"", ""re_question"", ""answerer"", ""flux-image-generation"", ""qwen_detection"", ""pipeline_eval"", ""migration_advisor""]","{""action_match"": 0.65, ""argument_match"": 0.1, ""decision_type_valid"": 0.03, ""final_tool_finish"": 0.1, ""finish_after_tool"": 0.1, ""json_valid"": 0.02, ""no_forbidden_action"": 0.1, ""no_premature_stop"": 0.1, ""no_repeated_tool"": 0.1, ""no_skip_required_probe"": 0.1, ""strict_action_match"": true, ""strict_argument_types"": true, ""wrong_action_cap"": 0.2}",True,1.0,"[""rexomni_detection"", ""final_answer""]",rexomni_detection,"[{""_planner_metrics"": {""api_call_ms"": 6914.672, ""first_api_call_ms"": 6914.672, ""first_finish_reason"": ""stop"", ""first_input_tokens"": 4026, ""first_output_tokens"": 49, ""first_total_tokens"": 4075, ""input_tokens"": 4026, ""output_tokens"": 49, ""parse_ms"": 0.135, ""planner_total_ms"": 6928.199, ""prompt_build_ms"": 0.43, ""retry_count"": 0, ""retry_reason"": """", ""total_tokens"": 4075}, ""action"": ""rexomni_detection"", ""action_input"": {""finish_after_tool"": false, ""label"": ""焦糖十字分流块""}, ""clarification_question"": """", ""decision_type"": ""tool"", ""end_reason"": """", ""final_answer"": """", ""thought"": ""先执行用户指定的检测器以取得当前结构化状态。""}, {""_planner_metrics"": {""api_call_ms"": 5425.896, ""first_api_call_ms"": 5425.896, ""first_finish_reason"": ""stop"", ""first_input_tokens"": 4333, ""first_output_tokens"": 34, ""first_total_tokens"": 4367, ""input_tokens"": 4333, ""output_tokens"": 34, ""parse_ms"": 0.132, ""planner_total_ms"": 5440.357, ""prompt_build_ms"": 0.538, ""retry_count"": 0, ""retry_reason"": """", ""total_tokens"": 4367}, ""action"": ""final_answer"", ""action_input"": {}, ""clarification_question"": """", ""decision_type"": ""end"", ""end_reason"": ""memory_hit"", ""final_answer"": """", ""thought"": ""最新结构化状态已满足全部硬门槛，可以结束本轮规划。""}]",,6928.199,6914.672,4026,49,1,1,True,False
PROMV12-TA-007-REX-PV3,post_retry_metric_veto_step3,旧故障结论不得覆盖最后一条结构化回执：先使用Rex-Omni检测附件中的焦糖十字分流块，检测结果仅作为中间状态。最终需要判断类器官灌流培养台稳定状态会签3047号应继续现有能力、结束，还是进入迁移评估。自然语言里的故障等级和预算描述没有路由优先级，只读取本 query 最新 observation 的结构化键值。错误状态仅在 retryable=true 与 retry_count=0 同时成立时复用原检测器一次，否则调用迁移顾问。正常状态需要候选数、置信度、跨提示一致性和域偏移四个门槛全部通过才结束，任一否决项都转迁移。缺省、非法、冲突状态采取保守分支；已经重试一次的结果不能再次触发检测器。检测器必须设置 finish_after_tool=false；迁移顾问使用当前图片和视觉探针并设置 finish_after_tool=true。,True,examples/images/planner_retry_optimizer_matched_v12/caramel_cross_diverter.png,"[{""action"": ""rexomni_detection"", ""arg_contains"": {""label"": [""焦糖十字分流块""]}, ""decision_type"": ""tool"", ""required_args"": {""finish_after_tool"": false}}, {""action"": ""rexomni_detection"", ""arg_contains"": {""label"": [""焦糖十字分流块""]}, ""decision_type"": ""tool"", ""required_args"": {""finish_after_tool"": false}}, {""action"": ""migration_advisor"", ""arg_contains"": {""user_query"": [""类器官灌流培养台稳定状态会签3047号""]}, ""decision_type"": ""tool"", ""required_args"": {""finish_after_tool"": true, ""use_image"": true, ""use_visual_probe"": true}}]","[""rag_answer"", ""re_question"", ""answerer"", ""flux-image-generation"", ""qwen_detection"", ""pipeline_eval""]","{""action_match"": 0.65, ""argument_match"": 0.1, ""decision_type_valid"": 0.03, ""final_tool_finish"": 0.1, ""finish_after_tool"": 0.1, ""json_valid"": 0.02, ""no_forbidden_action"": 0.1, ""no_premature_stop"": 0.1, ""no_repeated_tool"": 0.1, ""no_skip_required_probe"": 0.1, ""strict_action_match"": true, ""strict_argument_types"": true, ""wrong_action_cap"": 0.2}",False,0.4375,"[""rexomni_detection"", ""migration_advisor"", ""rexomni_detection""]",rexomni_detection,"[{""_planner_metrics"": {""api_call_ms"": 7103.429, ""first_api_call_ms"": 7103.429, ""first_finish_reason"": ""stop"", ""first_input_tokens"": 4025, ""first_output_tokens"": 49, ""first_total_tokens"": 4074, ""input_tokens"": 4025, ""output_tokens"": 49, ""parse_ms"": 0.148, ""planner_total_ms"": 7117.457, ""prompt_build_ms"": 0.453, ""retry_count"": 0, ""retry_reason"": """", ""total_tokens"": 4074}, ""action"": ""rexomni_detection"", ""action_input"": {""finish_after_tool"": false, ""label"": ""焦糖十字分流块""}, ""clarification_question"": """", ""decision_type"": ""tool"", ""end_reason"": """", ""final_answer"": """", ""thought"": ""先执行用户指定的检测器以取得当前结构化状态。""}, {""_planner_metrics"": {""api_call_ms"": 10035.331, ""first_api_call_ms"": 10035.331, ""first_finish_reason"": ""stop"", ""first_input_tokens"": 4334, ""first_output_tokens"": 74, ""first_total_tokens"": 4408, ""input_tokens"": 4334, ""output_tokens"": 74, ""parse_ms"": 0.228, ""planner_total_ms"": 10050.865, ""prompt_build_ms"": 0.561, ""retry_count"": 0, ""retry_reason"": """", ""total_tokens"": 4408}, ""action"": ""migration_advisor"", ""action_input"": {""finish_after_tool"": true, ""use_image"": true, ""use_visual_probe"": true, ""user_query"": ""类器官灌流培养台稳定状态会签3047号""}, ""clarification_question"": """", ""decision_type"": ""tool"", ""end_reason"": """", ""final_answer"": """", ""thought"": ""最新状态未满足结束或迁移条件，需要继续按规则推进。""}, {""_planner_metrics"": {""api_call_ms"": 7868.815, ""first_api_call_ms"": 7868.815, ""first_finish_reason"": ""stop"", ""first_input_tokens"": 4669, ""first_output_tokens"": 52, ""first_total_tokens"": 4721, ""input_tokens"": 4669, ""output_tokens"": 52, ""parse_ms"": 0.159, ""planner_total_ms"": 7886.019, ""prompt_build_ms"": 0.557, ""retry_count"": 0, ""retry_reason"": """", ""total_tokens"": 4721}, ""action"": ""rexomni_detection"", ""action_input"": {""finish_after_tool"": false, ""label"": ""焦糖十字分流块""}, ""clarification_question"": """", ""decision_type"": ""tool"", ""end_reason"": """", ""final_answer"": """", ""thought"": ""最新状态未满足结束或迁移条件，需要继续按规则推进。""}]","step2:action expected 'rexomni_detection', got 'migration_advisor' | step2:finish_after_tool expected False, got True | step2:arg 'label' expected to contain ['焦糖十字分流块'], got None | step3:action expected 'migration_advisor', got 'rexomni_detection' | step3:finish_after_tool expected True, got False | step3:arg 'use_image' expected True, got None | step3:arg 'use_visual_probe' expected True, got None | step3:arg 'user_query' expected to contain ['类器官灌流培养台稳定状态会签3047号'], got None",7117.457,7103.429,4025,49,0,1,False,True
PROMV12-TA-012-QWEN-CS2,current_success_step2,完成本轮异常探针的最终路由：先使用Qwen检测附件中的冰青三辐锁紧轮，检测结果仅作为中间状态。最终需要判断深水码头输油站稳定状态会签5128号应继续现有能力、结束，还是进入迁移评估。自然语言里的故障等级和预算描述没有路由优先级，只读取本 query 最新 observation 的结构化键值。错误状态仅在 retryable=true 与 retry_count=0 同时成立时复用原检测器一次，否则调用迁移顾问。正常状态需要候选数、置信度、跨提示一致性和域偏移四个门槛全部通过才结束，任一否决项都转迁移。缺省、非法、冲突状态采取保守分支；已经重试一次的结果不能再次触发检测器。检测器必须设置 finish_after_tool=false；迁移顾问使用当前图片和视觉探针并设置 finish_after_tool=true。,True,examples/images/planner_retry_optimizer_matched_v12/icecyan_three_spoke_lockwheel.png,"[{""action"": ""qwen_detection"", ""arg_contains"": {""label"": [""冰青三辐锁紧轮""]}, ""decision_type"": ""tool"", ""required_args"": {""finish_after_tool"": false}}, {""arg_contains"": {}, ""decision_type"": ""end"", ""required_args"": {""end_reason"": ""memory_hit""}}]","[""rag_answer"", ""re_question"", ""answerer"", ""flux-image-generation"", ""rexomni_detection"", ""pipeline_eval"", ""migration_advisor""]","{""action_match"": 0.65, ""argument_match"": 0.1, ""decision_type_valid"": 0.03, ""final_tool_finish"": 0.1, ""finish_after_tool"": 0.1, ""json_valid"": 0.02, ""no_forbidden_action"": 0.1, ""no_premature_stop"": 0.1, ""no_repeated_tool"": 0.1, ""no_skip_required_probe"": 0.1, ""strict_action_match"": true, ""strict_argument_types"": true, ""wrong_action_cap"": 0.2}",True,1.0,"[""qwen_detection"", ""final_answer""]",qwen_detection,"[{""_planner_metrics"": {""api_call_ms"": 7393.252, ""first_api_call_ms"": 7393.252, ""first_finish_reason"": ""stop"", ""first_input_tokens"": 4015, ""first_output_tokens"": 51, ""first_total_tokens"": 4066, ""input_tokens"": 4015, ""output_tokens"": 51, ""parse_ms"": 0.149, ""planner_total_ms"": 7409.625, ""prompt_build_ms"": 0.461, ""retry_count"": 0, ""retry_reason"": """", ""total_tokens"": 4066}, ""action"": ""qwen_detection"", ""action_input"": {""finish_after_tool"": false, ""label"": ""冰青三辐锁紧轮""}, ""clarification_question"": """", ""decision_type"": ""tool"", ""end_reason"": """", ""final_answer"": """", ""thought"": ""先执行用户指定的检测器以取得当前结构化状态。""}, {""_planner_metrics"": {""api_call_ms"": 5369.347, ""first_api_call_ms"": 5369.347, ""first_finish_reason"": ""stop"", ""first_input_tokens"": 4323, ""first_output_tokens"": 34, ""first_total_tokens"": 4357, ""input_tokens"": 4323, ""output_tokens"": 34, ""parse_ms"": 0.151, ""planner_total_ms"": 5385.263, ""prompt_build_ms"": 0.48, ""retry_count"": 0, ""retry_reason"": """", ""total_tokens"": 4357}, ""action"": ""final_answer"", ""action_input"": {}, ""clarification_question"": """", ""decision_type"": ""end"", ""end_reason"": ""memory_hit"", ""final_answer"": """", ""thought"": ""最新结构化状态已满足全部正常门槛，可以结束本轮规划。""}]",,7409.625,7393.252,4015,51,1,1,True,False
PROMV12-TA-010-QWEN-PE3,post_retry_error_step3,完成本轮异常探针的最终路由：先使用Qwen检测附件中的焦糖十字分流块，检测结果仅作为中间状态。最终需要判断非晶合金铸造炉重试边界复审8156号应继续现有能力、结束，还是进入迁移评估。自然语言里的故障等级和预算描述没有路由优先级，只读取本 query 最新 observation 的结构化键值。错误状态仅在 retryable=true 与 retry_count=0 同时成立时复用原检测器一次，否则调用迁移顾问。正常状态需要候选数、置信度、跨提示一致性和域偏移四个门槛全部通过才结束，任一否决项都转迁移。缺省、非法、冲突状态采取保守分支；已经重试一次的结果不能再次触发检测器。检测器必须设置 finish_after_tool=false；迁移顾问使用当前图片和视觉探针并设置 finish_after_tool=true。,True,examples/images/planner_retry_optimizer_matched_v12/caramel_cross_diverter.png,"[{""action"": ""qwen_detection"", ""arg_contains"": {""label"": [""焦糖十字分流块""]}, ""decision_type"": ""tool"", ""required_args"": {""finish_after_tool"": false}}, {""action"": ""qwen_detection"", ""arg_contains"": {""label"": [""焦糖十字分流块""]}, ""decision_type"": ""tool"", ""required_args"": {""finish_after_tool"": false}}, {""action"": ""migration_advisor"", ""arg_contains"": {""user_query"": [""非晶合金铸造炉重试边界复审8156号""]}, ""decision_type"": ""tool"", ""required_args"": {""finish_after_tool"": true, ""use_image"": true, ""use_visual_probe"": true}}]","[""rag_answer"", ""re_question"", ""answerer"", ""flux-image-generation"", ""rexomni_detection"", ""pipeline_eval""]","{""action_match"": 0.65, ""argument_match"": 0.1, ""decision_type_valid"": 0.03, ""final_tool_finish"": 0.1, ""finish_after_tool"": 0.1, ""json_valid"": 0.02, ""no_forbidden_action"": 0.1, ""no_premature_stop"": 0.1, ""no_repeated_tool"": 0.1, ""no_skip_required_probe"": 0.1, ""strict_action_match"": true, ""strict_argument_types"": true, ""wrong_action_cap"": 0.2}",False,0.734375,"[""qwen_detection"", ""qwen_detection"", ""qwen_detection""]",qwen_detection,"[{""_planner_metrics"": {""api_call_ms"": 6835.295, ""first_api_call_ms"": 6835.295, ""first_finish_reason"": ""stop"", ""first_input_tokens"": 4009, ""first_output_tokens"": 48, ""first_total_tokens"": 4057, ""input_tokens"": 4009, ""output_tokens"": 48, ""parse_ms"": 0.136, ""planner_total_ms"": 6849.46, ""prompt_build_ms"": 0.415, ""retry_count"": 0, ""retry_reason"": """", ""total_tokens"": 4057}, ""action"": ""qwen_detection"", ""action_input"": {""finish_after_tool"": false, ""label"": ""焦糖十字分流块""}, ""clarification_question"": """", ""decision_type"": ""tool"", ""end_reason"": """", ""final_answer"": """", ""thought"": ""先执行用户指定的检测器以取得当前结构化状态。""}, {""_planner_metrics"": {""api_call_ms"": 7367.719, ""first_api_call_ms"": 7367.719, ""first_finish_reason"": ""stop"", ""first_input_tokens"": 4309, ""first_output_tokens"": 52, ""first_total_tokens"": 4361, ""input_tokens"": 4309, ""output_tokens"": 52, ""parse_ms"": 0.155, ""planner_total_ms"": 7382.645, ""prompt_build_ms"": 0.449, ""retry_count"": 0, ""retry_reason"": """", ""total_tokens"": 4361}, ""action"": ""qwen_detection"", ""action_input"": {""finish_after_tool"": false, ""label"": ""焦糖十字分流块""}, ""clarification_question"": """", ""decision_type"": ""tool"", ""end_reason"": """", ""final_answer"": """", ""thought"": ""最新状态满足错误状态的重试条件，需要再次使用同一检测器。""}, {""_planner_metrics"": {""api_call_ms"": 7553.725, ""first_api_call_ms"": 7553.725, ""first_finish_reason"": ""stop"", ""first_input_tokens"": 4615, ""first_output_tokens"": 52, ""first_total_tokens"": 4667, ""input_tokens"": 4615, ""output_tokens"": 52, ""parse_ms"": 0.153, ""planner_total_ms"": 7568.879, ""prompt_build_ms"": 0.586, ""retry_count"": 0, ""retry_reason"": """", ""total_tokens"": 4667}, ""action"": ""qwen_detection"", ""action_input"": {""finish_after_tool"": false, ""label"": ""焦糖十字分流块""}, ""clarification_question"": """", ""decision_type"": ""tool"", ""end_reason"": """", ""final_answer"": """", ""thought"": ""最新状态满足错误状态的重试条件，需要再次使用同一检测器。""}]","step3:action expected 'migration_advisor', got 'qwen_detection' | step3:finish_after_tool expected True, got False | step3:arg 'use_image' expected True, got None | step3:arg 'use_visual_probe' expected True, got None | step3:arg 'user_query' expected to contain ['非晶合金铸造炉重试边界复审8156号'], got None",6849.46,6835.295,4009,48,0,1,False,True
PROMV12-TA-002-QWEN-MS2,missing_required_state_step2,迁移队列已经建立，请先裁决最新机器状态：先使用Qwen检测附件中的焦糖十字分流块，检测结果仅作为中间状态。最终需要判断火星车悬架试验间重试边界复审7063号应继续现有能力、结束，还是进入迁移评估。自然语言里的故障等级和预算描述没有路由优先级，只读取本 query 最新 observation 的结构化键值。错误状态仅在 retryable=true 与 retry_count=0 同时成立时复用原检测器一次，否则调用迁移顾问。正常状态需要候选数、置信度、跨提示一致性和域偏移四个门槛全部通过才结束，任一否决项都转迁移。缺省、非法、冲突状态采取保守分支；已经重试一次的结果不能再次触发检测器。检测器必须设置 finish_after_tool=false；迁移顾问使用当前图片和视觉探针并设置 finish_after_tool=true。,True,examples/images/planner_retry_optimizer_matched_v12/caramel_cross_diverter.png,"[{""action"": ""qwen_detection"", ""arg_contains"": {""label"": [""焦糖十字分流块""]}, ""decision_type"": ""tool"", ""required_args"": {""finish_after_tool"": false}}, {""action"": ""migration_advisor"", ""arg_contains"": {""user_query"": [""火星车悬架试验间重试边界复审7063号""]}, ""decision_type"": ""tool"", ""required_args"": {""finish_after_tool"": true, ""use_image"": true, ""use_visual_probe"": true}}]","[""rag_answer"", ""re_question"", ""answerer"", ""flux-image-generation"", ""rexomni_detection"", ""pipeline_eval""]","{""action_match"": 0.65, ""argument_match"": 0.1, ""decision_type_valid"": 0.03, ""final_tool_finish"": 0.1, ""finish_after_tool"": 0.1, ""json_valid"": 0.02, ""no_forbidden_action"": 0.1, ""no_premature_stop"": 0.1, ""no_repeated_tool"": 0.1, ""no_skip_required_probe"": 0.1, ""strict_action_match"": true, ""strict_argument_types"": true, ""wrong_action_cap"": 0.2}",True,1.0,"[""qwen_detection"", ""migration_advisor""]",qwen_detection,"[{""_planner_metrics"": {""api_call_ms"": 6760.02, ""first_api_call_ms"": 6760.02, ""first_finish_reason"": ""stop"", ""first_input_tokens"": 4017, ""first_output_tokens"": 48, ""first_total_tokens"": 4065, ""input_tokens"": 4017, ""output_tokens"": 48, ""parse_ms"": 0.144, ""planner_total_ms"": 6774.137, ""prompt_build_ms"": 0.448, ""retry_count"": 0, ""retry_reason"": """", ""total_tokens"": 4065}, ""action"": ""qwen_detection"", ""action_input"": {""finish_after_tool"": false, ""label"": ""焦糖十字分流块""}, ""clarification_question"": """", ""decision_type"": ""tool"", ""end_reason"": """", ""final_answer"": """", ""thought"": ""先执行用户指定的检测器以取得当前结构化状态。""}, {""_planner_metrics"": {""api_call_ms"": 9622.662, ""first_api_call_ms"": 9622.662, ""first_finish_reason"": ""stop"", ""first_input_tokens"": 4323, ""first_output_tokens"": 72, ""first_total_tokens"": 4395, ""input_tokens"": 4323, ""output_tokens"": 72, ""parse_ms"": 0.161, ""planner_total_ms"": 9636.849, ""prompt_build_ms"": 0.401, ""retry_count"": 0, ""retry_reason"": """", ""total_tokens"": 4395}, ""action"": ""migration_advisor"", ""action_input"": {""finish_after_tool"": true, ""use_image"": true, ""use_visual_probe"": true, ""user_query"": ""火星车悬架试验间重试边界复审7063号""}, ""clarification_question"": """", ""decision_type"": ""tool"", ""end_reason"": """", ""final_answer"": """", ""thought"": ""最新状态未满足结束或重试条件，需要进入能力迁移评估。""}]",,6774.137,6760.02,4017,48,1,1,True,False
PROMV12-TA-011-QWEN-PS3,post_retry_success_step3,迁移队列已经建立，请先裁决最新机器状态：先使用Qwen检测附件中的焦糖十字分流块，检测结果仅作为中间状态。最终需要判断非晶合金铸造炉稳定状态会签6874号应继续现有能力、结束，还是进入迁移评估。自然语言里的故障等级和预算描述没有路由优先级，只读取本 query 最新 observation 的结构化键值。错误状态仅在 retryable=true 与 retry_count=0 同时成立时复用原检测器一次，否则调用迁移顾问。正常状态需要候选数、置信度、跨提示一致性和域偏移四个门槛全部通过才结束，任一否决项都转迁移。缺省、非法、冲突状态采取保守分支；已经重试一次的结果不能再次触发检测器。检测器必须设置 finish_after_tool=false；迁移顾问使用当前图片和视觉探针并设置 finish_after_tool=true。,True,examples/images/planner_retry_optimizer_matched_v12/caramel_cross_diverter.png,"[{""action"": ""qwen_detection"", ""arg_contains"": {""label"": [""焦糖十字分流块""]}, ""decision_type"": ""tool"", ""required_args"": {""finish_after_tool"": false}}, {""action"": ""qwen_detection"", ""arg_contains"": {""label"": [""焦糖十字分流块""]}, ""decision_type"": ""tool"", ""required_args"": {""finish_after_tool"": false}}, {""arg_contains"": {}, ""decision_type"": ""end"", ""required_args"": {""end_reason"": ""memory_hit""}}]","[""rag_answer"", ""re_question"", ""answerer"", ""flux-image-generation"", ""rexomni_detection"", ""pipeline_eval"", ""migration_advisor""]","{""action_match"": 0.65, ""argument_match"": 0.1, ""decision_type_valid"": 0.03, ""final_tool_finish"": 0.1, ""finish_after_tool"": 0.1, ""json_valid"": 0.02, ""no_forbidden_action"": 0.1, ""no_premature_stop"": 0.1, ""no_repeated_tool"": 0.1, ""no_skip_required_probe"": 0.1, ""strict_action_match"": true, ""strict_argument_types"": true, ""wrong_action_cap"": 0.2}",False,0.725,"[""qwen_detection"", ""qwen_detection"", ""migration_advisor""]",qwen_detection,"[{""_planner_metrics"": {""api_call_ms"": 6745.455, ""first_api_call_ms"": 6745.455, ""first_finish_reason"": ""stop"", ""first_input_tokens"": 4019, ""first_output_tokens"": 48, ""first_total_tokens"": 4067, ""input_tokens"": 4019, ""output_tokens"": 48, ""parse_ms"": 0.158, ""planner_total_ms"": 6758.913, ""prompt_build_ms"": 0.44, ""retry_count"": 0, ""retry_reason"": """", ""total_tokens"": 4067}, ""action"": ""qwen_detection"", ""action_input"": {""finish_after_tool"": false, ""label"": ""焦糖十字分流块""}, ""clarification_question"": """", ""decision_type"": ""tool"", ""end_reason"": """", ""final_answer"": """", ""thought"": ""先执行用户指定的检测器以取得当前结构化状态。""}, {""_planner_metrics"": {""api_call_ms"": 7192.473, ""first_api_call_ms"": 7192.473, ""first_finish_reason"": ""stop"", ""first_input_tokens"": 4324, ""first_output_tokens"": 51, ""first_total_tokens"": 4375, ""input_tokens"": 4324, ""output_tokens"": 51, ""parse_ms"": 0.237, ""planner_total_ms"": 7208.048, ""prompt_build_ms"": 0.499, ""retry_count"": 0, ""retry_reason"": """", ""total_tokens"": 4375}, ""action"": ""qwen_detection"", ""action_input"": {""finish_after_tool"": false, ""label"": ""焦糖十字分流块""}, ""clarification_question"": """", ""decision_type"": ""tool"", ""end_reason"": """", ""final_answer"": """", ""thought"": ""最新状态满足错误状态重试条件，需要再次使用同一检测器。""}, {""_planner_metrics"": {""api_call_ms"": 9905.626, ""first_api_call_ms"": 9905.626, ""first_finish_reason"": ""stop"", ""first_input_tokens"": 4625, ""first_output_tokens"": 73, ""first_total_tokens"": 4698, ""input_tokens"": 4625, ""output_tokens"": 73, ""parse_ms"": 0.175, ""planner_total_ms"": 9923.817, ""prompt_build_ms"": 0.623, ""retry_count"": 0, ""retry_reason"": """", ""total_tokens"": 4698}, ""action"": ""migration_advisor"", ""action_input"": {""finish_after_tool"": true, ""use_image"": true, ""use_visual_probe"": true, ""user_query"": ""非晶合金铸造炉稳定状态会签6874号""}, ""clarification_question"": """", ""decision_type"": ""tool"", ""end_reason"": """", ""final_answer"": """", ""thought"": ""最新状态未满足结束或迁移条件，需要继续按规则处理。""}]","step3:decision_type expected 'end', got 'tool' | step3:action expected 'end', got 'migration_advisor' | step3:arg 'end_reason' expected 'memory_hit', got '' | forbidden:migration_advisor",6758.913,6745.455,4019,48,0,1,False,True
PROMV12-TA-005-REX-BE2,budget_exhausted_step2,设备失联只是背景，仍须核对当前显式额度：先使用Rex-Omni检测附件中的冰青三辐锁紧轮，检测结果仅作为中间状态。最终需要判断类器官灌流培养台重试边界复审5611号应继续现有能力、结束，还是进入迁移评估。自然语言里的故障等级和预算描述没有路由优先级，只读取本 query 最新 observation 的结构化键值。错误状态仅在 retryable=true 与 retry_count=0 同时成立时复用原检测器一次，否则调用迁移顾问。正常状态需要候选数、置信度、跨提示一致性和域偏移四个门槛全部通过才结束，任一否决项都转迁移。缺省、非法、冲突状态采取保守分支；已经重试一次的结果不能再次触发检测器。检测器必须设置 finish_after_tool=false；迁移顾问使用当前图片和视觉探针并设置 finish_after_tool=true。,True,examples/images/planner_retry_optimizer_matched_v12/icecyan_three_spoke_lockwheel.png,"[{""action"": ""rexomni_detection"", ""arg_contains"": {""label"": [""冰青三辐锁紧轮""]}, ""decision_type"": ""tool"", ""required_args"": {""finish_after_tool"": false}}, {""action"": ""migration_advisor"", ""arg_contains"": {""user_query"": [""类器官灌流培养台重试边界复审5611号""]}, ""decision_type"": ""tool"", ""required_args"": {""finish_after_tool"": true, ""use_image"": true, ""use_visual_probe"": true}}]","[""rag_answer"", ""re_question"", ""answerer"", ""flux-image-generation"", ""qwen_detection"", ""pipeline_eval""]","{""action_match"": 0.65, ""argument_match"": 0.1, ""decision_type_valid"": 0.03, ""final_tool_finish"": 0.1, ""finish_after_tool"": 0.1, ""json_valid"": 0.02, ""no_forbidden_action"": 0.1, ""no_premature_stop"": 0.1, ""no_repeated_tool"": 0.1, ""no_skip_required_probe"": 0.1, ""strict_action_match"": true, ""strict_argument_types"": true, ""wrong_action_cap"": 0.2}",True,1.0,"[""rexomni_detection"", ""migration_advisor""]",rexomni_detection,"[{""_planner_metrics"": {""api_call_ms"": 7163.009, ""first_api_call_ms"": 7163.009, ""first_finish_reason"": ""stop"", ""first_input_tokens"": 4036, ""first_output_tokens"": 52, ""first_total_tokens"": 4088, ""input_tokens"": 4036, ""output_tokens"": 52, ""parse_ms"": 0.124, ""planner_total_ms"": 7177.153, ""prompt_build_ms"": 0.434, ""retry_count"": 0, ""retry_reason"": """", ""total_tokens"": 4088}, ""action"": ""rexomni_detection"", ""action_input"": {""finish_after_tool"": false, ""label"": ""冰青三辐锁紧轮""}, ""clarification_question"": """", ""decision_type"": ""tool"", ""end_reason"": """", ""final_answer"": """", ""thought"": ""先执行用户指定的检测器以取得当前结构化状态。""}, {""_planner_metrics"": {""api_call_ms"": 9736.99, ""first_api_call_ms"": 9736.99, ""first_finish_reason"": ""stop"", ""first_input_tokens"": 4346, ""first_output_tokens"": 73, ""first_total_tokens"": 4419, ""input_tokens"": 4346, ""output_tokens"": 73, ""parse_ms"": 0.137, ""planner_total_ms"": 9751.605, ""prompt_build_ms"": 0.461, ""retry_count"": 0, ""retry_reason"": """", ""total_tokens"": 4419}, ""action"": ""migration_advisor"", ""action_input"": {""finish_after_tool"": true, ""use_image"": true, ""use_visual_probe"": true, ""user_query"": ""类器官灌流培养台重试边界复审5611号""}, ""clarification_question"": """", ""decision_type"": ""tool"", ""end_reason"": """", ""final_answer"": """", ""thought"": ""最新状态未满足结束或重试条件，需要进入能力迁移评估。""}]",,7177.153,7163.009,4036,52,1,1,True,False
PROMV12-TA-007-REX-FR2,fresh_retry_step2,旧故障结论不得覆盖最后一条结构化回执：先使用Rex-Omni检测附件中的焦糖十字分流块，检测结果仅作为中间状态。最终需要判断类器官灌流培养台稳定状态会签3047号应继续现有能力、结束，还是进入迁移评估。自然语言里的故障等级和预算描述没有路由优先级，只读取本 query 最新 observation 的结构化键值。错误状态仅在 retryable=true 与 retry_count=0 同时成立时复用原检测器一次，否则调用迁移顾问。正常状态需要候选数、置信度、跨提示一致性和域偏移四个门槛全部通过才结束，任一否决项都转迁移。缺省、非法、冲突状态采取保守分支；已经重试一次的结果不能再次触发检测器。检测器必须设置 finish_after_tool=false；迁移顾问使用当前图片和视觉探针并设置 finish_after_tool=true。,True,examples/images/planner_retry_optimizer_matched_v12/caramel_cross_diverter.png,"[{""action"": ""rexomni_detection"", ""arg_contains"": {""label"": [""焦糖十字分流块""]}, ""decision_type"": ""tool"", ""required_args"": {""finish_after_tool"": false}}, {""action"": ""rexomni_detection"", ""arg_contains"": {""label"": [""焦糖十字分流块""]}, ""decision_type"": ""tool"", ""required_args"": {""finish_after_tool"": false}}, {""arg_contains"": {}, ""decision_type"": ""end"", ""required_args"": {""end_reason"": ""memory_hit""}}]","[""rag_answer"", ""re_question"", ""answerer"", ""flux-image-generation"", ""qwen_detection"", ""pipeline_eval"", ""migration_advisor""]","{""action_match"": 0.65, ""argument_match"": 0.1, ""decision_type_valid"": 0.03, ""final_tool_finish"": 0.1, ""finish_after_tool"": 0.1, ""json_valid"": 0.02, ""no_forbidden_action"": 0.1, ""no_premature_stop"": 0.1, ""no_repeated_tool"": 0.1, ""no_skip_required_probe"": 0.1, ""strict_action_match"": true, ""strict_argument_types"": true, ""wrong_action_cap"": 0.2}",False,0.428125,"[""rexomni_detection"", ""migration_advisor"", ""rexomni_detection""]",rexomni_detection,"[{""_planner_metrics"": {""api_call_ms"": 6833.811, ""first_api_call_ms"": 6833.811, ""first_finish_reason"": ""stop"", ""first_input_tokens"": 4025, ""first_output_tokens"": 49, ""first_total_tokens"": 4074, ""input_tokens"": 4025, ""output_tokens"": 49, ""parse_ms"": 0.148, ""planner_total_ms"": 6848.415, ""prompt_build_ms"": 0.414, ""retry_count"": 0, ""retry_reason"": """", ""total_tokens"": 4074}, ""action"": ""rexomni_detection"", ""action_input"": {""finish_after_tool"": false, ""label"": ""焦糖十字分流块""}, ""clarification_question"": """", ""decision_type"": ""tool"", ""end_reason"": """", ""final_answer"": """", ""thought"": ""先执行用户指定的检测器以取得当前结构化状态。""}, {""_planner_metrics"": {""api_call_ms"": 9850.797, ""first_api_call_ms"": 9850.797, ""first_finish_reason"": ""stop"", ""first_input_tokens"": 4334, ""first_output_tokens"": 74, ""first_total_tokens"": 4408, ""input_tokens"": 4334, ""output_tokens"": 74, ""parse_ms"": 0.138, ""planner_total_ms"": 9864.853, ""prompt_build_ms"": 0.433, ""retry_count"": 0, ""retry_reason"": """", ""total_tokens"": 4408}, ""action"": ""migration_advisor"", ""action_input"": {""finish_after_tool"": true, ""use_image"": true, ""use_visual_probe"": true, ""user_query"": ""类器官灌流培养台稳定状态会签3047号""}, ""clarification_question"": """", ""decision_type"": ""tool"", ""end_reason"": """", ""final_answer"": """", ""thought"": ""最新状态未满足结束或迁移条件，需要继续按规则推进。""}, {""_planner_metrics"": {""api_call_ms"": 7540.357, ""first_api_call_ms"": 7540.357, ""first_finish_reason"": ""stop"", ""first_input_tokens"": 4669, ""first_output_tokens"": 52, ""first_total_tokens"": 4721, ""input_tokens"": 4669, ""output_tokens"": 52, ""parse_ms"": 0.142, ""planner_total_ms"": 7555.384, ""prompt_build_ms"": 0.534, ""retry_count"": 0, ""retry_reason"": """", ""total_tokens"": 4721}, ""action"": ""rexomni_detection"", ""action_input"": {""finish_after_tool"": false, ""label"": ""焦糖十字分流块""}, ""clarification_question"": """", ""decision_type"": ""tool"", ""end_reason"": """", ""final_answer"": """", ""thought"": ""最新状态未满足结束或迁移条件，需要继续按规则推进。""}]","step2:action expected 'rexomni_detection', got 'migration_advisor' | step2:finish_after_tool expected False, got True | step2:arg 'label' expected to contain ['焦糖十字分流块'], got None | step3:decision_type expected 'end', got 'tool' | step3:action expected 'end', got 'rexomni_detection' | step3:arg 'end_reason' expected 'memory_hit', got '' | forbidden:migration_advisor",6848.415,6833.811,4025,49,0,1,False,True
PROMV12-TA-005-REX-CF2,conflicting_state_step2,设备失联只是背景，仍须核对当前显式额度：先使用Rex-Omni检测附件中的冰青三辐锁紧轮，检测结果仅作为中间状态。最终需要判断类器官灌流培养台重试边界复审5611号应继续现有能力、结束，还是进入迁移评估。自然语言里的故障等级和预算描述没有路由优先级，只读取本 query 最新 observation 的结构化键值。错误状态仅在 retryable=true 与 retry_count=0 同时成立时复用原检测器一次，否则调用迁移顾问。正常状态需要候选数、置信度、跨提示一致性和域偏移四个门槛全部通过才结束，任一否决项都转迁移。缺省、非法、冲突状态采取保守分支；已经重试一次的结果不能再次触发检测器。检测器必须设置 finish_after_tool=false；迁移顾问使用当前图片和视觉探针并设置 finish_after_tool=true。,True,examples/images/planner_retry_optimizer_matched_v12/icecyan_three_spoke_lockwheel.png,"[{""action"": ""rexomni_detection"", ""arg_contains"": {""label"": [""冰青三辐锁紧轮""]}, ""decision_type"": ""tool"", ""required_args"": {""finish_after_tool"": false}}, {""action"": ""migration_advisor"", ""arg_contains"": {""user_query"": [""类器官灌流培养台重试边界复审5611号""]}, ""decision_type"": ""tool"", ""required_args"": {""finish_after_tool"": true, ""use_image"": true, ""use_visual_probe"": true}}]","[""rag_answer"", ""re_question"", ""answerer"", ""flux-image-generation"", ""qwen_detection"", ""pipeline_eval""]","{""action_match"": 0.65, ""argument_match"": 0.1, ""decision_type_valid"": 0.03, ""final_tool_finish"": 0.1, ""finish_after_tool"": 0.1, ""json_valid"": 0.02, ""no_forbidden_action"": 0.1, ""no_premature_stop"": 0.1, ""no_repeated_tool"": 0.1, ""no_skip_required_probe"": 0.1, ""strict_action_match"": true, ""strict_argument_types"": true, ""wrong_action_cap"": 0.2}",True,1.0,"[""rexomni_detection"", ""migration_advisor""]",rexomni_detection,"[{""_planner_metrics"": {""api_call_ms"": 7227.376, ""first_api_call_ms"": 7227.376, ""first_finish_reason"": ""stop"", ""first_input_tokens"": 4036, ""first_output_tokens"": 52, ""first_total_tokens"": 4088, ""input_tokens"": 4036, ""output_tokens"": 52, ""parse_ms"": 0.134, ""planner_total_ms"": 7240.938, ""prompt_build_ms"": 0.438, ""retry_count"": 0, ""retry_reason"": """", ""total_tokens"": 4088}, ""action"": ""rexomni_detection"", ""action_input"": {""finish_after_tool"": false, ""label"": ""冰青三辐锁紧轮""}, ""clarification_question"": """", ""decision_type"": ""tool"", ""end_reason"": """", ""final_answer"": """", ""thought"": ""先执行用户指定的检测器以取得当前结构化状态。""}, {""_planner_metrics"": {""api_call_ms"": 9869.114, ""first_api_call_ms"": 9869.114, ""first_finish_reason"": ""stop"", ""first_input_tokens"": 4341, ""first_output_tokens"": 73, ""first_total_tokens"": 4414, ""input_tokens"": 4341, ""output_tokens"": 73, ""parse_ms"": 0.216, ""planner_total_ms"": 9884.296, ""prompt_build_ms"": 0.515, ""retry_count"": 0, ""retry_reason"": """", ""total_tokens"": 4414}, ""action"": ""migration_advisor"", ""action_input"": {""finish_after_tool"": true, ""use_image"": true, ""use_visual_probe"": true, ""user_query"": ""类器官灌流培养台重试边界复审5611号""}, ""clarification_question"": """", ""decision_type"": ""tool"", ""end_reason"": """", ""final_answer"": """", ""thought"": ""最新状态未满足结束或重试条件，需要进入能力迁移评估。""}]",,7240.938,7227.376,4036,52,1,1,True,False
PROMV12-TA-001-REX-CF2,conflicting_state_step2,旧故障结论不得覆盖最后一条结构化回执：先使用Rex-Omni检测附件中的冰青三辐锁紧轮，检测结果仅作为中间状态。最终需要判断火星车悬架试验间异常路径终验7873号应继续现有能力、结束，还是进入迁移评估。自然语言里的故障等级和预算描述没有路由优先级，只读取本 query 最新 observation 的结构化键值。错误状态仅在 retryable=true 与 retry_count=0 同时成立时复用原检测器一次，否则调用迁移顾问。正常状态需要候选数、置信度、跨提示一致性和域偏移四个门槛全部通过才结束，任一否决项都转迁移。缺省、非法、冲突状态采取保守分支；已经重试一次的结果不能再次触发检测器。检测器必须设置 finish_after_tool=false；迁移顾问使用当前图片和视觉探针并设置 finish_after_tool=true。,True,examples/images/planner_retry_optimizer_matched_v12/icecyan_three_spoke_lockwheel.png,"[{""action"": ""rexomni_detection"", ""arg_contains"": {""label"": [""冰青三辐锁紧轮""]}, ""decision_type"": ""tool"", ""required_args"": {""finish_after_tool"": false}}, {""action"": ""migration_advisor"", ""arg_contains"": {""user_query"": [""火星车悬架试验间异常路径终验7873号""]}, ""decision_type"": ""tool"", ""required_args"": {""finish_after_tool"": true, ""use_image"": true, ""use_visual_probe"": true}}]","[""rag_answer"", ""re_question"", ""answerer"", ""flux-image-generation"", ""qwen_detection"", ""pipeline_eval""]","{""action_match"": 0.65, ""argument_match"": 0.1, ""decision_type_valid"": 0.03, ""final_tool_finish"": 0.1, ""finish_after_tool"": 0.1, ""json_valid"": 0.02, ""no_forbidden_action"": 0.1, ""no_premature_stop"": 0.1, ""no_repeated_tool"": 0.1, ""no_skip_required_probe"": 0.1, ""strict_action_match"": true, ""strict_argument_types"": true, ""wrong_action_cap"": 0.2}",True,1.0,"[""rexomni_detection"", ""migration_advisor""]",rexomni_detection,"[{""_planner_metrics"": {""api_call_ms"": 7248.883, ""first_api_call_ms"": 7248.883, ""first_finish_reason"": ""stop"", ""first_input_tokens"": 4030, ""first_output_tokens"": 52, ""first_total_tokens"": 4082, ""input_tokens"": 4030, ""output_tokens"": 52, ""parse_ms"": 0.159, ""planner_total_ms"": 7263.161, ""prompt_build_ms"": 0.45, ""retry_count"": 0, ""retry_reason"": """", ""total_tokens"": 4082}, ""action"": ""rexomni_detection"", ""action_input"": {""finish_after_tool"": false, ""label"": ""冰青三辐锁紧轮""}, ""clarification_question"": """", ""decision_type"": ""tool"", ""end_reason"": """", ""final_answer"": """", ""thought"": ""先执行用户指定的检测器以取得当前结构化状态。""}, {""_planner_metrics"": {""api_call_ms"": 9775.199, ""first_api_call_ms"": 9775.199, ""first_finish_reason"": ""stop"", ""first_input_tokens"": 4334, ""first_output_tokens"": 73, ""first_total_tokens"": 4407, ""input_tokens"": 4334, ""output_tokens"": 73, ""parse_ms"": 0.15, ""planner_total_ms"": 9792.224, ""prompt_build_ms"": 0.528, ""retry_count"": 0, ""retry_reason"": """", ""total_tokens"": 4407}, ""action"": ""migration_advisor"", ""action_input"": {""finish_after_tool"": true, ""use_image"": true, ""use_visual_probe"": true, ""user_query"": ""火星车悬架试验间异常路径终验7873号""}, ""clarification_question"": """", ""decision_type"": ""tool"", ""end_reason"": """", ""final_answer"": """", ""thought"": ""最新状态未满足结束或迁移条件，需要继续按规则推进。""}]",,7263.161,7248.883,4030,52,1,1,True,False
PROMV12-TA-001-QWEN-PV3,post_retry_metric_veto_step3,旧故障结论不得覆盖最后一条结构化回执：先使用Qwen检测附件中的冰青三辐锁紧轮，检测结果仅作为中间状态。最终需要判断火星车悬架试验间异常路径终验7873号应继续现有能力、结束，还是进入迁移评估。自然语言里的故障等级和预算描述没有路由优先级，只读取本 query 最新 observation 的结构化键值。错误状态仅在 retryable=true 与 retry_count=0 同时成立时复用原检测器一次，否则调用迁移顾问。正常状态需要候选数、置信度、跨提示一致性和域偏移四个门槛全部通过才结束，任一否决项都转迁移。缺省、非法、冲突状态采取保守分支；已经重试一次的结果不能再次触发检测器。检测器必须设置 finish_after_tool=false；迁移顾问使用当前图片和视觉探针并设置 finish_after_tool=true。,True,examples/images/planner_retry_optimizer_matched_v12/icecyan_three_spoke_lockwheel.png,"[{""action"": ""qwen_detection"", ""arg_contains"": {""label"": [""冰青三辐锁紧轮""]}, ""decision_type"": ""tool"", ""required_args"": {""finish_after_tool"": false}}, {""action"": ""qwen_detection"", ""arg_contains"": {""label"": [""冰青三辐锁紧轮""]}, ""decision_type"": ""tool"", ""required_args"": {""finish_after_tool"": false}}, {""action"": ""migration_advisor"", ""arg_contains"": {""user_query"": [""火星车悬架试验间异常路径终验7873号""]}, ""decision_type"": ""tool"", ""required_args"": {""finish_after_tool"": true, ""use_image"": true, ""use_visual_probe"": true}}]","[""rag_answer"", ""re_question"", ""answerer"", ""flux-image-generation"", ""rexomni_detection"", ""pipeline_eval""]","{""action_match"": 0.65, ""argument_match"": 0.1, ""decision_type_valid"": 0.03, ""final_tool_finish"": 0.1, ""finish_after_tool"": 0.1, ""json_valid"": 0.02, ""no_forbidden_action"": 0.1, ""no_premature_stop"": 0.1, ""no_repeated_tool"": 0.1, ""no_skip_required_probe"": 0.1, ""strict_action_match"": true, ""strict_argument_types"": true, ""wrong_action_cap"": 0.2}",False,0.734375,"[""qwen_detection"", ""qwen_detection"", ""qwen_detection""]",qwen_detection,"[{""_planner_metrics"": {""api_call_ms"": 7201.918, ""first_api_call_ms"": 7201.918, ""first_finish_reason"": ""stop"", ""first_input_tokens"": 4024, ""first_output_tokens"": 51, ""first_total_tokens"": 4075, ""input_tokens"": 4024, ""output_tokens"": 51, ""parse_ms"": 0.135, ""planner_total_ms"": 7215.784, ""prompt_build_ms"": 0.472, ""retry_count"": 0, ""retry_reason"": """", ""total_tokens"": 4075}, ""action"": ""qwen_detection"", ""action_input"": {""finish_after_tool"": false, ""label"": ""冰青三辐锁紧轮""}, ""clarification_question"": """", ""decision_type"": ""tool"", ""end_reason"": """", ""final_answer"": """", ""thought"": ""先执行用户指定的检测器以取得当前结构化状态。""}, {""_planner_metrics"": {""api_call_ms"": 7675.507, ""first_api_call_ms"": 7675.507, ""first_finish_reason"": ""stop"", ""first_input_tokens"": 4335, ""first_output_tokens"": 54, ""first_total_tokens"": 4389, ""input_tokens"": 4335, ""output_tokens"": 54, ""parse_ms"": 0.156, ""planner_total_ms"": 7690.303, ""prompt_build_ms"": 0.443, ""retry_count"": 0, ""retry_reason"": """", ""total_tokens"": 4389}, ""action"": ""qwen_detection"", ""action_input"": {""finish_after_tool"": false, ""label"": ""冰青三辐锁紧轮""}, ""clarification_question"": """", ""decision_type"": ""tool"", ""end_reason"": """", ""final_answer"": """", ""thought"": ""最新状态未满足结束或迁移条件，需要继续按规则推进。""}, {""_planner_metrics"": {""api_call_ms"": 7786.396, ""first_api_call_ms"": 7786.396, ""first_finish_reason"": ""stop"", ""first_input_tokens"": 4644, ""first_output_tokens"": 54, ""first_total_tokens"": 4698, ""input_tokens"": 4644, ""output_tokens"": 54, ""parse_ms"": 0.145, ""planner_total_ms"": 7801.833, ""prompt_build_ms"": 0.472, ""retry_count"": 0, ""retry_reason"": """", ""total_tokens"": 4698}, ""action"": ""qwen_detection"", ""action_input"": {""finish_after_tool"": false, ""label"": ""冰青三辐锁紧轮""}, ""clarification_question"": """", ""decision_type"": ""tool"", ""end_reason"": """", ""final_answer"": """", ""thought"": ""最新状态未满足结束或迁移条件，需要继续按规则推进。""}]","step3:action expected 'migration_advisor', got 'qwen_detection' | step3:finish_after_tool expected True, got False | step3:arg 'use_image' expected True, got None | step3:arg 'use_visual_probe' expected True, got None | step3:arg 'user_query' expected to contain ['火星车悬架试验间异常路径终验7873号'], got None",7215.784,7201.918,4024,51,0,1,False,True
PROMV12-TA-010-REX-MS2,missing_required_state_step2,完成本轮异常探针的最终路由：先使用Rex-Omni检测附件中的焦糖十字分流块，检测结果仅作为中间状态。最终需要判断非晶合金铸造炉重试边界复审8156号应继续现有能力、结束，还是进入迁移评估。自然语言里的故障等级和预算描述没有路由优先级，只读取本 query 最新 observation 的结构化键值。错误状态仅在 retryable=true 与 retry_count=0 同时成立时复用原检测器一次，否则调用迁移顾问。正常状态需要候选数、置信度、跨提示一致性和域偏移四个门槛全部通过才结束，任一否决项都转迁移。缺省、非法、冲突状态采取保守分支；已经重试一次的结果不能再次触发检测器。检测器必须设置 finish_after_tool=false；迁移顾问使用当前图片和视觉探针并设置 finish_after_tool=true。,True,examples/images/planner_retry_optimizer_matched_v12/caramel_cross_diverter.png,"[{""action"": ""rexomni_detection"", ""arg_contains"": {""label"": [""焦糖十字分流块""]}, ""decision_type"": ""tool"", ""required_args"": {""finish_after_tool"": false}}, {""action"": ""migration_advisor"", ""arg_contains"": {""user_query"": [""非晶合金铸造炉重试边界复审8156号""]}, ""decision_type"": ""tool"", ""required_args"": {""finish_after_tool"": true, ""use_image"": true, ""use_visual_probe"": true}}]","[""rag_answer"", ""re_question"", ""answerer"", ""flux-image-generation"", ""qwen_detection"", ""pipeline_eval""]","{""action_match"": 0.65, ""argument_match"": 0.1, ""decision_type_valid"": 0.03, ""final_tool_finish"": 0.1, ""finish_after_tool"": 0.1, ""json_valid"": 0.02, ""no_forbidden_action"": 0.1, ""no_premature_stop"": 0.1, ""no_repeated_tool"": 0.1, ""no_skip_required_probe"": 0.1, ""strict_action_match"": true, ""strict_argument_types"": true, ""wrong_action_cap"": 0.2}",False,0.586957,"[""rexomni_detection"", ""rexomni_detection""]",rexomni_detection,"[{""_planner_metrics"": {""api_call_ms"": 6938.762, ""first_api_call_ms"": 6938.762, ""first_finish_reason"": ""stop"", ""first_input_tokens"": 4015, ""first_output_tokens"": 49, ""first_total_tokens"": 4064, ""input_tokens"": 4015, ""output_tokens"": 49, ""parse_ms"": 0.138, ""planner_total_ms"": 6952.041, ""prompt_build_ms"": 0.478, ""retry_count"": 0, ""retry_reason"": """", ""total_tokens"": 4064}, ""action"": ""rexomni_detection"", ""action_input"": {""finish_after_tool"": false, ""label"": ""焦糖十字分流块""}, ""clarification_question"": """", ""decision_type"": ""tool"", ""end_reason"": """", ""final_answer"": """", ""thought"": ""先执行用户指定的检测器以取得当前结构化状态。""}, {""_planner_metrics"": {""api_call_ms"": 7068.583, ""first_api_call_ms"": 7068.583, ""first_finish_reason"": ""stop"", ""first_input_tokens"": 4317, ""first_output_tokens"": 49, ""first_total_tokens"": 4366, ""input_tokens"": 4317, ""output_tokens"": 49, ""parse_ms"": 0.151, ""planner_total_ms"": 7082.836, ""prompt_build_ms"": 0.464, ""retry_count"": 0, ""retry_reason"": """", ""total_tokens"": 4366}, ""action"": ""rexomni_detection"", ""action_input"": {""finish_after_tool"": false, ""label"": ""焦糖十字分流块""}, ""clarification_question"": """", ""decision_type"": ""tool"", ""end_reason"": """", ""final_answer"": """", ""thought"": ""先执行用户指定的检测器以取得当前结构化状态。""}]","step2:action expected 'migration_advisor', got 'rexomni_detection' | step2:finish_after_tool expected True, got False | step2:arg 'use_image' expected True, got None | step2:arg 'use_visual_probe' expected True, got None | step2:arg 'user_query' expected to contain ['非晶合金铸造炉重试边界复审8156号'], got None",6952.041,6938.762,4015,49,0,1,False,True
PROMV12-TA-007-QWEN-FR2,fresh_retry_step2,旧故障结论不得覆盖最后一条结构化回执：先使用Qwen检测附件中的焦糖十字分流块，检测结果仅作为中间状态。最终需要判断类器官灌流培养台稳定状态会签3047号应继续现有能力、结束，还是进入迁移评估。自然语言里的故障等级和预算描述没有路由优先级，只读取本 query 最新 observation 的结构化键值。错误状态仅在 retryable=true 与 retry_count=0 同时成立时复用原检测器一次，否则调用迁移顾问。正常状态需要候选数、置信度、跨提示一致性和域偏移四个门槛全部通过才结束，任一否决项都转迁移。缺省、非法、冲突状态采取保守分支；已经重试一次的结果不能再次触发检测器。检测器必须设置 finish_after_tool=false；迁移顾问使用当前图片和视觉探针并设置 finish_after_tool=true。,True,examples/images/planner_retry_optimizer_matched_v12/caramel_cross_diverter.png,"[{""action"": ""qwen_detection"", ""arg_contains"": {""label"": [""焦糖十字分流块""]}, ""decision_type"": ""tool"", ""required_args"": {""finish_after_tool"": false}}, {""action"": ""qwen_detection"", ""arg_contains"": {""label"": [""焦糖十字分流块""]}, ""decision_type"": ""tool"", ""required_args"": {""finish_after_tool"": false}}, {""arg_contains"": {}, ""decision_type"": ""end"", ""required_args"": {""end_reason"": ""memory_hit""}}]","[""rag_answer"", ""re_question"", ""answerer"", ""flux-image-generation"", ""rexomni_detection"", ""pipeline_eval"", ""migration_advisor""]","{""action_match"": 0.65, ""argument_match"": 0.1, ""decision_type_valid"": 0.03, ""final_tool_finish"": 0.1, ""finish_after_tool"": 0.1, ""json_valid"": 0.02, ""no_forbidden_action"": 0.1, ""no_premature_stop"": 0.1, ""no_repeated_tool"": 0.1, ""no_skip_required_probe"": 0.1, ""strict_action_match"": true, ""strict_argument_types"": true, ""wrong_action_cap"": 0.2}",False,0.75625,"[""qwen_detection"", ""qwen_detection"", ""qwen_detection""]",qwen_detection,"[{""_planner_metrics"": {""api_call_ms"": 6879.966, ""first_api_call_ms"": 6879.966, ""first_finish_reason"": ""stop"", ""first_input_tokens"": 4019, ""first_output_tokens"": 48, ""first_total_tokens"": 4067, ""input_tokens"": 4019, ""output_tokens"": 48, ""parse_ms"": 0.126, ""planner_total_ms"": 6893.37, ""prompt_build_ms"": 0.519, ""retry_count"": 0, ""retry_reason"": """", ""total_tokens"": 4067}, ""action"": ""qwen_detection"", ""action_input"": {""finish_after_tool"": false, ""label"": ""焦糖十字分流块""}, ""clarification_question"": """", ""decision_type"": ""tool"", ""end_reason"": """", ""final_answer"": """", ""thought"": ""先执行用户指定的检测器以取得当前结构化状态。""}, {""_planner_metrics"": {""api_call_ms"": 7424.521, ""first_api_call_ms"": 7424.521, ""first_finish_reason"": ""stop"", ""first_input_tokens"": 4328, ""first_output_tokens"": 51, ""first_total_tokens"": 4379, ""input_tokens"": 4328, ""output_tokens"": 51, ""parse_ms"": 0.206, ""planner_total_ms"": 7438.842, ""prompt_build_ms"": 0.454, ""retry_count"": 0, ""retry_reason"": """", ""total_tokens"": 4379}, ""action"": ""qwen_detection"", ""action_input"": {""finish_after_tool"": false, ""label"": ""焦糖十字分流块""}, ""clarification_question"": """", ""decision_type"": ""tool"", ""end_reason"": """", ""final_answer"": """", ""thought"": ""最新状态未满足结束或迁移条件，需要继续按规则推进。""}, {""_planner_metrics"": {""api_call_ms"": 7540.662, ""first_api_call_ms"": 7540.662, ""first_finish_reason"": ""stop"", ""first_input_tokens"": 4630, ""first_output_tokens"": 51, ""first_total_tokens"": 4681, ""input_tokens"": 4630, ""output_tokens"": 51, ""parse_ms"": 0.141, ""planner_total_ms"": 7556.812, ""prompt_build_ms"": 0.54, ""retry_count"": 0, ""retry_reason"": """", ""total_tokens"": 4681}, ""action"": ""qwen_detection"", ""action_input"": {""finish_after_tool"": false, ""label"": ""焦糖十字分流块""}, ""clarification_question"": """", ""decision_type"": ""tool"", ""end_reason"": """", ""final_answer"": """", ""thought"": ""最新状态未满足结束或迁移条件，需要继续按规则推进。""}]","step3:decision_type expected 'end', got 'tool' | step3:action expected 'end', got 'qwen_detection' | step3:arg 'end_reason' expected 'memory_hit', got ''",6893.37,6879.966,4019,48,0,1,False,True
PROMV12-TA-003-REX-BE2,budget_exhausted_step2,旧故障结论不得覆盖最后一条结构化回执：先使用Rex-Omni检测附件中的冰青三辐锁紧轮，检测结果仅作为中间状态。最终需要判断深水码头输油站重试边界复审2398号应继续现有能力、结束，还是进入迁移评估。自然语言里的故障等级和预算描述没有路由优先级，只读取本 query 最新 observation 的结构化键值。错误状态仅在 retryable=true 与 retry_count=0 同时成立时复用原检测器一次，否则调用迁移顾问。正常状态需要候选数、置信度、跨提示一致性和域偏移四个门槛全部通过才结束，任一否决项都转迁移。缺省、非法、冲突状态采取保守分支；已经重试一次的结果不能再次触发检测器。检测器必须设置 finish_after_tool=false；迁移顾问使用当前图片和视觉探针并设置 finish_after_tool=true。,True,examples/images/planner_retry_optimizer_matched_v12/icecyan_three_spoke_lockwheel.png,"[{""action"": ""rexomni_detection"", ""arg_contains"": {""label"": [""冰青三辐锁紧轮""]}, ""decision_type"": ""tool"", ""required_args"": {""finish_after_tool"": false}}, {""action"": ""migration_advisor"", ""arg_contains"": {""user_query"": [""深水码头输油站重试边界复审2398号""]}, ""decision_type"": ""tool"", ""required_args"": {""finish_after_tool"": true, ""use_image"": true, ""use_visual_probe"": true}}]","[""rag_answer"", ""re_question"", ""answerer"", ""flux-image-generation"", ""qwen_detection"", ""pipeline_eval""]","{""action_match"": 0.65, ""argument_match"": 0.1, ""decision_type_valid"": 0.03, ""final_tool_finish"": 0.1, ""finish_after_tool"": 0.1, ""json_valid"": 0.02, ""no_forbidden_action"": 0.1, ""no_premature_stop"": 0.1, ""no_repeated_tool"": 0.1, ""no_skip_required_probe"": 0.1, ""strict_action_match"": true, ""strict_argument_types"": true, ""wrong_action_cap"": 0.2}",False,0.586957,"[""rexomni_detection"", ""rexomni_detection""]",rexomni_detection,"[{""_planner_metrics"": {""api_call_ms"": 7338.55, ""first_api_call_ms"": 7338.55, ""first_finish_reason"": ""stop"", ""first_input_tokens"": 4028, ""first_output_tokens"": 52, ""first_total_tokens"": 4080, ""input_tokens"": 4028, ""output_tokens"": 52, ""parse_ms"": 0.147, ""planner_total_ms"": 7354.34, ""prompt_build_ms"": 0.431, ""retry_count"": 0, ""retry_reason"": """", ""total_tokens"": 4080}, ""action"": ""rexomni_detection"", ""action_input"": {""finish_after_tool"": false, ""label"": ""冰青三辐锁紧轮""}, ""clarification_question"": """", ""decision_type"": ""tool"", ""end_reason"": """", ""final_answer"": """", ""thought"": ""先执行用户指定的检测器以取得当前结构化状态。""}, {""_planner_metrics"": {""api_call_ms"": 7970.074, ""first_api_call_ms"": 7970.074, ""first_finish_reason"": ""stop"", ""first_input_tokens"": 4339, ""first_output_tokens"": 56, ""first_total_tokens"": 4395, ""input_tokens"": 4339, ""output_tokens"": 56, ""parse_ms"": 0.159, ""planner_total_ms"": 7984.712, ""prompt_build_ms"": 0.481, ""retry_count"": 0, ""retry_reason"": """", ""total_tokens"": 4395}, ""action"": ""rexomni_detection"", ""action_input"": {""finish_after_tool"": false, ""label"": ""冰青三辐锁紧轮""}, ""clarification_question"": """", ""decision_type"": ""tool"", ""end_reason"": """", ""final_answer"": """", ""thought"": ""最新状态未满足结束或迁移条件，需要继续追踪结构化键值。""}]","step2:action expected 'migration_advisor', got 'rexomni_detection' | step2:finish_after_tool expected True, got False | step2:arg 'use_image' expected True, got None | step2:arg 'use_visual_probe' expected True, got None | step2:arg 'user_query' expected to contain ['深水码头输油站重试边界复审2398号'], got None",7354.34,7338.55,4028,52,0,1,False,True
PROMV12-TA-008-REX-MS2,missing_required_state_step2,完成本轮异常探针的最终路由：先使用Rex-Omni检测附件中的焦糖十字分流块，检测结果仅作为中间状态。最终需要判断非晶合金铸造炉异常路径终验9752号应继续现有能力、结束，还是进入迁移评估。自然语言里的故障等级和预算描述没有路由优先级，只读取本 query 最新 observation 的结构化键值。错误状态仅在 retryable=true 与 retry_count=0 同时成立时复用原检测器一次，否则调用迁移顾问。正常状态需要候选数、置信度、跨提示一致性和域偏移四个门槛全部通过才结束，任一否决项都转迁移。缺省、非法、冲突状态采取保守分支；已经重试一次的结果不能再次触发检测器。检测器必须设置 finish_after_tool=false；迁移顾问使用当前图片和视觉探针并设置 finish_after_tool=true。,True,examples/images/planner_retry_optimizer_matched_v12/caramel_cross_diverter.png,"[{""action"": ""rexomni_detection"", ""arg_contains"": {""label"": [""焦糖十字分流块""]}, ""decision_type"": ""tool"", ""required_args"": {""finish_after_tool"": false}}, {""action"": ""migration_advisor"", ""arg_contains"": {""user_query"": [""非晶合金铸造炉异常路径终验9752号""]}, ""decision_type"": ""tool"", ""required_args"": {""finish_after_tool"": true, ""use_image"": true, ""use_visual_probe"": true}}]","[""rag_answer"", ""re_question"", ""answerer"", ""flux-image-generation"", ""qwen_detection"", ""pipeline_eval""]","{""action_match"": 0.65, ""argument_match"": 0.1, ""decision_type_valid"": 0.03, ""final_tool_finish"": 0.1, ""finish_after_tool"": 0.1, ""json_valid"": 0.02, ""no_forbidden_action"": 0.1, ""no_premature_stop"": 0.1, ""no_repeated_tool"": 0.1, ""no_skip_required_probe"": 0.1, ""strict_action_match"": true, ""strict_argument_types"": true, ""wrong_action_cap"": 0.2}",False,0.586957,"[""rexomni_detection"", ""rexomni_detection""]",rexomni_detection,"[{""_planner_metrics"": {""api_call_ms"": 6985.775, ""first_api_call_ms"": 6985.775, ""first_finish_reason"": ""stop"", ""first_input_tokens"": 4017, ""first_output_tokens"": 49, ""first_total_tokens"": 4066, ""input_tokens"": 4017, ""output_tokens"": 49, ""parse_ms"": 0.144, ""planner_total_ms"": 7000.317, ""prompt_build_ms"": 0.413, ""retry_count"": 0, ""retry_reason"": """", ""total_tokens"": 4066}, ""action"": ""rexomni_detection"", ""action_input"": {""finish_after_tool"": false, ""label"": ""焦糖十字分流块""}, ""clarification_question"": """", ""decision_type"": ""tool"", ""end_reason"": """", ""final_answer"": """", ""thought"": ""先执行用户指定的检测器以取得当前结构化状态。""}, {""_planner_metrics"": {""api_call_ms"": 7129.546, ""first_api_call_ms"": 7129.546, ""first_finish_reason"": ""stop"", ""first_input_tokens"": 4321, ""first_output_tokens"": 49, ""first_total_tokens"": 4370, ""input_tokens"": 4321, ""output_tokens"": 49, ""parse_ms"": 0.15, ""planner_total_ms"": 7144.105, ""prompt_build_ms"": 0.61, ""retry_count"": 0, ""retry_reason"": """", ""total_tokens"": 4370}, ""action"": ""rexomni_detection"", ""action_input"": {""finish_after_tool"": false, ""label"": ""焦糖十字分流块""}, ""clarification_question"": """", ""decision_type"": ""tool"", ""end_reason"": """", ""final_answer"": """", ""thought"": ""先执行用户指定的检测器以取得当前结构化状态。""}]","step2:action expected 'migration_advisor', got 'rexomni_detection' | step2:finish_after_tool expected True, got False | step2:arg 'use_image' expected True, got None | step2:arg 'use_visual_probe' expected True, got None | step2:arg 'user_query' expected to contain ['非晶合金铸造炉异常路径终验9752号'], got None",7000.317,6985.775,4017,49,0,1,False,True
PROMV12-TA-001-QWEN-PS3,post_retry_success_step3,旧故障结论不得覆盖最后一条结构化回执：先使用Qwen检测附件中的冰青三辐锁紧轮，检测结果仅作为中间状态。最终需要判断火星车悬架试验间异常路径终验7873号应继续现有能力、结束，还是进入迁移评估。自然语言里的故障等级和预算描述没有路由优先级，只读取本 query 最新 observation 的结构化键值。错误状态仅在 retryable=true 与 retry_count=0 同时成立时复用原检测器一次，否则调用迁移顾问。正常状态需要候选数、置信度、跨提示一致性和域偏移四个门槛全部通过才结束，任一否决项都转迁移。缺省、非法、冲突状态采取保守分支；已经重试一次的结果不能再次触发检测器。检测器必须设置 finish_after_tool=false；迁移顾问使用当前图片和视觉探针并设置 finish_after_tool=true。,True,examples/images/planner_retry_optimizer_matched_v12/icecyan_three_spoke_lockwheel.png,"[{""action"": ""qwen_detection"", ""arg_contains"": {""label"": [""冰青三辐锁紧轮""]}, ""decision_type"": ""tool"", ""required_args"": {""finish_after_tool"": false}}, {""action"": ""qwen_detection"", ""arg_contains"": {""label"": [""冰青三辐锁紧轮""]}, ""decision_type"": ""tool"", ""required_args"": {""finish_after_tool"": false}}, {""arg_contains"": {}, ""decision_type"": ""end"", ""required_args"": {""end_reason"": ""memory_hit""}}]","[""rag_answer"", ""re_question"", ""answerer"", ""flux-image-generation"", ""rexomni_detection"", ""pipeline_eval"", ""migration_advisor""]","{""action_match"": 0.65, ""argument_match"": 0.1, ""decision_type_valid"": 0.03, ""final_tool_finish"": 0.1, ""finish_after_tool"": 0.1, ""json_valid"": 0.02, ""no_forbidden_action"": 0.1, ""no_premature_stop"": 0.1, ""no_repeated_tool"": 0.1, ""no_skip_required_probe"": 0.1, ""strict_action_match"": true, ""strict_argument_types"": true, ""wrong_action_cap"": 0.2}",False,0.75625,"[""qwen_detection"", ""qwen_detection"", ""qwen_detection""]",qwen_detection,"[{""_planner_metrics"": {""api_call_ms"": 7163.298, ""first_api_call_ms"": 7163.298, ""first_finish_reason"": ""stop"", ""first_input_tokens"": 4024, ""first_output_tokens"": 51, ""first_total_tokens"": 4075, ""input_tokens"": 4024, ""output_tokens"": 51, ""parse_ms"": 0.156, ""planner_total_ms"": 7177.532, ""prompt_build_ms"": 0.481, ""retry_count"": 0, ""retry_reason"": """", ""total_tokens"": 4075}, ""action"": ""qwen_detection"", ""action_input"": {""finish_after_tool"": false, ""label"": ""冰青三辐锁紧轮""}, ""clarification_question"": """", ""decision_type"": ""tool"", ""end_reason"": """", ""final_answer"": """", ""thought"": ""先执行用户指定的检测器以取得当前结构化状态。""}, {""_planner_metrics"": {""api_call_ms"": 7698.023, ""first_api_call_ms"": 7698.023, ""first_finish_reason"": ""stop"", ""first_input_tokens"": 4332, ""first_output_tokens"": 54, ""first_total_tokens"": 4386, ""input_tokens"": 4332, ""output_tokens"": 54, ""parse_ms"": 0.14, ""planner_total_ms"": 7712.532, ""prompt_build_ms"": 0.501, ""retry_count"": 0, ""retry_reason"": """", ""total_tokens"": 4386}, ""action"": ""qwen_detection"", ""action_input"": {""finish_after_tool"": false, ""label"": ""冰青三辐锁紧轮""}, ""clarification_question"": """", ""decision_type"": ""tool"", ""end_reason"": """", ""final_answer"": """", ""thought"": ""最新状态未满足结束或迁移条件，需要继续按规则推进。""}, {""_planner_metrics"": {""api_call_ms"": 7814.443, ""first_api_call_ms"": 7814.443, ""first_finish_reason"": ""stop"", ""first_input_tokens"": 4639, ""first_output_tokens"": 54, ""first_total_tokens"": 4693, ""input_tokens"": 4639, ""output_tokens"": 54, ""parse_ms"": 0.133, ""planner_total_ms"": 7829.555, ""prompt_build_ms"": 0.497, ""retry_count"": 0, ""retry_reason"": """", ""total_tokens"": 4693}, ""action"": ""qwen_detection"", ""action_input"": {""finish_after_tool"": false, ""label"": ""冰青三辐锁紧轮""}, ""clarification_question"": """", ""decision_type"": ""tool"", ""end_reason"": """", ""final_answer"": """", ""thought"": ""最新状态未满足结束或迁移条件，需要继续按规则推进。""}]","step3:decision_type expected 'end', got 'tool' | step3:action expected 'end', got 'qwen_detection' | step3:arg 'end_reason' expected 'memory_hit', got ''",7177.532,7163.298,4024,51,0,1,False,True
PROMV12-TA-011-QWEN-PE3,post_retry_error_step3,迁移队列已经建立，请先裁决最新机器状态：先使用Qwen检测附件中的焦糖十字分流块，检测结果仅作为中间状态。最终需要判断非晶合金铸造炉稳定状态会签6874号应继续现有能力、结束，还是进入迁移评估。自然语言里的故障等级和预算描述没有路由优先级，只读取本 query 最新 observation 的结构化键值。错误状态仅在 retryable=true 与 retry_count=0 同时成立时复用原检测器一次，否则调用迁移顾问。正常状态需要候选数、置信度、跨提示一致性和域偏移四个门槛全部通过才结束，任一否决项都转迁移。缺省、非法、冲突状态采取保守分支；已经重试一次的结果不能再次触发检测器。检测器必须设置 finish_after_tool=false；迁移顾问使用当前图片和视觉探针并设置 finish_after_tool=true。,True,examples/images/planner_retry_optimizer_matched_v12/caramel_cross_diverter.png,"[{""action"": ""qwen_detection"", ""arg_contains"": {""label"": [""焦糖十字分流块""]}, ""decision_type"": ""tool"", ""required_args"": {""finish_after_tool"": false}}, {""action"": ""qwen_detection"", ""arg_contains"": {""label"": [""焦糖十字分流块""]}, ""decision_type"": ""tool"", ""required_args"": {""finish_after_tool"": false}}, {""action"": ""migration_advisor"", ""arg_contains"": {""user_query"": [""非晶合金铸造炉稳定状态会签6874号""]}, ""decision_type"": ""tool"", ""required_args"": {""finish_after_tool"": true, ""use_image"": true, ""use_visual_probe"": true}}]","[""rag_answer"", ""re_question"", ""answerer"", ""flux-image-generation"", ""rexomni_detection"", ""pipeline_eval""]","{""action_match"": 0.65, ""argument_match"": 0.1, ""decision_type_valid"": 0.03, ""final_tool_finish"": 0.1, ""finish_after_tool"": 0.1, ""json_valid"": 0.02, ""no_forbidden_action"": 0.1, ""no_premature_stop"": 0.1, ""no_repeated_tool"": 0.1, ""no_skip_required_probe"": 0.1, ""strict_action_match"": true, ""strict_argument_types"": true, ""wrong_action_cap"": 0.2}",False,0.734375,"[""qwen_detection"", ""qwen_detection"", ""qwen_detection""]",qwen_detection,"[{""_planner_metrics"": {""api_call_ms"": 6885.027, ""first_api_call_ms"": 6885.027, ""first_finish_reason"": ""stop"", ""first_input_tokens"": 4019, ""first_output_tokens"": 48, ""first_total_tokens"": 4067, ""input_tokens"": 4019, ""output_tokens"": 48, ""parse_ms"": 0.184, ""planner_total_ms"": 6899.547, ""prompt_build_ms"": 0.391, ""retry_count"": 0, ""retry_reason"": """", ""total_tokens"": 4067}, ""action"": ""qwen_detection"", ""action_input"": {""finish_after_tool"": false, ""label"": ""焦糖十字分流块""}, ""clarification_question"": """", ""decision_type"": ""tool"", ""end_reason"": """", ""final_answer"": """", ""thought"": ""先执行用户指定的检测器以取得当前结构化状态。""}, {""_planner_metrics"": {""api_call_ms"": 7369.015, ""first_api_call_ms"": 7369.015, ""first_finish_reason"": ""stop"", ""first_input_tokens"": 4322, ""first_output_tokens"": 51, ""first_total_tokens"": 4373, ""input_tokens"": 4322, ""output_tokens"": 51, ""parse_ms"": 0.234, ""planner_total_ms"": 7384.314, ""prompt_build_ms"": 0.42, ""retry_count"": 0, ""retry_reason"": """", ""total_tokens"": 4373}, ""action"": ""qwen_detection"", ""action_input"": {""finish_after_tool"": false, ""label"": ""焦糖十字分流块""}, ""clarification_question"": """", ""decision_type"": ""tool"", ""end_reason"": """", ""final_answer"": """", ""thought"": ""最新状态满足错误状态重试条件，需要再次使用同一检测器。""}, {""_planner_metrics"": {""api_call_ms"": 7523.304, ""first_api_call_ms"": 7523.304, ""first_finish_reason"": ""stop"", ""first_input_tokens"": 4629, ""first_output_tokens"": 51, ""first_total_tokens"": 4680, ""input_tokens"": 4629, ""output_tokens"": 51, ""parse_ms"": 0.174, ""planner_total_ms"": 7539.394, ""prompt_build_ms"": 0.558, ""retry_count"": 0, ""retry_reason"": """", ""total_tokens"": 4680}, ""action"": ""qwen_detection"", ""action_input"": {""finish_after_tool"": false, ""label"": ""焦糖十字分流块""}, ""clarification_question"": """", ""decision_type"": ""tool"", ""end_reason"": """", ""final_answer"": """", ""thought"": ""最新状态满足错误状态重试条件，需要再次使用同一检测器。""}]","step3:action expected 'migration_advisor', got 'qwen_detection' | step3:finish_after_tool expected True, got False | step3:arg 'use_image' expected True, got None | step3:arg 'use_visual_probe' expected True, got None | step3:arg 'user_query' expected to contain ['非晶合金铸造炉稳定状态会签6874号'], got None",6899.547,6885.027,4019,48,0,1,False,True
PROMV12-TA-004-QWEN-NR2,nonretryable_step2,迁移队列已经建立，请先裁决最新机器状态：先使用Qwen检测附件中的冰青三辐锁紧轮，检测结果仅作为中间状态。最终需要判断类器官灌流培养台异常路径终验2905号应继续现有能力、结束，还是进入迁移评估。自然语言里的故障等级和预算描述没有路由优先级，只读取本 query 最新 observation 的结构化键值。错误状态仅在 retryable=true 与 retry_count=0 同时成立时复用原检测器一次，否则调用迁移顾问。正常状态需要候选数、置信度、跨提示一致性和域偏移四个门槛全部通过才结束，任一否决项都转迁移。缺省、非法、冲突状态采取保守分支；已经重试一次的结果不能再次触发检测器。检测器必须设置 finish_after_tool=false；迁移顾问使用当前图片和视觉探针并设置 finish_after_tool=true。,True,examples/images/planner_retry_optimizer_matched_v12/icecyan_three_spoke_lockwheel.png,"[{""action"": ""qwen_detection"", ""arg_contains"": {""label"": [""冰青三辐锁紧轮""]}, ""decision_type"": ""tool"", ""required_args"": {""finish_after_tool"": false}}, {""action"": ""migration_advisor"", ""arg_contains"": {""user_query"": [""类器官灌流培养台异常路径终验2905号""]}, ""decision_type"": ""tool"", ""required_args"": {""finish_after_tool"": true, ""use_image"": true, ""use_visual_probe"": true}}]","[""rag_answer"", ""re_question"", ""answerer"", ""flux-image-generation"", ""rexomni_detection"", ""pipeline_eval""]","{""action_match"": 0.65, ""argument_match"": 0.1, ""decision_type_valid"": 0.03, ""final_tool_finish"": 0.1, ""finish_after_tool"": 0.1, ""json_valid"": 0.02, ""no_forbidden_action"": 0.1, ""no_premature_stop"": 0.1, ""no_repeated_tool"": 0.1, ""no_skip_required_probe"": 0.1, ""strict_action_match"": true, ""strict_argument_types"": true, ""wrong_action_cap"": 0.2}",False,0.586957,"[""qwen_detection"", ""qwen_detection""]",qwen_detection,"[{""_planner_metrics"": {""api_call_ms"": 7399.366, ""first_api_call_ms"": 7399.366, ""first_finish_reason"": ""stop"", ""first_input_tokens"": 4028, ""first_output_tokens"": 51, ""first_total_tokens"": 4079, ""input_tokens"": 4028, ""output_tokens"": 51, ""parse_ms"": 0.145, ""planner_total_ms"": 7415.144, ""prompt_build_ms"": 0.468, ""retry_count"": 0, ""retry_reason"": """", ""total_tokens"": 4079}, ""action"": ""qwen_detection"", ""action_input"": {""finish_after_tool"": false, ""label"": ""冰青三辐锁紧轮""}, ""clarification_question"": """", ""decision_type"": ""tool"", ""end_reason"": """", ""final_answer"": """", ""thought"": ""先执行用户指定的检测器以取得当前结构化状态。""}, {""_planner_metrics"": {""api_call_ms"": 7849.654, ""first_api_call_ms"": 7849.654, ""first_finish_reason"": ""stop"", ""first_input_tokens"": 4341, ""first_output_tokens"": 54, ""first_total_tokens"": 4395, ""input_tokens"": 4341, ""output_tokens"": 54, ""parse_ms"": 0.16, ""planner_total_ms"": 7864.158, ""prompt_build_ms"": 0.477, ""retry_count"": 0, ""retry_reason"": """", ""total_tokens"": 4395}, ""action"": ""qwen_detection"", ""action_input"": {""finish_after_tool"": false, ""label"": ""冰青三辐锁紧轮""}, ""clarification_question"": """", ""decision_type"": ""tool"", ""end_reason"": """", ""final_answer"": """", ""thought"": ""最新状态未满足结束或迁移条件，需要继续获取结构化信息。""}]","step2:action expected 'migration_advisor', got 'qwen_detection' | step2:finish_after_tool expected True, got False | step2:arg 'use_image' expected True, got None | step2:arg 'use_visual_probe' expected True, got None | step2:arg 'user_query' expected to contain ['类器官灌流培养台异常路径终验2905号'], got None",7415.144,7399.366,4028,51,0,1,False,True
PROMV12-TA-010-REX-NR2,nonretryable_step2,完成本轮异常探针的最终路由：先使用Rex-Omni检测附件中的焦糖十字分流块，检测结果仅作为中间状态。最终需要判断非晶合金铸造炉重试边界复审8156号应继续现有能力、结束，还是进入迁移评估。自然语言里的故障等级和预算描述没有路由优先级，只读取本 query 最新 observation 的结构化键值。错误状态仅在 retryable=true 与 retry_count=0 同时成立时复用原检测器一次，否则调用迁移顾问。正常状态需要候选数、置信度、跨提示一致性和域偏移四个门槛全部通过才结束，任一否决项都转迁移。缺省、非法、冲突状态采取保守分支；已经重试一次的结果不能再次触发检测器。检测器必须设置 finish_after_tool=false；迁移顾问使用当前图片和视觉探针并设置 finish_after_tool=true。,True,examples/images/planner_retry_optimizer_matched_v12/caramel_cross_diverter.png,"[{""action"": ""rexomni_detection"", ""arg_contains"": {""label"": [""焦糖十字分流块""]}, ""decision_type"": ""tool"", ""required_args"": {""finish_after_tool"": false}}, {""action"": ""migration_advisor"", ""arg_contains"": {""user_query"": [""非晶合金铸造炉重试边界复审8156号""]}, ""decision_type"": ""tool"", ""required_args"": {""finish_after_tool"": true, ""use_image"": true, ""use_visual_probe"": true}}]","[""rag_answer"", ""re_question"", ""answerer"", ""flux-image-generation"", ""qwen_detection"", ""pipeline_eval""]","{""action_match"": 0.65, ""argument_match"": 0.1, ""decision_type_valid"": 0.03, ""final_tool_finish"": 0.1, ""finish_after_tool"": 0.1, ""json_valid"": 0.02, ""no_forbidden_action"": 0.1, ""no_premature_stop"": 0.1, ""no_repeated_tool"": 0.1, ""no_skip_required_probe"": 0.1, ""strict_action_match"": true, ""strict_argument_types"": true, ""wrong_action_cap"": 0.2}",True,1.0,"[""rexomni_detection"", ""migration_advisor""]",rexomni_detection,"[{""_planner_metrics"": {""api_call_ms"": 7058.296, ""first_api_call_ms"": 7058.296, ""first_finish_reason"": ""stop"", ""first_input_tokens"": 4015, ""first_output_tokens"": 49, ""first_total_tokens"": 4064, ""input_tokens"": 4015, ""output_tokens"": 49, ""parse_ms"": 0.126, ""planner_total_ms"": 7072.36, ""prompt_build_ms"": 0.442, ""retry_count"": 0, ""retry_reason"": """", ""total_tokens"": 4064}, ""action"": ""rexomni_detection"", ""action_input"": {""finish_after_tool"": false, ""label"": ""焦糖十字分流块""}, ""clarification_question"": """", ""decision_type"": ""tool"", ""end_reason"": """", ""final_answer"": """", ""thought"": ""先执行用户指定的检测器以取得当前结构化状态。""}, {""_planner_metrics"": {""api_call_ms"": 9860.774, ""first_api_call_ms"": 9860.774, ""first_finish_reason"": ""stop"", ""first_input_tokens"": 4318, ""first_output_tokens"": 72, ""first_total_tokens"": 4390, ""input_tokens"": 4318, ""output_tokens"": 72, ""parse_ms"": 0.173, ""planner_total_ms"": 9876.05, ""prompt_build_ms"": 0.522, ""retry_count"": 0, ""retry_reason"": """", ""total_tokens"": 4390}, ""action"": ""migration_advisor"", ""action_input"": {""finish_after_tool"": true, ""use_image"": true, ""use_visual_probe"": true, ""user_query"": ""非晶合金铸造炉重试边界复审8156号""}, ""clarification_question"": """", ""decision_type"": ""tool"", ""end_reason"": """", ""final_answer"": """", ""thought"": ""最新状态未满足结束或重试条件，需要进入能力迁移评估。""}]",,7072.36,7058.296,4015,49,1,1,True,False
PROMV12-TA-012-REX-PS3,post_retry_success_step3,完成本轮异常探针的最终路由：先使用Rex-Omni检测附件中的冰青三辐锁紧轮，检测结果仅作为中间状态。最终需要判断深水码头输油站稳定状态会签5128号应继续现有能力、结束，还是进入迁移评估。自然语言里的故障等级和预算描述没有路由优先级，只读取本 query 最新 observation 的结构化键值。错误状态仅在 retryable=true 与 retry_count=0 同时成立时复用原检测器一次，否则调用迁移顾问。正常状态需要候选数、置信度、跨提示一致性和域偏移四个门槛全部通过才结束，任一否决项都转迁移。缺省、非法、冲突状态采取保守分支；已经重试一次的结果不能再次触发检测器。检测器必须设置 finish_after_tool=false；迁移顾问使用当前图片和视觉探针并设置 finish_after_tool=true。,True,examples/images/planner_retry_optimizer_matched_v12/icecyan_three_spoke_lockwheel.png,"[{""action"": ""rexomni_detection"", ""arg_contains"": {""label"": [""冰青三辐锁紧轮""]}, ""decision_type"": ""tool"", ""required_args"": {""finish_after_tool"": false}}, {""action"": ""rexomni_detection"", ""arg_contains"": {""label"": [""冰青三辐锁紧轮""]}, ""decision_type"": ""tool"", ""required_args"": {""finish_after_tool"": false}}, {""arg_contains"": {}, ""decision_type"": ""end"", ""required_args"": {""end_reason"": ""memory_hit""}}]","[""rag_answer"", ""re_question"", ""answerer"", ""flux-image-generation"", ""qwen_detection"", ""pipeline_eval"", ""migration_advisor""]","{""action_match"": 0.65, ""argument_match"": 0.1, ""decision_type_valid"": 0.03, ""final_tool_finish"": 0.1, ""finish_after_tool"": 0.1, ""json_valid"": 0.02, ""no_forbidden_action"": 0.1, ""no_premature_stop"": 0.1, ""no_repeated_tool"": 0.1, ""no_skip_required_probe"": 0.1, ""strict_action_match"": true, ""strict_argument_types"": true, ""wrong_action_cap"": 0.2}",False,0.725,"[""rexomni_detection"", ""rexomni_detection"", ""migration_advisor""]",rexomni_detection,"[{""_planner_metrics"": {""api_call_ms"": 7365.876, ""first_api_call_ms"": 7365.876, ""first_finish_reason"": ""stop"", ""first_input_tokens"": 4024, ""first_output_tokens"": 52, ""first_total_tokens"": 4076, ""input_tokens"": 4024, ""output_tokens"": 52, ""parse_ms"": 0.144, ""planner_total_ms"": 7380.349, ""prompt_build_ms"": 0.461, ""retry_count"": 0, ""retry_reason"": """", ""total_tokens"": 4076}, ""action"": ""rexomni_detection"", ""action_input"": {""finish_after_tool"": false, ""label"": ""冰青三辐锁紧轮""}, ""clarification_question"": """", ""decision_type"": ""tool"", ""end_reason"": """", ""final_answer"": """", ""thought"": ""先执行用户指定的检测器以取得当前结构化状态。""}, {""_planner_metrics"": {""api_call_ms"": 7809.64, ""first_api_call_ms"": 7809.64, ""first_finish_reason"": ""stop"", ""first_input_tokens"": 4335, ""first_output_tokens"": 54, ""first_total_tokens"": 4389, ""input_tokens"": 4335, ""output_tokens"": 54, ""parse_ms"": 0.151, ""planner_total_ms"": 7823.938, ""prompt_build_ms"": 0.437, ""retry_count"": 0, ""retry_reason"": """", ""total_tokens"": 4389}, ""action"": ""rexomni_detection"", ""action_input"": {""finish_after_tool"": false, ""label"": ""冰青三辐锁紧轮""}, ""clarification_question"": """", ""decision_type"": ""tool"", ""end_reason"": """", ""final_answer"": """", ""thought"": ""最新状态满足错误重试条件，需要再次使用同一检测器。""}, {""_planner_metrics"": {""api_call_ms"": 10493.265, ""first_api_call_ms"": 10493.265, ""first_finish_reason"": ""stop"", ""first_input_tokens"": 4643, ""first_output_tokens"": 73, ""first_total_tokens"": 4716, ""input_tokens"": 4643, ""output_tokens"": 73, ""parse_ms"": 0.189, ""planner_total_ms"": 10510.244, ""prompt_build_ms"": 0.466, ""retry_count"": 0, ""retry_reason"": """", ""total_tokens"": 4716}, ""action"": ""migration_advisor"", ""action_input"": {""finish_after_tool"": true, ""use_image"": true, ""use_visual_probe"": true, ""user_query"": ""深水码头输油站稳定状态会签5128号""}, ""clarification_question"": """", ""decision_type"": ""tool"", ""end_reason"": """", ""final_answer"": """", ""thought"": ""最新状态未满足结束或迁移条件，需要继续按规则推进。""}]","step3:decision_type expected 'end', got 'tool' | step3:action expected 'end', got 'migration_advisor' | step3:arg 'end_reason' expected 'memory_hit', got '' | forbidden:migration_advisor",7380.349,7365.876,4024,52,0,1,False,True
PROMV12-TA-005-REX-PE3,post_retry_error_step3,设备失联只是背景，仍须核对当前显式额度：先使用Rex-Omni检测附件中的冰青三辐锁紧轮，检测结果仅作为中间状态。最终需要判断类器官灌流培养台重试边界复审5611号应继续现有能力、结束，还是进入迁移评估。自然语言里的故障等级和预算描述没有路由优先级，只读取本 query 最新 observation 的结构化键值。错误状态仅在 retryable=true 与 retry_count=0 同时成立时复用原检测器一次，否则调用迁移顾问。正常状态需要候选数、置信度、跨提示一致性和域偏移四个门槛全部通过才结束，任一否决项都转迁移。缺省、非法、冲突状态采取保守分支；已经重试一次的结果不能再次触发检测器。检测器必须设置 finish_after_tool=false；迁移顾问使用当前图片和视觉探针并设置 finish_after_tool=true。,True,examples/images/planner_retry_optimizer_matched_v12/icecyan_three_spoke_lockwheel.png,"[{""action"": ""rexomni_detection"", ""arg_contains"": {""label"": [""冰青三辐锁紧轮""]}, ""decision_type"": ""tool"", ""required_args"": {""finish_after_tool"": false}}, {""action"": ""rexomni_detection"", ""arg_contains"": {""label"": [""冰青三辐锁紧轮""]}, ""decision_type"": ""tool"", ""required_args"": {""finish_after_tool"": false}}, {""action"": ""migration_advisor"", ""arg_contains"": {""user_query"": [""类器官灌流培养台重试边界复审5611号""]}, ""decision_type"": ""tool"", ""required_args"": {""finish_after_tool"": true, ""use_image"": true, ""use_visual_probe"": true}}]","[""rag_answer"", ""re_question"", ""answerer"", ""flux-image-generation"", ""qwen_detection"", ""pipeline_eval""]","{""action_match"": 0.65, ""argument_match"": 0.1, ""decision_type_valid"": 0.03, ""final_tool_finish"": 0.1, ""finish_after_tool"": 0.1, ""json_valid"": 0.02, ""no_forbidden_action"": 0.1, ""no_premature_stop"": 0.1, ""no_repeated_tool"": 0.1, ""no_skip_required_probe"": 0.1, ""strict_action_match"": true, ""strict_argument_types"": true, ""wrong_action_cap"": 0.2}",False,0.734375,"[""rexomni_detection"", ""rexomni_detection"", ""rexomni_detection""]",rexomni_detection,"[{""_planner_metrics"": {""api_call_ms"": 7385.975, ""first_api_call_ms"": 7385.975, ""first_finish_reason"": ""stop"", ""first_input_tokens"": 4036, ""first_output_tokens"": 52, ""first_total_tokens"": 4088, ""input_tokens"": 4036, ""output_tokens"": 52, ""parse_ms"": 0.215, ""planner_total_ms"": 7401.519, ""prompt_build_ms"": 0.445, ""retry_count"": 0, ""retry_reason"": """", ""total_tokens"": 4088}, ""action"": ""rexomni_detection"", ""action_input"": {""finish_after_tool"": false, ""label"": ""冰青三辐锁紧轮""}, ""clarification_question"": """", ""decision_type"": ""tool"", ""end_reason"": """", ""final_answer"": """", ""thought"": ""先执行用户指定的检测器以取得当前结构化状态。""}, {""_planner_metrics"": {""api_call_ms"": 7738.786, ""first_api_call_ms"": 7738.786, ""first_finish_reason"": ""stop"", ""first_input_tokens"": 4348, ""first_output_tokens"": 54, ""first_total_tokens"": 4402, ""input_tokens"": 4348, ""output_tokens"": 54, ""parse_ms"": 0.143, ""planner_total_ms"": 7755.829, ""prompt_build_ms"": 0.504, ""retry_count"": 0, ""retry_reason"": """", ""total_tokens"": 4402}, ""action"": ""rexomni_detection"", ""action_input"": {""finish_after_tool"": false, ""label"": ""冰青三辐锁紧轮""}, ""clarification_question"": """", ""decision_type"": ""tool"", ""end_reason"": """", ""final_answer"": """", ""thought"": ""最新状态满足错误状态重试条件，应复用原检测器。""}, {""_planner_metrics"": {""api_call_ms"": 7921.137, ""first_api_call_ms"": 7921.137, ""first_finish_reason"": ""stop"", ""first_input_tokens"": 4659, ""first_output_tokens"": 54, ""first_total_tokens"": 4713, ""input_tokens"": 4659, ""output_tokens"": 54, ""parse_ms"": 0.161, ""planner_total_ms"": 7936.127, ""prompt_build_ms"": 0.543, ""retry_count"": 0, ""retry_reason"": """", ""total_tokens"": 4713}, ""action"": ""rexomni_detection"", ""action_input"": {""finish_after_tool"": false, ""label"": ""冰青三辐锁紧轮""}, ""clarification_question"": """", ""decision_type"": ""tool"", ""end_reason"": """", ""final_answer"": """", ""thought"": ""最新状态满足错误状态重试条件，需要复用原检测器。""}]","step3:action expected 'migration_advisor', got 'rexomni_detection' | step3:finish_after_tool expected True, got False | step3:arg 'use_image' expected True, got None | step3:arg 'use_visual_probe' expected True, got None | step3:arg 'user_query' expected to contain ['类器官灌流培养台重试边界复审5611号'], got None",7401.519,7385.975,4036,52,0,1,False,True
PROMV12-TA-012-QWEN-CF2,conflicting_state_step2,完成本轮异常探针的最终路由：先使用Qwen检测附件中的冰青三辐锁紧轮，检测结果仅作为中间状态。最终需要判断深水码头输油站稳定状态会签5128号应继续现有能力、结束，还是进入迁移评估。自然语言里的故障等级和预算描述没有路由优先级，只读取本 query 最新 observation 的结构化键值。错误状态仅在 retryable=true 与 retry_count=0 同时成立时复用原检测器一次，否则调用迁移顾问。正常状态需要候选数、置信度、跨提示一致性和域偏移四个门槛全部通过才结束，任一否决项都转迁移。缺省、非法、冲突状态采取保守分支；已经重试一次的结果不能再次触发检测器。检测器必须设置 finish_after_tool=false；迁移顾问使用当前图片和视觉探针并设置 finish_after_tool=true。,True,examples/images/planner_retry_optimizer_matched_v12/icecyan_three_spoke_lockwheel.png,"[{""action"": ""qwen_detection"", ""arg_contains"": {""label"": [""冰青三辐锁紧轮""]}, ""decision_type"": ""tool"", ""required_args"": {""finish_after_tool"": false}}, {""action"": ""migration_advisor"", ""arg_contains"": {""user_query"": [""深水码头输油站稳定状态会签5128号""]}, ""decision_type"": ""tool"", ""required_args"": {""finish_after_tool"": true, ""use_image"": true, ""use_visual_probe"": true}}]","[""rag_answer"", ""re_question"", ""answerer"", ""flux-image-generation"", ""rexomni_detection"", ""pipeline_eval""]","{""action_match"": 0.65, ""argument_match"": 0.1, ""decision_type_valid"": 0.03, ""final_tool_finish"": 0.1, ""finish_after_tool"": 0.1, ""json_valid"": 0.02, ""no_forbidden_action"": 0.1, ""no_premature_stop"": 0.1, ""no_repeated_tool"": 0.1, ""no_skip_required_probe"": 0.1, ""strict_action_match"": true, ""strict_argument_types"": true, ""wrong_action_cap"": 0.2}",True,1.0,"[""qwen_detection"", ""migration_advisor""]",qwen_detection,"[{""_planner_metrics"": {""api_call_ms"": 7295.582, ""first_api_call_ms"": 7295.582, ""first_finish_reason"": ""stop"", ""first_input_tokens"": 4018, ""first_output_tokens"": 51, ""first_total_tokens"": 4069, ""input_tokens"": 4018, ""output_tokens"": 51, ""parse_ms"": 0.187, ""planner_total_ms"": 7310.649, ""prompt_build_ms"": 0.484, ""retry_count"": 0, ""retry_reason"": """", ""total_tokens"": 4069}, ""action"": ""qwen_detection"", ""action_input"": {""finish_after_tool"": false, ""label"": ""冰青三辐锁紧轮""}, ""clarification_question"": """", ""decision_type"": ""tool"", ""end_reason"": """", ""final_answer"": """", ""thought"": ""先执行用户指定的检测器以取得当前结构化状态。""}, {""_planner_metrics"": {""api_call_ms"": 9902.781, ""first_api_call_ms"": 9902.781, ""first_finish_reason"": ""stop"", ""first_input_tokens"": 4320, ""first_output_tokens"": 73, ""first_total_tokens"": 4393, ""input_tokens"": 4320, ""output_tokens"": 73, ""parse_ms"": 0.169, ""planner_total_ms"": 9917.946, ""prompt_build_ms"": 0.412, ""retry_count"": 0, ""retry_reason"": """", ""total_tokens"": 4393}, ""action"": ""migration_advisor"", ""action_input"": {""finish_after_tool"": true, ""use_image"": true, ""use_visual_probe"": true, ""user_query"": ""深水码头输油站稳定状态会签5128号""}, ""clarification_question"": """", ""decision_type"": ""tool"", ""end_reason"": """", ""final_answer"": """", ""thought"": ""最新状态未满足结束或重试条件，需要进入能力迁移评估。""}]",,7310.649,7295.582,4018,51,1,1,True,False
PROMV12-TA-011-REX-PE3,post_retry_error_step3,迁移队列已经建立，请先裁决最新机器状态：先使用Rex-Omni检测附件中的焦糖十字分流块，检测结果仅作为中间状态。最终需要判断非晶合金铸造炉稳定状态会签6874号应继续现有能力、结束，还是进入迁移评估。自然语言里的故障等级和预算描述没有路由优先级，只读取本 query 最新 observation 的结构化键值。错误状态仅在 retryable=true 与 retry_count=0 同时成立时复用原检测器一次，否则调用迁移顾问。正常状态需要候选数、置信度、跨提示一致性和域偏移四个门槛全部通过才结束，任一否决项都转迁移。缺省、非法、冲突状态采取保守分支；已经重试一次的结果不能再次触发检测器。检测器必须设置 finish_after_tool=false；迁移顾问使用当前图片和视觉探针并设置 finish_after_tool=true。,True,examples/images/planner_retry_optimizer_matched_v12/caramel_cross_diverter.png,"[{""action"": ""rexomni_detection"", ""arg_contains"": {""label"": [""焦糖十字分流块""]}, ""decision_type"": ""tool"", ""required_args"": {""finish_after_tool"": false}}, {""action"": ""rexomni_detection"", ""arg_contains"": {""label"": [""焦糖十字分流块""]}, ""decision_type"": ""tool"", ""required_args"": {""finish_after_tool"": false}}, {""action"": ""migration_advisor"", ""arg_contains"": {""user_query"": [""非晶合金铸造炉稳定状态会签6874号""]}, ""decision_type"": ""tool"", ""required_args"": {""finish_after_tool"": true, ""use_image"": true, ""use_visual_probe"": true}}]","[""rag_answer"", ""re_question"", ""answerer"", ""flux-image-generation"", ""qwen_detection"", ""pipeline_eval""]","{""action_match"": 0.65, ""argument_match"": 0.1, ""decision_type_valid"": 0.03, ""final_tool_finish"": 0.1, ""finish_after_tool"": 0.1, ""json_valid"": 0.02, ""no_forbidden_action"": 0.1, ""no_premature_stop"": 0.1, ""no_repeated_tool"": 0.1, ""no_skip_required_probe"": 0.1, ""strict_action_match"": true, ""strict_argument_types"": true, ""wrong_action_cap"": 0.2}",False,0.734375,"[""rexomni_detection"", ""rexomni_detection"", ""rexomni_detection""]",rexomni_detection,"[{""_planner_metrics"": {""api_call_ms"": 7046.645, ""first_api_call_ms"": 7046.645, ""first_finish_reason"": ""stop"", ""first_input_tokens"": 4025, ""first_output_tokens"": 49, ""first_total_tokens"": 4074, ""input_tokens"": 4025, ""output_tokens"": 49, ""parse_ms"": 0.151, ""planner_total_ms"": 7059.945, ""prompt_build_ms"": 0.454, ""retry_count"": 0, ""retry_reason"": """", ""total_tokens"": 4074}, ""action"": ""rexomni_detection"", ""action_input"": {""finish_after_tool"": false, ""label"": ""焦糖十字分流块""}, ""clarification_question"": """", ""decision_type"": ""tool"", ""end_reason"": """", ""final_answer"": """", ""thought"": ""先执行用户指定的检测器以取得当前结构化状态。""}, {""_planner_metrics"": {""api_call_ms"": 7524.888, ""first_api_call_ms"": 7524.888, ""first_finish_reason"": ""stop"", ""first_input_tokens"": 4328, ""first_output_tokens"": 52, ""first_total_tokens"": 4380, ""input_tokens"": 4328, ""output_tokens"": 52, ""parse_ms"": 0.178, ""planner_total_ms"": 7539.083, ""prompt_build_ms"": 0.464, ""retry_count"": 0, ""retry_reason"": """", ""total_tokens"": 4380}, ""action"": ""rexomni_detection"", ""action_input"": {""finish_after_tool"": false, ""label"": ""焦糖十字分流块""}, ""clarification_question"": """", ""decision_type"": ""tool"", ""end_reason"": """", ""final_answer"": """", ""thought"": ""最新状态满足错误状态重试条件，需要再次使用同一检测器。""}, {""_planner_metrics"": {""api_call_ms"": 7657.73, ""first_api_call_ms"": 7657.73, ""first_finish_reason"": ""stop"", ""first_input_tokens"": 4626, ""first_output_tokens"": 52, ""first_total_tokens"": 4678, ""input_tokens"": 4626, ""output_tokens"": 52, ""parse_ms"": 0.134, ""planner_total_ms"": 7673.839, ""prompt_build_ms"": 0.495, ""retry_count"": 0, ""retry_reason"": """", ""total_tokens"": 4678}, ""action"": ""rexomni_detection"", ""action_input"": {""finish_after_tool"": false, ""label"": ""焦糖十字分流块""}, ""clarification_question"": """", ""decision_type"": ""tool"", ""end_reason"": """", ""final_answer"": """", ""thought"": ""最新状态满足错误状态重试条件，需要再次使用同一检测器。""}]","step3:action expected 'migration_advisor', got 'rexomni_detection' | step3:finish_after_tool expected True, got False | step3:arg 'use_image' expected True, got None | step3:arg 'use_visual_probe' expected True, got None | step3:arg 'user_query' expected to contain ['非晶合金铸造炉稳定状态会签6874号'], got None",7059.945,7046.645,4025,49,0,1,False,True
PROMV12-TA-009-QWEN-PE3,post_retry_error_step3,设备失联只是背景，仍须核对当前显式额度：先使用Qwen检测附件中的焦糖十字分流块，检测结果仅作为中间状态。最终需要判断火星车悬架试验间稳定状态会签3100号应继续现有能力、结束，还是进入迁移评估。自然语言里的故障等级和预算描述没有路由优先级，只读取本 query 最新 observation 的结构化键值。错误状态仅在 retryable=true 与 retry_count=0 同时成立时复用原检测器一次，否则调用迁移顾问。正常状态需要候选数、置信度、跨提示一致性和域偏移四个门槛全部通过才结束，任一否决项都转迁移。缺省、非法、冲突状态采取保守分支；已经重试一次的结果不能再次触发检测器。检测器必须设置 finish_after_tool=false；迁移顾问使用当前图片和视觉探针并设置 finish_after_tool=true。,True,examples/images/planner_retry_optimizer_matched_v12/caramel_cross_diverter.png,"[{""action"": ""qwen_detection"", ""arg_contains"": {""label"": [""焦糖十字分流块""]}, ""decision_type"": ""tool"", ""required_args"": {""finish_after_tool"": false}}, {""action"": ""qwen_detection"", ""arg_contains"": {""label"": [""焦糖十字分流块""]}, ""decision_type"": ""tool"", ""required_args"": {""finish_after_tool"": false}}, {""action"": ""migration_advisor"", ""arg_contains"": {""user_query"": [""火星车悬架试验间稳定状态会签3100号""]}, ""decision_type"": ""tool"", ""required_args"": {""finish_after_tool"": true, ""use_image"": true, ""use_visual_probe"": true}}]","[""rag_answer"", ""re_question"", ""answerer"", ""flux-image-generation"", ""rexomni_detection"", ""pipeline_eval""]","{""action_match"": 0.65, ""argument_match"": 0.1, ""decision_type_valid"": 0.03, ""final_tool_finish"": 0.1, ""finish_after_tool"": 0.1, ""json_valid"": 0.02, ""no_forbidden_action"": 0.1, ""no_premature_stop"": 0.1, ""no_repeated_tool"": 0.1, ""no_skip_required_probe"": 0.1, ""strict_action_match"": true, ""strict_argument_types"": true, ""wrong_action_cap"": 0.2}",False,0.734375,"[""qwen_detection"", ""qwen_detection"", ""qwen_detection""]",qwen_detection,"[{""_planner_metrics"": {""api_call_ms"": 6904.685, ""first_api_call_ms"": 6904.685, ""first_finish_reason"": ""stop"", ""first_input_tokens"": 4023, ""first_output_tokens"": 48, ""first_total_tokens"": 4071, ""input_tokens"": 4023, ""output_tokens"": 48, ""parse_ms"": 0.156, ""planner_total_ms"": 6918.283, ""prompt_build_ms"": 0.455, ""retry_count"": 0, ""retry_reason"": """", ""total_tokens"": 4071}, ""action"": ""qwen_detection"", ""action_input"": {""finish_after_tool"": false, ""label"": ""焦糖十字分流块""}, ""clarification_question"": """", ""decision_type"": ""tool"", ""end_reason"": """", ""final_answer"": """", ""thought"": ""先执行用户指定的检测器以取得当前结构化状态。""}, {""_planner_metrics"": {""api_call_ms"": 7188.272, ""first_api_call_ms"": 7188.272, ""first_finish_reason"": ""stop"", ""first_input_tokens"": 4331, ""first_output_tokens"": 49, ""first_total_tokens"": 4380, ""input_tokens"": 4331, ""output_tokens"": 49, ""parse_ms"": 0.191, ""planner_total_ms"": 7204.316, ""prompt_build_ms"": 0.492, ""retry_count"": 0, ""retry_reason"": """", ""total_tokens"": 4380}, ""action"": ""qwen_detection"", ""action_input"": {""finish_after_tool"": false, ""label"": ""焦糖十字分流块""}, ""clarification_question"": """", ""decision_type"": ""tool"", ""end_reason"": """", ""final_answer"": """", ""thought"": ""最新状态满足错误重试条件，需要复用同一检测器。""}, {""_planner_metrics"": {""api_call_ms"": 7307.068, ""first_api_call_ms"": 7307.068, ""first_finish_reason"": ""stop"", ""first_input_tokens"": 4635, ""first_output_tokens"": 49, ""first_total_tokens"": 4684, ""input_tokens"": 4635, ""output_tokens"": 49, ""parse_ms"": 0.168, ""planner_total_ms"": 7322.718, ""prompt_build_ms"": 0.609, ""retry_count"": 0, ""retry_reason"": """", ""total_tokens"": 4684}, ""action"": ""qwen_detection"", ""action_input"": {""finish_after_tool"": false, ""label"": ""焦糖十字分流块""}, ""clarification_question"": """", ""decision_type"": ""tool"", ""end_reason"": """", ""final_answer"": """", ""thought"": ""最新状态满足错误重试条件，需要复用同一检测器。""}]","step3:action expected 'migration_advisor', got 'qwen_detection' | step3:finish_after_tool expected True, got False | step3:arg 'use_image' expected True, got None | step3:arg 'use_visual_probe' expected True, got None | step3:arg 'user_query' expected to contain ['火星车悬架试验间稳定状态会签3100号'], got None",6918.283,6904.685,4023,48,0,1,False,True
PROMV12-TA-007-QWEN-CF2,conflicting_state_step2,旧故障结论不得覆盖最后一条结构化回执：先使用Qwen检测附件中的焦糖十字分流块，检测结果仅作为中间状态。最终需要判断类器官灌流培养台稳定状态会签3047号应继续现有能力、结束，还是进入迁移评估。自然语言里的故障等级和预算描述没有路由优先级，只读取本 query 最新 observation 的结构化键值。错误状态仅在 retryable=true 与 retry_count=0 同时成立时复用原检测器一次，否则调用迁移顾问。正常状态需要候选数、置信度、跨提示一致性和域偏移四个门槛全部通过才结束，任一否决项都转迁移。缺省、非法、冲突状态采取保守分支；已经重试一次的结果不能再次触发检测器。检测器必须设置 finish_after_tool=false；迁移顾问使用当前图片和视觉探针并设置 finish_after_tool=true。,True,examples/images/planner_retry_optimizer_matched_v12/caramel_cross_diverter.png,"[{""action"": ""qwen_detection"", ""arg_contains"": {""label"": [""焦糖十字分流块""]}, ""decision_type"": ""tool"", ""required_args"": {""finish_after_tool"": false}}, {""action"": ""migration_advisor"", ""arg_contains"": {""user_query"": [""类器官灌流培养台稳定状态会签3047号""]}, ""decision_type"": ""tool"", ""required_args"": {""finish_after_tool"": true, ""use_image"": true, ""use_visual_probe"": true}}]","[""rag_answer"", ""re_question"", ""answerer"", ""flux-image-generation"", ""rexomni_detection"", ""pipeline_eval""]","{""action_match"": 0.65, ""argument_match"": 0.1, ""decision_type_valid"": 0.03, ""final_tool_finish"": 0.1, ""finish_after_tool"": 0.1, ""json_valid"": 0.02, ""no_forbidden_action"": 0.1, ""no_premature_stop"": 0.1, ""no_repeated_tool"": 0.1, ""no_skip_required_probe"": 0.1, ""strict_action_match"": true, ""strict_argument_types"": true, ""wrong_action_cap"": 0.2}",True,1.0,"[""qwen_detection"", ""migration_advisor""]",qwen_detection,"[{""_planner_metrics"": {""api_call_ms"": 6874.408, ""first_api_call_ms"": 6874.408, ""first_finish_reason"": ""stop"", ""first_input_tokens"": 4019, ""first_output_tokens"": 48, ""first_total_tokens"": 4067, ""input_tokens"": 4019, ""output_tokens"": 48, ""parse_ms"": 0.141, ""planner_total_ms"": 6890.425, ""prompt_build_ms"": 0.463, ""retry_count"": 0, ""retry_reason"": """", ""total_tokens"": 4067}, ""action"": ""qwen_detection"", ""action_input"": {""finish_after_tool"": false, ""label"": ""焦糖十字分流块""}, ""clarification_question"": """", ""decision_type"": ""tool"", ""end_reason"": """", ""final_answer"": """", ""thought"": ""先执行用户指定的检测器以取得当前结构化状态。""}, {""_planner_metrics"": {""api_call_ms"": 10027.446, ""first_api_call_ms"": 10027.446, ""first_finish_reason"": ""stop"", ""first_input_tokens"": 4315, ""first_output_tokens"": 74, ""first_total_tokens"": 4389, ""input_tokens"": 4315, ""output_tokens"": 74, ""parse_ms"": 0.14, ""planner_total_ms"": 10041.887, ""prompt_build_ms"": 0.505, ""retry_count"": 0, ""retry_reason"": """", ""total_tokens"": 4389}, ""action"": ""migration_advisor"", ""action_input"": {""finish_after_tool"": true, ""use_image"": true, ""use_visual_probe"": true, ""user_query"": ""类器官灌流培养台稳定状态会签3047号""}, ""clarification_question"": """", ""decision_type"": ""tool"", ""end_reason"": """", ""final_answer"": """", ""thought"": ""最新状态未满足结束或迁移条件，需要继续按规则推进。""}]",,6890.425,6874.408,4019,48,1,1,True,False
PROMV12-TA-008-QWEN-NR2,nonretryable_step2,完成本轮异常探针的最终路由：先使用Qwen检测附件中的焦糖十字分流块，检测结果仅作为中间状态。最终需要判断非晶合金铸造炉异常路径终验9752号应继续现有能力、结束，还是进入迁移评估。自然语言里的故障等级和预算描述没有路由优先级，只读取本 query 最新 observation 的结构化键值。错误状态仅在 retryable=true 与 retry_count=0 同时成立时复用原检测器一次，否则调用迁移顾问。正常状态需要候选数、置信度、跨提示一致性和域偏移四个门槛全部通过才结束，任一否决项都转迁移。缺省、非法、冲突状态采取保守分支；已经重试一次的结果不能再次触发检测器。检测器必须设置 finish_after_tool=false；迁移顾问使用当前图片和视觉探针并设置 finish_after_tool=true。,True,examples/images/planner_retry_optimizer_matched_v12/caramel_cross_diverter.png,"[{""action"": ""qwen_detection"", ""arg_contains"": {""label"": [""焦糖十字分流块""]}, ""decision_type"": ""tool"", ""required_args"": {""finish_after_tool"": false}}, {""action"": ""migration_advisor"", ""arg_contains"": {""user_query"": [""非晶合金铸造炉异常路径终验9752号""]}, ""decision_type"": ""tool"", ""required_args"": {""finish_after_tool"": true, ""use_image"": true, ""use_visual_probe"": true}}]","[""rag_answer"", ""re_question"", ""answerer"", ""flux-image-generation"", ""rexomni_detection"", ""pipeline_eval""]","{""action_match"": 0.65, ""argument_match"": 0.1, ""decision_type_valid"": 0.03, ""final_tool_finish"": 0.1, ""finish_after_tool"": 0.1, ""json_valid"": 0.02, ""no_forbidden_action"": 0.1, ""no_premature_stop"": 0.1, ""no_repeated_tool"": 0.1, ""no_skip_required_probe"": 0.1, ""strict_action_match"": true, ""strict_argument_types"": true, ""wrong_action_cap"": 0.2}",False,0.586957,"[""qwen_detection"", ""qwen_detection""]",qwen_detection,"[{""_planner_metrics"": {""api_call_ms"": 6899.025, ""first_api_call_ms"": 6899.025, ""first_finish_reason"": ""stop"", ""first_input_tokens"": 4011, ""first_output_tokens"": 48, ""first_total_tokens"": 4059, ""input_tokens"": 4011, ""output_tokens"": 48, ""parse_ms"": 0.14, ""planner_total_ms"": 6913.463, ""prompt_build_ms"": 0.406, ""retry_count"": 0, ""retry_reason"": """", ""total_tokens"": 4059}, ""action"": ""qwen_detection"", ""action_input"": {""finish_after_tool"": false, ""label"": ""焦糖十字分流块""}, ""clarification_question"": """", ""decision_type"": ""tool"", ""end_reason"": """", ""final_answer"": """", ""thought"": ""先执行用户指定的检测器以取得当前结构化状态。""}, {""_planner_metrics"": {""api_call_ms"": 6986.295, ""first_api_call_ms"": 6986.295, ""first_finish_reason"": ""stop"", ""first_input_tokens"": 4321, ""first_output_tokens"": 48, ""first_total_tokens"": 4369, ""input_tokens"": 4321, ""output_tokens"": 48, ""parse_ms"": 0.142, ""planner_total_ms"": 7001.134, ""prompt_build_ms"": 0.486, ""retry_count"": 0, ""retry_reason"": """", ""total_tokens"": 4369}, ""action"": ""qwen_detection"", ""action_input"": {""finish_after_tool"": false, ""label"": ""焦糖十字分流块""}, ""clarification_question"": """", ""decision_type"": ""tool"", ""end_reason"": """", ""final_answer"": """", ""thought"": ""先执行用户指定的检测器以取得当前结构化状态。""}]","step2:action expected 'migration_advisor', got 'qwen_detection' | step2:finish_after_tool expected True, got False | step2:arg 'use_image' expected True, got None | step2:arg 'use_visual_probe' expected True, got None | step2:arg 'user_query' expected to contain ['非晶合金铸造炉异常路径终验9752号'], got None",6913.463,6899.025,4011,48,0,1,False,True
PROMV12-TA-001-QWEN-PE3,post_retry_error_step3,旧故障结论不得覆盖最后一条结构化回执：先使用Qwen检测附件中的冰青三辐锁紧轮，检测结果仅作为中间状态。最终需要判断火星车悬架试验间异常路径终验7873号应继续现有能力、结束，还是进入迁移评估。自然语言里的故障等级和预算描述没有路由优先级，只读取本 query 最新 observation 的结构化键值。错误状态仅在 retryable=true 与 retry_count=0 同时成立时复用原检测器一次，否则调用迁移顾问。正常状态需要候选数、置信度、跨提示一致性和域偏移四个门槛全部通过才结束，任一否决项都转迁移。缺省、非法、冲突状态采取保守分支；已经重试一次的结果不能再次触发检测器。检测器必须设置 finish_after_tool=false；迁移顾问使用当前图片和视觉探针并设置 finish_after_tool=true。,True,examples/images/planner_retry_optimizer_matched_v12/icecyan_three_spoke_lockwheel.png,"[{""action"": ""qwen_detection"", ""arg_contains"": {""label"": [""冰青三辐锁紧轮""]}, ""decision_type"": ""tool"", ""required_args"": {""finish_after_tool"": false}}, {""action"": ""qwen_detection"", ""arg_contains"": {""label"": [""冰青三辐锁紧轮""]}, ""decision_type"": ""tool"", ""required_args"": {""finish_after_tool"": false}}, {""action"": ""migration_advisor"", ""arg_contains"": {""user_query"": [""火星车悬架试验间异常路径终验7873号""]}, ""decision_type"": ""tool"", ""required_args"": {""finish_after_tool"": true, ""use_image"": true, ""use_visual_probe"": true}}]","[""rag_answer"", ""re_question"", ""answerer"", ""flux-image-generation"", ""rexomni_detection"", ""pipeline_eval""]","{""action_match"": 0.65, ""argument_match"": 0.1, ""decision_type_valid"": 0.03, ""final_tool_finish"": 0.1, ""finish_after_tool"": 0.1, ""json_valid"": 0.02, ""no_forbidden_action"": 0.1, ""no_premature_stop"": 0.1, ""no_repeated_tool"": 0.1, ""no_skip_required_probe"": 0.1, ""strict_action_match"": true, ""strict_argument_types"": true, ""wrong_action_cap"": 0.2}",False,0.734375,"[""qwen_detection"", ""qwen_detection"", ""qwen_detection""]",qwen_detection,"[{""_planner_metrics"": {""api_call_ms"": 7271.581, ""first_api_call_ms"": 7271.581, ""first_finish_reason"": ""stop"", ""first_input_tokens"": 4024, ""first_output_tokens"": 51, ""first_total_tokens"": 4075, ""input_tokens"": 4024, ""output_tokens"": 51, ""parse_ms"": 0.137, ""planner_total_ms"": 7284.811, ""prompt_build_ms"": 0.47, ""retry_count"": 0, ""retry_reason"": """", ""total_tokens"": 4075}, ""action"": ""qwen_detection"", ""action_input"": {""finish_after_tool"": false, ""label"": ""冰青三辐锁紧轮""}, ""clarification_question"": """", ""decision_type"": ""tool"", ""end_reason"": """", ""final_answer"": """", ""thought"": ""先执行用户指定的检测器以取得当前结构化状态。""}, {""_planner_metrics"": {""api_call_ms"": 7710.657, ""first_api_call_ms"": 7710.657, ""first_finish_reason"": ""stop"", ""first_input_tokens"": 4333, ""first_output_tokens"": 54, ""first_total_tokens"": 4387, ""input_tokens"": 4333, ""output_tokens"": 54, ""parse_ms"": 0.156, ""planner_total_ms"": 7725.806, ""prompt_build_ms"": 0.459, ""retry_count"": 0, ""retry_reason"": """", ""total_tokens"": 4387}, ""action"": ""qwen_detection"", ""action_input"": {""finish_after_tool"": false, ""label"": ""冰青三辐锁紧轮""}, ""clarification_question"": """", ""decision_type"": ""tool"", ""end_reason"": """", ""final_answer"": """", ""thought"": ""最新状态未满足结束或迁移条件，需要继续按规则推进。""}, {""_planner_metrics"": {""api_call_ms"": 7870.412, ""first_api_call_ms"": 7870.412, ""first_finish_reason"": ""stop"", ""first_input_tokens"": 4640, ""first_output_tokens"": 54, ""first_total_tokens"": 4694, ""input_tokens"": 4640, ""output_tokens"": 54, ""parse_ms"": 0.152, ""planner_total_ms"": 7885.21, ""prompt_build_ms"": 0.516, ""retry_count"": 0, ""retry_reason"": """", ""total_tokens"": 4694}, ""action"": ""qwen_detection"", ""action_input"": {""finish_after_tool"": false, ""label"": ""冰青三辐锁紧轮""}, ""clarification_question"": """", ""decision_type"": ""tool"", ""end_reason"": """", ""final_answer"": """", ""thought"": ""最新状态未满足结束或迁移条件，需要继续按规则推进。""}]","step3:action expected 'migration_advisor', got 'qwen_detection' | step3:finish_after_tool expected True, got False | step3:arg 'use_image' expected True, got None | step3:arg 'use_visual_probe' expected True, got None | step3:arg 'user_query' expected to contain ['火星车悬架试验间异常路径终验7873号'], got None",7284.811,7271.581,4024,51,0,1,False,True
PROMV12-TB-009-QWEN-FR2,fresh_retry_step2,能力迁移已候场，先核验最新探针回执：先使用Qwen检测附件中的金橙五星复检片，检测结果仅作为中间状态。最终需要判断林区无人机补给舱探针恢复复议6446号应继续现有能力、结束，还是进入迁移评估。自然语言里的故障等级和预算描述没有路由优先级，只读取本 query 最新 observation 的结构化键值。错误状态仅在 retryable=true 与 retry_count=0 同时成立时复用原检测器一次，否则调用迁移顾问。正常状态需要候选数、置信度、跨提示一致性和域偏移四个门槛全部通过才结束，任一否决项都转迁移。缺省、非法、冲突状态采取保守分支；已经重试一次的结果不能再次触发检测器。检测器必须设置 finish_after_tool=false；迁移顾问使用当前图片和视觉探针并设置 finish_after_tool=true。,True,examples/images/planner_retry_optimizer_matched_v12/goldorange_five_star_recheck.png,"[{""action"": ""qwen_detection"", ""arg_contains"": {""label"": [""金橙五星复检片""]}, ""decision_type"": ""tool"", ""required_args"": {""finish_after_tool"": false}}, {""action"": ""qwen_detection"", ""arg_contains"": {""label"": [""金橙五星复检片""]}, ""decision_type"": ""tool"", ""required_args"": {""finish_after_tool"": false}}, {""arg_contains"": {}, ""decision_type"": ""end"", ""required_args"": {""end_reason"": ""memory_hit""}}]","[""rag_answer"", ""re_question"", ""answerer"", ""flux-image-generation"", ""rexomni_detection"", ""pipeline_eval"", ""migration_advisor""]","{""action_match"": 0.65, ""argument_match"": 0.1, ""decision_type_valid"": 0.03, ""final_tool_finish"": 0.1, ""finish_after_tool"": 0.1, ""json_valid"": 0.02, ""no_forbidden_action"": 0.1, ""no_premature_stop"": 0.1, ""no_repeated_tool"": 0.1, ""no_skip_required_probe"": 0.1, ""strict_action_match"": true, ""strict_argument_types"": true, ""wrong_action_cap"": 0.2}",False,0.428125,"[""qwen_detection"", ""migration_advisor"", ""migration_advisor""]",qwen_detection,"[{""_planner_metrics"": {""api_call_ms"": 7001.02, ""first_api_call_ms"": 7001.02, ""first_finish_reason"": ""stop"", ""first_input_tokens"": 4019, ""first_output_tokens"": 49, ""first_total_tokens"": 4068, ""input_tokens"": 4019, ""output_tokens"": 49, ""parse_ms"": 0.218, ""planner_total_ms"": 7015.858, ""prompt_build_ms"": 0.477, ""retry_count"": 0, ""retry_reason"": """", ""total_tokens"": 4068}, ""action"": ""qwen_detection"", ""action_input"": {""finish_after_tool"": false, ""label"": ""金橙五星复检片""}, ""clarification_question"": """", ""decision_type"": ""tool"", ""end_reason"": """", ""final_answer"": """", ""thought"": ""先执行用户指定的检测器以取得当前结构化状态。""}, {""_planner_metrics"": {""api_call_ms"": 9572.863, ""first_api_call_ms"": 9572.863, ""first_finish_reason"": ""stop"", ""first_input_tokens"": 4328, ""first_output_tokens"": 70, ""first_total_tokens"": 4398, ""input_tokens"": 4328, ""output_tokens"": 70, ""parse_ms"": 0.153, ""planner_total_ms"": 9588.668, ""prompt_build_ms"": 0.52, ""retry_count"": 0, ""retry_reason"": """", ""total_tokens"": 4398}, ""action"": ""migration_advisor"", ""action_input"": {""finish_after_tool"": true, ""use_image"": true, ""use_visual_probe"": true, ""user_query"": ""林区无人机补给舱探针恢复复议6446号""}, ""clarification_question"": """", ""decision_type"": ""tool"", ""end_reason"": """", ""final_answer"": """", ""thought"": ""最新状态未满足结束或重试条件，需要能力迁移评估。""}, {""_planner_metrics"": {""api_call_ms"": 9723.382, ""first_api_call_ms"": 9723.382, ""first_finish_reason"": ""stop"", ""first_input_tokens"": 4660, ""first_output_tokens"": 70, ""first_total_tokens"": 4730, ""input_tokens"": 4660, ""output_tokens"": 70, ""parse_ms"": 0.162, ""planner_total_ms"": 9740.978, ""prompt_build_ms"": 0.517, ""retry_count"": 0, ""retry_reason"": """", ""total_tokens"": 4730}, ""action"": ""migration_advisor"", ""action_input"": {""finish_after_tool"": true, ""use_image"": true, ""use_visual_probe"": true, ""user_query"": ""林区无人机补给舱探针恢复复议6446号""}, ""clarification_question"": """", ""decision_type"": ""tool"", ""end_reason"": """", ""final_answer"": """", ""thought"": ""最新状态未满足结束或重试条件，需要能力迁移评估。""}]","step2:action expected 'qwen_detection', got 'migration_advisor' | step2:finish_after_tool expected False, got True | step2:arg 'label' expected to contain ['金橙五星复检片'], got None | step3:decision_type expected 'end', got 'tool' | step3:action expected 'end', got 'migration_advisor' | step3:arg 'end_reason' expected 'memory_hit', got '' | forbidden:migration_advisor | forbidden:migration_advisor",7015.858,7001.02,4019,49,0,1,False,True
PROMV12-TB-002-REX-PV3,post_retry_metric_veto_step3,能力迁移已候场，先核验最新探针回执：先使用Rex-Omni检测附件中的金橙五星复检片，检测结果仅作为中间状态。最终需要判断甚低频射电阵列探针恢复复议3574号应继续现有能力、结束，还是进入迁移评估。自然语言里的故障等级和预算描述没有路由优先级，只读取本 query 最新 observation 的结构化键值。错误状态仅在 retryable=true 与 retry_count=0 同时成立时复用原检测器一次，否则调用迁移顾问。正常状态需要候选数、置信度、跨提示一致性和域偏移四个门槛全部通过才结束，任一否决项都转迁移。缺省、非法、冲突状态采取保守分支；已经重试一次的结果不能再次触发检测器。检测器必须设置 finish_after_tool=false；迁移顾问使用当前图片和视觉探针并设置 finish_after_tool=true。,True,examples/images/planner_retry_optimizer_matched_v12/goldorange_five_star_recheck.png,"[{""action"": ""rexomni_detection"", ""arg_contains"": {""label"": [""金橙五星复检片""]}, ""decision_type"": ""tool"", ""required_args"": {""finish_after_tool"": false}}, {""action"": ""rexomni_detection"", ""arg_contains"": {""label"": [""金橙五星复检片""]}, ""decision_type"": ""tool"", ""required_args"": {""finish_after_tool"": false}}, {""action"": ""migration_advisor"", ""arg_contains"": {""user_query"": [""甚低频射电阵列探针恢复复议3574号""]}, ""decision_type"": ""tool"", ""required_args"": {""finish_after_tool"": true, ""use_image"": true, ""use_visual_probe"": true}}]","[""rag_answer"", ""re_question"", ""answerer"", ""flux-image-generation"", ""qwen_detection"", ""pipeline_eval""]","{""action_match"": 0.65, ""argument_match"": 0.1, ""decision_type_valid"": 0.03, ""final_tool_finish"": 0.1, ""finish_after_tool"": 0.1, ""json_valid"": 0.02, ""no_forbidden_action"": 0.1, ""no_premature_stop"": 0.1, ""no_repeated_tool"": 0.1, ""no_skip_required_probe"": 0.1, ""strict_action_match"": true, ""strict_argument_types"": true, ""wrong_action_cap"": 0.2}",False,0.703125,"[""rexomni_detection"", ""migration_advisor"", ""migration_advisor""]",rexomni_detection,"[{""_planner_metrics"": {""api_call_ms"": 7081.949, ""first_api_call_ms"": 7081.949, ""first_finish_reason"": ""stop"", ""first_input_tokens"": 4027, ""first_output_tokens"": 50, ""first_total_tokens"": 4077, ""input_tokens"": 4027, ""output_tokens"": 50, ""parse_ms"": 0.15, ""planner_total_ms"": 7096.578, ""prompt_build_ms"": 0.447, ""retry_count"": 0, ""retry_reason"": """", ""total_tokens"": 4077}, ""action"": ""rexomni_detection"", ""action_input"": {""finish_after_tool"": false, ""label"": ""金橙五星复检片""}, ""clarification_question"": """", ""decision_type"": ""tool"", ""end_reason"": """", ""final_answer"": """", ""thought"": ""先执行用户指定的检测器以取得当前结构化状态。""}, {""_planner_metrics"": {""api_call_ms"": 9765.737, ""first_api_call_ms"": 9765.737, ""first_finish_reason"": ""stop"", ""first_input_tokens"": 4333, ""first_output_tokens"": 72, ""first_total_tokens"": 4405, ""input_tokens"": 4333, ""output_tokens"": 72, ""parse_ms"": 0.154, ""planner_total_ms"": 9780.275, ""prompt_build_ms"": 0.425, ""retry_count"": 0, ""retry_reason"": """", ""total_tokens"": 4405}, ""action"": ""migration_advisor"", ""action_input"": {""finish_after_tool"": true, ""use_image"": true, ""use_visual_probe"": true, ""user_query"": ""甚低频射电阵列探针恢复复议3574号""}, ""clarification_question"": """", ""decision_type"": ""tool"", ""end_reason"": """", ""final_answer"": """", ""thought"": ""最新状态未满足结束或重试条件，需要进入能力迁移评估。""}, {""_planner_metrics"": {""api_call_ms"": 9952.465, ""first_api_call_ms"": 9952.465, ""first_finish_reason"": ""stop"", ""first_input_tokens"": 4660, ""first_output_tokens"": 72, ""first_total_tokens"": 4732, ""input_tokens"": 4660, ""output_tokens"": 72, ""parse_ms"": 0.139, ""planner_total_ms"": 9968.192, ""prompt_build_ms"": 0.49, ""retry_count"": 0, ""retry_reason"": """", ""total_tokens"": 4732}, ""action"": ""migration_advisor"", ""action_input"": {""finish_after_tool"": true, ""use_image"": true, ""use_visual_probe"": true, ""user_query"": ""甚低频射电阵列探针恢复复议3574号""}, ""clarification_question"": """", ""decision_type"": ""tool"", ""end_reason"": """", ""final_answer"": """", ""thought"": ""最新状态未满足结束或重试条件，需要进入能力迁移评估。""}]","step2:action expected 'rexomni_detection', got 'migration_advisor' | step2:finish_after_tool expected False, got True | step2:arg 'label' expected to contain ['金橙五星复检片'], got None",7096.578,7081.949,4027,50,0,1,False,True
PROMV12-TB-001-QWEN-PE3,post_retry_error_step3,失联背景和当前预算并存时只使用显式字段：先使用Qwen检测附件中的金橙五星复检片，检测结果仅作为中间状态。最终需要判断碳化硅陶瓷烧结台异常额度会核2063号应继续现有能力、结束，还是进入迁移评估。自然语言里的故障等级和预算描述没有路由优先级，只读取本 query 最新 observation 的结构化键值。错误状态仅在 retryable=true 与 retry_count=0 同时成立时复用原检测器一次，否则调用迁移顾问。正常状态需要候选数、置信度、跨提示一致性和域偏移四个门槛全部通过才结束，任一否决项都转迁移。缺省、非法、冲突状态采取保守分支；已经重试一次的结果不能再次触发检测器。检测器必须设置 finish_after_tool=false；迁移顾问使用当前图片和视觉探针并设置 finish_after_tool=true。,True,examples/images/planner_retry_optimizer_matched_v12/goldorange_five_star_recheck.png,"[{""action"": ""qwen_detection"", ""arg_contains"": {""label"": [""金橙五星复检片""]}, ""decision_type"": ""tool"", ""required_args"": {""finish_after_tool"": false}}, {""action"": ""qwen_detection"", ""arg_contains"": {""label"": [""金橙五星复检片""]}, ""decision_type"": ""tool"", ""required_args"": {""finish_after_tool"": false}}, {""action"": ""migration_advisor"", ""arg_contains"": {""user_query"": [""碳化硅陶瓷烧结台异常额度会核2063号""]}, ""decision_type"": ""tool"", ""required_args"": {""finish_after_tool"": true, ""use_image"": true, ""use_visual_probe"": true}}]","[""rag_answer"", ""re_question"", ""answerer"", ""flux-image-generation"", ""rexomni_detection"", ""pipeline_eval""]","{""action_match"": 0.65, ""argument_match"": 0.1, ""decision_type_valid"": 0.03, ""final_tool_finish"": 0.1, ""finish_after_tool"": 0.1, ""json_valid"": 0.02, ""no_forbidden_action"": 0.1, ""no_premature_stop"": 0.1, ""no_repeated_tool"": 0.1, ""no_skip_required_probe"": 0.1, ""strict_action_match"": true, ""strict_argument_types"": true, ""wrong_action_cap"": 0.2}",False,0.703125,"[""qwen_detection"", ""migration_advisor"", ""migration_advisor""]",qwen_detection,"[{""_planner_metrics"": {""api_call_ms"": 7032.658, ""first_api_call_ms"": 7032.658, ""first_finish_reason"": ""stop"", ""first_input_tokens"": 4023, ""first_output_tokens"": 49, ""first_total_tokens"": 4072, ""input_tokens"": 4023, ""output_tokens"": 49, ""parse_ms"": 0.129, ""planner_total_ms"": 7046.552, ""prompt_build_ms"": 0.425, ""retry_count"": 0, ""retry_reason"": """", ""total_tokens"": 4072}, ""action"": ""qwen_detection"", ""action_input"": {""finish_after_tool"": false, ""label"": ""金橙五星复检片""}, ""clarification_question"": """", ""decision_type"": ""tool"", ""end_reason"": """", ""final_answer"": """", ""thought"": ""先执行用户指定的检测器以取得当前结构化状态。""}, {""_planner_metrics"": {""api_call_ms"": 9914.797, ""first_api_call_ms"": 9914.797, ""first_finish_reason"": ""stop"", ""first_input_tokens"": 4335, ""first_output_tokens"": 73, ""first_total_tokens"": 4408, ""input_tokens"": 4335, ""output_tokens"": 73, ""parse_ms"": 0.163, ""planner_total_ms"": 9929.177, ""prompt_build_ms"": 0.474, ""retry_count"": 0, ""retry_reason"": """", ""total_tokens"": 4408}, ""action"": ""migration_advisor"", ""action_input"": {""finish_after_tool"": true, ""use_image"": true, ""use_visual_probe"": true, ""user_query"": ""碳化硅陶瓷烧结台异常额度会核2063号""}, ""clarification_question"": """", ""decision_type"": ""tool"", ""end_reason"": """", ""final_answer"": """", ""thought"": ""最新状态未满足结束或重试条件，需要进入能力迁移评估。""}, {""_planner_metrics"": {""api_call_ms"": 10085.603, ""first_api_call_ms"": 10085.603, ""first_finish_reason"": ""stop"", ""first_input_tokens"": 4675, ""first_output_tokens"": 73, ""first_total_tokens"": 4748, ""input_tokens"": 4675, ""output_tokens"": 73, ""parse_ms"": 0.268, ""planner_total_ms"": 10102.29, ""prompt_build_ms"": 0.518, ""retry_count"": 0, ""retry_reason"": """", ""total_tokens"": 4748}, ""action"": ""migration_advisor"", ""action_input"": {""finish_after_tool"": true, ""use_image"": true, ""use_visual_probe"": true, ""user_query"": ""碳化硅陶瓷烧结台异常额度会核2063号""}, ""clarification_question"": """", ""decision_type"": ""tool"", ""end_reason"": """", ""final_answer"": """", ""thought"": ""最新状态未满足结束或重试条件，需要进入能力迁移评估。""}]","step2:action expected 'qwen_detection', got 'migration_advisor' | step2:finish_after_tool expected False, got True | step2:arg 'label' expected to contain ['金橙五星复检片'], got None",7046.552,7032.658,4023,49,0,1,False,True
PROMV12-TB-011-QWEN-CS2,current_success_step2,历史文字可能误导，本轮以后写入的 observation 为准：先使用Qwen检测附件中的金橙五星复检片，检测结果仅作为中间状态。最终需要判断甚低频射电阵列异常额度会核5850号应继续现有能力、结束，还是进入迁移评估。自然语言里的故障等级和预算描述没有路由优先级，只读取本 query 最新 observation 的结构化键值。错误状态仅在 retryable=true 与 retry_count=0 同时成立时复用原检测器一次，否则调用迁移顾问。正常状态需要候选数、置信度、跨提示一致性和域偏移四个门槛全部通过才结束，任一否决项都转迁移。缺省、非法、冲突状态采取保守分支；已经重试一次的结果不能再次触发检测器。检测器必须设置 finish_after_tool=false；迁移顾问使用当前图片和视觉探针并设置 finish_after_tool=true。,True,examples/images/planner_retry_optimizer_matched_v12/goldorange_five_star_recheck.png,"[{""action"": ""qwen_detection"", ""arg_contains"": {""label"": [""金橙五星复检片""]}, ""decision_type"": ""tool"", ""required_args"": {""finish_after_tool"": false}}, {""arg_contains"": {}, ""decision_type"": ""end"", ""required_args"": {""end_reason"": ""memory_hit""}}]","[""rag_answer"", ""re_question"", ""answerer"", ""flux-image-generation"", ""rexomni_detection"", ""pipeline_eval"", ""migration_advisor""]","{""action_match"": 0.65, ""argument_match"": 0.1, ""decision_type_valid"": 0.03, ""final_tool_finish"": 0.1, ""finish_after_tool"": 0.1, ""json_valid"": 0.02, ""no_forbidden_action"": 0.1, ""no_premature_stop"": 0.1, ""no_repeated_tool"": 0.1, ""no_skip_required_probe"": 0.1, ""strict_action_match"": true, ""strict_argument_types"": true, ""wrong_action_cap"": 0.2}",True,1.0,"[""qwen_detection"", ""final_answer""]",qwen_detection,"[{""_planner_metrics"": {""api_call_ms"": 7015.491, ""first_api_call_ms"": 7015.491, ""first_finish_reason"": ""stop"", ""first_input_tokens"": 4022, ""first_output_tokens"": 49, ""first_total_tokens"": 4071, ""input_tokens"": 4022, ""output_tokens"": 49, ""parse_ms"": 0.163, ""planner_total_ms"": 7030.774, ""prompt_build_ms"": 0.501, ""retry_count"": 0, ""retry_reason"": """", ""total_tokens"": 4071}, ""action"": ""qwen_detection"", ""action_input"": {""finish_after_tool"": false, ""label"": ""金橙五星复检片""}, ""clarification_question"": """", ""decision_type"": ""tool"", ""end_reason"": """", ""final_answer"": """", ""thought"": ""先执行用户指定的检测器以取得当前结构化状态。""}, {""_planner_metrics"": {""api_call_ms"": 5411.532, ""first_api_call_ms"": 5411.532, ""first_finish_reason"": ""stop"", ""first_input_tokens"": 4325, ""first_output_tokens"": 34, ""first_total_tokens"": 4359, ""input_tokens"": 4325, ""output_tokens"": 34, ""parse_ms"": 0.166, ""planner_total_ms"": 5428.555, ""prompt_build_ms"": 0.472, ""retry_count"": 0, ""retry_reason"": """", ""total_tokens"": 4359}, ""action"": ""final_answer"", ""action_input"": {}, ""clarification_question"": """", ""decision_type"": ""end"", ""end_reason"": ""memory_hit"", ""final_answer"": """", ""thought"": ""最新结构化状态已满足全部硬门槛，可以结束本轮规划。""}]",,7030.774,7015.491,4022,49,1,1,True,False
PROMV12-TB-007-QWEN-CS2,current_success_step2,失联背景和当前预算并存时只使用显式字段：先使用Qwen检测附件中的玄铜弧顶缓冲座，检测结果仅作为中间状态。最终需要判断碳化硅陶瓷烧结台探针恢复复议4867号应继续现有能力、结束，还是进入迁移评估。自然语言里的故障等级和预算描述没有路由优先级，只读取本 query 最新 observation 的结构化键值。错误状态仅在 retryable=true 与 retry_count=0 同时成立时复用原检测器一次，否则调用迁移顾问。正常状态需要候选数、置信度、跨提示一致性和域偏移四个门槛全部通过才结束，任一否决项都转迁移。缺省、非法、冲突状态采取保守分支；已经重试一次的结果不能再次触发检测器。检测器必须设置 finish_after_tool=false；迁移顾问使用当前图片和视觉探针并设置 finish_after_tool=true。,True,examples/images/planner_retry_optimizer_matched_v12/darkbronze_arch_buffer.png,"[{""action"": ""qwen_detection"", ""arg_contains"": {""label"": [""玄铜弧顶缓冲座""]}, ""decision_type"": ""tool"", ""required_args"": {""finish_after_tool"": false}}, {""arg_contains"": {}, ""decision_type"": ""end"", ""required_args"": {""end_reason"": ""memory_hit""}}]","[""rag_answer"", ""re_question"", ""answerer"", ""flux-image-generation"", ""rexomni_detection"", ""pipeline_eval"", ""migration_advisor""]","{""action_match"": 0.65, ""argument_match"": 0.1, ""decision_type_valid"": 0.03, ""final_tool_finish"": 0.1, ""finish_after_tool"": 0.1, ""json_valid"": 0.02, ""no_forbidden_action"": 0.1, ""no_premature_stop"": 0.1, ""no_repeated_tool"": 0.1, ""no_skip_required_probe"": 0.1, ""strict_action_match"": true, ""strict_argument_types"": true, ""wrong_action_cap"": 0.2}",True,1.0,"[""qwen_detection"", ""final_answer""]",qwen_detection,"[{""_planner_metrics"": {""api_call_ms"": 7073.014, ""first_api_call_ms"": 7073.014, ""first_finish_reason"": ""stop"", ""first_input_tokens"": 4019, ""first_output_tokens"": 50, ""first_total_tokens"": 4069, ""input_tokens"": 4019, ""output_tokens"": 50, ""parse_ms"": 0.132, ""planner_total_ms"": 7087.844, ""prompt_build_ms"": 0.488, ""retry_count"": 0, ""retry_reason"": """", ""total_tokens"": 4069}, ""action"": ""qwen_detection"", ""action_input"": {""finish_after_tool"": false, ""label"": ""玄铜弧顶缓冲座""}, ""clarification_question"": """", ""decision_type"": ""tool"", ""end_reason"": """", ""final_answer"": """", ""thought"": ""先执行用户指定的检测器以取得当前结构化状态。""}, {""_planner_metrics"": {""api_call_ms"": 5293.61, ""first_api_call_ms"": 5293.61, ""first_finish_reason"": ""stop"", ""first_input_tokens"": 4319, ""first_output_tokens"": 33, ""first_total_tokens"": 4352, ""input_tokens"": 4319, ""output_tokens"": 33, ""parse_ms"": 0.124, ""planner_total_ms"": 5308.561, ""prompt_build_ms"": 0.499, ""retry_count"": 0, ""retry_reason"": """", ""total_tokens"": 4352}, ""action"": ""final_answer"", ""action_input"": {}, ""clarification_question"": """", ""decision_type"": ""end"", ""end_reason"": ""memory_hit"", ""final_answer"": """", ""thought"": ""最新状态已满足全部硬门槛，可以结束本轮规划。""}]",,7087.844,7073.014,4019,50,1,1,True,False
PROMV12-TB-003-QWEN-CS2,current_success_step2,读取这次机器状态并选择唯一动作：先使用Qwen检测附件中的玄铜弧顶缓冲座，检测结果仅作为中间状态。最终需要判断林区无人机补给舱回执分支终签9158号应继续现有能力、结束，还是进入迁移评估。自然语言里的故障等级和预算描述没有路由优先级，只读取本 query 最新 observation 的结构化键值。错误状态仅在 retryable=true 与 retry_count=0 同时成立时复用原检测器一次，否则调用迁移顾问。正常状态需要候选数、置信度、跨提示一致性和域偏移四个门槛全部通过才结束，任一否决项都转迁移。缺省、非法、冲突状态采取保守分支；已经重试一次的结果不能再次触发检测器。检测器必须设置 finish_after_tool=false；迁移顾问使用当前图片和视觉探针并设置 finish_after_tool=true。,True,examples/images/planner_retry_optimizer_matched_v12/darkbronze_arch_buffer.png,"[{""action"": ""qwen_detection"", ""arg_contains"": {""label"": [""玄铜弧顶缓冲座""]}, ""decision_type"": ""tool"", ""required_args"": {""finish_after_tool"": false}}, {""arg_contains"": {}, ""decision_type"": ""end"", ""required_args"": {""end_reason"": ""memory_hit""}}]","[""rag_answer"", ""re_question"", ""answerer"", ""flux-image-generation"", ""rexomni_detection"", ""pipeline_eval"", ""migration_advisor""]","{""action_match"": 0.65, ""argument_match"": 0.1, ""decision_type_valid"": 0.03, ""final_tool_finish"": 0.1, ""finish_after_tool"": 0.1, ""json_valid"": 0.02, ""no_forbidden_action"": 0.1, ""no_premature_stop"": 0.1, ""no_repeated_tool"": 0.1, ""no_skip_required_probe"": 0.1, ""strict_action_match"": true, ""strict_argument_types"": true, ""wrong_action_cap"": 0.2}",True,1.0,"[""qwen_detection"", ""final_answer""]",qwen_detection,"[{""_planner_metrics"": {""api_call_ms"": 7133.547, ""first_api_call_ms"": 7133.547, ""first_finish_reason"": ""stop"", ""first_input_tokens"": 4013, ""first_output_tokens"": 50, ""first_total_tokens"": 4063, ""input_tokens"": 4013, ""output_tokens"": 50, ""parse_ms"": 0.148, ""planner_total_ms"": 7147.448, ""prompt_build_ms"": 0.405, ""retry_count"": 0, ""retry_reason"": """", ""total_tokens"": 4063}, ""action"": ""qwen_detection"", ""action_input"": {""finish_after_tool"": false, ""label"": ""玄铜弧顶缓冲座""}, ""clarification_question"": """", ""decision_type"": ""tool"", ""end_reason"": """", ""final_answer"": """", ""thought"": ""先执行用户指定的检测器以取得当前结构化状态。""}, {""_planner_metrics"": {""api_call_ms"": 5517.444, ""first_api_call_ms"": 5517.444, ""first_finish_reason"": ""stop"", ""first_input_tokens"": 4317, ""first_output_tokens"": 34, ""first_total_tokens"": 4351, ""input_tokens"": 4317, ""output_tokens"": 34, ""parse_ms"": 0.138, ""planner_total_ms"": 5532.227, ""prompt_build_ms"": 0.421, ""retry_count"": 0, ""retry_reason"": """", ""total_tokens"": 4351}, ""action"": ""final_answer"", ""action_input"": {}, ""clarification_question"": """", ""decision_type"": ""end"", ""end_reason"": ""memory_hit"", ""final_answer"": """", ""thought"": ""最新结构化状态已满足全部硬门槛，可以结束本轮规划。""}]",,7147.448,7133.547,4013,50,1,1,True,False
PROMV12-TB-008-QWEN-CF2,conflicting_state_step2,能力迁移已候场，先核验最新探针回执：先使用Qwen检测附件中的玄铜弧顶缓冲座，检测结果仅作为中间状态。最终需要判断流域梯级调度闸站探针恢复复议4894号应继续现有能力、结束，还是进入迁移评估。自然语言里的故障等级和预算描述没有路由优先级，只读取本 query 最新 observation 的结构化键值。错误状态仅在 retryable=true 与 retry_count=0 同时成立时复用原检测器一次，否则调用迁移顾问。正常状态需要候选数、置信度、跨提示一致性和域偏移四个门槛全部通过才结束，任一否决项都转迁移。缺省、非法、冲突状态采取保守分支；已经重试一次的结果不能再次触发检测器。检测器必须设置 finish_after_tool=false；迁移顾问使用当前图片和视觉探针并设置 finish_after_tool=true。,True,examples/images/planner_retry_optimizer_matched_v12/darkbronze_arch_buffer.png,"[{""action"": ""qwen_detection"", ""arg_contains"": {""label"": [""玄铜弧顶缓冲座""]}, ""decision_type"": ""tool"", ""required_args"": {""finish_after_tool"": false}}, {""action"": ""migration_advisor"", ""arg_contains"": {""user_query"": [""流域梯级调度闸站探针恢复复议4894号""]}, ""decision_type"": ""tool"", ""required_args"": {""finish_after_tool"": true, ""use_image"": true, ""use_visual_probe"": true}}]","[""rag_answer"", ""re_question"", ""answerer"", ""flux-image-generation"", ""rexomni_detection"", ""pipeline_eval""]","{""action_match"": 0.65, ""argument_match"": 0.1, ""decision_type_valid"": 0.03, ""final_tool_finish"": 0.1, ""finish_after_tool"": 0.1, ""json_valid"": 0.02, ""no_forbidden_action"": 0.1, ""no_premature_stop"": 0.1, ""no_repeated_tool"": 0.1, ""no_skip_required_probe"": 0.1, ""strict_action_match"": true, ""strict_argument_types"": true, ""wrong_action_cap"": 0.2}",True,1.0,"[""qwen_detection"", ""migration_advisor""]",qwen_detection,"[{""_planner_metrics"": {""api_call_ms"": 7824.422, ""first_api_call_ms"": 7824.422, ""first_finish_reason"": ""stop"", ""first_input_tokens"": 4024, ""first_output_tokens"": 55, ""first_total_tokens"": 4079, ""input_tokens"": 4024, ""output_tokens"": 55, ""parse_ms"": 0.16, ""planner_total_ms"": 7839.078, ""prompt_build_ms"": 0.474, ""retry_count"": 0, ""retry_reason"": """", ""total_tokens"": 4079}, ""action"": ""qwen_detection"", ""action_input"": {""finish_after_tool"": false, ""label"": ""玄铜弧顶缓冲座""}, ""clarification_question"": """", ""decision_type"": ""tool"", ""end_reason"": """", ""final_answer"": """", ""thought"": ""先使用用户指定的检测器对指定目标进行检测，以取得当前结构化状态。""}, {""_planner_metrics"": {""api_call_ms"": 10007.4, ""first_api_call_ms"": 10007.4, ""first_finish_reason"": ""stop"", ""first_input_tokens"": 4332, ""first_output_tokens"": 73, ""first_total_tokens"": 4405, ""input_tokens"": 4332, ""output_tokens"": 73, ""parse_ms"": 0.174, ""planner_total_ms"": 10023.18, ""prompt_build_ms"": 0.483, ""retry_count"": 0, ""retry_reason"": """", ""total_tokens"": 4405}, ""action"": ""migration_advisor"", ""action_input"": {""finish_after_tool"": true, ""use_image"": true, ""use_visual_probe"": true, ""user_query"": ""流域梯级调度闸站探针恢复复议4894号""}, ""clarification_question"": """", ""decision_type"": ""tool"", ""end_reason"": """", ""final_answer"": """", ""thought"": ""最新状态未满足结束或重试条件，需要进入能力迁移评估。""}]",,7839.078,7824.422,4024,55,1,1,True,False
PROMV12-TB-003-REX-NR2,nonretryable_step2,读取这次机器状态并选择唯一动作：先使用Rex-Omni检测附件中的玄铜弧顶缓冲座，检测结果仅作为中间状态。最终需要判断林区无人机补给舱回执分支终签9158号应继续现有能力、结束，还是进入迁移评估。自然语言里的故障等级和预算描述没有路由优先级，只读取本 query 最新 observation 的结构化键值。错误状态仅在 retryable=true 与 retry_count=0 同时成立时复用原检测器一次，否则调用迁移顾问。正常状态需要候选数、置信度、跨提示一致性和域偏移四个门槛全部通过才结束，任一否决项都转迁移。缺省、非法、冲突状态采取保守分支；已经重试一次的结果不能再次触发检测器。检测器必须设置 finish_after_tool=false；迁移顾问使用当前图片和视觉探针并设置 finish_after_tool=true。,True,examples/images/planner_retry_optimizer_matched_v12/darkbronze_arch_buffer.png,"[{""action"": ""rexomni_detection"", ""arg_contains"": {""label"": [""玄铜弧顶缓冲座""]}, ""decision_type"": ""tool"", ""required_args"": {""finish_after_tool"": false}}, {""action"": ""migration_advisor"", ""arg_contains"": {""user_query"": [""林区无人机补给舱回执分支终签9158号""]}, ""decision_type"": ""tool"", ""required_args"": {""finish_after_tool"": true, ""use_image"": true, ""use_visual_probe"": true}}]","[""rag_answer"", ""re_question"", ""answerer"", ""flux-image-generation"", ""qwen_detection"", ""pipeline_eval""]","{""action_match"": 0.65, ""argument_match"": 0.1, ""decision_type_valid"": 0.03, ""final_tool_finish"": 0.1, ""finish_after_tool"": 0.1, ""json_valid"": 0.02, ""no_forbidden_action"": 0.1, ""no_premature_stop"": 0.1, ""no_repeated_tool"": 0.1, ""no_skip_required_probe"": 0.1, ""strict_action_match"": true, ""strict_argument_types"": true, ""wrong_action_cap"": 0.2}",False,0.586957,"[""rexomni_detection"", ""rexomni_detection""]",rexomni_detection,"[{""_planner_metrics"": {""api_call_ms"": 7280.988, ""first_api_call_ms"": 7280.988, ""first_finish_reason"": ""stop"", ""first_input_tokens"": 4022, ""first_output_tokens"": 51, ""first_total_tokens"": 4073, ""input_tokens"": 4022, ""output_tokens"": 51, ""parse_ms"": 0.138, ""planner_total_ms"": 7294.619, ""prompt_build_ms"": 0.453, ""retry_count"": 0, ""retry_reason"": """", ""total_tokens"": 4073}, ""action"": ""rexomni_detection"", ""action_input"": {""finish_after_tool"": false, ""label"": ""玄铜弧顶缓冲座""}, ""clarification_question"": """", ""decision_type"": ""tool"", ""end_reason"": """", ""final_answer"": """", ""thought"": ""先执行用户指定的检测器以取得当前结构化状态。""}, {""_planner_metrics"": {""api_call_ms"": 8215.963, ""first_api_call_ms"": 8215.963, ""first_finish_reason"": ""stop"", ""first_input_tokens"": 4335, ""first_output_tokens"": 58, ""first_total_tokens"": 4393, ""input_tokens"": 4335, ""output_tokens"": 58, ""parse_ms"": 0.197, ""planner_total_ms"": 8231.037, ""prompt_build_ms"": 0.51, ""retry_count"": 0, ""retry_reason"": """", ""total_tokens"": 4393}, ""action"": ""rexomni_detection"", ""action_input"": {""finish_after_tool"": false, ""label"": ""玄铜弧顶缓冲座""}, ""clarification_question"": """", ""decision_type"": ""tool"", ""end_reason"": """", ""final_answer"": """", ""thought"": ""最新状态未满足结束、重试或迁移的明确条件，需要继续按规则推进。""}]","step2:action expected 'migration_advisor', got 'rexomni_detection' | step2:finish_after_tool expected True, got False | step2:arg 'use_image' expected True, got None | step2:arg 'use_visual_probe' expected True, got None | step2:arg 'user_query' expected to contain ['林区无人机补给舱回执分支终签9158号'], got None",7294.619,7280.988,4022,51,0,1,False,True
PROMV12-TB-001-REX-CS2,current_success_step2,失联背景和当前预算并存时只使用显式字段：先使用Rex-Omni检测附件中的金橙五星复检片，检测结果仅作为中间状态。最终需要判断碳化硅陶瓷烧结台异常额度会核2063号应继续现有能力、结束，还是进入迁移评估。自然语言里的故障等级和预算描述没有路由优先级，只读取本 query 最新 observation 的结构化键值。错误状态仅在 retryable=true 与 retry_count=0 同时成立时复用原检测器一次，否则调用迁移顾问。正常状态需要候选数、置信度、跨提示一致性和域偏移四个门槛全部通过才结束，任一否决项都转迁移。缺省、非法、冲突状态采取保守分支；已经重试一次的结果不能再次触发检测器。检测器必须设置 finish_after_tool=false；迁移顾问使用当前图片和视觉探针并设置 finish_after_tool=true。,True,examples/images/planner_retry_optimizer_matched_v12/goldorange_five_star_recheck.png,"[{""action"": ""rexomni_detection"", ""arg_contains"": {""label"": [""金橙五星复检片""]}, ""decision_type"": ""tool"", ""required_args"": {""finish_after_tool"": false}}, {""arg_contains"": {}, ""decision_type"": ""end"", ""required_args"": {""end_reason"": ""memory_hit""}}]","[""rag_answer"", ""re_question"", ""answerer"", ""flux-image-generation"", ""qwen_detection"", ""pipeline_eval"", ""migration_advisor""]","{""action_match"": 0.65, ""argument_match"": 0.1, ""decision_type_valid"": 0.03, ""final_tool_finish"": 0.1, ""finish_after_tool"": 0.1, ""json_valid"": 0.02, ""no_forbidden_action"": 0.1, ""no_premature_stop"": 0.1, ""no_repeated_tool"": 0.1, ""no_skip_required_probe"": 0.1, ""strict_action_match"": true, ""strict_argument_types"": true, ""wrong_action_cap"": 0.2}",True,1.0,"[""rexomni_detection"", ""final_answer""]",rexomni_detection,"[{""_planner_metrics"": {""api_call_ms"": 7107.661, ""first_api_call_ms"": 7107.661, ""first_finish_reason"": ""stop"", ""first_input_tokens"": 4026, ""first_output_tokens"": 50, ""first_total_tokens"": 4076, ""input_tokens"": 4026, ""output_tokens"": 50, ""parse_ms"": 0.164, ""planner_total_ms"": 7122.031, ""prompt_build_ms"": 0.513, ""retry_count"": 0, ""retry_reason"": """", ""total_tokens"": 4076}, ""action"": ""rexomni_detection"", ""action_input"": {""finish_after_tool"": false, ""label"": ""金橙五星复检片""}, ""clarification_question"": """", ""decision_type"": ""tool"", ""end_reason"": """", ""final_answer"": """", ""thought"": ""先执行用户指定的检测器以取得当前结构化状态。""}, {""_planner_metrics"": {""api_call_ms"": 5401.616, ""first_api_call_ms"": 5401.616, ""first_finish_reason"": ""stop"", ""first_input_tokens"": 4336, ""first_output_tokens"": 34, ""first_total_tokens"": 4370, ""input_tokens"": 4336, ""output_tokens"": 34, ""parse_ms"": 0.137, ""planner_total_ms"": 5418.538, ""prompt_build_ms"": 0.536, ""retry_count"": 0, ""retry_reason"": """", ""total_tokens"": 4370}, ""action"": ""final_answer"", ""action_input"": {}, ""clarification_question"": """", ""decision_type"": ""end"", ""end_reason"": ""memory_hit"", ""final_answer"": """", ""thought"": ""最新结构化状态已满足全部硬门槛，可以结束本轮规划。""}]",,7122.031,7107.661,4026,50,1,1,True,False
PROMV12-TB-003-REX-FR2,fresh_retry_step2,读取这次机器状态并选择唯一动作：先使用Rex-Omni检测附件中的玄铜弧顶缓冲座，检测结果仅作为中间状态。最终需要判断林区无人机补给舱回执分支终签9158号应继续现有能力、结束，还是进入迁移评估。自然语言里的故障等级和预算描述没有路由优先级，只读取本 query 最新 observation 的结构化键值。错误状态仅在 retryable=true 与 retry_count=0 同时成立时复用原检测器一次，否则调用迁移顾问。正常状态需要候选数、置信度、跨提示一致性和域偏移四个门槛全部通过才结束，任一否决项都转迁移。缺省、非法、冲突状态采取保守分支；已经重试一次的结果不能再次触发检测器。检测器必须设置 finish_after_tool=false；迁移顾问使用当前图片和视觉探针并设置 finish_after_tool=true。,True,examples/images/planner_retry_optimizer_matched_v12/darkbronze_arch_buffer.png,"[{""action"": ""rexomni_detection"", ""arg_contains"": {""label"": [""玄铜弧顶缓冲座""]}, ""decision_type"": ""tool"", ""required_args"": {""finish_after_tool"": false}}, {""action"": ""rexomni_detection"", ""arg_contains"": {""label"": [""玄铜弧顶缓冲座""]}, ""decision_type"": ""tool"", ""required_args"": {""finish_after_tool"": false}}, {""arg_contains"": {}, ""decision_type"": ""end"", ""required_args"": {""end_reason"": ""memory_hit""}}]","[""rag_answer"", ""re_question"", ""answerer"", ""flux-image-generation"", ""qwen_detection"", ""pipeline_eval"", ""migration_advisor""]","{""action_match"": 0.65, ""argument_match"": 0.1, ""decision_type_valid"": 0.03, ""final_tool_finish"": 0.1, ""finish_after_tool"": 0.1, ""json_valid"": 0.02, ""no_forbidden_action"": 0.1, ""no_premature_stop"": 0.1, ""no_repeated_tool"": 0.1, ""no_skip_required_probe"": 0.1, ""strict_action_match"": true, ""strict_argument_types"": true, ""wrong_action_cap"": 0.2}",False,0.725,"[""rexomni_detection"", ""rexomni_detection"", ""migration_advisor""]",rexomni_detection,"[{""_planner_metrics"": {""api_call_ms"": 7226.975, ""first_api_call_ms"": 7226.975, ""first_finish_reason"": ""stop"", ""first_input_tokens"": 4022, ""first_output_tokens"": 51, ""first_total_tokens"": 4073, ""input_tokens"": 4022, ""output_tokens"": 51, ""parse_ms"": 0.143, ""planner_total_ms"": 7241.118, ""prompt_build_ms"": 0.413, ""retry_count"": 0, ""retry_reason"": """", ""total_tokens"": 4073}, ""action"": ""rexomni_detection"", ""action_input"": {""finish_after_tool"": false, ""label"": ""玄铜弧顶缓冲座""}, ""clarification_question"": """", ""decision_type"": ""tool"", ""end_reason"": """", ""final_answer"": """", ""thought"": ""先执行用户指定的检测器以取得当前结构化状态。""}, {""_planner_metrics"": {""api_call_ms"": 7556.785, ""first_api_call_ms"": 7556.785, ""first_finish_reason"": ""stop"", ""first_input_tokens"": 4336, ""first_output_tokens"": 53, ""first_total_tokens"": 4389, ""input_tokens"": 4336, ""output_tokens"": 53, ""parse_ms"": 0.182, ""planner_total_ms"": 7572.631, ""prompt_build_ms"": 0.488, ""retry_count"": 0, ""retry_reason"": """", ""total_tokens"": 4389}, ""action"": ""rexomni_detection"", ""action_input"": {""finish_after_tool"": false, ""label"": ""玄铜弧顶缓冲座""}, ""clarification_question"": """", ""decision_type"": ""tool"", ""end_reason"": """", ""final_answer"": """", ""thought"": ""最新状态满足错误重试条件，需要再次使用同一检测器。""}, {""_planner_metrics"": {""api_call_ms"": 9969.102, ""first_api_call_ms"": 9969.102, ""first_finish_reason"": ""stop"", ""first_input_tokens"": 4644, ""first_output_tokens"": 72, ""first_total_tokens"": 4716, ""input_tokens"": 4644, ""output_tokens"": 72, ""parse_ms"": 0.141, ""planner_total_ms"": 9985.19, ""prompt_build_ms"": 0.494, ""retry_count"": 0, ""retry_reason"": """", ""total_tokens"": 4716}, ""action"": ""migration_advisor"", ""action_input"": {""finish_after_tool"": true, ""use_image"": true, ""use_visual_probe"": true, ""user_query"": ""林区无人机补给舱回执分支终签9158号""}, ""clarification_question"": """", ""decision_type"": ""tool"", ""end_reason"": """", ""final_answer"": """", ""thought"": ""最新状态未满足结束或迁移条件，需要继续按规则推进。""}]","step3:decision_type expected 'end', got 'tool' | step3:action expected 'end', got 'migration_advisor' | step3:arg 'end_reason' expected 'memory_hit', got '' | forbidden:migration_advisor",7241.118,7226.975,4022,51,0,1,False,True
PROMV12-TB-011-QWEN-BE2,budget_exhausted_step2,历史文字可能误导，本轮以后写入的 observation 为准：先使用Qwen检测附件中的金橙五星复检片，检测结果仅作为中间状态。最终需要判断甚低频射电阵列异常额度会核5850号应继续现有能力、结束，还是进入迁移评估。自然语言里的故障等级和预算描述没有路由优先级，只读取本 query 最新 observation 的结构化键值。错误状态仅在 retryable=true 与 retry_count=0 同时成立时复用原检测器一次，否则调用迁移顾问。正常状态需要候选数、置信度、跨提示一致性和域偏移四个门槛全部通过才结束，任一否决项都转迁移。缺省、非法、冲突状态采取保守分支；已经重试一次的结果不能再次触发检测器。检测器必须设置 finish_after_tool=false；迁移顾问使用当前图片和视觉探针并设置 finish_after_tool=true。,True,examples/images/planner_retry_optimizer_matched_v12/goldorange_five_star_recheck.png,"[{""action"": ""qwen_detection"", ""arg_contains"": {""label"": [""金橙五星复检片""]}, ""decision_type"": ""tool"", ""required_args"": {""finish_after_tool"": false}}, {""action"": ""migration_advisor"", ""arg_contains"": {""user_query"": [""甚低频射电阵列异常额度会核5850号""]}, ""decision_type"": ""tool"", ""required_args"": {""finish_after_tool"": true, ""use_image"": true, ""use_visual_probe"": true}}]","[""rag_answer"", ""re_question"", ""answerer"", ""flux-image-generation"", ""rexomni_detection"", ""pipeline_eval""]","{""action_match"": 0.65, ""argument_match"": 0.1, ""decision_type_valid"": 0.03, ""final_tool_finish"": 0.1, ""finish_after_tool"": 0.1, ""json_valid"": 0.02, ""no_forbidden_action"": 0.1, ""no_premature_stop"": 0.1, ""no_repeated_tool"": 0.1, ""no_skip_required_probe"": 0.1, ""strict_action_match"": true, ""strict_argument_types"": true, ""wrong_action_cap"": 0.2}",True,1.0,"[""qwen_detection"", ""migration_advisor""]",qwen_detection,"[{""_planner_metrics"": {""api_call_ms"": 7183.537, ""first_api_call_ms"": 7183.537, ""first_finish_reason"": ""stop"", ""first_input_tokens"": 4025, ""first_output_tokens"": 50, ""first_total_tokens"": 4075, ""input_tokens"": 4025, ""output_tokens"": 50, ""parse_ms"": 0.187, ""planner_total_ms"": 7197.8, ""prompt_build_ms"": 0.399, ""retry_count"": 0, ""retry_reason"": """", ""total_tokens"": 4075}, ""action"": ""qwen_detection"", ""action_input"": {""finish_after_tool"": false, ""label"": ""金橙五星复检片""}, ""clarification_question"": """", ""decision_type"": ""tool"", ""end_reason"": """", ""final_answer"": """", ""thought"": ""先使用用户指定的检测器对当前图片进行目标检测。""}, {""_planner_metrics"": {""api_call_ms"": 10288.77, ""first_api_call_ms"": 10288.77, ""first_finish_reason"": ""stop"", ""first_input_tokens"": 4337, ""first_output_tokens"": 73, ""first_total_tokens"": 4410, ""input_tokens"": 4337, ""output_tokens"": 73, ""parse_ms"": 0.153, ""planner_total_ms"": 10304.955, ""prompt_build_ms"": 0.517, ""retry_count"": 0, ""retry_reason"": """", ""total_tokens"": 4410}, ""action"": ""migration_advisor"", ""action_input"": {""finish_after_tool"": true, ""use_image"": true, ""use_visual_probe"": true, ""user_query"": ""甚低频射电阵列异常额度会核5850号""}, ""clarification_question"": """", ""decision_type"": ""tool"", ""end_reason"": """", ""final_answer"": """", ""thought"": ""最新状态未满足结束或重试条件，需要进入能力迁移评估。""}]",,7197.8,7183.537,4025,50,1,1,True,False
PROMV12-TB-003-QWEN-MS2,missing_required_state_step2,读取这次机器状态并选择唯一动作：先使用Qwen检测附件中的玄铜弧顶缓冲座，检测结果仅作为中间状态。最终需要判断林区无人机补给舱回执分支终签9158号应继续现有能力、结束，还是进入迁移评估。自然语言里的故障等级和预算描述没有路由优先级，只读取本 query 最新 observation 的结构化键值。错误状态仅在 retryable=true 与 retry_count=0 同时成立时复用原检测器一次，否则调用迁移顾问。正常状态需要候选数、置信度、跨提示一致性和域偏移四个门槛全部通过才结束，任一否决项都转迁移。缺省、非法、冲突状态采取保守分支；已经重试一次的结果不能再次触发检测器。检测器必须设置 finish_after_tool=false；迁移顾问使用当前图片和视觉探针并设置 finish_after_tool=true。,True,examples/images/planner_retry_optimizer_matched_v12/darkbronze_arch_buffer.png,"[{""action"": ""qwen_detection"", ""arg_contains"": {""label"": [""玄铜弧顶缓冲座""]}, ""decision_type"": ""tool"", ""required_args"": {""finish_after_tool"": false}}, {""action"": ""migration_advisor"", ""arg_contains"": {""user_query"": [""林区无人机补给舱回执分支终签9158号""]}, ""decision_type"": ""tool"", ""required_args"": {""finish_after_tool"": true, ""use_image"": true, ""use_visual_probe"": true}}]","[""rag_answer"", ""re_question"", ""answerer"", ""flux-image-generation"", ""rexomni_detection"", ""pipeline_eval""]","{""action_match"": 0.65, ""argument_match"": 0.1, ""decision_type_valid"": 0.03, ""final_tool_finish"": 0.1, ""finish_after_tool"": 0.1, ""json_valid"": 0.02, ""no_forbidden_action"": 0.1, ""no_premature_stop"": 0.1, ""no_repeated_tool"": 0.1, ""no_skip_required_probe"": 0.1, ""strict_action_match"": true, ""strict_argument_types"": true, ""wrong_action_cap"": 0.2}",False,0.586957,"[""qwen_detection"", ""qwen_detection""]",qwen_detection,"[{""_planner_metrics"": {""api_call_ms"": 7203.038, ""first_api_call_ms"": 7203.038, ""first_finish_reason"": ""stop"", ""first_input_tokens"": 4016, ""first_output_tokens"": 50, ""first_total_tokens"": 4066, ""input_tokens"": 4016, ""output_tokens"": 50, ""parse_ms"": 0.163, ""planner_total_ms"": 7217.35, ""prompt_build_ms"": 0.454, ""retry_count"": 0, ""retry_reason"": """", ""total_tokens"": 4066}, ""action"": ""qwen_detection"", ""action_input"": {""finish_after_tool"": false, ""label"": ""玄铜弧顶缓冲座""}, ""clarification_question"": """", ""decision_type"": ""tool"", ""end_reason"": """", ""final_answer"": """", ""thought"": ""先执行用户指定的检测器以取得当前结构化状态。""}, {""_planner_metrics"": {""api_call_ms"": 7643.888, ""first_api_call_ms"": 7643.888, ""first_finish_reason"": ""stop"", ""first_input_tokens"": 4325, ""first_output_tokens"": 53, ""first_total_tokens"": 4378, ""input_tokens"": 4325, ""output_tokens"": 53, ""parse_ms"": 0.193, ""planner_total_ms"": 7658.654, ""prompt_build_ms"": 0.533, ""retry_count"": 0, ""retry_reason"": """", ""total_tokens"": 4378}, ""action"": ""qwen_detection"", ""action_input"": {""finish_after_tool"": false, ""label"": ""玄铜弧顶缓冲座""}, ""clarification_question"": """", ""decision_type"": ""tool"", ""end_reason"": """", ""final_answer"": """", ""thought"": ""最新状态未满足结束或迁移条件，需要继续获取结构化信息。""}]","step2:action expected 'migration_advisor', got 'qwen_detection' | step2:finish_after_tool expected True, got False | step2:arg 'use_image' expected True, got None | step2:arg 'use_visual_probe' expected True, got None | step2:arg 'user_query' expected to contain ['林区无人机补给舱回执分支终签9158号'], got None",7217.35,7203.038,4016,50,0,1,False,True
PROMV12-TB-003-QWEN-PV3,post_retry_metric_veto_step3,读取这次机器状态并选择唯一动作：先使用Qwen检测附件中的玄铜弧顶缓冲座，检测结果仅作为中间状态。最终需要判断林区无人机补给舱回执分支终签9158号应继续现有能力、结束，还是进入迁移评估。自然语言里的故障等级和预算描述没有路由优先级，只读取本 query 最新 observation 的结构化键值。错误状态仅在 retryable=true 与 retry_count=0 同时成立时复用原检测器一次，否则调用迁移顾问。正常状态需要候选数、置信度、跨提示一致性和域偏移四个门槛全部通过才结束，任一否决项都转迁移。缺省、非法、冲突状态采取保守分支；已经重试一次的结果不能再次触发检测器。检测器必须设置 finish_after_tool=false；迁移顾问使用当前图片和视觉探针并设置 finish_after_tool=true。,True,examples/images/planner_retry_optimizer_matched_v12/darkbronze_arch_buffer.png,"[{""action"": ""qwen_detection"", ""arg_contains"": {""label"": [""玄铜弧顶缓冲座""]}, ""decision_type"": ""tool"", ""required_args"": {""finish_after_tool"": false}}, {""action"": ""qwen_detection"", ""arg_contains"": {""label"": [""玄铜弧顶缓冲座""]}, ""decision_type"": ""tool"", ""required_args"": {""finish_after_tool"": false}}, {""action"": ""migration_advisor"", ""arg_contains"": {""user_query"": [""林区无人机补给舱回执分支终签9158号""]}, ""decision_type"": ""tool"", ""required_args"": {""finish_after_tool"": true, ""use_image"": true, ""use_visual_probe"": true}}]","[""rag_answer"", ""re_question"", ""answerer"", ""flux-image-generation"", ""rexomni_detection"", ""pipeline_eval""]","{""action_match"": 0.65, ""argument_match"": 0.1, ""decision_type_valid"": 0.03, ""final_tool_finish"": 0.1, ""finish_after_tool"": 0.1, ""json_valid"": 0.02, ""no_forbidden_action"": 0.1, ""no_premature_stop"": 0.1, ""no_repeated_tool"": 0.1, ""no_skip_required_probe"": 0.1, ""strict_action_match"": true, ""strict_argument_types"": true, ""wrong_action_cap"": 0.2}",True,1.0,"[""qwen_detection"", ""qwen_detection"", ""migration_advisor""]",qwen_detection,"[{""_planner_metrics"": {""api_call_ms"": 7088.368, ""first_api_call_ms"": 7088.368, ""first_finish_reason"": ""stop"", ""first_input_tokens"": 4016, ""first_output_tokens"": 50, ""first_total_tokens"": 4066, ""input_tokens"": 4016, ""output_tokens"": 50, ""parse_ms"": 0.161, ""planner_total_ms"": 7102.174, ""prompt_build_ms"": 0.473, ""retry_count"": 0, ""retry_reason"": """", ""total_tokens"": 4066}, ""action"": ""qwen_detection"", ""action_input"": {""finish_after_tool"": false, ""label"": ""玄铜弧顶缓冲座""}, ""clarification_question"": """", ""decision_type"": ""tool"", ""end_reason"": """", ""final_answer"": """", ""thought"": ""先执行用户指定的检测器以取得当前结构化状态。""}, {""_planner_metrics"": {""api_call_ms"": 7512.655, ""first_api_call_ms"": 7512.655, ""first_finish_reason"": ""stop"", ""first_input_tokens"": 4325, ""first_output_tokens"": 52, ""first_total_tokens"": 4377, ""input_tokens"": 4325, ""output_tokens"": 52, ""parse_ms"": 0.16, ""planner_total_ms"": 7527.57, ""prompt_build_ms"": 0.515, ""retry_count"": 0, ""retry_reason"": """", ""total_tokens"": 4377}, ""action"": ""qwen_detection"", ""action_input"": {""finish_after_tool"": false, ""label"": ""玄铜弧顶缓冲座""}, ""clarification_question"": """", ""decision_type"": ""tool"", ""end_reason"": """", ""final_answer"": """", ""thought"": ""最新状态满足错误重试条件，需要再次使用同一检测器。""}, {""_planner_metrics"": {""api_call_ms"": 9920.204, ""first_api_call_ms"": 9920.204, ""first_finish_reason"": ""stop"", ""first_input_tokens"": 4629, ""first_output_tokens"": 72, ""first_total_tokens"": 4701, ""input_tokens"": 4629, ""output_tokens"": 72, ""parse_ms"": 0.198, ""planner_total_ms"": 9938.081, ""prompt_build_ms"": 0.528, ""retry_count"": 0, ""retry_reason"": """", ""total_tokens"": 4701}, ""action"": ""migration_advisor"", ""action_input"": {""finish_after_tool"": true, ""use_image"": true, ""use_visual_probe"": true, ""user_query"": ""林区无人机补给舱回执分支终签9158号""}, ""clarification_question"": """", ""decision_type"": ""tool"", ""end_reason"": """", ""final_answer"": """", ""thought"": ""最新状态未满足结束或迁移条件，需要继续按规则推进。""}]",,7102.174,7088.368,4016,50,1,1,True,False
PROMV12-TB-010-QWEN-BE2,budget_exhausted_step2,失联背景和当前预算并存时只使用显式字段：先使用Qwen检测附件中的玄铜弧顶缓冲座，检测结果仅作为中间状态。最终需要判断流域梯级调度闸站回执分支终签5437号应继续现有能力、结束，还是进入迁移评估。自然语言里的故障等级和预算描述没有路由优先级，只读取本 query 最新 observation 的结构化键值。错误状态仅在 retryable=true 与 retry_count=0 同时成立时复用原检测器一次，否则调用迁移顾问。正常状态需要候选数、置信度、跨提示一致性和域偏移四个门槛全部通过才结束，任一否决项都转迁移。缺省、非法、冲突状态采取保守分支；已经重试一次的结果不能再次触发检测器。检测器必须设置 finish_after_tool=false；迁移顾问使用当前图片和视觉探针并设置 finish_after_tool=true。,True,examples/images/planner_retry_optimizer_matched_v12/darkbronze_arch_buffer.png,"[{""action"": ""qwen_detection"", ""arg_contains"": {""label"": [""玄铜弧顶缓冲座""]}, ""decision_type"": ""tool"", ""required_args"": {""finish_after_tool"": false}}, {""action"": ""migration_advisor"", ""arg_contains"": {""user_query"": [""流域梯级调度闸站回执分支终签5437号""]}, ""decision_type"": ""tool"", ""required_args"": {""finish_after_tool"": true, ""use_image"": true, ""use_visual_probe"": true}}]","[""rag_answer"", ""re_question"", ""answerer"", ""flux-image-generation"", ""rexomni_detection"", ""pipeline_eval""]","{""action_match"": 0.65, ""argument_match"": 0.1, ""decision_type_valid"": 0.03, ""final_tool_finish"": 0.1, ""finish_after_tool"": 0.1, ""json_valid"": 0.02, ""no_forbidden_action"": 0.1, ""no_premature_stop"": 0.1, ""no_repeated_tool"": 0.1, ""no_skip_required_probe"": 0.1, ""strict_action_match"": true, ""strict_argument_types"": true, ""wrong_action_cap"": 0.2}",True,1.0,"[""qwen_detection"", ""migration_advisor""]",qwen_detection,"[{""_planner_metrics"": {""api_call_ms"": 7141.024, ""first_api_call_ms"": 7141.024, ""first_finish_reason"": ""stop"", ""first_input_tokens"": 4026, ""first_output_tokens"": 50, ""first_total_tokens"": 4076, ""input_tokens"": 4026, ""output_tokens"": 50, ""parse_ms"": 0.143, ""planner_total_ms"": 7155.957, ""prompt_build_ms"": 0.428, ""retry_count"": 0, ""retry_reason"": """", ""total_tokens"": 4076}, ""action"": ""qwen_detection"", ""action_input"": {""finish_after_tool"": false, ""label"": ""玄铜弧顶缓冲座""}, ""clarification_question"": """", ""decision_type"": ""tool"", ""end_reason"": """", ""final_answer"": """", ""thought"": ""先执行用户指定的检测器以取得当前结构化状态。""}, {""_planner_metrics"": {""api_call_ms"": 9972.103, ""first_api_call_ms"": 9972.103, ""first_finish_reason"": ""stop"", ""first_input_tokens"": 4338, ""first_output_tokens"": 74, ""first_total_tokens"": 4412, ""input_tokens"": 4338, ""output_tokens"": 74, ""parse_ms"": 0.178, ""planner_total_ms"": 9987.137, ""prompt_build_ms"": 0.469, ""retry_count"": 0, ""retry_reason"": """", ""total_tokens"": 4412}, ""action"": ""migration_advisor"", ""action_input"": {""finish_after_tool"": true, ""use_image"": true, ""use_visual_probe"": true, ""user_query"": ""流域梯级调度闸站回执分支终签5437号""}, ""clarification_question"": """", ""decision_type"": ""tool"", ""end_reason"": """", ""final_answer"": """", ""thought"": ""最新状态未满足结束或重试条件，需要进入能力迁移评估。""}]",,7155.957,7141.024,4026,50,1,1,True,False
PROMV12-TB-012-QWEN-CF2,conflicting_state_step2,读取这次机器状态并选择唯一动作：先使用Qwen检测附件中的金橙五星复检片，检测结果仅作为中间状态。最终需要判断甚低频射电阵列回执分支终签3879号应继续现有能力、结束，还是进入迁移评估。自然语言里的故障等级和预算描述没有路由优先级，只读取本 query 最新 observation 的结构化键值。错误状态仅在 retryable=true 与 retry_count=0 同时成立时复用原检测器一次，否则调用迁移顾问。正常状态需要候选数、置信度、跨提示一致性和域偏移四个门槛全部通过才结束，任一否决项都转迁移。缺省、非法、冲突状态采取保守分支；已经重试一次的结果不能再次触发检测器。检测器必须设置 finish_after_tool=false；迁移顾问使用当前图片和视觉探针并设置 finish_after_tool=true。,True,examples/images/planner_retry_optimizer_matched_v12/goldorange_five_star_recheck.png,"[{""action"": ""qwen_detection"", ""arg_contains"": {""label"": [""金橙五星复检片""]}, ""decision_type"": ""tool"", ""required_args"": {""finish_after_tool"": false}}, {""action"": ""migration_advisor"", ""arg_contains"": {""user_query"": [""甚低频射电阵列回执分支终签3879号""]}, ""decision_type"": ""tool"", ""required_args"": {""finish_after_tool"": true, ""use_image"": true, ""use_visual_probe"": true}}]","[""rag_answer"", ""re_question"", ""answerer"", ""flux-image-generation"", ""rexomni_detection"", ""pipeline_eval""]","{""action_match"": 0.65, ""argument_match"": 0.1, ""decision_type_valid"": 0.03, ""final_tool_finish"": 0.1, ""finish_after_tool"": 0.1, ""json_valid"": 0.02, ""no_forbidden_action"": 0.1, ""no_premature_stop"": 0.1, ""no_repeated_tool"": 0.1, ""no_skip_required_probe"": 0.1, ""strict_action_match"": true, ""strict_argument_types"": true, ""wrong_action_cap"": 0.2}",True,1.0,"[""qwen_detection"", ""migration_advisor""]",qwen_detection,"[{""_planner_metrics"": {""api_call_ms"": 7010.622, ""first_api_call_ms"": 7010.622, ""first_finish_reason"": ""stop"", ""first_input_tokens"": 4017, ""first_output_tokens"": 49, ""first_total_tokens"": 4066, ""input_tokens"": 4017, ""output_tokens"": 49, ""parse_ms"": 0.163, ""planner_total_ms"": 7024.132, ""prompt_build_ms"": 0.437, ""retry_count"": 0, ""retry_reason"": """", ""total_tokens"": 4066}, ""action"": ""qwen_detection"", ""action_input"": {""finish_after_tool"": false, ""label"": ""金橙五星复检片""}, ""clarification_question"": """", ""decision_type"": ""tool"", ""end_reason"": """", ""final_answer"": """", ""thought"": ""先执行用户指定的检测器以取得当前结构化状态。""}, {""_planner_metrics"": {""api_call_ms"": 9843.461, ""first_api_call_ms"": 9843.461, ""first_finish_reason"": ""stop"", ""first_input_tokens"": 4318, ""first_output_tokens"": 73, ""first_total_tokens"": 4391, ""input_tokens"": 4318, ""output_tokens"": 73, ""parse_ms"": 0.175, ""planner_total_ms"": 9858.324, ""prompt_build_ms"": 0.471, ""retry_count"": 0, ""retry_reason"": """", ""total_tokens"": 4391}, ""action"": ""migration_advisor"", ""action_input"": {""finish_after_tool"": true, ""use_image"": true, ""use_visual_probe"": true, ""user_query"": ""甚低频射电阵列回执分支终签3879号""}, ""clarification_question"": """", ""decision_type"": ""tool"", ""end_reason"": """", ""final_answer"": """", ""thought"": ""最新状态未满足结束或迁移条件，需要继续按规则推进。""}]",,7024.132,7010.622,4017,49,1,1,True,False
PROMV12-TB-012-QWEN-CS2,current_success_step2,读取这次机器状态并选择唯一动作：先使用Qwen检测附件中的金橙五星复检片，检测结果仅作为中间状态。最终需要判断甚低频射电阵列回执分支终签3879号应继续现有能力、结束，还是进入迁移评估。自然语言里的故障等级和预算描述没有路由优先级，只读取本 query 最新 observation 的结构化键值。错误状态仅在 retryable=true 与 retry_count=0 同时成立时复用原检测器一次，否则调用迁移顾问。正常状态需要候选数、置信度、跨提示一致性和域偏移四个门槛全部通过才结束，任一否决项都转迁移。缺省、非法、冲突状态采取保守分支；已经重试一次的结果不能再次触发检测器。检测器必须设置 finish_after_tool=false；迁移顾问使用当前图片和视觉探针并设置 finish_after_tool=true。,True,examples/images/planner_retry_optimizer_matched_v12/goldorange_five_star_recheck.png,"[{""action"": ""qwen_detection"", ""arg_contains"": {""label"": [""金橙五星复检片""]}, ""decision_type"": ""tool"", ""required_args"": {""finish_after_tool"": false}}, {""arg_contains"": {}, ""decision_type"": ""end"", ""required_args"": {""end_reason"": ""memory_hit""}}]","[""rag_answer"", ""re_question"", ""answerer"", ""flux-image-generation"", ""rexomni_detection"", ""pipeline_eval"", ""migration_advisor""]","{""action_match"": 0.65, ""argument_match"": 0.1, ""decision_type_valid"": 0.03, ""final_tool_finish"": 0.1, ""finish_after_tool"": 0.1, ""json_valid"": 0.02, ""no_forbidden_action"": 0.1, ""no_premature_stop"": 0.1, ""no_repeated_tool"": 0.1, ""no_skip_required_probe"": 0.1, ""strict_action_match"": true, ""strict_argument_types"": true, ""wrong_action_cap"": 0.2}",True,1.0,"[""qwen_detection"", ""final_answer""]",qwen_detection,"[{""_planner_metrics"": {""api_call_ms"": 7058.341, ""first_api_call_ms"": 7058.341, ""first_finish_reason"": ""stop"", ""first_input_tokens"": 4014, ""first_output_tokens"": 49, ""first_total_tokens"": 4063, ""input_tokens"": 4014, ""output_tokens"": 49, ""parse_ms"": 0.138, ""planner_total_ms"": 7072.193, ""prompt_build_ms"": 0.458, ""retry_count"": 0, ""retry_reason"": """", ""total_tokens"": 4063}, ""action"": ""qwen_detection"", ""action_input"": {""finish_after_tool"": false, ""label"": ""金橙五星复检片""}, ""clarification_question"": """", ""decision_type"": ""tool"", ""end_reason"": """", ""final_answer"": """", ""thought"": ""先执行用户指定的检测器以取得当前结构化状态。""}, {""_planner_metrics"": {""api_call_ms"": 5399.479, ""first_api_call_ms"": 5399.479, ""first_finish_reason"": ""stop"", ""first_input_tokens"": 4319, ""first_output_tokens"": 34, ""first_total_tokens"": 4353, ""input_tokens"": 4319, ""output_tokens"": 34, ""parse_ms"": 0.133, ""planner_total_ms"": 5414.299, ""prompt_build_ms"": 0.492, ""retry_count"": 0, ""retry_reason"": """", ""total_tokens"": 4353}, ""action"": ""final_answer"", ""action_input"": {}, ""clarification_question"": """", ""decision_type"": ""end"", ""end_reason"": ""memory_hit"", ""final_answer"": """", ""thought"": ""最新结构化状态已满足全部硬门槛，可以结束本轮规划。""}]",,7072.193,7058.341,4014,49,1,1,True,False
PROMV12-TB-011-QWEN-NR2,nonretryable_step2,历史文字可能误导，本轮以后写入的 observation 为准：先使用Qwen检测附件中的金橙五星复检片，检测结果仅作为中间状态。最终需要判断甚低频射电阵列异常额度会核5850号应继续现有能力、结束，还是进入迁移评估。自然语言里的故障等级和预算描述没有路由优先级，只读取本 query 最新 observation 的结构化键值。错误状态仅在 retryable=true 与 retry_count=0 同时成立时复用原检测器一次，否则调用迁移顾问。正常状态需要候选数、置信度、跨提示一致性和域偏移四个门槛全部通过才结束，任一否决项都转迁移。缺省、非法、冲突状态采取保守分支；已经重试一次的结果不能再次触发检测器。检测器必须设置 finish_after_tool=false；迁移顾问使用当前图片和视觉探针并设置 finish_after_tool=true。,True,examples/images/planner_retry_optimizer_matched_v12/goldorange_five_star_recheck.png,"[{""action"": ""qwen_detection"", ""arg_contains"": {""label"": [""金橙五星复检片""]}, ""decision_type"": ""tool"", ""required_args"": {""finish_after_tool"": false}}, {""action"": ""migration_advisor"", ""arg_contains"": {""user_query"": [""甚低频射电阵列异常额度会核5850号""]}, ""decision_type"": ""tool"", ""required_args"": {""finish_after_tool"": true, ""use_image"": true, ""use_visual_probe"": true}}]","[""rag_answer"", ""re_question"", ""answerer"", ""flux-image-generation"", ""rexomni_detection"", ""pipeline_eval""]","{""action_match"": 0.65, ""argument_match"": 0.1, ""decision_type_valid"": 0.03, ""final_tool_finish"": 0.1, ""finish_after_tool"": 0.1, ""json_valid"": 0.02, ""no_forbidden_action"": 0.1, ""no_premature_stop"": 0.1, ""no_repeated_tool"": 0.1, ""no_skip_required_probe"": 0.1, ""strict_action_match"": true, ""strict_argument_types"": true, ""wrong_action_cap"": 0.2}",True,1.0,"[""qwen_detection"", ""migration_advisor""]",qwen_detection,"[{""_planner_metrics"": {""api_call_ms"": 6965.625, ""first_api_call_ms"": 6965.625, ""first_finish_reason"": ""stop"", ""first_input_tokens"": 4025, ""first_output_tokens"": 49, ""first_total_tokens"": 4074, ""input_tokens"": 4025, ""output_tokens"": 49, ""parse_ms"": 0.249, ""planner_total_ms"": 6980.825, ""prompt_build_ms"": 0.465, ""retry_count"": 0, ""retry_reason"": """", ""total_tokens"": 4074}, ""action"": ""qwen_detection"", ""action_input"": {""finish_after_tool"": false, ""label"": ""金橙五星复检片""}, ""clarification_question"": """", ""decision_type"": ""tool"", ""end_reason"": """", ""final_answer"": """", ""thought"": ""先执行用户指定的检测器以取得当前结构化状态。""}, {""_planner_metrics"": {""api_call_ms"": 9856.32, ""first_api_call_ms"": 9856.32, ""first_finish_reason"": ""stop"", ""first_input_tokens"": 4335, ""first_output_tokens"": 73, ""first_total_tokens"": 4408, ""input_tokens"": 4335, ""output_tokens"": 73, ""parse_ms"": 0.168, ""planner_total_ms"": 9871.997, ""prompt_build_ms"": 0.564, ""retry_count"": 0, ""retry_reason"": """", ""total_tokens"": 4408}, ""action"": ""migration_advisor"", ""action_input"": {""finish_after_tool"": true, ""use_image"": true, ""use_visual_probe"": true, ""user_query"": ""甚低频射电阵列异常额度会核5850号""}, ""clarification_question"": """", ""decision_type"": ""tool"", ""end_reason"": """", ""final_answer"": """", ""thought"": ""最新状态未满足结束或重试条件，需要进入能力迁移评估。""}]",,6980.825,6965.625,4025,49,1,1,True,False
PROMV12-TB-012-REX-CS2,current_success_step2,读取这次机器状态并选择唯一动作：先使用Rex-Omni检测附件中的金橙五星复检片，检测结果仅作为中间状态。最终需要判断甚低频射电阵列回执分支终签3879号应继续现有能力、结束，还是进入迁移评估。自然语言里的故障等级和预算描述没有路由优先级，只读取本 query 最新 observation 的结构化键值。错误状态仅在 retryable=true 与 retry_count=0 同时成立时复用原检测器一次，否则调用迁移顾问。正常状态需要候选数、置信度、跨提示一致性和域偏移四个门槛全部通过才结束，任一否决项都转迁移。缺省、非法、冲突状态采取保守分支；已经重试一次的结果不能再次触发检测器。检测器必须设置 finish_after_tool=false；迁移顾问使用当前图片和视觉探针并设置 finish_after_tool=true。,True,examples/images/planner_retry_optimizer_matched_v12/goldorange_five_star_recheck.png,"[{""action"": ""rexomni_detection"", ""arg_contains"": {""label"": [""金橙五星复检片""]}, ""decision_type"": ""tool"", ""required_args"": {""finish_after_tool"": false}}, {""arg_contains"": {}, ""decision_type"": ""end"", ""required_args"": {""end_reason"": ""memory_hit""}}]","[""rag_answer"", ""re_question"", ""answerer"", ""flux-image-generation"", ""qwen_detection"", ""pipeline_eval"", ""migration_advisor""]","{""action_match"": 0.65, ""argument_match"": 0.1, ""decision_type_valid"": 0.03, ""final_tool_finish"": 0.1, ""finish_after_tool"": 0.1, ""json_valid"": 0.02, ""no_forbidden_action"": 0.1, ""no_premature_stop"": 0.1, ""no_repeated_tool"": 0.1, ""no_skip_required_probe"": 0.1, ""strict_action_match"": true, ""strict_argument_types"": true, ""wrong_action_cap"": 0.2}",False,0.617391,"[""rexomni_detection"", ""migration_advisor""]",rexomni_detection,"[{""_planner_metrics"": {""api_call_ms"": 7056.724, ""first_api_call_ms"": 7056.724, ""first_finish_reason"": ""stop"", ""first_input_tokens"": 4020, ""first_output_tokens"": 50, ""first_total_tokens"": 4070, ""input_tokens"": 4020, ""output_tokens"": 50, ""parse_ms"": 0.133, ""planner_total_ms"": 7073.145, ""prompt_build_ms"": 0.464, ""retry_count"": 0, ""retry_reason"": """", ""total_tokens"": 4070}, ""action"": ""rexomni_detection"", ""action_input"": {""finish_after_tool"": false, ""label"": ""金橙五星复检片""}, ""clarification_question"": """", ""decision_type"": ""tool"", ""end_reason"": """", ""final_answer"": """", ""thought"": ""先执行用户指定的检测器以取得当前结构化状态。""}, {""_planner_metrics"": {""api_call_ms"": 9808.597, ""first_api_call_ms"": 9808.597, ""first_finish_reason"": ""stop"", ""first_input_tokens"": 4326, ""first_output_tokens"": 73, ""first_total_tokens"": 4399, ""input_tokens"": 4326, ""output_tokens"": 73, ""parse_ms"": 0.155, ""planner_total_ms"": 9823.858, ""prompt_build_ms"": 0.51, ""retry_count"": 0, ""retry_reason"": """", ""total_tokens"": 4399}, ""action"": ""migration_advisor"", ""action_input"": {""finish_after_tool"": true, ""use_image"": true, ""use_visual_probe"": true, ""user_query"": ""甚低频射电阵列回执分支终签3879号""}, ""clarification_question"": """", ""decision_type"": ""tool"", ""end_reason"": """", ""final_answer"": """", ""thought"": ""最新状态未满足结束或迁移条件，需要继续按规则推进。""}]","step2:decision_type expected 'end', got 'tool' | step2:action expected 'end', got 'migration_advisor' | step2:arg 'end_reason' expected 'memory_hit', got '' | forbidden:migration_advisor",7073.145,7056.724,4020,50,0,1,False,True
PROMV12-TB-012-QWEN-NR2,nonretryable_step2,读取这次机器状态并选择唯一动作：先使用Qwen检测附件中的金橙五星复检片，检测结果仅作为中间状态。最终需要判断甚低频射电阵列回执分支终签3879号应继续现有能力、结束，还是进入迁移评估。自然语言里的故障等级和预算描述没有路由优先级，只读取本 query 最新 observation 的结构化键值。错误状态仅在 retryable=true 与 retry_count=0 同时成立时复用原检测器一次，否则调用迁移顾问。正常状态需要候选数、置信度、跨提示一致性和域偏移四个门槛全部通过才结束，任一否决项都转迁移。缺省、非法、冲突状态采取保守分支；已经重试一次的结果不能再次触发检测器。检测器必须设置 finish_after_tool=false；迁移顾问使用当前图片和视觉探针并设置 finish_after_tool=true。,True,examples/images/planner_retry_optimizer_matched_v12/goldorange_five_star_recheck.png,"[{""action"": ""qwen_detection"", ""arg_contains"": {""label"": [""金橙五星复检片""]}, ""decision_type"": ""tool"", ""required_args"": {""finish_after_tool"": false}}, {""action"": ""migration_advisor"", ""arg_contains"": {""user_query"": [""甚低频射电阵列回执分支终签3879号""]}, ""decision_type"": ""tool"", ""required_args"": {""finish_after_tool"": true, ""use_image"": true, ""use_visual_probe"": true}}]","[""rag_answer"", ""re_question"", ""answerer"", ""flux-image-generation"", ""rexomni_detection"", ""pipeline_eval""]","{""action_match"": 0.65, ""argument_match"": 0.1, ""decision_type_valid"": 0.03, ""final_tool_finish"": 0.1, ""finish_after_tool"": 0.1, ""json_valid"": 0.02, ""no_forbidden_action"": 0.1, ""no_premature_stop"": 0.1, ""no_repeated_tool"": 0.1, ""no_skip_required_probe"": 0.1, ""strict_action_match"": true, ""strict_argument_types"": true, ""wrong_action_cap"": 0.2}",True,1.0,"[""qwen_detection"", ""migration_advisor""]",qwen_detection,"[{""_planner_metrics"": {""api_call_ms"": 6956.923, ""first_api_call_ms"": 6956.923, ""first_finish_reason"": ""stop"", ""first_input_tokens"": 4017, ""first_output_tokens"": 49, ""first_total_tokens"": 4066, ""input_tokens"": 4017, ""output_tokens"": 49, ""parse_ms"": 0.178, ""planner_total_ms"": 6971.702, ""prompt_build_ms"": 0.42, ""retry_count"": 0, ""retry_reason"": """", ""total_tokens"": 4066}, ""action"": ""qwen_detection"", ""action_input"": {""finish_after_tool"": false, ""label"": ""金橙五星复检片""}, ""clarification_question"": """", ""decision_type"": ""tool"", ""end_reason"": """", ""final_answer"": """", ""thought"": ""先执行用户指定的检测器以取得当前结构化状态。""}, {""_planner_metrics"": {""api_call_ms"": 9896.016, ""first_api_call_ms"": 9896.016, ""first_finish_reason"": ""stop"", ""first_input_tokens"": 4330, ""first_output_tokens"": 73, ""first_total_tokens"": 4403, ""input_tokens"": 4330, ""output_tokens"": 73, ""parse_ms"": 0.151, ""planner_total_ms"": 9910.363, ""prompt_build_ms"": 0.447, ""retry_count"": 0, ""retry_reason"": """", ""total_tokens"": 4403}, ""action"": ""migration_advisor"", ""action_input"": {""finish_after_tool"": true, ""use_image"": true, ""use_visual_probe"": true, ""user_query"": ""甚低频射电阵列回执分支终签3879号""}, ""clarification_question"": """", ""decision_type"": ""tool"", ""end_reason"": """", ""final_answer"": """", ""thought"": ""最新状态未满足结束或重试条件，需要进入能力迁移评估。""}]",,6971.702,6956.923,4017,49,1,1,True,False
PROMV12-TB-012-REX-FR2,fresh_retry_step2,读取这次机器状态并选择唯一动作：先使用Rex-Omni检测附件中的金橙五星复检片，检测结果仅作为中间状态。最终需要判断甚低频射电阵列回执分支终签3879号应继续现有能力、结束，还是进入迁移评估。自然语言里的故障等级和预算描述没有路由优先级，只读取本 query 最新 observation 的结构化键值。错误状态仅在 retryable=true 与 retry_count=0 同时成立时复用原检测器一次，否则调用迁移顾问。正常状态需要候选数、置信度、跨提示一致性和域偏移四个门槛全部通过才结束，任一否决项都转迁移。缺省、非法、冲突状态采取保守分支；已经重试一次的结果不能再次触发检测器。检测器必须设置 finish_after_tool=false；迁移顾问使用当前图片和视觉探针并设置 finish_after_tool=true。,True,examples/images/planner_retry_optimizer_matched_v12/goldorange_five_star_recheck.png,"[{""action"": ""rexomni_detection"", ""arg_contains"": {""label"": [""金橙五星复检片""]}, ""decision_type"": ""tool"", ""required_args"": {""finish_after_tool"": false}}, {""action"": ""rexomni_detection"", ""arg_contains"": {""label"": [""金橙五星复检片""]}, ""decision_type"": ""tool"", ""required_args"": {""finish_after_tool"": false}}, {""arg_contains"": {}, ""decision_type"": ""end"", ""required_args"": {""end_reason"": ""memory_hit""}}]","[""rag_answer"", ""re_question"", ""answerer"", ""flux-image-generation"", ""qwen_detection"", ""pipeline_eval"", ""migration_advisor""]","{""action_match"": 0.65, ""argument_match"": 0.1, ""decision_type_valid"": 0.03, ""final_tool_finish"": 0.1, ""finish_after_tool"": 0.1, ""json_valid"": 0.02, ""no_forbidden_action"": 0.1, ""no_premature_stop"": 0.1, ""no_repeated_tool"": 0.1, ""no_skip_required_probe"": 0.1, ""strict_action_match"": true, ""strict_argument_types"": true, ""wrong_action_cap"": 0.2}",False,0.725,"[""rexomni_detection"", ""rexomni_detection"", ""migration_advisor""]",rexomni_detection,"[{""_planner_metrics"": {""api_call_ms"": 7116.415, ""first_api_call_ms"": 7116.415, ""first_finish_reason"": ""stop"", ""first_input_tokens"": 4023, ""first_output_tokens"": 50, ""first_total_tokens"": 4073, ""input_tokens"": 4023, ""output_tokens"": 50, ""parse_ms"": 0.162, ""planner_total_ms"": 7130.405, ""prompt_build_ms"": 0.413, ""retry_count"": 0, ""retry_reason"": """", ""total_tokens"": 4073}, ""action"": ""rexomni_detection"", ""action_input"": {""finish_after_tool"": false, ""label"": ""金橙五星复检片""}, ""clarification_question"": """", ""decision_type"": ""tool"", ""end_reason"": """", ""final_answer"": """", ""thought"": ""先执行用户指定的检测器以取得当前结构化状态。""}, {""_planner_metrics"": {""api_call_ms"": 7478.968, ""first_api_call_ms"": 7478.968, ""first_finish_reason"": ""stop"", ""first_input_tokens"": 4335, ""first_output_tokens"": 52, ""first_total_tokens"": 4387, ""input_tokens"": 4335, ""output_tokens"": 52, ""parse_ms"": 0.195, ""planner_total_ms"": 7494.081, ""prompt_build_ms"": 0.473, ""retry_count"": 0, ""retry_reason"": """", ""total_tokens"": 4387}, ""action"": ""rexomni_detection"", ""action_input"": {""finish_after_tool"": false, ""label"": ""金橙五星复检片""}, ""clarification_question"": """", ""decision_type"": ""tool"", ""end_reason"": """", ""final_answer"": """", ""thought"": ""最新状态满足错误重试条件，需要再次使用同一检测器。""}, {""_planner_metrics"": {""api_call_ms"": 10139.138, ""first_api_call_ms"": 10139.138, ""first_finish_reason"": ""stop"", ""first_input_tokens"": 4642, ""first_output_tokens"": 73, ""first_total_tokens"": 4715, ""input_tokens"": 4642, ""output_tokens"": 73, ""parse_ms"": 0.266, ""planner_total_ms"": 10154.631, ""prompt_build_ms"": 0.481, ""retry_count"": 0, ""retry_reason"": """", ""total_tokens"": 4715}, ""action"": ""migration_advisor"", ""action_input"": {""finish_after_tool"": true, ""use_image"": true, ""use_visual_probe"": true, ""user_query"": ""甚低频射电阵列回执分支终签3879号""}, ""clarification_question"": """", ""decision_type"": ""tool"", ""end_reason"": """", ""final_answer"": """", ""thought"": ""最新状态未满足结束或重试条件，需要进入能力迁移评估。""}]","step3:decision_type expected 'end', got 'tool' | step3:action expected 'end', got 'migration_advisor' | step3:arg 'end_reason' expected 'memory_hit', got '' | forbidden:migration_advisor",7130.405,7116.415,4023,50,0,1,False,True
PROMV12-TB-010-QWEN-NR2,nonretryable_step2,失联背景和当前预算并存时只使用显式字段：先使用Qwen检测附件中的玄铜弧顶缓冲座，检测结果仅作为中间状态。最终需要判断流域梯级调度闸站回执分支终签5437号应继续现有能力、结束，还是进入迁移评估。自然语言里的故障等级和预算描述没有路由优先级，只读取本 query 最新 observation 的结构化键值。错误状态仅在 retryable=true 与 retry_count=0 同时成立时复用原检测器一次，否则调用迁移顾问。正常状态需要候选数、置信度、跨提示一致性和域偏移四个门槛全部通过才结束，任一否决项都转迁移。缺省、非法、冲突状态采取保守分支；已经重试一次的结果不能再次触发检测器。检测器必须设置 finish_after_tool=false；迁移顾问使用当前图片和视觉探针并设置 finish_after_tool=true。,True,examples/images/planner_retry_optimizer_matched_v12/darkbronze_arch_buffer.png,"[{""action"": ""qwen_detection"", ""arg_contains"": {""label"": [""玄铜弧顶缓冲座""]}, ""decision_type"": ""tool"", ""required_args"": {""finish_after_tool"": false}}, {""action"": ""migration_advisor"", ""arg_contains"": {""user_query"": [""流域梯级调度闸站回执分支终签5437号""]}, ""decision_type"": ""tool"", ""required_args"": {""finish_after_tool"": true, ""use_image"": true, ""use_visual_probe"": true}}]","[""rag_answer"", ""re_question"", ""answerer"", ""flux-image-generation"", ""rexomni_detection"", ""pipeline_eval""]","{""action_match"": 0.65, ""argument_match"": 0.1, ""decision_type_valid"": 0.03, ""final_tool_finish"": 0.1, ""finish_after_tool"": 0.1, ""json_valid"": 0.02, ""no_forbidden_action"": 0.1, ""no_premature_stop"": 0.1, ""no_repeated_tool"": 0.1, ""no_skip_required_probe"": 0.1, ""strict_action_match"": true, ""strict_argument_types"": true, ""wrong_action_cap"": 0.2}",True,1.0,"[""qwen_detection"", ""migration_advisor""]",qwen_detection,"[{""_planner_metrics"": {""api_call_ms"": 7126.735, ""first_api_call_ms"": 7126.735, ""first_finish_reason"": ""stop"", ""first_input_tokens"": 4026, ""first_output_tokens"": 50, ""first_total_tokens"": 4076, ""input_tokens"": 4026, ""output_tokens"": 50, ""parse_ms"": 0.187, ""planner_total_ms"": 7141.609, ""prompt_build_ms"": 0.491, ""retry_count"": 0, ""retry_reason"": """", ""total_tokens"": 4076}, ""action"": ""qwen_detection"", ""action_input"": {""finish_after_tool"": false, ""label"": ""玄铜弧顶缓冲座""}, ""clarification_question"": """", ""decision_type"": ""tool"", ""end_reason"": """", ""final_answer"": """", ""thought"": ""先执行用户指定的检测器以取得当前结构化状态。""}, {""_planner_metrics"": {""api_call_ms"": 10016.124, ""first_api_call_ms"": 10016.124, ""first_finish_reason"": ""stop"", ""first_input_tokens"": 4335, ""first_output_tokens"": 74, ""first_total_tokens"": 4409, ""input_tokens"": 4335, ""output_tokens"": 74, ""parse_ms"": 0.158, ""planner_total_ms"": 10033.014, ""prompt_build_ms"": 0.503, ""retry_count"": 0, ""retry_reason"": """", ""total_tokens"": 4409}, ""action"": ""migration_advisor"", ""action_input"": {""finish_after_tool"": true, ""use_image"": true, ""use_visual_probe"": true, ""user_query"": ""流域梯级调度闸站回执分支终签5437号""}, ""clarification_question"": """", ""decision_type"": ""tool"", ""end_reason"": """", ""final_answer"": """", ""thought"": ""最新状态未满足结束或重试条件，需要进入能力迁移评估。""}]",,7141.609,7126.735,4026,50,1,1,True,False
PROMV12-TB-008-QWEN-NR2,nonretryable_step2,能力迁移已候场，先核验最新探针回执：先使用Qwen检测附件中的玄铜弧顶缓冲座，检测结果仅作为中间状态。最终需要判断流域梯级调度闸站探针恢复复议4894号应继续现有能力、结束，还是进入迁移评估。自然语言里的故障等级和预算描述没有路由优先级，只读取本 query 最新 observation 的结构化键值。错误状态仅在 retryable=true 与 retry_count=0 同时成立时复用原检测器一次，否则调用迁移顾问。正常状态需要候选数、置信度、跨提示一致性和域偏移四个门槛全部通过才结束，任一否决项都转迁移。缺省、非法、冲突状态采取保守分支；已经重试一次的结果不能再次触发检测器。检测器必须设置 finish_after_tool=false；迁移顾问使用当前图片和视觉探针并设置 finish_after_tool=true。,True,examples/images/planner_retry_optimizer_matched_v12/darkbronze_arch_buffer.png,"[{""action"": ""qwen_detection"", ""arg_contains"": {""label"": [""玄铜弧顶缓冲座""]}, ""decision_type"": ""tool"", ""required_args"": {""finish_after_tool"": false}}, {""action"": ""migration_advisor"", ""arg_contains"": {""user_query"": [""流域梯级调度闸站探针恢复复议4894号""]}, ""decision_type"": ""tool"", ""required_args"": {""finish_after_tool"": true, ""use_image"": true, ""use_visual_probe"": true}}]","[""rag_answer"", ""re_question"", ""answerer"", ""flux-image-generation"", ""rexomni_detection"", ""pipeline_eval""]","{""action_match"": 0.65, ""argument_match"": 0.1, ""decision_type_valid"": 0.03, ""final_tool_finish"": 0.1, ""finish_after_tool"": 0.1, ""json_valid"": 0.02, ""no_forbidden_action"": 0.1, ""no_premature_stop"": 0.1, ""no_repeated_tool"": 0.1, ""no_skip_required_probe"": 0.1, ""strict_action_match"": true, ""strict_argument_types"": true, ""wrong_action_cap"": 0.2}",True,1.0,"[""qwen_detection"", ""migration_advisor""]",qwen_detection,"[{""_planner_metrics"": {""api_call_ms"": 7083.111, ""first_api_call_ms"": 7083.111, ""first_finish_reason"": ""stop"", ""first_input_tokens"": 4024, ""first_output_tokens"": 50, ""first_total_tokens"": 4074, ""input_tokens"": 4024, ""output_tokens"": 50, ""parse_ms"": 0.128, ""planner_total_ms"": 7096.94, ""prompt_build_ms"": 0.47, ""retry_count"": 0, ""retry_reason"": """", ""total_tokens"": 4074}, ""action"": ""qwen_detection"", ""action_input"": {""finish_after_tool"": false, ""label"": ""玄铜弧顶缓冲座""}, ""clarification_question"": """", ""decision_type"": ""tool"", ""end_reason"": """", ""final_answer"": """", ""thought"": ""先执行用户指定的检测器以取得当前结构化状态。""}, {""_planner_metrics"": {""api_call_ms"": 9880.506, ""first_api_call_ms"": 9880.506, ""first_finish_reason"": ""stop"", ""first_input_tokens"": 4336, ""first_output_tokens"": 73, ""first_total_tokens"": 4409, ""input_tokens"": 4336, ""output_tokens"": 73, ""parse_ms"": 0.152, ""planner_total_ms"": 9895.241, ""prompt_build_ms"": 0.496, ""retry_count"": 0, ""retry_reason"": """", ""total_tokens"": 4409}, ""action"": ""migration_advisor"", ""action_input"": {""finish_after_tool"": true, ""use_image"": true, ""use_visual_probe"": true, ""user_query"": ""流域梯级调度闸站探针恢复复议4894号""}, ""clarification_question"": """", ""decision_type"": ""tool"", ""end_reason"": """", ""final_answer"": """", ""thought"": ""最新状态未满足结束或重试条件，需要进入能力迁移评估。""}]",,7096.94,7083.111,4024,50,1,1,True,False
PROMV12-TB-002-REX-FR2,fresh_retry_step2,能力迁移已候场，先核验最新探针回执：先使用Rex-Omni检测附件中的金橙五星复检片，检测结果仅作为中间状态。最终需要判断甚低频射电阵列探针恢复复议3574号应继续现有能力、结束，还是进入迁移评估。自然语言里的故障等级和预算描述没有路由优先级，只读取本 query 最新 observation 的结构化键值。错误状态仅在 retryable=true 与 retry_count=0 同时成立时复用原检测器一次，否则调用迁移顾问。正常状态需要候选数、置信度、跨提示一致性和域偏移四个门槛全部通过才结束，任一否决项都转迁移。缺省、非法、冲突状态采取保守分支；已经重试一次的结果不能再次触发检测器。检测器必须设置 finish_after_tool=false；迁移顾问使用当前图片和视觉探针并设置 finish_after_tool=true。,True,examples/images/planner_retry_optimizer_matched_v12/goldorange_five_star_recheck.png,"[{""action"": ""rexomni_detection"", ""arg_contains"": {""label"": [""金橙五星复检片""]}, ""decision_type"": ""tool"", ""required_args"": {""finish_after_tool"": false}}, {""action"": ""rexomni_detection"", ""arg_contains"": {""label"": [""金橙五星复检片""]}, ""decision_type"": ""tool"", ""required_args"": {""finish_after_tool"": false}}, {""arg_contains"": {}, ""decision_type"": ""end"", ""required_args"": {""end_reason"": ""memory_hit""}}]","[""rag_answer"", ""re_question"", ""answerer"", ""flux-image-generation"", ""qwen_detection"", ""pipeline_eval"", ""migration_advisor""]","{""action_match"": 0.65, ""argument_match"": 0.1, ""decision_type_valid"": 0.03, ""final_tool_finish"": 0.1, ""finish_after_tool"": 0.1, ""json_valid"": 0.02, ""no_forbidden_action"": 0.1, ""no_premature_stop"": 0.1, ""no_repeated_tool"": 0.1, ""no_skip_required_probe"": 0.1, ""strict_action_match"": true, ""strict_argument_types"": true, ""wrong_action_cap"": 0.2}",False,0.671875,"[""rexomni_detection"", ""migration_advisor"", ""final_answer""]",rexomni_detection,"[{""_planner_metrics"": {""api_call_ms"": 7109.315, ""first_api_call_ms"": 7109.315, ""first_finish_reason"": ""stop"", ""first_input_tokens"": 4027, ""first_output_tokens"": 50, ""first_total_tokens"": 4077, ""input_tokens"": 4027, ""output_tokens"": 50, ""parse_ms"": 0.154, ""planner_total_ms"": 7123.067, ""prompt_build_ms"": 0.445, ""retry_count"": 0, ""retry_reason"": """", ""total_tokens"": 4077}, ""action"": ""rexomni_detection"", ""action_input"": {""finish_after_tool"": false, ""label"": ""金橙五星复检片""}, ""clarification_question"": """", ""decision_type"": ""tool"", ""end_reason"": """", ""final_answer"": """", ""thought"": ""先执行用户指定的检测器以取得当前结构化状态。""}, {""_planner_metrics"": {""api_call_ms"": 9644.749, ""first_api_call_ms"": 9644.749, ""first_finish_reason"": ""stop"", ""first_input_tokens"": 4334, ""first_output_tokens"": 71, ""first_total_tokens"": 4405, ""input_tokens"": 4334, ""output_tokens"": 71, ""parse_ms"": 0.163, ""planner_total_ms"": 9659.265, ""prompt_build_ms"": 0.462, ""retry_count"": 0, ""retry_reason"": """", ""total_tokens"": 4405}, ""action"": ""migration_advisor"", ""action_input"": {""finish_after_tool"": true, ""use_image"": true, ""use_visual_probe"": true, ""user_query"": ""甚低频射电阵列探针恢复复议3574号""}, ""clarification_question"": """", ""decision_type"": ""tool"", ""end_reason"": """", ""final_answer"": """", ""thought"": ""最新状态未满足结束或重试条件，需要能力迁移评估。""}, {""_planner_metrics"": {""api_call_ms"": 5322.14, ""first_api_call_ms"": 5322.14, ""first_finish_reason"": ""stop"", ""first_input_tokens"": 4660, ""first_output_tokens"": 32, ""first_total_tokens"": 4692, ""input_tokens"": 4660, ""output_tokens"": 32, ""parse_ms"": 0.137, ""planner_total_ms"": 5337.798, ""prompt_build_ms"": 0.526, ""retry_count"": 0, ""retry_reason"": """", ""total_tokens"": 4692}, ""action"": ""final_answer"", ""action_input"": {}, ""clarification_question"": """", ""decision_type"": ""end"", ""end_reason"": ""memory_hit"", ""final_answer"": """", ""thought"": ""最新状态已满足结束条件，可以终止本轮规划。""}]","step2:action expected 'rexomni_detection', got 'migration_advisor' | step2:finish_after_tool expected False, got True | step2:arg 'label' expected to contain ['金橙五星复检片'], got None | forbidden:migration_advisor",7123.067,7109.315,4027,50,0,1,False,True
PROMV12-TB-011-QWEN-MS2,missing_required_state_step2,历史文字可能误导，本轮以后写入的 observation 为准：先使用Qwen检测附件中的金橙五星复检片，检测结果仅作为中间状态。最终需要判断甚低频射电阵列异常额度会核5850号应继续现有能力、结束，还是进入迁移评估。自然语言里的故障等级和预算描述没有路由优先级，只读取本 query 最新 observation 的结构化键值。错误状态仅在 retryable=true 与 retry_count=0 同时成立时复用原检测器一次，否则调用迁移顾问。正常状态需要候选数、置信度、跨提示一致性和域偏移四个门槛全部通过才结束，任一否决项都转迁移。缺省、非法、冲突状态采取保守分支；已经重试一次的结果不能再次触发检测器。检测器必须设置 finish_after_tool=false；迁移顾问使用当前图片和视觉探针并设置 finish_after_tool=true。,True,examples/images/planner_retry_optimizer_matched_v12/goldorange_five_star_recheck.png,"[{""action"": ""qwen_detection"", ""arg_contains"": {""label"": [""金橙五星复检片""]}, ""decision_type"": ""tool"", ""required_args"": {""finish_after_tool"": false}}, {""action"": ""migration_advisor"", ""arg_contains"": {""user_query"": [""甚低频射电阵列异常额度会核5850号""]}, ""decision_type"": ""tool"", ""required_args"": {""finish_after_tool"": true, ""use_image"": true, ""use_visual_probe"": true}}]","[""rag_answer"", ""re_question"", ""answerer"", ""flux-image-generation"", ""rexomni_detection"", ""pipeline_eval""]","{""action_match"": 0.65, ""argument_match"": 0.1, ""decision_type_valid"": 0.03, ""final_tool_finish"": 0.1, ""finish_after_tool"": 0.1, ""json_valid"": 0.02, ""no_forbidden_action"": 0.1, ""no_premature_stop"": 0.1, ""no_repeated_tool"": 0.1, ""no_skip_required_probe"": 0.1, ""strict_action_match"": true, ""strict_argument_types"": true, ""wrong_action_cap"": 0.2}",True,1.0,"[""qwen_detection"", ""migration_advisor""]",qwen_detection,"[{""_planner_metrics"": {""api_call_ms"": 7003.37, ""first_api_call_ms"": 7003.37, ""first_finish_reason"": ""stop"", ""first_input_tokens"": 4025, ""first_output_tokens"": 49, ""first_total_tokens"": 4074, ""input_tokens"": 4025, ""output_tokens"": 49, ""parse_ms"": 0.178, ""planner_total_ms"": 7016.995, ""prompt_build_ms"": 0.432, ""retry_count"": 0, ""retry_reason"": """", ""total_tokens"": 4074}, ""action"": ""qwen_detection"", ""action_input"": {""finish_after_tool"": false, ""label"": ""金橙五星复检片""}, ""clarification_question"": """", ""decision_type"": ""tool"", ""end_reason"": """", ""final_answer"": """", ""thought"": ""先执行用户指定的检测器以取得当前结构化状态。""}, {""_planner_metrics"": {""api_call_ms"": 10136.182, ""first_api_call_ms"": 10136.182, ""first_finish_reason"": ""stop"", ""first_input_tokens"": 4328, ""first_output_tokens"": 73, ""first_total_tokens"": 4401, ""input_tokens"": 4328, ""output_tokens"": 73, ""parse_ms"": 0.265, ""planner_total_ms"": 10152.11, ""prompt_build_ms"": 0.483, ""retry_count"": 0, ""retry_reason"": """", ""total_tokens"": 4401}, ""action"": ""migration_advisor"", ""action_input"": {""finish_after_tool"": true, ""use_image"": true, ""use_visual_probe"": true, ""user_query"": ""甚低频射电阵列异常额度会核5850号""}, ""clarification_question"": """", ""decision_type"": ""tool"", ""end_reason"": """", ""final_answer"": """", ""thought"": ""最新状态未满足结束或重试条件，需要进入能力迁移评估。""}]",,7016.995,7003.37,4025,49,1,1,True,False
PROMV12-TB-001-REX-PE3,post_retry_error_step3,失联背景和当前预算并存时只使用显式字段：先使用Rex-Omni检测附件中的金橙五星复检片，检测结果仅作为中间状态。最终需要判断碳化硅陶瓷烧结台异常额度会核2063号应继续现有能力、结束，还是进入迁移评估。自然语言里的故障等级和预算描述没有路由优先级，只读取本 query 最新 observation 的结构化键值。错误状态仅在 retryable=true 与 retry_count=0 同时成立时复用原检测器一次，否则调用迁移顾问。正常状态需要候选数、置信度、跨提示一致性和域偏移四个门槛全部通过才结束，任一否决项都转迁移。缺省、非法、冲突状态采取保守分支；已经重试一次的结果不能再次触发检测器。检测器必须设置 finish_after_tool=false；迁移顾问使用当前图片和视觉探针并设置 finish_after_tool=true。,True,examples/images/planner_retry_optimizer_matched_v12/goldorange_five_star_recheck.png,"[{""action"": ""rexomni_detection"", ""arg_contains"": {""label"": [""金橙五星复检片""]}, ""decision_type"": ""tool"", ""required_args"": {""finish_after_tool"": false}}, {""action"": ""rexomni_detection"", ""arg_contains"": {""label"": [""金橙五星复检片""]}, ""decision_type"": ""tool"", ""required_args"": {""finish_after_tool"": false}}, {""action"": ""migration_advisor"", ""arg_contains"": {""user_query"": [""碳化硅陶瓷烧结台异常额度会核2063号""]}, ""decision_type"": ""tool"", ""required_args"": {""finish_after_tool"": true, ""use_image"": true, ""use_visual_probe"": true}}]","[""rag_answer"", ""re_question"", ""answerer"", ""flux-image-generation"", ""qwen_detection"", ""pipeline_eval""]","{""action_match"": 0.65, ""argument_match"": 0.1, ""decision_type_valid"": 0.03, ""final_tool_finish"": 0.1, ""finish_after_tool"": 0.1, ""json_valid"": 0.02, ""no_forbidden_action"": 0.1, ""no_premature_stop"": 0.1, ""no_repeated_tool"": 0.1, ""no_skip_required_probe"": 0.1, ""strict_action_match"": true, ""strict_argument_types"": true, ""wrong_action_cap"": 0.2}",False,0.703125,"[""rexomni_detection"", ""migration_advisor"", ""migration_advisor""]",rexomni_detection,"[{""_planner_metrics"": {""api_call_ms"": 7154.87, ""first_api_call_ms"": 7154.87, ""first_finish_reason"": ""stop"", ""first_input_tokens"": 4029, ""first_output_tokens"": 50, ""first_total_tokens"": 4079, ""input_tokens"": 4029, ""output_tokens"": 50, ""parse_ms"": 0.192, ""planner_total_ms"": 7170.462, ""prompt_build_ms"": 0.549, ""retry_count"": 0, ""retry_reason"": """", ""total_tokens"": 4079}, ""action"": ""rexomni_detection"", ""action_input"": {""finish_after_tool"": false, ""label"": ""金橙五星复检片""}, ""clarification_question"": """", ""decision_type"": ""tool"", ""end_reason"": """", ""final_answer"": """", ""thought"": ""先执行用户指定的检测器以取得当前结构化状态。""}, {""_planner_metrics"": {""api_call_ms"": 9776.386, ""first_api_call_ms"": 9776.386, ""first_finish_reason"": ""stop"", ""first_input_tokens"": 4341, ""first_output_tokens"": 72, ""first_total_tokens"": 4413, ""input_tokens"": 4341, ""output_tokens"": 72, ""parse_ms"": 0.141, ""planner_total_ms"": 9792.888, ""prompt_build_ms"": 0.507, ""retry_count"": 0, ""retry_reason"": """", ""total_tokens"": 4413}, ""action"": ""migration_advisor"", ""action_input"": {""finish_after_tool"": true, ""use_image"": true, ""use_visual_probe"": true, ""user_query"": ""碳化硅陶瓷烧结台异常额度会核2063号""}, ""clarification_question"": """", ""decision_type"": ""tool"", ""end_reason"": """", ""final_answer"": """", ""thought"": ""最新状态未满足结束或重试条件，需要能力迁移评估。""}, {""_planner_metrics"": {""api_call_ms"": 9895.165, ""first_api_call_ms"": 9895.165, ""first_finish_reason"": ""stop"", ""first_input_tokens"": 4678, ""first_output_tokens"": 72, ""first_total_tokens"": 4750, ""input_tokens"": 4678, ""output_tokens"": 72, ""parse_ms"": 0.149, ""planner_total_ms"": 9910.672, ""prompt_build_ms"": 0.512, ""retry_count"": 0, ""retry_reason"": """", ""total_tokens"": 4750}, ""action"": ""migration_advisor"", ""action_input"": {""finish_after_tool"": true, ""use_image"": true, ""use_visual_probe"": true, ""user_query"": ""碳化硅陶瓷烧结台异常额度会核2063号""}, ""clarification_question"": """", ""decision_type"": ""tool"", ""end_reason"": """", ""final_answer"": """", ""thought"": ""最新状态未满足结束或重试条件，需要能力迁移评估。""}]","step2:action expected 'rexomni_detection', got 'migration_advisor' | step2:finish_after_tool expected False, got True | step2:arg 'label' expected to contain ['金橙五星复检片'], got None",7170.462,7154.87,4029,50,0,1,False,True
PROMV12-TB-003-REX-CS2,current_success_step2,读取这次机器状态并选择唯一动作：先使用Rex-Omni检测附件中的玄铜弧顶缓冲座，检测结果仅作为中间状态。最终需要判断林区无人机补给舱回执分支终签9158号应继续现有能力、结束，还是进入迁移评估。自然语言里的故障等级和预算描述没有路由优先级，只读取本 query 最新 observation 的结构化键值。错误状态仅在 retryable=true 与 retry_count=0 同时成立时复用原检测器一次，否则调用迁移顾问。正常状态需要候选数、置信度、跨提示一致性和域偏移四个门槛全部通过才结束，任一否决项都转迁移。缺省、非法、冲突状态采取保守分支；已经重试一次的结果不能再次触发检测器。检测器必须设置 finish_after_tool=false；迁移顾问使用当前图片和视觉探针并设置 finish_after_tool=true。,True,examples/images/planner_retry_optimizer_matched_v12/darkbronze_arch_buffer.png,"[{""action"": ""rexomni_detection"", ""arg_contains"": {""label"": [""玄铜弧顶缓冲座""]}, ""decision_type"": ""tool"", ""required_args"": {""finish_after_tool"": false}}, {""arg_contains"": {}, ""decision_type"": ""end"", ""required_args"": {""end_reason"": ""memory_hit""}}]","[""rag_answer"", ""re_question"", ""answerer"", ""flux-image-generation"", ""qwen_detection"", ""pipeline_eval"", ""migration_advisor""]","{""action_match"": 0.65, ""argument_match"": 0.1, ""decision_type_valid"": 0.03, ""final_tool_finish"": 0.1, ""finish_after_tool"": 0.1, ""json_valid"": 0.02, ""no_forbidden_action"": 0.1, ""no_premature_stop"": 0.1, ""no_repeated_tool"": 0.1, ""no_skip_required_probe"": 0.1, ""strict_action_match"": true, ""strict_argument_types"": true, ""wrong_action_cap"": 0.2}",True,1.0,"[""rexomni_detection"", ""final_answer""]",rexomni_detection,"[{""_planner_metrics"": {""api_call_ms"": 7194.691, ""first_api_call_ms"": 7194.691, ""first_finish_reason"": ""stop"", ""first_input_tokens"": 4019, ""first_output_tokens"": 51, ""first_total_tokens"": 4070, ""input_tokens"": 4019, ""output_tokens"": 51, ""parse_ms"": 0.131, ""planner_total_ms"": 7209.139, ""prompt_build_ms"": 0.467, ""retry_count"": 0, ""retry_reason"": """", ""total_tokens"": 4070}, ""action"": ""rexomni_detection"", ""action_input"": {""finish_after_tool"": false, ""label"": ""玄铜弧顶缓冲座""}, ""clarification_question"": """", ""decision_type"": ""tool"", ""end_reason"": """", ""final_answer"": """", ""thought"": ""先执行用户指定的检测器以取得当前结构化状态。""}, {""_planner_metrics"": {""api_call_ms"": 5478.28, ""first_api_call_ms"": 5478.28, ""first_finish_reason"": ""stop"", ""first_input_tokens"": 4328, ""first_output_tokens"": 34, ""first_total_tokens"": 4362, ""input_tokens"": 4328, ""output_tokens"": 34, ""parse_ms"": 0.169, ""planner_total_ms"": 5492.568, ""prompt_build_ms"": 0.475, ""retry_count"": 0, ""retry_reason"": """", ""total_tokens"": 4362}, ""action"": ""final_answer"", ""action_input"": {}, ""clarification_question"": """", ""decision_type"": ""end"", ""end_reason"": ""memory_hit"", ""final_answer"": """", ""thought"": ""最新结构化状态已满足全部硬门槛，可以结束本轮规划。""}]",,7209.139,7194.691,4019,51,1,1,True,False
PROMV12-TB-007-QWEN-BE2,budget_exhausted_step2,失联背景和当前预算并存时只使用显式字段：先使用Qwen检测附件中的玄铜弧顶缓冲座，检测结果仅作为中间状态。最终需要判断碳化硅陶瓷烧结台探针恢复复议4867号应继续现有能力、结束，还是进入迁移评估。自然语言里的故障等级和预算描述没有路由优先级，只读取本 query 最新 observation 的结构化键值。错误状态仅在 retryable=true 与 retry_count=0 同时成立时复用原检测器一次，否则调用迁移顾问。正常状态需要候选数、置信度、跨提示一致性和域偏移四个门槛全部通过才结束，任一否决项都转迁移。缺省、非法、冲突状态采取保守分支；已经重试一次的结果不能再次触发检测器。检测器必须设置 finish_after_tool=false；迁移顾问使用当前图片和视觉探针并设置 finish_after_tool=true。,True,examples/images/planner_retry_optimizer_matched_v12/darkbronze_arch_buffer.png,"[{""action"": ""qwen_detection"", ""arg_contains"": {""label"": [""玄铜弧顶缓冲座""]}, ""decision_type"": ""tool"", ""required_args"": {""finish_after_tool"": false}}, {""action"": ""migration_advisor"", ""arg_contains"": {""user_query"": [""碳化硅陶瓷烧结台探针恢复复议4867号""]}, ""decision_type"": ""tool"", ""required_args"": {""finish_after_tool"": true, ""use_image"": true, ""use_visual_probe"": true}}]","[""rag_answer"", ""re_question"", ""answerer"", ""flux-image-generation"", ""rexomni_detection"", ""pipeline_eval""]","{""action_match"": 0.65, ""argument_match"": 0.1, ""decision_type_valid"": 0.03, ""final_tool_finish"": 0.1, ""finish_after_tool"": 0.1, ""json_valid"": 0.02, ""no_forbidden_action"": 0.1, ""no_premature_stop"": 0.1, ""no_repeated_tool"": 0.1, ""no_skip_required_probe"": 0.1, ""strict_action_match"": true, ""strict_argument_types"": true, ""wrong_action_cap"": 0.2}",False,0.586957,"[""qwen_detection"", ""qwen_detection""]",qwen_detection,"[{""_planner_metrics"": {""api_call_ms"": 7146.668, ""first_api_call_ms"": 7146.668, ""first_finish_reason"": ""stop"", ""first_input_tokens"": 4022, ""first_output_tokens"": 50, ""first_total_tokens"": 4072, ""input_tokens"": 4022, ""output_tokens"": 50, ""parse_ms"": 0.147, ""planner_total_ms"": 7160.566, ""prompt_build_ms"": 0.474, ""retry_count"": 0, ""retry_reason"": """", ""total_tokens"": 4072}, ""action"": ""qwen_detection"", ""action_input"": {""finish_after_tool"": false, ""label"": ""玄铜弧顶缓冲座""}, ""clarification_question"": """", ""decision_type"": ""tool"", ""end_reason"": """", ""final_answer"": """", ""thought"": ""先执行用户指定的检测器以取得当前结构化状态。""}, {""_planner_metrics"": {""api_call_ms"": 7646.48, ""first_api_call_ms"": 7646.48, ""first_finish_reason"": ""stop"", ""first_input_tokens"": 4328, ""first_output_tokens"": 53, ""first_total_tokens"": 4381, ""input_tokens"": 4328, ""output_tokens"": 53, ""parse_ms"": 0.144, ""planner_total_ms"": 7661.184, ""prompt_build_ms"": 0.47, ""retry_count"": 0, ""retry_reason"": """", ""total_tokens"": 4381}, ""action"": ""qwen_detection"", ""action_input"": {""finish_after_tool"": false, ""label"": ""玄铜弧顶缓冲座""}, ""clarification_question"": """", ""decision_type"": ""tool"", ""end_reason"": """", ""final_answer"": """", ""thought"": ""最新状态未满足结束或迁移条件，需要继续获取结构化信息。""}]","step2:action expected 'migration_advisor', got 'qwen_detection' | step2:finish_after_tool expected True, got False | step2:arg 'use_image' expected True, got None | step2:arg 'use_visual_probe' expected True, got None | step2:arg 'user_query' expected to contain ['碳化硅陶瓷烧结台探针恢复复议4867号'], got None",7160.566,7146.668,4022,50,0,1,False,True
PROMV12-TB-001-REX-BE2,budget_exhausted_step2,失联背景和当前预算并存时只使用显式字段：先使用Rex-Omni检测附件中的金橙五星复检片，检测结果仅作为中间状态。最终需要判断碳化硅陶瓷烧结台异常额度会核2063号应继续现有能力、结束，还是进入迁移评估。自然语言里的故障等级和预算描述没有路由优先级，只读取本 query 最新 observation 的结构化键值。错误状态仅在 retryable=true 与 retry_count=0 同时成立时复用原检测器一次，否则调用迁移顾问。正常状态需要候选数、置信度、跨提示一致性和域偏移四个门槛全部通过才结束，任一否决项都转迁移。缺省、非法、冲突状态采取保守分支；已经重试一次的结果不能再次触发检测器。检测器必须设置 finish_after_tool=false；迁移顾问使用当前图片和视觉探针并设置 finish_after_tool=true。,True,examples/images/planner_retry_optimizer_matched_v12/goldorange_five_star_recheck.png,"[{""action"": ""rexomni_detection"", ""arg_contains"": {""label"": [""金橙五星复检片""]}, ""decision_type"": ""tool"", ""required_args"": {""finish_after_tool"": false}}, {""action"": ""migration_advisor"", ""arg_contains"": {""user_query"": [""碳化硅陶瓷烧结台异常额度会核2063号""]}, ""decision_type"": ""tool"", ""required_args"": {""finish_after_tool"": true, ""use_image"": true, ""use_visual_probe"": true}}]","[""rag_answer"", ""re_question"", ""answerer"", ""flux-image-generation"", ""qwen_detection"", ""pipeline_eval""]","{""action_match"": 0.65, ""argument_match"": 0.1, ""decision_type_valid"": 0.03, ""final_tool_finish"": 0.1, ""finish_after_tool"": 0.1, ""json_valid"": 0.02, ""no_forbidden_action"": 0.1, ""no_premature_stop"": 0.1, ""no_repeated_tool"": 0.1, ""no_skip_required_probe"": 0.1, ""strict_action_match"": true, ""strict_argument_types"": true, ""wrong_action_cap"": 0.2}",True,1.0,"[""rexomni_detection"", ""migration_advisor""]",rexomni_detection,"[{""_planner_metrics"": {""api_call_ms"": 7077.156, ""first_api_call_ms"": 7077.156, ""first_finish_reason"": ""stop"", ""first_input_tokens"": 4029, ""first_output_tokens"": 50, ""first_total_tokens"": 4079, ""input_tokens"": 4029, ""output_tokens"": 50, ""parse_ms"": 0.144, ""planner_total_ms"": 7090.781, ""prompt_build_ms"": 0.437, ""retry_count"": 0, ""retry_reason"": """", ""total_tokens"": 4079}, ""action"": ""rexomni_detection"", ""action_input"": {""finish_after_tool"": false, ""label"": ""金橙五星复检片""}, ""clarification_question"": """", ""decision_type"": ""tool"", ""end_reason"": """", ""final_answer"": """", ""thought"": ""先执行用户指定的检测器以取得当前结构化状态。""}, {""_planner_metrics"": {""api_call_ms"": 9954.91, ""first_api_call_ms"": 9954.91, ""first_finish_reason"": ""stop"", ""first_input_tokens"": 4343, ""first_output_tokens"": 73, ""first_total_tokens"": 4416, ""input_tokens"": 4343, ""output_tokens"": 73, ""parse_ms"": 0.271, ""planner_total_ms"": 9970.111, ""prompt_build_ms"": 0.452, ""retry_count"": 0, ""retry_reason"": """", ""total_tokens"": 4416}, ""action"": ""migration_advisor"", ""action_input"": {""finish_after_tool"": true, ""use_image"": true, ""use_visual_probe"": true, ""user_query"": ""碳化硅陶瓷烧结台异常额度会核2063号""}, ""clarification_question"": """", ""decision_type"": ""tool"", ""end_reason"": """", ""final_answer"": """", ""thought"": ""最新状态未满足结束或重试条件，需要进入能力迁移评估。""}]",,7090.781,7077.156,4029,50,1,1,True,False
PROMV12-TB-005-QWEN-PE3,post_retry_error_step3,历史文字可能误导，本轮以后写入的 observation 为准：先使用Qwen检测附件中的玄铜弧顶缓冲座，检测结果仅作为中间状态。最终需要判断流域梯级调度闸站异常额度会核2044号应继续现有能力、结束，还是进入迁移评估。自然语言里的故障等级和预算描述没有路由优先级，只读取本 query 最新 observation 的结构化键值。错误状态仅在 retryable=true 与 retry_count=0 同时成立时复用原检测器一次，否则调用迁移顾问。正常状态需要候选数、置信度、跨提示一致性和域偏移四个门槛全部通过才结束，任一否决项都转迁移。缺省、非法、冲突状态采取保守分支；已经重试一次的结果不能再次触发检测器。检测器必须设置 finish_after_tool=false；迁移顾问使用当前图片和视觉探针并设置 finish_after_tool=true。,True,examples/images/planner_retry_optimizer_matched_v12/darkbronze_arch_buffer.png,"[{""action"": ""qwen_detection"", ""arg_contains"": {""label"": [""玄铜弧顶缓冲座""]}, ""decision_type"": ""tool"", ""required_args"": {""finish_after_tool"": false}}, {""action"": ""qwen_detection"", ""arg_contains"": {""label"": [""玄铜弧顶缓冲座""]}, ""decision_type"": ""tool"", ""required_args"": {""finish_after_tool"": false}}, {""action"": ""migration_advisor"", ""arg_contains"": {""user_query"": [""流域梯级调度闸站异常额度会核2044号""]}, ""decision_type"": ""tool"", ""required_args"": {""finish_after_tool"": true, ""use_image"": true, ""use_visual_probe"": true}}]","[""rag_answer"", ""re_question"", ""answerer"", ""flux-image-generation"", ""rexomni_detection"", ""pipeline_eval""]","{""action_match"": 0.65, ""argument_match"": 0.1, ""decision_type_valid"": 0.03, ""final_tool_finish"": 0.1, ""finish_after_tool"": 0.1, ""json_valid"": 0.02, ""no_forbidden_action"": 0.1, ""no_premature_stop"": 0.1, ""no_repeated_tool"": 0.1, ""no_skip_required_probe"": 0.1, ""strict_action_match"": true, ""strict_argument_types"": true, ""wrong_action_cap"": 0.2}",False,0.734375,"[""qwen_detection"", ""qwen_detection"", ""qwen_detection""]",qwen_detection,"[{""_planner_metrics"": {""api_call_ms"": 7113.862, ""first_api_call_ms"": 7113.862, ""first_finish_reason"": ""stop"", ""first_input_tokens"": 4028, ""first_output_tokens"": 50, ""first_total_tokens"": 4078, ""input_tokens"": 4028, ""output_tokens"": 50, ""parse_ms"": 0.153, ""planner_total_ms"": 7128.19, ""prompt_build_ms"": 0.493, ""retry_count"": 0, ""retry_reason"": """", ""total_tokens"": 4078}, ""action"": ""qwen_detection"", ""action_input"": {""finish_after_tool"": false, ""label"": ""玄铜弧顶缓冲座""}, ""clarification_question"": """", ""decision_type"": ""tool"", ""end_reason"": """", ""final_answer"": """", ""thought"": ""先执行用户指定的检测器以取得当前结构化状态。""}, {""_planner_metrics"": {""api_call_ms"": 7358.385, ""first_api_call_ms"": 7358.385, ""first_finish_reason"": ""stop"", ""first_input_tokens"": 4342, ""first_output_tokens"": 50, ""first_total_tokens"": 4392, ""input_tokens"": 4342, ""output_tokens"": 50, ""parse_ms"": 0.13, ""planner_total_ms"": 7375.633, ""prompt_build_ms"": 0.503, ""retry_count"": 0, ""retry_reason"": """", ""total_tokens"": 4392}, ""action"": ""qwen_detection"", ""action_input"": {""finish_after_tool"": false, ""label"": ""玄铜弧顶缓冲座""}, ""clarification_question"": """", ""decision_type"": ""tool"", ""end_reason"": """", ""final_answer"": """", ""thought"": ""最新状态满足错误状态且可重试一次检测器。""}, {""_planner_metrics"": {""api_call_ms"": 8179.81, ""first_api_call_ms"": 8179.81, ""first_finish_reason"": ""stop"", ""first_input_tokens"": 4651, ""first_output_tokens"": 56, ""first_total_tokens"": 4707, ""input_tokens"": 4651, ""output_tokens"": 56, ""parse_ms"": 0.151, ""planner_total_ms"": 8195.732, ""prompt_build_ms"": 0.517, ""retry_count"": 0, ""retry_reason"": """", ""total_tokens"": 4707}, ""action"": ""qwen_detection"", ""action_input"": {""finish_after_tool"": false, ""label"": ""玄铜弧顶缓冲座""}, ""clarification_question"": """", ""decision_type"": ""tool"", ""end_reason"": """", ""final_answer"": """", ""thought"": ""最新状态满足错误状态且可重试一次检测器，需要继续取得结构化状态。""}]","step3:action expected 'migration_advisor', got 'qwen_detection' | step3:finish_after_tool expected True, got False | step3:arg 'use_image' expected True, got None | step3:arg 'use_visual_probe' expected True, got None | step3:arg 'user_query' expected to contain ['流域梯级调度闸站异常额度会核2044号'], got None",7128.19,7113.862,4028,50,0,1,False,True
PROMV12-TB-010-REX-PS3,post_retry_success_step3,失联背景和当前预算并存时只使用显式字段：先使用Rex-Omni检测附件中的玄铜弧顶缓冲座，检测结果仅作为中间状态。最终需要判断流域梯级调度闸站回执分支终签5437号应继续现有能力、结束，还是进入迁移评估。自然语言里的故障等级和预算描述没有路由优先级，只读取本 query 最新 observation 的结构化键值。错误状态仅在 retryable=true 与 retry_count=0 同时成立时复用原检测器一次，否则调用迁移顾问。正常状态需要候选数、置信度、跨提示一致性和域偏移四个门槛全部通过才结束，任一否决项都转迁移。缺省、非法、冲突状态采取保守分支；已经重试一次的结果不能再次触发检测器。检测器必须设置 finish_after_tool=false；迁移顾问使用当前图片和视觉探针并设置 finish_after_tool=true。,True,examples/images/planner_retry_optimizer_matched_v12/darkbronze_arch_buffer.png,"[{""action"": ""rexomni_detection"", ""arg_contains"": {""label"": [""玄铜弧顶缓冲座""]}, ""decision_type"": ""tool"", ""required_args"": {""finish_after_tool"": false}}, {""action"": ""rexomni_detection"", ""arg_contains"": {""label"": [""玄铜弧顶缓冲座""]}, ""decision_type"": ""tool"", ""required_args"": {""finish_after_tool"": false}}, {""arg_contains"": {}, ""decision_type"": ""end"", ""required_args"": {""end_reason"": ""memory_hit""}}]","[""rag_answer"", ""re_question"", ""answerer"", ""flux-image-generation"", ""qwen_detection"", ""pipeline_eval"", ""migration_advisor""]","{""action_match"": 0.65, ""argument_match"": 0.1, ""decision_type_valid"": 0.03, ""final_tool_finish"": 0.1, ""finish_after_tool"": 0.1, ""json_valid"": 0.02, ""no_forbidden_action"": 0.1, ""no_premature_stop"": 0.1, ""no_repeated_tool"": 0.1, ""no_skip_required_probe"": 0.1, ""strict_action_match"": true, ""strict_argument_types"": true, ""wrong_action_cap"": 0.2}",False,0.671875,"[""rexomni_detection"", ""migration_advisor"", ""final_answer""]",rexomni_detection,"[{""_planner_metrics"": {""api_call_ms"": 7190.051, ""first_api_call_ms"": 7190.051, ""first_finish_reason"": ""stop"", ""first_input_tokens"": 4032, ""first_output_tokens"": 51, ""first_total_tokens"": 4083, ""input_tokens"": 4032, ""output_tokens"": 51, ""parse_ms"": 0.148, ""planner_total_ms"": 7205.215, ""prompt_build_ms"": 0.482, ""retry_count"": 0, ""retry_reason"": """", ""total_tokens"": 4083}, ""action"": ""rexomni_detection"", ""action_input"": {""finish_after_tool"": false, ""label"": ""玄铜弧顶缓冲座""}, ""clarification_question"": """", ""decision_type"": ""tool"", ""end_reason"": """", ""final_answer"": """", ""thought"": ""先执行用户指定的检测器以取得当前结构化状态。""}, {""_planner_metrics"": {""api_call_ms"": 10388.572, ""first_api_call_ms"": 10388.572, ""first_finish_reason"": ""stop"", ""first_input_tokens"": 4341, ""first_output_tokens"": 74, ""first_total_tokens"": 4415, ""input_tokens"": 4341, ""output_tokens"": 74, ""parse_ms"": 0.172, ""planner_total_ms"": 10403.574, ""prompt_build_ms"": 0.515, ""retry_count"": 0, ""retry_reason"": """", ""total_tokens"": 4415}, ""action"": ""migration_advisor"", ""action_input"": {""finish_after_tool"": true, ""use_image"": true, ""use_visual_probe"": true, ""user_query"": ""流域梯级调度闸站回执分支终签5437号""}, ""clarification_question"": """", ""decision_type"": ""tool"", ""end_reason"": """", ""final_answer"": """", ""thought"": ""最新状态未满足结束或重试条件，需要进入能力迁移评估。""}, {""_planner_metrics"": {""api_call_ms"": 5548.677, ""first_api_call_ms"": 5548.677, ""first_finish_reason"": ""stop"", ""first_input_tokens"": 4675, ""first_output_tokens"": 32, ""first_total_tokens"": 4707, ""input_tokens"": 4675, ""output_tokens"": 32, ""parse_ms"": 0.138, ""planner_total_ms"": 5565.064, ""prompt_build_ms"": 0.498, ""retry_count"": 0, ""retry_reason"": """", ""total_tokens"": 4707}, ""action"": ""final_answer"", ""action_input"": {}, ""clarification_question"": """", ""decision_type"": ""end"", ""end_reason"": ""memory_hit"", ""final_answer"": """", ""thought"": ""最新状态已满足结束条件，可以终止本轮规划。""}]","step2:action expected 'rexomni_detection', got 'migration_advisor' | step2:finish_after_tool expected False, got True | step2:arg 'label' expected to contain ['玄铜弧顶缓冲座'], got None | forbidden:migration_advisor",7205.215,7190.051,4032,51,0,1,False,True
PROMV12-TB-010-QWEN-PS3,post_retry_success_step3,失联背景和当前预算并存时只使用显式字段：先使用Qwen检测附件中的玄铜弧顶缓冲座，检测结果仅作为中间状态。最终需要判断流域梯级调度闸站回执分支终签5437号应继续现有能力、结束，还是进入迁移评估。自然语言里的故障等级和预算描述没有路由优先级，只读取本 query 最新 observation 的结构化键值。错误状态仅在 retryable=true 与 retry_count=0 同时成立时复用原检测器一次，否则调用迁移顾问。正常状态需要候选数、置信度、跨提示一致性和域偏移四个门槛全部通过才结束，任一否决项都转迁移。缺省、非法、冲突状态采取保守分支；已经重试一次的结果不能再次触发检测器。检测器必须设置 finish_after_tool=false；迁移顾问使用当前图片和视觉探针并设置 finish_after_tool=true。,True,examples/images/planner_retry_optimizer_matched_v12/darkbronze_arch_buffer.png,"[{""action"": ""qwen_detection"", ""arg_contains"": {""label"": [""玄铜弧顶缓冲座""]}, ""decision_type"": ""tool"", ""required_args"": {""finish_after_tool"": false}}, {""action"": ""qwen_detection"", ""arg_contains"": {""label"": [""玄铜弧顶缓冲座""]}, ""decision_type"": ""tool"", ""required_args"": {""finish_after_tool"": false}}, {""arg_contains"": {}, ""decision_type"": ""end"", ""required_args"": {""end_reason"": ""memory_hit""}}]","[""rag_answer"", ""re_question"", ""answerer"", ""flux-image-generation"", ""rexomni_detection"", ""pipeline_eval"", ""migration_advisor""]","{""action_match"": 0.65, ""argument_match"": 0.1, ""decision_type_valid"": 0.03, ""final_tool_finish"": 0.1, ""finish_after_tool"": 0.1, ""json_valid"": 0.02, ""no_forbidden_action"": 0.1, ""no_premature_stop"": 0.1, ""no_repeated_tool"": 0.1, ""no_skip_required_probe"": 0.1, ""strict_action_match"": true, ""strict_argument_types"": true, ""wrong_action_cap"": 0.2}",False,0.75625,"[""qwen_detection"", ""qwen_detection"", ""qwen_detection""]",qwen_detection,"[{""_planner_metrics"": {""api_call_ms"": 7209.219, ""first_api_call_ms"": 7209.219, ""first_finish_reason"": ""stop"", ""first_input_tokens"": 4026, ""first_output_tokens"": 50, ""first_total_tokens"": 4076, ""input_tokens"": 4026, ""output_tokens"": 50, ""parse_ms"": 0.153, ""planner_total_ms"": 7223.882, ""prompt_build_ms"": 0.414, ""retry_count"": 0, ""retry_reason"": """", ""total_tokens"": 4076}, ""action"": ""qwen_detection"", ""action_input"": {""finish_after_tool"": false, ""label"": ""玄铜弧顶缓冲座""}, ""clarification_question"": """", ""decision_type"": ""tool"", ""end_reason"": """", ""final_answer"": """", ""thought"": ""先执行用户指定的检测器以取得当前结构化状态。""}, {""_planner_metrics"": {""api_call_ms"": 7549.366, ""first_api_call_ms"": 7549.366, ""first_finish_reason"": ""stop"", ""first_input_tokens"": 4337, ""first_output_tokens"": 52, ""first_total_tokens"": 4389, ""input_tokens"": 4337, ""output_tokens"": 52, ""parse_ms"": 0.136, ""planner_total_ms"": 7564.501, ""prompt_build_ms"": 0.508, ""retry_count"": 0, ""retry_reason"": """", ""total_tokens"": 4389}, ""action"": ""qwen_detection"", ""action_input"": {""finish_after_tool"": false, ""label"": ""玄铜弧顶缓冲座""}, ""clarification_question"": """", ""decision_type"": ""tool"", ""end_reason"": """", ""final_answer"": """", ""thought"": ""最新状态满足错误复用条件，需要再次使用同一检测器。""}, {""_planner_metrics"": {""api_call_ms"": 8138.568, ""first_api_call_ms"": 8138.568, ""first_finish_reason"": ""stop"", ""first_input_tokens"": 4640, ""first_output_tokens"": 56, ""first_total_tokens"": 4696, ""input_tokens"": 4640, ""output_tokens"": 56, ""parse_ms"": 0.234, ""planner_total_ms"": 8154.505, ""prompt_build_ms"": 0.498, ""retry_count"": 0, ""retry_reason"": """", ""total_tokens"": 4696}, ""action"": ""qwen_detection"", ""action_input"": {""finish_after_tool"": false, ""label"": ""玄铜弧顶缓冲座""}, ""clarification_question"": """", ""decision_type"": ""tool"", ""end_reason"": """", ""final_answer"": """", ""thought"": ""最新状态未满足结束或迁移条件，需要继续检测以更新结构化键值。""}]","step3:decision_type expected 'end', got 'tool' | step3:action expected 'end', got 'qwen_detection' | step3:arg 'end_reason' expected 'memory_hit', got ''",7223.882,7209.219,4026,50,0,1,False,True
PROMV12-TB-010-REX-MS2,missing_required_state_step2,失联背景和当前预算并存时只使用显式字段：先使用Rex-Omni检测附件中的玄铜弧顶缓冲座，检测结果仅作为中间状态。最终需要判断流域梯级调度闸站回执分支终签5437号应继续现有能力、结束，还是进入迁移评估。自然语言里的故障等级和预算描述没有路由优先级，只读取本 query 最新 observation 的结构化键值。错误状态仅在 retryable=true 与 retry_count=0 同时成立时复用原检测器一次，否则调用迁移顾问。正常状态需要候选数、置信度、跨提示一致性和域偏移四个门槛全部通过才结束，任一否决项都转迁移。缺省、非法、冲突状态采取保守分支；已经重试一次的结果不能再次触发检测器。检测器必须设置 finish_after_tool=false；迁移顾问使用当前图片和视觉探针并设置 finish_after_tool=true。,True,examples/images/planner_retry_optimizer_matched_v12/darkbronze_arch_buffer.png,"[{""action"": ""rexomni_detection"", ""arg_contains"": {""label"": [""玄铜弧顶缓冲座""]}, ""decision_type"": ""tool"", ""required_args"": {""finish_after_tool"": false}}, {""action"": ""migration_advisor"", ""arg_contains"": {""user_query"": [""流域梯级调度闸站回执分支终签5437号""]}, ""decision_type"": ""tool"", ""required_args"": {""finish_after_tool"": true, ""use_image"": true, ""use_visual_probe"": true}}]","[""rag_answer"", ""re_question"", ""answerer"", ""flux-image-generation"", ""qwen_detection"", ""pipeline_eval""]","{""action_match"": 0.65, ""argument_match"": 0.1, ""decision_type_valid"": 0.03, ""final_tool_finish"": 0.1, ""finish_after_tool"": 0.1, ""json_valid"": 0.02, ""no_forbidden_action"": 0.1, ""no_premature_stop"": 0.1, ""no_repeated_tool"": 0.1, ""no_skip_required_probe"": 0.1, ""strict_action_match"": true, ""strict_argument_types"": true, ""wrong_action_cap"": 0.2}",True,1.0,"[""rexomni_detection"", ""migration_advisor""]",rexomni_detection,"[{""_planner_metrics"": {""api_call_ms"": 7194.134, ""first_api_call_ms"": 7194.134, ""first_finish_reason"": ""stop"", ""first_input_tokens"": 4032, ""first_output_tokens"": 51, ""first_total_tokens"": 4083, ""input_tokens"": 4032, ""output_tokens"": 51, ""parse_ms"": 0.151, ""planner_total_ms"": 7208.982, ""prompt_build_ms"": 0.457, ""retry_count"": 0, ""retry_reason"": """", ""total_tokens"": 4083}, ""action"": ""rexomni_detection"", ""action_input"": {""finish_after_tool"": false, ""label"": ""玄铜弧顶缓冲座""}, ""clarification_question"": """", ""decision_type"": ""tool"", ""end_reason"": """", ""final_answer"": """", ""thought"": ""先执行用户指定的检测器以取得当前结构化状态。""}, {""_planner_metrics"": {""api_call_ms"": 9997.471, ""first_api_call_ms"": 9997.471, ""first_finish_reason"": ""stop"", ""first_input_tokens"": 4337, ""first_output_tokens"": 74, ""first_total_tokens"": 4411, ""input_tokens"": 4337, ""output_tokens"": 74, ""parse_ms"": 0.157, ""planner_total_ms"": 10014.086, ""prompt_build_ms"": 0.507, ""retry_count"": 0, ""retry_reason"": """", ""total_tokens"": 4411}, ""action"": ""migration_advisor"", ""action_input"": {""finish_after_tool"": true, ""use_image"": true, ""use_visual_probe"": true, ""user_query"": ""流域梯级调度闸站回执分支终签5437号""}, ""clarification_question"": """", ""decision_type"": ""tool"", ""end_reason"": """", ""final_answer"": """", ""thought"": ""最新状态未满足结束或重试条件，需要进入能力迁移评估。""}]",,7208.982,7194.134,4032,51,1,1,True,False
PROMV12-TB-002-QWEN-PS3,post_retry_success_step3,能力迁移已候场，先核验最新探针回执：先使用Qwen检测附件中的金橙五星复检片，检测结果仅作为中间状态。最终需要判断甚低频射电阵列探针恢复复议3574号应继续现有能力、结束，还是进入迁移评估。自然语言里的故障等级和预算描述没有路由优先级，只读取本 query 最新 observation 的结构化键值。错误状态仅在 retryable=true 与 retry_count=0 同时成立时复用原检测器一次，否则调用迁移顾问。正常状态需要候选数、置信度、跨提示一致性和域偏移四个门槛全部通过才结束，任一否决项都转迁移。缺省、非法、冲突状态采取保守分支；已经重试一次的结果不能再次触发检测器。检测器必须设置 finish_after_tool=false；迁移顾问使用当前图片和视觉探针并设置 finish_after_tool=true。,True,examples/images/planner_retry_optimizer_matched_v12/goldorange_five_star_recheck.png,"[{""action"": ""qwen_detection"", ""arg_contains"": {""label"": [""金橙五星复检片""]}, ""decision_type"": ""tool"", ""required_args"": {""finish_after_tool"": false}}, {""action"": ""qwen_detection"", ""arg_contains"": {""label"": [""金橙五星复检片""]}, ""decision_type"": ""tool"", ""required_args"": {""finish_after_tool"": false}}, {""arg_contains"": {}, ""decision_type"": ""end"", ""required_args"": {""end_reason"": ""memory_hit""}}]","[""rag_answer"", ""re_question"", ""answerer"", ""flux-image-generation"", ""rexomni_detection"", ""pipeline_eval"", ""migration_advisor""]","{""action_match"": 0.65, ""argument_match"": 0.1, ""decision_type_valid"": 0.03, ""final_tool_finish"": 0.1, ""finish_after_tool"": 0.1, ""json_valid"": 0.02, ""no_forbidden_action"": 0.1, ""no_premature_stop"": 0.1, ""no_repeated_tool"": 0.1, ""no_skip_required_probe"": 0.1, ""strict_action_match"": true, ""strict_argument_types"": true, ""wrong_action_cap"": 0.2}",False,0.428125,"[""qwen_detection"", ""migration_advisor"", ""migration_advisor""]",qwen_detection,"[{""_planner_metrics"": {""api_call_ms"": 6989.575, ""first_api_call_ms"": 6989.575, ""first_finish_reason"": ""stop"", ""first_input_tokens"": 4021, ""first_output_tokens"": 49, ""first_total_tokens"": 4070, ""input_tokens"": 4021, ""output_tokens"": 49, ""parse_ms"": 0.149, ""planner_total_ms"": 7003.725, ""prompt_build_ms"": 0.47, ""retry_count"": 0, ""retry_reason"": """", ""total_tokens"": 4070}, ""action"": ""qwen_detection"", ""action_input"": {""finish_after_tool"": false, ""label"": ""金橙五星复检片""}, ""clarification_question"": """", ""decision_type"": ""tool"", ""end_reason"": """", ""final_answer"": """", ""thought"": ""先使用用户指定的检测器对当前图片进行探针。""}, {""_planner_metrics"": {""api_call_ms"": 9772.353, ""first_api_call_ms"": 9772.353, ""first_finish_reason"": ""stop"", ""first_input_tokens"": 4326, ""first_output_tokens"": 72, ""first_total_tokens"": 4398, ""input_tokens"": 4326, ""output_tokens"": 72, ""parse_ms"": 0.144, ""planner_total_ms"": 9788.424, ""prompt_build_ms"": 0.5, ""retry_count"": 0, ""retry_reason"": """", ""total_tokens"": 4398}, ""action"": ""migration_advisor"", ""action_input"": {""finish_after_tool"": true, ""use_image"": true, ""use_visual_probe"": true, ""user_query"": ""甚低频射电阵列探针恢复复议3574号""}, ""clarification_question"": """", ""decision_type"": ""tool"", ""end_reason"": """", ""final_answer"": """", ""thought"": ""最新状态未满足结束或重试条件，需要进入能力迁移评估。""}, {""_planner_metrics"": {""api_call_ms"": 9974.355, ""first_api_call_ms"": 9974.355, ""first_finish_reason"": ""stop"", ""first_input_tokens"": 4654, ""first_output_tokens"": 72, ""first_total_tokens"": 4726, ""input_tokens"": 4654, ""output_tokens"": 72, ""parse_ms"": 0.149, ""planner_total_ms"": 9988.895, ""prompt_build_ms"": 0.502, ""retry_count"": 0, ""retry_reason"": """", ""total_tokens"": 4726}, ""action"": ""migration_advisor"", ""action_input"": {""finish_after_tool"": true, ""use_image"": true, ""use_visual_probe"": true, ""user_query"": ""甚低频射电阵列探针恢复复议3574号""}, ""clarification_question"": """", ""decision_type"": ""tool"", ""end_reason"": """", ""final_answer"": """", ""thought"": ""最新状态未满足结束或重试条件，需要进入能力迁移评估。""}]","step2:action expected 'qwen_detection', got 'migration_advisor' | step2:finish_after_tool expected False, got True | step2:arg 'label' expected to contain ['金橙五星复检片'], got None | step3:decision_type expected 'end', got 'tool' | step3:action expected 'end', got 'migration_advisor' | step3:arg 'end_reason' expected 'memory_hit', got '' | forbidden:migration_advisor | forbidden:migration_advisor",7003.725,6989.575,4021,49,0,1,False,True
PROMV12-TB-007-REX-CF2,conflicting_state_step2,失联背景和当前预算并存时只使用显式字段：先使用Rex-Omni检测附件中的玄铜弧顶缓冲座，检测结果仅作为中间状态。最终需要判断碳化硅陶瓷烧结台探针恢复复议4867号应继续现有能力、结束，还是进入迁移评估。自然语言里的故障等级和预算描述没有路由优先级，只读取本 query 最新 observation 的结构化键值。错误状态仅在 retryable=true 与 retry_count=0 同时成立时复用原检测器一次，否则调用迁移顾问。正常状态需要候选数、置信度、跨提示一致性和域偏移四个门槛全部通过才结束，任一否决项都转迁移。缺省、非法、冲突状态采取保守分支；已经重试一次的结果不能再次触发检测器。检测器必须设置 finish_after_tool=false；迁移顾问使用当前图片和视觉探针并设置 finish_after_tool=true。,True,examples/images/planner_retry_optimizer_matched_v12/darkbronze_arch_buffer.png,"[{""action"": ""rexomni_detection"", ""arg_contains"": {""label"": [""玄铜弧顶缓冲座""]}, ""decision_type"": ""tool"", ""required_args"": {""finish_after_tool"": false}}, {""action"": ""migration_advisor"", ""arg_contains"": {""user_query"": [""碳化硅陶瓷烧结台探针恢复复议4867号""]}, ""decision_type"": ""tool"", ""required_args"": {""finish_after_tool"": true, ""use_image"": true, ""use_visual_probe"": true}}]","[""rag_answer"", ""re_question"", ""answerer"", ""flux-image-generation"", ""qwen_detection"", ""pipeline_eval""]","{""action_match"": 0.65, ""argument_match"": 0.1, ""decision_type_valid"": 0.03, ""final_tool_finish"": 0.1, ""finish_after_tool"": 0.1, ""json_valid"": 0.02, ""no_forbidden_action"": 0.1, ""no_premature_stop"": 0.1, ""no_repeated_tool"": 0.1, ""no_skip_required_probe"": 0.1, ""strict_action_match"": true, ""strict_argument_types"": true, ""wrong_action_cap"": 0.2}",True,1.0,"[""rexomni_detection"", ""migration_advisor""]",rexomni_detection,"[{""_planner_metrics"": {""api_call_ms"": 7237.156, ""first_api_call_ms"": 7237.156, ""first_finish_reason"": ""stop"", ""first_input_tokens"": 4028, ""first_output_tokens"": 51, ""first_total_tokens"": 4079, ""input_tokens"": 4028, ""output_tokens"": 51, ""parse_ms"": 0.165, ""planner_total_ms"": 7250.616, ""prompt_build_ms"": 0.442, ""retry_count"": 0, ""retry_reason"": """", ""total_tokens"": 4079}, ""action"": ""rexomni_detection"", ""action_input"": {""finish_after_tool"": false, ""label"": ""玄铜弧顶缓冲座""}, ""clarification_question"": """", ""decision_type"": ""tool"", ""end_reason"": """", ""final_answer"": """", ""thought"": ""先执行用户指定的检测器以取得当前结构化状态。""}, {""_planner_metrics"": {""api_call_ms"": 9834.356, ""first_api_call_ms"": 9834.356, ""first_finish_reason"": ""stop"", ""first_input_tokens"": 4326, ""first_output_tokens"": 72, ""first_total_tokens"": 4398, ""input_tokens"": 4326, ""output_tokens"": 72, ""parse_ms"": 0.149, ""planner_total_ms"": 9848.49, ""prompt_build_ms"": 0.527, ""retry_count"": 0, ""retry_reason"": """", ""total_tokens"": 4398}, ""action"": ""migration_advisor"", ""action_input"": {""finish_after_tool"": true, ""use_image"": true, ""use_visual_probe"": true, ""user_query"": ""碳化硅陶瓷烧结台探针恢复复议4867号""}, ""clarification_question"": """", ""decision_type"": ""tool"", ""end_reason"": """", ""final_answer"": """", ""thought"": ""最新状态未满足结束或迁移条件，需要继续按规则推进。""}]",,7250.616,7237.156,4028,51,1,1,True,False
PROMV12-TB-010-REX-CS2,current_success_step2,失联背景和当前预算并存时只使用显式字段：先使用Rex-Omni检测附件中的玄铜弧顶缓冲座，检测结果仅作为中间状态。最终需要判断流域梯级调度闸站回执分支终签5437号应继续现有能力、结束，还是进入迁移评估。自然语言里的故障等级和预算描述没有路由优先级，只读取本 query 最新 observation 的结构化键值。错误状态仅在 retryable=true 与 retry_count=0 同时成立时复用原检测器一次，否则调用迁移顾问。正常状态需要候选数、置信度、跨提示一致性和域偏移四个门槛全部通过才结束，任一否决项都转迁移。缺省、非法、冲突状态采取保守分支；已经重试一次的结果不能再次触发检测器。检测器必须设置 finish_after_tool=false；迁移顾问使用当前图片和视觉探针并设置 finish_after_tool=true。,True,examples/images/planner_retry_optimizer_matched_v12/darkbronze_arch_buffer.png,"[{""action"": ""rexomni_detection"", ""arg_contains"": {""label"": [""玄铜弧顶缓冲座""]}, ""decision_type"": ""tool"", ""required_args"": {""finish_after_tool"": false}}, {""arg_contains"": {}, ""decision_type"": ""end"", ""required_args"": {""end_reason"": ""memory_hit""}}]","[""rag_answer"", ""re_question"", ""answerer"", ""flux-image-generation"", ""qwen_detection"", ""pipeline_eval"", ""migration_advisor""]","{""action_match"": 0.65, ""argument_match"": 0.1, ""decision_type_valid"": 0.03, ""final_tool_finish"": 0.1, ""finish_after_tool"": 0.1, ""json_valid"": 0.02, ""no_forbidden_action"": 0.1, ""no_premature_stop"": 0.1, ""no_repeated_tool"": 0.1, ""no_skip_required_probe"": 0.1, ""strict_action_match"": true, ""strict_argument_types"": true, ""wrong_action_cap"": 0.2}",False,0.617391,"[""rexomni_detection"", ""migration_advisor""]",rexomni_detection,"[{""_planner_metrics"": {""api_call_ms"": 7275.756, ""first_api_call_ms"": 7275.756, ""first_finish_reason"": ""stop"", ""first_input_tokens"": 4029, ""first_output_tokens"": 51, ""first_total_tokens"": 4080, ""input_tokens"": 4029, ""output_tokens"": 51, ""parse_ms"": 0.179, ""planner_total_ms"": 7289.362, ""prompt_build_ms"": 0.423, ""retry_count"": 0, ""retry_reason"": """", ""total_tokens"": 4080}, ""action"": ""rexomni_detection"", ""action_input"": {""finish_after_tool"": false, ""label"": ""玄铜弧顶缓冲座""}, ""clarification_question"": """", ""decision_type"": ""tool"", ""end_reason"": """", ""final_answer"": """", ""thought"": ""先执行用户指定的检测器以取得当前结构化状态。""}, {""_planner_metrics"": {""api_call_ms"": 10064.256, ""first_api_call_ms"": 10064.256, ""first_finish_reason"": ""stop"", ""first_input_tokens"": 4337, ""first_output_tokens"": 74, ""first_total_tokens"": 4411, ""input_tokens"": 4337, ""output_tokens"": 74, ""parse_ms"": 0.232, ""planner_total_ms"": 10079.581, ""prompt_build_ms"": 0.513, ""retry_count"": 0, ""retry_reason"": """", ""total_tokens"": 4411}, ""action"": ""migration_advisor"", ""action_input"": {""finish_after_tool"": true, ""use_image"": true, ""use_visual_probe"": true, ""user_query"": ""流域梯级调度闸站回执分支终签5437号""}, ""clarification_question"": """", ""decision_type"": ""tool"", ""end_reason"": """", ""final_answer"": """", ""thought"": ""最新状态未满足结束或迁移条件，需要继续按规则推进。""}]","step2:decision_type expected 'end', got 'tool' | step2:action expected 'end', got 'migration_advisor' | step2:arg 'end_reason' expected 'memory_hit', got '' | forbidden:migration_advisor",7289.362,7275.756,4029,51,0,1,False,True
PROMV12-TB-004-REX-MS2,missing_required_state_step2,读取这次机器状态并选择唯一动作：先使用Rex-Omni检测附件中的金橙五星复检片，检测结果仅作为中间状态。最终需要判断碳化硅陶瓷烧结台回执分支终签7625号应继续现有能力、结束，还是进入迁移评估。自然语言里的故障等级和预算描述没有路由优先级，只读取本 query 最新 observation 的结构化键值。错误状态仅在 retryable=true 与 retry_count=0 同时成立时复用原检测器一次，否则调用迁移顾问。正常状态需要候选数、置信度、跨提示一致性和域偏移四个门槛全部通过才结束，任一否决项都转迁移。缺省、非法、冲突状态采取保守分支；已经重试一次的结果不能再次触发检测器。检测器必须设置 finish_after_tool=false；迁移顾问使用当前图片和视觉探针并设置 finish_after_tool=true。,True,examples/images/planner_retry_optimizer_matched_v12/goldorange_five_star_recheck.png,"[{""action"": ""rexomni_detection"", ""arg_contains"": {""label"": [""金橙五星复检片""]}, ""decision_type"": ""tool"", ""required_args"": {""finish_after_tool"": false}}, {""action"": ""migration_advisor"", ""arg_contains"": {""user_query"": [""碳化硅陶瓷烧结台回执分支终签7625号""]}, ""decision_type"": ""tool"", ""required_args"": {""finish_after_tool"": true, ""use_image"": true, ""use_visual_probe"": true}}]","[""rag_answer"", ""re_question"", ""answerer"", ""flux-image-generation"", ""qwen_detection"", ""pipeline_eval""]","{""action_match"": 0.65, ""argument_match"": 0.1, ""decision_type_valid"": 0.03, ""final_tool_finish"": 0.1, ""finish_after_tool"": 0.1, ""json_valid"": 0.02, ""no_forbidden_action"": 0.1, ""no_premature_stop"": 0.1, ""no_repeated_tool"": 0.1, ""no_skip_required_probe"": 0.1, ""strict_action_match"": true, ""strict_argument_types"": true, ""wrong_action_cap"": 0.2}",True,1.0,"[""rexomni_detection"", ""migration_advisor""]",rexomni_detection,"[{""_planner_metrics"": {""api_call_ms"": 7166.339, ""first_api_call_ms"": 7166.339, ""first_finish_reason"": ""stop"", ""first_input_tokens"": 4023, ""first_output_tokens"": 50, ""first_total_tokens"": 4073, ""input_tokens"": 4023, ""output_tokens"": 50, ""parse_ms"": 0.141, ""planner_total_ms"": 7182.441, ""prompt_build_ms"": 0.505, ""retry_count"": 0, ""retry_reason"": """", ""total_tokens"": 4073}, ""action"": ""rexomni_detection"", ""action_input"": {""finish_after_tool"": false, ""label"": ""金橙五星复检片""}, ""clarification_question"": """", ""decision_type"": ""tool"", ""end_reason"": """", ""final_answer"": """", ""thought"": ""先执行用户指定的检测器以取得当前结构化状态。""}, {""_planner_metrics"": {""api_call_ms"": 9897.833, ""first_api_call_ms"": 9897.833, ""first_finish_reason"": ""stop"", ""first_input_tokens"": 4327, ""first_output_tokens"": 73, ""first_total_tokens"": 4400, ""input_tokens"": 4327, ""output_tokens"": 73, ""parse_ms"": 0.149, ""planner_total_ms"": 9912.181, ""prompt_build_ms"": 0.479, ""retry_count"": 0, ""retry_reason"": """", ""total_tokens"": 4400}, ""action"": ""migration_advisor"", ""action_input"": {""finish_after_tool"": true, ""use_image"": true, ""use_visual_probe"": true, ""user_query"": ""碳化硅陶瓷烧结台回执分支终签7625号""}, ""clarification_question"": """", ""decision_type"": ""tool"", ""end_reason"": """", ""final_answer"": """", ""thought"": ""最新状态未满足结束或重试条件，需要进入能力迁移评估。""}]",,7182.441,7166.339,4023,50,1,1,True,False
PROMV12-TB-009-REX-PS3,post_retry_success_step3,能力迁移已候场，先核验最新探针回执：先使用Rex-Omni检测附件中的金橙五星复检片，检测结果仅作为中间状态。最终需要判断林区无人机补给舱探针恢复复议6446号应继续现有能力、结束，还是进入迁移评估。自然语言里的故障等级和预算描述没有路由优先级，只读取本 query 最新 observation 的结构化键值。错误状态仅在 retryable=true 与 retry_count=0 同时成立时复用原检测器一次，否则调用迁移顾问。正常状态需要候选数、置信度、跨提示一致性和域偏移四个门槛全部通过才结束，任一否决项都转迁移。缺省、非法、冲突状态采取保守分支；已经重试一次的结果不能再次触发检测器。检测器必须设置 finish_after_tool=false；迁移顾问使用当前图片和视觉探针并设置 finish_after_tool=true。,True,examples/images/planner_retry_optimizer_matched_v12/goldorange_five_star_recheck.png,"[{""action"": ""rexomni_detection"", ""arg_contains"": {""label"": [""金橙五星复检片""]}, ""decision_type"": ""tool"", ""required_args"": {""finish_after_tool"": false}}, {""action"": ""rexomni_detection"", ""arg_contains"": {""label"": [""金橙五星复检片""]}, ""decision_type"": ""tool"", ""required_args"": {""finish_after_tool"": false}}, {""arg_contains"": {}, ""decision_type"": ""end"", ""required_args"": {""end_reason"": ""memory_hit""}}]","[""rag_answer"", ""re_question"", ""answerer"", ""flux-image-generation"", ""qwen_detection"", ""pipeline_eval"", ""migration_advisor""]","{""action_match"": 0.65, ""argument_match"": 0.1, ""decision_type_valid"": 0.03, ""final_tool_finish"": 0.1, ""finish_after_tool"": 0.1, ""json_valid"": 0.02, ""no_forbidden_action"": 0.1, ""no_premature_stop"": 0.1, ""no_repeated_tool"": 0.1, ""no_skip_required_probe"": 0.1, ""strict_action_match"": true, ""strict_argument_types"": true, ""wrong_action_cap"": 0.2}",False,0.428125,"[""rexomni_detection"", ""migration_advisor"", ""migration_advisor""]",rexomni_detection,"[{""_planner_metrics"": {""api_call_ms"": 7107.732, ""first_api_call_ms"": 7107.732, ""first_finish_reason"": ""stop"", ""first_input_tokens"": 4025, ""first_output_tokens"": 50, ""first_total_tokens"": 4075, ""input_tokens"": 4025, ""output_tokens"": 50, ""parse_ms"": 0.144, ""planner_total_ms"": 7121.384, ""prompt_build_ms"": 0.437, ""retry_count"": 0, ""retry_reason"": """", ""total_tokens"": 4075}, ""action"": ""rexomni_detection"", ""action_input"": {""finish_after_tool"": false, ""label"": ""金橙五星复检片""}, ""clarification_question"": """", ""decision_type"": ""tool"", ""end_reason"": """", ""final_answer"": """", ""thought"": ""先执行用户指定的检测器以取得当前结构化状态。""}, {""_planner_metrics"": {""api_call_ms"": 9602.048, ""first_api_call_ms"": 9602.048, ""first_finish_reason"": ""stop"", ""first_input_tokens"": 4337, ""first_output_tokens"": 70, ""first_total_tokens"": 4407, ""input_tokens"": 4337, ""output_tokens"": 70, ""parse_ms"": 0.17, ""planner_total_ms"": 9616.462, ""prompt_build_ms"": 0.464, ""retry_count"": 0, ""retry_reason"": """", ""total_tokens"": 4407}, ""action"": ""migration_advisor"", ""action_input"": {""finish_after_tool"": true, ""use_image"": true, ""use_visual_probe"": true, ""user_query"": ""林区无人机补给舱探针恢复复议6446号""}, ""clarification_question"": """", ""decision_type"": ""tool"", ""end_reason"": """", ""final_answer"": """", ""thought"": ""最新状态未满足结束或重试条件，需要能力迁移评估。""}, {""_planner_metrics"": {""api_call_ms"": 9693.924, ""first_api_call_ms"": 9693.924, ""first_finish_reason"": ""stop"", ""first_input_tokens"": 4668, ""first_output_tokens"": 70, ""first_total_tokens"": 4738, ""input_tokens"": 4668, ""output_tokens"": 70, ""parse_ms"": 0.156, ""planner_total_ms"": 9709.077, ""prompt_build_ms"": 0.481, ""retry_count"": 0, ""retry_reason"": """", ""total_tokens"": 4738}, ""action"": ""migration_advisor"", ""action_input"": {""finish_after_tool"": true, ""use_image"": true, ""use_visual_probe"": true, ""user_query"": ""林区无人机补给舱探针恢复复议6446号""}, ""clarification_question"": """", ""decision_type"": ""tool"", ""end_reason"": """", ""final_answer"": """", ""thought"": ""最新状态未满足结束或重试条件，需要能力迁移评估。""}]","step2:action expected 'rexomni_detection', got 'migration_advisor' | step2:finish_after_tool expected False, got True | step2:arg 'label' expected to contain ['金橙五星复检片'], got None | step3:decision_type expected 'end', got 'tool' | step3:action expected 'end', got 'migration_advisor' | step3:arg 'end_reason' expected 'memory_hit', got '' | forbidden:migration_advisor | forbidden:migration_advisor",7121.384,7107.732,4025,50,0,1,False,True
PROMV12-TB-002-REX-PE3,post_retry_error_step3,能力迁移已候场，先核验最新探针回执：先使用Rex-Omni检测附件中的金橙五星复检片，检测结果仅作为中间状态。最终需要判断甚低频射电阵列探针恢复复议3574号应继续现有能力、结束，还是进入迁移评估。自然语言里的故障等级和预算描述没有路由优先级，只读取本 query 最新 observation 的结构化键值。错误状态仅在 retryable=true 与 retry_count=0 同时成立时复用原检测器一次，否则调用迁移顾问。正常状态需要候选数、置信度、跨提示一致性和域偏移四个门槛全部通过才结束，任一否决项都转迁移。缺省、非法、冲突状态采取保守分支；已经重试一次的结果不能再次触发检测器。检测器必须设置 finish_after_tool=false；迁移顾问使用当前图片和视觉探针并设置 finish_after_tool=true。,True,examples/images/planner_retry_optimizer_matched_v12/goldorange_five_star_recheck.png,"[{""action"": ""rexomni_detection"", ""arg_contains"": {""label"": [""金橙五星复检片""]}, ""decision_type"": ""tool"", ""required_args"": {""finish_after_tool"": false}}, {""action"": ""rexomni_detection"", ""arg_contains"": {""label"": [""金橙五星复检片""]}, ""decision_type"": ""tool"", ""required_args"": {""finish_after_tool"": false}}, {""action"": ""migration_advisor"", ""arg_contains"": {""user_query"": [""甚低频射电阵列探针恢复复议3574号""]}, ""decision_type"": ""tool"", ""required_args"": {""finish_after_tool"": true, ""use_image"": true, ""use_visual_probe"": true}}]","[""rag_answer"", ""re_question"", ""answerer"", ""flux-image-generation"", ""qwen_detection"", ""pipeline_eval""]","{""action_match"": 0.65, ""argument_match"": 0.1, ""decision_type_valid"": 0.03, ""final_tool_finish"": 0.1, ""finish_after_tool"": 0.1, ""json_valid"": 0.02, ""no_forbidden_action"": 0.1, ""no_premature_stop"": 0.1, ""no_repeated_tool"": 0.1, ""no_skip_required_probe"": 0.1, ""strict_action_match"": true, ""strict_argument_types"": true, ""wrong_action_cap"": 0.2}",False,0.703125,"[""rexomni_detection"", ""migration_advisor"", ""migration_advisor""]",rexomni_detection,"[{""_planner_metrics"": {""api_call_ms"": 7117.448, ""first_api_call_ms"": 7117.448, ""first_finish_reason"": ""stop"", ""first_input_tokens"": 4027, ""first_output_tokens"": 50, ""first_total_tokens"": 4077, ""input_tokens"": 4027, ""output_tokens"": 50, ""parse_ms"": 0.158, ""planner_total_ms"": 7131.258, ""prompt_build_ms"": 0.406, ""retry_count"": 0, ""retry_reason"": """", ""total_tokens"": 4077}, ""action"": ""rexomni_detection"", ""action_input"": {""finish_after_tool"": false, ""label"": ""金橙五星复检片""}, ""clarification_question"": """", ""decision_type"": ""tool"", ""end_reason"": """", ""final_answer"": """", ""thought"": ""先执行用户指定的检测器以取得当前结构化状态。""}, {""_planner_metrics"": {""api_call_ms"": 9752.008, ""first_api_call_ms"": 9752.008, ""first_finish_reason"": ""stop"", ""first_input_tokens"": 4332, ""first_output_tokens"": 72, ""first_total_tokens"": 4404, ""input_tokens"": 4332, ""output_tokens"": 72, ""parse_ms"": 0.211, ""planner_total_ms"": 9767.137, ""prompt_build_ms"": 0.53, ""retry_count"": 0, ""retry_reason"": """", ""total_tokens"": 4404}, ""action"": ""migration_advisor"", ""action_input"": {""finish_after_tool"": true, ""use_image"": true, ""use_visual_probe"": true, ""user_query"": ""甚低频射电阵列探针恢复复议3574号""}, ""clarification_question"": """", ""decision_type"": ""tool"", ""end_reason"": """", ""final_answer"": """", ""thought"": ""最新状态未满足结束或重试条件，需要进入能力迁移评估。""}, {""_planner_metrics"": {""api_call_ms"": 9969.298, ""first_api_call_ms"": 9969.298, ""first_finish_reason"": ""stop"", ""first_input_tokens"": 4663, ""first_output_tokens"": 72, ""first_total_tokens"": 4735, ""input_tokens"": 4663, ""output_tokens"": 72, ""parse_ms"": 0.228, ""planner_total_ms"": 9985.352, ""prompt_build_ms"": 0.55, ""retry_count"": 0, ""retry_reason"": """", ""total_tokens"": 4735}, ""action"": ""migration_advisor"", ""action_input"": {""finish_after_tool"": true, ""use_image"": true, ""use_visual_probe"": true, ""user_query"": ""甚低频射电阵列探针恢复复议3574号""}, ""clarification_question"": """", ""decision_type"": ""tool"", ""end_reason"": """", ""final_answer"": """", ""thought"": ""最新状态未满足结束或重试条件，需要进入能力迁移评估。""}]","step2:action expected 'rexomni_detection', got 'migration_advisor' | step2:finish_after_tool expected False, got True | step2:arg 'label' expected to contain ['金橙五星复检片'], got None",7131.258,7117.448,4027,50,0,1,False,True
PROMV12-TB-003-QWEN-FR2,fresh_retry_step2,读取这次机器状态并选择唯一动作：先使用Qwen检测附件中的玄铜弧顶缓冲座，检测结果仅作为中间状态。最终需要判断林区无人机补给舱回执分支终签9158号应继续现有能力、结束，还是进入迁移评估。自然语言里的故障等级和预算描述没有路由优先级，只读取本 query 最新 observation 的结构化键值。错误状态仅在 retryable=true 与 retry_count=0 同时成立时复用原检测器一次，否则调用迁移顾问。正常状态需要候选数、置信度、跨提示一致性和域偏移四个门槛全部通过才结束，任一否决项都转迁移。缺省、非法、冲突状态采取保守分支；已经重试一次的结果不能再次触发检测器。检测器必须设置 finish_after_tool=false；迁移顾问使用当前图片和视觉探针并设置 finish_after_tool=true。,True,examples/images/planner_retry_optimizer_matched_v12/darkbronze_arch_buffer.png,"[{""action"": ""qwen_detection"", ""arg_contains"": {""label"": [""玄铜弧顶缓冲座""]}, ""decision_type"": ""tool"", ""required_args"": {""finish_after_tool"": false}}, {""action"": ""qwen_detection"", ""arg_contains"": {""label"": [""玄铜弧顶缓冲座""]}, ""decision_type"": ""tool"", ""required_args"": {""finish_after_tool"": false}}, {""arg_contains"": {}, ""decision_type"": ""end"", ""required_args"": {""end_reason"": ""memory_hit""}}]","[""rag_answer"", ""re_question"", ""answerer"", ""flux-image-generation"", ""rexomni_detection"", ""pipeline_eval"", ""migration_advisor""]","{""action_match"": 0.65, ""argument_match"": 0.1, ""decision_type_valid"": 0.03, ""final_tool_finish"": 0.1, ""finish_after_tool"": 0.1, ""json_valid"": 0.02, ""no_forbidden_action"": 0.1, ""no_premature_stop"": 0.1, ""no_repeated_tool"": 0.1, ""no_skip_required_probe"": 0.1, ""strict_action_match"": true, ""strict_argument_types"": true, ""wrong_action_cap"": 0.2}",False,0.725,"[""qwen_detection"", ""qwen_detection"", ""migration_advisor""]",qwen_detection,"[{""_planner_metrics"": {""api_call_ms"": 7090.722, ""first_api_call_ms"": 7090.722, ""first_finish_reason"": ""stop"", ""first_input_tokens"": 4016, ""first_output_tokens"": 50, ""first_total_tokens"": 4066, ""input_tokens"": 4016, ""output_tokens"": 50, ""parse_ms"": 0.184, ""planner_total_ms"": 7106.95, ""prompt_build_ms"": 0.5, ""retry_count"": 0, ""retry_reason"": """", ""total_tokens"": 4066}, ""action"": ""qwen_detection"", ""action_input"": {""finish_after_tool"": false, ""label"": ""玄铜弧顶缓冲座""}, ""clarification_question"": """", ""decision_type"": ""tool"", ""end_reason"": """", ""final_answer"": """", ""thought"": ""先执行用户指定的检测器以取得当前结构化状态。""}, {""_planner_metrics"": {""api_call_ms"": 7530.879, ""first_api_call_ms"": 7530.879, ""first_finish_reason"": ""stop"", ""first_input_tokens"": 4329, ""first_output_tokens"": 52, ""first_total_tokens"": 4381, ""input_tokens"": 4329, ""output_tokens"": 52, ""parse_ms"": 0.153, ""planner_total_ms"": 7545.541, ""prompt_build_ms"": 0.511, ""retry_count"": 0, ""retry_reason"": """", ""total_tokens"": 4381}, ""action"": ""qwen_detection"", ""action_input"": {""finish_after_tool"": false, ""label"": ""玄铜弧顶缓冲座""}, ""clarification_question"": """", ""decision_type"": ""tool"", ""end_reason"": """", ""final_answer"": """", ""thought"": ""最新状态满足错误重试条件，需要再次使用同一检测器。""}, {""_planner_metrics"": {""api_call_ms"": 10250.316, ""first_api_call_ms"": 10250.316, ""first_finish_reason"": ""stop"", ""first_input_tokens"": 4637, ""first_output_tokens"": 72, ""first_total_tokens"": 4709, ""input_tokens"": 4637, ""output_tokens"": 72, ""parse_ms"": 0.144, ""planner_total_ms"": 10267.52, ""prompt_build_ms"": 0.57, ""retry_count"": 0, ""retry_reason"": """", ""total_tokens"": 4709}, ""action"": ""migration_advisor"", ""action_input"": {""finish_after_tool"": true, ""use_image"": true, ""use_visual_probe"": true, ""user_query"": ""林区无人机补给舱回执分支终签9158号""}, ""clarification_question"": """", ""decision_type"": ""tool"", ""end_reason"": """", ""final_answer"": """", ""thought"": ""最新状态未满足结束或迁移条件，需要继续按规则推进。""}]","step3:decision_type expected 'end', got 'tool' | step3:action expected 'end', got 'migration_advisor' | step3:arg 'end_reason' expected 'memory_hit', got '' | forbidden:migration_advisor",7106.95,7090.722,4016,50,0,1,False,True
PROMV12-TB-005-QWEN-PS3,post_retry_success_step3,历史文字可能误导，本轮以后写入的 observation 为准：先使用Qwen检测附件中的玄铜弧顶缓冲座，检测结果仅作为中间状态。最终需要判断流域梯级调度闸站异常额度会核2044号应继续现有能力、结束，还是进入迁移评估。自然语言里的故障等级和预算描述没有路由优先级，只读取本 query 最新 observation 的结构化键值。错误状态仅在 retryable=true 与 retry_count=0 同时成立时复用原检测器一次，否则调用迁移顾问。正常状态需要候选数、置信度、跨提示一致性和域偏移四个门槛全部通过才结束，任一否决项都转迁移。缺省、非法、冲突状态采取保守分支；已经重试一次的结果不能再次触发检测器。检测器必须设置 finish_after_tool=false；迁移顾问使用当前图片和视觉探针并设置 finish_after_tool=true。,True,examples/images/planner_retry_optimizer_matched_v12/darkbronze_arch_buffer.png,"[{""action"": ""qwen_detection"", ""arg_contains"": {""label"": [""玄铜弧顶缓冲座""]}, ""decision_type"": ""tool"", ""required_args"": {""finish_after_tool"": false}}, {""action"": ""qwen_detection"", ""arg_contains"": {""label"": [""玄铜弧顶缓冲座""]}, ""decision_type"": ""tool"", ""required_args"": {""finish_after_tool"": false}}, {""arg_contains"": {}, ""decision_type"": ""end"", ""required_args"": {""end_reason"": ""memory_hit""}}]","[""rag_answer"", ""re_question"", ""answerer"", ""flux-image-generation"", ""rexomni_detection"", ""pipeline_eval"", ""migration_advisor""]","{""action_match"": 0.65, ""argument_match"": 0.1, ""decision_type_valid"": 0.03, ""final_tool_finish"": 0.1, ""finish_after_tool"": 0.1, ""json_valid"": 0.02, ""no_forbidden_action"": 0.1, ""no_premature_stop"": 0.1, ""no_repeated_tool"": 0.1, ""no_skip_required_probe"": 0.1, ""strict_action_match"": true, ""strict_argument_types"": true, ""wrong_action_cap"": 0.2}",False,0.75625,"[""qwen_detection"", ""qwen_detection"", ""qwen_detection""]",qwen_detection,"[{""_planner_metrics"": {""api_call_ms"": 7345.07, ""first_api_call_ms"": 7345.07, ""first_finish_reason"": ""stop"", ""first_input_tokens"": 4028, ""first_output_tokens"": 50, ""first_total_tokens"": 4078, ""input_tokens"": 4028, ""output_tokens"": 50, ""parse_ms"": 0.146, ""planner_total_ms"": 7358.782, ""prompt_build_ms"": 0.404, ""retry_count"": 0, ""retry_reason"": """", ""total_tokens"": 4078}, ""action"": ""qwen_detection"", ""action_input"": {""finish_after_tool"": false, ""label"": ""玄铜弧顶缓冲座""}, ""clarification_question"": """", ""decision_type"": ""tool"", ""end_reason"": """", ""final_answer"": """", ""thought"": ""先执行用户指定的检测器以取得当前结构化状态。""}, {""_planner_metrics"": {""api_call_ms"": 7981.915, ""first_api_call_ms"": 7981.915, ""first_finish_reason"": ""stop"", ""first_input_tokens"": 4338, ""first_output_tokens"": 54, ""first_total_tokens"": 4392, ""input_tokens"": 4338, ""output_tokens"": 54, ""parse_ms"": 0.152, ""planner_total_ms"": 7996.559, ""prompt_build_ms"": 0.479, ""retry_count"": 0, ""retry_reason"": """", ""total_tokens"": 4392}, ""action"": ""qwen_detection"", ""action_input"": {""finish_after_tool"": false, ""label"": ""玄铜弧顶缓冲座""}, ""clarification_question"": """", ""decision_type"": ""tool"", ""end_reason"": """", ""final_answer"": """", ""thought"": ""最新状态满足错误状态的重试条件，需要再次使用同一检测器。""}, {""_planner_metrics"": {""api_call_ms"": 7921.841, ""first_api_call_ms"": 7921.841, ""first_finish_reason"": ""stop"", ""first_input_tokens"": 4644, ""first_output_tokens"": 54, ""first_total_tokens"": 4698, ""input_tokens"": 4644, ""output_tokens"": 54, ""parse_ms"": 0.196, ""planner_total_ms"": 7937.468, ""prompt_build_ms"": 0.495, ""retry_count"": 0, ""retry_reason"": """", ""total_tokens"": 4698}, ""action"": ""qwen_detection"", ""action_input"": {""finish_after_tool"": false, ""label"": ""玄铜弧顶缓冲座""}, ""clarification_question"": """", ""decision_type"": ""tool"", ""end_reason"": """", ""final_answer"": """", ""thought"": ""最新状态满足错误状态的重试条件，需要再次使用同一检测器。""}]","step3:decision_type expected 'end', got 'tool' | step3:action expected 'end', got 'qwen_detection' | step3:arg 'end_reason' expected 'memory_hit', got ''",7358.782,7345.07,4028,50,0,1,False,True
PROMV12-TB-004-QWEN-CF2,conflicting_state_step2,读取这次机器状态并选择唯一动作：先使用Qwen检测附件中的金橙五星复检片，检测结果仅作为中间状态。最终需要判断碳化硅陶瓷烧结台回执分支终签7625号应继续现有能力、结束，还是进入迁移评估。自然语言里的故障等级和预算描述没有路由优先级，只读取本 query 最新 observation 的结构化键值。错误状态仅在 retryable=true 与 retry_count=0 同时成立时复用原检测器一次，否则调用迁移顾问。正常状态需要候选数、置信度、跨提示一致性和域偏移四个门槛全部通过才结束，任一否决项都转迁移。缺省、非法、冲突状态采取保守分支；已经重试一次的结果不能再次触发检测器。检测器必须设置 finish_after_tool=false；迁移顾问使用当前图片和视觉探针并设置 finish_after_tool=true。,True,examples/images/planner_retry_optimizer_matched_v12/goldorange_five_star_recheck.png,"[{""action"": ""qwen_detection"", ""arg_contains"": {""label"": [""金橙五星复检片""]}, ""decision_type"": ""tool"", ""required_args"": {""finish_after_tool"": false}}, {""action"": ""migration_advisor"", ""arg_contains"": {""user_query"": [""碳化硅陶瓷烧结台回执分支终签7625号""]}, ""decision_type"": ""tool"", ""required_args"": {""finish_after_tool"": true, ""use_image"": true, ""use_visual_probe"": true}}]","[""rag_answer"", ""re_question"", ""answerer"", ""flux-image-generation"", ""rexomni_detection"", ""pipeline_eval""]","{""action_match"": 0.65, ""argument_match"": 0.1, ""decision_type_valid"": 0.03, ""final_tool_finish"": 0.1, ""finish_after_tool"": 0.1, ""json_valid"": 0.02, ""no_forbidden_action"": 0.1, ""no_premature_stop"": 0.1, ""no_repeated_tool"": 0.1, ""no_skip_required_probe"": 0.1, ""strict_action_match"": true, ""strict_argument_types"": true, ""wrong_action_cap"": 0.2}",True,1.0,"[""qwen_detection"", ""migration_advisor""]",qwen_detection,"[{""_planner_metrics"": {""api_call_ms"": 7018.164, ""first_api_call_ms"": 7018.164, ""first_finish_reason"": ""stop"", ""first_input_tokens"": 4017, ""first_output_tokens"": 49, ""first_total_tokens"": 4066, ""input_tokens"": 4017, ""output_tokens"": 49, ""parse_ms"": 0.147, ""planner_total_ms"": 7031.121, ""prompt_build_ms"": 0.432, ""retry_count"": 0, ""retry_reason"": """", ""total_tokens"": 4066}, ""action"": ""qwen_detection"", ""action_input"": {""finish_after_tool"": false, ""label"": ""金橙五星复检片""}, ""clarification_question"": """", ""decision_type"": ""tool"", ""end_reason"": """", ""final_answer"": """", ""thought"": ""先执行用户指定的检测器以取得当前结构化状态。""}, {""_planner_metrics"": {""api_call_ms"": 9902.168, ""first_api_call_ms"": 9902.168, ""first_finish_reason"": ""stop"", ""first_input_tokens"": 4310, ""first_output_tokens"": 73, ""first_total_tokens"": 4383, ""input_tokens"": 4310, ""output_tokens"": 73, ""parse_ms"": 0.284, ""planner_total_ms"": 9917.111, ""prompt_build_ms"": 0.437, ""retry_count"": 0, ""retry_reason"": """", ""total_tokens"": 4383}, ""action"": ""migration_advisor"", ""action_input"": {""finish_after_tool"": true, ""use_image"": true, ""use_visual_probe"": true, ""user_query"": ""碳化硅陶瓷烧结台回执分支终签7625号""}, ""clarification_question"": """", ""decision_type"": ""tool"", ""end_reason"": """", ""final_answer"": """", ""thought"": ""最新状态未满足结束或重试条件，需要进入能力迁移评估。""}]",,7031.121,7018.164,4017,49,1,1,True,False
PROMV12-TB-010-REX-PV3,post_retry_metric_veto_step3,失联背景和当前预算并存时只使用显式字段：先使用Rex-Omni检测附件中的玄铜弧顶缓冲座，检测结果仅作为中间状态。最终需要判断流域梯级调度闸站回执分支终签5437号应继续现有能力、结束，还是进入迁移评估。自然语言里的故障等级和预算描述没有路由优先级，只读取本 query 最新 observation 的结构化键值。错误状态仅在 retryable=true 与 retry_count=0 同时成立时复用原检测器一次，否则调用迁移顾问。正常状态需要候选数、置信度、跨提示一致性和域偏移四个门槛全部通过才结束，任一否决项都转迁移。缺省、非法、冲突状态采取保守分支；已经重试一次的结果不能再次触发检测器。检测器必须设置 finish_after_tool=false；迁移顾问使用当前图片和视觉探针并设置 finish_after_tool=true。,True,examples/images/planner_retry_optimizer_matched_v12/darkbronze_arch_buffer.png,"[{""action"": ""rexomni_detection"", ""arg_contains"": {""label"": [""玄铜弧顶缓冲座""]}, ""decision_type"": ""tool"", ""required_args"": {""finish_after_tool"": false}}, {""action"": ""rexomni_detection"", ""arg_contains"": {""label"": [""玄铜弧顶缓冲座""]}, ""decision_type"": ""tool"", ""required_args"": {""finish_after_tool"": false}}, {""action"": ""migration_advisor"", ""arg_contains"": {""user_query"": [""流域梯级调度闸站回执分支终签5437号""]}, ""decision_type"": ""tool"", ""required_args"": {""finish_after_tool"": true, ""use_image"": true, ""use_visual_probe"": true}}]","[""rag_answer"", ""re_question"", ""answerer"", ""flux-image-generation"", ""qwen_detection"", ""pipeline_eval""]","{""action_match"": 0.65, ""argument_match"": 0.1, ""decision_type_valid"": 0.03, ""final_tool_finish"": 0.1, ""finish_after_tool"": 0.1, ""json_valid"": 0.02, ""no_forbidden_action"": 0.1, ""no_premature_stop"": 0.1, ""no_repeated_tool"": 0.1, ""no_skip_required_probe"": 0.1, ""strict_action_match"": true, ""strict_argument_types"": true, ""wrong_action_cap"": 0.2}",False,0.428125,"[""rexomni_detection"", ""migration_advisor"", ""final_answer""]",rexomni_detection,"[{""_planner_metrics"": {""api_call_ms"": 7159.605, ""first_api_call_ms"": 7159.605, ""first_finish_reason"": ""stop"", ""first_input_tokens"": 4032, ""first_output_tokens"": 51, ""first_total_tokens"": 4083, ""input_tokens"": 4032, ""output_tokens"": 51, ""parse_ms"": 0.162, ""planner_total_ms"": 7174.312, ""prompt_build_ms"": 0.495, ""retry_count"": 0, ""retry_reason"": """", ""total_tokens"": 4083}, ""action"": ""rexomni_detection"", ""action_input"": {""finish_after_tool"": false, ""label"": ""玄铜弧顶缓冲座""}, ""clarification_question"": """", ""decision_type"": ""tool"", ""end_reason"": """", ""final_answer"": """", ""thought"": ""先执行用户指定的检测器以取得当前结构化状态。""}, {""_planner_metrics"": {""api_call_ms"": 9973.958, ""first_api_call_ms"": 9973.958, ""first_finish_reason"": ""stop"", ""first_input_tokens"": 4346, ""first_output_tokens"": 74, ""first_total_tokens"": 4420, ""input_tokens"": 4346, ""output_tokens"": 74, ""parse_ms"": 0.142, ""planner_total_ms"": 9990.249, ""prompt_build_ms"": 0.466, ""retry_count"": 0, ""retry_reason"": """", ""total_tokens"": 4420}, ""action"": ""migration_advisor"", ""action_input"": {""finish_after_tool"": true, ""use_image"": true, ""use_visual_probe"": true, ""user_query"": ""流域梯级调度闸站回执分支终签5437号""}, ""clarification_question"": """", ""decision_type"": ""tool"", ""end_reason"": """", ""final_answer"": """", ""thought"": ""最新状态未满足结束或重试条件，需要进入能力迁移评估。""}, {""_planner_metrics"": {""api_call_ms"": 5680.626, ""first_api_call_ms"": 5680.626, ""first_finish_reason"": ""stop"", ""first_input_tokens"": 4678, ""first_output_tokens"": 35, ""first_total_tokens"": 4713, ""input_tokens"": 4678, ""output_tokens"": 35, ""parse_ms"": 0.14, ""planner_total_ms"": 5695.887, ""prompt_build_ms"": 0.511, ""retry_count"": 0, ""retry_reason"": """", ""total_tokens"": 4713}, ""action"": ""final_answer"", ""action_input"": {}, ""clarification_question"": """", ""decision_type"": ""end"", ""end_reason"": ""memory_hit"", ""final_answer"": """", ""thought"": ""最新状态未满足结束或重试条件，需要进入能力迁移评估。""}]","step2:action expected 'rexomni_detection', got 'migration_advisor' | step2:finish_after_tool expected False, got True | step2:arg 'label' expected to contain ['玄铜弧顶缓冲座'], got None | step3:decision_type expected 'tool', got 'end' | step3:action expected 'migration_advisor', got 'end' | step3:finish_after_tool expected True, got None | step3:arg 'use_image' expected True, got None | step3:arg 'use_visual_probe' expected True, got None | step3:arg 'user_query' expected to contain ['流域梯级调度闸站回执分支终签5437号'], got None",7174.312,7159.605,4032,51,0,1,False,True
PROMV12-TB-009-REX-PE3,post_retry_error_step3,能力迁移已候场，先核验最新探针回执：先使用Rex-Omni检测附件中的金橙五星复检片，检测结果仅作为中间状态。最终需要判断林区无人机补给舱探针恢复复议6446号应继续现有能力、结束，还是进入迁移评估。自然语言里的故障等级和预算描述没有路由优先级，只读取本 query 最新 observation 的结构化键值。错误状态仅在 retryable=true 与 retry_count=0 同时成立时复用原检测器一次，否则调用迁移顾问。正常状态需要候选数、置信度、跨提示一致性和域偏移四个门槛全部通过才结束，任一否决项都转迁移。缺省、非法、冲突状态采取保守分支；已经重试一次的结果不能再次触发检测器。检测器必须设置 finish_after_tool=false；迁移顾问使用当前图片和视觉探针并设置 finish_after_tool=true。,True,examples/images/planner_retry_optimizer_matched_v12/goldorange_five_star_recheck.png,"[{""action"": ""rexomni_detection"", ""arg_contains"": {""label"": [""金橙五星复检片""]}, ""decision_type"": ""tool"", ""required_args"": {""finish_after_tool"": false}}, {""action"": ""rexomni_detection"", ""arg_contains"": {""label"": [""金橙五星复检片""]}, ""decision_type"": ""tool"", ""required_args"": {""finish_after_tool"": false}}, {""action"": ""migration_advisor"", ""arg_contains"": {""user_query"": [""林区无人机补给舱探针恢复复议6446号""]}, ""decision_type"": ""tool"", ""required_args"": {""finish_after_tool"": true, ""use_image"": true, ""use_visual_probe"": true}}]","[""rag_answer"", ""re_question"", ""answerer"", ""flux-image-generation"", ""qwen_detection"", ""pipeline_eval""]","{""action_match"": 0.65, ""argument_match"": 0.1, ""decision_type_valid"": 0.03, ""final_tool_finish"": 0.1, ""finish_after_tool"": 0.1, ""json_valid"": 0.02, ""no_forbidden_action"": 0.1, ""no_premature_stop"": 0.1, ""no_repeated_tool"": 0.1, ""no_skip_required_probe"": 0.1, ""strict_action_match"": true, ""strict_argument_types"": true, ""wrong_action_cap"": 0.2}",False,0.703125,"[""rexomni_detection"", ""migration_advisor"", ""migration_advisor""]",rexomni_detection,"[{""_planner_metrics"": {""api_call_ms"": 7109.057, ""first_api_call_ms"": 7109.057, ""first_finish_reason"": ""stop"", ""first_input_tokens"": 4025, ""first_output_tokens"": 50, ""first_total_tokens"": 4075, ""input_tokens"": 4025, ""output_tokens"": 50, ""parse_ms"": 0.157, ""planner_total_ms"": 7123.795, ""prompt_build_ms"": 0.452, ""retry_count"": 0, ""retry_reason"": """", ""total_tokens"": 4075}, ""action"": ""rexomni_detection"", ""action_input"": {""finish_after_tool"": false, ""label"": ""金橙五星复检片""}, ""clarification_question"": """", ""decision_type"": ""tool"", ""end_reason"": """", ""final_answer"": """", ""thought"": ""先执行用户指定的检测器以取得当前结构化状态。""}, {""_planner_metrics"": {""api_call_ms"": 9587.69, ""first_api_call_ms"": 9587.69, ""first_finish_reason"": ""stop"", ""first_input_tokens"": 4336, ""first_output_tokens"": 71, ""first_total_tokens"": 4407, ""input_tokens"": 4336, ""output_tokens"": 71, ""parse_ms"": 0.14, ""planner_total_ms"": 9601.669, ""prompt_build_ms"": 0.489, ""retry_count"": 0, ""retry_reason"": """", ""total_tokens"": 4407}, ""action"": ""migration_advisor"", ""action_input"": {""finish_after_tool"": true, ""use_image"": true, ""use_visual_probe"": true, ""user_query"": ""林区无人机补给舱探针恢复复议6446号""}, ""clarification_question"": """", ""decision_type"": ""tool"", ""end_reason"": """", ""final_answer"": """", ""thought"": ""最新状态未满足结束或重试条件，需要进入能力迁移评估。""}, {""_planner_metrics"": {""api_call_ms"": 9836.914, ""first_api_call_ms"": 9836.914, ""first_finish_reason"": ""stop"", ""first_input_tokens"": 4669, ""first_output_tokens"": 71, ""first_total_tokens"": 4740, ""input_tokens"": 4669, ""output_tokens"": 71, ""parse_ms"": 0.17, ""planner_total_ms"": 9851.889, ""prompt_build_ms"": 0.546, ""retry_count"": 0, ""retry_reason"": """", ""total_tokens"": 4740}, ""action"": ""migration_advisor"", ""action_input"": {""finish_after_tool"": true, ""use_image"": true, ""use_visual_probe"": true, ""user_query"": ""林区无人机补给舱探针恢复复议6446号""}, ""clarification_question"": """", ""decision_type"": ""tool"", ""end_reason"": """", ""final_answer"": """", ""thought"": ""最新状态未满足结束或重试条件，需要进入能力迁移评估。""}]","step2:action expected 'rexomni_detection', got 'migration_advisor' | step2:finish_after_tool expected False, got True | step2:arg 'label' expected to contain ['金橙五星复检片'], got None",7123.795,7109.057,4025,50,0,1,False,True
PROMV12-TB-008-REX-MS2,missing_required_state_step2,能力迁移已候场，先核验最新探针回执：先使用Rex-Omni检测附件中的玄铜弧顶缓冲座，检测结果仅作为中间状态。最终需要判断流域梯级调度闸站探针恢复复议4894号应继续现有能力、结束，还是进入迁移评估。自然语言里的故障等级和预算描述没有路由优先级，只读取本 query 最新 observation 的结构化键值。错误状态仅在 retryable=true 与 retry_count=0 同时成立时复用原检测器一次，否则调用迁移顾问。正常状态需要候选数、置信度、跨提示一致性和域偏移四个门槛全部通过才结束，任一否决项都转迁移。缺省、非法、冲突状态采取保守分支；已经重试一次的结果不能再次触发检测器。检测器必须设置 finish_after_tool=false；迁移顾问使用当前图片和视觉探针并设置 finish_after_tool=true。,True,examples/images/planner_retry_optimizer_matched_v12/darkbronze_arch_buffer.png,"[{""action"": ""rexomni_detection"", ""arg_contains"": {""label"": [""玄铜弧顶缓冲座""]}, ""decision_type"": ""tool"", ""required_args"": {""finish_after_tool"": false}}, {""action"": ""migration_advisor"", ""arg_contains"": {""user_query"": [""流域梯级调度闸站探针恢复复议4894号""]}, ""decision_type"": ""tool"", ""required_args"": {""finish_after_tool"": true, ""use_image"": true, ""use_visual_probe"": true}}]","[""rag_answer"", ""re_question"", ""answerer"", ""flux-image-generation"", ""qwen_detection"", ""pipeline_eval""]","{""action_match"": 0.65, ""argument_match"": 0.1, ""decision_type_valid"": 0.03, ""final_tool_finish"": 0.1, ""finish_after_tool"": 0.1, ""json_valid"": 0.02, ""no_forbidden_action"": 0.1, ""no_premature_stop"": 0.1, ""no_repeated_tool"": 0.1, ""no_skip_required_probe"": 0.1, ""strict_action_match"": true, ""strict_argument_types"": true, ""wrong_action_cap"": 0.2}",False,0.586957,"[""rexomni_detection"", ""rexomni_detection""]",rexomni_detection,"[{""_planner_metrics"": {""api_call_ms"": 7209.349, ""first_api_call_ms"": 7209.349, ""first_finish_reason"": ""stop"", ""first_input_tokens"": 4030, ""first_output_tokens"": 51, ""first_total_tokens"": 4081, ""input_tokens"": 4030, ""output_tokens"": 51, ""parse_ms"": 0.148, ""planner_total_ms"": 7224.047, ""prompt_build_ms"": 0.466, ""retry_count"": 0, ""retry_reason"": """", ""total_tokens"": 4081}, ""action"": ""rexomni_detection"", ""action_input"": {""finish_after_tool"": false, ""label"": ""玄铜弧顶缓冲座""}, ""clarification_question"": """", ""decision_type"": ""tool"", ""end_reason"": """", ""final_answer"": """", ""thought"": ""先执行用户指定的检测器以取得当前结构化状态。""}, {""_planner_metrics"": {""api_call_ms"": 7726.398, ""first_api_call_ms"": 7726.398, ""first_finish_reason"": ""stop"", ""first_input_tokens"": 4341, ""first_output_tokens"": 54, ""first_total_tokens"": 4395, ""input_tokens"": 4341, ""output_tokens"": 54, ""parse_ms"": 0.192, ""planner_total_ms"": 7741.516, ""prompt_build_ms"": 0.488, ""retry_count"": 0, ""retry_reason"": """", ""total_tokens"": 4395}, ""action"": ""rexomni_detection"", ""action_input"": {""finish_after_tool"": false, ""label"": ""玄铜弧顶缓冲座""}, ""clarification_question"": """", ""decision_type"": ""tool"", ""end_reason"": """", ""final_answer"": """", ""thought"": ""最新状态未满足结束或迁移条件，需要继续按规则推进。""}]","step2:action expected 'migration_advisor', got 'rexomni_detection' | step2:finish_after_tool expected True, got False | step2:arg 'use_image' expected True, got None | step2:arg 'use_visual_probe' expected True, got None | step2:arg 'user_query' expected to contain ['流域梯级调度闸站探针恢复复议4894号'], got None",7224.047,7209.349,4030,51,0,1,False,True
PROMV12-TB-005-QWEN-NR2,nonretryable_step2,历史文字可能误导，本轮以后写入的 observation 为准：先使用Qwen检测附件中的玄铜弧顶缓冲座，检测结果仅作为中间状态。最终需要判断流域梯级调度闸站异常额度会核2044号应继续现有能力、结束，还是进入迁移评估。自然语言里的故障等级和预算描述没有路由优先级，只读取本 query 最新 observation 的结构化键值。错误状态仅在 retryable=true 与 retry_count=0 同时成立时复用原检测器一次，否则调用迁移顾问。正常状态需要候选数、置信度、跨提示一致性和域偏移四个门槛全部通过才结束，任一否决项都转迁移。缺省、非法、冲突状态采取保守分支；已经重试一次的结果不能再次触发检测器。检测器必须设置 finish_after_tool=false；迁移顾问使用当前图片和视觉探针并设置 finish_after_tool=true。,True,examples/images/planner_retry_optimizer_matched_v12/darkbronze_arch_buffer.png,"[{""action"": ""qwen_detection"", ""arg_contains"": {""label"": [""玄铜弧顶缓冲座""]}, ""decision_type"": ""tool"", ""required_args"": {""finish_after_tool"": false}}, {""action"": ""migration_advisor"", ""arg_contains"": {""user_query"": [""流域梯级调度闸站异常额度会核2044号""]}, ""decision_type"": ""tool"", ""required_args"": {""finish_after_tool"": true, ""use_image"": true, ""use_visual_probe"": true}}]","[""rag_answer"", ""re_question"", ""answerer"", ""flux-image-generation"", ""rexomni_detection"", ""pipeline_eval""]","{""action_match"": 0.65, ""argument_match"": 0.1, ""decision_type_valid"": 0.03, ""final_tool_finish"": 0.1, ""finish_after_tool"": 0.1, ""json_valid"": 0.02, ""no_forbidden_action"": 0.1, ""no_premature_stop"": 0.1, ""no_repeated_tool"": 0.1, ""no_skip_required_probe"": 0.1, ""strict_action_match"": true, ""strict_argument_types"": true, ""wrong_action_cap"": 0.2}",True,1.0,"[""qwen_detection"", ""migration_advisor""]",qwen_detection,"[{""_planner_metrics"": {""api_call_ms"": 7036.81, ""first_api_call_ms"": 7036.81, ""first_finish_reason"": ""stop"", ""first_input_tokens"": 4028, ""first_output_tokens"": 50, ""first_total_tokens"": 4078, ""input_tokens"": 4028, ""output_tokens"": 50, ""parse_ms"": 0.215, ""planner_total_ms"": 7051.342, ""prompt_build_ms"": 0.438, ""retry_count"": 0, ""retry_reason"": """", ""total_tokens"": 4078}, ""action"": ""qwen_detection"", ""action_input"": {""finish_after_tool"": false, ""label"": ""玄铜弧顶缓冲座""}, ""clarification_question"": """", ""decision_type"": ""tool"", ""end_reason"": """", ""final_answer"": """", ""thought"": ""先执行用户指定的检测器以取得当前结构化状态。""}, {""_planner_metrics"": {""api_call_ms"": 9972.758, ""first_api_call_ms"": 9972.758, ""first_finish_reason"": ""stop"", ""first_input_tokens"": 4340, ""first_output_tokens"": 74, ""first_total_tokens"": 4414, ""input_tokens"": 4340, ""output_tokens"": 74, ""parse_ms"": 0.172, ""planner_total_ms"": 9987.746, ""prompt_build_ms"": 0.55, ""retry_count"": 0, ""retry_reason"": """", ""total_tokens"": 4414}, ""action"": ""migration_advisor"", ""action_input"": {""finish_after_tool"": true, ""use_image"": true, ""use_visual_probe"": true, ""user_query"": ""流域梯级调度闸站异常额度会核2044号""}, ""clarification_question"": """", ""decision_type"": ""tool"", ""end_reason"": """", ""final_answer"": """", ""thought"": ""最新状态未满足结束或重试条件，需要进入能力迁移评估。""}]",,7051.342,7036.81,4028,50,1,1,True,False
PROMV12-TB-012-QWEN-FR2,fresh_retry_step2,读取这次机器状态并选择唯一动作：先使用Qwen检测附件中的金橙五星复检片，检测结果仅作为中间状态。最终需要判断甚低频射电阵列回执分支终签3879号应继续现有能力、结束，还是进入迁移评估。自然语言里的故障等级和预算描述没有路由优先级，只读取本 query 最新 observation 的结构化键值。错误状态仅在 retryable=true 与 retry_count=0 同时成立时复用原检测器一次，否则调用迁移顾问。正常状态需要候选数、置信度、跨提示一致性和域偏移四个门槛全部通过才结束，任一否决项都转迁移。缺省、非法、冲突状态采取保守分支；已经重试一次的结果不能再次触发检测器。检测器必须设置 finish_after_tool=false；迁移顾问使用当前图片和视觉探针并设置 finish_after_tool=true。,True,examples/images/planner_retry_optimizer_matched_v12/goldorange_five_star_recheck.png,"[{""action"": ""qwen_detection"", ""arg_contains"": {""label"": [""金橙五星复检片""]}, ""decision_type"": ""tool"", ""required_args"": {""finish_after_tool"": false}}, {""action"": ""qwen_detection"", ""arg_contains"": {""label"": [""金橙五星复检片""]}, ""decision_type"": ""tool"", ""required_args"": {""finish_after_tool"": false}}, {""arg_contains"": {}, ""decision_type"": ""end"", ""required_args"": {""end_reason"": ""memory_hit""}}]","[""rag_answer"", ""re_question"", ""answerer"", ""flux-image-generation"", ""rexomni_detection"", ""pipeline_eval"", ""migration_advisor""]","{""action_match"": 0.65, ""argument_match"": 0.1, ""decision_type_valid"": 0.03, ""final_tool_finish"": 0.1, ""finish_after_tool"": 0.1, ""json_valid"": 0.02, ""no_forbidden_action"": 0.1, ""no_premature_stop"": 0.1, ""no_repeated_tool"": 0.1, ""no_skip_required_probe"": 0.1, ""strict_action_match"": true, ""strict_argument_types"": true, ""wrong_action_cap"": 0.2}",False,0.725,"[""qwen_detection"", ""qwen_detection"", ""migration_advisor""]",qwen_detection,"[{""_planner_metrics"": {""api_call_ms"": 6997.761, ""first_api_call_ms"": 6997.761, ""first_finish_reason"": ""stop"", ""first_input_tokens"": 4017, ""first_output_tokens"": 49, ""first_total_tokens"": 4066, ""input_tokens"": 4017, ""output_tokens"": 49, ""parse_ms"": 0.206, ""planner_total_ms"": 7013.422, ""prompt_build_ms"": 0.521, ""retry_count"": 0, ""retry_reason"": """", ""total_tokens"": 4066}, ""action"": ""qwen_detection"", ""action_input"": {""finish_after_tool"": false, ""label"": ""金橙五星复检片""}, ""clarification_question"": """", ""decision_type"": ""tool"", ""end_reason"": """", ""final_answer"": """", ""thought"": ""先执行用户指定的检测器以取得当前结构化状态。""}, {""_planner_metrics"": {""api_call_ms"": 7407.941, ""first_api_call_ms"": 7407.941, ""first_finish_reason"": ""stop"", ""first_input_tokens"": 4329, ""first_output_tokens"": 51, ""first_total_tokens"": 4380, ""input_tokens"": 4329, ""output_tokens"": 51, ""parse_ms"": 0.14, ""planner_total_ms"": 7422.468, ""prompt_build_ms"": 0.463, ""retry_count"": 0, ""retry_reason"": """", ""total_tokens"": 4380}, ""action"": ""qwen_detection"", ""action_input"": {""finish_after_tool"": false, ""label"": ""金橙五星复检片""}, ""clarification_question"": """", ""decision_type"": ""tool"", ""end_reason"": """", ""final_answer"": """", ""thought"": ""最新状态满足错误重试条件，需要再次使用同一检测器。""}, {""_planner_metrics"": {""api_call_ms"": 10257.447, ""first_api_call_ms"": 10257.447, ""first_finish_reason"": ""stop"", ""first_input_tokens"": 4632, ""first_output_tokens"": 73, ""first_total_tokens"": 4705, ""input_tokens"": 4632, ""output_tokens"": 73, ""parse_ms"": 0.188, ""planner_total_ms"": 10272.524, ""prompt_build_ms"": 0.528, ""retry_count"": 0, ""retry_reason"": """", ""total_tokens"": 4705}, ""action"": ""migration_advisor"", ""action_input"": {""finish_after_tool"": true, ""use_image"": true, ""use_visual_probe"": true, ""user_query"": ""甚低频射电阵列回执分支终签3879号""}, ""clarification_question"": """", ""decision_type"": ""tool"", ""end_reason"": """", ""final_answer"": """", ""thought"": ""最新状态未满足结束或重试条件，需要进入能力迁移评估。""}]","step3:decision_type expected 'end', got 'tool' | step3:action expected 'end', got 'migration_advisor' | step3:arg 'end_reason' expected 'memory_hit', got '' | forbidden:migration_advisor",7013.422,6997.761,4017,49,0,1,False,True
PROMV12-TB-010-QWEN-PE3,post_retry_error_step3,失联背景和当前预算并存时只使用显式字段：先使用Qwen检测附件中的玄铜弧顶缓冲座，检测结果仅作为中间状态。最终需要判断流域梯级调度闸站回执分支终签5437号应继续现有能力、结束，还是进入迁移评估。自然语言里的故障等级和预算描述没有路由优先级，只读取本 query 最新 observation 的结构化键值。错误状态仅在 retryable=true 与 retry_count=0 同时成立时复用原检测器一次，否则调用迁移顾问。正常状态需要候选数、置信度、跨提示一致性和域偏移四个门槛全部通过才结束，任一否决项都转迁移。缺省、非法、冲突状态采取保守分支；已经重试一次的结果不能再次触发检测器。检测器必须设置 finish_after_tool=false；迁移顾问使用当前图片和视觉探针并设置 finish_after_tool=true。,True,examples/images/planner_retry_optimizer_matched_v12/darkbronze_arch_buffer.png,"[{""action"": ""qwen_detection"", ""arg_contains"": {""label"": [""玄铜弧顶缓冲座""]}, ""decision_type"": ""tool"", ""required_args"": {""finish_after_tool"": false}}, {""action"": ""qwen_detection"", ""arg_contains"": {""label"": [""玄铜弧顶缓冲座""]}, ""decision_type"": ""tool"", ""required_args"": {""finish_after_tool"": false}}, {""action"": ""migration_advisor"", ""arg_contains"": {""user_query"": [""流域梯级调度闸站回执分支终签5437号""]}, ""decision_type"": ""tool"", ""required_args"": {""finish_after_tool"": true, ""use_image"": true, ""use_visual_probe"": true}}]","[""rag_answer"", ""re_question"", ""answerer"", ""flux-image-generation"", ""rexomni_detection"", ""pipeline_eval""]","{""action_match"": 0.65, ""argument_match"": 0.1, ""decision_type_valid"": 0.03, ""final_tool_finish"": 0.1, ""finish_after_tool"": 0.1, ""json_valid"": 0.02, ""no_forbidden_action"": 0.1, ""no_premature_stop"": 0.1, ""no_repeated_tool"": 0.1, ""no_skip_required_probe"": 0.1, ""strict_action_match"": true, ""strict_argument_types"": true, ""wrong_action_cap"": 0.2}",False,0.734375,"[""qwen_detection"", ""qwen_detection"", ""qwen_detection""]",qwen_detection,"[{""_planner_metrics"": {""api_call_ms"": 7383.17, ""first_api_call_ms"": 7383.17, ""first_finish_reason"": ""stop"", ""first_input_tokens"": 4026, ""first_output_tokens"": 50, ""first_total_tokens"": 4076, ""input_tokens"": 4026, ""output_tokens"": 50, ""parse_ms"": 0.139, ""planner_total_ms"": 7397.473, ""prompt_build_ms"": 0.462, ""retry_count"": 0, ""retry_reason"": """", ""total_tokens"": 4076}, ""action"": ""qwen_detection"", ""action_input"": {""finish_after_tool"": false, ""label"": ""玄铜弧顶缓冲座""}, ""clarification_question"": """", ""decision_type"": ""tool"", ""end_reason"": """", ""final_answer"": """", ""thought"": ""先执行用户指定的检测器以取得当前结构化状态。""}, {""_planner_metrics"": {""api_call_ms"": 7471.238, ""first_api_call_ms"": 7471.238, ""first_finish_reason"": ""stop"", ""first_input_tokens"": 4335, ""first_output_tokens"": 52, ""first_total_tokens"": 4387, ""input_tokens"": 4335, ""output_tokens"": 52, ""parse_ms"": 0.155, ""planner_total_ms"": 7485.89, ""prompt_build_ms"": 0.489, ""retry_count"": 0, ""retry_reason"": """", ""total_tokens"": 4387}, ""action"": ""qwen_detection"", ""action_input"": {""finish_after_tool"": false, ""label"": ""玄铜弧顶缓冲座""}, ""clarification_question"": """", ""decision_type"": ""tool"", ""end_reason"": """", ""final_answer"": """", ""thought"": ""最新状态满足错误复用条件，需要再次使用同一检测器。""}, {""_planner_metrics"": {""api_call_ms"": 8055.796, ""first_api_call_ms"": 8055.796, ""first_finish_reason"": ""stop"", ""first_input_tokens"": 4644, ""first_output_tokens"": 56, ""first_total_tokens"": 4700, ""input_tokens"": 4644, ""output_tokens"": 56, ""parse_ms"": 0.151, ""planner_total_ms"": 8071.258, ""prompt_build_ms"": 0.495, ""retry_count"": 0, ""retry_reason"": """", ""total_tokens"": 4700}, ""action"": ""qwen_detection"", ""action_input"": {""finish_after_tool"": false, ""label"": ""玄铜弧顶缓冲座""}, ""clarification_question"": """", ""decision_type"": ""tool"", ""end_reason"": """", ""final_answer"": """", ""thought"": ""最新状态满足错误复用条件，需要再次使用同一检测器取得结构化键值。""}]","step3:action expected 'migration_advisor', got 'qwen_detection' | step3:finish_after_tool expected True, got False | step3:arg 'use_image' expected True, got None | step3:arg 'use_visual_probe' expected True, got None | step3:arg 'user_query' expected to contain ['流域梯级调度闸站回执分支终签5437号'], got None",7397.473,7383.17,4026,50,0,1,False,True
PROMV12-TB-012-QWEN-MS2,missing_required_state_step2,读取这次机器状态并选择唯一动作：先使用Qwen检测附件中的金橙五星复检片，检测结果仅作为中间状态。最终需要判断甚低频射电阵列回执分支终签3879号应继续现有能力、结束，还是进入迁移评估。自然语言里的故障等级和预算描述没有路由优先级，只读取本 query 最新 observation 的结构化键值。错误状态仅在 retryable=true 与 retry_count=0 同时成立时复用原检测器一次，否则调用迁移顾问。正常状态需要候选数、置信度、跨提示一致性和域偏移四个门槛全部通过才结束，任一否决项都转迁移。缺省、非法、冲突状态采取保守分支；已经重试一次的结果不能再次触发检测器。检测器必须设置 finish_after_tool=false；迁移顾问使用当前图片和视觉探针并设置 finish_after_tool=true。,True,examples/images/planner_retry_optimizer_matched_v12/goldorange_five_star_recheck.png,"[{""action"": ""qwen_detection"", ""arg_contains"": {""label"": [""金橙五星复检片""]}, ""decision_type"": ""tool"", ""required_args"": {""finish_after_tool"": false}}, {""action"": ""migration_advisor"", ""arg_contains"": {""user_query"": [""甚低频射电阵列回执分支终签3879号""]}, ""decision_type"": ""tool"", ""required_args"": {""finish_after_tool"": true, ""use_image"": true, ""use_visual_probe"": true}}]","[""rag_answer"", ""re_question"", ""answerer"", ""flux-image-generation"", ""rexomni_detection"", ""pipeline_eval""]","{""action_match"": 0.65, ""argument_match"": 0.1, ""decision_type_valid"": 0.03, ""final_tool_finish"": 0.1, ""finish_after_tool"": 0.1, ""json_valid"": 0.02, ""no_forbidden_action"": 0.1, ""no_premature_stop"": 0.1, ""no_repeated_tool"": 0.1, ""no_skip_required_probe"": 0.1, ""strict_action_match"": true, ""strict_argument_types"": true, ""wrong_action_cap"": 0.2}",False,0.586957,"[""qwen_detection"", ""qwen_detection""]",qwen_detection,"[{""_planner_metrics"": {""api_call_ms"": 6991.733, ""first_api_call_ms"": 6991.733, ""first_finish_reason"": ""stop"", ""first_input_tokens"": 4017, ""first_output_tokens"": 49, ""first_total_tokens"": 4066, ""input_tokens"": 4017, ""output_tokens"": 49, ""parse_ms"": 0.157, ""planner_total_ms"": 7005.296, ""prompt_build_ms"": 0.408, ""retry_count"": 0, ""retry_reason"": """", ""total_tokens"": 4066}, ""action"": ""qwen_detection"", ""action_input"": {""finish_after_tool"": false, ""label"": ""金橙五星复检片""}, ""clarification_question"": """", ""decision_type"": ""tool"", ""end_reason"": """", ""final_answer"": """", ""thought"": ""先执行用户指定的检测器以取得当前结构化状态。""}, {""_planner_metrics"": {""api_call_ms"": 7506.453, ""first_api_call_ms"": 7506.453, ""first_finish_reason"": ""stop"", ""first_input_tokens"": 4327, ""first_output_tokens"": 52, ""first_total_tokens"": 4379, ""input_tokens"": 4327, ""output_tokens"": 52, ""parse_ms"": 0.223, ""planner_total_ms"": 7521.286, ""prompt_build_ms"": 0.433, ""retry_count"": 0, ""retry_reason"": """", ""total_tokens"": 4379}, ""action"": ""qwen_detection"", ""action_input"": {""finish_after_tool"": false, ""label"": ""金橙五星复检片""}, ""clarification_question"": """", ""decision_type"": ""tool"", ""end_reason"": """", ""final_answer"": """", ""thought"": ""最新状态未满足结束或迁移条件，需要继续按规则推进。""}]","step2:action expected 'migration_advisor', got 'qwen_detection' | step2:finish_after_tool expected True, got False | step2:arg 'use_image' expected True, got None | step2:arg 'use_visual_probe' expected True, got None | step2:arg 'user_query' expected to contain ['甚低频射电阵列回执分支终签3879号'], got None",7005.296,6991.733,4017,49,0,1,False,True
PROMV12-TB-008-REX-FR2,fresh_retry_step2,能力迁移已候场，先核验最新探针回执：先使用Rex-Omni检测附件中的玄铜弧顶缓冲座，检测结果仅作为中间状态。最终需要判断流域梯级调度闸站探针恢复复议4894号应继续现有能力、结束，还是进入迁移评估。自然语言里的故障等级和预算描述没有路由优先级，只读取本 query 最新 observation 的结构化键值。错误状态仅在 retryable=true 与 retry_count=0 同时成立时复用原检测器一次，否则调用迁移顾问。正常状态需要候选数、置信度、跨提示一致性和域偏移四个门槛全部通过才结束，任一否决项都转迁移。缺省、非法、冲突状态采取保守分支；已经重试一次的结果不能再次触发检测器。检测器必须设置 finish_after_tool=false；迁移顾问使用当前图片和视觉探针并设置 finish_after_tool=true。,True,examples/images/planner_retry_optimizer_matched_v12/darkbronze_arch_buffer.png,"[{""action"": ""rexomni_detection"", ""arg_contains"": {""label"": [""玄铜弧顶缓冲座""]}, ""decision_type"": ""tool"", ""required_args"": {""finish_after_tool"": false}}, {""action"": ""rexomni_detection"", ""arg_contains"": {""label"": [""玄铜弧顶缓冲座""]}, ""decision_type"": ""tool"", ""required_args"": {""finish_after_tool"": false}}, {""arg_contains"": {}, ""decision_type"": ""end"", ""required_args"": {""end_reason"": ""memory_hit""}}]","[""rag_answer"", ""re_question"", ""answerer"", ""flux-image-generation"", ""qwen_detection"", ""pipeline_eval"", ""migration_advisor""]","{""action_match"": 0.65, ""argument_match"": 0.1, ""decision_type_valid"": 0.03, ""final_tool_finish"": 0.1, ""finish_after_tool"": 0.1, ""json_valid"": 0.02, ""no_forbidden_action"": 0.1, ""no_premature_stop"": 0.1, ""no_repeated_tool"": 0.1, ""no_skip_required_probe"": 0.1, ""strict_action_match"": true, ""strict_argument_types"": true, ""wrong_action_cap"": 0.2}",False,0.725,"[""rexomni_detection"", ""rexomni_detection"", ""migration_advisor""]",rexomni_detection,"[{""_planner_metrics"": {""api_call_ms"": 7208.072, ""first_api_call_ms"": 7208.072, ""first_finish_reason"": ""stop"", ""first_input_tokens"": 4030, ""first_output_tokens"": 51, ""first_total_tokens"": 4081, ""input_tokens"": 4030, ""output_tokens"": 51, ""parse_ms"": 0.155, ""planner_total_ms"": 7222.018, ""prompt_build_ms"": 0.491, ""retry_count"": 0, ""retry_reason"": """", ""total_tokens"": 4081}, ""action"": ""rexomni_detection"", ""action_input"": {""finish_after_tool"": false, ""label"": ""玄铜弧顶缓冲座""}, ""clarification_question"": """", ""decision_type"": ""tool"", ""end_reason"": """", ""final_answer"": """", ""thought"": ""先执行用户指定的检测器以取得当前结构化状态。""}, {""_planner_metrics"": {""api_call_ms"": 7631.05, ""first_api_call_ms"": 7631.05, ""first_finish_reason"": ""stop"", ""first_input_tokens"": 4340, ""first_output_tokens"": 53, ""first_total_tokens"": 4393, ""input_tokens"": 4340, ""output_tokens"": 53, ""parse_ms"": 0.164, ""planner_total_ms"": 7648.164, ""prompt_build_ms"": 0.45, ""retry_count"": 0, ""retry_reason"": """", ""total_tokens"": 4393}, ""action"": ""rexomni_detection"", ""action_input"": {""finish_after_tool"": false, ""label"": ""玄铜弧顶缓冲座""}, ""clarification_question"": """", ""decision_type"": ""tool"", ""end_reason"": """", ""final_answer"": """", ""thought"": ""最新状态满足错误重试条件，需要再次使用同一检测器。""}, {""_planner_metrics"": {""api_call_ms"": 10063.508, ""first_api_call_ms"": 10063.508, ""first_finish_reason"": ""stop"", ""first_input_tokens"": 4648, ""first_output_tokens"": 73, ""first_total_tokens"": 4721, ""input_tokens"": 4648, ""output_tokens"": 73, ""parse_ms"": 0.22, ""planner_total_ms"": 10079.603, ""prompt_build_ms"": 0.515, ""retry_count"": 0, ""retry_reason"": """", ""total_tokens"": 4721}, ""action"": ""migration_advisor"", ""action_input"": {""finish_after_tool"": true, ""use_image"": true, ""use_visual_probe"": true, ""user_query"": ""流域梯级调度闸站探针恢复复议4894号""}, ""clarification_question"": """", ""decision_type"": ""tool"", ""end_reason"": """", ""final_answer"": """", ""thought"": ""最新状态未满足结束或重试条件，需要进入能力迁移评估。""}]","step3:decision_type expected 'end', got 'tool' | step3:action expected 'end', got 'migration_advisor' | step3:arg 'end_reason' expected 'memory_hit', got '' | forbidden:migration_advisor",7222.018,7208.072,4030,51,0,1,False,True
PROMV12-TB-002-QWEN-BE2,budget_exhausted_step2,能力迁移已候场，先核验最新探针回执：先使用Qwen检测附件中的金橙五星复检片，检测结果仅作为中间状态。最终需要判断甚低频射电阵列探针恢复复议3574号应继续现有能力、结束，还是进入迁移评估。自然语言里的故障等级和预算描述没有路由优先级，只读取本 query 最新 observation 的结构化键值。错误状态仅在 retryable=true 与 retry_count=0 同时成立时复用原检测器一次，否则调用迁移顾问。正常状态需要候选数、置信度、跨提示一致性和域偏移四个门槛全部通过才结束，任一否决项都转迁移。缺省、非法、冲突状态采取保守分支；已经重试一次的结果不能再次触发检测器。检测器必须设置 finish_after_tool=false；迁移顾问使用当前图片和视觉探针并设置 finish_after_tool=true。,True,examples/images/planner_retry_optimizer_matched_v12/goldorange_five_star_recheck.png,"[{""action"": ""qwen_detection"", ""arg_contains"": {""label"": [""金橙五星复检片""]}, ""decision_type"": ""tool"", ""required_args"": {""finish_after_tool"": false}}, {""action"": ""migration_advisor"", ""arg_contains"": {""user_query"": [""甚低频射电阵列探针恢复复议3574号""]}, ""decision_type"": ""tool"", ""required_args"": {""finish_after_tool"": true, ""use_image"": true, ""use_visual_probe"": true}}]","[""rag_answer"", ""re_question"", ""answerer"", ""flux-image-generation"", ""rexomni_detection"", ""pipeline_eval""]","{""action_match"": 0.65, ""argument_match"": 0.1, ""decision_type_valid"": 0.03, ""final_tool_finish"": 0.1, ""finish_after_tool"": 0.1, ""json_valid"": 0.02, ""no_forbidden_action"": 0.1, ""no_premature_stop"": 0.1, ""no_repeated_tool"": 0.1, ""no_skip_required_probe"": 0.1, ""strict_action_match"": true, ""strict_argument_types"": true, ""wrong_action_cap"": 0.2}",True,1.0,"[""qwen_detection"", ""migration_advisor""]",qwen_detection,"[{""_planner_metrics"": {""api_call_ms"": 7020.001, ""first_api_call_ms"": 7020.001, ""first_finish_reason"": ""stop"", ""first_input_tokens"": 4021, ""first_output_tokens"": 49, ""first_total_tokens"": 4070, ""input_tokens"": 4021, ""output_tokens"": 49, ""parse_ms"": 0.134, ""planner_total_ms"": 7034.947, ""prompt_build_ms"": 0.577, ""retry_count"": 0, ""retry_reason"": """", ""total_tokens"": 4070}, ""action"": ""qwen_detection"", ""action_input"": {""finish_after_tool"": false, ""label"": ""金橙五星复检片""}, ""clarification_question"": """", ""decision_type"": ""tool"", ""end_reason"": """", ""final_answer"": """", ""thought"": ""先使用用户指定的检测器对当前图片进行探针。""}, {""_planner_metrics"": {""api_call_ms"": 9760.904, ""first_api_call_ms"": 9760.904, ""first_finish_reason"": ""stop"", ""first_input_tokens"": 4324, ""first_output_tokens"": 72, ""first_total_tokens"": 4396, ""input_tokens"": 4324, ""output_tokens"": 72, ""parse_ms"": 0.16, ""planner_total_ms"": 9775.392, ""prompt_build_ms"": 0.486, ""retry_count"": 0, ""retry_reason"": """", ""total_tokens"": 4396}, ""action"": ""migration_advisor"", ""action_input"": {""finish_after_tool"": true, ""use_image"": true, ""use_visual_probe"": true, ""user_query"": ""甚低频射电阵列探针恢复复议3574号""}, ""clarification_question"": """", ""decision_type"": ""tool"", ""end_reason"": """", ""final_answer"": """", ""thought"": ""最新状态未满足重试或结束条件，需要进入能力迁移评估。""}]",,7034.947,7020.001,4021,49,1,1,True,False
PROMV12-TB-005-QWEN-MS2,missing_required_state_step2,历史文字可能误导，本轮以后写入的 observation 为准：先使用Qwen检测附件中的玄铜弧顶缓冲座，检测结果仅作为中间状态。最终需要判断流域梯级调度闸站异常额度会核2044号应继续现有能力、结束，还是进入迁移评估。自然语言里的故障等级和预算描述没有路由优先级，只读取本 query 最新 observation 的结构化键值。错误状态仅在 retryable=true 与 retry_count=0 同时成立时复用原检测器一次，否则调用迁移顾问。正常状态需要候选数、置信度、跨提示一致性和域偏移四个门槛全部通过才结束，任一否决项都转迁移。缺省、非法、冲突状态采取保守分支；已经重试一次的结果不能再次触发检测器。检测器必须设置 finish_after_tool=false；迁移顾问使用当前图片和视觉探针并设置 finish_after_tool=true。,True,examples/images/planner_retry_optimizer_matched_v12/darkbronze_arch_buffer.png,"[{""action"": ""qwen_detection"", ""arg_contains"": {""label"": [""玄铜弧顶缓冲座""]}, ""decision_type"": ""tool"", ""required_args"": {""finish_after_tool"": false}}, {""action"": ""migration_advisor"", ""arg_contains"": {""user_query"": [""流域梯级调度闸站异常额度会核2044号""]}, ""decision_type"": ""tool"", ""required_args"": {""finish_after_tool"": true, ""use_image"": true, ""use_visual_probe"": true}}]","[""rag_answer"", ""re_question"", ""answerer"", ""flux-image-generation"", ""rexomni_detection"", ""pipeline_eval""]","{""action_match"": 0.65, ""argument_match"": 0.1, ""decision_type_valid"": 0.03, ""final_tool_finish"": 0.1, ""finish_after_tool"": 0.1, ""json_valid"": 0.02, ""no_forbidden_action"": 0.1, ""no_premature_stop"": 0.1, ""no_repeated_tool"": 0.1, ""no_skip_required_probe"": 0.1, ""strict_action_match"": true, ""strict_argument_types"": true, ""wrong_action_cap"": 0.2}",False,0.586957,"[""qwen_detection"", ""qwen_detection""]",qwen_detection,"[{""_planner_metrics"": {""api_call_ms"": 7062.044, ""first_api_call_ms"": 7062.044, ""first_finish_reason"": ""stop"", ""first_input_tokens"": 4028, ""first_output_tokens"": 50, ""first_total_tokens"": 4078, ""input_tokens"": 4028, ""output_tokens"": 50, ""parse_ms"": 0.134, ""planner_total_ms"": 7075.213, ""prompt_build_ms"": 0.47, ""retry_count"": 0, ""retry_reason"": """", ""total_tokens"": 4078}, ""action"": ""qwen_detection"", ""action_input"": {""finish_after_tool"": false, ""label"": ""玄铜弧顶缓冲座""}, ""clarification_question"": """", ""decision_type"": ""tool"", ""end_reason"": """", ""final_answer"": """", ""thought"": ""先执行用户指定的检测器以取得当前结构化状态。""}, {""_planner_metrics"": {""api_call_ms"": 7920.027, ""first_api_call_ms"": 7920.027, ""first_finish_reason"": ""stop"", ""first_input_tokens"": 4337, ""first_output_tokens"": 56, ""first_total_tokens"": 4393, ""input_tokens"": 4337, ""output_tokens"": 56, ""parse_ms"": 0.144, ""planner_total_ms"": 7933.989, ""prompt_build_ms"": 0.532, ""retry_count"": 0, ""retry_reason"": """", ""total_tokens"": 4393}, ""action"": ""qwen_detection"", ""action_input"": {""finish_after_tool"": false, ""label"": ""玄铜弧顶缓冲座""}, ""clarification_question"": """", ""decision_type"": ""tool"", ""end_reason"": """", ""final_answer"": """", ""thought"": ""最新状态未满足结束或迁移条件，需要继续检测以更新结构化键值。""}]","step2:action expected 'migration_advisor', got 'qwen_detection' | step2:finish_after_tool expected True, got False | step2:arg 'use_image' expected True, got None | step2:arg 'use_visual_probe' expected True, got None | step2:arg 'user_query' expected to contain ['流域梯级调度闸站异常额度会核2044号'], got None",7075.213,7062.044,4028,50,0,1,False,True
PROMV12-TB-011-QWEN-FR2,fresh_retry_step2,历史文字可能误导，本轮以后写入的 observation 为准：先使用Qwen检测附件中的金橙五星复检片，检测结果仅作为中间状态。最终需要判断甚低频射电阵列异常额度会核5850号应继续现有能力、结束，还是进入迁移评估。自然语言里的故障等级和预算描述没有路由优先级，只读取本 query 最新 observation 的结构化键值。错误状态仅在 retryable=true 与 retry_count=0 同时成立时复用原检测器一次，否则调用迁移顾问。正常状态需要候选数、置信度、跨提示一致性和域偏移四个门槛全部通过才结束，任一否决项都转迁移。缺省、非法、冲突状态采取保守分支；已经重试一次的结果不能再次触发检测器。检测器必须设置 finish_after_tool=false；迁移顾问使用当前图片和视觉探针并设置 finish_after_tool=true。,True,examples/images/planner_retry_optimizer_matched_v12/goldorange_five_star_recheck.png,"[{""action"": ""qwen_detection"", ""arg_contains"": {""label"": [""金橙五星复检片""]}, ""decision_type"": ""tool"", ""required_args"": {""finish_after_tool"": false}}, {""action"": ""qwen_detection"", ""arg_contains"": {""label"": [""金橙五星复检片""]}, ""decision_type"": ""tool"", ""required_args"": {""finish_after_tool"": false}}, {""arg_contains"": {}, ""decision_type"": ""end"", ""required_args"": {""end_reason"": ""memory_hit""}}]","[""rag_answer"", ""re_question"", ""answerer"", ""flux-image-generation"", ""rexomni_detection"", ""pipeline_eval"", ""migration_advisor""]","{""action_match"": 0.65, ""argument_match"": 0.1, ""decision_type_valid"": 0.03, ""final_tool_finish"": 0.1, ""finish_after_tool"": 0.1, ""json_valid"": 0.02, ""no_forbidden_action"": 0.1, ""no_premature_stop"": 0.1, ""no_repeated_tool"": 0.1, ""no_skip_required_probe"": 0.1, ""strict_action_match"": true, ""strict_argument_types"": true, ""wrong_action_cap"": 0.2}",False,0.75625,"[""qwen_detection"", ""qwen_detection"", ""qwen_detection""]",qwen_detection,"[{""_planner_metrics"": {""api_call_ms"": 7077.787, ""first_api_call_ms"": 7077.787, ""first_finish_reason"": ""stop"", ""first_input_tokens"": 4025, ""first_output_tokens"": 50, ""first_total_tokens"": 4075, ""input_tokens"": 4025, ""output_tokens"": 50, ""parse_ms"": 0.202, ""planner_total_ms"": 7091.713, ""prompt_build_ms"": 0.412, ""retry_count"": 0, ""retry_reason"": """", ""total_tokens"": 4075}, ""action"": ""qwen_detection"", ""action_input"": {""finish_after_tool"": false, ""label"": ""金橙五星复检片""}, ""clarification_question"": """", ""decision_type"": ""tool"", ""end_reason"": """", ""final_answer"": """", ""thought"": ""先使用用户指定的检测器对当前图片进行目标检测。""}, {""_planner_metrics"": {""api_call_ms"": 7859.293, ""first_api_call_ms"": 7859.293, ""first_finish_reason"": ""stop"", ""first_input_tokens"": 4337, ""first_output_tokens"": 55, ""first_total_tokens"": 4392, ""input_tokens"": 4337, ""output_tokens"": 55, ""parse_ms"": 0.245, ""planner_total_ms"": 7874.62, ""prompt_build_ms"": 0.441, ""retry_count"": 0, ""retry_reason"": """", ""total_tokens"": 4392}, ""action"": ""qwen_detection"", ""action_input"": {""finish_after_tool"": false, ""label"": ""金橙五星复检片""}, ""clarification_question"": """", ""decision_type"": ""tool"", ""end_reason"": """", ""final_answer"": """", ""thought"": ""最新状态满足错误状态且允许一次重试，因此应再次调用同一检测器。""}, {""_planner_metrics"": {""api_call_ms"": 7847.647, ""first_api_call_ms"": 7847.647, ""first_finish_reason"": ""stop"", ""first_input_tokens"": 4644, ""first_output_tokens"": 54, ""first_total_tokens"": 4698, ""input_tokens"": 4644, ""output_tokens"": 54, ""parse_ms"": 0.155, ""planner_total_ms"": 7863.503, ""prompt_build_ms"": 0.529, ""retry_count"": 0, ""retry_reason"": """", ""total_tokens"": 4698}, ""action"": ""qwen_detection"", ""action_input"": {""finish_after_tool"": false, ""label"": ""金橙五星复检片""}, ""clarification_question"": """", ""decision_type"": ""tool"", ""end_reason"": """", ""final_answer"": """", ""thought"": ""最新状态未满足结束或迁移条件，需要继续检测以更新结构化状态。""}]","step3:decision_type expected 'end', got 'tool' | step3:action expected 'end', got 'qwen_detection' | step3:arg 'end_reason' expected 'memory_hit', got ''",7091.713,7077.787,4025,50,0,1,False,True
PROMV12-TB-006-REX-PS3,post_retry_success_step3,历史文字可能误导，本轮以后写入的 observation 为准：先使用Rex-Omni检测附件中的玄铜弧顶缓冲座，检测结果仅作为中间状态。最终需要判断林区无人机补给舱异常额度会核9970号应继续现有能力、结束，还是进入迁移评估。自然语言里的故障等级和预算描述没有路由优先级，只读取本 query 最新 observation 的结构化键值。错误状态仅在 retryable=true 与 retry_count=0 同时成立时复用原检测器一次，否则调用迁移顾问。正常状态需要候选数、置信度、跨提示一致性和域偏移四个门槛全部通过才结束，任一否决项都转迁移。缺省、非法、冲突状态采取保守分支；已经重试一次的结果不能再次触发检测器。检测器必须设置 finish_after_tool=false；迁移顾问使用当前图片和视觉探针并设置 finish_after_tool=true。,True,examples/images/planner_retry_optimizer_matched_v12/darkbronze_arch_buffer.png,"[{""action"": ""rexomni_detection"", ""arg_contains"": {""label"": [""玄铜弧顶缓冲座""]}, ""decision_type"": ""tool"", ""required_args"": {""finish_after_tool"": false}}, {""action"": ""rexomni_detection"", ""arg_contains"": {""label"": [""玄铜弧顶缓冲座""]}, ""decision_type"": ""tool"", ""required_args"": {""finish_after_tool"": false}}, {""arg_contains"": {}, ""decision_type"": ""end"", ""required_args"": {""end_reason"": ""memory_hit""}}]","[""rag_answer"", ""re_question"", ""answerer"", ""flux-image-generation"", ""qwen_detection"", ""pipeline_eval"", ""migration_advisor""]","{""action_match"": 0.65, ""argument_match"": 0.1, ""decision_type_valid"": 0.03, ""final_tool_finish"": 0.1, ""finish_after_tool"": 0.1, ""json_valid"": 0.02, ""no_forbidden_action"": 0.1, ""no_premature_stop"": 0.1, ""no_repeated_tool"": 0.1, ""no_skip_required_probe"": 0.1, ""strict_action_match"": true, ""strict_argument_types"": true, ""wrong_action_cap"": 0.2}",False,0.75625,"[""rexomni_detection"", ""rexomni_detection"", ""rexomni_detection""]",rexomni_detection,"[{""_planner_metrics"": {""api_call_ms"": 7203.042, ""first_api_call_ms"": 7203.042, ""first_finish_reason"": ""stop"", ""first_input_tokens"": 4030, ""first_output_tokens"": 51, ""first_total_tokens"": 4081, ""input_tokens"": 4030, ""output_tokens"": 51, ""parse_ms"": 0.138, ""planner_total_ms"": 7219.407, ""prompt_build_ms"": 0.463, ""retry_count"": 0, ""retry_reason"": """", ""total_tokens"": 4081}, ""action"": ""rexomni_detection"", ""action_input"": {""finish_after_tool"": false, ""label"": ""玄铜弧顶缓冲座""}, ""clarification_question"": """", ""decision_type"": ""tool"", ""end_reason"": """", ""final_answer"": """", ""thought"": ""先执行用户指定的检测器以取得当前结构化状态。""}, {""_planner_metrics"": {""api_call_ms"": 7838.141, ""first_api_call_ms"": 7838.141, ""first_finish_reason"": ""stop"", ""first_input_tokens"": 4335, ""first_output_tokens"": 55, ""first_total_tokens"": 4390, ""input_tokens"": 4335, ""output_tokens"": 55, ""parse_ms"": 0.156, ""planner_total_ms"": 7852.531, ""prompt_build_ms"": 0.45, ""retry_count"": 0, ""retry_reason"": """", ""total_tokens"": 4390}, ""action"": ""rexomni_detection"", ""action_input"": {""finish_after_tool"": false, ""label"": ""玄铜弧顶缓冲座""}, ""clarification_question"": """", ""decision_type"": ""tool"", ""end_reason"": """", ""final_answer"": """", ""thought"": ""最新状态满足错误状态且可重试一次，应复用原检测器。""}, {""_planner_metrics"": {""api_call_ms"": 8083.154, ""first_api_call_ms"": 8083.154, ""first_finish_reason"": ""stop"", ""first_input_tokens"": 4641, ""first_output_tokens"": 56, ""first_total_tokens"": 4697, ""input_tokens"": 4641, ""output_tokens"": 56, ""parse_ms"": 0.155, ""planner_total_ms"": 8099.519, ""prompt_build_ms"": 0.53, ""retry_count"": 0, ""retry_reason"": """", ""total_tokens"": 4697}, ""action"": ""rexomni_detection"", ""action_input"": {""finish_after_tool"": false, ""label"": ""玄铜弧顶缓冲座""}, ""clarification_question"": """", ""decision_type"": ""tool"", ""end_reason"": """", ""final_answer"": """", ""thought"": ""最新状态未满足结束或迁移条件，需要继续检测以更新结构化状态。""}]","step3:decision_type expected 'end', got 'tool' | step3:action expected 'end', got 'rexomni_detection' | step3:arg 'end_reason' expected 'memory_hit', got ''",7219.407,7203.042,4030,51,0,1,False,True
PROMV12-TB-011-QWEN-PE3,post_retry_error_step3,历史文字可能误导，本轮以后写入的 observation 为准：先使用Qwen检测附件中的金橙五星复检片，检测结果仅作为中间状态。最终需要判断甚低频射电阵列异常额度会核5850号应继续现有能力、结束，还是进入迁移评估。自然语言里的故障等级和预算描述没有路由优先级，只读取本 query 最新 observation 的结构化键值。错误状态仅在 retryable=true 与 retry_count=0 同时成立时复用原检测器一次，否则调用迁移顾问。正常状态需要候选数、置信度、跨提示一致性和域偏移四个门槛全部通过才结束，任一否决项都转迁移。缺省、非法、冲突状态采取保守分支；已经重试一次的结果不能再次触发检测器。检测器必须设置 finish_after_tool=false；迁移顾问使用当前图片和视觉探针并设置 finish_after_tool=true。,True,examples/images/planner_retry_optimizer_matched_v12/goldorange_five_star_recheck.png,"[{""action"": ""qwen_detection"", ""arg_contains"": {""label"": [""金橙五星复检片""]}, ""decision_type"": ""tool"", ""required_args"": {""finish_after_tool"": false}}, {""action"": ""qwen_detection"", ""arg_contains"": {""label"": [""金橙五星复检片""]}, ""decision_type"": ""tool"", ""required_args"": {""finish_after_tool"": false}}, {""action"": ""migration_advisor"", ""arg_contains"": {""user_query"": [""甚低频射电阵列异常额度会核5850号""]}, ""decision_type"": ""tool"", ""required_args"": {""finish_after_tool"": true, ""use_image"": true, ""use_visual_probe"": true}}]","[""rag_answer"", ""re_question"", ""answerer"", ""flux-image-generation"", ""rexomni_detection"", ""pipeline_eval""]","{""action_match"": 0.65, ""argument_match"": 0.1, ""decision_type_valid"": 0.03, ""final_tool_finish"": 0.1, ""finish_after_tool"": 0.1, ""json_valid"": 0.02, ""no_forbidden_action"": 0.1, ""no_premature_stop"": 0.1, ""no_repeated_tool"": 0.1, ""no_skip_required_probe"": 0.1, ""strict_action_match"": true, ""strict_argument_types"": true, ""wrong_action_cap"": 0.2}",False,0.734375,"[""qwen_detection"", ""qwen_detection"", ""qwen_detection""]",qwen_detection,"[{""_planner_metrics"": {""api_call_ms"": 7214.775, ""first_api_call_ms"": 7214.775, ""first_finish_reason"": ""stop"", ""first_input_tokens"": 4025, ""first_output_tokens"": 50, ""first_total_tokens"": 4075, ""input_tokens"": 4025, ""output_tokens"": 50, ""parse_ms"": 0.164, ""planner_total_ms"": 7228.419, ""prompt_build_ms"": 0.409, ""retry_count"": 0, ""retry_reason"": """", ""total_tokens"": 4075}, ""action"": ""qwen_detection"", ""action_input"": {""finish_after_tool"": false, ""label"": ""金橙五星复检片""}, ""clarification_question"": """", ""decision_type"": ""tool"", ""end_reason"": """", ""final_answer"": """", ""thought"": ""先使用用户指定的检测器对当前图片进行目标检测。""}, {""_planner_metrics"": {""api_call_ms"": 7909.944, ""first_api_call_ms"": 7909.944, ""first_finish_reason"": ""stop"", ""first_input_tokens"": 4334, ""first_output_tokens"": 55, ""first_total_tokens"": 4389, ""input_tokens"": 4334, ""output_tokens"": 55, ""parse_ms"": 0.152, ""planner_total_ms"": 7923.838, ""prompt_build_ms"": 0.479, ""retry_count"": 0, ""retry_reason"": """", ""total_tokens"": 4389}, ""action"": ""qwen_detection"", ""action_input"": {""finish_after_tool"": false, ""label"": ""金橙五星复检片""}, ""clarification_question"": """", ""decision_type"": ""tool"", ""end_reason"": """", ""final_answer"": """", ""thought"": ""最新状态满足错误状态且允许一次重试，因此应再次调用同一检测器。""}, {""_planner_metrics"": {""api_call_ms"": 8065.062, ""first_api_call_ms"": 8065.062, ""first_finish_reason"": ""stop"", ""first_input_tokens"": 4644, ""first_output_tokens"": 55, ""first_total_tokens"": 4699, ""input_tokens"": 4644, ""output_tokens"": 55, ""parse_ms"": 0.148, ""planner_total_ms"": 8079.735, ""prompt_build_ms"": 0.573, ""retry_count"": 0, ""retry_reason"": """", ""total_tokens"": 4699}, ""action"": ""qwen_detection"", ""action_input"": {""finish_after_tool"": false, ""label"": ""金橙五星复检片""}, ""clarification_question"": """", ""decision_type"": ""tool"", ""end_reason"": """", ""final_answer"": """", ""thought"": ""最新状态满足错误状态且允许一次重试，因此应再次调用同一检测器。""}]","step3:action expected 'migration_advisor', got 'qwen_detection' | step3:finish_after_tool expected True, got False | step3:arg 'use_image' expected True, got None | step3:arg 'use_visual_probe' expected True, got None | step3:arg 'user_query' expected to contain ['甚低频射电阵列异常额度会核5850号'], got None",7228.419,7214.775,4025,50,0,1,False,True
PROMV12-TB-004-QWEN-PV3,post_retry_metric_veto_step3,读取这次机器状态并选择唯一动作：先使用Qwen检测附件中的金橙五星复检片，检测结果仅作为中间状态。最终需要判断碳化硅陶瓷烧结台回执分支终签7625号应继续现有能力、结束，还是进入迁移评估。自然语言里的故障等级和预算描述没有路由优先级，只读取本 query 最新 observation 的结构化键值。错误状态仅在 retryable=true 与 retry_count=0 同时成立时复用原检测器一次，否则调用迁移顾问。正常状态需要候选数、置信度、跨提示一致性和域偏移四个门槛全部通过才结束，任一否决项都转迁移。缺省、非法、冲突状态采取保守分支；已经重试一次的结果不能再次触发检测器。检测器必须设置 finish_after_tool=false；迁移顾问使用当前图片和视觉探针并设置 finish_after_tool=true。,True,examples/images/planner_retry_optimizer_matched_v12/goldorange_five_star_recheck.png,"[{""action"": ""qwen_detection"", ""arg_contains"": {""label"": [""金橙五星复检片""]}, ""decision_type"": ""tool"", ""required_args"": {""finish_after_tool"": false}}, {""action"": ""qwen_detection"", ""arg_contains"": {""label"": [""金橙五星复检片""]}, ""decision_type"": ""tool"", ""required_args"": {""finish_after_tool"": false}}, {""action"": ""migration_advisor"", ""arg_contains"": {""user_query"": [""碳化硅陶瓷烧结台回执分支终签7625号""]}, ""decision_type"": ""tool"", ""required_args"": {""finish_after_tool"": true, ""use_image"": true, ""use_visual_probe"": true}}]","[""rag_answer"", ""re_question"", ""answerer"", ""flux-image-generation"", ""rexomni_detection"", ""pipeline_eval""]","{""action_match"": 0.65, ""argument_match"": 0.1, ""decision_type_valid"": 0.03, ""final_tool_finish"": 0.1, ""finish_after_tool"": 0.1, ""json_valid"": 0.02, ""no_forbidden_action"": 0.1, ""no_premature_stop"": 0.1, ""no_repeated_tool"": 0.1, ""no_skip_required_probe"": 0.1, ""strict_action_match"": true, ""strict_argument_types"": true, ""wrong_action_cap"": 0.2}",True,1.0,"[""qwen_detection"", ""qwen_detection"", ""migration_advisor""]",qwen_detection,"[{""_planner_metrics"": {""api_call_ms"": 7106.928, ""first_api_call_ms"": 7106.928, ""first_finish_reason"": ""stop"", ""first_input_tokens"": 4017, ""first_output_tokens"": 49, ""first_total_tokens"": 4066, ""input_tokens"": 4017, ""output_tokens"": 49, ""parse_ms"": 0.198, ""planner_total_ms"": 7120.158, ""prompt_build_ms"": 0.423, ""retry_count"": 0, ""retry_reason"": """", ""total_tokens"": 4066}, ""action"": ""qwen_detection"", ""action_input"": {""finish_after_tool"": false, ""label"": ""金橙五星复检片""}, ""clarification_question"": """", ""decision_type"": ""tool"", ""end_reason"": """", ""final_answer"": """", ""thought"": ""先执行用户指定的检测器以取得当前结构化状态。""}, {""_planner_metrics"": {""api_call_ms"": 7481.29, ""first_api_call_ms"": 7481.29, ""first_finish_reason"": ""stop"", ""first_input_tokens"": 4324, ""first_output_tokens"": 51, ""first_total_tokens"": 4375, ""input_tokens"": 4324, ""output_tokens"": 51, ""parse_ms"": 0.206, ""planner_total_ms"": 7496.077, ""prompt_build_ms"": 0.523, ""retry_count"": 0, ""retry_reason"": """", ""total_tokens"": 4375}, ""action"": ""qwen_detection"", ""action_input"": {""finish_after_tool"": false, ""label"": ""金橙五星复检片""}, ""clarification_question"": """", ""decision_type"": ""tool"", ""end_reason"": """", ""final_answer"": """", ""thought"": ""最新状态满足错误重试条件，需要再次使用同一检测器。""}, {""_planner_metrics"": {""api_call_ms"": 10200.977, ""first_api_call_ms"": 10200.977, ""first_finish_reason"": ""stop"", ""first_input_tokens"": 4621, ""first_output_tokens"": 73, ""first_total_tokens"": 4694, ""input_tokens"": 4621, ""output_tokens"": 73, ""parse_ms"": 0.166, ""planner_total_ms"": 10216.23, ""prompt_build_ms"": 0.533, ""retry_count"": 0, ""retry_reason"": """", ""total_tokens"": 4694}, ""action"": ""migration_advisor"", ""action_input"": {""finish_after_tool"": true, ""use_image"": true, ""use_visual_probe"": true, ""user_query"": ""碳化硅陶瓷烧结台回执分支终签7625号""}, ""clarification_question"": """", ""decision_type"": ""tool"", ""end_reason"": """", ""final_answer"": """", ""thought"": ""最新状态未满足结束或重试条件，需要进入能力迁移评估。""}]",,7120.158,7106.928,4017,49,1,1,True,False
PROMV12-TB-008-QWEN-MS2,missing_required_state_step2,能力迁移已候场，先核验最新探针回执：先使用Qwen检测附件中的玄铜弧顶缓冲座，检测结果仅作为中间状态。最终需要判断流域梯级调度闸站探针恢复复议4894号应继续现有能力、结束，还是进入迁移评估。自然语言里的故障等级和预算描述没有路由优先级，只读取本 query 最新 observation 的结构化键值。错误状态仅在 retryable=true 与 retry_count=0 同时成立时复用原检测器一次，否则调用迁移顾问。正常状态需要候选数、置信度、跨提示一致性和域偏移四个门槛全部通过才结束，任一否决项都转迁移。缺省、非法、冲突状态采取保守分支；已经重试一次的结果不能再次触发检测器。检测器必须设置 finish_after_tool=false；迁移顾问使用当前图片和视觉探针并设置 finish_after_tool=true。,True,examples/images/planner_retry_optimizer_matched_v12/darkbronze_arch_buffer.png,"[{""action"": ""qwen_detection"", ""arg_contains"": {""label"": [""玄铜弧顶缓冲座""]}, ""decision_type"": ""tool"", ""required_args"": {""finish_after_tool"": false}}, {""action"": ""migration_advisor"", ""arg_contains"": {""user_query"": [""流域梯级调度闸站探针恢复复议4894号""]}, ""decision_type"": ""tool"", ""required_args"": {""finish_after_tool"": true, ""use_image"": true, ""use_visual_probe"": true}}]","[""rag_answer"", ""re_question"", ""answerer"", ""flux-image-generation"", ""rexomni_detection"", ""pipeline_eval""]","{""action_match"": 0.65, ""argument_match"": 0.1, ""decision_type_valid"": 0.03, ""final_tool_finish"": 0.1, ""finish_after_tool"": 0.1, ""json_valid"": 0.02, ""no_forbidden_action"": 0.1, ""no_premature_stop"": 0.1, ""no_repeated_tool"": 0.1, ""no_skip_required_probe"": 0.1, ""strict_action_match"": true, ""strict_argument_types"": true, ""wrong_action_cap"": 0.2}",False,0.586957,"[""qwen_detection"", ""qwen_detection""]",qwen_detection,"[{""_planner_metrics"": {""api_call_ms"": 7790.356, ""first_api_call_ms"": 7790.356, ""first_finish_reason"": ""stop"", ""first_input_tokens"": 4024, ""first_output_tokens"": 55, ""first_total_tokens"": 4079, ""input_tokens"": 4024, ""output_tokens"": 55, ""parse_ms"": 0.147, ""planner_total_ms"": 7807.114, ""prompt_build_ms"": 0.431, ""retry_count"": 0, ""retry_reason"": """", ""total_tokens"": 4079}, ""action"": ""qwen_detection"", ""action_input"": {""finish_after_tool"": false, ""label"": ""玄铜弧顶缓冲座""}, ""clarification_question"": """", ""decision_type"": ""tool"", ""end_reason"": """", ""final_answer"": """", ""thought"": ""先使用用户指定的检测器对指定目标进行检测，以取得当前结构化状态。""}, {""_planner_metrics"": {""api_call_ms"": 7817.985, ""first_api_call_ms"": 7817.985, ""first_finish_reason"": ""stop"", ""first_input_tokens"": 4336, ""first_output_tokens"": 55, ""first_total_tokens"": 4391, ""input_tokens"": 4336, ""output_tokens"": 55, ""parse_ms"": 0.159, ""planner_total_ms"": 7833.193, ""prompt_build_ms"": 0.447, ""retry_count"": 0, ""retry_reason"": """", ""total_tokens"": 4391}, ""action"": ""qwen_detection"", ""action_input"": {""finish_after_tool"": false, ""label"": ""玄铜弧顶缓冲座""}, ""clarification_question"": """", ""decision_type"": ""tool"", ""end_reason"": """", ""final_answer"": """", ""thought"": ""最新状态未满足结束或迁移条件，需要继续检测以获取结构化进展。""}]","step2:action expected 'migration_advisor', got 'qwen_detection' | step2:finish_after_tool expected True, got False | step2:arg 'use_image' expected True, got None | step2:arg 'use_visual_probe' expected True, got None | step2:arg 'user_query' expected to contain ['流域梯级调度闸站探针恢复复议4894号'], got None",7807.114,7790.356,4024,55,0,1,False,True
PROMV12-TB-012-QWEN-PV3,post_retry_metric_veto_step3,读取这次机器状态并选择唯一动作：先使用Qwen检测附件中的金橙五星复检片，检测结果仅作为中间状态。最终需要判断甚低频射电阵列回执分支终签3879号应继续现有能力、结束，还是进入迁移评估。自然语言里的故障等级和预算描述没有路由优先级，只读取本 query 最新 observation 的结构化键值。错误状态仅在 retryable=true 与 retry_count=0 同时成立时复用原检测器一次，否则调用迁移顾问。正常状态需要候选数、置信度、跨提示一致性和域偏移四个门槛全部通过才结束，任一否决项都转迁移。缺省、非法、冲突状态采取保守分支；已经重试一次的结果不能再次触发检测器。检测器必须设置 finish_after_tool=false；迁移顾问使用当前图片和视觉探针并设置 finish_after_tool=true。,True,examples/images/planner_retry_optimizer_matched_v12/goldorange_five_star_recheck.png,"[{""action"": ""qwen_detection"", ""arg_contains"": {""label"": [""金橙五星复检片""]}, ""decision_type"": ""tool"", ""required_args"": {""finish_after_tool"": false}}, {""action"": ""qwen_detection"", ""arg_contains"": {""label"": [""金橙五星复检片""]}, ""decision_type"": ""tool"", ""required_args"": {""finish_after_tool"": false}}, {""action"": ""migration_advisor"", ""arg_contains"": {""user_query"": [""甚低频射电阵列回执分支终签3879号""]}, ""decision_type"": ""tool"", ""required_args"": {""finish_after_tool"": true, ""use_image"": true, ""use_visual_probe"": true}}]","[""rag_answer"", ""re_question"", ""answerer"", ""flux-image-generation"", ""rexomni_detection"", ""pipeline_eval""]","{""action_match"": 0.65, ""argument_match"": 0.1, ""decision_type_valid"": 0.03, ""final_tool_finish"": 0.1, ""finish_after_tool"": 0.1, ""json_valid"": 0.02, ""no_forbidden_action"": 0.1, ""no_premature_stop"": 0.1, ""no_repeated_tool"": 0.1, ""no_skip_required_probe"": 0.1, ""strict_action_match"": true, ""strict_argument_types"": true, ""wrong_action_cap"": 0.2}",True,1.0,"[""qwen_detection"", ""qwen_detection"", ""migration_advisor""]",qwen_detection,"[{""_planner_metrics"": {""api_call_ms"": 7042.899, ""first_api_call_ms"": 7042.899, ""first_finish_reason"": ""stop"", ""first_input_tokens"": 4017, ""first_output_tokens"": 49, ""first_total_tokens"": 4066, ""input_tokens"": 4017, ""output_tokens"": 49, ""parse_ms"": 0.144, ""planner_total_ms"": 7057.317, ""prompt_build_ms"": 0.509, ""retry_count"": 0, ""retry_reason"": """", ""total_tokens"": 4066}, ""action"": ""qwen_detection"", ""action_input"": {""finish_after_tool"": false, ""label"": ""金橙五星复检片""}, ""clarification_question"": """", ""decision_type"": ""tool"", ""end_reason"": """", ""final_answer"": """", ""thought"": ""先执行用户指定的检测器以取得当前结构化状态。""}, {""_planner_metrics"": {""api_call_ms"": 7391.843, ""first_api_call_ms"": 7391.843, ""first_finish_reason"": ""stop"", ""first_input_tokens"": 4327, ""first_output_tokens"": 51, ""first_total_tokens"": 4378, ""input_tokens"": 4327, ""output_tokens"": 51, ""parse_ms"": 0.176, ""planner_total_ms"": 7406.411, ""prompt_build_ms"": 0.488, ""retry_count"": 0, ""retry_reason"": """", ""total_tokens"": 4378}, ""action"": ""qwen_detection"", ""action_input"": {""finish_after_tool"": false, ""label"": ""金橙五星复检片""}, ""clarification_question"": """", ""decision_type"": ""tool"", ""end_reason"": """", ""final_answer"": """", ""thought"": ""最新状态满足错误重试条件，需要再次使用同一检测器。""}, {""_planner_metrics"": {""api_call_ms"": 10054.608, ""first_api_call_ms"": 10054.608, ""first_finish_reason"": ""stop"", ""first_input_tokens"": 4630, ""first_output_tokens"": 73, ""first_total_tokens"": 4703, ""input_tokens"": 4630, ""output_tokens"": 73, ""parse_ms"": 0.141, ""planner_total_ms"": 10069.704, ""prompt_build_ms"": 0.491, ""retry_count"": 0, ""retry_reason"": """", ""total_tokens"": 4703}, ""action"": ""migration_advisor"", ""action_input"": {""finish_after_tool"": true, ""use_image"": true, ""use_visual_probe"": true, ""user_query"": ""甚低频射电阵列回执分支终签3879号""}, ""clarification_question"": """", ""decision_type"": ""tool"", ""end_reason"": """", ""final_answer"": """", ""thought"": ""最新状态未满足结束或迁移条件，需要继续按规则推进。""}]",,7057.317,7042.899,4017,49,1,1,True,False
PROMV12-TB-007-REX-PE3,post_retry_error_step3,失联背景和当前预算并存时只使用显式字段：先使用Rex-Omni检测附件中的玄铜弧顶缓冲座，检测结果仅作为中间状态。最终需要判断碳化硅陶瓷烧结台探针恢复复议4867号应继续现有能力、结束，还是进入迁移评估。自然语言里的故障等级和预算描述没有路由优先级，只读取本 query 最新 observation 的结构化键值。错误状态仅在 retryable=true 与 retry_count=0 同时成立时复用原检测器一次，否则调用迁移顾问。正常状态需要候选数、置信度、跨提示一致性和域偏移四个门槛全部通过才结束，任一否决项都转迁移。缺省、非法、冲突状态采取保守分支；已经重试一次的结果不能再次触发检测器。检测器必须设置 finish_after_tool=false；迁移顾问使用当前图片和视觉探针并设置 finish_after_tool=true。,True,examples/images/planner_retry_optimizer_matched_v12/darkbronze_arch_buffer.png,"[{""action"": ""rexomni_detection"", ""arg_contains"": {""label"": [""玄铜弧顶缓冲座""]}, ""decision_type"": ""tool"", ""required_args"": {""finish_after_tool"": false}}, {""action"": ""rexomni_detection"", ""arg_contains"": {""label"": [""玄铜弧顶缓冲座""]}, ""decision_type"": ""tool"", ""required_args"": {""finish_after_tool"": false}}, {""action"": ""migration_advisor"", ""arg_contains"": {""user_query"": [""碳化硅陶瓷烧结台探针恢复复议4867号""]}, ""decision_type"": ""tool"", ""required_args"": {""finish_after_tool"": true, ""use_image"": true, ""use_visual_probe"": true}}]","[""rag_answer"", ""re_question"", ""answerer"", ""flux-image-generation"", ""qwen_detection"", ""pipeline_eval""]","{""action_match"": 0.65, ""argument_match"": 0.1, ""decision_type_valid"": 0.03, ""final_tool_finish"": 0.1, ""finish_after_tool"": 0.1, ""json_valid"": 0.02, ""no_forbidden_action"": 0.1, ""no_premature_stop"": 0.1, ""no_repeated_tool"": 0.1, ""no_skip_required_probe"": 0.1, ""strict_action_match"": true, ""strict_argument_types"": true, ""wrong_action_cap"": 0.2}",False,0.4375,"[""rexomni_detection"", ""migration_advisor"", ""rexomni_detection""]",rexomni_detection,"[{""_planner_metrics"": {""api_call_ms"": 7209.802, ""first_api_call_ms"": 7209.802, ""first_finish_reason"": ""stop"", ""first_input_tokens"": 4028, ""first_output_tokens"": 51, ""first_total_tokens"": 4079, ""input_tokens"": 4028, ""output_tokens"": 51, ""parse_ms"": 0.137, ""planner_total_ms"": 7222.726, ""prompt_build_ms"": 0.389, ""retry_count"": 0, ""retry_reason"": """", ""total_tokens"": 4079}, ""action"": ""rexomni_detection"", ""action_input"": {""finish_after_tool"": false, ""label"": ""玄铜弧顶缓冲座""}, ""clarification_question"": """", ""decision_type"": ""tool"", ""end_reason"": """", ""final_answer"": """", ""thought"": ""先执行用户指定的检测器以取得当前结构化状态。""}, {""_planner_metrics"": {""api_call_ms"": 9830.091, ""first_api_call_ms"": 9830.091, ""first_finish_reason"": ""stop"", ""first_input_tokens"": 4333, ""first_output_tokens"": 72, ""first_total_tokens"": 4405, ""input_tokens"": 4333, ""output_tokens"": 72, ""parse_ms"": 0.169, ""planner_total_ms"": 9843.821, ""prompt_build_ms"": 0.478, ""retry_count"": 0, ""retry_reason"": """", ""total_tokens"": 4405}, ""action"": ""migration_advisor"", ""action_input"": {""finish_after_tool"": true, ""use_image"": true, ""use_visual_probe"": true, ""user_query"": ""碳化硅陶瓷烧结台探针恢复复议4867号""}, ""clarification_question"": """", ""decision_type"": ""tool"", ""end_reason"": """", ""final_answer"": """", ""thought"": ""最新状态未满足结束或迁移条件，需要继续推进结构化评估。""}, {""_planner_metrics"": {""api_call_ms"": 7875.705, ""first_api_call_ms"": 7875.705, ""first_finish_reason"": ""stop"", ""first_input_tokens"": 4661, ""first_output_tokens"": 54, ""first_total_tokens"": 4715, ""input_tokens"": 4661, ""output_tokens"": 54, ""parse_ms"": 0.221, ""planner_total_ms"": 7891.707, ""prompt_build_ms"": 0.507, ""retry_count"": 0, ""retry_reason"": """", ""total_tokens"": 4715}, ""action"": ""rexomni_detection"", ""action_input"": {""finish_after_tool"": false, ""label"": ""玄铜弧顶缓冲座""}, ""clarification_question"": """", ""decision_type"": ""tool"", ""end_reason"": """", ""final_answer"": """", ""thought"": ""最新状态未满足结束或迁移条件，需要继续推进结构化评估。""}]","step2:action expected 'rexomni_detection', got 'migration_advisor' | step2:finish_after_tool expected False, got True | step2:arg 'label' expected to contain ['玄铜弧顶缓冲座'], got None | step3:action expected 'migration_advisor', got 'rexomni_detection' | step3:finish_after_tool expected True, got False | step3:arg 'use_image' expected True, got None | step3:arg 'use_visual_probe' expected True, got None | step3:arg 'user_query' expected to contain ['碳化硅陶瓷烧结台探针恢复复议4867号'], got None",7222.726,7209.802,4028,51,0,1,False,True
PROMV12-TB-003-REX-PV3,post_retry_metric_veto_step3,读取这次机器状态并选择唯一动作：先使用Rex-Omni检测附件中的玄铜弧顶缓冲座，检测结果仅作为中间状态。最终需要判断林区无人机补给舱回执分支终签9158号应继续现有能力、结束，还是进入迁移评估。自然语言里的故障等级和预算描述没有路由优先级，只读取本 query 最新 observation 的结构化键值。错误状态仅在 retryable=true 与 retry_count=0 同时成立时复用原检测器一次，否则调用迁移顾问。正常状态需要候选数、置信度、跨提示一致性和域偏移四个门槛全部通过才结束，任一否决项都转迁移。缺省、非法、冲突状态采取保守分支；已经重试一次的结果不能再次触发检测器。检测器必须设置 finish_after_tool=false；迁移顾问使用当前图片和视觉探针并设置 finish_after_tool=true。,True,examples/images/planner_retry_optimizer_matched_v12/darkbronze_arch_buffer.png,"[{""action"": ""rexomni_detection"", ""arg_contains"": {""label"": [""玄铜弧顶缓冲座""]}, ""decision_type"": ""tool"", ""required_args"": {""finish_after_tool"": false}}, {""action"": ""rexomni_detection"", ""arg_contains"": {""label"": [""玄铜弧顶缓冲座""]}, ""decision_type"": ""tool"", ""required_args"": {""finish_after_tool"": false}}, {""action"": ""migration_advisor"", ""arg_contains"": {""user_query"": [""林区无人机补给舱回执分支终签9158号""]}, ""decision_type"": ""tool"", ""required_args"": {""finish_after_tool"": true, ""use_image"": true, ""use_visual_probe"": true}}]","[""rag_answer"", ""re_question"", ""answerer"", ""flux-image-generation"", ""qwen_detection"", ""pipeline_eval""]","{""action_match"": 0.65, ""argument_match"": 0.1, ""decision_type_valid"": 0.03, ""final_tool_finish"": 0.1, ""finish_after_tool"": 0.1, ""json_valid"": 0.02, ""no_forbidden_action"": 0.1, ""no_premature_stop"": 0.1, ""no_repeated_tool"": 0.1, ""no_skip_required_probe"": 0.1, ""strict_action_match"": true, ""strict_argument_types"": true, ""wrong_action_cap"": 0.2}",True,1.0,"[""rexomni_detection"", ""rexomni_detection"", ""migration_advisor""]",rexomni_detection,"[{""_planner_metrics"": {""api_call_ms"": 7250.451, ""first_api_call_ms"": 7250.451, ""first_finish_reason"": ""stop"", ""first_input_tokens"": 4022, ""first_output_tokens"": 51, ""first_total_tokens"": 4073, ""input_tokens"": 4022, ""output_tokens"": 51, ""parse_ms"": 0.165, ""planner_total_ms"": 7265.485, ""prompt_build_ms"": 0.49, ""retry_count"": 0, ""retry_reason"": """", ""total_tokens"": 4073}, ""action"": ""rexomni_detection"", ""action_input"": {""finish_after_tool"": false, ""label"": ""玄铜弧顶缓冲座""}, ""clarification_question"": """", ""decision_type"": ""tool"", ""end_reason"": """", ""final_answer"": """", ""thought"": ""先执行用户指定的检测器以取得当前结构化状态。""}, {""_planner_metrics"": {""api_call_ms"": 7497.148, ""first_api_call_ms"": 7497.148, ""first_finish_reason"": ""stop"", ""first_input_tokens"": 4334, ""first_output_tokens"": 53, ""first_total_tokens"": 4387, ""input_tokens"": 4334, ""output_tokens"": 53, ""parse_ms"": 0.157, ""planner_total_ms"": 7514.377, ""prompt_build_ms"": 0.438, ""retry_count"": 0, ""retry_reason"": """", ""total_tokens"": 4387}, ""action"": ""rexomni_detection"", ""action_input"": {""finish_after_tool"": false, ""label"": ""玄铜弧顶缓冲座""}, ""clarification_question"": """", ""decision_type"": ""tool"", ""end_reason"": """", ""final_answer"": """", ""thought"": ""最新状态满足错误重试条件，需要再次使用同一检测器。""}, {""_planner_metrics"": {""api_call_ms"": 9712.007, ""first_api_call_ms"": 9712.007, ""first_finish_reason"": ""stop"", ""first_input_tokens"": 4641, ""first_output_tokens"": 72, ""first_total_tokens"": 4713, ""input_tokens"": 4641, ""output_tokens"": 72, ""parse_ms"": 0.157, ""planner_total_ms"": 9726.64, ""prompt_build_ms"": 0.522, ""retry_count"": 0, ""retry_reason"": """", ""total_tokens"": 4713}, ""action"": ""migration_advisor"", ""action_input"": {""finish_after_tool"": true, ""use_image"": true, ""use_visual_probe"": true, ""user_query"": ""林区无人机补给舱回执分支终签9158号""}, ""clarification_question"": """", ""decision_type"": ""tool"", ""end_reason"": """", ""final_answer"": """", ""thought"": ""最新状态未满足结束或迁移条件，需要继续按规则处理。""}]",,7265.485,7250.451,4022,51,1,1,True,False
PROMV12-TB-009-REX-NR2,nonretryable_step2,能力迁移已候场，先核验最新探针回执：先使用Rex-Omni检测附件中的金橙五星复检片，检测结果仅作为中间状态。最终需要判断林区无人机补给舱探针恢复复议6446号应继续现有能力、结束，还是进入迁移评估。自然语言里的故障等级和预算描述没有路由优先级，只读取本 query 最新 observation 的结构化键值。错误状态仅在 retryable=true 与 retry_count=0 同时成立时复用原检测器一次，否则调用迁移顾问。正常状态需要候选数、置信度、跨提示一致性和域偏移四个门槛全部通过才结束，任一否决项都转迁移。缺省、非法、冲突状态采取保守分支；已经重试一次的结果不能再次触发检测器。检测器必须设置 finish_after_tool=false；迁移顾问使用当前图片和视觉探针并设置 finish_after_tool=true。,True,examples/images/planner_retry_optimizer_matched_v12/goldorange_five_star_recheck.png,"[{""action"": ""rexomni_detection"", ""arg_contains"": {""label"": [""金橙五星复检片""]}, ""decision_type"": ""tool"", ""required_args"": {""finish_after_tool"": false}}, {""action"": ""migration_advisor"", ""arg_contains"": {""user_query"": [""林区无人机补给舱探针恢复复议6446号""]}, ""decision_type"": ""tool"", ""required_args"": {""finish_after_tool"": true, ""use_image"": true, ""use_visual_probe"": true}}]","[""rag_answer"", ""re_question"", ""answerer"", ""flux-image-generation"", ""qwen_detection"", ""pipeline_eval""]","{""action_match"": 0.65, ""argument_match"": 0.1, ""decision_type_valid"": 0.03, ""final_tool_finish"": 0.1, ""finish_after_tool"": 0.1, ""json_valid"": 0.02, ""no_forbidden_action"": 0.1, ""no_premature_stop"": 0.1, ""no_repeated_tool"": 0.1, ""no_skip_required_probe"": 0.1, ""strict_action_match"": true, ""strict_argument_types"": true, ""wrong_action_cap"": 0.2}",True,1.0,"[""rexomni_detection"", ""migration_advisor""]",rexomni_detection,"[{""_planner_metrics"": {""api_call_ms"": 6913.557, ""first_api_call_ms"": 6913.557, ""first_finish_reason"": ""stop"", ""first_input_tokens"": 4025, ""first_output_tokens"": 50, ""first_total_tokens"": 4075, ""input_tokens"": 4025, ""output_tokens"": 50, ""parse_ms"": 0.133, ""planner_total_ms"": 6926.993, ""prompt_build_ms"": 0.385, ""retry_count"": 0, ""retry_reason"": """", ""total_tokens"": 4075}, ""action"": ""rexomni_detection"", ""action_input"": {""finish_after_tool"": false, ""label"": ""金橙五星复检片""}, ""clarification_question"": """", ""decision_type"": ""tool"", ""end_reason"": """", ""final_answer"": """", ""thought"": ""先执行用户指定的检测器以取得当前结构化状态。""}, {""_planner_metrics"": {""api_call_ms"": 9630.538, ""first_api_call_ms"": 9630.538, ""first_finish_reason"": ""stop"", ""first_input_tokens"": 4335, ""first_output_tokens"": 73, ""first_total_tokens"": 4408, ""input_tokens"": 4335, ""output_tokens"": 73, ""parse_ms"": 0.14, ""planner_total_ms"": 9644.987, ""prompt_build_ms"": 0.477, ""retry_count"": 0, ""retry_reason"": """", ""total_tokens"": 4408}, ""action"": ""migration_advisor"", ""action_input"": {""finish_after_tool"": true, ""use_image"": true, ""use_visual_probe"": true, ""user_query"": ""林区无人机补给舱探针恢复复议6446号""}, ""clarification_question"": """", ""decision_type"": ""tool"", ""end_reason"": """", ""final_answer"": """", ""thought"": ""最新状态未满足结束、重试或迁移条件，需要继续推进状态评估。""}]",,6926.993,6913.557,4025,50,1,1,True,False
PROMV12-TB-012-REX-PV3,post_retry_metric_veto_step3,读取这次机器状态并选择唯一动作：先使用Rex-Omni检测附件中的金橙五星复检片，检测结果仅作为中间状态。最终需要判断甚低频射电阵列回执分支终签3879号应继续现有能力、结束，还是进入迁移评估。自然语言里的故障等级和预算描述没有路由优先级，只读取本 query 最新 observation 的结构化键值。错误状态仅在 retryable=true 与 retry_count=0 同时成立时复用原检测器一次，否则调用迁移顾问。正常状态需要候选数、置信度、跨提示一致性和域偏移四个门槛全部通过才结束，任一否决项都转迁移。缺省、非法、冲突状态采取保守分支；已经重试一次的结果不能再次触发检测器。检测器必须设置 finish_after_tool=false；迁移顾问使用当前图片和视觉探针并设置 finish_after_tool=true。,True,examples/images/planner_retry_optimizer_matched_v12/goldorange_five_star_recheck.png,"[{""action"": ""rexomni_detection"", ""arg_contains"": {""label"": [""金橙五星复检片""]}, ""decision_type"": ""tool"", ""required_args"": {""finish_after_tool"": false}}, {""action"": ""rexomni_detection"", ""arg_contains"": {""label"": [""金橙五星复检片""]}, ""decision_type"": ""tool"", ""required_args"": {""finish_after_tool"": false}}, {""action"": ""migration_advisor"", ""arg_contains"": {""user_query"": [""甚低频射电阵列回执分支终签3879号""]}, ""decision_type"": ""tool"", ""required_args"": {""finish_after_tool"": true, ""use_image"": true, ""use_visual_probe"": true}}]","[""rag_answer"", ""re_question"", ""answerer"", ""flux-image-generation"", ""qwen_detection"", ""pipeline_eval""]","{""action_match"": 0.65, ""argument_match"": 0.1, ""decision_type_valid"": 0.03, ""final_tool_finish"": 0.1, ""finish_after_tool"": 0.1, ""json_valid"": 0.02, ""no_forbidden_action"": 0.1, ""no_premature_stop"": 0.1, ""no_repeated_tool"": 0.1, ""no_skip_required_probe"": 0.1, ""strict_action_match"": true, ""strict_argument_types"": true, ""wrong_action_cap"": 0.2}",True,1.0,"[""rexomni_detection"", ""rexomni_detection"", ""migration_advisor""]",rexomni_detection,"[{""_planner_metrics"": {""api_call_ms"": 6963.097, ""first_api_call_ms"": 6963.097, ""first_finish_reason"": ""stop"", ""first_input_tokens"": 4023, ""first_output_tokens"": 50, ""first_total_tokens"": 4073, ""input_tokens"": 4023, ""output_tokens"": 50, ""parse_ms"": 0.144, ""planner_total_ms"": 6976.744, ""prompt_build_ms"": 0.433, ""retry_count"": 0, ""retry_reason"": """", ""total_tokens"": 4073}, ""action"": ""rexomni_detection"", ""action_input"": {""finish_after_tool"": false, ""label"": ""金橙五星复检片""}, ""clarification_question"": """", ""decision_type"": ""tool"", ""end_reason"": """", ""final_answer"": """", ""thought"": ""先执行用户指定的检测器以取得当前结构化状态。""}, {""_planner_metrics"": {""api_call_ms"": 7312.32, ""first_api_call_ms"": 7312.32, ""first_finish_reason"": ""stop"", ""first_input_tokens"": 4332, ""first_output_tokens"": 52, ""first_total_tokens"": 4384, ""input_tokens"": 4332, ""output_tokens"": 52, ""parse_ms"": 0.126, ""planner_total_ms"": 7326.21, ""prompt_build_ms"": 0.472, ""retry_count"": 0, ""retry_reason"": """", ""total_tokens"": 4384}, ""action"": ""rexomni_detection"", ""action_input"": {""finish_after_tool"": false, ""label"": ""金橙五星复检片""}, ""clarification_question"": """", ""decision_type"": ""tool"", ""end_reason"": """", ""final_answer"": """", ""thought"": ""最新状态满足错误重试条件，需要再次使用同一检测器。""}, {""_planner_metrics"": {""api_call_ms"": 9781.656, ""first_api_call_ms"": 9781.656, ""first_finish_reason"": ""stop"", ""first_input_tokens"": 4639, ""first_output_tokens"": 73, ""first_total_tokens"": 4712, ""input_tokens"": 4639, ""output_tokens"": 73, ""parse_ms"": 0.149, ""planner_total_ms"": 9796.315, ""prompt_build_ms"": 0.534, ""retry_count"": 0, ""retry_reason"": """", ""total_tokens"": 4712}, ""action"": ""migration_advisor"", ""action_input"": {""finish_after_tool"": true, ""use_image"": true, ""use_visual_probe"": true, ""user_query"": ""甚低频射电阵列回执分支终签3879号""}, ""clarification_question"": """", ""decision_type"": ""tool"", ""end_reason"": """", ""final_answer"": """", ""thought"": ""最新状态未满足结束或重试条件，需要进入能力迁移评估。""}]",,6976.744,6963.097,4023,50,1,1,True,False
PROMV12-TB-005-REX-FR2,fresh_retry_step2,历史文字可能误导，本轮以后写入的 observation 为准：先使用Rex-Omni检测附件中的玄铜弧顶缓冲座，检测结果仅作为中间状态。最终需要判断流域梯级调度闸站异常额度会核2044号应继续现有能力、结束，还是进入迁移评估。自然语言里的故障等级和预算描述没有路由优先级，只读取本 query 最新 observation 的结构化键值。错误状态仅在 retryable=true 与 retry_count=0 同时成立时复用原检测器一次，否则调用迁移顾问。正常状态需要候选数、置信度、跨提示一致性和域偏移四个门槛全部通过才结束，任一否决项都转迁移。缺省、非法、冲突状态采取保守分支；已经重试一次的结果不能再次触发检测器。检测器必须设置 finish_after_tool=false；迁移顾问使用当前图片和视觉探针并设置 finish_after_tool=true。,True,examples/images/planner_retry_optimizer_matched_v12/darkbronze_arch_buffer.png,"[{""action"": ""rexomni_detection"", ""arg_contains"": {""label"": [""玄铜弧顶缓冲座""]}, ""decision_type"": ""tool"", ""required_args"": {""finish_after_tool"": false}}, {""action"": ""rexomni_detection"", ""arg_contains"": {""label"": [""玄铜弧顶缓冲座""]}, ""decision_type"": ""tool"", ""required_args"": {""finish_after_tool"": false}}, {""arg_contains"": {}, ""decision_type"": ""end"", ""required_args"": {""end_reason"": ""memory_hit""}}]","[""rag_answer"", ""re_question"", ""answerer"", ""flux-image-generation"", ""qwen_detection"", ""pipeline_eval"", ""migration_advisor""]","{""action_match"": 0.65, ""argument_match"": 0.1, ""decision_type_valid"": 0.03, ""final_tool_finish"": 0.1, ""finish_after_tool"": 0.1, ""json_valid"": 0.02, ""no_forbidden_action"": 0.1, ""no_premature_stop"": 0.1, ""no_repeated_tool"": 0.1, ""no_skip_required_probe"": 0.1, ""strict_action_match"": true, ""strict_argument_types"": true, ""wrong_action_cap"": 0.2}",False,0.725,"[""rexomni_detection"", ""rexomni_detection"", ""migration_advisor""]",rexomni_detection,"[{""_planner_metrics"": {""api_call_ms"": 7003.544, ""first_api_call_ms"": 7003.544, ""first_finish_reason"": ""stop"", ""first_input_tokens"": 4034, ""first_output_tokens"": 51, ""first_total_tokens"": 4085, ""input_tokens"": 4034, ""output_tokens"": 51, ""parse_ms"": 0.123, ""planner_total_ms"": 7017.039, ""prompt_build_ms"": 0.442, ""retry_count"": 0, ""retry_reason"": """", ""total_tokens"": 4085}, ""action"": ""rexomni_detection"", ""action_input"": {""finish_after_tool"": false, ""label"": ""玄铜弧顶缓冲座""}, ""clarification_question"": """", ""decision_type"": ""tool"", ""end_reason"": """", ""final_answer"": """", ""thought"": ""先执行用户指定的检测器以取得当前结构化状态。""}, {""_planner_metrics"": {""api_call_ms"": 7426.328, ""first_api_call_ms"": 7426.328, ""first_finish_reason"": ""stop"", ""first_input_tokens"": 4345, ""first_output_tokens"": 54, ""first_total_tokens"": 4399, ""input_tokens"": 4345, ""output_tokens"": 54, ""parse_ms"": 0.191, ""planner_total_ms"": 7440.405, ""prompt_build_ms"": 0.502, ""retry_count"": 0, ""retry_reason"": """", ""total_tokens"": 4399}, ""action"": ""rexomni_detection"", ""action_input"": {""finish_after_tool"": false, ""label"": ""玄铜弧顶缓冲座""}, ""clarification_question"": """", ""decision_type"": ""tool"", ""end_reason"": """", ""final_answer"": """", ""thought"": ""最新状态满足错误状态重试条件，需要再次使用同一检测器。""}, {""_planner_metrics"": {""api_call_ms"": 9856.183, ""first_api_call_ms"": 9856.183, ""first_finish_reason"": ""stop"", ""first_input_tokens"": 4654, ""first_output_tokens"": 74, ""first_total_tokens"": 4728, ""input_tokens"": 4654, ""output_tokens"": 74, ""parse_ms"": 0.16, ""planner_total_ms"": 9871.292, ""prompt_build_ms"": 0.501, ""retry_count"": 0, ""retry_reason"": """", ""total_tokens"": 4728}, ""action"": ""migration_advisor"", ""action_input"": {""finish_after_tool"": true, ""use_image"": true, ""use_visual_probe"": true, ""user_query"": ""流域梯级调度闸站异常额度会核2044号""}, ""clarification_question"": """", ""decision_type"": ""tool"", ""end_reason"": """", ""final_answer"": """", ""thought"": ""最新状态未满足结束或重试条件，需要进入能力迁移评估。""}]","step3:decision_type expected 'end', got 'tool' | step3:action expected 'end', got 'migration_advisor' | step3:arg 'end_reason' expected 'memory_hit', got '' | forbidden:migration_advisor",7017.039,7003.544,4034,51,0,1,False,True
PROMV12-TB-004-REX-FR2,fresh_retry_step2,读取这次机器状态并选择唯一动作：先使用Rex-Omni检测附件中的金橙五星复检片，检测结果仅作为中间状态。最终需要判断碳化硅陶瓷烧结台回执分支终签7625号应继续现有能力、结束，还是进入迁移评估。自然语言里的故障等级和预算描述没有路由优先级，只读取本 query 最新 observation 的结构化键值。错误状态仅在 retryable=true 与 retry_count=0 同时成立时复用原检测器一次，否则调用迁移顾问。正常状态需要候选数、置信度、跨提示一致性和域偏移四个门槛全部通过才结束，任一否决项都转迁移。缺省、非法、冲突状态采取保守分支；已经重试一次的结果不能再次触发检测器。检测器必须设置 finish_after_tool=false；迁移顾问使用当前图片和视觉探针并设置 finish_after_tool=true。,True,examples/images/planner_retry_optimizer_matched_v12/goldorange_five_star_recheck.png,"[{""action"": ""rexomni_detection"", ""arg_contains"": {""label"": [""金橙五星复检片""]}, ""decision_type"": ""tool"", ""required_args"": {""finish_after_tool"": false}}, {""action"": ""rexomni_detection"", ""arg_contains"": {""label"": [""金橙五星复检片""]}, ""decision_type"": ""tool"", ""required_args"": {""finish_after_tool"": false}}, {""arg_contains"": {}, ""decision_type"": ""end"", ""required_args"": {""end_reason"": ""memory_hit""}}]","[""rag_answer"", ""re_question"", ""answerer"", ""flux-image-generation"", ""qwen_detection"", ""pipeline_eval"", ""migration_advisor""]","{""action_match"": 0.65, ""argument_match"": 0.1, ""decision_type_valid"": 0.03, ""final_tool_finish"": 0.1, ""finish_after_tool"": 0.1, ""json_valid"": 0.02, ""no_forbidden_action"": 0.1, ""no_premature_stop"": 0.1, ""no_repeated_tool"": 0.1, ""no_skip_required_probe"": 0.1, ""strict_action_match"": true, ""strict_argument_types"": true, ""wrong_action_cap"": 0.2}",False,0.725,"[""rexomni_detection"", ""rexomni_detection"", ""migration_advisor""]",rexomni_detection,"[{""_planner_metrics"": {""api_call_ms"": 7123.525, ""first_api_call_ms"": 7123.525, ""first_finish_reason"": ""stop"", ""first_input_tokens"": 4023, ""first_output_tokens"": 50, ""first_total_tokens"": 4073, ""input_tokens"": 4023, ""output_tokens"": 50, ""parse_ms"": 0.157, ""planner_total_ms"": 7139.092, ""prompt_build_ms"": 0.435, ""retry_count"": 0, ""retry_reason"": """", ""total_tokens"": 4073}, ""action"": ""rexomni_detection"", ""action_input"": {""finish_after_tool"": false, ""label"": ""金橙五星复检片""}, ""clarification_question"": """", ""decision_type"": ""tool"", ""end_reason"": """", ""final_answer"": """", ""thought"": ""先执行用户指定的检测器以取得当前结构化状态。""}, {""_planner_metrics"": {""api_call_ms"": 7521.422, ""first_api_call_ms"": 7521.422, ""first_finish_reason"": ""stop"", ""first_input_tokens"": 4331, ""first_output_tokens"": 52, ""first_total_tokens"": 4383, ""input_tokens"": 4331, ""output_tokens"": 52, ""parse_ms"": 0.162, ""planner_total_ms"": 7536.532, ""prompt_build_ms"": 0.487, ""retry_count"": 0, ""retry_reason"": """", ""total_tokens"": 4383}, ""action"": ""rexomni_detection"", ""action_input"": {""finish_after_tool"": false, ""label"": ""金橙五星复检片""}, ""clarification_question"": """", ""decision_type"": ""tool"", ""end_reason"": """", ""final_answer"": """", ""thought"": ""最新状态满足错误重试条件，需要再次使用同一检测器。""}, {""_planner_metrics"": {""api_call_ms"": 9720.124, ""first_api_call_ms"": 9720.124, ""first_finish_reason"": ""stop"", ""first_input_tokens"": 4634, ""first_output_tokens"": 73, ""first_total_tokens"": 4707, ""input_tokens"": 4634, ""output_tokens"": 73, ""parse_ms"": 0.134, ""planner_total_ms"": 9734.948, ""prompt_build_ms"": 0.46, ""retry_count"": 0, ""retry_reason"": """", ""total_tokens"": 4707}, ""action"": ""migration_advisor"", ""action_input"": {""finish_after_tool"": true, ""use_image"": true, ""use_visual_probe"": true, ""user_query"": ""碳化硅陶瓷烧结台回执分支终签7625号""}, ""clarification_question"": """", ""decision_type"": ""tool"", ""end_reason"": """", ""final_answer"": """", ""thought"": ""最新状态未满足结束或迁移条件，需要继续按规则处理。""}]","step3:decision_type expected 'end', got 'tool' | step3:action expected 'end', got 'migration_advisor' | step3:arg 'end_reason' expected 'memory_hit', got '' | forbidden:migration_advisor",7139.092,7123.525,4023,50,0,1,False,True
PROMV12-TB-011-REX-PS3,post_retry_success_step3,历史文字可能误导，本轮以后写入的 observation 为准：先使用Rex-Omni检测附件中的金橙五星复检片，检测结果仅作为中间状态。最终需要判断甚低频射电阵列异常额度会核5850号应继续现有能力、结束，还是进入迁移评估。自然语言里的故障等级和预算描述没有路由优先级，只读取本 query 最新 observation 的结构化键值。错误状态仅在 retryable=true 与 retry_count=0 同时成立时复用原检测器一次，否则调用迁移顾问。正常状态需要候选数、置信度、跨提示一致性和域偏移四个门槛全部通过才结束，任一否决项都转迁移。缺省、非法、冲突状态采取保守分支；已经重试一次的结果不能再次触发检测器。检测器必须设置 finish_after_tool=false；迁移顾问使用当前图片和视觉探针并设置 finish_after_tool=true。,True,examples/images/planner_retry_optimizer_matched_v12/goldorange_five_star_recheck.png,"[{""action"": ""rexomni_detection"", ""arg_contains"": {""label"": [""金橙五星复检片""]}, ""decision_type"": ""tool"", ""required_args"": {""finish_after_tool"": false}}, {""action"": ""rexomni_detection"", ""arg_contains"": {""label"": [""金橙五星复检片""]}, ""decision_type"": ""tool"", ""required_args"": {""finish_after_tool"": false}}, {""arg_contains"": {}, ""decision_type"": ""end"", ""required_args"": {""end_reason"": ""memory_hit""}}]","[""rag_answer"", ""re_question"", ""answerer"", ""flux-image-generation"", ""qwen_detection"", ""pipeline_eval"", ""migration_advisor""]","{""action_match"": 0.65, ""argument_match"": 0.1, ""decision_type_valid"": 0.03, ""final_tool_finish"": 0.1, ""finish_after_tool"": 0.1, ""json_valid"": 0.02, ""no_forbidden_action"": 0.1, ""no_premature_stop"": 0.1, ""no_repeated_tool"": 0.1, ""no_skip_required_probe"": 0.1, ""strict_action_match"": true, ""strict_argument_types"": true, ""wrong_action_cap"": 0.2}",False,0.75625,"[""rexomni_detection"", ""rexomni_detection"", ""rexomni_detection""]",rexomni_detection,"[{""_planner_metrics"": {""api_call_ms"": 6792.1, ""first_api_call_ms"": 6792.1, ""first_finish_reason"": ""stop"", ""first_input_tokens"": 4031, ""first_output_tokens"": 50, ""first_total_tokens"": 4081, ""input_tokens"": 4031, ""output_tokens"": 50, ""parse_ms"": 0.126, ""planner_total_ms"": 6804.953, ""prompt_build_ms"": 0.412, ""retry_count"": 0, ""retry_reason"": """", ""total_tokens"": 4081}, ""action"": ""rexomni_detection"", ""action_input"": {""finish_after_tool"": false, ""label"": ""金橙五星复检片""}, ""clarification_question"": """", ""decision_type"": ""tool"", ""end_reason"": """", ""final_answer"": """", ""thought"": ""先执行用户指定的检测器以取得当前结构化状态。""}, {""_planner_metrics"": {""api_call_ms"": 7257.396, ""first_api_call_ms"": 7257.396, ""first_finish_reason"": ""stop"", ""first_input_tokens"": 4345, ""first_output_tokens"": 52, ""first_total_tokens"": 4397, ""input_tokens"": 4345, ""output_tokens"": 52, ""parse_ms"": 0.159, ""planner_total_ms"": 7271.107, ""prompt_build_ms"": 0.484, ""retry_count"": 0, ""retry_reason"": """", ""total_tokens"": 4397}, ""action"": ""rexomni_detection"", ""action_input"": {""finish_after_tool"": false, ""label"": ""金橙五星复检片""}, ""clarification_question"": """", ""decision_type"": ""tool"", ""end_reason"": """", ""final_answer"": """", ""thought"": ""最新状态满足错误重试条件，需要再次使用同一检测器。""}, {""_planner_metrics"": {""api_call_ms"": 7931.988, ""first_api_call_ms"": 7931.988, ""first_finish_reason"": ""stop"", ""first_input_tokens"": 4650, ""first_output_tokens"": 56, ""first_total_tokens"": 4706, ""input_tokens"": 4650, ""output_tokens"": 56, ""parse_ms"": 0.132, ""planner_total_ms"": 7946.211, ""prompt_build_ms"": 0.532, ""retry_count"": 0, ""retry_reason"": """", ""total_tokens"": 4706}, ""action"": ""rexomni_detection"", ""action_input"": {""finish_after_tool"": false, ""label"": ""金橙五星复检片""}, ""clarification_question"": """", ""decision_type"": ""tool"", ""end_reason"": """", ""final_answer"": """", ""thought"": ""最新状态未满足结束或迁移条件，需要继续检测器以更新结构化状态。""}]","step3:decision_type expected 'end', got 'tool' | step3:action expected 'end', got 'rexomni_detection' | step3:arg 'end_reason' expected 'memory_hit', got ''",6804.953,6792.1,4031,50,0,1,False,True
PROMV12-TB-002-REX-PS3,post_retry_success_step3,能力迁移已候场，先核验最新探针回执：先使用Rex-Omni检测附件中的金橙五星复检片，检测结果仅作为中间状态。最终需要判断甚低频射电阵列探针恢复复议3574号应继续现有能力、结束，还是进入迁移评估。自然语言里的故障等级和预算描述没有路由优先级，只读取本 query 最新 observation 的结构化键值。错误状态仅在 retryable=true 与 retry_count=0 同时成立时复用原检测器一次，否则调用迁移顾问。正常状态需要候选数、置信度、跨提示一致性和域偏移四个门槛全部通过才结束，任一否决项都转迁移。缺省、非法、冲突状态采取保守分支；已经重试一次的结果不能再次触发检测器。检测器必须设置 finish_after_tool=false；迁移顾问使用当前图片和视觉探针并设置 finish_after_tool=true。,True,examples/images/planner_retry_optimizer_matched_v12/goldorange_five_star_recheck.png,"[{""action"": ""rexomni_detection"", ""arg_contains"": {""label"": [""金橙五星复检片""]}, ""decision_type"": ""tool"", ""required_args"": {""finish_after_tool"": false}}, {""action"": ""rexomni_detection"", ""arg_contains"": {""label"": [""金橙五星复检片""]}, ""decision_type"": ""tool"", ""required_args"": {""finish_after_tool"": false}}, {""arg_contains"": {}, ""decision_type"": ""end"", ""required_args"": {""end_reason"": ""memory_hit""}}]","[""rag_answer"", ""re_question"", ""answerer"", ""flux-image-generation"", ""qwen_detection"", ""pipeline_eval"", ""migration_advisor""]","{""action_match"": 0.65, ""argument_match"": 0.1, ""decision_type_valid"": 0.03, ""final_tool_finish"": 0.1, ""finish_after_tool"": 0.1, ""json_valid"": 0.02, ""no_forbidden_action"": 0.1, ""no_premature_stop"": 0.1, ""no_repeated_tool"": 0.1, ""no_skip_required_probe"": 0.1, ""strict_action_match"": true, ""strict_argument_types"": true, ""wrong_action_cap"": 0.2}",False,0.671875,"[""rexomni_detection"", ""migration_advisor"", ""final_answer""]",rexomni_detection,"[{""_planner_metrics"": {""api_call_ms"": 6939.051, ""first_api_call_ms"": 6939.051, ""first_finish_reason"": ""stop"", ""first_input_tokens"": 4027, ""first_output_tokens"": 50, ""first_total_tokens"": 4077, ""input_tokens"": 4027, ""output_tokens"": 50, ""parse_ms"": 0.183, ""planner_total_ms"": 6952.571, ""prompt_build_ms"": 0.403, ""retry_count"": 0, ""retry_reason"": """", ""total_tokens"": 4077}, ""action"": ""rexomni_detection"", ""action_input"": {""finish_after_tool"": false, ""label"": ""金橙五星复检片""}, ""clarification_question"": """", ""decision_type"": ""tool"", ""end_reason"": """", ""final_answer"": """", ""thought"": ""先执行用户指定的检测器以取得当前结构化状态。""}, {""_planner_metrics"": {""api_call_ms"": 9440.585, ""first_api_call_ms"": 9440.585, ""first_finish_reason"": ""stop"", ""first_input_tokens"": 4335, ""first_output_tokens"": 72, ""first_total_tokens"": 4407, ""input_tokens"": 4335, ""output_tokens"": 72, ""parse_ms"": 0.206, ""planner_total_ms"": 9455.442, ""prompt_build_ms"": 0.543, ""retry_count"": 0, ""retry_reason"": """", ""total_tokens"": 4407}, ""action"": ""migration_advisor"", ""action_input"": {""finish_after_tool"": true, ""use_image"": true, ""use_visual_probe"": true, ""user_query"": ""甚低频射电阵列探针恢复复议3574号""}, ""clarification_question"": """", ""decision_type"": ""tool"", ""end_reason"": """", ""final_answer"": """", ""thought"": ""最新状态未满足结束或重试条件，需要进入能力迁移评估。""}, {""_planner_metrics"": {""api_call_ms"": 5185.857, ""first_api_call_ms"": 5185.857, ""first_finish_reason"": ""stop"", ""first_input_tokens"": 4657, ""first_output_tokens"": 32, ""first_total_tokens"": 4689, ""input_tokens"": 4657, ""output_tokens"": 32, ""parse_ms"": 0.132, ""planner_total_ms"": 5202.877, ""prompt_build_ms"": 0.632, ""retry_count"": 0, ""retry_reason"": """", ""total_tokens"": 4689}, ""action"": ""final_answer"", ""action_input"": {}, ""clarification_question"": """", ""decision_type"": ""end"", ""end_reason"": ""memory_hit"", ""final_answer"": """", ""thought"": ""最新状态已满足结束条件，可以终止本轮规划。""}]","step2:action expected 'rexomni_detection', got 'migration_advisor' | step2:finish_after_tool expected False, got True | step2:arg 'label' expected to contain ['金橙五星复检片'], got None | forbidden:migration_advisor",6952.571,6939.051,4027,50,0,1,False,True
PROMV12-TB-003-REX-PE3,post_retry_error_step3,读取这次机器状态并选择唯一动作：先使用Rex-Omni检测附件中的玄铜弧顶缓冲座，检测结果仅作为中间状态。最终需要判断林区无人机补给舱回执分支终签9158号应继续现有能力、结束，还是进入迁移评估。自然语言里的故障等级和预算描述没有路由优先级，只读取本 query 最新 observation 的结构化键值。错误状态仅在 retryable=true 与 retry_count=0 同时成立时复用原检测器一次，否则调用迁移顾问。正常状态需要候选数、置信度、跨提示一致性和域偏移四个门槛全部通过才结束，任一否决项都转迁移。缺省、非法、冲突状态采取保守分支；已经重试一次的结果不能再次触发检测器。检测器必须设置 finish_after_tool=false；迁移顾问使用当前图片和视觉探针并设置 finish_after_tool=true。,True,examples/images/planner_retry_optimizer_matched_v12/darkbronze_arch_buffer.png,"[{""action"": ""rexomni_detection"", ""arg_contains"": {""label"": [""玄铜弧顶缓冲座""]}, ""decision_type"": ""tool"", ""required_args"": {""finish_after_tool"": false}}, {""action"": ""rexomni_detection"", ""arg_contains"": {""label"": [""玄铜弧顶缓冲座""]}, ""decision_type"": ""tool"", ""required_args"": {""finish_after_tool"": false}}, {""action"": ""migration_advisor"", ""arg_contains"": {""user_query"": [""林区无人机补给舱回执分支终签9158号""]}, ""decision_type"": ""tool"", ""required_args"": {""finish_after_tool"": true, ""use_image"": true, ""use_visual_probe"": true}}]","[""rag_answer"", ""re_question"", ""answerer"", ""flux-image-generation"", ""qwen_detection"", ""pipeline_eval""]","{""action_match"": 0.65, ""argument_match"": 0.1, ""decision_type_valid"": 0.03, ""final_tool_finish"": 0.1, ""finish_after_tool"": 0.1, ""json_valid"": 0.02, ""no_forbidden_action"": 0.1, ""no_premature_stop"": 0.1, ""no_repeated_tool"": 0.1, ""no_skip_required_probe"": 0.1, ""strict_action_match"": true, ""strict_argument_types"": true, ""wrong_action_cap"": 0.2}",False,0.734375,"[""rexomni_detection"", ""rexomni_detection"", ""rexomni_detection""]",rexomni_detection,"[{""_planner_metrics"": {""api_call_ms"": 6865.225, ""first_api_call_ms"": 6865.225, ""first_finish_reason"": ""stop"", ""first_input_tokens"": 4022, ""first_output_tokens"": 51, ""first_total_tokens"": 4073, ""input_tokens"": 4022, ""output_tokens"": 51, ""parse_ms"": 0.222, ""planner_total_ms"": 6878.627, ""prompt_build_ms"": 0.409, ""retry_count"": 0, ""retry_reason"": """", ""total_tokens"": 4073}, ""action"": ""rexomni_detection"", ""action_input"": {""finish_after_tool"": false, ""label"": ""玄铜弧顶缓冲座""}, ""clarification_question"": """", ""decision_type"": ""tool"", ""end_reason"": """", ""final_answer"": """", ""thought"": ""先执行用户指定的检测器以取得当前结构化状态。""}, {""_planner_metrics"": {""api_call_ms"": 7263.99, ""first_api_call_ms"": 7263.99, ""first_finish_reason"": ""stop"", ""first_input_tokens"": 4334, ""first_output_tokens"": 53, ""first_total_tokens"": 4387, ""input_tokens"": 4334, ""output_tokens"": 53, ""parse_ms"": 0.16, ""planner_total_ms"": 7277.942, ""prompt_build_ms"": 0.386, ""retry_count"": 0, ""retry_reason"": """", ""total_tokens"": 4387}, ""action"": ""rexomni_detection"", ""action_input"": {""finish_after_tool"": false, ""label"": ""玄铜弧顶缓冲座""}, ""clarification_question"": """", ""decision_type"": ""tool"", ""end_reason"": """", ""final_answer"": """", ""thought"": ""最新状态满足错误重试条件，需要再次使用同一检测器。""}, {""_planner_metrics"": {""api_call_ms"": 7451.513, ""first_api_call_ms"": 7451.513, ""first_finish_reason"": ""stop"", ""first_input_tokens"": 4646, ""first_output_tokens"": 53, ""first_total_tokens"": 4699, ""input_tokens"": 4646, ""output_tokens"": 53, ""parse_ms"": 0.145, ""planner_total_ms"": 7466.641, ""prompt_build_ms"": 0.472, ""retry_count"": 0, ""retry_reason"": """", ""total_tokens"": 4699}, ""action"": ""rexomni_detection"", ""action_input"": {""finish_after_tool"": false, ""label"": ""玄铜弧顶缓冲座""}, ""clarification_question"": """", ""decision_type"": ""tool"", ""end_reason"": """", ""final_answer"": """", ""thought"": ""最新状态满足错误重试条件，需要再次使用同一检测器。""}]","step3:action expected 'migration_advisor', got 'rexomni_detection' | step3:finish_after_tool expected True, got False | step3:arg 'use_image' expected True, got None | step3:arg 'use_visual_probe' expected True, got None | step3:arg 'user_query' expected to contain ['林区无人机补给舱回执分支终签9158号'], got None",6878.627,6865.225,4022,51,0,1,False,True
PROMV12-TB-007-REX-NR2,nonretryable_step2,失联背景和当前预算并存时只使用显式字段：先使用Rex-Omni检测附件中的玄铜弧顶缓冲座，检测结果仅作为中间状态。最终需要判断碳化硅陶瓷烧结台探针恢复复议4867号应继续现有能力、结束，还是进入迁移评估。自然语言里的故障等级和预算描述没有路由优先级，只读取本 query 最新 observation 的结构化键值。错误状态仅在 retryable=true 与 retry_count=0 同时成立时复用原检测器一次，否则调用迁移顾问。正常状态需要候选数、置信度、跨提示一致性和域偏移四个门槛全部通过才结束，任一否决项都转迁移。缺省、非法、冲突状态采取保守分支；已经重试一次的结果不能再次触发检测器。检测器必须设置 finish_after_tool=false；迁移顾问使用当前图片和视觉探针并设置 finish_after_tool=true。,True,examples/images/planner_retry_optimizer_matched_v12/darkbronze_arch_buffer.png,"[{""action"": ""rexomni_detection"", ""arg_contains"": {""label"": [""玄铜弧顶缓冲座""]}, ""decision_type"": ""tool"", ""required_args"": {""finish_after_tool"": false}}, {""action"": ""migration_advisor"", ""arg_contains"": {""user_query"": [""碳化硅陶瓷烧结台探针恢复复议4867号""]}, ""decision_type"": ""tool"", ""required_args"": {""finish_after_tool"": true, ""use_image"": true, ""use_visual_probe"": true}}]","[""rag_answer"", ""re_question"", ""answerer"", ""flux-image-generation"", ""qwen_detection"", ""pipeline_eval""]","{""action_match"": 0.65, ""argument_match"": 0.1, ""decision_type_valid"": 0.03, ""final_tool_finish"": 0.1, ""finish_after_tool"": 0.1, ""json_valid"": 0.02, ""no_forbidden_action"": 0.1, ""no_premature_stop"": 0.1, ""no_repeated_tool"": 0.1, ""no_skip_required_probe"": 0.1, ""strict_action_match"": true, ""strict_argument_types"": true, ""wrong_action_cap"": 0.2}",False,0.586957,"[""rexomni_detection"", ""rexomni_detection""]",rexomni_detection,"[{""_planner_metrics"": {""api_call_ms"": 6704.326, ""first_api_call_ms"": 6704.326, ""first_finish_reason"": ""stop"", ""first_input_tokens"": 4028, ""first_output_tokens"": 51, ""first_total_tokens"": 4079, ""input_tokens"": 4028, ""output_tokens"": 51, ""parse_ms"": 0.136, ""planner_total_ms"": 6716.66, ""prompt_build_ms"": 0.436, ""retry_count"": 0, ""retry_reason"": """", ""total_tokens"": 4079}, ""action"": ""rexomni_detection"", ""action_input"": {""finish_after_tool"": false, ""label"": ""玄铜弧顶缓冲座""}, ""clarification_question"": """", ""decision_type"": ""tool"", ""end_reason"": """", ""final_answer"": """", ""thought"": ""先执行用户指定的检测器以取得当前结构化状态。""}, {""_planner_metrics"": {""api_call_ms"": 7228.616, ""first_api_call_ms"": 7228.616, ""first_finish_reason"": ""stop"", ""first_input_tokens"": 4333, ""first_output_tokens"": 54, ""first_total_tokens"": 4387, ""input_tokens"": 4333, ""output_tokens"": 54, ""parse_ms"": 0.207, ""planner_total_ms"": 7243.181, ""prompt_build_ms"": 0.452, ""retry_count"": 0, ""retry_reason"": """", ""total_tokens"": 4387}, ""action"": ""rexomni_detection"", ""action_input"": {""finish_after_tool"": false, ""label"": ""玄铜弧顶缓冲座""}, ""clarification_question"": """", ""decision_type"": ""tool"", ""end_reason"": """", ""final_answer"": """", ""thought"": ""最新状态未满足结束或迁移条件，需要继续获取结构化信息。""}]","step2:action expected 'migration_advisor', got 'rexomni_detection' | step2:finish_after_tool expected True, got False | step2:arg 'use_image' expected True, got None | step2:arg 'use_visual_probe' expected True, got None | step2:arg 'user_query' expected to contain ['碳化硅陶瓷烧结台探针恢复复议4867号'], got None",6716.66,6704.326,4028,51,0,1,False,True
PROMV12-TB-007-QWEN-PV3,post_retry_metric_veto_step3,失联背景和当前预算并存时只使用显式字段：先使用Qwen检测附件中的玄铜弧顶缓冲座，检测结果仅作为中间状态。最终需要判断碳化硅陶瓷烧结台探针恢复复议4867号应继续现有能力、结束，还是进入迁移评估。自然语言里的故障等级和预算描述没有路由优先级，只读取本 query 最新 observation 的结构化键值。错误状态仅在 retryable=true 与 retry_count=0 同时成立时复用原检测器一次，否则调用迁移顾问。正常状态需要候选数、置信度、跨提示一致性和域偏移四个门槛全部通过才结束，任一否决项都转迁移。缺省、非法、冲突状态采取保守分支；已经重试一次的结果不能再次触发检测器。检测器必须设置 finish_after_tool=false；迁移顾问使用当前图片和视觉探针并设置 finish_after_tool=true。,True,examples/images/planner_retry_optimizer_matched_v12/darkbronze_arch_buffer.png,"[{""action"": ""qwen_detection"", ""arg_contains"": {""label"": [""玄铜弧顶缓冲座""]}, ""decision_type"": ""tool"", ""required_args"": {""finish_after_tool"": false}}, {""action"": ""qwen_detection"", ""arg_contains"": {""label"": [""玄铜弧顶缓冲座""]}, ""decision_type"": ""tool"", ""required_args"": {""finish_after_tool"": false}}, {""action"": ""migration_advisor"", ""arg_contains"": {""user_query"": [""碳化硅陶瓷烧结台探针恢复复议4867号""]}, ""decision_type"": ""tool"", ""required_args"": {""finish_after_tool"": true, ""use_image"": true, ""use_visual_probe"": true}}]","[""rag_answer"", ""re_question"", ""answerer"", ""flux-image-generation"", ""rexomni_detection"", ""pipeline_eval""]","{""action_match"": 0.65, ""argument_match"": 0.1, ""decision_type_valid"": 0.03, ""final_tool_finish"": 0.1, ""finish_after_tool"": 0.1, ""json_valid"": 0.02, ""no_forbidden_action"": 0.1, ""no_premature_stop"": 0.1, ""no_repeated_tool"": 0.1, ""no_skip_required_probe"": 0.1, ""strict_action_match"": true, ""strict_argument_types"": true, ""wrong_action_cap"": 0.2}",False,0.734375,"[""qwen_detection"", ""qwen_detection"", ""qwen_detection""]",qwen_detection,"[{""_planner_metrics"": {""api_call_ms"": 6648.865, ""first_api_call_ms"": 6648.865, ""first_finish_reason"": ""stop"", ""first_input_tokens"": 4022, ""first_output_tokens"": 50, ""first_total_tokens"": 4072, ""input_tokens"": 4022, ""output_tokens"": 50, ""parse_ms"": 0.12, ""planner_total_ms"": 6661.077, ""prompt_build_ms"": 0.5, ""retry_count"": 0, ""retry_reason"": """", ""total_tokens"": 4072}, ""action"": ""qwen_detection"", ""action_input"": {""finish_after_tool"": false, ""label"": ""玄铜弧顶缓冲座""}, ""clarification_question"": """", ""decision_type"": ""tool"", ""end_reason"": """", ""final_answer"": """", ""thought"": ""先执行用户指定的检测器以取得当前结构化状态。""}, {""_planner_metrics"": {""api_call_ms"": 7484.104, ""first_api_call_ms"": 7484.104, ""first_finish_reason"": ""stop"", ""first_input_tokens"": 4327, ""first_output_tokens"": 56, ""first_total_tokens"": 4383, ""input_tokens"": 4327, ""output_tokens"": 56, ""parse_ms"": 0.12, ""planner_total_ms"": 7497.372, ""prompt_build_ms"": 0.427, ""retry_count"": 0, ""retry_reason"": """", ""total_tokens"": 4383}, ""action"": ""qwen_detection"", ""action_input"": {""finish_after_tool"": false, ""label"": ""玄铜弧顶缓冲座""}, ""clarification_question"": """", ""decision_type"": ""tool"", ""end_reason"": """", ""final_answer"": """", ""thought"": ""最新状态未满足结束或迁移条件，需要继续使用相同的检测器获取结构化进展。""}, {""_planner_metrics"": {""api_call_ms"": 7652.756, ""first_api_call_ms"": 7652.756, ""first_finish_reason"": ""stop"", ""first_input_tokens"": 4632, ""first_output_tokens"": 56, ""first_total_tokens"": 4688, ""input_tokens"": 4632, ""output_tokens"": 56, ""parse_ms"": 0.145, ""planner_total_ms"": 7668.463, ""prompt_build_ms"": 0.462, ""retry_count"": 0, ""retry_reason"": """", ""total_tokens"": 4688}, ""action"": ""qwen_detection"", ""action_input"": {""finish_after_tool"": false, ""label"": ""玄铜弧顶缓冲座""}, ""clarification_question"": """", ""decision_type"": ""tool"", ""end_reason"": """", ""final_answer"": """", ""thought"": ""最新状态未满足结束或迁移条件，需要继续使用相同的检测器获取结构化进展。""}]","step3:action expected 'migration_advisor', got 'qwen_detection' | step3:finish_after_tool expected True, got False | step3:arg 'use_image' expected True, got None | step3:arg 'use_visual_probe' expected True, got None | step3:arg 'user_query' expected to contain ['碳化硅陶瓷烧结台探针恢复复议4867号'], got None",6661.077,6648.865,4022,50,0,1,False,True
PROMV12-TB-011-QWEN-PV3,post_retry_metric_veto_step3,历史文字可能误导，本轮以后写入的 observation 为准：先使用Qwen检测附件中的金橙五星复检片，检测结果仅作为中间状态。最终需要判断甚低频射电阵列异常额度会核5850号应继续现有能力、结束，还是进入迁移评估。自然语言里的故障等级和预算描述没有路由优先级，只读取本 query 最新 observation 的结构化键值。错误状态仅在 retryable=true 与 retry_count=0 同时成立时复用原检测器一次，否则调用迁移顾问。正常状态需要候选数、置信度、跨提示一致性和域偏移四个门槛全部通过才结束，任一否决项都转迁移。缺省、非法、冲突状态采取保守分支；已经重试一次的结果不能再次触发检测器。检测器必须设置 finish_after_tool=false；迁移顾问使用当前图片和视觉探针并设置 finish_after_tool=true。,True,examples/images/planner_retry_optimizer_matched_v12/goldorange_five_star_recheck.png,"[{""action"": ""qwen_detection"", ""arg_contains"": {""label"": [""金橙五星复检片""]}, ""decision_type"": ""tool"", ""required_args"": {""finish_after_tool"": false}}, {""action"": ""qwen_detection"", ""arg_contains"": {""label"": [""金橙五星复检片""]}, ""decision_type"": ""tool"", ""required_args"": {""finish_after_tool"": false}}, {""action"": ""migration_advisor"", ""arg_contains"": {""user_query"": [""甚低频射电阵列异常额度会核5850号""]}, ""decision_type"": ""tool"", ""required_args"": {""finish_after_tool"": true, ""use_image"": true, ""use_visual_probe"": true}}]","[""rag_answer"", ""re_question"", ""answerer"", ""flux-image-generation"", ""rexomni_detection"", ""pipeline_eval""]","{""action_match"": 0.65, ""argument_match"": 0.1, ""decision_type_valid"": 0.03, ""final_tool_finish"": 0.1, ""finish_after_tool"": 0.1, ""json_valid"": 0.02, ""no_forbidden_action"": 0.1, ""no_premature_stop"": 0.1, ""no_repeated_tool"": 0.1, ""no_skip_required_probe"": 0.1, ""strict_action_match"": true, ""strict_argument_types"": true, ""wrong_action_cap"": 0.2}",False,0.734375,"[""qwen_detection"", ""qwen_detection"", ""qwen_detection""]",qwen_detection,"[{""_planner_metrics"": {""api_call_ms"": 6696.155, ""first_api_call_ms"": 6696.155, ""first_finish_reason"": ""stop"", ""first_input_tokens"": 4025, ""first_output_tokens"": 49, ""first_total_tokens"": 4074, ""input_tokens"": 4025, ""output_tokens"": 49, ""parse_ms"": 0.185, ""planner_total_ms"": 6709.411, ""prompt_build_ms"": 0.406, ""retry_count"": 0, ""retry_reason"": """", ""total_tokens"": 4074}, ""action"": ""qwen_detection"", ""action_input"": {""finish_after_tool"": false, ""label"": ""金橙五星复检片""}, ""clarification_question"": """", ""decision_type"": ""tool"", ""end_reason"": """", ""final_answer"": """", ""thought"": ""先执行用户指定的检测器以取得当前结构化状态。""}, {""_planner_metrics"": {""api_call_ms"": 7048.893, ""first_api_call_ms"": 7048.893, ""first_finish_reason"": ""stop"", ""first_input_tokens"": 4331, ""first_output_tokens"": 51, ""first_total_tokens"": 4382, ""input_tokens"": 4331, ""output_tokens"": 51, ""parse_ms"": 0.193, ""planner_total_ms"": 7063.438, ""prompt_build_ms"": 0.479, ""retry_count"": 0, ""retry_reason"": """", ""total_tokens"": 4382}, ""action"": ""qwen_detection"", ""action_input"": {""finish_after_tool"": false, ""label"": ""金橙五星复检片""}, ""clarification_question"": """", ""decision_type"": ""tool"", ""end_reason"": """", ""final_answer"": """", ""thought"": ""最新状态满足错误重试条件，需要再次使用同一检测器。""}, {""_planner_metrics"": {""api_call_ms"": 7644.357, ""first_api_call_ms"": 7644.357, ""first_finish_reason"": ""stop"", ""first_input_tokens"": 4636, ""first_output_tokens"": 55, ""first_total_tokens"": 4691, ""input_tokens"": 4636, ""output_tokens"": 55, ""parse_ms"": 0.143, ""planner_total_ms"": 7660.949, ""prompt_build_ms"": 0.454, ""retry_count"": 0, ""retry_reason"": """", ""total_tokens"": 4691}, ""action"": ""qwen_detection"", ""action_input"": {""finish_after_tool"": false, ""label"": ""金橙五星复检片""}, ""clarification_question"": """", ""decision_type"": ""tool"", ""end_reason"": """", ""final_answer"": """", ""thought"": ""最新状态未满足结束或迁移条件，需要继续检测以获取当前结构化状态。""}]","step3:action expected 'migration_advisor', got 'qwen_detection' | step3:finish_after_tool expected True, got False | step3:arg 'use_image' expected True, got None | step3:arg 'use_visual_probe' expected True, got None | step3:arg 'user_query' expected to contain ['甚低频射电阵列异常额度会核5850号'], got None",6709.411,6696.155,4025,49,0,1,False,True
PROMV12-TB-004-REX-PE3,post_retry_error_step3,读取这次机器状态并选择唯一动作：先使用Rex-Omni检测附件中的金橙五星复检片，检测结果仅作为中间状态。最终需要判断碳化硅陶瓷烧结台回执分支终签7625号应继续现有能力、结束，还是进入迁移评估。自然语言里的故障等级和预算描述没有路由优先级，只读取本 query 最新 observation 的结构化键值。错误状态仅在 retryable=true 与 retry_count=0 同时成立时复用原检测器一次，否则调用迁移顾问。正常状态需要候选数、置信度、跨提示一致性和域偏移四个门槛全部通过才结束，任一否决项都转迁移。缺省、非法、冲突状态采取保守分支；已经重试一次的结果不能再次触发检测器。检测器必须设置 finish_after_tool=false；迁移顾问使用当前图片和视觉探针并设置 finish_after_tool=true。,True,examples/images/planner_retry_optimizer_matched_v12/goldorange_five_star_recheck.png,"[{""action"": ""rexomni_detection"", ""arg_contains"": {""label"": [""金橙五星复检片""]}, ""decision_type"": ""tool"", ""required_args"": {""finish_after_tool"": false}}, {""action"": ""rexomni_detection"", ""arg_contains"": {""label"": [""金橙五星复检片""]}, ""decision_type"": ""tool"", ""required_args"": {""finish_after_tool"": false}}, {""action"": ""migration_advisor"", ""arg_contains"": {""user_query"": [""碳化硅陶瓷烧结台回执分支终签7625号""]}, ""decision_type"": ""tool"", ""required_args"": {""finish_after_tool"": true, ""use_image"": true, ""use_visual_probe"": true}}]","[""rag_answer"", ""re_question"", ""answerer"", ""flux-image-generation"", ""qwen_detection"", ""pipeline_eval""]","{""action_match"": 0.65, ""argument_match"": 0.1, ""decision_type_valid"": 0.03, ""final_tool_finish"": 0.1, ""finish_after_tool"": 0.1, ""json_valid"": 0.02, ""no_forbidden_action"": 0.1, ""no_premature_stop"": 0.1, ""no_repeated_tool"": 0.1, ""no_skip_required_probe"": 0.1, ""strict_action_match"": true, ""strict_argument_types"": true, ""wrong_action_cap"": 0.2}",False,0.703125,"[""rexomni_detection"", ""migration_advisor"", ""migration_advisor""]",rexomni_detection,"[{""_planner_metrics"": {""api_call_ms"": 6813.712, ""first_api_call_ms"": 6813.712, ""first_finish_reason"": ""stop"", ""first_input_tokens"": 4023, ""first_output_tokens"": 50, ""first_total_tokens"": 4073, ""input_tokens"": 4023, ""output_tokens"": 50, ""parse_ms"": 0.141, ""planner_total_ms"": 6827.089, ""prompt_build_ms"": 0.454, ""retry_count"": 0, ""retry_reason"": """", ""total_tokens"": 4073}, ""action"": ""rexomni_detection"", ""action_input"": {""finish_after_tool"": false, ""label"": ""金橙五星复检片""}, ""clarification_question"": """", ""decision_type"": ""tool"", ""end_reason"": """", ""final_answer"": """", ""thought"": ""先执行用户指定的检测器以取得当前结构化状态。""}, {""_planner_metrics"": {""api_call_ms"": 9481.723, ""first_api_call_ms"": 9481.723, ""first_finish_reason"": ""stop"", ""first_input_tokens"": 4328, ""first_output_tokens"": 73, ""first_total_tokens"": 4401, ""input_tokens"": 4328, ""output_tokens"": 73, ""parse_ms"": 0.16, ""planner_total_ms"": 9494.749, ""prompt_build_ms"": 0.464, ""retry_count"": 0, ""retry_reason"": """", ""total_tokens"": 4401}, ""action"": ""migration_advisor"", ""action_input"": {""finish_after_tool"": true, ""use_image"": true, ""use_visual_probe"": true, ""user_query"": ""碳化硅陶瓷烧结台回执分支终签7625号""}, ""clarification_question"": """", ""decision_type"": ""tool"", ""end_reason"": """", ""final_answer"": """", ""thought"": ""最新状态未满足结束或重试条件，需要进入能力迁移评估。""}, {""_planner_metrics"": {""api_call_ms"": 9673.024, ""first_api_call_ms"": 9673.024, ""first_finish_reason"": ""stop"", ""first_input_tokens"": 4657, ""first_output_tokens"": 73, ""first_total_tokens"": 4730, ""input_tokens"": 4657, ""output_tokens"": 73, ""parse_ms"": 0.169, ""planner_total_ms"": 9688.369, ""prompt_build_ms"": 0.534, ""retry_count"": 0, ""retry_reason"": """", ""total_tokens"": 4730}, ""action"": ""migration_advisor"", ""action_input"": {""finish_after_tool"": true, ""use_image"": true, ""use_visual_probe"": true, ""user_query"": ""碳化硅陶瓷烧结台回执分支终签7625号""}, ""clarification_question"": """", ""decision_type"": ""tool"", ""end_reason"": """", ""final_answer"": """", ""thought"": ""最新状态未满足结束或重试条件，需要进入能力迁移评估。""}]","step2:action expected 'rexomni_detection', got 'migration_advisor' | step2:finish_after_tool expected False, got True | step2:arg 'label' expected to contain ['金橙五星复检片'], got None",6827.089,6813.712,4023,50,0,1,False,True
PROMV12-TB-012-REX-NR2,nonretryable_step2,读取这次机器状态并选择唯一动作：先使用Rex-Omni检测附件中的金橙五星复检片，检测结果仅作为中间状态。最终需要判断甚低频射电阵列回执分支终签3879号应继续现有能力、结束，还是进入迁移评估。自然语言里的故障等级和预算描述没有路由优先级，只读取本 query 最新 observation 的结构化键值。错误状态仅在 retryable=true 与 retry_count=0 同时成立时复用原检测器一次，否则调用迁移顾问。正常状态需要候选数、置信度、跨提示一致性和域偏移四个门槛全部通过才结束，任一否决项都转迁移。缺省、非法、冲突状态采取保守分支；已经重试一次的结果不能再次触发检测器。检测器必须设置 finish_after_tool=false；迁移顾问使用当前图片和视觉探针并设置 finish_after_tool=true。,True,examples/images/planner_retry_optimizer_matched_v12/goldorange_five_star_recheck.png,"[{""action"": ""rexomni_detection"", ""arg_contains"": {""label"": [""金橙五星复检片""]}, ""decision_type"": ""tool"", ""required_args"": {""finish_after_tool"": false}}, {""action"": ""migration_advisor"", ""arg_contains"": {""user_query"": [""甚低频射电阵列回执分支终签3879号""]}, ""decision_type"": ""tool"", ""required_args"": {""finish_after_tool"": true, ""use_image"": true, ""use_visual_probe"": true}}]","[""rag_answer"", ""re_question"", ""answerer"", ""flux-image-generation"", ""qwen_detection"", ""pipeline_eval""]","{""action_match"": 0.65, ""argument_match"": 0.1, ""decision_type_valid"": 0.03, ""final_tool_finish"": 0.1, ""finish_after_tool"": 0.1, ""json_valid"": 0.02, ""no_forbidden_action"": 0.1, ""no_premature_stop"": 0.1, ""no_repeated_tool"": 0.1, ""no_skip_required_probe"": 0.1, ""strict_action_match"": true, ""strict_argument_types"": true, ""wrong_action_cap"": 0.2}",True,1.0,"[""rexomni_detection"", ""migration_advisor""]",rexomni_detection,"[{""_planner_metrics"": {""api_call_ms"": 6843.722, ""first_api_call_ms"": 6843.722, ""first_finish_reason"": ""stop"", ""first_input_tokens"": 4023, ""first_output_tokens"": 50, ""first_total_tokens"": 4073, ""input_tokens"": 4023, ""output_tokens"": 50, ""parse_ms"": 0.143, ""planner_total_ms"": 6857.367, ""prompt_build_ms"": 0.372, ""retry_count"": 0, ""retry_reason"": """", ""total_tokens"": 4073}, ""action"": ""rexomni_detection"", ""action_input"": {""finish_after_tool"": false, ""label"": ""金橙五星复检片""}, ""clarification_question"": """", ""decision_type"": ""tool"", ""end_reason"": """", ""final_answer"": """", ""thought"": ""先执行用户指定的检测器以取得当前结构化状态。""}, {""_planner_metrics"": {""api_call_ms"": 9459.368, ""first_api_call_ms"": 9459.368, ""first_finish_reason"": ""stop"", ""first_input_tokens"": 4335, ""first_output_tokens"": 73, ""first_total_tokens"": 4408, ""input_tokens"": 4335, ""output_tokens"": 73, ""parse_ms"": 0.145, ""planner_total_ms"": 9473.54, ""prompt_build_ms"": 0.557, ""retry_count"": 0, ""retry_reason"": """", ""total_tokens"": 4408}, ""action"": ""migration_advisor"", ""action_input"": {""finish_after_tool"": true, ""use_image"": true, ""use_visual_probe"": true, ""user_query"": ""甚低频射电阵列回执分支终签3879号""}, ""clarification_question"": """", ""decision_type"": ""tool"", ""end_reason"": """", ""final_answer"": """", ""thought"": ""最新状态未满足结束或重试条件，需要进入能力迁移评估。""}]",,6857.367,6843.722,4023,50,1,1,True,False
PROMV12-TB-006-REX-FR2,fresh_retry_step2,历史文字可能误导，本轮以后写入的 observation 为准：先使用Rex-Omni检测附件中的玄铜弧顶缓冲座，检测结果仅作为中间状态。最终需要判断林区无人机补给舱异常额度会核9970号应继续现有能力、结束，还是进入迁移评估。自然语言里的故障等级和预算描述没有路由优先级，只读取本 query 最新 observation 的结构化键值。错误状态仅在 retryable=true 与 retry_count=0 同时成立时复用原检测器一次，否则调用迁移顾问。正常状态需要候选数、置信度、跨提示一致性和域偏移四个门槛全部通过才结束，任一否决项都转迁移。缺省、非法、冲突状态采取保守分支；已经重试一次的结果不能再次触发检测器。检测器必须设置 finish_after_tool=false；迁移顾问使用当前图片和视觉探针并设置 finish_after_tool=true。,True,examples/images/planner_retry_optimizer_matched_v12/darkbronze_arch_buffer.png,"[{""action"": ""rexomni_detection"", ""arg_contains"": {""label"": [""玄铜弧顶缓冲座""]}, ""decision_type"": ""tool"", ""required_args"": {""finish_after_tool"": false}}, {""action"": ""rexomni_detection"", ""arg_contains"": {""label"": [""玄铜弧顶缓冲座""]}, ""decision_type"": ""tool"", ""required_args"": {""finish_after_tool"": false}}, {""arg_contains"": {}, ""decision_type"": ""end"", ""required_args"": {""end_reason"": ""memory_hit""}}]","[""rag_answer"", ""re_question"", ""answerer"", ""flux-image-generation"", ""qwen_detection"", ""pipeline_eval"", ""migration_advisor""]","{""action_match"": 0.65, ""argument_match"": 0.1, ""decision_type_valid"": 0.03, ""final_tool_finish"": 0.1, ""finish_after_tool"": 0.1, ""json_valid"": 0.02, ""no_forbidden_action"": 0.1, ""no_premature_stop"": 0.1, ""no_repeated_tool"": 0.1, ""no_skip_required_probe"": 0.1, ""strict_action_match"": true, ""strict_argument_types"": true, ""wrong_action_cap"": 0.2}",False,0.75625,"[""rexomni_detection"", ""rexomni_detection"", ""rexomni_detection""]",rexomni_detection,"[{""_planner_metrics"": {""api_call_ms"": 6969.989, ""first_api_call_ms"": 6969.989, ""first_finish_reason"": ""stop"", ""first_input_tokens"": 4030, ""first_output_tokens"": 51, ""first_total_tokens"": 4081, ""input_tokens"": 4030, ""output_tokens"": 51, ""parse_ms"": 0.141, ""planner_total_ms"": 6981.975, ""prompt_build_ms"": 0.455, ""retry_count"": 0, ""retry_reason"": """", ""total_tokens"": 4081}, ""action"": ""rexomni_detection"", ""action_input"": {""finish_after_tool"": false, ""label"": ""玄铜弧顶缓冲座""}, ""clarification_question"": """", ""decision_type"": ""tool"", ""end_reason"": """", ""final_answer"": """", ""thought"": ""先执行用户指定的检测器以取得当前结构化状态。""}, {""_planner_metrics"": {""api_call_ms"": 7563.444, ""first_api_call_ms"": 7563.444, ""first_finish_reason"": ""stop"", ""first_input_tokens"": 4337, ""first_output_tokens"": 55, ""first_total_tokens"": 4392, ""input_tokens"": 4337, ""output_tokens"": 55, ""parse_ms"": 0.219, ""planner_total_ms"": 7578.832, ""prompt_build_ms"": 0.488, ""retry_count"": 0, ""retry_reason"": """", ""total_tokens"": 4392}, ""action"": ""rexomni_detection"", ""action_input"": {""finish_after_tool"": false, ""label"": ""玄铜弧顶缓冲座""}, ""clarification_question"": """", ""decision_type"": ""tool"", ""end_reason"": """", ""final_answer"": """", ""thought"": ""最新状态满足错误状态且可重试一次，应复用原检测器。""}, {""_planner_metrics"": {""api_call_ms"": 7833.886, ""first_api_call_ms"": 7833.886, ""first_finish_reason"": ""stop"", ""first_input_tokens"": 4643, ""first_output_tokens"": 56, ""first_total_tokens"": 4699, ""input_tokens"": 4643, ""output_tokens"": 56, ""parse_ms"": 0.142, ""planner_total_ms"": 7850.858, ""prompt_build_ms"": 0.511, ""retry_count"": 0, ""retry_reason"": """", ""total_tokens"": 4699}, ""action"": ""rexomni_detection"", ""action_input"": {""finish_after_tool"": false, ""label"": ""玄铜弧顶缓冲座""}, ""clarification_question"": """", ""decision_type"": ""tool"", ""end_reason"": """", ""final_answer"": """", ""thought"": ""最新状态未满足结束或迁移条件，需要继续检测以更新结构化状态。""}]","step3:decision_type expected 'end', got 'tool' | step3:action expected 'end', got 'rexomni_detection' | step3:arg 'end_reason' expected 'memory_hit', got ''",6981.975,6969.989,4030,51,0,1,False,True
