case_id,category,query,has_image,image_fixture,expected_decisions,forbidden_actions,reward_spec,run1_passed,run1_score,run1_used_actions,run1_actual_first_action,run1_decisions,run1_failures,run1_elapsed_ms,run1_api_call_ms,run1_input_tokens,run1_output_tokens,pass_count,run_count,all_passed,any_failed
PROMV12-TA-006-REX-PV3,post_retry_metric_veto_step3,设备失联只是背景，仍须核对当前显式额度：先使用Rex-Omni检测附件中的冰青三辐锁紧轮，检测结果仅作为中间状态。最终需要判断深水码头输油站异常路径终验1480号应继续现有能力、结束，还是进入迁移评估。自然语言里的故障等级和预算描述没有路由优先级，只读取本 query 最新 observation 的结构化键值。错误状态仅在 retryable=true 与 retry_count=0 同时成立时复用原检测器一次，否则调用迁移顾问。正常状态需要候选数、置信度、跨提示一致性和域偏移四个门槛全部通过才结束，任一否决项都转迁移。缺省、非法、冲突状态采取保守分支；已经重试一次的结果不能再次触发检测器。检测器必须设置 finish_after_tool=false；迁移顾问使用当前图片和视觉探针并设置 finish_after_tool=true。,True,examples/images/planner_retry_optimizer_matched_v12/icecyan_three_spoke_lockwheel.png,"[{""action"": ""rexomni_detection"", ""arg_contains"": {""label"": [""冰青三辐锁紧轮""]}, ""decision_type"": ""tool"", ""required_args"": {""finish_after_tool"": false}}, {""action"": ""rexomni_detection"", ""arg_contains"": {""label"": [""冰青三辐锁紧轮""]}, ""decision_type"": ""tool"", ""required_args"": {""finish_after_tool"": false}}, {""action"": ""migration_advisor"", ""arg_contains"": {""user_query"": [""深水码头输油站异常路径终验1480号""]}, ""decision_type"": ""tool"", ""required_args"": {""finish_after_tool"": true, ""use_image"": true, ""use_visual_probe"": true}}]","[""rag_answer"", ""re_question"", ""answerer"", ""flux-image-generation"", ""qwen_detection"", ""pipeline_eval""]","{""action_match"": 0.65, ""argument_match"": 0.1, ""decision_type_valid"": 0.03, ""final_tool_finish"": 0.1, ""finish_after_tool"": 0.1, ""json_valid"": 0.02, ""no_forbidden_action"": 0.1, ""no_premature_stop"": 0.1, ""no_repeated_tool"": 0.1, ""no_skip_required_probe"": 0.1, ""strict_action_match"": true, ""strict_argument_types"": true, ""wrong_action_cap"": 0.2}",True,1.0,"[""rexomni_detection"", ""rexomni_detection"", ""migration_advisor""]",rexomni_detection,"[{""_planner_metrics"": {""api_call_ms"": 7752.364, ""first_api_call_ms"": 7752.364, ""first_finish_reason"": ""stop"", ""first_input_tokens"": 4036, ""first_output_tokens"": 52, ""first_total_tokens"": 4088, ""input_tokens"": 4036, ""output_tokens"": 52, ""parse_ms"": 0.809, ""planner_total_ms"": 7861.362, ""prompt_build_ms"": 0.933, ""retry_count"": 0, ""retry_reason"": """", ""total_tokens"": 4088}, ""action"": ""rexomni_detection"", ""action_input"": {""finish_after_tool"": false, ""label"": ""冰青三辐锁紧轮""}, ""clarification_question"": """", ""decision_type"": ""tool"", ""end_reason"": """", ""final_answer"": """", ""thought"": ""先执行用户指定的检测器以取得当前结构化状态。""}, {""_planner_metrics"": {""api_call_ms"": 7407.716, ""first_api_call_ms"": 7407.716, ""first_finish_reason"": ""stop"", ""first_input_tokens"": 4344, ""first_output_tokens"": 54, ""first_total_tokens"": 4398, ""input_tokens"": 4344, ""output_tokens"": 54, ""parse_ms"": 0.248, ""planner_total_ms"": 7428.178, ""prompt_build_ms"": 0.541, ""retry_count"": 0, ""retry_reason"": """", ""total_tokens"": 4398}, ""action"": ""rexomni_detection"", ""action_input"": {""finish_after_tool"": false, ""label"": ""冰青三辐锁紧轮""}, ""clarification_question"": """", ""decision_type"": ""tool"", ""end_reason"": """", ""final_answer"": """", ""thought"": ""最新状态满足错误重试条件，需要再次使用同一检测器。""}, {""_planner_metrics"": {""api_call_ms"": 9722.576, ""first_api_call_ms"": 9722.576, ""first_finish_reason"": ""stop"", ""first_input_tokens"": 4647, ""first_output_tokens"": 73, ""first_total_tokens"": 4720, ""input_tokens"": 4647, ""output_tokens"": 73, ""parse_ms"": 0.25, ""planner_total_ms"": 9742.791, ""prompt_build_ms"": 0.56, ""retry_count"": 0, ""retry_reason"": """", ""total_tokens"": 4720}, ""action"": ""migration_advisor"", ""action_input"": {""finish_after_tool"": true, ""use_image"": true, ""use_visual_probe"": true, ""user_query"": ""深水码头输油站异常路径终验1480号""}, ""clarification_question"": """", ""decision_type"": ""tool"", ""end_reason"": """", ""final_answer"": """", ""thought"": ""最新状态未满足结束或迁移条件，需要继续按规则推进。""}]",,7861.362,7752.364,4036,52,1,1,True,False
PROMV12-TA-004-QWEN-FR2,fresh_retry_step2,迁移队列已经建立，请先裁决最新机器状态：先使用Qwen检测附件中的冰青三辐锁紧轮，检测结果仅作为中间状态。最终需要判断类器官灌流培养台异常路径终验2905号应继续现有能力、结束，还是进入迁移评估。自然语言里的故障等级和预算描述没有路由优先级，只读取本 query 最新 observation 的结构化键值。错误状态仅在 retryable=true 与 retry_count=0 同时成立时复用原检测器一次，否则调用迁移顾问。正常状态需要候选数、置信度、跨提示一致性和域偏移四个门槛全部通过才结束，任一否决项都转迁移。缺省、非法、冲突状态采取保守分支；已经重试一次的结果不能再次触发检测器。检测器必须设置 finish_after_tool=false；迁移顾问使用当前图片和视觉探针并设置 finish_after_tool=true。,True,examples/images/planner_retry_optimizer_matched_v12/icecyan_three_spoke_lockwheel.png,"[{""action"": ""qwen_detection"", ""arg_contains"": {""label"": [""冰青三辐锁紧轮""]}, ""decision_type"": ""tool"", ""required_args"": {""finish_after_tool"": false}}, {""action"": ""qwen_detection"", ""arg_contains"": {""label"": [""冰青三辐锁紧轮""]}, ""decision_type"": ""tool"", ""required_args"": {""finish_after_tool"": false}}, {""arg_contains"": {}, ""decision_type"": ""end"", ""required_args"": {""end_reason"": ""memory_hit""}}]","[""rag_answer"", ""re_question"", ""answerer"", ""flux-image-generation"", ""rexomni_detection"", ""pipeline_eval"", ""migration_advisor""]","{""action_match"": 0.65, ""argument_match"": 0.1, ""decision_type_valid"": 0.03, ""final_tool_finish"": 0.1, ""finish_after_tool"": 0.1, ""json_valid"": 0.02, ""no_forbidden_action"": 0.1, ""no_premature_stop"": 0.1, ""no_repeated_tool"": 0.1, ""no_skip_required_probe"": 0.1, ""strict_action_match"": true, ""strict_argument_types"": true, ""wrong_action_cap"": 0.2}",False,0.75625,"[""qwen_detection"", ""qwen_detection"", ""qwen_detection""]",qwen_detection,"[{""_planner_metrics"": {""api_call_ms"": 6867.24, ""first_api_call_ms"": 6867.24, ""first_finish_reason"": ""stop"", ""first_input_tokens"": 4028, ""first_output_tokens"": 51, ""first_total_tokens"": 4079, ""input_tokens"": 4028, ""output_tokens"": 51, ""parse_ms"": 0.242, ""planner_total_ms"": 6885.14, ""prompt_build_ms"": 0.476, ""retry_count"": 0, ""retry_reason"": """", ""total_tokens"": 4079}, ""action"": ""qwen_detection"", ""action_input"": {""finish_after_tool"": false, ""label"": ""冰青三辐锁紧轮""}, ""clarification_question"": """", ""decision_type"": ""tool"", ""end_reason"": """", ""final_answer"": """", ""thought"": ""先执行用户指定的检测器以取得当前结构化状态。""}, {""_planner_metrics"": {""api_call_ms"": 7297.488, ""first_api_call_ms"": 7297.488, ""first_finish_reason"": ""stop"", ""first_input_tokens"": 4341, ""first_output_tokens"": 53, ""first_total_tokens"": 4394, ""input_tokens"": 4341, ""output_tokens"": 53, ""parse_ms"": 0.224, ""planner_total_ms"": 7316.951, ""prompt_build_ms"": 0.659, ""retry_count"": 0, ""retry_reason"": """", ""total_tokens"": 4394}, ""action"": ""qwen_detection"", ""action_input"": {""finish_after_tool"": false, ""label"": ""冰青三辐锁紧轮""}, ""clarification_question"": """", ""decision_type"": ""tool"", ""end_reason"": """", ""final_answer"": """", ""thought"": ""最新状态满足错误状态重试条件，应继续使用同一检测器。""}, {""_planner_metrics"": {""api_call_ms"": 7547.019, ""first_api_call_ms"": 7547.019, ""first_finish_reason"": ""stop"", ""first_input_tokens"": 4646, ""first_output_tokens"": 54, ""first_total_tokens"": 4700, ""input_tokens"": 4646, ""output_tokens"": 54, ""parse_ms"": 0.26, ""planner_total_ms"": 7567.831, ""prompt_build_ms"": 0.54, ""retry_count"": 0, ""retry_reason"": """", ""total_tokens"": 4700}, ""action"": ""qwen_detection"", ""action_input"": {""finish_after_tool"": false, ""label"": ""冰青三辐锁紧轮""}, ""clarification_question"": """", ""decision_type"": ""tool"", ""end_reason"": """", ""final_answer"": """", ""thought"": ""最新状态未满足结束或迁移条件，需要继续按规则处理。""}]","step3:decision_type expected 'end', got 'tool' | step3:action expected 'end', got 'qwen_detection' | step3:arg 'end_reason' expected 'memory_hit', got ''",6885.14,6867.24,4028,51,0,1,False,True
PROMV12-TA-006-REX-CF2,conflicting_state_step2,设备失联只是背景，仍须核对当前显式额度：先使用Rex-Omni检测附件中的冰青三辐锁紧轮，检测结果仅作为中间状态。最终需要判断深水码头输油站异常路径终验1480号应继续现有能力、结束，还是进入迁移评估。自然语言里的故障等级和预算描述没有路由优先级，只读取本 query 最新 observation 的结构化键值。错误状态仅在 retryable=true 与 retry_count=0 同时成立时复用原检测器一次，否则调用迁移顾问。正常状态需要候选数、置信度、跨提示一致性和域偏移四个门槛全部通过才结束，任一否决项都转迁移。缺省、非法、冲突状态采取保守分支；已经重试一次的结果不能再次触发检测器。检测器必须设置 finish_after_tool=false；迁移顾问使用当前图片和视觉探针并设置 finish_after_tool=true。,True,examples/images/planner_retry_optimizer_matched_v12/icecyan_three_spoke_lockwheel.png,"[{""action"": ""rexomni_detection"", ""arg_contains"": {""label"": [""冰青三辐锁紧轮""]}, ""decision_type"": ""tool"", ""required_args"": {""finish_after_tool"": false}}, {""action"": ""migration_advisor"", ""arg_contains"": {""user_query"": [""深水码头输油站异常路径终验1480号""]}, ""decision_type"": ""tool"", ""required_args"": {""finish_after_tool"": true, ""use_image"": true, ""use_visual_probe"": true}}]","[""rag_answer"", ""re_question"", ""answerer"", ""flux-image-generation"", ""qwen_detection"", ""pipeline_eval""]","{""action_match"": 0.65, ""argument_match"": 0.1, ""decision_type_valid"": 0.03, ""final_tool_finish"": 0.1, ""finish_after_tool"": 0.1, ""json_valid"": 0.02, ""no_forbidden_action"": 0.1, ""no_premature_stop"": 0.1, ""no_repeated_tool"": 0.1, ""no_skip_required_probe"": 0.1, ""strict_action_match"": true, ""strict_argument_types"": true, ""wrong_action_cap"": 0.2}",True,1.0,"[""rexomni_detection"", ""migration_advisor""]",rexomni_detection,"[{""_planner_metrics"": {""api_call_ms"": 6995.397, ""first_api_call_ms"": 6995.397, ""first_finish_reason"": ""stop"", ""first_input_tokens"": 4036, ""first_output_tokens"": 52, ""first_total_tokens"": 4088, ""input_tokens"": 4036, ""output_tokens"": 52, ""parse_ms"": 0.251, ""planner_total_ms"": 7013.001, ""prompt_build_ms"": 0.462, ""retry_count"": 0, ""retry_reason"": """", ""total_tokens"": 4088}, ""action"": ""rexomni_detection"", ""action_input"": {""finish_after_tool"": false, ""label"": ""冰青三辐锁紧轮""}, ""clarification_question"": """", ""decision_type"": ""tool"", ""end_reason"": """", ""final_answer"": """", ""thought"": ""先执行用户指定的检测器以取得当前结构化状态。""}, {""_planner_metrics"": {""api_call_ms"": 9401.723, ""first_api_call_ms"": 9401.723, ""first_finish_reason"": ""stop"", ""first_input_tokens"": 4334, ""first_output_tokens"": 73, ""first_total_tokens"": 4407, ""input_tokens"": 4334, ""output_tokens"": 73, ""parse_ms"": 0.167, ""planner_total_ms"": 9417.461, ""prompt_build_ms"": 0.531, ""retry_count"": 0, ""retry_reason"": """", ""total_tokens"": 4407}, ""action"": ""migration_advisor"", ""action_input"": {""finish_after_tool"": true, ""use_image"": true, ""use_visual_probe"": true, ""user_query"": ""深水码头输油站异常路径终验1480号""}, ""clarification_question"": """", ""decision_type"": ""tool"", ""end_reason"": """", ""final_answer"": """", ""thought"": ""最新状态未满足结束或重试条件，需要进入能力迁移评估。""}]",,7013.001,6995.397,4036,52,1,1,True,False
PROMV12-TA-003-QWEN-PV3,post_retry_metric_veto_step3,旧故障结论不得覆盖最后一条结构化回执：先使用Qwen检测附件中的冰青三辐锁紧轮，检测结果仅作为中间状态。最终需要判断深水码头输油站重试边界复审2398号应继续现有能力、结束，还是进入迁移评估。自然语言里的故障等级和预算描述没有路由优先级，只读取本 query 最新 observation 的结构化键值。错误状态仅在 retryable=true 与 retry_count=0 同时成立时复用原检测器一次，否则调用迁移顾问。正常状态需要候选数、置信度、跨提示一致性和域偏移四个门槛全部通过才结束，任一否决项都转迁移。缺省、非法、冲突状态采取保守分支；已经重试一次的结果不能再次触发检测器。检测器必须设置 finish_after_tool=false；迁移顾问使用当前图片和视觉探针并设置 finish_after_tool=true。,True,examples/images/planner_retry_optimizer_matched_v12/icecyan_three_spoke_lockwheel.png,"[{""action"": ""qwen_detection"", ""arg_contains"": {""label"": [""冰青三辐锁紧轮""]}, ""decision_type"": ""tool"", ""required_args"": {""finish_after_tool"": false}}, {""action"": ""qwen_detection"", ""arg_contains"": {""label"": [""冰青三辐锁紧轮""]}, ""decision_type"": ""tool"", ""required_args"": {""finish_after_tool"": false}}, {""action"": ""migration_advisor"", ""arg_contains"": {""user_query"": [""深水码头输油站重试边界复审2398号""]}, ""decision_type"": ""tool"", ""required_args"": {""finish_after_tool"": true, ""use_image"": true, ""use_visual_probe"": true}}]","[""rag_answer"", ""re_question"", ""answerer"", ""flux-image-generation"", ""rexomni_detection"", ""pipeline_eval""]","{""action_match"": 0.65, ""argument_match"": 0.1, ""decision_type_valid"": 0.03, ""final_tool_finish"": 0.1, ""finish_after_tool"": 0.1, ""json_valid"": 0.02, ""no_forbidden_action"": 0.1, ""no_premature_stop"": 0.1, ""no_repeated_tool"": 0.1, ""no_skip_required_probe"": 0.1, ""strict_action_match"": true, ""strict_argument_types"": true, ""wrong_action_cap"": 0.2}",False,0.734375,"[""qwen_detection"", ""qwen_detection"", ""qwen_detection""]",qwen_detection,"[{""_planner_metrics"": {""api_call_ms"": 6885.227, ""first_api_call_ms"": 6885.227, ""first_finish_reason"": ""stop"", ""first_input_tokens"": 4022, ""first_output_tokens"": 51, ""first_total_tokens"": 4073, ""input_tokens"": 4022, ""output_tokens"": 51, ""parse_ms"": 0.243, ""planner_total_ms"": 6902.727, ""prompt_build_ms"": 0.455, ""retry_count"": 0, ""retry_reason"": """", ""total_tokens"": 4073}, ""action"": ""qwen_detection"", ""action_input"": {""finish_after_tool"": false, ""label"": ""冰青三辐锁紧轮""}, ""clarification_question"": """", ""decision_type"": ""tool"", ""end_reason"": """", ""final_answer"": """", ""thought"": ""先执行用户指定的检测器以取得当前结构化状态。""}, {""_planner_metrics"": {""api_call_ms"": 7330.685, ""first_api_call_ms"": 7330.685, ""first_finish_reason"": ""stop"", ""first_input_tokens"": 4324, ""first_output_tokens"": 54, ""first_total_tokens"": 4378, ""input_tokens"": 4324, ""output_tokens"": 54, ""parse_ms"": 0.144, ""planner_total_ms"": 7348.622, ""prompt_build_ms"": 0.592, ""retry_count"": 0, ""retry_reason"": """", ""total_tokens"": 4378}, ""action"": ""qwen_detection"", ""action_input"": {""finish_after_tool"": false, ""label"": ""冰青三辐锁紧轮""}, ""clarification_question"": """", ""decision_type"": ""tool"", ""end_reason"": """", ""final_answer"": """", ""thought"": ""最新状态未满足结束或迁移条件，需要继续获取结构化信息。""}, {""_planner_metrics"": {""api_call_ms"": 7437.863, ""first_api_call_ms"": 7437.863, ""first_finish_reason"": ""stop"", ""first_input_tokens"": 4624, ""first_output_tokens"": 54, ""first_total_tokens"": 4678, ""input_tokens"": 4624, ""output_tokens"": 54, ""parse_ms"": 0.234, ""planner_total_ms"": 7454.217, ""prompt_build_ms"": 0.45, ""retry_count"": 0, ""retry_reason"": """", ""total_tokens"": 4678}, ""action"": ""qwen_detection"", ""action_input"": {""finish_after_tool"": false, ""label"": ""冰青三辐锁紧轮""}, ""clarification_question"": """", ""decision_type"": ""tool"", ""end_reason"": """", ""final_answer"": """", ""thought"": ""最新状态未满足结束或迁移条件，需要继续获取结构化信息。""}]","step3:action expected 'migration_advisor', got 'qwen_detection' | step3:finish_after_tool expected True, got False | step3:arg 'use_image' expected True, got None | step3:arg 'use_visual_probe' expected True, got None | step3:arg 'user_query' expected to contain ['深水码头输油站重试边界复审2398号'], got None",6902.727,6885.227,4022,51,0,1,False,True
PROMV12-TA-012-REX-PV3,post_retry_metric_veto_step3,完成本轮异常探针的最终路由：先使用Rex-Omni检测附件中的冰青三辐锁紧轮，检测结果仅作为中间状态。最终需要判断深水码头输油站稳定状态会签5128号应继续现有能力、结束，还是进入迁移评估。自然语言里的故障等级和预算描述没有路由优先级，只读取本 query 最新 observation 的结构化键值。错误状态仅在 retryable=true 与 retry_count=0 同时成立时复用原检测器一次，否则调用迁移顾问。正常状态需要候选数、置信度、跨提示一致性和域偏移四个门槛全部通过才结束，任一否决项都转迁移。缺省、非法、冲突状态采取保守分支；已经重试一次的结果不能再次触发检测器。检测器必须设置 finish_after_tool=false；迁移顾问使用当前图片和视觉探针并设置 finish_after_tool=true。,True,examples/images/planner_retry_optimizer_matched_v12/icecyan_three_spoke_lockwheel.png,"[{""action"": ""rexomni_detection"", ""arg_contains"": {""label"": [""冰青三辐锁紧轮""]}, ""decision_type"": ""tool"", ""required_args"": {""finish_after_tool"": false}}, {""action"": ""rexomni_detection"", ""arg_contains"": {""label"": [""冰青三辐锁紧轮""]}, ""decision_type"": ""tool"", ""required_args"": {""finish_after_tool"": false}}, {""action"": ""migration_advisor"", ""arg_contains"": {""user_query"": [""深水码头输油站稳定状态会签5128号""]}, ""decision_type"": ""tool"", ""required_args"": {""finish_after_tool"": true, ""use_image"": true, ""use_visual_probe"": true}}]","[""rag_answer"", ""re_question"", ""answerer"", ""flux-image-generation"", ""qwen_detection"", ""pipeline_eval""]","{""action_match"": 0.65, ""argument_match"": 0.1, ""decision_type_valid"": 0.03, ""final_tool_finish"": 0.1, ""finish_after_tool"": 0.1, ""json_valid"": 0.02, ""no_forbidden_action"": 0.1, ""no_premature_stop"": 0.1, ""no_repeated_tool"": 0.1, ""no_skip_required_probe"": 0.1, ""strict_action_match"": true, ""strict_argument_types"": true, ""wrong_action_cap"": 0.2}",True,1.0,"[""rexomni_detection"", ""rexomni_detection"", ""migration_advisor""]",rexomni_detection,"[{""_planner_metrics"": {""api_call_ms"": 6955.701, ""first_api_call_ms"": 6955.701, ""first_finish_reason"": ""stop"", ""first_input_tokens"": 4024, ""first_output_tokens"": 52, ""first_total_tokens"": 4076, ""input_tokens"": 4024, ""output_tokens"": 52, ""parse_ms"": 0.128, ""planner_total_ms"": 6972.493, ""prompt_build_ms"": 0.475, ""retry_count"": 0, ""retry_reason"": """", ""total_tokens"": 4076}, ""action"": ""rexomni_detection"", ""action_input"": {""finish_after_tool"": false, ""label"": ""冰青三辐锁紧轮""}, ""clarification_question"": """", ""decision_type"": ""tool"", ""end_reason"": """", ""final_answer"": """", ""thought"": ""先执行用户指定的检测器以取得当前结构化状态。""}, {""_planner_metrics"": {""api_call_ms"": 7377.019, ""first_api_call_ms"": 7377.019, ""first_finish_reason"": ""stop"", ""first_input_tokens"": 4334, ""first_output_tokens"": 54, ""first_total_tokens"": 4388, ""input_tokens"": 4334, ""output_tokens"": 54, ""parse_ms"": 0.258, ""planner_total_ms"": 7392.549, ""prompt_build_ms"": 0.446, ""retry_count"": 0, ""retry_reason"": """", ""total_tokens"": 4388}, ""action"": ""rexomni_detection"", ""action_input"": {""finish_after_tool"": false, ""label"": ""冰青三辐锁紧轮""}, ""clarification_question"": """", ""decision_type"": ""tool"", ""end_reason"": """", ""final_answer"": """", ""thought"": ""最新状态满足错误重试条件，需要再次使用同一检测器。""}, {""_planner_metrics"": {""api_call_ms"": 9628.609, ""first_api_call_ms"": 9628.609, ""first_finish_reason"": ""stop"", ""first_input_tokens"": 4642, ""first_output_tokens"": 73, ""first_total_tokens"": 4715, ""input_tokens"": 4642, ""output_tokens"": 73, ""parse_ms"": 0.156, ""planner_total_ms"": 9648.432, ""prompt_build_ms"": 0.614, ""retry_count"": 0, ""retry_reason"": """", ""total_tokens"": 4715}, ""action"": ""migration_advisor"", ""action_input"": {""finish_after_tool"": true, ""use_image"": true, ""use_visual_probe"": true, ""user_query"": ""深水码头输油站稳定状态会签5128号""}, ""clarification_question"": """", ""decision_type"": ""tool"", ""end_reason"": """", ""final_answer"": """", ""thought"": ""最新状态未满足结束或重试条件，需要进入能力迁移评估。""}]",,6972.493,6955.701,4024,52,1,1,True,False
PROMV12-TA-004-REX-FR2,fresh_retry_step2,迁移队列已经建立，请先裁决最新机器状态：先使用Rex-Omni检测附件中的冰青三辐锁紧轮，检测结果仅作为中间状态。最终需要判断类器官灌流培养台异常路径终验2905号应继续现有能力、结束，还是进入迁移评估。自然语言里的故障等级和预算描述没有路由优先级，只读取本 query 最新 observation 的结构化键值。错误状态仅在 retryable=true 与 retry_count=0 同时成立时复用原检测器一次，否则调用迁移顾问。正常状态需要候选数、置信度、跨提示一致性和域偏移四个门槛全部通过才结束，任一否决项都转迁移。缺省、非法、冲突状态采取保守分支；已经重试一次的结果不能再次触发检测器。检测器必须设置 finish_after_tool=false；迁移顾问使用当前图片和视觉探针并设置 finish_after_tool=true。,True,examples/images/planner_retry_optimizer_matched_v12/icecyan_three_spoke_lockwheel.png,"[{""action"": ""rexomni_detection"", ""arg_contains"": {""label"": [""冰青三辐锁紧轮""]}, ""decision_type"": ""tool"", ""required_args"": {""finish_after_tool"": false}}, {""action"": ""rexomni_detection"", ""arg_contains"": {""label"": [""冰青三辐锁紧轮""]}, ""decision_type"": ""tool"", ""required_args"": {""finish_after_tool"": false}}, {""arg_contains"": {}, ""decision_type"": ""end"", ""required_args"": {""end_reason"": ""memory_hit""}}]","[""rag_answer"", ""re_question"", ""answerer"", ""flux-image-generation"", ""qwen_detection"", ""pipeline_eval"", ""migration_advisor""]","{""action_match"": 0.65, ""argument_match"": 0.1, ""decision_type_valid"": 0.03, ""final_tool_finish"": 0.1, ""finish_after_tool"": 0.1, ""json_valid"": 0.02, ""no_forbidden_action"": 0.1, ""no_premature_stop"": 0.1, ""no_repeated_tool"": 0.1, ""no_skip_required_probe"": 0.1, ""strict_action_match"": true, ""strict_argument_types"": true, ""wrong_action_cap"": 0.2}",False,0.725,"[""rexomni_detection"", ""rexomni_detection"", ""migration_advisor""]",rexomni_detection,"[{""_planner_metrics"": {""api_call_ms"": 7035.821, ""first_api_call_ms"": 7035.821, ""first_finish_reason"": ""stop"", ""first_input_tokens"": 4034, ""first_output_tokens"": 52, ""first_total_tokens"": 4086, ""input_tokens"": 4034, ""output_tokens"": 52, ""parse_ms"": 0.151, ""planner_total_ms"": 7049.816, ""prompt_build_ms"": 0.432, ""retry_count"": 0, ""retry_reason"": """", ""total_tokens"": 4086}, ""action"": ""rexomni_detection"", ""action_input"": {""finish_after_tool"": false, ""label"": ""冰青三辐锁紧轮""}, ""clarification_question"": """", ""decision_type"": ""tool"", ""end_reason"": """", ""final_answer"": """", ""thought"": ""先执行用户指定的检测器以取得当前结构化状态。""}, {""_planner_metrics"": {""api_call_ms"": 7243.192, ""first_api_call_ms"": 7243.192, ""first_finish_reason"": ""stop"", ""first_input_tokens"": 4352, ""first_output_tokens"": 53, ""first_total_tokens"": 4405, ""input_tokens"": 4352, ""output_tokens"": 53, ""parse_ms"": 0.265, ""planner_total_ms"": 7258.416, ""prompt_build_ms"": 0.515, ""retry_count"": 0, ""retry_reason"": """", ""total_tokens"": 4405}, ""action"": ""rexomni_detection"", ""action_input"": {""finish_after_tool"": false, ""label"": ""冰青三辐锁紧轮""}, ""clarification_question"": """", ""decision_type"": ""tool"", ""end_reason"": """", ""final_answer"": """", ""thought"": ""最新状态满足错误状态条件，需要复用同一检测器。""}, {""_planner_metrics"": {""api_call_ms"": 9586.851, ""first_api_call_ms"": 9586.851, ""first_finish_reason"": ""stop"", ""first_input_tokens"": 4661, ""first_output_tokens"": 73, ""first_total_tokens"": 4734, ""input_tokens"": 4661, ""output_tokens"": 73, ""parse_ms"": 0.142, ""planner_total_ms"": 9605.708, ""prompt_build_ms"": 0.559, ""retry_count"": 0, ""retry_reason"": """", ""total_tokens"": 4734}, ""action"": ""migration_advisor"", ""action_input"": {""finish_after_tool"": true, ""use_image"": true, ""use_visual_probe"": true, ""user_query"": ""类器官灌流培养台异常路径终验2905号""}, ""clarification_question"": """", ""decision_type"": ""tool"", ""end_reason"": """", ""final_answer"": """", ""thought"": ""最新状态未满足结束或迁移条件，需要进入保守分支。""}]","step3:decision_type expected 'end', got 'tool' | step3:action expected 'end', got 'migration_advisor' | step3:arg 'end_reason' expected 'memory_hit', got '' | forbidden:migration_advisor",7049.816,7035.821,4034,52,0,1,False,True
PROMV12-TA-002-REX-MS2,missing_required_state_step2,迁移队列已经建立，请先裁决最新机器状态：先使用Rex-Omni检测附件中的焦糖十字分流块，检测结果仅作为中间状态。最终需要判断火星车悬架试验间重试边界复审7063号应继续现有能力、结束，还是进入迁移评估。自然语言里的故障等级和预算描述没有路由优先级，只读取本 query 最新 observation 的结构化键值。错误状态仅在 retryable=true 与 retry_count=0 同时成立时复用原检测器一次，否则调用迁移顾问。正常状态需要候选数、置信度、跨提示一致性和域偏移四个门槛全部通过才结束，任一否决项都转迁移。缺省、非法、冲突状态采取保守分支；已经重试一次的结果不能再次触发检测器。检测器必须设置 finish_after_tool=false；迁移顾问使用当前图片和视觉探针并设置 finish_after_tool=true。,True,examples/images/planner_retry_optimizer_matched_v12/caramel_cross_diverter.png,"[{""action"": ""rexomni_detection"", ""arg_contains"": {""label"": [""焦糖十字分流块""]}, ""decision_type"": ""tool"", ""required_args"": {""finish_after_tool"": false}}, {""action"": ""migration_advisor"", ""arg_contains"": {""user_query"": [""火星车悬架试验间重试边界复审7063号""]}, ""decision_type"": ""tool"", ""required_args"": {""finish_after_tool"": true, ""use_image"": true, ""use_visual_probe"": true}}]","[""rag_answer"", ""re_question"", ""answerer"", ""flux-image-generation"", ""qwen_detection"", ""pipeline_eval""]","{""action_match"": 0.65, ""argument_match"": 0.1, ""decision_type_valid"": 0.03, ""final_tool_finish"": 0.1, ""finish_after_tool"": 0.1, ""json_valid"": 0.02, ""no_forbidden_action"": 0.1, ""no_premature_stop"": 0.1, ""no_repeated_tool"": 0.1, ""no_skip_required_probe"": 0.1, ""strict_action_match"": true, ""strict_argument_types"": true, ""wrong_action_cap"": 0.2}",True,1.0,"[""rexomni_detection"", ""migration_advisor""]",rexomni_detection,"[{""_planner_metrics"": {""api_call_ms"": 6674.615, ""first_api_call_ms"": 6674.615, ""first_finish_reason"": ""stop"", ""first_input_tokens"": 4023, ""first_output_tokens"": 49, ""first_total_tokens"": 4072, ""input_tokens"": 4023, ""output_tokens"": 49, ""parse_ms"": 0.15, ""planner_total_ms"": 6689.75, ""prompt_build_ms"": 0.5, ""retry_count"": 0, ""retry_reason"": """", ""total_tokens"": 4072}, ""action"": ""rexomni_detection"", ""action_input"": {""finish_after_tool"": false, ""label"": ""焦糖十字分流块""}, ""clarification_question"": """", ""decision_type"": ""tool"", ""end_reason"": """", ""final_answer"": """", ""thought"": ""先执行用户指定的检测器以取得当前结构化状态。""}, {""_planner_metrics"": {""api_call_ms"": 9233.873, ""first_api_call_ms"": 9233.873, ""first_finish_reason"": ""stop"", ""first_input_tokens"": 4331, ""first_output_tokens"": 71, ""first_total_tokens"": 4402, ""input_tokens"": 4331, ""output_tokens"": 71, ""parse_ms"": 0.282, ""planner_total_ms"": 9250.139, ""prompt_build_ms"": 0.481, ""retry_count"": 0, ""retry_reason"": """", ""total_tokens"": 4402}, ""action"": ""migration_advisor"", ""action_input"": {""finish_after_tool"": true, ""use_image"": true, ""use_visual_probe"": true, ""user_query"": ""火星车悬架试验间重试边界复审7063号""}, ""clarification_question"": """", ""decision_type"": ""tool"", ""end_reason"": """", ""final_answer"": """", ""thought"": ""最新状态未满足结束或重试条件，需要能力迁移评估。""}]",,6689.75,6674.615,4023,49,1,1,True,False
PROMV12-TA-009-QWEN-CF2,conflicting_state_step2,设备失联只是背景，仍须核对当前显式额度：先使用Qwen检测附件中的焦糖十字分流块，检测结果仅作为中间状态。最终需要判断火星车悬架试验间稳定状态会签3100号应继续现有能力、结束，还是进入迁移评估。自然语言里的故障等级和预算描述没有路由优先级，只读取本 query 最新 observation 的结构化键值。错误状态仅在 retryable=true 与 retry_count=0 同时成立时复用原检测器一次，否则调用迁移顾问。正常状态需要候选数、置信度、跨提示一致性和域偏移四个门槛全部通过才结束，任一否决项都转迁移。缺省、非法、冲突状态采取保守分支；已经重试一次的结果不能再次触发检测器。检测器必须设置 finish_after_tool=false；迁移顾问使用当前图片和视觉探针并设置 finish_after_tool=true。,True,examples/images/planner_retry_optimizer_matched_v12/caramel_cross_diverter.png,"[{""action"": ""qwen_detection"", ""arg_contains"": {""label"": [""焦糖十字分流块""]}, ""decision_type"": ""tool"", ""required_args"": {""finish_after_tool"": false}}, {""action"": ""migration_advisor"", ""arg_contains"": {""user_query"": [""火星车悬架试验间稳定状态会签3100号""]}, ""decision_type"": ""tool"", ""required_args"": {""finish_after_tool"": true, ""use_image"": true, ""use_visual_probe"": true}}]","[""rag_answer"", ""re_question"", ""answerer"", ""flux-image-generation"", ""rexomni_detection"", ""pipeline_eval""]","{""action_match"": 0.65, ""argument_match"": 0.1, ""decision_type_valid"": 0.03, ""final_tool_finish"": 0.1, ""finish_after_tool"": 0.1, ""json_valid"": 0.02, ""no_forbidden_action"": 0.1, ""no_premature_stop"": 0.1, ""no_repeated_tool"": 0.1, ""no_skip_required_probe"": 0.1, ""strict_action_match"": true, ""strict_argument_types"": true, ""wrong_action_cap"": 0.2}",True,1.0,"[""qwen_detection"", ""migration_advisor""]",qwen_detection,"[{""_planner_metrics"": {""api_call_ms"": 6651.542, ""first_api_call_ms"": 6651.542, ""first_finish_reason"": ""stop"", ""first_input_tokens"": 4023, ""first_output_tokens"": 48, ""first_total_tokens"": 4071, ""input_tokens"": 4023, ""output_tokens"": 48, ""parse_ms"": 0.188, ""planner_total_ms"": 6669.013, ""prompt_build_ms"": 0.488, ""retry_count"": 0, ""retry_reason"": """", ""total_tokens"": 4071}, ""action"": ""qwen_detection"", ""action_input"": {""finish_after_tool"": false, ""label"": ""焦糖十字分流块""}, ""clarification_question"": """", ""decision_type"": ""tool"", ""end_reason"": """", ""final_answer"": """", ""thought"": ""先执行用户指定的检测器以取得当前结构化状态。""}, {""_planner_metrics"": {""api_call_ms"": 9478.733, ""first_api_call_ms"": 9478.733, ""first_finish_reason"": ""stop"", ""first_input_tokens"": 4323, ""first_output_tokens"": 73, ""first_total_tokens"": 4396, ""input_tokens"": 4323, ""output_tokens"": 73, ""parse_ms"": 0.154, ""planner_total_ms"": 9493.963, ""prompt_build_ms"": 0.528, ""retry_count"": 0, ""retry_reason"": """", ""total_tokens"": 4396}, ""action"": ""migration_advisor"", ""action_input"": {""finish_after_tool"": true, ""use_image"": true, ""use_visual_probe"": true, ""user_query"": ""火星车悬架试验间稳定状态会签3100号""}, ""clarification_question"": """", ""decision_type"": ""tool"", ""end_reason"": """", ""final_answer"": """", ""thought"": ""最新状态未满足结束或重试条件，需要进入能力迁移评估。""}]",,6669.013,6651.542,4023,48,1,1,True,False
PROMV12-TA-001-QWEN-CS2,current_success_step2,旧故障结论不得覆盖最后一条结构化回执：先使用Qwen检测附件中的冰青三辐锁紧轮，检测结果仅作为中间状态。最终需要判断火星车悬架试验间异常路径终验7873号应继续现有能力、结束，还是进入迁移评估。自然语言里的故障等级和预算描述没有路由优先级，只读取本 query 最新 observation 的结构化键值。错误状态仅在 retryable=true 与 retry_count=0 同时成立时复用原检测器一次，否则调用迁移顾问。正常状态需要候选数、置信度、跨提示一致性和域偏移四个门槛全部通过才结束，任一否决项都转迁移。缺省、非法、冲突状态采取保守分支；已经重试一次的结果不能再次触发检测器。检测器必须设置 finish_after_tool=false；迁移顾问使用当前图片和视觉探针并设置 finish_after_tool=true。,True,examples/images/planner_retry_optimizer_matched_v12/icecyan_three_spoke_lockwheel.png,"[{""action"": ""qwen_detection"", ""arg_contains"": {""label"": [""冰青三辐锁紧轮""]}, ""decision_type"": ""tool"", ""required_args"": {""finish_after_tool"": false}}, {""arg_contains"": {}, ""decision_type"": ""end"", ""required_args"": {""end_reason"": ""memory_hit""}}]","[""rag_answer"", ""re_question"", ""answerer"", ""flux-image-generation"", ""rexomni_detection"", ""pipeline_eval"", ""migration_advisor""]","{""action_match"": 0.65, ""argument_match"": 0.1, ""decision_type_valid"": 0.03, ""final_tool_finish"": 0.1, ""finish_after_tool"": 0.1, ""json_valid"": 0.02, ""no_forbidden_action"": 0.1, ""no_premature_stop"": 0.1, ""no_repeated_tool"": 0.1, ""no_skip_required_probe"": 0.1, ""strict_action_match"": true, ""strict_argument_types"": true, ""wrong_action_cap"": 0.2}",True,1.0,"[""qwen_detection"", ""final_answer""]",qwen_detection,"[{""_planner_metrics"": {""api_call_ms"": 6874.858, ""first_api_call_ms"": 6874.858, ""first_finish_reason"": ""stop"", ""first_input_tokens"": 4021, ""first_output_tokens"": 51, ""first_total_tokens"": 4072, ""input_tokens"": 4021, ""output_tokens"": 51, ""parse_ms"": 0.183, ""planner_total_ms"": 6888.306, ""prompt_build_ms"": 0.409, ""retry_count"": 0, ""retry_reason"": """", ""total_tokens"": 4072}, ""action"": ""qwen_detection"", ""action_input"": {""finish_after_tool"": false, ""label"": ""冰青三辐锁紧轮""}, ""clarification_question"": """", ""decision_type"": ""tool"", ""end_reason"": """", ""final_answer"": """", ""thought"": ""先执行用户指定的检测器以取得当前结构化状态。""}, {""_planner_metrics"": {""api_call_ms"": 5222.945, ""first_api_call_ms"": 5222.945, ""first_finish_reason"": ""stop"", ""first_input_tokens"": 4327, ""first_output_tokens"": 34, ""first_total_tokens"": 4361, ""input_tokens"": 4327, ""output_tokens"": 34, ""parse_ms"": 0.221, ""planner_total_ms"": 5238.602, ""prompt_build_ms"": 0.538, ""retry_count"": 0, ""retry_reason"": """", ""total_tokens"": 4361}, ""action"": ""final_answer"", ""action_input"": {}, ""clarification_question"": """", ""decision_type"": ""end"", ""end_reason"": ""memory_hit"", ""final_answer"": """", ""thought"": ""最新结构化状态已满足全部硬门槛，可以结束本轮规划。""}]",,6888.306,6874.858,4021,51,1,1,True,False
PROMV12-TA-011-QWEN-CS2,current_success_step2,迁移队列已经建立，请先裁决最新机器状态：先使用Qwen检测附件中的焦糖十字分流块，检测结果仅作为中间状态。最终需要判断非晶合金铸造炉稳定状态会签6874号应继续现有能力、结束，还是进入迁移评估。自然语言里的故障等级和预算描述没有路由优先级，只读取本 query 最新 observation 的结构化键值。错误状态仅在 retryable=true 与 retry_count=0 同时成立时复用原检测器一次，否则调用迁移顾问。正常状态需要候选数、置信度、跨提示一致性和域偏移四个门槛全部通过才结束，任一否决项都转迁移。缺省、非法、冲突状态采取保守分支；已经重试一次的结果不能再次触发检测器。检测器必须设置 finish_after_tool=false；迁移顾问使用当前图片和视觉探针并设置 finish_after_tool=true。,True,examples/images/planner_retry_optimizer_matched_v12/caramel_cross_diverter.png,"[{""action"": ""qwen_detection"", ""arg_contains"": {""label"": [""焦糖十字分流块""]}, ""decision_type"": ""tool"", ""required_args"": {""finish_after_tool"": false}}, {""arg_contains"": {}, ""decision_type"": ""end"", ""required_args"": {""end_reason"": ""memory_hit""}}]","[""rag_answer"", ""re_question"", ""answerer"", ""flux-image-generation"", ""rexomni_detection"", ""pipeline_eval"", ""migration_advisor""]","{""action_match"": 0.65, ""argument_match"": 0.1, ""decision_type_valid"": 0.03, ""final_tool_finish"": 0.1, ""finish_after_tool"": 0.1, ""json_valid"": 0.02, ""no_forbidden_action"": 0.1, ""no_premature_stop"": 0.1, ""no_repeated_tool"": 0.1, ""no_skip_required_probe"": 0.1, ""strict_action_match"": true, ""strict_argument_types"": true, ""wrong_action_cap"": 0.2}",True,1.0,"[""qwen_detection"", ""final_answer""]",qwen_detection,"[{""_planner_metrics"": {""api_call_ms"": 6483.434, ""first_api_call_ms"": 6483.434, ""first_finish_reason"": ""stop"", ""first_input_tokens"": 4016, ""first_output_tokens"": 48, ""first_total_tokens"": 4064, ""input_tokens"": 4016, ""output_tokens"": 48, ""parse_ms"": 0.138, ""planner_total_ms"": 6499.205, ""prompt_build_ms"": 0.447, ""retry_count"": 0, ""retry_reason"": """", ""total_tokens"": 4064}, ""action"": ""qwen_detection"", ""action_input"": {""finish_after_tool"": false, ""label"": ""焦糖十字分流块""}, ""clarification_question"": """", ""decision_type"": ""tool"", ""end_reason"": """", ""final_answer"": """", ""thought"": ""先执行用户指定的检测器以取得当前结构化状态。""}, {""_planner_metrics"": {""api_call_ms"": 5173.7, ""first_api_call_ms"": 5173.7, ""first_finish_reason"": ""stop"", ""first_input_tokens"": 4316, ""first_output_tokens"": 34, ""first_total_tokens"": 4350, ""input_tokens"": 4316, ""output_tokens"": 34, ""parse_ms"": 0.131, ""planner_total_ms"": 5188.271, ""prompt_build_ms"": 0.483, ""retry_count"": 0, ""retry_reason"": """", ""total_tokens"": 4350}, ""action"": ""final_answer"", ""action_input"": {}, ""clarification_question"": """", ""decision_type"": ""end"", ""end_reason"": ""memory_hit"", ""final_answer"": """", ""thought"": ""最新结构化状态已满足全部硬门槛，可以结束本轮规划。""}]",,6499.205,6483.434,4016,48,1,1,True,False
PROMV12-TA-011-QWEN-FR2,fresh_retry_step2,迁移队列已经建立，请先裁决最新机器状态：先使用Qwen检测附件中的焦糖十字分流块，检测结果仅作为中间状态。最终需要判断非晶合金铸造炉稳定状态会签6874号应继续现有能力、结束，还是进入迁移评估。自然语言里的故障等级和预算描述没有路由优先级，只读取本 query 最新 observation 的结构化键值。错误状态仅在 retryable=true 与 retry_count=0 同时成立时复用原检测器一次，否则调用迁移顾问。正常状态需要候选数、置信度、跨提示一致性和域偏移四个门槛全部通过才结束，任一否决项都转迁移。缺省、非法、冲突状态采取保守分支；已经重试一次的结果不能再次触发检测器。检测器必须设置 finish_after_tool=false；迁移顾问使用当前图片和视觉探针并设置 finish_after_tool=true。,True,examples/images/planner_retry_optimizer_matched_v12/caramel_cross_diverter.png,"[{""action"": ""qwen_detection"", ""arg_contains"": {""label"": [""焦糖十字分流块""]}, ""decision_type"": ""tool"", ""required_args"": {""finish_after_tool"": false}}, {""action"": ""qwen_detection"", ""arg_contains"": {""label"": [""焦糖十字分流块""]}, ""decision_type"": ""tool"", ""required_args"": {""finish_after_tool"": false}}, {""arg_contains"": {}, ""decision_type"": ""end"", ""required_args"": {""end_reason"": ""memory_hit""}}]","[""rag_answer"", ""re_question"", ""answerer"", ""flux-image-generation"", ""rexomni_detection"", ""pipeline_eval"", ""migration_advisor""]","{""action_match"": 0.65, ""argument_match"": 0.1, ""decision_type_valid"": 0.03, ""final_tool_finish"": 0.1, ""finish_after_tool"": 0.1, ""json_valid"": 0.02, ""no_forbidden_action"": 0.1, ""no_premature_stop"": 0.1, ""no_repeated_tool"": 0.1, ""no_skip_required_probe"": 0.1, ""strict_action_match"": true, ""strict_argument_types"": true, ""wrong_action_cap"": 0.2}",False,0.75625,"[""qwen_detection"", ""qwen_detection"", ""qwen_detection""]",qwen_detection,"[{""_planner_metrics"": {""api_call_ms"": 6508.844, ""first_api_call_ms"": 6508.844, ""first_finish_reason"": ""stop"", ""first_input_tokens"": 4019, ""first_output_tokens"": 48, ""first_total_tokens"": 4067, ""input_tokens"": 4019, ""output_tokens"": 48, ""parse_ms"": 0.123, ""planner_total_ms"": 6523.409, ""prompt_build_ms"": 0.482, ""retry_count"": 0, ""retry_reason"": """", ""total_tokens"": 4067}, ""action"": ""qwen_detection"", ""action_input"": {""finish_after_tool"": false, ""label"": ""焦糖十字分流块""}, ""clarification_question"": """", ""decision_type"": ""tool"", ""end_reason"": """", ""final_answer"": """", ""thought"": ""先执行用户指定的检测器以取得当前结构化状态。""}, {""_planner_metrics"": {""api_call_ms"": 7008.269, ""first_api_call_ms"": 7008.269, ""first_finish_reason"": ""stop"", ""first_input_tokens"": 4321, ""first_output_tokens"": 51, ""first_total_tokens"": 4372, ""input_tokens"": 4321, ""output_tokens"": 51, ""parse_ms"": 0.132, ""planner_total_ms"": 7022.241, ""prompt_build_ms"": 0.487, ""retry_count"": 0, ""retry_reason"": """", ""total_tokens"": 4372}, ""action"": ""qwen_detection"", ""action_input"": {""finish_after_tool"": false, ""label"": ""焦糖十字分流块""}, ""clarification_question"": """", ""decision_type"": ""tool"", ""end_reason"": """", ""final_answer"": """", ""thought"": ""最新状态满足错误状态重试条件，需要再次使用同一检测器。""}, {""_planner_metrics"": {""api_call_ms"": 7541.519, ""first_api_call_ms"": 7541.519, ""first_finish_reason"": ""stop"", ""first_input_tokens"": 4618, ""first_output_tokens"": 52, ""first_total_tokens"": 4670, ""input_tokens"": 4618, ""output_tokens"": 52, ""parse_ms"": 0.166, ""planner_total_ms"": 7556.617, ""prompt_build_ms"": 0.477, ""retry_count"": 0, ""retry_reason"": """", ""total_tokens"": 4670}, ""action"": ""qwen_detection"", ""action_input"": {""finish_after_tool"": false, ""label"": ""焦糖十字分流块""}, ""clarification_question"": """", ""decision_type"": ""tool"", ""end_reason"": """", ""final_answer"": """", ""thought"": ""最新状态未满足结束或迁移条件，需要继续检查结构化键值。""}]","step3:decision_type expected 'end', got 'tool' | step3:action expected 'end', got 'qwen_detection' | step3:arg 'end_reason' expected 'memory_hit', got ''",6523.409,6508.844,4019,48,0,1,False,True
PROMV12-TA-001-REX-PS3,post_retry_success_step3,旧故障结论不得覆盖最后一条结构化回执：先使用Rex-Omni检测附件中的冰青三辐锁紧轮，检测结果仅作为中间状态。最终需要判断火星车悬架试验间异常路径终验7873号应继续现有能力、结束，还是进入迁移评估。自然语言里的故障等级和预算描述没有路由优先级，只读取本 query 最新 observation 的结构化键值。错误状态仅在 retryable=true 与 retry_count=0 同时成立时复用原检测器一次，否则调用迁移顾问。正常状态需要候选数、置信度、跨提示一致性和域偏移四个门槛全部通过才结束，任一否决项都转迁移。缺省、非法、冲突状态采取保守分支；已经重试一次的结果不能再次触发检测器。检测器必须设置 finish_after_tool=false；迁移顾问使用当前图片和视觉探针并设置 finish_after_tool=true。,True,examples/images/planner_retry_optimizer_matched_v12/icecyan_three_spoke_lockwheel.png,"[{""action"": ""rexomni_detection"", ""arg_contains"": {""label"": [""冰青三辐锁紧轮""]}, ""decision_type"": ""tool"", ""required_args"": {""finish_after_tool"": false}}, {""action"": ""rexomni_detection"", ""arg_contains"": {""label"": [""冰青三辐锁紧轮""]}, ""decision_type"": ""tool"", ""required_args"": {""finish_after_tool"": false}}, {""arg_contains"": {}, ""decision_type"": ""end"", ""required_args"": {""end_reason"": ""memory_hit""}}]","[""rag_answer"", ""re_question"", ""answerer"", ""flux-image-generation"", ""qwen_detection"", ""pipeline_eval"", ""migration_advisor""]","{""action_match"": 0.65, ""argument_match"": 0.1, ""decision_type_valid"": 0.03, ""final_tool_finish"": 0.1, ""finish_after_tool"": 0.1, ""json_valid"": 0.02, ""no_forbidden_action"": 0.1, ""no_premature_stop"": 0.1, ""no_repeated_tool"": 0.1, ""no_skip_required_probe"": 0.1, ""strict_action_match"": true, ""strict_argument_types"": true, ""wrong_action_cap"": 0.2}",False,0.725,"[""rexomni_detection"", ""rexomni_detection"", ""migration_advisor""]",rexomni_detection,"[{""_planner_metrics"": {""api_call_ms"": 7316.813, ""first_api_call_ms"": 7316.813, ""first_finish_reason"": ""stop"", ""first_input_tokens"": 4030, ""first_output_tokens"": 52, ""first_total_tokens"": 4082, ""input_tokens"": 4030, ""output_tokens"": 52, ""parse_ms"": 0.254, ""planner_total_ms"": 7332.754, ""prompt_build_ms"": 0.498, ""retry_count"": 0, ""retry_reason"": """", ""total_tokens"": 4082}, ""action"": ""rexomni_detection"", ""action_input"": {""finish_after_tool"": false, ""label"": ""冰青三辐锁紧轮""}, ""clarification_question"": """", ""decision_type"": ""tool"", ""end_reason"": """", ""final_answer"": """", ""thought"": ""先执行用户指定的检测器以取得当前结构化状态。""}, {""_planner_metrics"": {""api_call_ms"": 7547.447, ""first_api_call_ms"": 7547.447, ""first_finish_reason"": ""stop"", ""first_input_tokens"": 4346, ""first_output_tokens"": 55, ""first_total_tokens"": 4401, ""input_tokens"": 4346, ""output_tokens"": 55, ""parse_ms"": 0.165, ""planner_total_ms"": 7566.005, ""prompt_build_ms"": 0.549, ""retry_count"": 0, ""retry_reason"": """", ""total_tokens"": 4401}, ""action"": ""rexomni_detection"", ""action_input"": {""finish_after_tool"": false, ""label"": ""冰青三辐锁紧轮""}, ""clarification_question"": """", ""decision_type"": ""tool"", ""end_reason"": """", ""final_answer"": """", ""thought"": ""最新状态未满足结束或迁移条件，需要继续按规则推进。""}, {""_planner_metrics"": {""api_call_ms"": 9691.656, ""first_api_call_ms"": 9691.656, ""first_finish_reason"": ""stop"", ""first_input_tokens"": 4657, ""first_output_tokens"": 74, ""first_total_tokens"": 4731, ""input_tokens"": 4657, ""output_tokens"": 74, ""parse_ms"": 0.169, ""planner_total_ms"": 9708.124, ""prompt_build_ms"": 0.505, ""retry_count"": 0, ""retry_reason"": """", ""total_tokens"": 4731}, ""action"": ""migration_advisor"", ""action_input"": {""finish_after_tool"": true, ""use_image"": true, ""use_visual_probe"": true, ""user_query"": ""火星车悬架试验间异常路径终验7873号""}, ""clarification_question"": """", ""decision_type"": ""tool"", ""end_reason"": """", ""final_answer"": """", ""thought"": ""最新状态未满足结束或迁移条件，需要按规则选择下一步工具。""}]","step3:decision_type expected 'end', got 'tool' | step3:action expected 'end', got 'migration_advisor' | step3:arg 'end_reason' expected 'memory_hit', got '' | forbidden:migration_advisor",7332.754,7316.813,4030,52,0,1,False,True
PROMV12-TA-003-REX-PS3,post_retry_success_step3,旧故障结论不得覆盖最后一条结构化回执：先使用Rex-Omni检测附件中的冰青三辐锁紧轮，检测结果仅作为中间状态。最终需要判断深水码头输油站重试边界复审2398号应继续现有能力、结束，还是进入迁移评估。自然语言里的故障等级和预算描述没有路由优先级，只读取本 query 最新 observation 的结构化键值。错误状态仅在 retryable=true 与 retry_count=0 同时成立时复用原检测器一次，否则调用迁移顾问。正常状态需要候选数、置信度、跨提示一致性和域偏移四个门槛全部通过才结束，任一否决项都转迁移。缺省、非法、冲突状态采取保守分支；已经重试一次的结果不能再次触发检测器。检测器必须设置 finish_after_tool=false；迁移顾问使用当前图片和视觉探针并设置 finish_after_tool=true。,True,examples/images/planner_retry_optimizer_matched_v12/icecyan_three_spoke_lockwheel.png,"[{""action"": ""rexomni_detection"", ""arg_contains"": {""label"": [""冰青三辐锁紧轮""]}, ""decision_type"": ""tool"", ""required_args"": {""finish_after_tool"": false}}, {""action"": ""rexomni_detection"", ""arg_contains"": {""label"": [""冰青三辐锁紧轮""]}, ""decision_type"": ""tool"", ""required_args"": {""finish_after_tool"": false}}, {""arg_contains"": {}, ""decision_type"": ""end"", ""required_args"": {""end_reason"": ""memory_hit""}}]","[""rag_answer"", ""re_question"", ""answerer"", ""flux-image-generation"", ""qwen_detection"", ""pipeline_eval"", ""migration_advisor""]","{""action_match"": 0.65, ""argument_match"": 0.1, ""decision_type_valid"": 0.03, ""final_tool_finish"": 0.1, ""finish_after_tool"": 0.1, ""json_valid"": 0.02, ""no_forbidden_action"": 0.1, ""no_premature_stop"": 0.1, ""no_repeated_tool"": 0.1, ""no_skip_required_probe"": 0.1, ""strict_action_match"": true, ""strict_argument_types"": true, ""wrong_action_cap"": 0.2}",False,0.671875,"[""rexomni_detection"", ""migration_advisor"", ""final_answer""]",rexomni_detection,"[{""_planner_metrics"": {""api_call_ms"": 6961.463, ""first_api_call_ms"": 6961.463, ""first_finish_reason"": ""stop"", ""first_input_tokens"": 4028, ""first_output_tokens"": 52, ""first_total_tokens"": 4080, ""input_tokens"": 4028, ""output_tokens"": 52, ""parse_ms"": 0.17, ""planner_total_ms"": 6975.216, ""prompt_build_ms"": 0.473, ""retry_count"": 0, ""retry_reason"": """", ""total_tokens"": 4080}, ""action"": ""rexomni_detection"", ""action_input"": {""finish_after_tool"": false, ""label"": ""冰青三辐锁紧轮""}, ""clarification_question"": """", ""decision_type"": ""tool"", ""end_reason"": """", ""final_answer"": """", ""thought"": ""先执行用户指定的检测器以取得当前结构化状态。""}, {""_planner_metrics"": {""api_call_ms"": 9314.367, ""first_api_call_ms"": 9314.367, ""first_finish_reason"": ""stop"", ""first_input_tokens"": 4337, ""first_output_tokens"": 72, ""first_total_tokens"": 4409, ""input_tokens"": 4337, ""output_tokens"": 72, ""parse_ms"": 0.169, ""planner_total_ms"": 9328.747, ""prompt_build_ms"": 0.482, ""retry_count"": 0, ""retry_reason"": """", ""total_tokens"": 4409}, ""action"": ""migration_advisor"", ""action_input"": {""finish_after_tool"": true, ""use_image"": true, ""use_visual_probe"": true, ""user_query"": ""深水码头输油站重试边界复审2398号""}, ""clarification_question"": """", ""decision_type"": ""tool"", ""end_reason"": """", ""final_answer"": """", ""thought"": ""最新状态未满足结束或重试条件，需要进入能力迁移评估。""}, {""_planner_metrics"": {""api_call_ms"": 5150.523, ""first_api_call_ms"": 5150.523, ""first_finish_reason"": ""stop"", ""first_input_tokens"": 4663, ""first_output_tokens"": 32, ""first_total_tokens"": 4695, ""input_tokens"": 4663, ""output_tokens"": 32, ""parse_ms"": 0.257, ""planner_total_ms"": 5166.773, ""prompt_build_ms"": 0.502, ""retry_count"": 0, ""retry_reason"": """", ""total_tokens"": 4695}, ""action"": ""final_answer"", ""action_input"": {}, ""clarification_question"": """", ""decision_type"": ""end"", ""end_reason"": ""memory_hit"", ""final_answer"": """", ""thought"": ""最新状态已满足结束条件，可以终止本轮规划。""}]","step2:action expected 'rexomni_detection', got 'migration_advisor' | step2:finish_after_tool expected False, got True | step2:arg 'label' expected to contain ['冰青三辐锁紧轮'], got None | forbidden:migration_advisor",6975.216,6961.463,4028,52,0,1,False,True
PROMV12-TA-002-REX-PV3,post_retry_metric_veto_step3,迁移队列已经建立，请先裁决最新机器状态：先使用Rex-Omni检测附件中的焦糖十字分流块，检测结果仅作为中间状态。最终需要判断火星车悬架试验间重试边界复审7063号应继续现有能力、结束，还是进入迁移评估。自然语言里的故障等级和预算描述没有路由优先级，只读取本 query 最新 observation 的结构化键值。错误状态仅在 retryable=true 与 retry_count=0 同时成立时复用原检测器一次，否则调用迁移顾问。正常状态需要候选数、置信度、跨提示一致性和域偏移四个门槛全部通过才结束，任一否决项都转迁移。缺省、非法、冲突状态采取保守分支；已经重试一次的结果不能再次触发检测器。检测器必须设置 finish_after_tool=false；迁移顾问使用当前图片和视觉探针并设置 finish_after_tool=true。,True,examples/images/planner_retry_optimizer_matched_v12/caramel_cross_diverter.png,"[{""action"": ""rexomni_detection"", ""arg_contains"": {""label"": [""焦糖十字分流块""]}, ""decision_type"": ""tool"", ""required_args"": {""finish_after_tool"": false}}, {""action"": ""rexomni_detection"", ""arg_contains"": {""label"": [""焦糖十字分流块""]}, ""decision_type"": ""tool"", ""required_args"": {""finish_after_tool"": false}}, {""action"": ""migration_advisor"", ""arg_contains"": {""user_query"": [""火星车悬架试验间重试边界复审7063号""]}, ""decision_type"": ""tool"", ""required_args"": {""finish_after_tool"": true, ""use_image"": true, ""use_visual_probe"": true}}]","[""rag_answer"", ""re_question"", ""answerer"", ""flux-image-generation"", ""qwen_detection"", ""pipeline_eval""]","{""action_match"": 0.65, ""argument_match"": 0.1, ""decision_type_valid"": 0.03, ""final_tool_finish"": 0.1, ""finish_after_tool"": 0.1, ""json_valid"": 0.02, ""no_forbidden_action"": 0.1, ""no_premature_stop"": 0.1, ""no_repeated_tool"": 0.1, ""no_skip_required_probe"": 0.1, ""strict_action_match"": true, ""strict_argument_types"": true, ""wrong_action_cap"": 0.2}",True,1.0,"[""rexomni_detection"", ""rexomni_detection"", ""migration_advisor""]",rexomni_detection,"[{""_planner_metrics"": {""api_call_ms"": 6749.64, ""first_api_call_ms"": 6749.64, ""first_finish_reason"": ""stop"", ""first_input_tokens"": 4023, ""first_output_tokens"": 49, ""first_total_tokens"": 4072, ""input_tokens"": 4023, ""output_tokens"": 49, ""parse_ms"": 0.262, ""planner_total_ms"": 6764.567, ""prompt_build_ms"": 0.446, ""retry_count"": 0, ""retry_reason"": """", ""total_tokens"": 4072}, ""action"": ""rexomni_detection"", ""action_input"": {""finish_after_tool"": false, ""label"": ""焦糖十字分流块""}, ""clarification_question"": """", ""decision_type"": ""tool"", ""end_reason"": """", ""final_answer"": """", ""thought"": ""先执行用户指定的检测器以取得当前结构化状态。""}, {""_planner_metrics"": {""api_call_ms"": 7350.103, ""first_api_call_ms"": 7350.103, ""first_finish_reason"": ""stop"", ""first_input_tokens"": 4334, ""first_output_tokens"": 52, ""first_total_tokens"": 4386, ""input_tokens"": 4334, ""output_tokens"": 52, ""parse_ms"": 0.181, ""planner_total_ms"": 7371.717, ""prompt_build_ms"": 0.903, ""retry_count"": 0, ""retry_reason"": """", ""total_tokens"": 4386}, ""action"": ""rexomni_detection"", ""action_input"": {""finish_after_tool"": false, ""label"": ""焦糖十字分流块""}, ""clarification_question"": """", ""decision_type"": ""tool"", ""end_reason"": """", ""final_answer"": """", ""thought"": ""最新状态满足错误状态重试条件，需要再次调用同一检测器。""}, {""_planner_metrics"": {""api_call_ms"": 9618.249, ""first_api_call_ms"": 9618.249, ""first_finish_reason"": ""stop"", ""first_input_tokens"": 4643, ""first_output_tokens"": 72, ""first_total_tokens"": 4715, ""input_tokens"": 4643, ""output_tokens"": 72, ""parse_ms"": 0.142, ""planner_total_ms"": 9634.517, ""prompt_build_ms"": 0.481, ""retry_count"": 0, ""retry_reason"": """", ""total_tokens"": 4715}, ""action"": ""migration_advisor"", ""action_input"": {""finish_after_tool"": true, ""use_image"": true, ""use_visual_probe"": true, ""user_query"": ""火星车悬架试验间重试边界复审7063号""}, ""clarification_question"": """", ""decision_type"": ""tool"", ""end_reason"": """", ""final_answer"": """", ""thought"": ""最新状态未满足结束或重试条件，需要进入能力迁移评估。""}]",,6764.567,6749.64,4023,49,1,1,True,False
PROMV12-TA-010-QWEN-NR2,nonretryable_step2,完成本轮异常探针的最终路由：先使用Qwen检测附件中的焦糖十字分流块，检测结果仅作为中间状态。最终需要判断非晶合金铸造炉重试边界复审8156号应继续现有能力、结束，还是进入迁移评估。自然语言里的故障等级和预算描述没有路由优先级，只读取本 query 最新 observation 的结构化键值。错误状态仅在 retryable=true 与 retry_count=0 同时成立时复用原检测器一次，否则调用迁移顾问。正常状态需要候选数、置信度、跨提示一致性和域偏移四个门槛全部通过才结束，任一否决项都转迁移。缺省、非法、冲突状态采取保守分支；已经重试一次的结果不能再次触发检测器。检测器必须设置 finish_after_tool=false；迁移顾问使用当前图片和视觉探针并设置 finish_after_tool=true。,True,examples/images/planner_retry_optimizer_matched_v12/caramel_cross_diverter.png,"[{""action"": ""qwen_detection"", ""arg_contains"": {""label"": [""焦糖十字分流块""]}, ""decision_type"": ""tool"", ""required_args"": {""finish_after_tool"": false}}, {""action"": ""migration_advisor"", ""arg_contains"": {""user_query"": [""非晶合金铸造炉重试边界复审8156号""]}, ""decision_type"": ""tool"", ""required_args"": {""finish_after_tool"": true, ""use_image"": true, ""use_visual_probe"": true}}]","[""rag_answer"", ""re_question"", ""answerer"", ""flux-image-generation"", ""rexomni_detection"", ""pipeline_eval""]","{""action_match"": 0.65, ""argument_match"": 0.1, ""decision_type_valid"": 0.03, ""final_tool_finish"": 0.1, ""finish_after_tool"": 0.1, ""json_valid"": 0.02, ""no_forbidden_action"": 0.1, ""no_premature_stop"": 0.1, ""no_repeated_tool"": 0.1, ""no_skip_required_probe"": 0.1, ""strict_action_match"": true, ""strict_argument_types"": true, ""wrong_action_cap"": 0.2}",False,0.586957,"[""qwen_detection"", ""qwen_detection""]",qwen_detection,"[{""_planner_metrics"": {""api_call_ms"": 6605.388, ""first_api_call_ms"": 6605.388, ""first_finish_reason"": ""stop"", ""first_input_tokens"": 4009, ""first_output_tokens"": 48, ""first_total_tokens"": 4057, ""input_tokens"": 4009, ""output_tokens"": 48, ""parse_ms"": 0.15, ""planner_total_ms"": 6619.43, ""prompt_build_ms"": 0.4, ""retry_count"": 0, ""retry_reason"": """", ""total_tokens"": 4057}, ""action"": ""qwen_detection"", ""action_input"": {""finish_after_tool"": false, ""label"": ""焦糖十字分流块""}, ""clarification_question"": """", ""decision_type"": ""tool"", ""end_reason"": """", ""final_answer"": """", ""thought"": ""先执行用户指定的检测器以取得当前结构化状态。""}, {""_planner_metrics"": {""api_call_ms"": 6682.079, ""first_api_call_ms"": 6682.079, ""first_finish_reason"": ""stop"", ""first_input_tokens"": 4310, ""first_output_tokens"": 48, ""first_total_tokens"": 4358, ""input_tokens"": 4310, ""output_tokens"": 48, ""parse_ms"": 0.134, ""planner_total_ms"": 6696.298, ""prompt_build_ms"": 0.502, ""retry_count"": 0, ""retry_reason"": """", ""total_tokens"": 4358}, ""action"": ""qwen_detection"", ""action_input"": {""finish_after_tool"": false, ""label"": ""焦糖十字分流块""}, ""clarification_question"": """", ""decision_type"": ""tool"", ""end_reason"": """", ""final_answer"": """", ""thought"": ""先执行用户指定的检测器以取得当前结构化状态。""}]","step2:action expected 'migration_advisor', got 'qwen_detection' | step2:finish_after_tool expected True, got False | step2:arg 'use_image' expected True, got None | step2:arg 'use_visual_probe' expected True, got None | step2:arg 'user_query' expected to contain ['非晶合金铸造炉重试边界复审8156号'], got None",6619.43,6605.388,4009,48,0,1,False,True
PROMV12-TA-006-QWEN-BE2,budget_exhausted_step2,设备失联只是背景，仍须核对当前显式额度：先使用Qwen检测附件中的冰青三辐锁紧轮，检测结果仅作为中间状态。最终需要判断深水码头输油站异常路径终验1480号应继续现有能力、结束，还是进入迁移评估。自然语言里的故障等级和预算描述没有路由优先级，只读取本 query 最新 observation 的结构化键值。错误状态仅在 retryable=true 与 retry_count=0 同时成立时复用原检测器一次，否则调用迁移顾问。正常状态需要候选数、置信度、跨提示一致性和域偏移四个门槛全部通过才结束，任一否决项都转迁移。缺省、非法、冲突状态采取保守分支；已经重试一次的结果不能再次触发检测器。检测器必须设置 finish_after_tool=false；迁移顾问使用当前图片和视觉探针并设置 finish_after_tool=true。,True,examples/images/planner_retry_optimizer_matched_v12/icecyan_three_spoke_lockwheel.png,"[{""action"": ""qwen_detection"", ""arg_contains"": {""label"": [""冰青三辐锁紧轮""]}, ""decision_type"": ""tool"", ""required_args"": {""finish_after_tool"": false}}, {""action"": ""migration_advisor"", ""arg_contains"": {""user_query"": [""深水码头输油站异常路径终验1480号""]}, ""decision_type"": ""tool"", ""required_args"": {""finish_after_tool"": true, ""use_image"": true, ""use_visual_probe"": true}}]","[""rag_answer"", ""re_question"", ""answerer"", ""flux-image-generation"", ""rexomni_detection"", ""pipeline_eval""]","{""action_match"": 0.65, ""argument_match"": 0.1, ""decision_type_valid"": 0.03, ""final_tool_finish"": 0.1, ""finish_after_tool"": 0.1, ""json_valid"": 0.02, ""no_forbidden_action"": 0.1, ""no_premature_stop"": 0.1, ""no_repeated_tool"": 0.1, ""no_skip_required_probe"": 0.1, ""strict_action_match"": true, ""strict_argument_types"": true, ""wrong_action_cap"": 0.2}",True,1.0,"[""qwen_detection"", ""migration_advisor""]",qwen_detection,"[{""_planner_metrics"": {""api_call_ms"": 6839.154, ""first_api_call_ms"": 6839.154, ""first_finish_reason"": ""stop"", ""first_input_tokens"": 4030, ""first_output_tokens"": 51, ""first_total_tokens"": 4081, ""input_tokens"": 4030, ""output_tokens"": 51, ""parse_ms"": 0.15, ""planner_total_ms"": 6852.719, ""prompt_build_ms"": 0.366, ""retry_count"": 0, ""retry_reason"": """", ""total_tokens"": 4081}, ""action"": ""qwen_detection"", ""action_input"": {""finish_after_tool"": false, ""label"": ""冰青三辐锁紧轮""}, ""clarification_question"": """", ""decision_type"": ""tool"", ""end_reason"": """", ""final_answer"": """", ""thought"": ""先执行用户指定的检测器以取得当前结构化状态。""}, {""_planner_metrics"": {""api_call_ms"": 9422.26, ""first_api_call_ms"": 9422.26, ""first_finish_reason"": ""stop"", ""first_input_tokens"": 4332, ""first_output_tokens"": 73, ""first_total_tokens"": 4405, ""input_tokens"": 4332, ""output_tokens"": 73, ""parse_ms"": 0.227, ""planner_total_ms"": 9437.321, ""prompt_build_ms"": 0.477, ""retry_count"": 0, ""retry_reason"": """", ""total_tokens"": 4405}, ""action"": ""migration_advisor"", ""action_input"": {""finish_after_tool"": true, ""use_image"": true, ""use_visual_probe"": true, ""user_query"": ""深水码头输油站异常路径终验1480号""}, ""clarification_question"": """", ""decision_type"": ""tool"", ""end_reason"": """", ""final_answer"": """", ""thought"": ""最新状态未满足结束或重试条件，需要进入能力迁移评估。""}]",,6852.719,6839.154,4030,51,1,1,True,False
PROMV12-TA-009-QWEN-CS2,current_success_step2,设备失联只是背景，仍须核对当前显式额度：先使用Qwen检测附件中的焦糖十字分流块，检测结果仅作为中间状态。最终需要判断火星车悬架试验间稳定状态会签3100号应继续现有能力、结束，还是进入迁移评估。自然语言里的故障等级和预算描述没有路由优先级，只读取本 query 最新 observation 的结构化键值。错误状态仅在 retryable=true 与 retry_count=0 同时成立时复用原检测器一次，否则调用迁移顾问。正常状态需要候选数、置信度、跨提示一致性和域偏移四个门槛全部通过才结束，任一否决项都转迁移。缺省、非法、冲突状态采取保守分支；已经重试一次的结果不能再次触发检测器。检测器必须设置 finish_after_tool=false；迁移顾问使用当前图片和视觉探针并设置 finish_after_tool=true。,True,examples/images/planner_retry_optimizer_matched_v12/caramel_cross_diverter.png,"[{""action"": ""qwen_detection"", ""arg_contains"": {""label"": [""焦糖十字分流块""]}, ""decision_type"": ""tool"", ""required_args"": {""finish_after_tool"": false}}, {""arg_contains"": {}, ""decision_type"": ""end"", ""required_args"": {""end_reason"": ""memory_hit""}}]","[""rag_answer"", ""re_question"", ""answerer"", ""flux-image-generation"", ""rexomni_detection"", ""pipeline_eval"", ""migration_advisor""]","{""action_match"": 0.65, ""argument_match"": 0.1, ""decision_type_valid"": 0.03, ""final_tool_finish"": 0.1, ""finish_after_tool"": 0.1, ""json_valid"": 0.02, ""no_forbidden_action"": 0.1, ""no_premature_stop"": 0.1, ""no_repeated_tool"": 0.1, ""no_skip_required_probe"": 0.1, ""strict_action_match"": true, ""strict_argument_types"": true, ""wrong_action_cap"": 0.2}",True,1.0,"[""qwen_detection"", ""final_answer""]",qwen_detection,"[{""_planner_metrics"": {""api_call_ms"": 6564.401, ""first_api_call_ms"": 6564.401, ""first_finish_reason"": ""stop"", ""first_input_tokens"": 4020, ""first_output_tokens"": 48, ""first_total_tokens"": 4068, ""input_tokens"": 4020, ""output_tokens"": 48, ""parse_ms"": 0.194, ""planner_total_ms"": 6579.593, ""prompt_build_ms"": 0.451, ""retry_count"": 0, ""retry_reason"": """", ""total_tokens"": 4068}, ""action"": ""qwen_detection"", ""action_input"": {""finish_after_tool"": false, ""label"": ""焦糖十字分流块""}, ""clarification_question"": """", ""decision_type"": ""tool"", ""end_reason"": """", ""final_answer"": """", ""thought"": ""先执行用户指定的检测器以取得当前结构化状态。""}, {""_planner_metrics"": {""api_call_ms"": 5758.107, ""first_api_call_ms"": 5758.107, ""first_finish_reason"": ""stop"", ""first_input_tokens"": 4324, ""first_output_tokens"": 39, ""first_total_tokens"": 4363, ""input_tokens"": 4324, ""output_tokens"": 39, ""parse_ms"": 0.174, ""planner_total_ms"": 5774.701, ""prompt_build_ms"": 0.424, ""retry_count"": 0, ""retry_reason"": """", ""total_tokens"": 4363}, ""action"": ""final_answer"", ""action_input"": {}, ""clarification_question"": """", ""decision_type"": ""end"", ""end_reason"": ""memory_hit"", ""final_answer"": """", ""thought"": ""最新结构化状态已齐备，需要按规则判断当前应继续、结束或迁移。""}]",,6579.593,6564.401,4020,48,1,1,True,False
PROMV12-TA-008-REX-CS2,current_success_step2,完成本轮异常探针的最终路由：先使用Rex-Omni检测附件中的焦糖十字分流块，检测结果仅作为中间状态。最终需要判断非晶合金铸造炉异常路径终验9752号应继续现有能力、结束，还是进入迁移评估。自然语言里的故障等级和预算描述没有路由优先级，只读取本 query 最新 observation 的结构化键值。错误状态仅在 retryable=true 与 retry_count=0 同时成立时复用原检测器一次，否则调用迁移顾问。正常状态需要候选数、置信度、跨提示一致性和域偏移四个门槛全部通过才结束，任一否决项都转迁移。缺省、非法、冲突状态采取保守分支；已经重试一次的结果不能再次触发检测器。检测器必须设置 finish_after_tool=false；迁移顾问使用当前图片和视觉探针并设置 finish_after_tool=true。,True,examples/images/planner_retry_optimizer_matched_v12/caramel_cross_diverter.png,"[{""action"": ""rexomni_detection"", ""arg_contains"": {""label"": [""焦糖十字分流块""]}, ""decision_type"": ""tool"", ""required_args"": {""finish_after_tool"": false}}, {""arg_contains"": {}, ""decision_type"": ""end"", ""required_args"": {""end_reason"": ""memory_hit""}}]","[""rag_answer"", ""re_question"", ""answerer"", ""flux-image-generation"", ""qwen_detection"", ""pipeline_eval"", ""migration_advisor""]","{""action_match"": 0.65, ""argument_match"": 0.1, ""decision_type_valid"": 0.03, ""final_tool_finish"": 0.1, ""finish_after_tool"": 0.1, ""json_valid"": 0.02, ""no_forbidden_action"": 0.1, ""no_premature_stop"": 0.1, ""no_repeated_tool"": 0.1, ""no_skip_required_probe"": 0.1, ""strict_action_match"": true, ""strict_argument_types"": true, ""wrong_action_cap"": 0.2}",False,0.617391,"[""rexomni_detection"", ""migration_advisor""]",rexomni_detection,"[{""_planner_metrics"": {""api_call_ms"": 6653.798, ""first_api_call_ms"": 6653.798, ""first_finish_reason"": ""stop"", ""first_input_tokens"": 4014, ""first_output_tokens"": 49, ""first_total_tokens"": 4063, ""input_tokens"": 4014, ""output_tokens"": 49, ""parse_ms"": 0.145, ""planner_total_ms"": 6667.536, ""prompt_build_ms"": 0.402, ""retry_count"": 0, ""retry_reason"": """", ""total_tokens"": 4063}, ""action"": ""rexomni_detection"", ""action_input"": {""finish_after_tool"": false, ""label"": ""焦糖十字分流块""}, ""clarification_question"": """", ""decision_type"": ""tool"", ""end_reason"": """", ""final_answer"": """", ""thought"": ""先执行用户指定的检测器以取得当前结构化状态。""}, {""_planner_metrics"": {""api_call_ms"": 9395.627, ""first_api_call_ms"": 9395.627, ""first_finish_reason"": ""stop"", ""first_input_tokens"": 4321, ""first_output_tokens"": 73, ""first_total_tokens"": 4394, ""input_tokens"": 4321, ""output_tokens"": 73, ""parse_ms"": 0.164, ""planner_total_ms"": 9410.331, ""prompt_build_ms"": 0.51, ""retry_count"": 0, ""retry_reason"": """", ""total_tokens"": 4394}, ""action"": ""migration_advisor"", ""action_input"": {""finish_after_tool"": true, ""use_image"": true, ""use_visual_probe"": true, ""user_query"": ""非晶合金铸造炉异常路径终验9752号""}, ""clarification_question"": """", ""decision_type"": ""tool"", ""end_reason"": """", ""final_answer"": """", ""thought"": ""最新状态未满足结束或重试条件，需要进入能力迁移评估。""}]","step2:decision_type expected 'end', got 'tool' | step2:action expected 'end', got 'migration_advisor' | step2:arg 'end_reason' expected 'memory_hit', got '' | forbidden:migration_advisor",6667.536,6653.798,4014,49,0,1,False,True
PROMV12-TA-009-REX-PS3,post_retry_success_step3,设备失联只是背景，仍须核对当前显式额度：先使用Rex-Omni检测附件中的焦糖十字分流块，检测结果仅作为中间状态。最终需要判断火星车悬架试验间稳定状态会签3100号应继续现有能力、结束，还是进入迁移评估。自然语言里的故障等级和预算描述没有路由优先级，只读取本 query 最新 observation 的结构化键值。错误状态仅在 retryable=true 与 retry_count=0 同时成立时复用原检测器一次，否则调用迁移顾问。正常状态需要候选数、置信度、跨提示一致性和域偏移四个门槛全部通过才结束，任一否决项都转迁移。缺省、非法、冲突状态采取保守分支；已经重试一次的结果不能再次触发检测器。检测器必须设置 finish_after_tool=false；迁移顾问使用当前图片和视觉探针并设置 finish_after_tool=true。,True,examples/images/planner_retry_optimizer_matched_v12/caramel_cross_diverter.png,"[{""action"": ""rexomni_detection"", ""arg_contains"": {""label"": [""焦糖十字分流块""]}, ""decision_type"": ""tool"", ""required_args"": {""finish_after_tool"": false}}, {""action"": ""rexomni_detection"", ""arg_contains"": {""label"": [""焦糖十字分流块""]}, ""decision_type"": ""tool"", ""required_args"": {""finish_after_tool"": false}}, {""arg_contains"": {}, ""decision_type"": ""end"", ""required_args"": {""end_reason"": ""memory_hit""}}]","[""rag_answer"", ""re_question"", ""answerer"", ""flux-image-generation"", ""qwen_detection"", ""pipeline_eval"", ""migration_advisor""]","{""action_match"": 0.65, ""argument_match"": 0.1, ""decision_type_valid"": 0.03, ""final_tool_finish"": 0.1, ""finish_after_tool"": 0.1, ""json_valid"": 0.02, ""no_forbidden_action"": 0.1, ""no_premature_stop"": 0.1, ""no_repeated_tool"": 0.1, ""no_skip_required_probe"": 0.1, ""strict_action_match"": true, ""strict_argument_types"": true, ""wrong_action_cap"": 0.2}",False,0.75625,"[""rexomni_detection"", ""rexomni_detection"", ""rexomni_detection""]",rexomni_detection,"[{""_planner_metrics"": {""api_call_ms"": 6640.813, ""first_api_call_ms"": 6640.813, ""first_finish_reason"": ""stop"", ""first_input_tokens"": 4029, ""first_output_tokens"": 49, ""first_total_tokens"": 4078, ""input_tokens"": 4029, ""output_tokens"": 49, ""parse_ms"": 0.151, ""planner_total_ms"": 6654.098, ""prompt_build_ms"": 0.441, ""retry_count"": 0, ""retry_reason"": """", ""total_tokens"": 4078}, ""action"": ""rexomni_detection"", ""action_input"": {""finish_after_tool"": false, ""label"": ""焦糖十字分流块""}, ""clarification_question"": """", ""decision_type"": ""tool"", ""end_reason"": """", ""final_answer"": """", ""thought"": ""先执行用户指定的检测器以取得当前结构化状态。""}, {""_planner_metrics"": {""api_call_ms"": 6882.044, ""first_api_call_ms"": 6882.044, ""first_finish_reason"": ""stop"", ""first_input_tokens"": 4334, ""first_output_tokens"": 50, ""first_total_tokens"": 4384, ""input_tokens"": 4334, ""output_tokens"": 50, ""parse_ms"": 0.15, ""planner_total_ms"": 6896.31, ""prompt_build_ms"": 0.473, ""retry_count"": 0, ""retry_reason"": """", ""total_tokens"": 4384}, ""action"": ""rexomni_detection"", ""action_input"": {""finish_after_tool"": false, ""label"": ""焦糖十字分流块""}, ""clarification_question"": """", ""decision_type"": ""tool"", ""end_reason"": """", ""final_answer"": """", ""thought"": ""最新状态满足错误重试条件，需要复用同一检测器。""}, {""_planner_metrics"": {""api_call_ms"": 7084.014, ""first_api_call_ms"": 7084.014, ""first_finish_reason"": ""stop"", ""first_input_tokens"": 4638, ""first_output_tokens"": 52, ""first_total_tokens"": 4690, ""input_tokens"": 4638, ""output_tokens"": 52, ""parse_ms"": 0.159, ""planner_total_ms"": 7099.223, ""prompt_build_ms"": 0.458, ""retry_count"": 0, ""retry_reason"": """", ""total_tokens"": 4690}, ""action"": ""rexomni_detection"", ""action_input"": {""finish_after_tool"": false, ""label"": ""焦糖十字分流块""}, ""clarification_question"": """", ""decision_type"": ""tool"", ""end_reason"": """", ""final_answer"": """", ""thought"": ""最新状态未满足结束或迁移条件，需要继续按规则推进。""}]","step3:decision_type expected 'end', got 'tool' | step3:action expected 'end', got 'rexomni_detection' | step3:arg 'end_reason' expected 'memory_hit', got ''",6654.098,6640.813,4029,49,0,1,False,True
PROMV12-TA-002-QWEN-CF2,conflicting_state_step2,迁移队列已经建立，请先裁决最新机器状态：先使用Qwen检测附件中的焦糖十字分流块，检测结果仅作为中间状态。最终需要判断火星车悬架试验间重试边界复审7063号应继续现有能力、结束，还是进入迁移评估。自然语言里的故障等级和预算描述没有路由优先级，只读取本 query 最新 observation 的结构化键值。错误状态仅在 retryable=true 与 retry_count=0 同时成立时复用原检测器一次，否则调用迁移顾问。正常状态需要候选数、置信度、跨提示一致性和域偏移四个门槛全部通过才结束，任一否决项都转迁移。缺省、非法、冲突状态采取保守分支；已经重试一次的结果不能再次触发检测器。检测器必须设置 finish_after_tool=false；迁移顾问使用当前图片和视觉探针并设置 finish_after_tool=true。,True,examples/images/planner_retry_optimizer_matched_v12/caramel_cross_diverter.png,"[{""action"": ""qwen_detection"", ""arg_contains"": {""label"": [""焦糖十字分流块""]}, ""decision_type"": ""tool"", ""required_args"": {""finish_after_tool"": false}}, {""action"": ""migration_advisor"", ""arg_contains"": {""user_query"": [""火星车悬架试验间重试边界复审7063号""]}, ""decision_type"": ""tool"", ""required_args"": {""finish_after_tool"": true, ""use_image"": true, ""use_visual_probe"": true}}]","[""rag_answer"", ""re_question"", ""answerer"", ""flux-image-generation"", ""rexomni_detection"", ""pipeline_eval""]","{""action_match"": 0.65, ""argument_match"": 0.1, ""decision_type_valid"": 0.03, ""final_tool_finish"": 0.1, ""finish_after_tool"": 0.1, ""json_valid"": 0.02, ""no_forbidden_action"": 0.1, ""no_premature_stop"": 0.1, ""no_repeated_tool"": 0.1, ""no_skip_required_probe"": 0.1, ""strict_action_match"": true, ""strict_argument_types"": true, ""wrong_action_cap"": 0.2}",True,1.0,"[""qwen_detection"", ""migration_advisor""]",qwen_detection,"[{""_planner_metrics"": {""api_call_ms"": 6333.608, ""first_api_call_ms"": 6333.608, ""first_finish_reason"": ""stop"", ""first_input_tokens"": 4017, ""first_output_tokens"": 48, ""first_total_tokens"": 4065, ""input_tokens"": 4017, ""output_tokens"": 48, ""parse_ms"": 0.179, ""planner_total_ms"": 6347.562, ""prompt_build_ms"": 0.405, ""retry_count"": 0, ""retry_reason"": """", ""total_tokens"": 4065}, ""action"": ""qwen_detection"", ""action_input"": {""finish_after_tool"": false, ""label"": ""焦糖十字分流块""}, ""clarification_question"": """", ""decision_type"": ""tool"", ""end_reason"": """", ""final_answer"": """", ""thought"": ""先执行用户指定的检测器以取得当前结构化状态。""}, {""_planner_metrics"": {""api_call_ms"": 9009.787, ""first_api_call_ms"": 9009.787, ""first_finish_reason"": ""stop"", ""first_input_tokens"": 4317, ""first_output_tokens"": 72, ""first_total_tokens"": 4389, ""input_tokens"": 4317, ""output_tokens"": 72, ""parse_ms"": 0.237, ""planner_total_ms"": 9025.488, ""prompt_build_ms"": 0.587, ""retry_count"": 0, ""retry_reason"": """", ""total_tokens"": 4389}, ""action"": ""migration_advisor"", ""action_input"": {""finish_after_tool"": true, ""use_image"": true, ""use_visual_probe"": true, ""user_query"": ""火星车悬架试验间重试边界复审7063号""}, ""clarification_question"": """", ""decision_type"": ""tool"", ""end_reason"": """", ""final_answer"": """", ""thought"": ""最新状态未满足结束或重试条件，需要进入能力迁移评估。""}]",,6347.562,6333.608,4017,48,1,1,True,False
PROMV12-TA-005-QWEN-NR2,nonretryable_step2,设备失联只是背景，仍须核对当前显式额度：先使用Qwen检测附件中的冰青三辐锁紧轮，检测结果仅作为中间状态。最终需要判断类器官灌流培养台重试边界复审5611号应继续现有能力、结束，还是进入迁移评估。自然语言里的故障等级和预算描述没有路由优先级，只读取本 query 最新 observation 的结构化键值。错误状态仅在 retryable=true 与 retry_count=0 同时成立时复用原检测器一次，否则调用迁移顾问。正常状态需要候选数、置信度、跨提示一致性和域偏移四个门槛全部通过才结束，任一否决项都转迁移。缺省、非法、冲突状态采取保守分支；已经重试一次的结果不能再次触发检测器。检测器必须设置 finish_after_tool=false；迁移顾问使用当前图片和视觉探针并设置 finish_after_tool=true。,True,examples/images/planner_retry_optimizer_matched_v12/icecyan_three_spoke_lockwheel.png,"[{""action"": ""qwen_detection"", ""arg_contains"": {""label"": [""冰青三辐锁紧轮""]}, ""decision_type"": ""tool"", ""required_args"": {""finish_after_tool"": false}}, {""action"": ""migration_advisor"", ""arg_contains"": {""user_query"": [""类器官灌流培养台重试边界复审5611号""]}, ""decision_type"": ""tool"", ""required_args"": {""finish_after_tool"": true, ""use_image"": true, ""use_visual_probe"": true}}]","[""rag_answer"", ""re_question"", ""answerer"", ""flux-image-generation"", ""rexomni_detection"", ""pipeline_eval""]","{""action_match"": 0.65, ""argument_match"": 0.1, ""decision_type_valid"": 0.03, ""final_tool_finish"": 0.1, ""finish_after_tool"": 0.1, ""json_valid"": 0.02, ""no_forbidden_action"": 0.1, ""no_premature_stop"": 0.1, ""no_repeated_tool"": 0.1, ""no_skip_required_probe"": 0.1, ""strict_action_match"": true, ""strict_argument_types"": true, ""wrong_action_cap"": 0.2}",True,1.0,"[""qwen_detection"", ""migration_advisor""]",qwen_detection,"[{""_planner_metrics"": {""api_call_ms"": 6650.913, ""first_api_call_ms"": 6650.913, ""first_finish_reason"": ""stop"", ""first_input_tokens"": 4030, ""first_output_tokens"": 51, ""first_total_tokens"": 4081, ""input_tokens"": 4030, ""output_tokens"": 51, ""parse_ms"": 0.147, ""planner_total_ms"": 6665.588, ""prompt_build_ms"": 0.416, ""retry_count"": 0, ""retry_reason"": """", ""total_tokens"": 4081}, ""action"": ""qwen_detection"", ""action_input"": {""finish_after_tool"": false, ""label"": ""冰青三辐锁紧轮""}, ""clarification_question"": """", ""decision_type"": ""tool"", ""end_reason"": """", ""final_answer"": """", ""thought"": ""先执行用户指定的检测器以取得当前结构化状态。""}, {""_planner_metrics"": {""api_call_ms"": 9082.029, ""first_api_call_ms"": 9082.029, ""first_finish_reason"": ""stop"", ""first_input_tokens"": 4340, ""first_output_tokens"": 73, ""first_total_tokens"": 4413, ""input_tokens"": 4340, ""output_tokens"": 73, ""parse_ms"": 0.166, ""planner_total_ms"": 9099.035, ""prompt_build_ms"": 0.484, ""retry_count"": 0, ""retry_reason"": """", ""total_tokens"": 4413}, ""action"": ""migration_advisor"", ""action_input"": {""finish_after_tool"": true, ""use_image"": true, ""use_visual_probe"": true, ""user_query"": ""类器官灌流培养台重试边界复审5611号""}, ""clarification_question"": """", ""decision_type"": ""tool"", ""end_reason"": """", ""final_answer"": """", ""thought"": ""最新状态未满足结束或重试条件，需要进入能力迁移评估。""}]",,6665.588,6650.913,4030,51,1,1,True,False
PROMV12-TA-008-REX-PE3,post_retry_error_step3,完成本轮异常探针的最终路由：先使用Rex-Omni检测附件中的焦糖十字分流块，检测结果仅作为中间状态。最终需要判断非晶合金铸造炉异常路径终验9752号应继续现有能力、结束，还是进入迁移评估。自然语言里的故障等级和预算描述没有路由优先级，只读取本 query 最新 observation 的结构化键值。错误状态仅在 retryable=true 与 retry_count=0 同时成立时复用原检测器一次，否则调用迁移顾问。正常状态需要候选数、置信度、跨提示一致性和域偏移四个门槛全部通过才结束，任一否决项都转迁移。缺省、非法、冲突状态采取保守分支；已经重试一次的结果不能再次触发检测器。检测器必须设置 finish_after_tool=false；迁移顾问使用当前图片和视觉探针并设置 finish_after_tool=true。,True,examples/images/planner_retry_optimizer_matched_v12/caramel_cross_diverter.png,"[{""action"": ""rexomni_detection"", ""arg_contains"": {""label"": [""焦糖十字分流块""]}, ""decision_type"": ""tool"", ""required_args"": {""finish_after_tool"": false}}, {""action"": ""rexomni_detection"", ""arg_contains"": {""label"": [""焦糖十字分流块""]}, ""decision_type"": ""tool"", ""required_args"": {""finish_after_tool"": false}}, {""action"": ""migration_advisor"", ""arg_contains"": {""user_query"": [""非晶合金铸造炉异常路径终验9752号""]}, ""decision_type"": ""tool"", ""required_args"": {""finish_after_tool"": true, ""use_image"": true, ""use_visual_probe"": true}}]","[""rag_answer"", ""re_question"", ""answerer"", ""flux-image-generation"", ""qwen_detection"", ""pipeline_eval""]","{""action_match"": 0.65, ""argument_match"": 0.1, ""decision_type_valid"": 0.03, ""final_tool_finish"": 0.1, ""finish_after_tool"": 0.1, ""json_valid"": 0.02, ""no_forbidden_action"": 0.1, ""no_premature_stop"": 0.1, ""no_repeated_tool"": 0.1, ""no_skip_required_probe"": 0.1, ""strict_action_match"": true, ""strict_argument_types"": true, ""wrong_action_cap"": 0.2}",False,0.734375,"[""rexomni_detection"", ""rexomni_detection"", ""rexomni_detection""]",rexomni_detection,"[{""_planner_metrics"": {""api_call_ms"": 6490.565, ""first_api_call_ms"": 6490.565, ""first_finish_reason"": ""stop"", ""first_input_tokens"": 4017, ""first_output_tokens"": 49, ""first_total_tokens"": 4066, ""input_tokens"": 4017, ""output_tokens"": 49, ""parse_ms"": 0.139, ""planner_total_ms"": 6504.21, ""prompt_build_ms"": 0.431, ""retry_count"": 0, ""retry_reason"": """", ""total_tokens"": 4066}, ""action"": ""rexomni_detection"", ""action_input"": {""finish_after_tool"": false, ""label"": ""焦糖十字分流块""}, ""clarification_question"": """", ""decision_type"": ""tool"", ""end_reason"": """", ""final_answer"": """", ""thought"": ""先执行用户指定的检测器以取得当前结构化状态。""}, {""_planner_metrics"": {""api_call_ms"": 6839.377, ""first_api_call_ms"": 6839.377, ""first_finish_reason"": ""stop"", ""first_input_tokens"": 4327, ""first_output_tokens"": 51, ""first_total_tokens"": 4378, ""input_tokens"": 4327, ""output_tokens"": 51, ""parse_ms"": 0.136, ""planner_total_ms"": 6854.233, ""prompt_build_ms"": 0.534, ""retry_count"": 0, ""retry_reason"": """", ""total_tokens"": 4378}, ""action"": ""rexomni_detection"", ""action_input"": {""finish_after_tool"": false, ""label"": ""焦糖十字分流块""}, ""clarification_question"": """", ""decision_type"": ""tool"", ""end_reason"": """", ""final_answer"": """", ""thought"": ""最新状态满足错误状态重试条件，应继续使用同一检测器。""}, {""_planner_metrics"": {""api_call_ms"": 6960.619, ""first_api_call_ms"": 6960.619, ""first_finish_reason"": ""stop"", ""first_input_tokens"": 4635, ""first_output_tokens"": 51, ""first_total_tokens"": 4686, ""input_tokens"": 4635, ""output_tokens"": 51, ""parse_ms"": 0.136, ""planner_total_ms"": 6975.276, ""prompt_build_ms"": 0.429, ""retry_count"": 0, ""retry_reason"": """", ""total_tokens"": 4686}, ""action"": ""rexomni_detection"", ""action_input"": {""finish_after_tool"": false, ""label"": ""焦糖十字分流块""}, ""clarification_question"": """", ""decision_type"": ""tool"", ""end_reason"": """", ""final_answer"": """", ""thought"": ""最新状态满足错误状态重试条件，应继续使用同一检测器。""}]","step3:action expected 'migration_advisor', got 'rexomni_detection' | step3:finish_after_tool expected True, got False | step3:arg 'use_image' expected True, got None | step3:arg 'use_visual_probe' expected True, got None | step3:arg 'user_query' expected to contain ['非晶合金铸造炉异常路径终验9752号'], got None",6504.21,6490.565,4017,49,0,1,False,True
PROMV12-TA-009-REX-PE3,post_retry_error_step3,设备失联只是背景，仍须核对当前显式额度：先使用Rex-Omni检测附件中的焦糖十字分流块，检测结果仅作为中间状态。最终需要判断火星车悬架试验间稳定状态会签3100号应继续现有能力、结束，还是进入迁移评估。自然语言里的故障等级和预算描述没有路由优先级，只读取本 query 最新 observation 的结构化键值。错误状态仅在 retryable=true 与 retry_count=0 同时成立时复用原检测器一次，否则调用迁移顾问。正常状态需要候选数、置信度、跨提示一致性和域偏移四个门槛全部通过才结束，任一否决项都转迁移。缺省、非法、冲突状态采取保守分支；已经重试一次的结果不能再次触发检测器。检测器必须设置 finish_after_tool=false；迁移顾问使用当前图片和视觉探针并设置 finish_after_tool=true。,True,examples/images/planner_retry_optimizer_matched_v12/caramel_cross_diverter.png,"[{""action"": ""rexomni_detection"", ""arg_contains"": {""label"": [""焦糖十字分流块""]}, ""decision_type"": ""tool"", ""required_args"": {""finish_after_tool"": false}}, {""action"": ""rexomni_detection"", ""arg_contains"": {""label"": [""焦糖十字分流块""]}, ""decision_type"": ""tool"", ""required_args"": {""finish_after_tool"": false}}, {""action"": ""migration_advisor"", ""arg_contains"": {""user_query"": [""火星车悬架试验间稳定状态会签3100号""]}, ""decision_type"": ""tool"", ""required_args"": {""finish_after_tool"": true, ""use_image"": true, ""use_visual_probe"": true}}]","[""rag_answer"", ""re_question"", ""answerer"", ""flux-image-generation"", ""qwen_detection"", ""pipeline_eval""]","{""action_match"": 0.65, ""argument_match"": 0.1, ""decision_type_valid"": 0.03, ""final_tool_finish"": 0.1, ""finish_after_tool"": 0.1, ""json_valid"": 0.02, ""no_forbidden_action"": 0.1, ""no_premature_stop"": 0.1, ""no_repeated_tool"": 0.1, ""no_skip_required_probe"": 0.1, ""strict_action_match"": true, ""strict_argument_types"": true, ""wrong_action_cap"": 0.2}",False,0.734375,"[""rexomni_detection"", ""rexomni_detection"", ""rexomni_detection""]",rexomni_detection,"[{""_planner_metrics"": {""api_call_ms"": 6462.813, ""first_api_call_ms"": 6462.813, ""first_finish_reason"": ""stop"", ""first_input_tokens"": 4029, ""first_output_tokens"": 49, ""first_total_tokens"": 4078, ""input_tokens"": 4029, ""output_tokens"": 49, ""parse_ms"": 0.142, ""planner_total_ms"": 6476.655, ""prompt_build_ms"": 0.402, ""retry_count"": 0, ""retry_reason"": """", ""total_tokens"": 4078}, ""action"": ""rexomni_detection"", ""action_input"": {""finish_after_tool"": false, ""label"": ""焦糖十字分流块""}, ""clarification_question"": """", ""decision_type"": ""tool"", ""end_reason"": """", ""final_answer"": """", ""thought"": ""先执行用户指定的检测器以取得当前结构化状态。""}, {""_planner_metrics"": {""api_call_ms"": 6778.148, ""first_api_call_ms"": 6778.148, ""first_finish_reason"": ""stop"", ""first_input_tokens"": 4340, ""first_output_tokens"": 51, ""first_total_tokens"": 4391, ""input_tokens"": 4340, ""output_tokens"": 51, ""parse_ms"": 0.166, ""planner_total_ms"": 6792.194, ""prompt_build_ms"": 0.502, ""retry_count"": 0, ""retry_reason"": """", ""total_tokens"": 4391}, ""action"": ""rexomni_detection"", ""action_input"": {""finish_after_tool"": false, ""label"": ""焦糖十字分流块""}, ""clarification_question"": """", ""decision_type"": ""tool"", ""end_reason"": """", ""final_answer"": """", ""thought"": ""最新状态满足错误重试条件，需要再次使用同一检测器。""}, {""_planner_metrics"": {""api_call_ms"": 6975.855, ""first_api_call_ms"": 6975.855, ""first_finish_reason"": ""stop"", ""first_input_tokens"": 4649, ""first_output_tokens"": 51, ""first_total_tokens"": 4700, ""input_tokens"": 4649, ""output_tokens"": 51, ""parse_ms"": 0.141, ""planner_total_ms"": 6990.589, ""prompt_build_ms"": 0.484, ""retry_count"": 0, ""retry_reason"": """", ""total_tokens"": 4700}, ""action"": ""rexomni_detection"", ""action_input"": {""finish_after_tool"": false, ""label"": ""焦糖十字分流块""}, ""clarification_question"": """", ""decision_type"": ""tool"", ""end_reason"": """", ""final_answer"": """", ""thought"": ""最新状态满足错误重试条件，需要再次使用同一检测器。""}]","step3:action expected 'migration_advisor', got 'rexomni_detection' | step3:finish_after_tool expected True, got False | step3:arg 'use_image' expected True, got None | step3:arg 'use_visual_probe' expected True, got None | step3:arg 'user_query' expected to contain ['火星车悬架试验间稳定状态会签3100号'], got None",6476.655,6462.813,4029,49,0,1,False,True
PROMV12-TA-003-REX-CF2,conflicting_state_step2,旧故障结论不得覆盖最后一条结构化回执：先使用Rex-Omni检测附件中的冰青三辐锁紧轮，检测结果仅作为中间状态。最终需要判断深水码头输油站重试边界复审2398号应继续现有能力、结束，还是进入迁移评估。自然语言里的故障等级和预算描述没有路由优先级，只读取本 query 最新 observation 的结构化键值。错误状态仅在 retryable=true 与 retry_count=0 同时成立时复用原检测器一次，否则调用迁移顾问。正常状态需要候选数、置信度、跨提示一致性和域偏移四个门槛全部通过才结束，任一否决项都转迁移。缺省、非法、冲突状态采取保守分支；已经重试一次的结果不能再次触发检测器。检测器必须设置 finish_after_tool=false；迁移顾问使用当前图片和视觉探针并设置 finish_after_tool=true。,True,examples/images/planner_retry_optimizer_matched_v12/icecyan_three_spoke_lockwheel.png,"[{""action"": ""rexomni_detection"", ""arg_contains"": {""label"": [""冰青三辐锁紧轮""]}, ""decision_type"": ""tool"", ""required_args"": {""finish_after_tool"": false}}, {""action"": ""migration_advisor"", ""arg_contains"": {""user_query"": [""深水码头输油站重试边界复审2398号""]}, ""decision_type"": ""tool"", ""required_args"": {""finish_after_tool"": true, ""use_image"": true, ""use_visual_probe"": true}}]","[""rag_answer"", ""re_question"", ""answerer"", ""flux-image-generation"", ""qwen_detection"", ""pipeline_eval""]","{""action_match"": 0.65, ""argument_match"": 0.1, ""decision_type_valid"": 0.03, ""final_tool_finish"": 0.1, ""finish_after_tool"": 0.1, ""json_valid"": 0.02, ""no_forbidden_action"": 0.1, ""no_premature_stop"": 0.1, ""no_repeated_tool"": 0.1, ""no_skip_required_probe"": 0.1, ""strict_action_match"": true, ""strict_argument_types"": true, ""wrong_action_cap"": 0.2}",True,1.0,"[""rexomni_detection"", ""migration_advisor""]",rexomni_detection,"[{""_planner_metrics"": {""api_call_ms"": 6704.43, ""first_api_call_ms"": 6704.43, ""first_finish_reason"": ""stop"", ""first_input_tokens"": 4028, ""first_output_tokens"": 52, ""first_total_tokens"": 4080, ""input_tokens"": 4028, ""output_tokens"": 52, ""parse_ms"": 0.144, ""planner_total_ms"": 6717.84, ""prompt_build_ms"": 0.438, ""retry_count"": 0, ""retry_reason"": """", ""total_tokens"": 4080}, ""action"": ""rexomni_detection"", ""action_input"": {""finish_after_tool"": false, ""label"": ""冰青三辐锁紧轮""}, ""clarification_question"": """", ""decision_type"": ""tool"", ""end_reason"": """", ""final_answer"": """", ""thought"": ""先执行用户指定的检测器以取得当前结构化状态。""}, {""_planner_metrics"": {""api_call_ms"": 8973.422, ""first_api_call_ms"": 8973.422, ""first_finish_reason"": ""stop"", ""first_input_tokens"": 4325, ""first_output_tokens"": 72, ""first_total_tokens"": 4397, ""input_tokens"": 4325, ""output_tokens"": 72, ""parse_ms"": 0.218, ""planner_total_ms"": 8988.098, ""prompt_build_ms"": 0.481, ""retry_count"": 0, ""retry_reason"": """", ""total_tokens"": 4397}, ""action"": ""migration_advisor"", ""action_input"": {""finish_after_tool"": true, ""use_image"": true, ""use_visual_probe"": true, ""user_query"": ""深水码头输油站重试边界复审2398号""}, ""clarification_question"": """", ""decision_type"": ""tool"", ""end_reason"": """", ""final_answer"": """", ""thought"": ""最新状态未满足结束或迁移条件，需要继续按规则推进。""}]",,6717.84,6704.43,4028,52,1,1,True,False
PROMV12-TA-007-REX-MS2,missing_required_state_step2,旧故障结论不得覆盖最后一条结构化回执：先使用Rex-Omni检测附件中的焦糖十字分流块，检测结果仅作为中间状态。最终需要判断类器官灌流培养台稳定状态会签3047号应继续现有能力、结束，还是进入迁移评估。自然语言里的故障等级和预算描述没有路由优先级，只读取本 query 最新 observation 的结构化键值。错误状态仅在 retryable=true 与 retry_count=0 同时成立时复用原检测器一次，否则调用迁移顾问。正常状态需要候选数、置信度、跨提示一致性和域偏移四个门槛全部通过才结束，任一否决项都转迁移。缺省、非法、冲突状态采取保守分支；已经重试一次的结果不能再次触发检测器。检测器必须设置 finish_after_tool=false；迁移顾问使用当前图片和视觉探针并设置 finish_after_tool=true。,True,examples/images/planner_retry_optimizer_matched_v12/caramel_cross_diverter.png,"[{""action"": ""rexomni_detection"", ""arg_contains"": {""label"": [""焦糖十字分流块""]}, ""decision_type"": ""tool"", ""required_args"": {""finish_after_tool"": false}}, {""action"": ""migration_advisor"", ""arg_contains"": {""user_query"": [""类器官灌流培养台稳定状态会签3047号""]}, ""decision_type"": ""tool"", ""required_args"": {""finish_after_tool"": true, ""use_image"": true, ""use_visual_probe"": true}}]","[""rag_answer"", ""re_question"", ""answerer"", ""flux-image-generation"", ""qwen_detection"", ""pipeline_eval""]","{""action_match"": 0.65, ""argument_match"": 0.1, ""decision_type_valid"": 0.03, ""final_tool_finish"": 0.1, ""finish_after_tool"": 0.1, ""json_valid"": 0.02, ""no_forbidden_action"": 0.1, ""no_premature_stop"": 0.1, ""no_repeated_tool"": 0.1, ""no_skip_required_probe"": 0.1, ""strict_action_match"": true, ""strict_argument_types"": true, ""wrong_action_cap"": 0.2}",True,1.0,"[""rexomni_detection"", ""migration_advisor""]",rexomni_detection,"[{""_planner_metrics"": {""api_call_ms"": 6445.401, ""first_api_call_ms"": 6445.401, ""first_finish_reason"": ""stop"", ""first_input_tokens"": 4025, ""first_output_tokens"": 49, ""first_total_tokens"": 4074, ""input_tokens"": 4025, ""output_tokens"": 49, ""parse_ms"": 0.149, ""planner_total_ms"": 6460.342, ""prompt_build_ms"": 0.439, ""retry_count"": 0, ""retry_reason"": """", ""total_tokens"": 4074}, ""action"": ""rexomni_detection"", ""action_input"": {""finish_after_tool"": false, ""label"": ""焦糖十字分流块""}, ""clarification_question"": """", ""decision_type"": ""tool"", ""end_reason"": """", ""final_answer"": """", ""thought"": ""先执行用户指定的检测器以取得当前结构化状态。""}, {""_planner_metrics"": {""api_call_ms"": 9279.239, ""first_api_call_ms"": 9279.239, ""first_finish_reason"": ""stop"", ""first_input_tokens"": 4326, ""first_output_tokens"": 74, ""first_total_tokens"": 4400, ""input_tokens"": 4326, ""output_tokens"": 74, ""parse_ms"": 0.142, ""planner_total_ms"": 9296.205, ""prompt_build_ms"": 0.501, ""retry_count"": 0, ""retry_reason"": """", ""total_tokens"": 4400}, ""action"": ""migration_advisor"", ""action_input"": {""finish_after_tool"": true, ""use_image"": true, ""use_visual_probe"": true, ""user_query"": ""类器官灌流培养台稳定状态会签3047号""}, ""clarification_question"": """", ""decision_type"": ""tool"", ""end_reason"": """", ""final_answer"": """", ""thought"": ""最新状态未满足结束或迁移条件，需要继续按规则推进。""}]",,6460.342,6445.401,4025,49,1,1,True,False
PROMV12-TA-003-QWEN-PE3,post_retry_error_step3,旧故障结论不得覆盖最后一条结构化回执：先使用Qwen检测附件中的冰青三辐锁紧轮，检测结果仅作为中间状态。最终需要判断深水码头输油站重试边界复审2398号应继续现有能力、结束，还是进入迁移评估。自然语言里的故障等级和预算描述没有路由优先级，只读取本 query 最新 observation 的结构化键值。错误状态仅在 retryable=true 与 retry_count=0 同时成立时复用原检测器一次，否则调用迁移顾问。正常状态需要候选数、置信度、跨提示一致性和域偏移四个门槛全部通过才结束，任一否决项都转迁移。缺省、非法、冲突状态采取保守分支；已经重试一次的结果不能再次触发检测器。检测器必须设置 finish_after_tool=false；迁移顾问使用当前图片和视觉探针并设置 finish_after_tool=true。,True,examples/images/planner_retry_optimizer_matched_v12/icecyan_three_spoke_lockwheel.png,"[{""action"": ""qwen_detection"", ""arg_contains"": {""label"": [""冰青三辐锁紧轮""]}, ""decision_type"": ""tool"", ""required_args"": {""finish_after_tool"": false}}, {""action"": ""qwen_detection"", ""arg_contains"": {""label"": [""冰青三辐锁紧轮""]}, ""decision_type"": ""tool"", ""required_args"": {""finish_after_tool"": false}}, {""action"": ""migration_advisor"", ""arg_contains"": {""user_query"": [""深水码头输油站重试边界复审2398号""]}, ""decision_type"": ""tool"", ""required_args"": {""finish_after_tool"": true, ""use_image"": true, ""use_visual_probe"": true}}]","[""rag_answer"", ""re_question"", ""answerer"", ""flux-image-generation"", ""rexomni_detection"", ""pipeline_eval""]","{""action_match"": 0.65, ""argument_match"": 0.1, ""decision_type_valid"": 0.03, ""final_tool_finish"": 0.1, ""finish_after_tool"": 0.1, ""json_valid"": 0.02, ""no_forbidden_action"": 0.1, ""no_premature_stop"": 0.1, ""no_repeated_tool"": 0.1, ""no_skip_required_probe"": 0.1, ""strict_action_match"": true, ""strict_argument_types"": true, ""wrong_action_cap"": 0.2}",False,0.4375,"[""qwen_detection"", ""migration_advisor"", ""qwen_detection""]",qwen_detection,"[{""_planner_metrics"": {""api_call_ms"": 6727.04, ""first_api_call_ms"": 6727.04, ""first_finish_reason"": ""stop"", ""first_input_tokens"": 4022, ""first_output_tokens"": 51, ""first_total_tokens"": 4073, ""input_tokens"": 4022, ""output_tokens"": 51, ""parse_ms"": 0.134, ""planner_total_ms"": 6740.489, ""prompt_build_ms"": 0.457, ""retry_count"": 0, ""retry_reason"": """", ""total_tokens"": 4073}, ""action"": ""qwen_detection"", ""action_input"": {""finish_after_tool"": false, ""label"": ""冰青三辐锁紧轮""}, ""clarification_question"": """", ""decision_type"": ""tool"", ""end_reason"": """", ""final_answer"": """", ""thought"": ""先执行用户指定的检测器以取得当前结构化状态。""}, {""_planner_metrics"": {""api_call_ms"": 9095.08, ""first_api_call_ms"": 9095.08, ""first_finish_reason"": ""stop"", ""first_input_tokens"": 4327, ""first_output_tokens"": 72, ""first_total_tokens"": 4399, ""input_tokens"": 4327, ""output_tokens"": 72, ""parse_ms"": 0.143, ""planner_total_ms"": 9109.92, ""prompt_build_ms"": 0.501, ""retry_count"": 0, ""retry_reason"": """", ""total_tokens"": 4399}, ""action"": ""migration_advisor"", ""action_input"": {""finish_after_tool"": true, ""use_image"": true, ""use_visual_probe"": true, ""user_query"": ""深水码头输油站重试边界复审2398号""}, ""clarification_question"": """", ""decision_type"": ""tool"", ""end_reason"": """", ""final_answer"": """", ""thought"": ""最新状态未满足结束或迁移条件，需要继续按规则推进。""}, {""_planner_metrics"": {""api_call_ms"": 7326.019, ""first_api_call_ms"": 7326.019, ""first_finish_reason"": ""stop"", ""first_input_tokens"": 4653, ""first_output_tokens"": 54, ""first_total_tokens"": 4707, ""input_tokens"": 4653, ""output_tokens"": 54, ""parse_ms"": 0.172, ""planner_total_ms"": 7340.664, ""prompt_build_ms"": 0.482, ""retry_count"": 0, ""retry_reason"": """", ""total_tokens"": 4707}, ""action"": ""qwen_detection"", ""action_input"": {""finish_after_tool"": false, ""label"": ""冰青三辐锁紧轮""}, ""clarification_question"": """", ""decision_type"": ""tool"", ""end_reason"": """", ""final_answer"": """", ""thought"": ""最新状态未满足结束或迁移条件，需要继续按规则推进。""}]","step2:action expected 'qwen_detection', got 'migration_advisor' | step2:finish_after_tool expected False, got True | step2:arg 'label' expected to contain ['冰青三辐锁紧轮'], got None | step3:action expected 'migration_advisor', got 'qwen_detection' | step3:finish_after_tool expected True, got False | step3:arg 'use_image' expected True, got None | step3:arg 'use_visual_probe' expected True, got None | step3:arg 'user_query' expected to contain ['深水码头输油站重试边界复审2398号'], got None",6740.489,6727.04,4022,51,0,1,False,True
PROMV12-TA-010-QWEN-FR2,fresh_retry_step2,完成本轮异常探针的最终路由：先使用Qwen检测附件中的焦糖十字分流块，检测结果仅作为中间状态。最终需要判断非晶合金铸造炉重试边界复审8156号应继续现有能力、结束，还是进入迁移评估。自然语言里的故障等级和预算描述没有路由优先级，只读取本 query 最新 observation 的结构化键值。错误状态仅在 retryable=true 与 retry_count=0 同时成立时复用原检测器一次，否则调用迁移顾问。正常状态需要候选数、置信度、跨提示一致性和域偏移四个门槛全部通过才结束，任一否决项都转迁移。缺省、非法、冲突状态采取保守分支；已经重试一次的结果不能再次触发检测器。检测器必须设置 finish_after_tool=false；迁移顾问使用当前图片和视觉探针并设置 finish_after_tool=true。,True,examples/images/planner_retry_optimizer_matched_v12/caramel_cross_diverter.png,"[{""action"": ""qwen_detection"", ""arg_contains"": {""label"": [""焦糖十字分流块""]}, ""decision_type"": ""tool"", ""required_args"": {""finish_after_tool"": false}}, {""action"": ""qwen_detection"", ""arg_contains"": {""label"": [""焦糖十字分流块""]}, ""decision_type"": ""tool"", ""required_args"": {""finish_after_tool"": false}}, {""arg_contains"": {}, ""decision_type"": ""end"", ""required_args"": {""end_reason"": ""memory_hit""}}]","[""rag_answer"", ""re_question"", ""answerer"", ""flux-image-generation"", ""rexomni_detection"", ""pipeline_eval"", ""migration_advisor""]","{""action_match"": 0.65, ""argument_match"": 0.1, ""decision_type_valid"": 0.03, ""final_tool_finish"": 0.1, ""finish_after_tool"": 0.1, ""json_valid"": 0.02, ""no_forbidden_action"": 0.1, ""no_premature_stop"": 0.1, ""no_repeated_tool"": 0.1, ""no_skip_required_probe"": 0.1, ""strict_action_match"": true, ""strict_argument_types"": true, ""wrong_action_cap"": 0.2}",False,0.725,"[""qwen_detection"", ""qwen_detection"", ""migration_advisor""]",qwen_detection,"[{""_planner_metrics"": {""api_call_ms"": 6394.408, ""first_api_call_ms"": 6394.408, ""first_finish_reason"": ""stop"", ""first_input_tokens"": 4009, ""first_output_tokens"": 48, ""first_total_tokens"": 4057, ""input_tokens"": 4009, ""output_tokens"": 48, ""parse_ms"": 0.128, ""planner_total_ms"": 6408.004, ""prompt_build_ms"": 0.448, ""retry_count"": 0, ""retry_reason"": """", ""total_tokens"": 4057}, ""action"": ""qwen_detection"", ""action_input"": {""finish_after_tool"": false, ""label"": ""焦糖十字分流块""}, ""clarification_question"": """", ""decision_type"": ""tool"", ""end_reason"": """", ""final_answer"": """", ""thought"": ""先执行用户指定的检测器以取得当前结构化状态。""}, {""_planner_metrics"": {""api_call_ms"": 6958.063, ""first_api_call_ms"": 6958.063, ""first_finish_reason"": ""stop"", ""first_input_tokens"": 4314, ""first_output_tokens"": 52, ""first_total_tokens"": 4366, ""input_tokens"": 4314, ""output_tokens"": 52, ""parse_ms"": 0.126, ""planner_total_ms"": 6972.879, ""prompt_build_ms"": 0.478, ""retry_count"": 0, ""retry_reason"": """", ""total_tokens"": 4366}, ""action"": ""qwen_detection"", ""action_input"": {""finish_after_tool"": false, ""label"": ""焦糖十字分流块""}, ""clarification_question"": """", ""decision_type"": ""tool"", ""end_reason"": """", ""final_answer"": """", ""thought"": ""最新状态满足错误状态的重试条件，需要再次使用同一检测器。""}, {""_planner_metrics"": {""api_call_ms"": 9121.864, ""first_api_call_ms"": 9121.864, ""first_finish_reason"": ""stop"", ""first_input_tokens"": 4612, ""first_output_tokens"": 72, ""first_total_tokens"": 4684, ""input_tokens"": 4612, ""output_tokens"": 72, ""parse_ms"": 0.137, ""planner_total_ms"": 9136.624, ""prompt_build_ms"": 0.506, ""retry_count"": 0, ""retry_reason"": """", ""total_tokens"": 4684}, ""action"": ""migration_advisor"", ""action_input"": {""finish_after_tool"": true, ""use_image"": true, ""use_visual_probe"": true, ""user_query"": ""非晶合金铸造炉重试边界复审8156号""}, ""clarification_question"": """", ""decision_type"": ""tool"", ""end_reason"": """", ""final_answer"": """", ""thought"": ""最新状态未满足结束或重试条件，需要进入能力迁移评估。""}]","step3:decision_type expected 'end', got 'tool' | step3:action expected 'end', got 'migration_advisor' | step3:arg 'end_reason' expected 'memory_hit', got '' | forbidden:migration_advisor",6408.004,6394.408,4009,48,0,1,False,True
PROMV12-TA-004-QWEN-PV3,post_retry_metric_veto_step3,迁移队列已经建立，请先裁决最新机器状态：先使用Qwen检测附件中的冰青三辐锁紧轮，检测结果仅作为中间状态。最终需要判断类器官灌流培养台异常路径终验2905号应继续现有能力、结束，还是进入迁移评估。自然语言里的故障等级和预算描述没有路由优先级，只读取本 query 最新 observation 的结构化键值。错误状态仅在 retryable=true 与 retry_count=0 同时成立时复用原检测器一次，否则调用迁移顾问。正常状态需要候选数、置信度、跨提示一致性和域偏移四个门槛全部通过才结束，任一否决项都转迁移。缺省、非法、冲突状态采取保守分支；已经重试一次的结果不能再次触发检测器。检测器必须设置 finish_after_tool=false；迁移顾问使用当前图片和视觉探针并设置 finish_after_tool=true。,True,examples/images/planner_retry_optimizer_matched_v12/icecyan_three_spoke_lockwheel.png,"[{""action"": ""qwen_detection"", ""arg_contains"": {""label"": [""冰青三辐锁紧轮""]}, ""decision_type"": ""tool"", ""required_args"": {""finish_after_tool"": false}}, {""action"": ""qwen_detection"", ""arg_contains"": {""label"": [""冰青三辐锁紧轮""]}, ""decision_type"": ""tool"", ""required_args"": {""finish_after_tool"": false}}, {""action"": ""migration_advisor"", ""arg_contains"": {""user_query"": [""类器官灌流培养台异常路径终验2905号""]}, ""decision_type"": ""tool"", ""required_args"": {""finish_after_tool"": true, ""use_image"": true, ""use_visual_probe"": true}}]","[""rag_answer"", ""re_question"", ""answerer"", ""flux-image-generation"", ""rexomni_detection"", ""pipeline_eval""]","{""action_match"": 0.65, ""argument_match"": 0.1, ""decision_type_valid"": 0.03, ""final_tool_finish"": 0.1, ""finish_after_tool"": 0.1, ""json_valid"": 0.02, ""no_forbidden_action"": 0.1, ""no_premature_stop"": 0.1, ""no_repeated_tool"": 0.1, ""no_skip_required_probe"": 0.1, ""strict_action_match"": true, ""strict_argument_types"": true, ""wrong_action_cap"": 0.2}",False,0.734375,"[""qwen_detection"", ""qwen_detection"", ""qwen_detection""]",qwen_detection,"[{""_planner_metrics"": {""api_call_ms"": 6648.803, ""first_api_call_ms"": 6648.803, ""first_finish_reason"": ""stop"", ""first_input_tokens"": 4028, ""first_output_tokens"": 51, ""first_total_tokens"": 4079, ""input_tokens"": 4028, ""output_tokens"": 51, ""parse_ms"": 0.142, ""planner_total_ms"": 6662.267, ""prompt_build_ms"": 0.413, ""retry_count"": 0, ""retry_reason"": """", ""total_tokens"": 4079}, ""action"": ""qwen_detection"", ""action_input"": {""finish_after_tool"": false, ""label"": ""冰青三辐锁紧轮""}, ""clarification_question"": """", ""decision_type"": ""tool"", ""end_reason"": """", ""final_answer"": """", ""thought"": ""先执行用户指定的检测器以取得当前结构化状态。""}, {""_planner_metrics"": {""api_call_ms"": 7068.171, ""first_api_call_ms"": 7068.171, ""first_finish_reason"": ""stop"", ""first_input_tokens"": 4341, ""first_output_tokens"": 53, ""first_total_tokens"": 4394, ""input_tokens"": 4341, ""output_tokens"": 53, ""parse_ms"": 0.226, ""planner_total_ms"": 7082.44, ""prompt_build_ms"": 0.488, ""retry_count"": 0, ""retry_reason"": """", ""total_tokens"": 4394}, ""action"": ""qwen_detection"", ""action_input"": {""finish_after_tool"": false, ""label"": ""冰青三辐锁紧轮""}, ""clarification_question"": """", ""decision_type"": ""tool"", ""end_reason"": """", ""final_answer"": """", ""thought"": ""最新状态满足错误状态重试条件，应继续使用同一检测器。""}, {""_planner_metrics"": {""api_call_ms"": 7303.366, ""first_api_call_ms"": 7303.366, ""first_finish_reason"": ""stop"", ""first_input_tokens"": 4648, ""first_output_tokens"": 54, ""first_total_tokens"": 4702, ""input_tokens"": 4648, ""output_tokens"": 54, ""parse_ms"": 0.162, ""planner_total_ms"": 7319.182, ""prompt_build_ms"": 0.519, ""retry_count"": 0, ""retry_reason"": """", ""total_tokens"": 4702}, ""action"": ""qwen_detection"", ""action_input"": {""finish_after_tool"": false, ""label"": ""冰青三辐锁紧轮""}, ""clarification_question"": """", ""decision_type"": ""tool"", ""end_reason"": """", ""final_answer"": """", ""thought"": ""最新状态未满足结束或迁移条件，需要继续按规则推进。""}]","step3:action expected 'migration_advisor', got 'qwen_detection' | step3:finish_after_tool expected True, got False | step3:arg 'use_image' expected True, got None | step3:arg 'use_visual_probe' expected True, got None | step3:arg 'user_query' expected to contain ['类器官灌流培养台异常路径终验2905号'], got None",6662.267,6648.803,4028,51,0,1,False,True
PROMV12-TA-009-QWEN-PV3,post_retry_metric_veto_step3,设备失联只是背景，仍须核对当前显式额度：先使用Qwen检测附件中的焦糖十字分流块，检测结果仅作为中间状态。最终需要判断火星车悬架试验间稳定状态会签3100号应继续现有能力、结束，还是进入迁移评估。自然语言里的故障等级和预算描述没有路由优先级，只读取本 query 最新 observation 的结构化键值。错误状态仅在 retryable=true 与 retry_count=0 同时成立时复用原检测器一次，否则调用迁移顾问。正常状态需要候选数、置信度、跨提示一致性和域偏移四个门槛全部通过才结束，任一否决项都转迁移。缺省、非法、冲突状态采取保守分支；已经重试一次的结果不能再次触发检测器。检测器必须设置 finish_after_tool=false；迁移顾问使用当前图片和视觉探针并设置 finish_after_tool=true。,True,examples/images/planner_retry_optimizer_matched_v12/caramel_cross_diverter.png,"[{""action"": ""qwen_detection"", ""arg_contains"": {""label"": [""焦糖十字分流块""]}, ""decision_type"": ""tool"", ""required_args"": {""finish_after_tool"": false}}, {""action"": ""qwen_detection"", ""arg_contains"": {""label"": [""焦糖十字分流块""]}, ""decision_type"": ""tool"", ""required_args"": {""finish_after_tool"": false}}, {""action"": ""migration_advisor"", ""arg_contains"": {""user_query"": [""火星车悬架试验间稳定状态会签3100号""]}, ""decision_type"": ""tool"", ""required_args"": {""finish_after_tool"": true, ""use_image"": true, ""use_visual_probe"": true}}]","[""rag_answer"", ""re_question"", ""answerer"", ""flux-image-generation"", ""rexomni_detection"", ""pipeline_eval""]","{""action_match"": 0.65, ""argument_match"": 0.1, ""decision_type_valid"": 0.03, ""final_tool_finish"": 0.1, ""finish_after_tool"": 0.1, ""json_valid"": 0.02, ""no_forbidden_action"": 0.1, ""no_premature_stop"": 0.1, ""no_repeated_tool"": 0.1, ""no_skip_required_probe"": 0.1, ""strict_action_match"": true, ""strict_argument_types"": true, ""wrong_action_cap"": 0.2}",True,1.0,"[""qwen_detection"", ""qwen_detection"", ""migration_advisor""]",qwen_detection,"[{""_planner_metrics"": {""api_call_ms"": 6415.003, ""first_api_call_ms"": 6415.003, ""first_finish_reason"": ""stop"", ""first_input_tokens"": 4023, ""first_output_tokens"": 48, ""first_total_tokens"": 4071, ""input_tokens"": 4023, ""output_tokens"": 48, ""parse_ms"": 0.144, ""planner_total_ms"": 6430.479, ""prompt_build_ms"": 0.435, ""retry_count"": 0, ""retry_reason"": """", ""total_tokens"": 4071}, ""action"": ""qwen_detection"", ""action_input"": {""finish_after_tool"": false, ""label"": ""焦糖十字分流块""}, ""clarification_question"": """", ""decision_type"": ""tool"", ""end_reason"": """", ""final_answer"": """", ""thought"": ""先执行用户指定的检测器以取得当前结构化状态。""}, {""_planner_metrics"": {""api_call_ms"": 6621.249, ""first_api_call_ms"": 6621.249, ""first_finish_reason"": ""stop"", ""first_input_tokens"": 4332, ""first_output_tokens"": 49, ""first_total_tokens"": 4381, ""input_tokens"": 4332, ""output_tokens"": 49, ""parse_ms"": 0.147, ""planner_total_ms"": 6636.169, ""prompt_build_ms"": 0.49, ""retry_count"": 0, ""retry_reason"": """", ""total_tokens"": 4381}, ""action"": ""qwen_detection"", ""action_input"": {""finish_after_tool"": false, ""label"": ""焦糖十字分流块""}, ""clarification_question"": """", ""decision_type"": ""tool"", ""end_reason"": """", ""final_answer"": """", ""thought"": ""最新状态满足错误重试条件，需要复用同一检测器。""}, {""_planner_metrics"": {""api_call_ms"": 9331.838, ""first_api_call_ms"": 9331.838, ""first_finish_reason"": ""stop"", ""first_input_tokens"": 4637, ""first_output_tokens"": 73, ""first_total_tokens"": 4710, ""input_tokens"": 4637, ""output_tokens"": 73, ""parse_ms"": 0.133, ""planner_total_ms"": 9346.995, ""prompt_build_ms"": 0.535, ""retry_count"": 0, ""retry_reason"": """", ""total_tokens"": 4710}, ""action"": ""migration_advisor"", ""action_input"": {""finish_after_tool"": true, ""use_image"": true, ""use_visual_probe"": true, ""user_query"": ""火星车悬架试验间稳定状态会签3100号""}, ""clarification_question"": """", ""decision_type"": ""tool"", ""end_reason"": """", ""final_answer"": """", ""thought"": ""最新状态未满足结束或迁移条件，需要继续按规则推进。""}]",,6430.479,6415.003,4023,48,1,1,True,False
PROMV12-TA-006-REX-FR2,fresh_retry_step2,设备失联只是背景，仍须核对当前显式额度：先使用Rex-Omni检测附件中的冰青三辐锁紧轮，检测结果仅作为中间状态。最终需要判断深水码头输油站异常路径终验1480号应继续现有能力、结束，还是进入迁移评估。自然语言里的故障等级和预算描述没有路由优先级，只读取本 query 最新 observation 的结构化键值。错误状态仅在 retryable=true 与 retry_count=0 同时成立时复用原检测器一次，否则调用迁移顾问。正常状态需要候选数、置信度、跨提示一致性和域偏移四个门槛全部通过才结束，任一否决项都转迁移。缺省、非法、冲突状态采取保守分支；已经重试一次的结果不能再次触发检测器。检测器必须设置 finish_after_tool=false；迁移顾问使用当前图片和视觉探针并设置 finish_after_tool=true。,True,examples/images/planner_retry_optimizer_matched_v12/icecyan_three_spoke_lockwheel.png,"[{""action"": ""rexomni_detection"", ""arg_contains"": {""label"": [""冰青三辐锁紧轮""]}, ""decision_type"": ""tool"", ""required_args"": {""finish_after_tool"": false}}, {""action"": ""rexomni_detection"", ""arg_contains"": {""label"": [""冰青三辐锁紧轮""]}, ""decision_type"": ""tool"", ""required_args"": {""finish_after_tool"": false}}, {""arg_contains"": {}, ""decision_type"": ""end"", ""required_args"": {""end_reason"": ""memory_hit""}}]","[""rag_answer"", ""re_question"", ""answerer"", ""flux-image-generation"", ""qwen_detection"", ""pipeline_eval"", ""migration_advisor""]","{""action_match"": 0.65, ""argument_match"": 0.1, ""decision_type_valid"": 0.03, ""final_tool_finish"": 0.1, ""finish_after_tool"": 0.1, ""json_valid"": 0.02, ""no_forbidden_action"": 0.1, ""no_premature_stop"": 0.1, ""no_repeated_tool"": 0.1, ""no_skip_required_probe"": 0.1, ""strict_action_match"": true, ""strict_argument_types"": true, ""wrong_action_cap"": 0.2}",False,0.725,"[""rexomni_detection"", ""rexomni_detection"", ""migration_advisor""]",rexomni_detection,"[{""_planner_metrics"": {""api_call_ms"": 6968.743, ""first_api_call_ms"": 6968.743, ""first_finish_reason"": ""stop"", ""first_input_tokens"": 4036, ""first_output_tokens"": 52, ""first_total_tokens"": 4088, ""input_tokens"": 4036, ""output_tokens"": 52, ""parse_ms"": 0.138, ""planner_total_ms"": 6982.833, ""prompt_build_ms"": 0.444, ""retry_count"": 0, ""retry_reason"": """", ""total_tokens"": 4088}, ""action"": ""rexomni_detection"", ""action_input"": {""finish_after_tool"": false, ""label"": ""冰青三辐锁紧轮""}, ""clarification_question"": """", ""decision_type"": ""tool"", ""end_reason"": """", ""final_answer"": """", ""thought"": ""先执行用户指定的检测器以取得当前结构化状态。""}, {""_planner_metrics"": {""api_call_ms"": 7424.425, ""first_api_call_ms"": 7424.425, ""first_finish_reason"": ""stop"", ""first_input_tokens"": 4342, ""first_output_tokens"": 54, ""first_total_tokens"": 4396, ""input_tokens"": 4342, ""output_tokens"": 54, ""parse_ms"": 0.151, ""planner_total_ms"": 7439.745, ""prompt_build_ms"": 0.511, ""retry_count"": 0, ""retry_reason"": """", ""total_tokens"": 4396}, ""action"": ""rexomni_detection"", ""action_input"": {""finish_after_tool"": false, ""label"": ""冰青三辐锁紧轮""}, ""clarification_question"": """", ""decision_type"": ""tool"", ""end_reason"": """", ""final_answer"": """", ""thought"": ""最新状态满足错误状态重试条件，应复用原检测器。""}, {""_planner_metrics"": {""api_call_ms"": 9378.697, ""first_api_call_ms"": 9378.697, ""first_finish_reason"": ""stop"", ""first_input_tokens"": 4642, ""first_output_tokens"": 73, ""first_total_tokens"": 4715, ""input_tokens"": 4642, ""output_tokens"": 73, ""parse_ms"": 0.142, ""planner_total_ms"": 9394.62, ""prompt_build_ms"": 0.485, ""retry_count"": 0, ""retry_reason"": """", ""total_tokens"": 4715}, ""action"": ""migration_advisor"", ""action_input"": {""finish_after_tool"": true, ""use_image"": true, ""use_visual_probe"": true, ""user_query"": ""深水码头输油站异常路径终验1480号""}, ""clarification_question"": """", ""decision_type"": ""tool"", ""end_reason"": """", ""final_answer"": """", ""thought"": ""最新状态未满足结束或迁移条件，需要继续按规则推进。""}]","step3:decision_type expected 'end', got 'tool' | step3:action expected 'end', got 'migration_advisor' | step3:arg 'end_reason' expected 'memory_hit', got '' | forbidden:migration_advisor",6982.833,6968.743,4036,52,0,1,False,True
PROMV12-TA-003-QWEN-BE2,budget_exhausted_step2,旧故障结论不得覆盖最后一条结构化回执：先使用Qwen检测附件中的冰青三辐锁紧轮，检测结果仅作为中间状态。最终需要判断深水码头输油站重试边界复审2398号应继续现有能力、结束，还是进入迁移评估。自然语言里的故障等级和预算描述没有路由优先级，只读取本 query 最新 observation 的结构化键值。错误状态仅在 retryable=true 与 retry_count=0 同时成立时复用原检测器一次，否则调用迁移顾问。正常状态需要候选数、置信度、跨提示一致性和域偏移四个门槛全部通过才结束，任一否决项都转迁移。缺省、非法、冲突状态采取保守分支；已经重试一次的结果不能再次触发检测器。检测器必须设置 finish_after_tool=false；迁移顾问使用当前图片和视觉探针并设置 finish_after_tool=true。,True,examples/images/planner_retry_optimizer_matched_v12/icecyan_three_spoke_lockwheel.png,"[{""action"": ""qwen_detection"", ""arg_contains"": {""label"": [""冰青三辐锁紧轮""]}, ""decision_type"": ""tool"", ""required_args"": {""finish_after_tool"": false}}, {""action"": ""migration_advisor"", ""arg_contains"": {""user_query"": [""深水码头输油站重试边界复审2398号""]}, ""decision_type"": ""tool"", ""required_args"": {""finish_after_tool"": true, ""use_image"": true, ""use_visual_probe"": true}}]","[""rag_answer"", ""re_question"", ""answerer"", ""flux-image-generation"", ""rexomni_detection"", ""pipeline_eval""]","{""action_match"": 0.65, ""argument_match"": 0.1, ""decision_type_valid"": 0.03, ""final_tool_finish"": 0.1, ""finish_after_tool"": 0.1, ""json_valid"": 0.02, ""no_forbidden_action"": 0.1, ""no_premature_stop"": 0.1, ""no_repeated_tool"": 0.1, ""no_skip_required_probe"": 0.1, ""strict_action_match"": true, ""strict_argument_types"": true, ""wrong_action_cap"": 0.2}",False,0.586957,"[""qwen_detection"", ""qwen_detection""]",qwen_detection,"[{""_planner_metrics"": {""api_call_ms"": 6808.052, ""first_api_call_ms"": 6808.052, ""first_finish_reason"": ""stop"", ""first_input_tokens"": 4022, ""first_output_tokens"": 51, ""first_total_tokens"": 4073, ""input_tokens"": 4022, ""output_tokens"": 51, ""parse_ms"": 0.148, ""planner_total_ms"": 6821.624, ""prompt_build_ms"": 0.464, ""retry_count"": 0, ""retry_reason"": """", ""total_tokens"": 4073}, ""action"": ""qwen_detection"", ""action_input"": {""finish_after_tool"": false, ""label"": ""冰青三辐锁紧轮""}, ""clarification_question"": """", ""decision_type"": ""tool"", ""end_reason"": """", ""final_answer"": """", ""thought"": ""先执行用户指定的检测器以取得当前结构化状态。""}, {""_planner_metrics"": {""api_call_ms"": 7190.681, ""first_api_call_ms"": 7190.681, ""first_finish_reason"": ""stop"", ""first_input_tokens"": 4327, ""first_output_tokens"": 54, ""first_total_tokens"": 4381, ""input_tokens"": 4327, ""output_tokens"": 54, ""parse_ms"": 0.116, ""planner_total_ms"": 7204.808, ""prompt_build_ms"": 0.45, ""retry_count"": 0, ""retry_reason"": """", ""total_tokens"": 4381}, ""action"": ""qwen_detection"", ""action_input"": {""finish_after_tool"": false, ""label"": ""冰青三辐锁紧轮""}, ""clarification_question"": """", ""decision_type"": ""tool"", ""end_reason"": """", ""final_answer"": """", ""thought"": ""最新状态未满足结束或迁移条件，需要继续获取结构化信息。""}]","step2:action expected 'migration_advisor', got 'qwen_detection' | step2:finish_after_tool expected True, got False | step2:arg 'use_image' expected True, got None | step2:arg 'use_visual_probe' expected True, got None | step2:arg 'user_query' expected to contain ['深水码头输油站重试边界复审2398号'], got None",6821.624,6808.052,4022,51,0,1,False,True
PROMV12-TA-010-QWEN-PV3,post_retry_metric_veto_step3,完成本轮异常探针的最终路由：先使用Qwen检测附件中的焦糖十字分流块，检测结果仅作为中间状态。最终需要判断非晶合金铸造炉重试边界复审8156号应继续现有能力、结束，还是进入迁移评估。自然语言里的故障等级和预算描述没有路由优先级，只读取本 query 最新 observation 的结构化键值。错误状态仅在 retryable=true 与 retry_count=0 同时成立时复用原检测器一次，否则调用迁移顾问。正常状态需要候选数、置信度、跨提示一致性和域偏移四个门槛全部通过才结束，任一否决项都转迁移。缺省、非法、冲突状态采取保守分支；已经重试一次的结果不能再次触发检测器。检测器必须设置 finish_after_tool=false；迁移顾问使用当前图片和视觉探针并设置 finish_after_tool=true。,True,examples/images/planner_retry_optimizer_matched_v12/caramel_cross_diverter.png,"[{""action"": ""qwen_detection"", ""arg_contains"": {""label"": [""焦糖十字分流块""]}, ""decision_type"": ""tool"", ""required_args"": {""finish_after_tool"": false}}, {""action"": ""qwen_detection"", ""arg_contains"": {""label"": [""焦糖十字分流块""]}, ""decision_type"": ""tool"", ""required_args"": {""finish_after_tool"": false}}, {""action"": ""migration_advisor"", ""arg_contains"": {""user_query"": [""非晶合金铸造炉重试边界复审8156号""]}, ""decision_type"": ""tool"", ""required_args"": {""finish_after_tool"": true, ""use_image"": true, ""use_visual_probe"": true}}]","[""rag_answer"", ""re_question"", ""answerer"", ""flux-image-generation"", ""rexomni_detection"", ""pipeline_eval""]","{""action_match"": 0.65, ""argument_match"": 0.1, ""decision_type_valid"": 0.03, ""final_tool_finish"": 0.1, ""finish_after_tool"": 0.1, ""json_valid"": 0.02, ""no_forbidden_action"": 0.1, ""no_premature_stop"": 0.1, ""no_repeated_tool"": 0.1, ""no_skip_required_probe"": 0.1, ""strict_action_match"": true, ""strict_argument_types"": true, ""wrong_action_cap"": 0.2}",True,1.0,"[""qwen_detection"", ""qwen_detection"", ""migration_advisor""]",qwen_detection,"[{""_planner_metrics"": {""api_call_ms"": 6375.499, ""first_api_call_ms"": 6375.499, ""first_finish_reason"": ""stop"", ""first_input_tokens"": 4009, ""first_output_tokens"": 48, ""first_total_tokens"": 4057, ""input_tokens"": 4009, ""output_tokens"": 48, ""parse_ms"": 0.164, ""planner_total_ms"": 6389.27, ""prompt_build_ms"": 0.397, ""retry_count"": 0, ""retry_reason"": """", ""total_tokens"": 4057}, ""action"": ""qwen_detection"", ""action_input"": {""finish_after_tool"": false, ""label"": ""焦糖十字分流块""}, ""clarification_question"": """", ""decision_type"": ""tool"", ""end_reason"": """", ""final_answer"": """", ""thought"": ""先执行用户指定的检测器以取得当前结构化状态。""}, {""_planner_metrics"": {""api_call_ms"": 6884.869, ""first_api_call_ms"": 6884.869, ""first_finish_reason"": ""stop"", ""first_input_tokens"": 4310, ""first_output_tokens"": 52, ""first_total_tokens"": 4362, ""input_tokens"": 4310, ""output_tokens"": 52, ""parse_ms"": 0.203, ""planner_total_ms"": 6899.915, ""prompt_build_ms"": 0.515, ""retry_count"": 0, ""retry_reason"": """", ""total_tokens"": 4362}, ""action"": ""qwen_detection"", ""action_input"": {""finish_after_tool"": false, ""label"": ""焦糖十字分流块""}, ""clarification_question"": """", ""decision_type"": ""tool"", ""end_reason"": """", ""final_answer"": """", ""thought"": ""最新状态满足错误状态的重试条件，需要再次使用同一检测器。""}, {""_planner_metrics"": {""api_call_ms"": 9140.023, ""first_api_call_ms"": 9140.023, ""first_finish_reason"": ""stop"", ""first_input_tokens"": 4611, ""first_output_tokens"": 72, ""first_total_tokens"": 4683, ""input_tokens"": 4611, ""output_tokens"": 72, ""parse_ms"": 0.173, ""planner_total_ms"": 9155.053, ""prompt_build_ms"": 0.5, ""retry_count"": 0, ""retry_reason"": """", ""total_tokens"": 4683}, ""action"": ""migration_advisor"", ""action_input"": {""finish_after_tool"": true, ""use_image"": true, ""use_visual_probe"": true, ""user_query"": ""非晶合金铸造炉重试边界复审8156号""}, ""clarification_question"": """", ""decision_type"": ""tool"", ""end_reason"": """", ""final_answer"": """", ""thought"": ""最新状态未满足结束或重试条件，需要进入能力迁移评估。""}]",,6389.27,6375.499,4009,48,1,1,True,False
PROMV12-TA-010-QWEN-CS2,current_success_step2,完成本轮异常探针的最终路由：先使用Qwen检测附件中的焦糖十字分流块，检测结果仅作为中间状态。最终需要判断非晶合金铸造炉重试边界复审8156号应继续现有能力、结束，还是进入迁移评估。自然语言里的故障等级和预算描述没有路由优先级，只读取本 query 最新 observation 的结构化键值。错误状态仅在 retryable=true 与 retry_count=0 同时成立时复用原检测器一次，否则调用迁移顾问。正常状态需要候选数、置信度、跨提示一致性和域偏移四个门槛全部通过才结束，任一否决项都转迁移。缺省、非法、冲突状态采取保守分支；已经重试一次的结果不能再次触发检测器。检测器必须设置 finish_after_tool=false；迁移顾问使用当前图片和视觉探针并设置 finish_after_tool=true。,True,examples/images/planner_retry_optimizer_matched_v12/caramel_cross_diverter.png,"[{""action"": ""qwen_detection"", ""arg_contains"": {""label"": [""焦糖十字分流块""]}, ""decision_type"": ""tool"", ""required_args"": {""finish_after_tool"": false}}, {""arg_contains"": {}, ""decision_type"": ""end"", ""required_args"": {""end_reason"": ""memory_hit""}}]","[""rag_answer"", ""re_question"", ""answerer"", ""flux-image-generation"", ""rexomni_detection"", ""pipeline_eval"", ""migration_advisor""]","{""action_match"": 0.65, ""argument_match"": 0.1, ""decision_type_valid"": 0.03, ""final_tool_finish"": 0.1, ""finish_after_tool"": 0.1, ""json_valid"": 0.02, ""no_forbidden_action"": 0.1, ""no_premature_stop"": 0.1, ""no_repeated_tool"": 0.1, ""no_skip_required_probe"": 0.1, ""strict_action_match"": true, ""strict_argument_types"": true, ""wrong_action_cap"": 0.2}",True,1.0,"[""qwen_detection"", ""final_answer""]",qwen_detection,"[{""_planner_metrics"": {""api_call_ms"": 6333.14, ""first_api_call_ms"": 6333.14, ""first_finish_reason"": ""stop"", ""first_input_tokens"": 4006, ""first_output_tokens"": 48, ""first_total_tokens"": 4054, ""input_tokens"": 4006, ""output_tokens"": 48, ""parse_ms"": 0.135, ""planner_total_ms"": 6349.111, ""prompt_build_ms"": 0.437, ""retry_count"": 0, ""retry_reason"": """", ""total_tokens"": 4054}, ""action"": ""qwen_detection"", ""action_input"": {""finish_after_tool"": false, ""label"": ""焦糖十字分流块""}, ""clarification_question"": """", ""decision_type"": ""tool"", ""end_reason"": """", ""final_answer"": """", ""thought"": ""先执行用户指定的检测器以取得当前结构化状态。""}, {""_planner_metrics"": {""api_call_ms"": 5016.763, ""first_api_call_ms"": 5016.763, ""first_finish_reason"": ""stop"", ""first_input_tokens"": 4303, ""first_output_tokens"": 34, ""first_total_tokens"": 4337, ""input_tokens"": 4303, ""output_tokens"": 34, ""parse_ms"": 0.163, ""planner_total_ms"": 5031.509, ""prompt_build_ms"": 0.478, ""retry_count"": 0, ""retry_reason"": """", ""total_tokens"": 4337}, ""action"": ""final_answer"", ""action_input"": {}, ""clarification_question"": """", ""decision_type"": ""end"", ""end_reason"": ""memory_hit"", ""final_answer"": """", ""thought"": ""最新结构化状态已满足全部硬门槛，可以结束本轮规划。""}]",,6349.111,6333.14,4006,48,1,1,True,False
PROMV12-TA-003-REX-NR2,nonretryable_step2,旧故障结论不得覆盖最后一条结构化回执：先使用Rex-Omni检测附件中的冰青三辐锁紧轮，检测结果仅作为中间状态。最终需要判断深水码头输油站重试边界复审2398号应继续现有能力、结束，还是进入迁移评估。自然语言里的故障等级和预算描述没有路由优先级，只读取本 query 最新 observation 的结构化键值。错误状态仅在 retryable=true 与 retry_count=0 同时成立时复用原检测器一次，否则调用迁移顾问。正常状态需要候选数、置信度、跨提示一致性和域偏移四个门槛全部通过才结束，任一否决项都转迁移。缺省、非法、冲突状态采取保守分支；已经重试一次的结果不能再次触发检测器。检测器必须设置 finish_after_tool=false；迁移顾问使用当前图片和视觉探针并设置 finish_after_tool=true。,True,examples/images/planner_retry_optimizer_matched_v12/icecyan_three_spoke_lockwheel.png,"[{""action"": ""rexomni_detection"", ""arg_contains"": {""label"": [""冰青三辐锁紧轮""]}, ""decision_type"": ""tool"", ""required_args"": {""finish_after_tool"": false}}, {""action"": ""migration_advisor"", ""arg_contains"": {""user_query"": [""深水码头输油站重试边界复审2398号""]}, ""decision_type"": ""tool"", ""required_args"": {""finish_after_tool"": true, ""use_image"": true, ""use_visual_probe"": true}}]","[""rag_answer"", ""re_question"", ""answerer"", ""flux-image-generation"", ""qwen_detection"", ""pipeline_eval""]","{""action_match"": 0.65, ""argument_match"": 0.1, ""decision_type_valid"": 0.03, ""final_tool_finish"": 0.1, ""finish_after_tool"": 0.1, ""json_valid"": 0.02, ""no_forbidden_action"": 0.1, ""no_premature_stop"": 0.1, ""no_repeated_tool"": 0.1, ""no_skip_required_probe"": 0.1, ""strict_action_match"": true, ""strict_argument_types"": true, ""wrong_action_cap"": 0.2}",False,0.586957,"[""rexomni_detection"", ""rexomni_detection""]",rexomni_detection,"[{""_planner_metrics"": {""api_call_ms"": 6758.637, ""first_api_call_ms"": 6758.637, ""first_finish_reason"": ""stop"", ""first_input_tokens"": 4028, ""first_output_tokens"": 52, ""first_total_tokens"": 4080, ""input_tokens"": 4028, ""output_tokens"": 52, ""parse_ms"": 0.138, ""planner_total_ms"": 6772.631, ""prompt_build_ms"": 0.395, ""retry_count"": 0, ""retry_reason"": """", ""total_tokens"": 4080}, ""action"": ""rexomni_detection"", ""action_input"": {""finish_after_tool"": false, ""label"": ""冰青三辐锁紧轮""}, ""clarification_question"": """", ""decision_type"": ""tool"", ""end_reason"": """", ""final_answer"": """", ""thought"": ""先执行用户指定的检测器以取得当前结构化状态。""}, {""_planner_metrics"": {""api_call_ms"": 7319.47, ""first_api_call_ms"": 7319.47, ""first_finish_reason"": ""stop"", ""first_input_tokens"": 4336, ""first_output_tokens"": 56, ""first_total_tokens"": 4392, ""input_tokens"": 4336, ""output_tokens"": 56, ""parse_ms"": 0.181, ""planner_total_ms"": 7333.503, ""prompt_build_ms"": 0.502, ""retry_count"": 0, ""retry_reason"": """", ""total_tokens"": 4392}, ""action"": ""rexomni_detection"", ""action_input"": {""finish_after_tool"": false, ""label"": ""冰青三辐锁紧轮""}, ""clarification_question"": """", ""decision_type"": ""tool"", ""end_reason"": """", ""final_answer"": """", ""thought"": ""最新状态未满足结束或迁移条件，需要继续追踪结构化键值。""}]","step2:action expected 'migration_advisor', got 'rexomni_detection' | step2:finish_after_tool expected True, got False | step2:arg 'use_image' expected True, got None | step2:arg 'use_visual_probe' expected True, got None | step2:arg 'user_query' expected to contain ['深水码头输油站重试边界复审2398号'], got None",6772.631,6758.637,4028,52,0,1,False,True
PROMV12-TA-012-REX-NR2,nonretryable_step2,完成本轮异常探针的最终路由：先使用Rex-Omni检测附件中的冰青三辐锁紧轮，检测结果仅作为中间状态。最终需要判断深水码头输油站稳定状态会签5128号应继续现有能力、结束，还是进入迁移评估。自然语言里的故障等级和预算描述没有路由优先级，只读取本 query 最新 observation 的结构化键值。错误状态仅在 retryable=true 与 retry_count=0 同时成立时复用原检测器一次，否则调用迁移顾问。正常状态需要候选数、置信度、跨提示一致性和域偏移四个门槛全部通过才结束，任一否决项都转迁移。缺省、非法、冲突状态采取保守分支；已经重试一次的结果不能再次触发检测器。检测器必须设置 finish_after_tool=false；迁移顾问使用当前图片和视觉探针并设置 finish_after_tool=true。,True,examples/images/planner_retry_optimizer_matched_v12/icecyan_three_spoke_lockwheel.png,"[{""action"": ""rexomni_detection"", ""arg_contains"": {""label"": [""冰青三辐锁紧轮""]}, ""decision_type"": ""tool"", ""required_args"": {""finish_after_tool"": false}}, {""action"": ""migration_advisor"", ""arg_contains"": {""user_query"": [""深水码头输油站稳定状态会签5128号""]}, ""decision_type"": ""tool"", ""required_args"": {""finish_after_tool"": true, ""use_image"": true, ""use_visual_probe"": true}}]","[""rag_answer"", ""re_question"", ""answerer"", ""flux-image-generation"", ""qwen_detection"", ""pipeline_eval""]","{""action_match"": 0.65, ""argument_match"": 0.1, ""decision_type_valid"": 0.03, ""final_tool_finish"": 0.1, ""finish_after_tool"": 0.1, ""json_valid"": 0.02, ""no_forbidden_action"": 0.1, ""no_premature_stop"": 0.1, ""no_repeated_tool"": 0.1, ""no_skip_required_probe"": 0.1, ""strict_action_match"": true, ""strict_argument_types"": true, ""wrong_action_cap"": 0.2}",True,1.0,"[""rexomni_detection"", ""migration_advisor""]",rexomni_detection,"[{""_planner_metrics"": {""api_call_ms"": 6739.437, ""first_api_call_ms"": 6739.437, ""first_finish_reason"": ""stop"", ""first_input_tokens"": 4024, ""first_output_tokens"": 52, ""first_total_tokens"": 4076, ""input_tokens"": 4024, ""output_tokens"": 52, ""parse_ms"": 0.144, ""planner_total_ms"": 6753.17, ""prompt_build_ms"": 0.415, ""retry_count"": 0, ""retry_reason"": """", ""total_tokens"": 4076}, ""action"": ""rexomni_detection"", ""action_input"": {""finish_after_tool"": false, ""label"": ""冰青三辐锁紧轮""}, ""clarification_question"": """", ""decision_type"": ""tool"", ""end_reason"": """", ""final_answer"": """", ""thought"": ""先执行用户指定的检测器以取得当前结构化状态。""}, {""_planner_metrics"": {""api_call_ms"": 9068.604, ""first_api_call_ms"": 9068.604, ""first_finish_reason"": ""stop"", ""first_input_tokens"": 4337, ""first_output_tokens"": 73, ""first_total_tokens"": 4410, ""input_tokens"": 4337, ""output_tokens"": 73, ""parse_ms"": 0.181, ""planner_total_ms"": 9083.432, ""prompt_build_ms"": 0.507, ""retry_count"": 0, ""retry_reason"": """", ""total_tokens"": 4410}, ""action"": ""migration_advisor"", ""action_input"": {""finish_after_tool"": true, ""use_image"": true, ""use_visual_probe"": true, ""user_query"": ""深水码头输油站稳定状态会签5128号""}, ""clarification_question"": """", ""decision_type"": ""tool"", ""end_reason"": """", ""final_answer"": """", ""thought"": ""最新状态未满足结束或重试条件，需要进入能力迁移评估。""}]",,6753.17,6739.437,4024,52,1,1,True,False
PROMV12-TA-009-REX-MS2,missing_required_state_step2,设备失联只是背景，仍须核对当前显式额度：先使用Rex-Omni检测附件中的焦糖十字分流块，检测结果仅作为中间状态。最终需要判断火星车悬架试验间稳定状态会签3100号应继续现有能力、结束，还是进入迁移评估。自然语言里的故障等级和预算描述没有路由优先级，只读取本 query 最新 observation 的结构化键值。错误状态仅在 retryable=true 与 retry_count=0 同时成立时复用原检测器一次，否则调用迁移顾问。正常状态需要候选数、置信度、跨提示一致性和域偏移四个门槛全部通过才结束，任一否决项都转迁移。缺省、非法、冲突状态采取保守分支；已经重试一次的结果不能再次触发检测器。检测器必须设置 finish_after_tool=false；迁移顾问使用当前图片和视觉探针并设置 finish_after_tool=true。,True,examples/images/planner_retry_optimizer_matched_v12/caramel_cross_diverter.png,"[{""action"": ""rexomni_detection"", ""arg_contains"": {""label"": [""焦糖十字分流块""]}, ""decision_type"": ""tool"", ""required_args"": {""finish_after_tool"": false}}, {""action"": ""migration_advisor"", ""arg_contains"": {""user_query"": [""火星车悬架试验间稳定状态会签3100号""]}, ""decision_type"": ""tool"", ""required_args"": {""finish_after_tool"": true, ""use_image"": true, ""use_visual_probe"": true}}]","[""rag_answer"", ""re_question"", ""answerer"", ""flux-image-generation"", ""qwen_detection"", ""pipeline_eval""]","{""action_match"": 0.65, ""argument_match"": 0.1, ""decision_type_valid"": 0.03, ""final_tool_finish"": 0.1, ""finish_after_tool"": 0.1, ""json_valid"": 0.02, ""no_forbidden_action"": 0.1, ""no_premature_stop"": 0.1, ""no_repeated_tool"": 0.1, ""no_skip_required_probe"": 0.1, ""strict_action_match"": true, ""strict_argument_types"": true, ""wrong_action_cap"": 0.2}",True,1.0,"[""rexomni_detection"", ""migration_advisor""]",rexomni_detection,"[{""_planner_metrics"": {""api_call_ms"": 6438.085, ""first_api_call_ms"": 6438.085, ""first_finish_reason"": ""stop"", ""first_input_tokens"": 4029, ""first_output_tokens"": 49, ""first_total_tokens"": 4078, ""input_tokens"": 4029, ""output_tokens"": 49, ""parse_ms"": 0.152, ""planner_total_ms"": 6451.373, ""prompt_build_ms"": 0.366, ""retry_count"": 0, ""retry_reason"": """", ""total_tokens"": 4078}, ""action"": ""rexomni_detection"", ""action_input"": {""finish_after_tool"": false, ""label"": ""焦糖十字分流块""}, ""clarification_question"": """", ""decision_type"": ""tool"", ""end_reason"": """", ""final_answer"": """", ""thought"": ""先执行用户指定的检测器以取得当前结构化状态。""}, {""_planner_metrics"": {""api_call_ms"": 9080.982, ""first_api_call_ms"": 9080.982, ""first_finish_reason"": ""stop"", ""first_input_tokens"": 4333, ""first_output_tokens"": 73, ""first_total_tokens"": 4406, ""input_tokens"": 4333, ""output_tokens"": 73, ""parse_ms"": 0.159, ""planner_total_ms"": 9095.365, ""prompt_build_ms"": 0.463, ""retry_count"": 0, ""retry_reason"": """", ""total_tokens"": 4406}, ""action"": ""migration_advisor"", ""action_input"": {""finish_after_tool"": true, ""use_image"": true, ""use_visual_probe"": true, ""user_query"": ""火星车悬架试验间稳定状态会签3100号""}, ""clarification_question"": """", ""decision_type"": ""tool"", ""end_reason"": """", ""final_answer"": """", ""thought"": ""最新状态未满足结束或重试条件，需要进入能力迁移评估。""}]",,6451.373,6438.085,4029,49,1,1,True,False
PROMV12-TA-003-QWEN-CS2,current_success_step2,旧故障结论不得覆盖最后一条结构化回执：先使用Qwen检测附件中的冰青三辐锁紧轮，检测结果仅作为中间状态。最终需要判断深水码头输油站重试边界复审2398号应继续现有能力、结束，还是进入迁移评估。自然语言里的故障等级和预算描述没有路由优先级，只读取本 query 最新 observation 的结构化键值。错误状态仅在 retryable=true 与 retry_count=0 同时成立时复用原检测器一次，否则调用迁移顾问。正常状态需要候选数、置信度、跨提示一致性和域偏移四个门槛全部通过才结束，任一否决项都转迁移。缺省、非法、冲突状态采取保守分支；已经重试一次的结果不能再次触发检测器。检测器必须设置 finish_after_tool=false；迁移顾问使用当前图片和视觉探针并设置 finish_after_tool=true。,True,examples/images/planner_retry_optimizer_matched_v12/icecyan_three_spoke_lockwheel.png,"[{""action"": ""qwen_detection"", ""arg_contains"": {""label"": [""冰青三辐锁紧轮""]}, ""decision_type"": ""tool"", ""required_args"": {""finish_after_tool"": false}}, {""arg_contains"": {}, ""decision_type"": ""end"", ""required_args"": {""end_reason"": ""memory_hit""}}]","[""rag_answer"", ""re_question"", ""answerer"", ""flux-image-generation"", ""rexomni_detection"", ""pipeline_eval"", ""migration_advisor""]","{""action_match"": 0.65, ""argument_match"": 0.1, ""decision_type_valid"": 0.03, ""final_tool_finish"": 0.1, ""finish_after_tool"": 0.1, ""json_valid"": 0.02, ""no_forbidden_action"": 0.1, ""no_premature_stop"": 0.1, ""no_repeated_tool"": 0.1, ""no_skip_required_probe"": 0.1, ""strict_action_match"": true, ""strict_argument_types"": true, ""wrong_action_cap"": 0.2}",True,1.0,"[""qwen_detection"", ""final_answer""]",qwen_detection,"[{""_planner_metrics"": {""api_call_ms"": 6721.284, ""first_api_call_ms"": 6721.284, ""first_finish_reason"": ""stop"", ""first_input_tokens"": 4019, ""first_output_tokens"": 51, ""first_total_tokens"": 4070, ""input_tokens"": 4019, ""output_tokens"": 51, ""parse_ms"": 0.203, ""planner_total_ms"": 6736.064, ""prompt_build_ms"": 0.446, ""retry_count"": 0, ""retry_reason"": """", ""total_tokens"": 4070}, ""action"": ""qwen_detection"", ""action_input"": {""finish_after_tool"": false, ""label"": ""冰青三辐锁紧轮""}, ""clarification_question"": """", ""decision_type"": ""tool"", ""end_reason"": """", ""final_answer"": """", ""thought"": ""先执行用户指定的检测器以取得当前结构化状态。""}, {""_planner_metrics"": {""api_call_ms"": 5103.409, ""first_api_call_ms"": 5103.409, ""first_finish_reason"": ""stop"", ""first_input_tokens"": 4318, ""first_output_tokens"": 34, ""first_total_tokens"": 4352, ""input_tokens"": 4318, ""output_tokens"": 34, ""parse_ms"": 0.152, ""planner_total_ms"": 5119.972, ""prompt_build_ms"": 0.542, ""retry_count"": 0, ""retry_reason"": """", ""total_tokens"": 4352}, ""action"": ""final_answer"", ""action_input"": {}, ""clarification_question"": """", ""decision_type"": ""end"", ""end_reason"": ""memory_hit"", ""final_answer"": """", ""thought"": ""最新结构化状态已满足全部路由条件，需要给出最终结论。""}]",,6736.064,6721.284,4019,51,1,1,True,False
PROMV12-TA-006-REX-PE3,post_retry_error_step3,设备失联只是背景，仍须核对当前显式额度：先使用Rex-Omni检测附件中的冰青三辐锁紧轮，检测结果仅作为中间状态。最终需要判断深水码头输油站异常路径终验1480号应继续现有能力、结束，还是进入迁移评估。自然语言里的故障等级和预算描述没有路由优先级，只读取本 query 最新 observation 的结构化键值。错误状态仅在 retryable=true 与 retry_count=0 同时成立时复用原检测器一次，否则调用迁移顾问。正常状态需要候选数、置信度、跨提示一致性和域偏移四个门槛全部通过才结束，任一否决项都转迁移。缺省、非法、冲突状态采取保守分支；已经重试一次的结果不能再次触发检测器。检测器必须设置 finish_after_tool=false；迁移顾问使用当前图片和视觉探针并设置 finish_after_tool=true。,True,examples/images/planner_retry_optimizer_matched_v12/icecyan_three_spoke_lockwheel.png,"[{""action"": ""rexomni_detection"", ""arg_contains"": {""label"": [""冰青三辐锁紧轮""]}, ""decision_type"": ""tool"", ""required_args"": {""finish_after_tool"": false}}, {""action"": ""rexomni_detection"", ""arg_contains"": {""label"": [""冰青三辐锁紧轮""]}, ""decision_type"": ""tool"", ""required_args"": {""finish_after_tool"": false}}, {""action"": ""migration_advisor"", ""arg_contains"": {""user_query"": [""深水码头输油站异常路径终验1480号""]}, ""decision_type"": ""tool"", ""required_args"": {""finish_after_tool"": true, ""use_image"": true, ""use_visual_probe"": true}}]","[""rag_answer"", ""re_question"", ""answerer"", ""flux-image-generation"", ""qwen_detection"", ""pipeline_eval""]","{""action_match"": 0.65, ""argument_match"": 0.1, ""decision_type_valid"": 0.03, ""final_tool_finish"": 0.1, ""finish_after_tool"": 0.1, ""json_valid"": 0.02, ""no_forbidden_action"": 0.1, ""no_premature_stop"": 0.1, ""no_repeated_tool"": 0.1, ""no_skip_required_probe"": 0.1, ""strict_action_match"": true, ""strict_argument_types"": true, ""wrong_action_cap"": 0.2}",False,0.734375,"[""rexomni_detection"", ""rexomni_detection"", ""rexomni_detection""]",rexomni_detection,"[{""_planner_metrics"": {""api_call_ms"": 6797.692, ""first_api_call_ms"": 6797.692, ""first_finish_reason"": ""stop"", ""first_input_tokens"": 4036, ""first_output_tokens"": 52, ""first_total_tokens"": 4088, ""input_tokens"": 4036, ""output_tokens"": 52, ""parse_ms"": 0.156, ""planner_total_ms"": 6814.152, ""prompt_build_ms"": 0.484, ""retry_count"": 0, ""retry_reason"": """", ""total_tokens"": 4088}, ""action"": ""rexomni_detection"", ""action_input"": {""finish_after_tool"": false, ""label"": ""冰青三辐锁紧轮""}, ""clarification_question"": """", ""decision_type"": ""tool"", ""end_reason"": """", ""final_answer"": """", ""thought"": ""先执行用户指定的检测器以取得当前结构化状态。""}, {""_planner_metrics"": {""api_call_ms"": 7181.261, ""first_api_call_ms"": 7181.261, ""first_finish_reason"": ""stop"", ""first_input_tokens"": 4344, ""first_output_tokens"": 54, ""first_total_tokens"": 4398, ""input_tokens"": 4344, ""output_tokens"": 54, ""parse_ms"": 0.129, ""planner_total_ms"": 7195.386, ""prompt_build_ms"": 0.563, ""retry_count"": 0, ""retry_reason"": """", ""total_tokens"": 4398}, ""action"": ""rexomni_detection"", ""action_input"": {""finish_after_tool"": false, ""label"": ""冰青三辐锁紧轮""}, ""clarification_question"": """", ""decision_type"": ""tool"", ""end_reason"": """", ""final_answer"": """", ""thought"": ""最新状态满足错误重试条件，需要再次使用同一检测器。""}, {""_planner_metrics"": {""api_call_ms"": 7356.553, ""first_api_call_ms"": 7356.553, ""first_finish_reason"": ""stop"", ""first_input_tokens"": 4650, ""first_output_tokens"": 54, ""first_total_tokens"": 4704, ""input_tokens"": 4650, ""output_tokens"": 54, ""parse_ms"": 0.135, ""planner_total_ms"": 7372.873, ""prompt_build_ms"": 0.484, ""retry_count"": 0, ""retry_reason"": """", ""total_tokens"": 4704}, ""action"": ""rexomni_detection"", ""action_input"": {""finish_after_tool"": false, ""label"": ""冰青三辐锁紧轮""}, ""clarification_question"": """", ""decision_type"": ""tool"", ""end_reason"": """", ""final_answer"": """", ""thought"": ""最新状态满足错误重试条件，需要再次使用同一检测器。""}]","step3:action expected 'migration_advisor', got 'rexomni_detection' | step3:finish_after_tool expected True, got False | step3:arg 'use_image' expected True, got None | step3:arg 'use_visual_probe' expected True, got None | step3:arg 'user_query' expected to contain ['深水码头输油站异常路径终验1480号'], got None",6814.152,6797.692,4036,52,0,1,False,True
PROMV12-TA-012-QWEN-PE3,post_retry_error_step3,完成本轮异常探针的最终路由：先使用Qwen检测附件中的冰青三辐锁紧轮，检测结果仅作为中间状态。最终需要判断深水码头输油站稳定状态会签5128号应继续现有能力、结束，还是进入迁移评估。自然语言里的故障等级和预算描述没有路由优先级，只读取本 query 最新 observation 的结构化键值。错误状态仅在 retryable=true 与 retry_count=0 同时成立时复用原检测器一次，否则调用迁移顾问。正常状态需要候选数、置信度、跨提示一致性和域偏移四个门槛全部通过才结束，任一否决项都转迁移。缺省、非法、冲突状态采取保守分支；已经重试一次的结果不能再次触发检测器。检测器必须设置 finish_after_tool=false；迁移顾问使用当前图片和视觉探针并设置 finish_after_tool=true。,True,examples/images/planner_retry_optimizer_matched_v12/icecyan_three_spoke_lockwheel.png,"[{""action"": ""qwen_detection"", ""arg_contains"": {""label"": [""冰青三辐锁紧轮""]}, ""decision_type"": ""tool"", ""required_args"": {""finish_after_tool"": false}}, {""action"": ""qwen_detection"", ""arg_contains"": {""label"": [""冰青三辐锁紧轮""]}, ""decision_type"": ""tool"", ""required_args"": {""finish_after_tool"": false}}, {""action"": ""migration_advisor"", ""arg_contains"": {""user_query"": [""深水码头输油站稳定状态会签5128号""]}, ""decision_type"": ""tool"", ""required_args"": {""finish_after_tool"": true, ""use_image"": true, ""use_visual_probe"": true}}]","[""rag_answer"", ""re_question"", ""answerer"", ""flux-image-generation"", ""rexomni_detection"", ""pipeline_eval""]","{""action_match"": 0.65, ""argument_match"": 0.1, ""decision_type_valid"": 0.03, ""final_tool_finish"": 0.1, ""finish_after_tool"": 0.1, ""json_valid"": 0.02, ""no_forbidden_action"": 0.1, ""no_premature_stop"": 0.1, ""no_repeated_tool"": 0.1, ""no_skip_required_probe"": 0.1, ""strict_action_match"": true, ""strict_argument_types"": true, ""wrong_action_cap"": 0.2}",False,0.703125,"[""qwen_detection"", ""migration_advisor"", ""migration_advisor""]",qwen_detection,"[{""_planner_metrics"": {""api_call_ms"": 6666.182, ""first_api_call_ms"": 6666.182, ""first_finish_reason"": ""stop"", ""first_input_tokens"": 4018, ""first_output_tokens"": 51, ""first_total_tokens"": 4069, ""input_tokens"": 4018, ""output_tokens"": 51, ""parse_ms"": 0.124, ""planner_total_ms"": 6680.174, ""prompt_build_ms"": 0.449, ""retry_count"": 0, ""retry_reason"": """", ""total_tokens"": 4069}, ""action"": ""qwen_detection"", ""action_input"": {""finish_after_tool"": false, ""label"": ""冰青三辐锁紧轮""}, ""clarification_question"": """", ""decision_type"": ""tool"", ""end_reason"": """", ""final_answer"": """", ""thought"": ""先执行用户指定的检测器以取得当前结构化状态。""}, {""_planner_metrics"": {""api_call_ms"": 9119.817, ""first_api_call_ms"": 9119.817, ""first_finish_reason"": ""stop"", ""first_input_tokens"": 4328, ""first_output_tokens"": 73, ""first_total_tokens"": 4401, ""input_tokens"": 4328, ""output_tokens"": 73, ""parse_ms"": 0.134, ""planner_total_ms"": 9134.091, ""prompt_build_ms"": 0.483, ""retry_count"": 0, ""retry_reason"": """", ""total_tokens"": 4401}, ""action"": ""migration_advisor"", ""action_input"": {""finish_after_tool"": true, ""use_image"": true, ""use_visual_probe"": true, ""user_query"": ""深水码头输油站稳定状态会签5128号""}, ""clarification_question"": """", ""decision_type"": ""tool"", ""end_reason"": """", ""final_answer"": """", ""thought"": ""最新状态未满足结束或重试条件，需要进入能力迁移评估。""}, {""_planner_metrics"": {""api_call_ms"": 9323.004, ""first_api_call_ms"": 9323.004, ""first_finish_reason"": ""stop"", ""first_input_tokens"": 4662, ""first_output_tokens"": 73, ""first_total_tokens"": 4735, ""input_tokens"": 4662, ""output_tokens"": 73, ""parse_ms"": 0.143, ""planner_total_ms"": 9339.027, ""prompt_build_ms"": 0.507, ""retry_count"": 0, ""retry_reason"": """", ""total_tokens"": 4735}, ""action"": ""migration_advisor"", ""action_input"": {""finish_after_tool"": true, ""use_image"": true, ""use_visual_probe"": true, ""user_query"": ""深水码头输油站稳定状态会签5128号""}, ""clarification_question"": """", ""decision_type"": ""tool"", ""end_reason"": """", ""final_answer"": """", ""thought"": ""最新状态未满足结束或重试条件，需要进入能力迁移评估。""}]","step2:action expected 'qwen_detection', got 'migration_advisor' | step2:finish_after_tool expected False, got True | step2:arg 'label' expected to contain ['冰青三辐锁紧轮'], got None",6680.174,6666.182,4018,51,0,1,False,True
PROMV12-TA-012-REX-BE2,budget_exhausted_step2,完成本轮异常探针的最终路由：先使用Rex-Omni检测附件中的冰青三辐锁紧轮，检测结果仅作为中间状态。最终需要判断深水码头输油站稳定状态会签5128号应继续现有能力、结束，还是进入迁移评估。自然语言里的故障等级和预算描述没有路由优先级，只读取本 query 最新 observation 的结构化键值。错误状态仅在 retryable=true 与 retry_count=0 同时成立时复用原检测器一次，否则调用迁移顾问。正常状态需要候选数、置信度、跨提示一致性和域偏移四个门槛全部通过才结束，任一否决项都转迁移。缺省、非法、冲突状态采取保守分支；已经重试一次的结果不能再次触发检测器。检测器必须设置 finish_after_tool=false；迁移顾问使用当前图片和视觉探针并设置 finish_after_tool=true。,True,examples/images/planner_retry_optimizer_matched_v12/icecyan_three_spoke_lockwheel.png,"[{""action"": ""rexomni_detection"", ""arg_contains"": {""label"": [""冰青三辐锁紧轮""]}, ""decision_type"": ""tool"", ""required_args"": {""finish_after_tool"": false}}, {""action"": ""migration_advisor"", ""arg_contains"": {""user_query"": [""深水码头输油站稳定状态会签5128号""]}, ""decision_type"": ""tool"", ""required_args"": {""finish_after_tool"": true, ""use_image"": true, ""use_visual_probe"": true}}]","[""rag_answer"", ""re_question"", ""answerer"", ""flux-image-generation"", ""qwen_detection"", ""pipeline_eval""]","{""action_match"": 0.65, ""argument_match"": 0.1, ""decision_type_valid"": 0.03, ""final_tool_finish"": 0.1, ""finish_after_tool"": 0.1, ""json_valid"": 0.02, ""no_forbidden_action"": 0.1, ""no_premature_stop"": 0.1, ""no_repeated_tool"": 0.1, ""no_skip_required_probe"": 0.1, ""strict_action_match"": true, ""strict_argument_types"": true, ""wrong_action_cap"": 0.2}",True,1.0,"[""rexomni_detection"", ""migration_advisor""]",rexomni_detection,"[{""_planner_metrics"": {""api_call_ms"": 6758.869, ""first_api_call_ms"": 6758.869, ""first_finish_reason"": ""stop"", ""first_input_tokens"": 4024, ""first_output_tokens"": 52, ""first_total_tokens"": 4076, ""input_tokens"": 4024, ""output_tokens"": 52, ""parse_ms"": 0.127, ""planner_total_ms"": 6771.923, ""prompt_build_ms"": 0.413, ""retry_count"": 0, ""retry_reason"": """", ""total_tokens"": 4076}, ""action"": ""rexomni_detection"", ""action_input"": {""finish_after_tool"": false, ""label"": ""冰青三辐锁紧轮""}, ""clarification_question"": """", ""decision_type"": ""tool"", ""end_reason"": """", ""final_answer"": """", ""thought"": ""先执行用户指定的检测器以取得当前结构化状态。""}, {""_planner_metrics"": {""api_call_ms"": 9149.557, ""first_api_call_ms"": 9149.557, ""first_finish_reason"": ""stop"", ""first_input_tokens"": 4339, ""first_output_tokens"": 73, ""first_total_tokens"": 4412, ""input_tokens"": 4339, ""output_tokens"": 73, ""parse_ms"": 0.148, ""planner_total_ms"": 9163.588, ""prompt_build_ms"": 0.474, ""retry_count"": 0, ""retry_reason"": """", ""total_tokens"": 4412}, ""action"": ""migration_advisor"", ""action_input"": {""finish_after_tool"": true, ""use_image"": true, ""use_visual_probe"": true, ""user_query"": ""深水码头输油站稳定状态会签5128号""}, ""clarification_question"": """", ""decision_type"": ""tool"", ""end_reason"": """", ""final_answer"": """", ""thought"": ""最新状态未满足结束或重试条件，需要进入能力迁移评估。""}]",,6771.923,6758.869,4024,52,1,1,True,False
PROMV12-TA-012-REX-CS2,current_success_step2,完成本轮异常探针的最终路由：先使用Rex-Omni检测附件中的冰青三辐锁紧轮，检测结果仅作为中间状态。最终需要判断深水码头输油站稳定状态会签5128号应继续现有能力、结束，还是进入迁移评估。自然语言里的故障等级和预算描述没有路由优先级，只读取本 query 最新 observation 的结构化键值。错误状态仅在 retryable=true 与 retry_count=0 同时成立时复用原检测器一次，否则调用迁移顾问。正常状态需要候选数、置信度、跨提示一致性和域偏移四个门槛全部通过才结束，任一否决项都转迁移。缺省、非法、冲突状态采取保守分支；已经重试一次的结果不能再次触发检测器。检测器必须设置 finish_after_tool=false；迁移顾问使用当前图片和视觉探针并设置 finish_after_tool=true。,True,examples/images/planner_retry_optimizer_matched_v12/icecyan_three_spoke_lockwheel.png,"[{""action"": ""rexomni_detection"", ""arg_contains"": {""label"": [""冰青三辐锁紧轮""]}, ""decision_type"": ""tool"", ""required_args"": {""finish_after_tool"": false}}, {""arg_contains"": {}, ""decision_type"": ""end"", ""required_args"": {""end_reason"": ""memory_hit""}}]","[""rag_answer"", ""re_question"", ""answerer"", ""flux-image-generation"", ""qwen_detection"", ""pipeline_eval"", ""migration_advisor""]","{""action_match"": 0.65, ""argument_match"": 0.1, ""decision_type_valid"": 0.03, ""final_tool_finish"": 0.1, ""finish_after_tool"": 0.1, ""json_valid"": 0.02, ""no_forbidden_action"": 0.1, ""no_premature_stop"": 0.1, ""no_repeated_tool"": 0.1, ""no_skip_required_probe"": 0.1, ""strict_action_match"": true, ""strict_argument_types"": true, ""wrong_action_cap"": 0.2}",True,1.0,"[""rexomni_detection"", ""final_answer""]",rexomni_detection,"[{""_planner_metrics"": {""api_call_ms"": 6825.088, ""first_api_call_ms"": 6825.088, ""first_finish_reason"": ""stop"", ""first_input_tokens"": 4021, ""first_output_tokens"": 52, ""first_total_tokens"": 4073, ""input_tokens"": 4021, ""output_tokens"": 52, ""parse_ms"": 0.147, ""planner_total_ms"": 6838.605, ""prompt_build_ms"": 0.422, ""retry_count"": 0, ""retry_reason"": """", ""total_tokens"": 4073}, ""action"": ""rexomni_detection"", ""action_input"": {""finish_after_tool"": false, ""label"": ""冰青三辐锁紧轮""}, ""clarification_question"": """", ""decision_type"": ""tool"", ""end_reason"": """", ""final_answer"": """", ""thought"": ""先执行用户指定的检测器以取得当前结构化状态。""}, {""_planner_metrics"": {""api_call_ms"": 5088.383, ""first_api_call_ms"": 5088.383, ""first_finish_reason"": ""stop"", ""first_input_tokens"": 4331, ""first_output_tokens"": 34, ""first_total_tokens"": 4365, ""input_tokens"": 4331, ""output_tokens"": 34, ""parse_ms"": 0.197, ""planner_total_ms"": 5103.292, ""prompt_build_ms"": 0.502, ""retry_count"": 0, ""retry_reason"": """", ""total_tokens"": 4365}, ""action"": ""final_answer"", ""action_input"": {}, ""clarification_question"": """", ""decision_type"": ""end"", ""end_reason"": ""memory_hit"", ""final_answer"": """", ""thought"": ""最新结构化状态已满足全部正常门槛，可以结束本轮规划。""}]",,6838.605,6825.088,4021,52,1,1,True,False
PROMV12-TA-008-QWEN-MS2,missing_required_state_step2,完成本轮异常探针的最终路由：先使用Qwen检测附件中的焦糖十字分流块，检测结果仅作为中间状态。最终需要判断非晶合金铸造炉异常路径终验9752号应继续现有能力、结束，还是进入迁移评估。自然语言里的故障等级和预算描述没有路由优先级，只读取本 query 最新 observation 的结构化键值。错误状态仅在 retryable=true 与 retry_count=0 同时成立时复用原检测器一次，否则调用迁移顾问。正常状态需要候选数、置信度、跨提示一致性和域偏移四个门槛全部通过才结束，任一否决项都转迁移。缺省、非法、冲突状态采取保守分支；已经重试一次的结果不能再次触发检测器。检测器必须设置 finish_after_tool=false；迁移顾问使用当前图片和视觉探针并设置 finish_after_tool=true。,True,examples/images/planner_retry_optimizer_matched_v12/caramel_cross_diverter.png,"[{""action"": ""qwen_detection"", ""arg_contains"": {""label"": [""焦糖十字分流块""]}, ""decision_type"": ""tool"", ""required_args"": {""finish_after_tool"": false}}, {""action"": ""migration_advisor"", ""arg_contains"": {""user_query"": [""非晶合金铸造炉异常路径终验9752号""]}, ""decision_type"": ""tool"", ""required_args"": {""finish_after_tool"": true, ""use_image"": true, ""use_visual_probe"": true}}]","[""rag_answer"", ""re_question"", ""answerer"", ""flux-image-generation"", ""rexomni_detection"", ""pipeline_eval""]","{""action_match"": 0.65, ""argument_match"": 0.1, ""decision_type_valid"": 0.03, ""final_tool_finish"": 0.1, ""finish_after_tool"": 0.1, ""json_valid"": 0.02, ""no_forbidden_action"": 0.1, ""no_premature_stop"": 0.1, ""no_repeated_tool"": 0.1, ""no_skip_required_probe"": 0.1, ""strict_action_match"": true, ""strict_argument_types"": true, ""wrong_action_cap"": 0.2}",False,0.586957,"[""qwen_detection"", ""qwen_detection""]",qwen_detection,"[{""_planner_metrics"": {""api_call_ms"": 6471.075, ""first_api_call_ms"": 6471.075, ""first_finish_reason"": ""stop"", ""first_input_tokens"": 4011, ""first_output_tokens"": 48, ""first_total_tokens"": 4059, ""input_tokens"": 4011, ""output_tokens"": 48, ""parse_ms"": 0.145, ""planner_total_ms"": 6485.318, ""prompt_build_ms"": 0.472, ""retry_count"": 0, ""retry_reason"": """", ""total_tokens"": 4059}, ""action"": ""qwen_detection"", ""action_input"": {""finish_after_tool"": false, ""label"": ""焦糖十字分流块""}, ""clarification_question"": """", ""decision_type"": ""tool"", ""end_reason"": """", ""final_answer"": """", ""thought"": ""先执行用户指定的检测器以取得当前结构化状态。""}, {""_planner_metrics"": {""api_call_ms"": 6562.503, ""first_api_call_ms"": 6562.503, ""first_finish_reason"": ""stop"", ""first_input_tokens"": 4316, ""first_output_tokens"": 48, ""first_total_tokens"": 4364, ""input_tokens"": 4316, ""output_tokens"": 48, ""parse_ms"": 0.149, ""planner_total_ms"": 6579.217, ""prompt_build_ms"": 0.521, ""retry_count"": 0, ""retry_reason"": """", ""total_tokens"": 4364}, ""action"": ""qwen_detection"", ""action_input"": {""finish_after_tool"": false, ""label"": ""焦糖十字分流块""}, ""clarification_question"": """", ""decision_type"": ""tool"", ""end_reason"": """", ""final_answer"": """", ""thought"": ""先执行用户指定的检测器以取得当前结构化状态。""}]","step2:action expected 'migration_advisor', got 'qwen_detection' | step2:finish_after_tool expected True, got False | step2:arg 'use_image' expected True, got None | step2:arg 'use_visual_probe' expected True, got None | step2:arg 'user_query' expected to contain ['非晶合金铸造炉异常路径终验9752号'], got None",6485.318,6471.075,4011,48,0,1,False,True
PROMV12-TA-005-REX-NR2,nonretryable_step2,设备失联只是背景，仍须核对当前显式额度：先使用Rex-Omni检测附件中的冰青三辐锁紧轮，检测结果仅作为中间状态。最终需要判断类器官灌流培养台重试边界复审5611号应继续现有能力、结束，还是进入迁移评估。自然语言里的故障等级和预算描述没有路由优先级，只读取本 query 最新 observation 的结构化键值。错误状态仅在 retryable=true 与 retry_count=0 同时成立时复用原检测器一次，否则调用迁移顾问。正常状态需要候选数、置信度、跨提示一致性和域偏移四个门槛全部通过才结束，任一否决项都转迁移。缺省、非法、冲突状态采取保守分支；已经重试一次的结果不能再次触发检测器。检测器必须设置 finish_after_tool=false；迁移顾问使用当前图片和视觉探针并设置 finish_after_tool=true。,True,examples/images/planner_retry_optimizer_matched_v12/icecyan_three_spoke_lockwheel.png,"[{""action"": ""rexomni_detection"", ""arg_contains"": {""label"": [""冰青三辐锁紧轮""]}, ""decision_type"": ""tool"", ""required_args"": {""finish_after_tool"": false}}, {""action"": ""migration_advisor"", ""arg_contains"": {""user_query"": [""类器官灌流培养台重试边界复审5611号""]}, ""decision_type"": ""tool"", ""required_args"": {""finish_after_tool"": true, ""use_image"": true, ""use_visual_probe"": true}}]","[""rag_answer"", ""re_question"", ""answerer"", ""flux-image-generation"", ""qwen_detection"", ""pipeline_eval""]","{""action_match"": 0.65, ""argument_match"": 0.1, ""decision_type_valid"": 0.03, ""final_tool_finish"": 0.1, ""finish_after_tool"": 0.1, ""json_valid"": 0.02, ""no_forbidden_action"": 0.1, ""no_premature_stop"": 0.1, ""no_repeated_tool"": 0.1, ""no_skip_required_probe"": 0.1, ""strict_action_match"": true, ""strict_argument_types"": true, ""wrong_action_cap"": 0.2}",True,1.0,"[""rexomni_detection"", ""migration_advisor""]",rexomni_detection,"[{""_planner_metrics"": {""api_call_ms"": 6887.875, ""first_api_call_ms"": 6887.875, ""first_finish_reason"": ""stop"", ""first_input_tokens"": 4036, ""first_output_tokens"": 52, ""first_total_tokens"": 4088, ""input_tokens"": 4036, ""output_tokens"": 52, ""parse_ms"": 0.158, ""planner_total_ms"": 6902.407, ""prompt_build_ms"": 0.419, ""retry_count"": 0, ""retry_reason"": """", ""total_tokens"": 4088}, ""action"": ""rexomni_detection"", ""action_input"": {""finish_after_tool"": false, ""label"": ""冰青三辐锁紧轮""}, ""clarification_question"": """", ""decision_type"": ""tool"", ""end_reason"": """", ""final_answer"": """", ""thought"": ""先执行用户指定的检测器以取得当前结构化状态。""}, {""_planner_metrics"": {""api_call_ms"": 9175.085, ""first_api_call_ms"": 9175.085, ""first_finish_reason"": ""stop"", ""first_input_tokens"": 4348, ""first_output_tokens"": 73, ""first_total_tokens"": 4421, ""input_tokens"": 4348, ""output_tokens"": 73, ""parse_ms"": 0.18, ""planner_total_ms"": 9191.771, ""prompt_build_ms"": 0.562, ""retry_count"": 0, ""retry_reason"": """", ""total_tokens"": 4421}, ""action"": ""migration_advisor"", ""action_input"": {""finish_after_tool"": true, ""use_image"": true, ""use_visual_probe"": true, ""user_query"": ""类器官灌流培养台重试边界复审5611号""}, ""clarification_question"": """", ""decision_type"": ""tool"", ""end_reason"": """", ""final_answer"": """", ""thought"": ""最新状态未满足结束或重试条件，需要进入能力迁移评估。""}]",,6902.407,6887.875,4036,52,1,1,True,False
PROMV12-TA-011-REX-MS2,missing_required_state_step2,迁移队列已经建立，请先裁决最新机器状态：先使用Rex-Omni检测附件中的焦糖十字分流块，检测结果仅作为中间状态。最终需要判断非晶合金铸造炉稳定状态会签6874号应继续现有能力、结束，还是进入迁移评估。自然语言里的故障等级和预算描述没有路由优先级，只读取本 query 最新 observation 的结构化键值。错误状态仅在 retryable=true 与 retry_count=0 同时成立时复用原检测器一次，否则调用迁移顾问。正常状态需要候选数、置信度、跨提示一致性和域偏移四个门槛全部通过才结束，任一否决项都转迁移。缺省、非法、冲突状态采取保守分支；已经重试一次的结果不能再次触发检测器。检测器必须设置 finish_after_tool=false；迁移顾问使用当前图片和视觉探针并设置 finish_after_tool=true。,True,examples/images/planner_retry_optimizer_matched_v12/caramel_cross_diverter.png,"[{""action"": ""rexomni_detection"", ""arg_contains"": {""label"": [""焦糖十字分流块""]}, ""decision_type"": ""tool"", ""required_args"": {""finish_after_tool"": false}}, {""action"": ""migration_advisor"", ""arg_contains"": {""user_query"": [""非晶合金铸造炉稳定状态会签6874号""]}, ""decision_type"": ""tool"", ""required_args"": {""finish_after_tool"": true, ""use_image"": true, ""use_visual_probe"": true}}]","[""rag_answer"", ""re_question"", ""answerer"", ""flux-image-generation"", ""qwen_detection"", ""pipeline_eval""]","{""action_match"": 0.65, ""argument_match"": 0.1, ""decision_type_valid"": 0.03, ""final_tool_finish"": 0.1, ""finish_after_tool"": 0.1, ""json_valid"": 0.02, ""no_forbidden_action"": 0.1, ""no_premature_stop"": 0.1, ""no_repeated_tool"": 0.1, ""no_skip_required_probe"": 0.1, ""strict_action_match"": true, ""strict_argument_types"": true, ""wrong_action_cap"": 0.2}",True,1.0,"[""rexomni_detection"", ""migration_advisor""]",rexomni_detection,"[{""_planner_metrics"": {""api_call_ms"": 6534.357, ""first_api_call_ms"": 6534.357, ""first_finish_reason"": ""stop"", ""first_input_tokens"": 4025, ""first_output_tokens"": 49, ""first_total_tokens"": 4074, ""input_tokens"": 4025, ""output_tokens"": 49, ""parse_ms"": 0.131, ""planner_total_ms"": 6547.748, ""prompt_build_ms"": 0.359, ""retry_count"": 0, ""retry_reason"": """", ""total_tokens"": 4074}, ""action"": ""rexomni_detection"", ""action_input"": {""finish_after_tool"": false, ""label"": ""焦糖十字分流块""}, ""clarification_question"": """", ""decision_type"": ""tool"", ""end_reason"": """", ""final_answer"": """", ""thought"": ""先执行用户指定的检测器以取得当前结构化状态。""}, {""_planner_metrics"": {""api_call_ms"": 9266.749, ""first_api_call_ms"": 9266.749, ""first_finish_reason"": ""stop"", ""first_input_tokens"": 4323, ""first_output_tokens"": 73, ""first_total_tokens"": 4396, ""input_tokens"": 4323, ""output_tokens"": 73, ""parse_ms"": 0.152, ""planner_total_ms"": 9282.135, ""prompt_build_ms"": 0.486, ""retry_count"": 0, ""retry_reason"": """", ""total_tokens"": 4396}, ""action"": ""migration_advisor"", ""action_input"": {""finish_after_tool"": true, ""use_image"": true, ""use_visual_probe"": true, ""user_query"": ""非晶合金铸造炉稳定状态会签6874号""}, ""clarification_question"": """", ""decision_type"": ""tool"", ""end_reason"": """", ""final_answer"": """", ""thought"": ""最新状态未满足结束或重试条件，需要进入能力迁移评估。""}]",,6547.748,6534.357,4025,49,1,1,True,False
PROMV12-TA-008-QWEN-FR2,fresh_retry_step2,完成本轮异常探针的最终路由：先使用Qwen检测附件中的焦糖十字分流块，检测结果仅作为中间状态。最终需要判断非晶合金铸造炉异常路径终验9752号应继续现有能力、结束，还是进入迁移评估。自然语言里的故障等级和预算描述没有路由优先级，只读取本 query 最新 observation 的结构化键值。错误状态仅在 retryable=true 与 retry_count=0 同时成立时复用原检测器一次，否则调用迁移顾问。正常状态需要候选数、置信度、跨提示一致性和域偏移四个门槛全部通过才结束，任一否决项都转迁移。缺省、非法、冲突状态采取保守分支；已经重试一次的结果不能再次触发检测器。检测器必须设置 finish_after_tool=false；迁移顾问使用当前图片和视觉探针并设置 finish_after_tool=true。,True,examples/images/planner_retry_optimizer_matched_v12/caramel_cross_diverter.png,"[{""action"": ""qwen_detection"", ""arg_contains"": {""label"": [""焦糖十字分流块""]}, ""decision_type"": ""tool"", ""required_args"": {""finish_after_tool"": false}}, {""action"": ""qwen_detection"", ""arg_contains"": {""label"": [""焦糖十字分流块""]}, ""decision_type"": ""tool"", ""required_args"": {""finish_after_tool"": false}}, {""arg_contains"": {}, ""decision_type"": ""end"", ""required_args"": {""end_reason"": ""memory_hit""}}]","[""rag_answer"", ""re_question"", ""answerer"", ""flux-image-generation"", ""rexomni_detection"", ""pipeline_eval"", ""migration_advisor""]","{""action_match"": 0.65, ""argument_match"": 0.1, ""decision_type_valid"": 0.03, ""final_tool_finish"": 0.1, ""finish_after_tool"": 0.1, ""json_valid"": 0.02, ""no_forbidden_action"": 0.1, ""no_premature_stop"": 0.1, ""no_repeated_tool"": 0.1, ""no_skip_required_probe"": 0.1, ""strict_action_match"": true, ""strict_argument_types"": true, ""wrong_action_cap"": 0.2}",False,0.725,"[""qwen_detection"", ""qwen_detection"", ""migration_advisor""]",qwen_detection,"[{""_planner_metrics"": {""api_call_ms"": 6440.885, ""first_api_call_ms"": 6440.885, ""first_finish_reason"": ""stop"", ""first_input_tokens"": 4011, ""first_output_tokens"": 48, ""first_total_tokens"": 4059, ""input_tokens"": 4011, ""output_tokens"": 48, ""parse_ms"": 0.112, ""planner_total_ms"": 6455.046, ""prompt_build_ms"": 0.445, ""retry_count"": 0, ""retry_reason"": """", ""total_tokens"": 4059}, ""action"": ""qwen_detection"", ""action_input"": {""finish_after_tool"": false, ""label"": ""焦糖十字分流块""}, ""clarification_question"": """", ""decision_type"": ""tool"", ""end_reason"": """", ""final_answer"": """", ""thought"": ""先执行用户指定的检测器以取得当前结构化状态。""}, {""_planner_metrics"": {""api_call_ms"": 6826.234, ""first_api_call_ms"": 6826.234, ""first_finish_reason"": ""stop"", ""first_input_tokens"": 4320, ""first_output_tokens"": 50, ""first_total_tokens"": 4370, ""input_tokens"": 4320, ""output_tokens"": 50, ""parse_ms"": 0.135, ""planner_total_ms"": 6840.925, ""prompt_build_ms"": 0.47, ""retry_count"": 0, ""retry_reason"": """", ""total_tokens"": 4370}, ""action"": ""qwen_detection"", ""action_input"": {""finish_after_tool"": false, ""label"": ""焦糖十字分流块""}, ""clarification_question"": """", ""decision_type"": ""tool"", ""end_reason"": """", ""final_answer"": """", ""thought"": ""最新状态满足错误状态重试条件，需要复用原检测器。""}, {""_planner_metrics"": {""api_call_ms"": 9476.489, ""first_api_call_ms"": 9476.489, ""first_finish_reason"": ""stop"", ""first_input_tokens"": 4624, ""first_output_tokens"": 74, ""first_total_tokens"": 4698, ""input_tokens"": 4624, ""output_tokens"": 74, ""parse_ms"": 0.152, ""planner_total_ms"": 9492.219, ""prompt_build_ms"": 0.527, ""retry_count"": 0, ""retry_reason"": """", ""total_tokens"": 4698}, ""action"": ""migration_advisor"", ""action_input"": {""finish_after_tool"": true, ""use_image"": true, ""use_visual_probe"": true, ""user_query"": ""非晶合金铸造炉异常路径终验9752号""}, ""clarification_question"": """", ""decision_type"": ""tool"", ""end_reason"": """", ""final_answer"": """", ""thought"": ""最新状态未满足结束或迁移条件，需要按规则进入保守分支。""}]","step3:decision_type expected 'end', got 'tool' | step3:action expected 'end', got 'migration_advisor' | step3:arg 'end_reason' expected 'memory_hit', got '' | forbidden:migration_advisor",6455.046,6440.885,4011,48,0,1,False,True
PROMV12-TA-010-QWEN-PS3,post_retry_success_step3,完成本轮异常探针的最终路由：先使用Qwen检测附件中的焦糖十字分流块，检测结果仅作为中间状态。最终需要判断非晶合金铸造炉重试边界复审8156号应继续现有能力、结束，还是进入迁移评估。自然语言里的故障等级和预算描述没有路由优先级，只读取本 query 最新 observation 的结构化键值。错误状态仅在 retryable=true 与 retry_count=0 同时成立时复用原检测器一次，否则调用迁移顾问。正常状态需要候选数、置信度、跨提示一致性和域偏移四个门槛全部通过才结束，任一否决项都转迁移。缺省、非法、冲突状态采取保守分支；已经重试一次的结果不能再次触发检测器。检测器必须设置 finish_after_tool=false；迁移顾问使用当前图片和视觉探针并设置 finish_after_tool=true。,True,examples/images/planner_retry_optimizer_matched_v12/caramel_cross_diverter.png,"[{""action"": ""qwen_detection"", ""arg_contains"": {""label"": [""焦糖十字分流块""]}, ""decision_type"": ""tool"", ""required_args"": {""finish_after_tool"": false}}, {""action"": ""qwen_detection"", ""arg_contains"": {""label"": [""焦糖十字分流块""]}, ""decision_type"": ""tool"", ""required_args"": {""finish_after_tool"": false}}, {""arg_contains"": {}, ""decision_type"": ""end"", ""required_args"": {""end_reason"": ""memory_hit""}}]","[""rag_answer"", ""re_question"", ""answerer"", ""flux-image-generation"", ""rexomni_detection"", ""pipeline_eval"", ""migration_advisor""]","{""action_match"": 0.65, ""argument_match"": 0.1, ""decision_type_valid"": 0.03, ""final_tool_finish"": 0.1, ""finish_after_tool"": 0.1, ""json_valid"": 0.02, ""no_forbidden_action"": 0.1, ""no_premature_stop"": 0.1, ""no_repeated_tool"": 0.1, ""no_skip_required_probe"": 0.1, ""strict_action_match"": true, ""strict_argument_types"": true, ""wrong_action_cap"": 0.2}",False,0.725,"[""qwen_detection"", ""qwen_detection"", ""migration_advisor""]",qwen_detection,"[{""_planner_metrics"": {""api_call_ms"": 6452.411, ""first_api_call_ms"": 6452.411, ""first_finish_reason"": ""stop"", ""first_input_tokens"": 4009, ""first_output_tokens"": 48, ""first_total_tokens"": 4057, ""input_tokens"": 4009, ""output_tokens"": 48, ""parse_ms"": 0.184, ""planner_total_ms"": 6466.689, ""prompt_build_ms"": 0.422, ""retry_count"": 0, ""retry_reason"": """", ""total_tokens"": 4057}, ""action"": ""qwen_detection"", ""action_input"": {""finish_after_tool"": false, ""label"": ""焦糖十字分流块""}, ""clarification_question"": """", ""decision_type"": ""tool"", ""end_reason"": """", ""final_answer"": """", ""thought"": ""先执行用户指定的检测器以取得当前结构化状态。""}, {""_planner_metrics"": {""api_call_ms"": 7009.448, ""first_api_call_ms"": 7009.448, ""first_finish_reason"": ""stop"", ""first_input_tokens"": 4311, ""first_output_tokens"": 52, ""first_total_tokens"": 4363, ""input_tokens"": 4311, ""output_tokens"": 52, ""parse_ms"": 0.153, ""planner_total_ms"": 7023.778, ""prompt_build_ms"": 0.484, ""retry_count"": 0, ""retry_reason"": """", ""total_tokens"": 4363}, ""action"": ""qwen_detection"", ""action_input"": {""finish_after_tool"": false, ""label"": ""焦糖十字分流块""}, ""clarification_question"": """", ""decision_type"": ""tool"", ""end_reason"": """", ""final_answer"": """", ""thought"": ""最新状态满足错误状态的重试条件，需要再次使用同一检测器。""}, {""_planner_metrics"": {""api_call_ms"": 9306.112, ""first_api_call_ms"": 9306.112, ""first_finish_reason"": ""stop"", ""first_input_tokens"": 4611, ""first_output_tokens"": 72, ""first_total_tokens"": 4683, ""input_tokens"": 4611, ""output_tokens"": 72, ""parse_ms"": 0.135, ""planner_total_ms"": 9323.08, ""prompt_build_ms"": 0.522, ""retry_count"": 0, ""retry_reason"": """", ""total_tokens"": 4683}, ""action"": ""migration_advisor"", ""action_input"": {""finish_after_tool"": true, ""use_image"": true, ""use_visual_probe"": true, ""user_query"": ""非晶合金铸造炉重试边界复审8156号""}, ""clarification_question"": """", ""decision_type"": ""tool"", ""end_reason"": """", ""final_answer"": """", ""thought"": ""最新状态未满足结束或重试条件，需要进入能力迁移评估。""}]","step3:decision_type expected 'end', got 'tool' | step3:action expected 'end', got 'migration_advisor' | step3:arg 'end_reason' expected 'memory_hit', got '' | forbidden:migration_advisor",6466.689,6452.411,4009,48,0,1,False,True
PROMV12-TA-009-QWEN-FR2,fresh_retry_step2,设备失联只是背景，仍须核对当前显式额度：先使用Qwen检测附件中的焦糖十字分流块，检测结果仅作为中间状态。最终需要判断火星车悬架试验间稳定状态会签3100号应继续现有能力、结束，还是进入迁移评估。自然语言里的故障等级和预算描述没有路由优先级，只读取本 query 最新 observation 的结构化键值。错误状态仅在 retryable=true 与 retry_count=0 同时成立时复用原检测器一次，否则调用迁移顾问。正常状态需要候选数、置信度、跨提示一致性和域偏移四个门槛全部通过才结束，任一否决项都转迁移。缺省、非法、冲突状态采取保守分支；已经重试一次的结果不能再次触发检测器。检测器必须设置 finish_after_tool=false；迁移顾问使用当前图片和视觉探针并设置 finish_after_tool=true。,True,examples/images/planner_retry_optimizer_matched_v12/caramel_cross_diverter.png,"[{""action"": ""qwen_detection"", ""arg_contains"": {""label"": [""焦糖十字分流块""]}, ""decision_type"": ""tool"", ""required_args"": {""finish_after_tool"": false}}, {""action"": ""qwen_detection"", ""arg_contains"": {""label"": [""焦糖十字分流块""]}, ""decision_type"": ""tool"", ""required_args"": {""finish_after_tool"": false}}, {""arg_contains"": {}, ""decision_type"": ""end"", ""required_args"": {""end_reason"": ""memory_hit""}}]","[""rag_answer"", ""re_question"", ""answerer"", ""flux-image-generation"", ""rexomni_detection"", ""pipeline_eval"", ""migration_advisor""]","{""action_match"": 0.65, ""argument_match"": 0.1, ""decision_type_valid"": 0.03, ""final_tool_finish"": 0.1, ""finish_after_tool"": 0.1, ""json_valid"": 0.02, ""no_forbidden_action"": 0.1, ""no_premature_stop"": 0.1, ""no_repeated_tool"": 0.1, ""no_skip_required_probe"": 0.1, ""strict_action_match"": true, ""strict_argument_types"": true, ""wrong_action_cap"": 0.2}",False,0.75625,"[""qwen_detection"", ""qwen_detection"", ""qwen_detection""]",qwen_detection,"[{""_planner_metrics"": {""api_call_ms"": 6427.923, ""first_api_call_ms"": 6427.923, ""first_finish_reason"": ""stop"", ""first_input_tokens"": 4023, ""first_output_tokens"": 48, ""first_total_tokens"": 4071, ""input_tokens"": 4023, ""output_tokens"": 48, ""parse_ms"": 0.125, ""planner_total_ms"": 6441.431, ""prompt_build_ms"": 0.42, ""retry_count"": 0, ""retry_reason"": """", ""total_tokens"": 4071}, ""action"": ""qwen_detection"", ""action_input"": {""finish_after_tool"": false, ""label"": ""焦糖十字分流块""}, ""clarification_question"": """", ""decision_type"": ""tool"", ""end_reason"": """", ""final_answer"": """", ""thought"": ""先执行用户指定的检测器以取得当前结构化状态。""}, {""_planner_metrics"": {""api_call_ms"": 6672.59, ""first_api_call_ms"": 6672.59, ""first_finish_reason"": ""stop"", ""first_input_tokens"": 4331, ""first_output_tokens"": 49, ""first_total_tokens"": 4380, ""input_tokens"": 4331, ""output_tokens"": 49, ""parse_ms"": 0.146, ""planner_total_ms"": 6687.062, ""prompt_build_ms"": 0.499, ""retry_count"": 0, ""retry_reason"": """", ""total_tokens"": 4380}, ""action"": ""qwen_detection"", ""action_input"": {""finish_after_tool"": false, ""label"": ""焦糖十字分流块""}, ""clarification_question"": """", ""decision_type"": ""tool"", ""end_reason"": """", ""final_answer"": """", ""thought"": ""最新状态满足错误重试条件，需要复用同一检测器。""}, {""_planner_metrics"": {""api_call_ms"": 7047.77, ""first_api_call_ms"": 7047.77, ""first_finish_reason"": ""stop"", ""first_input_tokens"": 4633, ""first_output_tokens"": 51, ""first_total_tokens"": 4684, ""input_tokens"": 4633, ""output_tokens"": 51, ""parse_ms"": 0.126, ""planner_total_ms"": 7062.373, ""prompt_build_ms"": 0.62, ""retry_count"": 0, ""retry_reason"": """", ""total_tokens"": 4684}, ""action"": ""qwen_detection"", ""action_input"": {""finish_after_tool"": false, ""label"": ""焦糖十字分流块""}, ""clarification_question"": """", ""decision_type"": ""tool"", ""end_reason"": """", ""final_answer"": """", ""thought"": ""最新状态未满足结束或迁移条件，需要继续按规则推进。""}]","step3:decision_type expected 'end', got 'tool' | step3:action expected 'end', got 'qwen_detection' | step3:arg 'end_reason' expected 'memory_hit', got ''",6441.431,6427.923,4023,48,0,1,False,True
PROMV12-TA-002-QWEN-CS2,current_success_step2,迁移队列已经建立，请先裁决最新机器状态：先使用Qwen检测附件中的焦糖十字分流块，检测结果仅作为中间状态。最终需要判断火星车悬架试验间重试边界复审7063号应继续现有能力、结束，还是进入迁移评估。自然语言里的故障等级和预算描述没有路由优先级，只读取本 query 最新 observation 的结构化键值。错误状态仅在 retryable=true 与 retry_count=0 同时成立时复用原检测器一次，否则调用迁移顾问。正常状态需要候选数、置信度、跨提示一致性和域偏移四个门槛全部通过才结束，任一否决项都转迁移。缺省、非法、冲突状态采取保守分支；已经重试一次的结果不能再次触发检测器。检测器必须设置 finish_after_tool=false；迁移顾问使用当前图片和视觉探针并设置 finish_after_tool=true。,True,examples/images/planner_retry_optimizer_matched_v12/caramel_cross_diverter.png,"[{""action"": ""qwen_detection"", ""arg_contains"": {""label"": [""焦糖十字分流块""]}, ""decision_type"": ""tool"", ""required_args"": {""finish_after_tool"": false}}, {""arg_contains"": {}, ""decision_type"": ""end"", ""required_args"": {""end_reason"": ""memory_hit""}}]","[""rag_answer"", ""re_question"", ""answerer"", ""flux-image-generation"", ""rexomni_detection"", ""pipeline_eval"", ""migration_advisor""]","{""action_match"": 0.65, ""argument_match"": 0.1, ""decision_type_valid"": 0.03, ""final_tool_finish"": 0.1, ""finish_after_tool"": 0.1, ""json_valid"": 0.02, ""no_forbidden_action"": 0.1, ""no_premature_stop"": 0.1, ""no_repeated_tool"": 0.1, ""no_skip_required_probe"": 0.1, ""strict_action_match"": true, ""strict_argument_types"": true, ""wrong_action_cap"": 0.2}",True,1.0,"[""qwen_detection"", ""final_answer""]",qwen_detection,"[{""_planner_metrics"": {""api_call_ms"": 6461.576, ""first_api_call_ms"": 6461.576, ""first_finish_reason"": ""stop"", ""first_input_tokens"": 4014, ""first_output_tokens"": 48, ""first_total_tokens"": 4062, ""input_tokens"": 4014, ""output_tokens"": 48, ""parse_ms"": 0.125, ""planner_total_ms"": 6474.912, ""prompt_build_ms"": 0.423, ""retry_count"": 0, ""retry_reason"": """", ""total_tokens"": 4062}, ""action"": ""qwen_detection"", ""action_input"": {""finish_after_tool"": false, ""label"": ""焦糖十字分流块""}, ""clarification_question"": """", ""decision_type"": ""tool"", ""end_reason"": """", ""final_answer"": """", ""thought"": ""先执行用户指定的检测器以取得当前结构化状态。""}, {""_planner_metrics"": {""api_call_ms"": 5569.095, ""first_api_call_ms"": 5569.095, ""first_finish_reason"": ""stop"", ""first_input_tokens"": 4314, ""first_output_tokens"": 38, ""first_total_tokens"": 4352, ""input_tokens"": 4314, ""output_tokens"": 38, ""parse_ms"": 0.118, ""planner_total_ms"": 5583.323, ""prompt_build_ms"": 0.453, ""retry_count"": 0, ""retry_reason"": """", ""total_tokens"": 4352}, ""action"": ""final_answer"", ""action_input"": {}, ""clarification_question"": """", ""decision_type"": ""end"", ""end_reason"": ""memory_hit"", ""final_answer"": """", ""thought"": ""最新结构化状态已齐全，需要据此判定是否满足结束、重试或迁移的条件。""}]",,6474.912,6461.576,4014,48,1,1,True,False
PROMV12-TA-010-REX-FR2,fresh_retry_step2,完成本轮异常探针的最终路由：先使用Rex-Omni检测附件中的焦糖十字分流块，检测结果仅作为中间状态。最终需要判断非晶合金铸造炉重试边界复审8156号应继续现有能力、结束，还是进入迁移评估。自然语言里的故障等级和预算描述没有路由优先级，只读取本 query 最新 observation 的结构化键值。错误状态仅在 retryable=true 与 retry_count=0 同时成立时复用原检测器一次，否则调用迁移顾问。正常状态需要候选数、置信度、跨提示一致性和域偏移四个门槛全部通过才结束，任一否决项都转迁移。缺省、非法、冲突状态采取保守分支；已经重试一次的结果不能再次触发检测器。检测器必须设置 finish_after_tool=false；迁移顾问使用当前图片和视觉探针并设置 finish_after_tool=true。,True,examples/images/planner_retry_optimizer_matched_v12/caramel_cross_diverter.png,"[{""action"": ""rexomni_detection"", ""arg_contains"": {""label"": [""焦糖十字分流块""]}, ""decision_type"": ""tool"", ""required_args"": {""finish_after_tool"": false}}, {""action"": ""rexomni_detection"", ""arg_contains"": {""label"": [""焦糖十字分流块""]}, ""decision_type"": ""tool"", ""required_args"": {""finish_after_tool"": false}}, {""arg_contains"": {}, ""decision_type"": ""end"", ""required_args"": {""end_reason"": ""memory_hit""}}]","[""rag_answer"", ""re_question"", ""answerer"", ""flux-image-generation"", ""qwen_detection"", ""pipeline_eval"", ""migration_advisor""]","{""action_match"": 0.65, ""argument_match"": 0.1, ""decision_type_valid"": 0.03, ""final_tool_finish"": 0.1, ""finish_after_tool"": 0.1, ""json_valid"": 0.02, ""no_forbidden_action"": 0.1, ""no_premature_stop"": 0.1, ""no_repeated_tool"": 0.1, ""no_skip_required_probe"": 0.1, ""strict_action_match"": true, ""strict_argument_types"": true, ""wrong_action_cap"": 0.2}",False,0.75625,"[""rexomni_detection"", ""rexomni_detection"", ""rexomni_detection""]",rexomni_detection,"[{""_planner_metrics"": {""api_call_ms"": 6712.891, ""first_api_call_ms"": 6712.891, ""first_finish_reason"": ""stop"", ""first_input_tokens"": 4015, ""first_output_tokens"": 49, ""first_total_tokens"": 4064, ""input_tokens"": 4015, ""output_tokens"": 49, ""parse_ms"": 0.154, ""planner_total_ms"": 6726.458, ""prompt_build_ms"": 0.464, ""retry_count"": 0, ""retry_reason"": """", ""total_tokens"": 4064}, ""action"": ""rexomni_detection"", ""action_input"": {""finish_after_tool"": false, ""label"": ""焦糖十字分流块""}, ""clarification_question"": """", ""decision_type"": ""tool"", ""end_reason"": """", ""final_answer"": """", ""thought"": ""先执行用户指定的检测器以取得当前结构化状态。""}, {""_planner_metrics"": {""api_call_ms"": 7414.698, ""first_api_call_ms"": 7414.698, ""first_finish_reason"": ""stop"", ""first_input_tokens"": 4318, ""first_output_tokens"": 53, ""first_total_tokens"": 4371, ""input_tokens"": 4318, ""output_tokens"": 53, ""parse_ms"": 0.154, ""planner_total_ms"": 7429.817, ""prompt_build_ms"": 0.471, ""retry_count"": 0, ""retry_reason"": """", ""total_tokens"": 4371}, ""action"": ""rexomni_detection"", ""action_input"": {""finish_after_tool"": false, ""label"": ""焦糖十字分流块""}, ""clarification_question"": """", ""decision_type"": ""tool"", ""end_reason"": """", ""final_answer"": """", ""thought"": ""最新状态满足错误状态的重试条件，需要再次使用同一检测器。""}, {""_planner_metrics"": {""api_call_ms"": 7377.671, ""first_api_call_ms"": 7377.671, ""first_finish_reason"": ""stop"", ""first_input_tokens"": 4620, ""first_output_tokens"": 53, ""first_total_tokens"": 4673, ""input_tokens"": 4620, ""output_tokens"": 53, ""parse_ms"": 0.201, ""planner_total_ms"": 7394.163, ""prompt_build_ms"": 0.504, ""retry_count"": 0, ""retry_reason"": """", ""total_tokens"": 4673}, ""action"": ""rexomni_detection"", ""action_input"": {""finish_after_tool"": false, ""label"": ""焦糖十字分流块""}, ""clarification_question"": """", ""decision_type"": ""tool"", ""end_reason"": """", ""final_answer"": """", ""thought"": ""最新状态满足错误状态的重试条件，需要再次使用同一检测器。""}]","step3:decision_type expected 'end', got 'tool' | step3:action expected 'end', got 'rexomni_detection' | step3:arg 'end_reason' expected 'memory_hit', got ''",6726.458,6712.891,4015,49,0,1,False,True
PROMV12-TA-004-REX-BE2,budget_exhausted_step2,迁移队列已经建立，请先裁决最新机器状态：先使用Rex-Omni检测附件中的冰青三辐锁紧轮，检测结果仅作为中间状态。最终需要判断类器官灌流培养台异常路径终验2905号应继续现有能力、结束，还是进入迁移评估。自然语言里的故障等级和预算描述没有路由优先级，只读取本 query 最新 observation 的结构化键值。错误状态仅在 retryable=true 与 retry_count=0 同时成立时复用原检测器一次，否则调用迁移顾问。正常状态需要候选数、置信度、跨提示一致性和域偏移四个门槛全部通过才结束，任一否决项都转迁移。缺省、非法、冲突状态采取保守分支；已经重试一次的结果不能再次触发检测器。检测器必须设置 finish_after_tool=false；迁移顾问使用当前图片和视觉探针并设置 finish_after_tool=true。,True,examples/images/planner_retry_optimizer_matched_v12/icecyan_three_spoke_lockwheel.png,"[{""action"": ""rexomni_detection"", ""arg_contains"": {""label"": [""冰青三辐锁紧轮""]}, ""decision_type"": ""tool"", ""required_args"": {""finish_after_tool"": false}}, {""action"": ""migration_advisor"", ""arg_contains"": {""user_query"": [""类器官灌流培养台异常路径终验2905号""]}, ""decision_type"": ""tool"", ""required_args"": {""finish_after_tool"": true, ""use_image"": true, ""use_visual_probe"": true}}]","[""rag_answer"", ""re_question"", ""answerer"", ""flux-image-generation"", ""qwen_detection"", ""pipeline_eval""]","{""action_match"": 0.65, ""argument_match"": 0.1, ""decision_type_valid"": 0.03, ""final_tool_finish"": 0.1, ""finish_after_tool"": 0.1, ""json_valid"": 0.02, ""no_forbidden_action"": 0.1, ""no_premature_stop"": 0.1, ""no_repeated_tool"": 0.1, ""no_skip_required_probe"": 0.1, ""strict_action_match"": true, ""strict_argument_types"": true, ""wrong_action_cap"": 0.2}",True,1.0,"[""rexomni_detection"", ""migration_advisor""]",rexomni_detection,"[{""_planner_metrics"": {""api_call_ms"": 7220.446, ""first_api_call_ms"": 7220.446, ""first_finish_reason"": ""stop"", ""first_input_tokens"": 4034, ""first_output_tokens"": 52, ""first_total_tokens"": 4086, ""input_tokens"": 4034, ""output_tokens"": 52, ""parse_ms"": 0.178, ""planner_total_ms"": 7236.289, ""prompt_build_ms"": 0.426, ""retry_count"": 0, ""retry_reason"": """", ""total_tokens"": 4086}, ""action"": ""rexomni_detection"", ""action_input"": {""finish_after_tool"": false, ""label"": ""冰青三辐锁紧轮""}, ""clarification_question"": """", ""decision_type"": ""tool"", ""end_reason"": """", ""final_answer"": """", ""thought"": ""先执行用户指定的检测器以取得当前结构化状态。""}, {""_planner_metrics"": {""api_call_ms"": 9597.041, ""first_api_call_ms"": 9597.041, ""first_finish_reason"": ""stop"", ""first_input_tokens"": 4350, ""first_output_tokens"": 74, ""first_total_tokens"": 4424, ""input_tokens"": 4350, ""output_tokens"": 74, ""parse_ms"": 0.173, ""planner_total_ms"": 9612.795, ""prompt_build_ms"": 0.531, ""retry_count"": 0, ""retry_reason"": """", ""total_tokens"": 4424}, ""action"": ""migration_advisor"", ""action_input"": {""finish_after_tool"": true, ""use_image"": true, ""use_visual_probe"": true, ""user_query"": ""类器官灌流培养台异常路径终验2905号""}, ""clarification_question"": """", ""decision_type"": ""tool"", ""end_reason"": """", ""final_answer"": """", ""thought"": ""最新状态未满足结束或重试条件，需要进入能力迁移评估。""}]",,7236.289,7220.446,4034,52,1,1,True,False
PROMV12-TA-004-QWEN-PE3,post_retry_error_step3,迁移队列已经建立，请先裁决最新机器状态：先使用Qwen检测附件中的冰青三辐锁紧轮，检测结果仅作为中间状态。最终需要判断类器官灌流培养台异常路径终验2905号应继续现有能力、结束，还是进入迁移评估。自然语言里的故障等级和预算描述没有路由优先级，只读取本 query 最新 observation 的结构化键值。错误状态仅在 retryable=true 与 retry_count=0 同时成立时复用原检测器一次，否则调用迁移顾问。正常状态需要候选数、置信度、跨提示一致性和域偏移四个门槛全部通过才结束，任一否决项都转迁移。缺省、非法、冲突状态采取保守分支；已经重试一次的结果不能再次触发检测器。检测器必须设置 finish_after_tool=false；迁移顾问使用当前图片和视觉探针并设置 finish_after_tool=true。,True,examples/images/planner_retry_optimizer_matched_v12/icecyan_three_spoke_lockwheel.png,"[{""action"": ""qwen_detection"", ""arg_contains"": {""label"": [""冰青三辐锁紧轮""]}, ""decision_type"": ""tool"", ""required_args"": {""finish_after_tool"": false}}, {""action"": ""qwen_detection"", ""arg_contains"": {""label"": [""冰青三辐锁紧轮""]}, ""decision_type"": ""tool"", ""required_args"": {""finish_after_tool"": false}}, {""action"": ""migration_advisor"", ""arg_contains"": {""user_query"": [""类器官灌流培养台异常路径终验2905号""]}, ""decision_type"": ""tool"", ""required_args"": {""finish_after_tool"": true, ""use_image"": true, ""use_visual_probe"": true}}]","[""rag_answer"", ""re_question"", ""answerer"", ""flux-image-generation"", ""rexomni_detection"", ""pipeline_eval""]","{""action_match"": 0.65, ""argument_match"": 0.1, ""decision_type_valid"": 0.03, ""final_tool_finish"": 0.1, ""finish_after_tool"": 0.1, ""json_valid"": 0.02, ""no_forbidden_action"": 0.1, ""no_premature_stop"": 0.1, ""no_repeated_tool"": 0.1, ""no_skip_required_probe"": 0.1, ""strict_action_match"": true, ""strict_argument_types"": true, ""wrong_action_cap"": 0.2}",False,0.734375,"[""qwen_detection"", ""qwen_detection"", ""qwen_detection""]",qwen_detection,"[{""_planner_metrics"": {""api_call_ms"": 6704.446, ""first_api_call_ms"": 6704.446, ""first_finish_reason"": ""stop"", ""first_input_tokens"": 4028, ""first_output_tokens"": 51, ""first_total_tokens"": 4079, ""input_tokens"": 4028, ""output_tokens"": 51, ""parse_ms"": 0.161, ""planner_total_ms"": 6719.806, ""prompt_build_ms"": 0.465, ""retry_count"": 0, ""retry_reason"": """", ""total_tokens"": 4079}, ""action"": ""qwen_detection"", ""action_input"": {""finish_after_tool"": false, ""label"": ""冰青三辐锁紧轮""}, ""clarification_question"": """", ""decision_type"": ""tool"", ""end_reason"": """", ""final_answer"": """", ""thought"": ""先执行用户指定的检测器以取得当前结构化状态。""}, {""_planner_metrics"": {""api_call_ms"": 7101.052, ""first_api_call_ms"": 7101.052, ""first_finish_reason"": ""stop"", ""first_input_tokens"": 4341, ""first_output_tokens"": 53, ""first_total_tokens"": 4394, ""input_tokens"": 4341, ""output_tokens"": 53, ""parse_ms"": 0.146, ""planner_total_ms"": 7116.629, ""prompt_build_ms"": 0.541, ""retry_count"": 0, ""retry_reason"": """", ""total_tokens"": 4394}, ""action"": ""qwen_detection"", ""action_input"": {""finish_after_tool"": false, ""label"": ""冰青三辐锁紧轮""}, ""clarification_question"": """", ""decision_type"": ""tool"", ""end_reason"": """", ""final_answer"": """", ""thought"": ""最新状态满足错误状态重试条件，应继续使用同一检测器。""}, {""_planner_metrics"": {""api_call_ms"": 7187.52, ""first_api_call_ms"": 7187.52, ""first_finish_reason"": ""stop"", ""first_input_tokens"": 4652, ""first_output_tokens"": 53, ""first_total_tokens"": 4705, ""input_tokens"": 4652, ""output_tokens"": 53, ""parse_ms"": 0.196, ""planner_total_ms"": 7202.693, ""prompt_build_ms"": 0.481, ""retry_count"": 0, ""retry_reason"": """", ""total_tokens"": 4705}, ""action"": ""qwen_detection"", ""action_input"": {""finish_after_tool"": false, ""label"": ""冰青三辐锁紧轮""}, ""clarification_question"": """", ""decision_type"": ""tool"", ""end_reason"": """", ""final_answer"": """", ""thought"": ""最新状态满足错误状态重试条件，应继续使用同一检测器。""}]","step3:action expected 'migration_advisor', got 'qwen_detection' | step3:finish_after_tool expected True, got False | step3:arg 'use_image' expected True, got None | step3:arg 'use_visual_probe' expected True, got None | step3:arg 'user_query' expected to contain ['类器官灌流培养台异常路径终验2905号'], got None",6719.806,6704.446,4028,51,0,1,False,True
PROMV12-TA-008-REX-BE2,budget_exhausted_step2,完成本轮异常探针的最终路由：先使用Rex-Omni检测附件中的焦糖十字分流块，检测结果仅作为中间状态。最终需要判断非晶合金铸造炉异常路径终验9752号应继续现有能力、结束，还是进入迁移评估。自然语言里的故障等级和预算描述没有路由优先级，只读取本 query 最新 observation 的结构化键值。错误状态仅在 retryable=true 与 retry_count=0 同时成立时复用原检测器一次，否则调用迁移顾问。正常状态需要候选数、置信度、跨提示一致性和域偏移四个门槛全部通过才结束，任一否决项都转迁移。缺省、非法、冲突状态采取保守分支；已经重试一次的结果不能再次触发检测器。检测器必须设置 finish_after_tool=false；迁移顾问使用当前图片和视觉探针并设置 finish_after_tool=true。,True,examples/images/planner_retry_optimizer_matched_v12/caramel_cross_diverter.png,"[{""action"": ""rexomni_detection"", ""arg_contains"": {""label"": [""焦糖十字分流块""]}, ""decision_type"": ""tool"", ""required_args"": {""finish_after_tool"": false}}, {""action"": ""migration_advisor"", ""arg_contains"": {""user_query"": [""非晶合金铸造炉异常路径终验9752号""]}, ""decision_type"": ""tool"", ""required_args"": {""finish_after_tool"": true, ""use_image"": true, ""use_visual_probe"": true}}]","[""rag_answer"", ""re_question"", ""answerer"", ""flux-image-generation"", ""qwen_detection"", ""pipeline_eval""]","{""action_match"": 0.65, ""argument_match"": 0.1, ""decision_type_valid"": 0.03, ""final_tool_finish"": 0.1, ""finish_after_tool"": 0.1, ""json_valid"": 0.02, ""no_forbidden_action"": 0.1, ""no_premature_stop"": 0.1, ""no_repeated_tool"": 0.1, ""no_skip_required_probe"": 0.1, ""strict_action_match"": true, ""strict_argument_types"": true, ""wrong_action_cap"": 0.2}",True,1.0,"[""rexomni_detection"", ""migration_advisor""]",rexomni_detection,"[{""_planner_metrics"": {""api_call_ms"": 6517.498, ""first_api_call_ms"": 6517.498, ""first_finish_reason"": ""stop"", ""first_input_tokens"": 4017, ""first_output_tokens"": 49, ""first_total_tokens"": 4066, ""input_tokens"": 4017, ""output_tokens"": 49, ""parse_ms"": 0.138, ""planner_total_ms"": 6531.67, ""prompt_build_ms"": 0.43, ""retry_count"": 0, ""retry_reason"": """", ""total_tokens"": 4066}, ""action"": ""rexomni_detection"", ""action_input"": {""finish_after_tool"": false, ""label"": ""焦糖十字分流块""}, ""clarification_question"": """", ""decision_type"": ""tool"", ""end_reason"": """", ""final_answer"": """", ""thought"": ""先执行用户指定的检测器以取得当前结构化状态。""}, {""_planner_metrics"": {""api_call_ms"": 9122.256, ""first_api_call_ms"": 9122.256, ""first_finish_reason"": ""stop"", ""first_input_tokens"": 4324, ""first_output_tokens"": 73, ""first_total_tokens"": 4397, ""input_tokens"": 4324, ""output_tokens"": 73, ""parse_ms"": 0.162, ""planner_total_ms"": 9136.37, ""prompt_build_ms"": 0.385, ""retry_count"": 0, ""retry_reason"": """", ""total_tokens"": 4397}, ""action"": ""migration_advisor"", ""action_input"": {""finish_after_tool"": true, ""use_image"": true, ""use_visual_probe"": true, ""user_query"": ""非晶合金铸造炉异常路径终验9752号""}, ""clarification_question"": """", ""decision_type"": ""tool"", ""end_reason"": """", ""final_answer"": """", ""thought"": ""最新状态未满足结束或重试条件，需要进入能力迁移评估。""}]",,6531.67,6517.498,4017,49,1,1,True,False
PROMV12-TA-011-QWEN-CF2,conflicting_state_step2,迁移队列已经建立，请先裁决最新机器状态：先使用Qwen检测附件中的焦糖十字分流块，检测结果仅作为中间状态。最终需要判断非晶合金铸造炉稳定状态会签6874号应继续现有能力、结束，还是进入迁移评估。自然语言里的故障等级和预算描述没有路由优先级，只读取本 query 最新 observation 的结构化键值。错误状态仅在 retryable=true 与 retry_count=0 同时成立时复用原检测器一次，否则调用迁移顾问。正常状态需要候选数、置信度、跨提示一致性和域偏移四个门槛全部通过才结束，任一否决项都转迁移。缺省、非法、冲突状态采取保守分支；已经重试一次的结果不能再次触发检测器。检测器必须设置 finish_after_tool=false；迁移顾问使用当前图片和视觉探针并设置 finish_after_tool=true。,True,examples/images/planner_retry_optimizer_matched_v12/caramel_cross_diverter.png,"[{""action"": ""qwen_detection"", ""arg_contains"": {""label"": [""焦糖十字分流块""]}, ""decision_type"": ""tool"", ""required_args"": {""finish_after_tool"": false}}, {""action"": ""migration_advisor"", ""arg_contains"": {""user_query"": [""非晶合金铸造炉稳定状态会签6874号""]}, ""decision_type"": ""tool"", ""required_args"": {""finish_after_tool"": true, ""use_image"": true, ""use_visual_probe"": true}}]","[""rag_answer"", ""re_question"", ""answerer"", ""flux-image-generation"", ""rexomni_detection"", ""pipeline_eval""]","{""action_match"": 0.65, ""argument_match"": 0.1, ""decision_type_valid"": 0.03, ""final_tool_finish"": 0.1, ""finish_after_tool"": 0.1, ""json_valid"": 0.02, ""no_forbidden_action"": 0.1, ""no_premature_stop"": 0.1, ""no_repeated_tool"": 0.1, ""no_skip_required_probe"": 0.1, ""strict_action_match"": true, ""strict_argument_types"": true, ""wrong_action_cap"": 0.2}",True,1.0,"[""qwen_detection"", ""migration_advisor""]",qwen_detection,"[{""_planner_metrics"": {""api_call_ms"": 6361.432, ""first_api_call_ms"": 6361.432, ""first_finish_reason"": ""stop"", ""first_input_tokens"": 4019, ""first_output_tokens"": 48, ""first_total_tokens"": 4067, ""input_tokens"": 4019, ""output_tokens"": 48, ""parse_ms"": 0.144, ""planner_total_ms"": 6375.282, ""prompt_build_ms"": 0.447, ""retry_count"": 0, ""retry_reason"": """", ""total_tokens"": 4067}, ""action"": ""qwen_detection"", ""action_input"": {""finish_after_tool"": false, ""label"": ""焦糖十字分流块""}, ""clarification_question"": """", ""decision_type"": ""tool"", ""end_reason"": """", ""final_answer"": """", ""thought"": ""先执行用户指定的检测器以取得当前结构化状态。""}, {""_planner_metrics"": {""api_call_ms"": 9129.994, ""first_api_call_ms"": 9129.994, ""first_finish_reason"": ""stop"", ""first_input_tokens"": 4309, ""first_output_tokens"": 73, ""first_total_tokens"": 4382, ""input_tokens"": 4309, ""output_tokens"": 73, ""parse_ms"": 0.148, ""planner_total_ms"": 9144.861, ""prompt_build_ms"": 0.481, ""retry_count"": 0, ""retry_reason"": """", ""total_tokens"": 4382}, ""action"": ""migration_advisor"", ""action_input"": {""finish_after_tool"": true, ""use_image"": true, ""use_visual_probe"": true, ""user_query"": ""非晶合金铸造炉稳定状态会签6874号""}, ""clarification_question"": """", ""decision_type"": ""tool"", ""end_reason"": """", ""final_answer"": """", ""thought"": ""最新状态未满足结束或迁移条件，需要继续按规则处理。""}]",,6375.282,6361.432,4019,48,1,1,True,False
PROMV12-TA-004-QWEN-BE2,budget_exhausted_step2,迁移队列已经建立，请先裁决最新机器状态：先使用Qwen检测附件中的冰青三辐锁紧轮，检测结果仅作为中间状态。最终需要判断类器官灌流培养台异常路径终验2905号应继续现有能力、结束，还是进入迁移评估。自然语言里的故障等级和预算描述没有路由优先级，只读取本 query 最新 observation 的结构化键值。错误状态仅在 retryable=true 与 retry_count=0 同时成立时复用原检测器一次，否则调用迁移顾问。正常状态需要候选数、置信度、跨提示一致性和域偏移四个门槛全部通过才结束，任一否决项都转迁移。缺省、非法、冲突状态采取保守分支；已经重试一次的结果不能再次触发检测器。检测器必须设置 finish_after_tool=false；迁移顾问使用当前图片和视觉探针并设置 finish_after_tool=true。,True,examples/images/planner_retry_optimizer_matched_v12/icecyan_three_spoke_lockwheel.png,"[{""action"": ""qwen_detection"", ""arg_contains"": {""label"": [""冰青三辐锁紧轮""]}, ""decision_type"": ""tool"", ""required_args"": {""finish_after_tool"": false}}, {""action"": ""migration_advisor"", ""arg_contains"": {""user_query"": [""类器官灌流培养台异常路径终验2905号""]}, ""decision_type"": ""tool"", ""required_args"": {""finish_after_tool"": true, ""use_image"": true, ""use_visual_probe"": true}}]","[""rag_answer"", ""re_question"", ""answerer"", ""flux-image-generation"", ""rexomni_detection"", ""pipeline_eval""]","{""action_match"": 0.65, ""argument_match"": 0.1, ""decision_type_valid"": 0.03, ""final_tool_finish"": 0.1, ""finish_after_tool"": 0.1, ""json_valid"": 0.02, ""no_forbidden_action"": 0.1, ""no_premature_stop"": 0.1, ""no_repeated_tool"": 0.1, ""no_skip_required_probe"": 0.1, ""strict_action_match"": true, ""strict_argument_types"": true, ""wrong_action_cap"": 0.2}",False,0.586957,"[""qwen_detection"", ""qwen_detection""]",qwen_detection,"[{""_planner_metrics"": {""api_call_ms"": 6661.468, ""first_api_call_ms"": 6661.468, ""first_finish_reason"": ""stop"", ""first_input_tokens"": 4028, ""first_output_tokens"": 51, ""first_total_tokens"": 4079, ""input_tokens"": 4028, ""output_tokens"": 51, ""parse_ms"": 0.157, ""planner_total_ms"": 6674.76, ""prompt_build_ms"": 0.422, ""retry_count"": 0, ""retry_reason"": """", ""total_tokens"": 4079}, ""action"": ""qwen_detection"", ""action_input"": {""finish_after_tool"": false, ""label"": ""冰青三辐锁紧轮""}, ""clarification_question"": """", ""decision_type"": ""tool"", ""end_reason"": """", ""final_answer"": """", ""thought"": ""先执行用户指定的检测器以取得当前结构化状态。""}, {""_planner_metrics"": {""api_call_ms"": 7153.979, ""first_api_call_ms"": 7153.979, ""first_finish_reason"": ""stop"", ""first_input_tokens"": 4338, ""first_output_tokens"": 54, ""first_total_tokens"": 4392, ""input_tokens"": 4338, ""output_tokens"": 54, ""parse_ms"": 0.225, ""planner_total_ms"": 7169.716, ""prompt_build_ms"": 0.519, ""retry_count"": 0, ""retry_reason"": """", ""total_tokens"": 4392}, ""action"": ""qwen_detection"", ""action_input"": {""finish_after_tool"": false, ""label"": ""冰青三辐锁紧轮""}, ""clarification_question"": """", ""decision_type"": ""tool"", ""end_reason"": """", ""final_answer"": """", ""thought"": ""最新状态未满足结束或迁移条件，需要继续获取结构化信息。""}]","step2:action expected 'migration_advisor', got 'qwen_detection' | step2:finish_after_tool expected True, got False | step2:arg 'use_image' expected True, got None | step2:arg 'use_visual_probe' expected True, got None | step2:arg 'user_query' expected to contain ['类器官灌流培养台异常路径终验2905号'], got None",6674.76,6661.468,4028,51,0,1,False,True
PROMV12-TA-008-QWEN-BE2,budget_exhausted_step2,完成本轮异常探针的最终路由：先使用Qwen检测附件中的焦糖十字分流块，检测结果仅作为中间状态。最终需要判断非晶合金铸造炉异常路径终验9752号应继续现有能力、结束，还是进入迁移评估。自然语言里的故障等级和预算描述没有路由优先级，只读取本 query 最新 observation 的结构化键值。错误状态仅在 retryable=true 与 retry_count=0 同时成立时复用原检测器一次，否则调用迁移顾问。正常状态需要候选数、置信度、跨提示一致性和域偏移四个门槛全部通过才结束，任一否决项都转迁移。缺省、非法、冲突状态采取保守分支；已经重试一次的结果不能再次触发检测器。检测器必须设置 finish_after_tool=false；迁移顾问使用当前图片和视觉探针并设置 finish_after_tool=true。,True,examples/images/planner_retry_optimizer_matched_v12/caramel_cross_diverter.png,"[{""action"": ""qwen_detection"", ""arg_contains"": {""label"": [""焦糖十字分流块""]}, ""decision_type"": ""tool"", ""required_args"": {""finish_after_tool"": false}}, {""action"": ""migration_advisor"", ""arg_contains"": {""user_query"": [""非晶合金铸造炉异常路径终验9752号""]}, ""decision_type"": ""tool"", ""required_args"": {""finish_after_tool"": true, ""use_image"": true, ""use_visual_probe"": true}}]","[""rag_answer"", ""re_question"", ""answerer"", ""flux-image-generation"", ""rexomni_detection"", ""pipeline_eval""]","{""action_match"": 0.65, ""argument_match"": 0.1, ""decision_type_valid"": 0.03, ""final_tool_finish"": 0.1, ""finish_after_tool"": 0.1, ""json_valid"": 0.02, ""no_forbidden_action"": 0.1, ""no_premature_stop"": 0.1, ""no_repeated_tool"": 0.1, ""no_skip_required_probe"": 0.1, ""strict_action_match"": true, ""strict_argument_types"": true, ""wrong_action_cap"": 0.2}",True,1.0,"[""qwen_detection"", ""migration_advisor""]",qwen_detection,"[{""_planner_metrics"": {""api_call_ms"": 6362.045, ""first_api_call_ms"": 6362.045, ""first_finish_reason"": ""stop"", ""first_input_tokens"": 4011, ""first_output_tokens"": 48, ""first_total_tokens"": 4059, ""input_tokens"": 4011, ""output_tokens"": 48, ""parse_ms"": 0.147, ""planner_total_ms"": 6375.807, ""prompt_build_ms"": 0.452, ""retry_count"": 0, ""retry_reason"": """", ""total_tokens"": 4059}, ""action"": ""qwen_detection"", ""action_input"": {""finish_after_tool"": false, ""label"": ""焦糖十字分流块""}, ""clarification_question"": """", ""decision_type"": ""tool"", ""end_reason"": """", ""final_answer"": """", ""thought"": ""先执行用户指定的检测器以取得当前结构化状态。""}, {""_planner_metrics"": {""api_call_ms"": 9160.33, ""first_api_call_ms"": 9160.33, ""first_finish_reason"": ""stop"", ""first_input_tokens"": 4314, ""first_output_tokens"": 73, ""first_total_tokens"": 4387, ""input_tokens"": 4314, ""output_tokens"": 73, ""parse_ms"": 0.145, ""planner_total_ms"": 9176.494, ""prompt_build_ms"": 0.472, ""retry_count"": 0, ""retry_reason"": """", ""total_tokens"": 4387}, ""action"": ""migration_advisor"", ""action_input"": {""finish_after_tool"": true, ""use_image"": true, ""use_visual_probe"": true, ""user_query"": ""非晶合金铸造炉异常路径终验9752号""}, ""clarification_question"": """", ""decision_type"": ""tool"", ""end_reason"": """", ""final_answer"": """", ""thought"": ""最新状态未满足结束或重试条件，需要进入能力迁移评估。""}]",,6375.807,6362.045,4011,48,1,1,True,False
PROMV12-TA-001-QWEN-CF2,conflicting_state_step2,旧故障结论不得覆盖最后一条结构化回执：先使用Qwen检测附件中的冰青三辐锁紧轮，检测结果仅作为中间状态。最终需要判断火星车悬架试验间异常路径终验7873号应继续现有能力、结束，还是进入迁移评估。自然语言里的故障等级和预算描述没有路由优先级，只读取本 query 最新 observation 的结构化键值。错误状态仅在 retryable=true 与 retry_count=0 同时成立时复用原检测器一次，否则调用迁移顾问。正常状态需要候选数、置信度、跨提示一致性和域偏移四个门槛全部通过才结束，任一否决项都转迁移。缺省、非法、冲突状态采取保守分支；已经重试一次的结果不能再次触发检测器。检测器必须设置 finish_after_tool=false；迁移顾问使用当前图片和视觉探针并设置 finish_after_tool=true。,True,examples/images/planner_retry_optimizer_matched_v12/icecyan_three_spoke_lockwheel.png,"[{""action"": ""qwen_detection"", ""arg_contains"": {""label"": [""冰青三辐锁紧轮""]}, ""decision_type"": ""tool"", ""required_args"": {""finish_after_tool"": false}}, {""action"": ""migration_advisor"", ""arg_contains"": {""user_query"": [""火星车悬架试验间异常路径终验7873号""]}, ""decision_type"": ""tool"", ""required_args"": {""finish_after_tool"": true, ""use_image"": true, ""use_visual_probe"": true}}]","[""rag_answer"", ""re_question"", ""answerer"", ""flux-image-generation"", ""rexomni_detection"", ""pipeline_eval""]","{""action_match"": 0.65, ""argument_match"": 0.1, ""decision_type_valid"": 0.03, ""final_tool_finish"": 0.1, ""finish_after_tool"": 0.1, ""json_valid"": 0.02, ""no_forbidden_action"": 0.1, ""no_premature_stop"": 0.1, ""no_repeated_tool"": 0.1, ""no_skip_required_probe"": 0.1, ""strict_action_match"": true, ""strict_argument_types"": true, ""wrong_action_cap"": 0.2}",True,1.0,"[""qwen_detection"", ""migration_advisor""]",qwen_detection,"[{""_planner_metrics"": {""api_call_ms"": 6621.791, ""first_api_call_ms"": 6621.791, ""first_finish_reason"": ""stop"", ""first_input_tokens"": 4024, ""first_output_tokens"": 51, ""first_total_tokens"": 4075, ""input_tokens"": 4024, ""output_tokens"": 51, ""parse_ms"": 0.137, ""planner_total_ms"": 6635.835, ""prompt_build_ms"": 0.434, ""retry_count"": 0, ""retry_reason"": """", ""total_tokens"": 4075}, ""action"": ""qwen_detection"", ""action_input"": {""finish_after_tool"": false, ""label"": ""冰青三辐锁紧轮""}, ""clarification_question"": """", ""decision_type"": ""tool"", ""end_reason"": """", ""final_answer"": """", ""thought"": ""先执行用户指定的检测器以取得当前结构化状态。""}, {""_planner_metrics"": {""api_call_ms"": 9059.673, ""first_api_call_ms"": 9059.673, ""first_finish_reason"": ""stop"", ""first_input_tokens"": 4326, ""first_output_tokens"": 73, ""first_total_tokens"": 4399, ""input_tokens"": 4326, ""output_tokens"": 73, ""parse_ms"": 0.174, ""planner_total_ms"": 9074.259, ""prompt_build_ms"": 0.524, ""retry_count"": 0, ""retry_reason"": """", ""total_tokens"": 4399}, ""action"": ""migration_advisor"", ""action_input"": {""finish_after_tool"": true, ""use_image"": true, ""use_visual_probe"": true, ""user_query"": ""火星车悬架试验间异常路径终验7873号""}, ""clarification_question"": """", ""decision_type"": ""tool"", ""end_reason"": """", ""final_answer"": """", ""thought"": ""最新状态未满足结束或迁移条件，需要继续按规则推进。""}]",,6635.835,6621.791,4024,51,1,1,True,False
PROMV12-TA-005-QWEN-MS2,missing_required_state_step2,设备失联只是背景，仍须核对当前显式额度：先使用Qwen检测附件中的冰青三辐锁紧轮，检测结果仅作为中间状态。最终需要判断类器官灌流培养台重试边界复审5611号应继续现有能力、结束，还是进入迁移评估。自然语言里的故障等级和预算描述没有路由优先级，只读取本 query 最新 observation 的结构化键值。错误状态仅在 retryable=true 与 retry_count=0 同时成立时复用原检测器一次，否则调用迁移顾问。正常状态需要候选数、置信度、跨提示一致性和域偏移四个门槛全部通过才结束，任一否决项都转迁移。缺省、非法、冲突状态采取保守分支；已经重试一次的结果不能再次触发检测器。检测器必须设置 finish_after_tool=false；迁移顾问使用当前图片和视觉探针并设置 finish_after_tool=true。,True,examples/images/planner_retry_optimizer_matched_v12/icecyan_three_spoke_lockwheel.png,"[{""action"": ""qwen_detection"", ""arg_contains"": {""label"": [""冰青三辐锁紧轮""]}, ""decision_type"": ""tool"", ""required_args"": {""finish_after_tool"": false}}, {""action"": ""migration_advisor"", ""arg_contains"": {""user_query"": [""类器官灌流培养台重试边界复审5611号""]}, ""decision_type"": ""tool"", ""required_args"": {""finish_after_tool"": true, ""use_image"": true, ""use_visual_probe"": true}}]","[""rag_answer"", ""re_question"", ""answerer"", ""flux-image-generation"", ""rexomni_detection"", ""pipeline_eval""]","{""action_match"": 0.65, ""argument_match"": 0.1, ""decision_type_valid"": 0.03, ""final_tool_finish"": 0.1, ""finish_after_tool"": 0.1, ""json_valid"": 0.02, ""no_forbidden_action"": 0.1, ""no_premature_stop"": 0.1, ""no_repeated_tool"": 0.1, ""no_skip_required_probe"": 0.1, ""strict_action_match"": true, ""strict_argument_types"": true, ""wrong_action_cap"": 0.2}",True,1.0,"[""qwen_detection"", ""migration_advisor""]",qwen_detection,"[{""_planner_metrics"": {""api_call_ms"": 6611.862, ""first_api_call_ms"": 6611.862, ""first_finish_reason"": ""stop"", ""first_input_tokens"": 4030, ""first_output_tokens"": 51, ""first_total_tokens"": 4081, ""input_tokens"": 4030, ""output_tokens"": 51, ""parse_ms"": 0.131, ""planner_total_ms"": 6625.0, ""prompt_build_ms"": 0.41, ""retry_count"": 0, ""retry_reason"": """", ""total_tokens"": 4081}, ""action"": ""qwen_detection"", ""action_input"": {""finish_after_tool"": false, ""label"": ""冰青三辐锁紧轮""}, ""clarification_question"": """", ""decision_type"": ""tool"", ""end_reason"": """", ""final_answer"": """", ""thought"": ""先执行用户指定的检测器以取得当前结构化状态。""}, {""_planner_metrics"": {""api_call_ms"": 9107.769, ""first_api_call_ms"": 9107.769, ""first_finish_reason"": ""stop"", ""first_input_tokens"": 4337, ""first_output_tokens"": 73, ""first_total_tokens"": 4410, ""input_tokens"": 4337, ""output_tokens"": 73, ""parse_ms"": 0.145, ""planner_total_ms"": 9122.207, ""prompt_build_ms"": 0.497, ""retry_count"": 0, ""retry_reason"": """", ""total_tokens"": 4410}, ""action"": ""migration_advisor"", ""action_input"": {""finish_after_tool"": true, ""use_image"": true, ""use_visual_probe"": true, ""user_query"": ""类器官灌流培养台重试边界复审5611号""}, ""clarification_question"": """", ""decision_type"": ""tool"", ""end_reason"": """", ""final_answer"": """", ""thought"": ""最新状态未满足结束或重试条件，需要进入能力迁移评估。""}]",,6625.0,6611.862,4030,51,1,1,True,False
PROMV12-TA-001-REX-PE3,post_retry_error_step3,旧故障结论不得覆盖最后一条结构化回执：先使用Rex-Omni检测附件中的冰青三辐锁紧轮，检测结果仅作为中间状态。最终需要判断火星车悬架试验间异常路径终验7873号应继续现有能力、结束，还是进入迁移评估。自然语言里的故障等级和预算描述没有路由优先级，只读取本 query 最新 observation 的结构化键值。错误状态仅在 retryable=true 与 retry_count=0 同时成立时复用原检测器一次，否则调用迁移顾问。正常状态需要候选数、置信度、跨提示一致性和域偏移四个门槛全部通过才结束，任一否决项都转迁移。缺省、非法、冲突状态采取保守分支；已经重试一次的结果不能再次触发检测器。检测器必须设置 finish_after_tool=false；迁移顾问使用当前图片和视觉探针并设置 finish_after_tool=true。,True,examples/images/planner_retry_optimizer_matched_v12/icecyan_three_spoke_lockwheel.png,"[{""action"": ""rexomni_detection"", ""arg_contains"": {""label"": [""冰青三辐锁紧轮""]}, ""decision_type"": ""tool"", ""required_args"": {""finish_after_tool"": false}}, {""action"": ""rexomni_detection"", ""arg_contains"": {""label"": [""冰青三辐锁紧轮""]}, ""decision_type"": ""tool"", ""required_args"": {""finish_after_tool"": false}}, {""action"": ""migration_advisor"", ""arg_contains"": {""user_query"": [""火星车悬架试验间异常路径终验7873号""]}, ""decision_type"": ""tool"", ""required_args"": {""finish_after_tool"": true, ""use_image"": true, ""use_visual_probe"": true}}]","[""rag_answer"", ""re_question"", ""answerer"", ""flux-image-generation"", ""qwen_detection"", ""pipeline_eval""]","{""action_match"": 0.65, ""argument_match"": 0.1, ""decision_type_valid"": 0.03, ""final_tool_finish"": 0.1, ""finish_after_tool"": 0.1, ""json_valid"": 0.02, ""no_forbidden_action"": 0.1, ""no_premature_stop"": 0.1, ""no_repeated_tool"": 0.1, ""no_skip_required_probe"": 0.1, ""strict_action_match"": true, ""strict_argument_types"": true, ""wrong_action_cap"": 0.2}",False,0.734375,"[""rexomni_detection"", ""rexomni_detection"", ""rexomni_detection""]",rexomni_detection,"[{""_planner_metrics"": {""api_call_ms"": 6767.662, ""first_api_call_ms"": 6767.662, ""first_finish_reason"": ""stop"", ""first_input_tokens"": 4030, ""first_output_tokens"": 52, ""first_total_tokens"": 4082, ""input_tokens"": 4030, ""output_tokens"": 52, ""parse_ms"": 0.137, ""planner_total_ms"": 6781.692, ""prompt_build_ms"": 0.47, ""retry_count"": 0, ""retry_reason"": """", ""total_tokens"": 4082}, ""action"": ""rexomni_detection"", ""action_input"": {""finish_after_tool"": false, ""label"": ""冰青三辐锁紧轮""}, ""clarification_question"": """", ""decision_type"": ""tool"", ""end_reason"": """", ""final_answer"": """", ""thought"": ""先执行用户指定的检测器以取得当前结构化状态。""}, {""_planner_metrics"": {""api_call_ms"": 7261.713, ""first_api_call_ms"": 7261.713, ""first_finish_reason"": ""stop"", ""first_input_tokens"": 4345, ""first_output_tokens"": 55, ""first_total_tokens"": 4400, ""input_tokens"": 4345, ""output_tokens"": 55, ""parse_ms"": 0.148, ""planner_total_ms"": 7276.976, ""prompt_build_ms"": 0.507, ""retry_count"": 0, ""retry_reason"": """", ""total_tokens"": 4400}, ""action"": ""rexomni_detection"", ""action_input"": {""finish_after_tool"": false, ""label"": ""冰青三辐锁紧轮""}, ""clarification_question"": """", ""decision_type"": ""tool"", ""end_reason"": """", ""final_answer"": """", ""thought"": ""最新状态未满足结束或迁移条件，需要继续按规则推进。""}, {""_planner_metrics"": {""api_call_ms"": 7341.597, ""first_api_call_ms"": 7341.597, ""first_finish_reason"": ""stop"", ""first_input_tokens"": 4658, ""first_output_tokens"": 55, ""first_total_tokens"": 4713, ""input_tokens"": 4658, ""output_tokens"": 55, ""parse_ms"": 0.149, ""planner_total_ms"": 7356.136, ""prompt_build_ms"": 0.466, ""retry_count"": 0, ""retry_reason"": """", ""total_tokens"": 4713}, ""action"": ""rexomni_detection"", ""action_input"": {""finish_after_tool"": false, ""label"": ""冰青三辐锁紧轮""}, ""clarification_question"": """", ""decision_type"": ""tool"", ""end_reason"": """", ""final_answer"": """", ""thought"": ""最新状态未满足结束或迁移条件，需要继续按规则推进。""}]","step3:action expected 'migration_advisor', got 'rexomni_detection' | step3:finish_after_tool expected True, got False | step3:arg 'use_image' expected True, got None | step3:arg 'use_visual_probe' expected True, got None | step3:arg 'user_query' expected to contain ['火星车悬架试验间异常路径终验7873号'], got None",6781.692,6767.662,4030,52,0,1,False,True
PROMV12-TA-008-REX-PS3,post_retry_success_step3,完成本轮异常探针的最终路由：先使用Rex-Omni检测附件中的焦糖十字分流块，检测结果仅作为中间状态。最终需要判断非晶合金铸造炉异常路径终验9752号应继续现有能力、结束，还是进入迁移评估。自然语言里的故障等级和预算描述没有路由优先级，只读取本 query 最新 observation 的结构化键值。错误状态仅在 retryable=true 与 retry_count=0 同时成立时复用原检测器一次，否则调用迁移顾问。正常状态需要候选数、置信度、跨提示一致性和域偏移四个门槛全部通过才结束，任一否决项都转迁移。缺省、非法、冲突状态采取保守分支；已经重试一次的结果不能再次触发检测器。检测器必须设置 finish_after_tool=false；迁移顾问使用当前图片和视觉探针并设置 finish_after_tool=true。,True,examples/images/planner_retry_optimizer_matched_v12/caramel_cross_diverter.png,"[{""action"": ""rexomni_detection"", ""arg_contains"": {""label"": [""焦糖十字分流块""]}, ""decision_type"": ""tool"", ""required_args"": {""finish_after_tool"": false}}, {""action"": ""rexomni_detection"", ""arg_contains"": {""label"": [""焦糖十字分流块""]}, ""decision_type"": ""tool"", ""required_args"": {""finish_after_tool"": false}}, {""arg_contains"": {}, ""decision_type"": ""end"", ""required_args"": {""end_reason"": ""memory_hit""}}]","[""rag_answer"", ""re_question"", ""answerer"", ""flux-image-generation"", ""qwen_detection"", ""pipeline_eval"", ""migration_advisor""]","{""action_match"": 0.65, ""argument_match"": 0.1, ""decision_type_valid"": 0.03, ""final_tool_finish"": 0.1, ""finish_after_tool"": 0.1, ""json_valid"": 0.02, ""no_forbidden_action"": 0.1, ""no_premature_stop"": 0.1, ""no_repeated_tool"": 0.1, ""no_skip_required_probe"": 0.1, ""strict_action_match"": true, ""strict_argument_types"": true, ""wrong_action_cap"": 0.2}",False,0.725,"[""rexomni_detection"", ""rexomni_detection"", ""migration_advisor""]",rexomni_detection,"[{""_planner_metrics"": {""api_call_ms"": 6460.019, ""first_api_call_ms"": 6460.019, ""first_finish_reason"": ""stop"", ""first_input_tokens"": 4017, ""first_output_tokens"": 49, ""first_total_tokens"": 4066, ""input_tokens"": 4017, ""output_tokens"": 49, ""parse_ms"": 0.26, ""planner_total_ms"": 6474.233, ""prompt_build_ms"": 0.451, ""retry_count"": 0, ""retry_reason"": """", ""total_tokens"": 4066}, ""action"": ""rexomni_detection"", ""action_input"": {""finish_after_tool"": false, ""label"": ""焦糖十字分流块""}, ""clarification_question"": """", ""decision_type"": ""tool"", ""end_reason"": """", ""final_answer"": """", ""thought"": ""先执行用户指定的检测器以取得当前结构化状态。""}, {""_planner_metrics"": {""api_call_ms"": 6671.129, ""first_api_call_ms"": 6671.129, ""first_finish_reason"": ""stop"", ""first_input_tokens"": 4327, ""first_output_tokens"": 49, ""first_total_tokens"": 4376, ""input_tokens"": 4327, ""output_tokens"": 49, ""parse_ms"": 0.152, ""planner_total_ms"": 6686.501, ""prompt_build_ms"": 0.55, ""retry_count"": 0, ""retry_reason"": """", ""total_tokens"": 4376}, ""action"": ""rexomni_detection"", ""action_input"": {""finish_after_tool"": false, ""label"": ""焦糖十字分流块""}, ""clarification_question"": """", ""decision_type"": ""tool"", ""end_reason"": """", ""final_answer"": """", ""thought"": ""先执行用户指定的检测器以取得当前结构化状态。""}, {""_planner_metrics"": {""api_call_ms"": 9312.074, ""first_api_call_ms"": 9312.074, ""first_finish_reason"": ""stop"", ""first_input_tokens"": 4631, ""first_output_tokens"": 73, ""first_total_tokens"": 4704, ""input_tokens"": 4631, ""output_tokens"": 73, ""parse_ms"": 0.189, ""planner_total_ms"": 9330.252, ""prompt_build_ms"": 0.513, ""retry_count"": 0, ""retry_reason"": """", ""total_tokens"": 4704}, ""action"": ""migration_advisor"", ""action_input"": {""finish_after_tool"": true, ""use_image"": true, ""use_visual_probe"": true, ""user_query"": ""非晶合金铸造炉异常路径终验9752号""}, ""clarification_question"": """", ""decision_type"": ""tool"", ""end_reason"": """", ""final_answer"": """", ""thought"": ""最新状态未满足结束或重试条件，需要进入能力迁移评估。""}]","step3:decision_type expected 'end', got 'tool' | step3:action expected 'end', got 'migration_advisor' | step3:arg 'end_reason' expected 'memory_hit', got '' | forbidden:migration_advisor",6474.233,6460.019,4017,49,0,1,False,True
PROMV12-TA-005-REX-PV3,post_retry_metric_veto_step3,设备失联只是背景，仍须核对当前显式额度：先使用Rex-Omni检测附件中的冰青三辐锁紧轮，检测结果仅作为中间状态。最终需要判断类器官灌流培养台重试边界复审5611号应继续现有能力、结束，还是进入迁移评估。自然语言里的故障等级和预算描述没有路由优先级，只读取本 query 最新 observation 的结构化键值。错误状态仅在 retryable=true 与 retry_count=0 同时成立时复用原检测器一次，否则调用迁移顾问。正常状态需要候选数、置信度、跨提示一致性和域偏移四个门槛全部通过才结束，任一否决项都转迁移。缺省、非法、冲突状态采取保守分支；已经重试一次的结果不能再次触发检测器。检测器必须设置 finish_after_tool=false；迁移顾问使用当前图片和视觉探针并设置 finish_after_tool=true。,True,examples/images/planner_retry_optimizer_matched_v12/icecyan_three_spoke_lockwheel.png,"[{""action"": ""rexomni_detection"", ""arg_contains"": {""label"": [""冰青三辐锁紧轮""]}, ""decision_type"": ""tool"", ""required_args"": {""finish_after_tool"": false}}, {""action"": ""rexomni_detection"", ""arg_contains"": {""label"": [""冰青三辐锁紧轮""]}, ""decision_type"": ""tool"", ""required_args"": {""finish_after_tool"": false}}, {""action"": ""migration_advisor"", ""arg_contains"": {""user_query"": [""类器官灌流培养台重试边界复审5611号""]}, ""decision_type"": ""tool"", ""required_args"": {""finish_after_tool"": true, ""use_image"": true, ""use_visual_probe"": true}}]","[""rag_answer"", ""re_question"", ""answerer"", ""flux-image-generation"", ""qwen_detection"", ""pipeline_eval""]","{""action_match"": 0.65, ""argument_match"": 0.1, ""decision_type_valid"": 0.03, ""final_tool_finish"": 0.1, ""finish_after_tool"": 0.1, ""json_valid"": 0.02, ""no_forbidden_action"": 0.1, ""no_premature_stop"": 0.1, ""no_repeated_tool"": 0.1, ""no_skip_required_probe"": 0.1, ""strict_action_match"": true, ""strict_argument_types"": true, ""wrong_action_cap"": 0.2}",True,1.0,"[""rexomni_detection"", ""rexomni_detection"", ""migration_advisor""]",rexomni_detection,"[{""_planner_metrics"": {""api_call_ms"": 6719.907, ""first_api_call_ms"": 6719.907, ""first_finish_reason"": ""stop"", ""first_input_tokens"": 4036, ""first_output_tokens"": 52, ""first_total_tokens"": 4088, ""input_tokens"": 4036, ""output_tokens"": 52, ""parse_ms"": 0.161, ""planner_total_ms"": 6734.567, ""prompt_build_ms"": 0.417, ""retry_count"": 0, ""retry_reason"": """", ""total_tokens"": 4088}, ""action"": ""rexomni_detection"", ""action_input"": {""finish_after_tool"": false, ""label"": ""冰青三辐锁紧轮""}, ""clarification_question"": """", ""decision_type"": ""tool"", ""end_reason"": """", ""final_answer"": """", ""thought"": ""先执行用户指定的检测器以取得当前结构化状态。""}, {""_planner_metrics"": {""api_call_ms"": 7158.323, ""first_api_call_ms"": 7158.323, ""first_finish_reason"": ""stop"", ""first_input_tokens"": 4350, ""first_output_tokens"": 54, ""first_total_tokens"": 4404, ""input_tokens"": 4350, ""output_tokens"": 54, ""parse_ms"": 0.125, ""planner_total_ms"": 7173.095, ""prompt_build_ms"": 0.48, ""retry_count"": 0, ""retry_reason"": """", ""total_tokens"": 4404}, ""action"": ""rexomni_detection"", ""action_input"": {""finish_after_tool"": false, ""label"": ""冰青三辐锁紧轮""}, ""clarification_question"": """", ""decision_type"": ""tool"", ""end_reason"": """", ""final_answer"": """", ""thought"": ""最新状态满足错误状态重试条件，应继续使用同一检测器。""}, {""_planner_metrics"": {""api_call_ms"": 9245.106, ""first_api_call_ms"": 9245.106, ""first_finish_reason"": ""stop"", ""first_input_tokens"": 4656, ""first_output_tokens"": 73, ""first_total_tokens"": 4729, ""input_tokens"": 4656, ""output_tokens"": 73, ""parse_ms"": 0.138, ""planner_total_ms"": 9260.473, ""prompt_build_ms"": 0.473, ""retry_count"": 0, ""retry_reason"": """", ""total_tokens"": 4729}, ""action"": ""migration_advisor"", ""action_input"": {""finish_after_tool"": true, ""use_image"": true, ""use_visual_probe"": true, ""user_query"": ""类器官灌流培养台重试边界复审5611号""}, ""clarification_question"": """", ""decision_type"": ""tool"", ""end_reason"": """", ""final_answer"": """", ""thought"": ""最新状态未满足结束或重试条件，需要进入能力迁移评估。""}]",,6734.567,6719.907,4036,52,1,1,True,False
PROMV12-TA-010-QWEN-BE2,budget_exhausted_step2,完成本轮异常探针的最终路由：先使用Qwen检测附件中的焦糖十字分流块，检测结果仅作为中间状态。最终需要判断非晶合金铸造炉重试边界复审8156号应继续现有能力、结束，还是进入迁移评估。自然语言里的故障等级和预算描述没有路由优先级，只读取本 query 最新 observation 的结构化键值。错误状态仅在 retryable=true 与 retry_count=0 同时成立时复用原检测器一次，否则调用迁移顾问。正常状态需要候选数、置信度、跨提示一致性和域偏移四个门槛全部通过才结束，任一否决项都转迁移。缺省、非法、冲突状态采取保守分支；已经重试一次的结果不能再次触发检测器。检测器必须设置 finish_after_tool=false；迁移顾问使用当前图片和视觉探针并设置 finish_after_tool=true。,True,examples/images/planner_retry_optimizer_matched_v12/caramel_cross_diverter.png,"[{""action"": ""qwen_detection"", ""arg_contains"": {""label"": [""焦糖十字分流块""]}, ""decision_type"": ""tool"", ""required_args"": {""finish_after_tool"": false}}, {""action"": ""migration_advisor"", ""arg_contains"": {""user_query"": [""非晶合金铸造炉重试边界复审8156号""]}, ""decision_type"": ""tool"", ""required_args"": {""finish_after_tool"": true, ""use_image"": true, ""use_visual_probe"": true}}]","[""rag_answer"", ""re_question"", ""answerer"", ""flux-image-generation"", ""rexomni_detection"", ""pipeline_eval""]","{""action_match"": 0.65, ""argument_match"": 0.1, ""decision_type_valid"": 0.03, ""final_tool_finish"": 0.1, ""finish_after_tool"": 0.1, ""json_valid"": 0.02, ""no_forbidden_action"": 0.1, ""no_premature_stop"": 0.1, ""no_repeated_tool"": 0.1, ""no_skip_required_probe"": 0.1, ""strict_action_match"": true, ""strict_argument_types"": true, ""wrong_action_cap"": 0.2}",True,1.0,"[""qwen_detection"", ""migration_advisor""]",qwen_detection,"[{""_planner_metrics"": {""api_call_ms"": 6411.801, ""first_api_call_ms"": 6411.801, ""first_finish_reason"": ""stop"", ""first_input_tokens"": 4009, ""first_output_tokens"": 48, ""first_total_tokens"": 4057, ""input_tokens"": 4009, ""output_tokens"": 48, ""parse_ms"": 0.128, ""planner_total_ms"": 6425.437, ""prompt_build_ms"": 0.468, ""retry_count"": 0, ""retry_reason"": """", ""total_tokens"": 4057}, ""action"": ""qwen_detection"", ""action_input"": {""finish_after_tool"": false, ""label"": ""焦糖十字分流块""}, ""clarification_question"": """", ""decision_type"": ""tool"", ""end_reason"": """", ""final_answer"": """", ""thought"": ""先执行用户指定的检测器以取得当前结构化状态。""}, {""_planner_metrics"": {""api_call_ms"": 9347.172, ""first_api_call_ms"": 9347.172, ""first_finish_reason"": ""stop"", ""first_input_tokens"": 4311, ""first_output_tokens"": 72, ""first_total_tokens"": 4383, ""input_tokens"": 4311, ""output_tokens"": 72, ""parse_ms"": 0.145, ""planner_total_ms"": 9361.088, ""prompt_build_ms"": 0.48, ""retry_count"": 0, ""retry_reason"": """", ""total_tokens"": 4383}, ""action"": ""migration_advisor"", ""action_input"": {""finish_after_tool"": true, ""use_image"": true, ""use_visual_probe"": true, ""user_query"": ""非晶合金铸造炉重试边界复审8156号""}, ""clarification_question"": """", ""decision_type"": ""tool"", ""end_reason"": """", ""final_answer"": """", ""thought"": ""最新状态未满足结束或重试条件，需要进入能力迁移评估。""}]",,6425.437,6411.801,4009,48,1,1,True,False
PROMV12-TA-006-REX-PS3,post_retry_success_step3,设备失联只是背景，仍须核对当前显式额度：先使用Rex-Omni检测附件中的冰青三辐锁紧轮，检测结果仅作为中间状态。最终需要判断深水码头输油站异常路径终验1480号应继续现有能力、结束，还是进入迁移评估。自然语言里的故障等级和预算描述没有路由优先级，只读取本 query 最新 observation 的结构化键值。错误状态仅在 retryable=true 与 retry_count=0 同时成立时复用原检测器一次，否则调用迁移顾问。正常状态需要候选数、置信度、跨提示一致性和域偏移四个门槛全部通过才结束，任一否决项都转迁移。缺省、非法、冲突状态采取保守分支；已经重试一次的结果不能再次触发检测器。检测器必须设置 finish_after_tool=false；迁移顾问使用当前图片和视觉探针并设置 finish_after_tool=true。,True,examples/images/planner_retry_optimizer_matched_v12/icecyan_three_spoke_lockwheel.png,"[{""action"": ""rexomni_detection"", ""arg_contains"": {""label"": [""冰青三辐锁紧轮""]}, ""decision_type"": ""tool"", ""required_args"": {""finish_after_tool"": false}}, {""action"": ""rexomni_detection"", ""arg_contains"": {""label"": [""冰青三辐锁紧轮""]}, ""decision_type"": ""tool"", ""required_args"": {""finish_after_tool"": false}}, {""arg_contains"": {}, ""decision_type"": ""end"", ""required_args"": {""end_reason"": ""memory_hit""}}]","[""rag_answer"", ""re_question"", ""answerer"", ""flux-image-generation"", ""qwen_detection"", ""pipeline_eval"", ""migration_advisor""]","{""action_match"": 0.65, ""argument_match"": 0.1, ""decision_type_valid"": 0.03, ""final_tool_finish"": 0.1, ""finish_after_tool"": 0.1, ""json_valid"": 0.02, ""no_forbidden_action"": 0.1, ""no_premature_stop"": 0.1, ""no_repeated_tool"": 0.1, ""no_skip_required_probe"": 0.1, ""strict_action_match"": true, ""strict_argument_types"": true, ""wrong_action_cap"": 0.2}",False,0.75625,"[""rexomni_detection"", ""rexomni_detection"", ""rexomni_detection""]",rexomni_detection,"[{""_planner_metrics"": {""api_call_ms"": 7012.63, ""first_api_call_ms"": 7012.63, ""first_finish_reason"": ""stop"", ""first_input_tokens"": 4036, ""first_output_tokens"": 52, ""first_total_tokens"": 4088, ""input_tokens"": 4036, ""output_tokens"": 52, ""parse_ms"": 0.137, ""planner_total_ms"": 7026.278, ""prompt_build_ms"": 0.439, ""retry_count"": 0, ""retry_reason"": """", ""total_tokens"": 4088}, ""action"": ""rexomni_detection"", ""action_input"": {""finish_after_tool"": false, ""label"": ""冰青三辐锁紧轮""}, ""clarification_question"": """", ""decision_type"": ""tool"", ""end_reason"": """", ""final_answer"": """", ""thought"": ""先执行用户指定的检测器以取得当前结构化状态。""}, {""_planner_metrics"": {""api_call_ms"": 7407.885, ""first_api_call_ms"": 7407.885, ""first_finish_reason"": ""stop"", ""first_input_tokens"": 4342, ""first_output_tokens"": 54, ""first_total_tokens"": 4396, ""input_tokens"": 4342, ""output_tokens"": 54, ""parse_ms"": 0.138, ""planner_total_ms"": 7422.419, ""prompt_build_ms"": 0.503, ""retry_count"": 0, ""retry_reason"": """", ""total_tokens"": 4396}, ""action"": ""rexomni_detection"", ""action_input"": {""finish_after_tool"": false, ""label"": ""冰青三辐锁紧轮""}, ""clarification_question"": """", ""decision_type"": ""tool"", ""end_reason"": """", ""final_answer"": """", ""thought"": ""最新状态满足错误状态重试条件，应复用原检测器。""}, {""_planner_metrics"": {""api_call_ms"": 7583.288, ""first_api_call_ms"": 7583.288, ""first_finish_reason"": ""stop"", ""first_input_tokens"": 4643, ""first_output_tokens"": 55, ""first_total_tokens"": 4698, ""input_tokens"": 4643, ""output_tokens"": 55, ""parse_ms"": 0.201, ""planner_total_ms"": 7599.255, ""prompt_build_ms"": 0.49, ""retry_count"": 0, ""retry_reason"": """", ""total_tokens"": 4698}, ""action"": ""rexomni_detection"", ""action_input"": {""finish_after_tool"": false, ""label"": ""冰青三辐锁紧轮""}, ""clarification_question"": """", ""decision_type"": ""tool"", ""end_reason"": """", ""final_answer"": """", ""thought"": ""最新状态未满足结束或迁移条件，需要继续按规则推进。""}]","step3:decision_type expected 'end', got 'tool' | step3:action expected 'end', got 'rexomni_detection' | step3:arg 'end_reason' expected 'memory_hit', got ''",7026.278,7012.63,4036,52,0,1,False,True
PROMV12-TA-001-REX-NR2,nonretryable_step2,旧故障结论不得覆盖最后一条结构化回执：先使用Rex-Omni检测附件中的冰青三辐锁紧轮，检测结果仅作为中间状态。最终需要判断火星车悬架试验间异常路径终验7873号应继续现有能力、结束，还是进入迁移评估。自然语言里的故障等级和预算描述没有路由优先级，只读取本 query 最新 observation 的结构化键值。错误状态仅在 retryable=true 与 retry_count=0 同时成立时复用原检测器一次，否则调用迁移顾问。正常状态需要候选数、置信度、跨提示一致性和域偏移四个门槛全部通过才结束，任一否决项都转迁移。缺省、非法、冲突状态采取保守分支；已经重试一次的结果不能再次触发检测器。检测器必须设置 finish_after_tool=false；迁移顾问使用当前图片和视觉探针并设置 finish_after_tool=true。,True,examples/images/planner_retry_optimizer_matched_v12/icecyan_three_spoke_lockwheel.png,"[{""action"": ""rexomni_detection"", ""arg_contains"": {""label"": [""冰青三辐锁紧轮""]}, ""decision_type"": ""tool"", ""required_args"": {""finish_after_tool"": false}}, {""action"": ""migration_advisor"", ""arg_contains"": {""user_query"": [""火星车悬架试验间异常路径终验7873号""]}, ""decision_type"": ""tool"", ""required_args"": {""finish_after_tool"": true, ""use_image"": true, ""use_visual_probe"": true}}]","[""rag_answer"", ""re_question"", ""answerer"", ""flux-image-generation"", ""qwen_detection"", ""pipeline_eval""]","{""action_match"": 0.65, ""argument_match"": 0.1, ""decision_type_valid"": 0.03, ""final_tool_finish"": 0.1, ""finish_after_tool"": 0.1, ""json_valid"": 0.02, ""no_forbidden_action"": 0.1, ""no_premature_stop"": 0.1, ""no_repeated_tool"": 0.1, ""no_skip_required_probe"": 0.1, ""strict_action_match"": true, ""strict_argument_types"": true, ""wrong_action_cap"": 0.2}",False,0.586957,"[""rexomni_detection"", ""rexomni_detection""]",rexomni_detection,"[{""_planner_metrics"": {""api_call_ms"": 6807.677, ""first_api_call_ms"": 6807.677, ""first_finish_reason"": ""stop"", ""first_input_tokens"": 4030, ""first_output_tokens"": 52, ""first_total_tokens"": 4082, ""input_tokens"": 4030, ""output_tokens"": 52, ""parse_ms"": 0.161, ""planner_total_ms"": 6821.92, ""prompt_build_ms"": 0.421, ""retry_count"": 0, ""retry_reason"": """", ""total_tokens"": 4082}, ""action"": ""rexomni_detection"", ""action_input"": {""finish_after_tool"": false, ""label"": ""冰青三辐锁紧轮""}, ""clarification_question"": """", ""decision_type"": ""tool"", ""end_reason"": """", ""final_answer"": """", ""thought"": ""先执行用户指定的检测器以取得当前结构化状态。""}, {""_planner_metrics"": {""api_call_ms"": 7351.317, ""first_api_call_ms"": 7351.317, ""first_finish_reason"": ""stop"", ""first_input_tokens"": 4346, ""first_output_tokens"": 56, ""first_total_tokens"": 4402, ""input_tokens"": 4346, ""output_tokens"": 56, ""parse_ms"": 0.123, ""planner_total_ms"": 7369.305, ""prompt_build_ms"": 0.546, ""retry_count"": 0, ""retry_reason"": """", ""total_tokens"": 4402}, ""action"": ""rexomni_detection"", ""action_input"": {""finish_after_tool"": false, ""label"": ""冰青三辐锁紧轮""}, ""clarification_question"": """", ""decision_type"": ""tool"", ""end_reason"": """", ""final_answer"": """", ""thought"": ""最新状态未满足结束或迁移条件，需要继续追踪结构化键值。""}]","step2:action expected 'migration_advisor', got 'rexomni_detection' | step2:finish_after_tool expected True, got False | step2:arg 'use_image' expected True, got None | step2:arg 'use_visual_probe' expected True, got None | step2:arg 'user_query' expected to contain ['火星车悬架试验间异常路径终验7873号'], got None",6821.92,6807.677,4030,52,0,1,False,True
PROMV12-TA-005-REX-FR2,fresh_retry_step2,设备失联只是背景，仍须核对当前显式额度：先使用Rex-Omni检测附件中的冰青三辐锁紧轮，检测结果仅作为中间状态。最终需要判断类器官灌流培养台重试边界复审5611号应继续现有能力、结束，还是进入迁移评估。自然语言里的故障等级和预算描述没有路由优先级，只读取本 query 最新 observation 的结构化键值。错误状态仅在 retryable=true 与 retry_count=0 同时成立时复用原检测器一次，否则调用迁移顾问。正常状态需要候选数、置信度、跨提示一致性和域偏移四个门槛全部通过才结束，任一否决项都转迁移。缺省、非法、冲突状态采取保守分支；已经重试一次的结果不能再次触发检测器。检测器必须设置 finish_after_tool=false；迁移顾问使用当前图片和视觉探针并设置 finish_after_tool=true。,True,examples/images/planner_retry_optimizer_matched_v12/icecyan_three_spoke_lockwheel.png,"[{""action"": ""rexomni_detection"", ""arg_contains"": {""label"": [""冰青三辐锁紧轮""]}, ""decision_type"": ""tool"", ""required_args"": {""finish_after_tool"": false}}, {""action"": ""rexomni_detection"", ""arg_contains"": {""label"": [""冰青三辐锁紧轮""]}, ""decision_type"": ""tool"", ""required_args"": {""finish_after_tool"": false}}, {""arg_contains"": {}, ""decision_type"": ""end"", ""required_args"": {""end_reason"": ""memory_hit""}}]","[""rag_answer"", ""re_question"", ""answerer"", ""flux-image-generation"", ""qwen_detection"", ""pipeline_eval"", ""migration_advisor""]","{""action_match"": 0.65, ""argument_match"": 0.1, ""decision_type_valid"": 0.03, ""final_tool_finish"": 0.1, ""finish_after_tool"": 0.1, ""json_valid"": 0.02, ""no_forbidden_action"": 0.1, ""no_premature_stop"": 0.1, ""no_repeated_tool"": 0.1, ""no_skip_required_probe"": 0.1, ""strict_action_match"": true, ""strict_argument_types"": true, ""wrong_action_cap"": 0.2}",False,0.725,"[""rexomni_detection"", ""rexomni_detection"", ""migration_advisor""]",rexomni_detection,"[{""_planner_metrics"": {""api_call_ms"": 6790.182, ""first_api_call_ms"": 6790.182, ""first_finish_reason"": ""stop"", ""first_input_tokens"": 4036, ""first_output_tokens"": 52, ""first_total_tokens"": 4088, ""input_tokens"": 4036, ""output_tokens"": 52, ""parse_ms"": 0.155, ""planner_total_ms"": 6804.066, ""prompt_build_ms"": 0.41, ""retry_count"": 0, ""retry_reason"": """", ""total_tokens"": 4088}, ""action"": ""rexomni_detection"", ""action_input"": {""finish_after_tool"": false, ""label"": ""冰青三辐锁紧轮""}, ""clarification_question"": """", ""decision_type"": ""tool"", ""end_reason"": """", ""final_answer"": """", ""thought"": ""先执行用户指定的检测器以取得当前结构化状态。""}, {""_planner_metrics"": {""api_call_ms"": 7164.568, ""first_api_call_ms"": 7164.568, ""first_finish_reason"": ""stop"", ""first_input_tokens"": 4350, ""first_output_tokens"": 54, ""first_total_tokens"": 4404, ""input_tokens"": 4350, ""output_tokens"": 54, ""parse_ms"": 0.139, ""planner_total_ms"": 7179.559, ""prompt_build_ms"": 0.526, ""retry_count"": 0, ""retry_reason"": """", ""total_tokens"": 4404}, ""action"": ""rexomni_detection"", ""action_input"": {""finish_after_tool"": false, ""label"": ""冰青三辐锁紧轮""}, ""clarification_question"": """", ""decision_type"": ""tool"", ""end_reason"": """", ""final_answer"": """", ""thought"": ""最新状态满足错误状态重试条件，应继续使用同一检测器。""}, {""_planner_metrics"": {""api_call_ms"": 9296.545, ""first_api_call_ms"": 9296.545, ""first_finish_reason"": ""stop"", ""first_input_tokens"": 4660, ""first_output_tokens"": 73, ""first_total_tokens"": 4733, ""input_tokens"": 4660, ""output_tokens"": 73, ""parse_ms"": 0.157, ""planner_total_ms"": 9311.252, ""prompt_build_ms"": 0.474, ""retry_count"": 0, ""retry_reason"": """", ""total_tokens"": 4733}, ""action"": ""migration_advisor"", ""action_input"": {""finish_after_tool"": true, ""use_image"": true, ""use_visual_probe"": true, ""user_query"": ""类器官灌流培养台重试边界复审5611号""}, ""clarification_question"": """", ""decision_type"": ""tool"", ""end_reason"": """", ""final_answer"": """", ""thought"": ""最新状态未满足结束或重试条件，需要进入能力迁移评估。""}]","step3:decision_type expected 'end', got 'tool' | step3:action expected 'end', got 'migration_advisor' | step3:arg 'end_reason' expected 'memory_hit', got '' | forbidden:migration_advisor",6804.066,6790.182,4036,52,0,1,False,True
PROMV12-TA-009-QWEN-NR2,nonretryable_step2,设备失联只是背景，仍须核对当前显式额度：先使用Qwen检测附件中的焦糖十字分流块，检测结果仅作为中间状态。最终需要判断火星车悬架试验间稳定状态会签3100号应继续现有能力、结束，还是进入迁移评估。自然语言里的故障等级和预算描述没有路由优先级，只读取本 query 最新 observation 的结构化键值。错误状态仅在 retryable=true 与 retry_count=0 同时成立时复用原检测器一次，否则调用迁移顾问。正常状态需要候选数、置信度、跨提示一致性和域偏移四个门槛全部通过才结束，任一否决项都转迁移。缺省、非法、冲突状态采取保守分支；已经重试一次的结果不能再次触发检测器。检测器必须设置 finish_after_tool=false；迁移顾问使用当前图片和视觉探针并设置 finish_after_tool=true。,True,examples/images/planner_retry_optimizer_matched_v12/caramel_cross_diverter.png,"[{""action"": ""qwen_detection"", ""arg_contains"": {""label"": [""焦糖十字分流块""]}, ""decision_type"": ""tool"", ""required_args"": {""finish_after_tool"": false}}, {""action"": ""migration_advisor"", ""arg_contains"": {""user_query"": [""火星车悬架试验间稳定状态会签3100号""]}, ""decision_type"": ""tool"", ""required_args"": {""finish_after_tool"": true, ""use_image"": true, ""use_visual_probe"": true}}]","[""rag_answer"", ""re_question"", ""answerer"", ""flux-image-generation"", ""rexomni_detection"", ""pipeline_eval""]","{""action_match"": 0.65, ""argument_match"": 0.1, ""decision_type_valid"": 0.03, ""final_tool_finish"": 0.1, ""finish_after_tool"": 0.1, ""json_valid"": 0.02, ""no_forbidden_action"": 0.1, ""no_premature_stop"": 0.1, ""no_repeated_tool"": 0.1, ""no_skip_required_probe"": 0.1, ""strict_action_match"": true, ""strict_argument_types"": true, ""wrong_action_cap"": 0.2}",True,1.0,"[""qwen_detection"", ""migration_advisor""]",qwen_detection,"[{""_planner_metrics"": {""api_call_ms"": 6422.632, ""first_api_call_ms"": 6422.632, ""first_finish_reason"": ""stop"", ""first_input_tokens"": 4023, ""first_output_tokens"": 48, ""first_total_tokens"": 4071, ""input_tokens"": 4023, ""output_tokens"": 48, ""parse_ms"": 0.144, ""planner_total_ms"": 6436.676, ""prompt_build_ms"": 0.422, ""retry_count"": 0, ""retry_reason"": """", ""total_tokens"": 4071}, ""action"": ""qwen_detection"", ""action_input"": {""finish_after_tool"": false, ""label"": ""焦糖十字分流块""}, ""clarification_question"": """", ""decision_type"": ""tool"", ""end_reason"": """", ""final_answer"": """", ""thought"": ""先执行用户指定的检测器以取得当前结构化状态。""}, {""_planner_metrics"": {""api_call_ms"": 9216.803, ""first_api_call_ms"": 9216.803, ""first_finish_reason"": ""stop"", ""first_input_tokens"": 4331, ""first_output_tokens"": 73, ""first_total_tokens"": 4404, ""input_tokens"": 4331, ""output_tokens"": 73, ""parse_ms"": 0.152, ""planner_total_ms"": 9231.803, ""prompt_build_ms"": 0.463, ""retry_count"": 0, ""retry_reason"": """", ""total_tokens"": 4404}, ""action"": ""migration_advisor"", ""action_input"": {""finish_after_tool"": true, ""use_image"": true, ""use_visual_probe"": true, ""user_query"": ""火星车悬架试验间稳定状态会签3100号""}, ""clarification_question"": """", ""decision_type"": ""tool"", ""end_reason"": """", ""final_answer"": """", ""thought"": ""最新状态未满足结束或重试条件，需要进入能力迁移评估。""}]",,6436.676,6422.632,4023,48,1,1,True,False
PROMV12-TA-005-REX-PS3,post_retry_success_step3,设备失联只是背景，仍须核对当前显式额度：先使用Rex-Omni检测附件中的冰青三辐锁紧轮，检测结果仅作为中间状态。最终需要判断类器官灌流培养台重试边界复审5611号应继续现有能力、结束，还是进入迁移评估。自然语言里的故障等级和预算描述没有路由优先级，只读取本 query 最新 observation 的结构化键值。错误状态仅在 retryable=true 与 retry_count=0 同时成立时复用原检测器一次，否则调用迁移顾问。正常状态需要候选数、置信度、跨提示一致性和域偏移四个门槛全部通过才结束，任一否决项都转迁移。缺省、非法、冲突状态采取保守分支；已经重试一次的结果不能再次触发检测器。检测器必须设置 finish_after_tool=false；迁移顾问使用当前图片和视觉探针并设置 finish_after_tool=true。,True,examples/images/planner_retry_optimizer_matched_v12/icecyan_three_spoke_lockwheel.png,"[{""action"": ""rexomni_detection"", ""arg_contains"": {""label"": [""冰青三辐锁紧轮""]}, ""decision_type"": ""tool"", ""required_args"": {""finish_after_tool"": false}}, {""action"": ""rexomni_detection"", ""arg_contains"": {""label"": [""冰青三辐锁紧轮""]}, ""decision_type"": ""tool"", ""required_args"": {""finish_after_tool"": false}}, {""arg_contains"": {}, ""decision_type"": ""end"", ""required_args"": {""end_reason"": ""memory_hit""}}]","[""rag_answer"", ""re_question"", ""answerer"", ""flux-image-generation"", ""qwen_detection"", ""pipeline_eval"", ""migration_advisor""]","{""action_match"": 0.65, ""argument_match"": 0.1, ""decision_type_valid"": 0.03, ""final_tool_finish"": 0.1, ""finish_after_tool"": 0.1, ""json_valid"": 0.02, ""no_forbidden_action"": 0.1, ""no_premature_stop"": 0.1, ""no_repeated_tool"": 0.1, ""no_skip_required_probe"": 0.1, ""strict_action_match"": true, ""strict_argument_types"": true, ""wrong_action_cap"": 0.2}",False,0.725,"[""rexomni_detection"", ""rexomni_detection"", ""migration_advisor""]",rexomni_detection,"[{""_planner_metrics"": {""api_call_ms"": 6952.113, ""first_api_call_ms"": 6952.113, ""first_finish_reason"": ""stop"", ""first_input_tokens"": 4036, ""first_output_tokens"": 52, ""first_total_tokens"": 4088, ""input_tokens"": 4036, ""output_tokens"": 52, ""parse_ms"": 0.14, ""planner_total_ms"": 6965.612, ""prompt_build_ms"": 0.441, ""retry_count"": 0, ""retry_reason"": """", ""total_tokens"": 4088}, ""action"": ""rexomni_detection"", ""action_input"": {""finish_after_tool"": false, ""label"": ""冰青三辐锁紧轮""}, ""clarification_question"": """", ""decision_type"": ""tool"", ""end_reason"": """", ""final_answer"": """", ""thought"": ""先执行用户指定的检测器以取得当前结构化状态。""}, {""_planner_metrics"": {""api_call_ms"": 7337.708, ""first_api_call_ms"": 7337.708, ""first_finish_reason"": ""stop"", ""first_input_tokens"": 4348, ""first_output_tokens"": 54, ""first_total_tokens"": 4402, ""input_tokens"": 4348, ""output_tokens"": 54, ""parse_ms"": 0.164, ""planner_total_ms"": 7352.676, ""prompt_build_ms"": 0.496, ""retry_count"": 0, ""retry_reason"": """", ""total_tokens"": 4402}, ""action"": ""rexomni_detection"", ""action_input"": {""finish_after_tool"": false, ""label"": ""冰青三辐锁紧轮""}, ""clarification_question"": """", ""decision_type"": ""tool"", ""end_reason"": """", ""final_answer"": """", ""thought"": ""最新状态满足错误状态重试条件，应继续使用同一检测器。""}, {""_planner_metrics"": {""api_call_ms"": 9479.937, ""first_api_call_ms"": 9479.937, ""first_finish_reason"": ""stop"", ""first_input_tokens"": 4657, ""first_output_tokens"": 73, ""first_total_tokens"": 4730, ""input_tokens"": 4657, ""output_tokens"": 73, ""parse_ms"": 0.252, ""planner_total_ms"": 9496.696, ""prompt_build_ms"": 0.526, ""retry_count"": 0, ""retry_reason"": """", ""total_tokens"": 4730}, ""action"": ""migration_advisor"", ""action_input"": {""finish_after_tool"": true, ""use_image"": true, ""use_visual_probe"": true, ""user_query"": ""类器官灌流培养台重试边界复审5611号""}, ""clarification_question"": """", ""decision_type"": ""tool"", ""end_reason"": """", ""final_answer"": """", ""thought"": ""最新状态未满足结束或重试条件，需要进入能力迁移评估。""}]","step3:decision_type expected 'end', got 'tool' | step3:action expected 'end', got 'migration_advisor' | step3:arg 'end_reason' expected 'memory_hit', got '' | forbidden:migration_advisor",6965.612,6952.113,4036,52,0,1,False,True
PROMV12-TA-009-REX-PV3,post_retry_metric_veto_step3,设备失联只是背景，仍须核对当前显式额度：先使用Rex-Omni检测附件中的焦糖十字分流块，检测结果仅作为中间状态。最终需要判断火星车悬架试验间稳定状态会签3100号应继续现有能力、结束，还是进入迁移评估。自然语言里的故障等级和预算描述没有路由优先级，只读取本 query 最新 observation 的结构化键值。错误状态仅在 retryable=true 与 retry_count=0 同时成立时复用原检测器一次，否则调用迁移顾问。正常状态需要候选数、置信度、跨提示一致性和域偏移四个门槛全部通过才结束，任一否决项都转迁移。缺省、非法、冲突状态采取保守分支；已经重试一次的结果不能再次触发检测器。检测器必须设置 finish_after_tool=false；迁移顾问使用当前图片和视觉探针并设置 finish_after_tool=true。,True,examples/images/planner_retry_optimizer_matched_v12/caramel_cross_diverter.png,"[{""action"": ""rexomni_detection"", ""arg_contains"": {""label"": [""焦糖十字分流块""]}, ""decision_type"": ""tool"", ""required_args"": {""finish_after_tool"": false}}, {""action"": ""rexomni_detection"", ""arg_contains"": {""label"": [""焦糖十字分流块""]}, ""decision_type"": ""tool"", ""required_args"": {""finish_after_tool"": false}}, {""action"": ""migration_advisor"", ""arg_contains"": {""user_query"": [""火星车悬架试验间稳定状态会签3100号""]}, ""decision_type"": ""tool"", ""required_args"": {""finish_after_tool"": true, ""use_image"": true, ""use_visual_probe"": true}}]","[""rag_answer"", ""re_question"", ""answerer"", ""flux-image-generation"", ""qwen_detection"", ""pipeline_eval""]","{""action_match"": 0.65, ""argument_match"": 0.1, ""decision_type_valid"": 0.03, ""final_tool_finish"": 0.1, ""finish_after_tool"": 0.1, ""json_valid"": 0.02, ""no_forbidden_action"": 0.1, ""no_premature_stop"": 0.1, ""no_repeated_tool"": 0.1, ""no_skip_required_probe"": 0.1, ""strict_action_match"": true, ""strict_argument_types"": true, ""wrong_action_cap"": 0.2}",True,1.0,"[""rexomni_detection"", ""rexomni_detection"", ""migration_advisor""]",rexomni_detection,"[{""_planner_metrics"": {""api_call_ms"": 6566.53, ""first_api_call_ms"": 6566.53, ""first_finish_reason"": ""stop"", ""first_input_tokens"": 4029, ""first_output_tokens"": 49, ""first_total_tokens"": 4078, ""input_tokens"": 4029, ""output_tokens"": 49, ""parse_ms"": 0.16, ""planner_total_ms"": 6581.399, ""prompt_build_ms"": 0.447, ""retry_count"": 0, ""retry_reason"": """", ""total_tokens"": 4078}, ""action"": ""rexomni_detection"", ""action_input"": {""finish_after_tool"": false, ""label"": ""焦糖十字分流块""}, ""clarification_question"": """", ""decision_type"": ""tool"", ""end_reason"": """", ""final_answer"": """", ""thought"": ""先执行用户指定的检测器以取得当前结构化状态。""}, {""_planner_metrics"": {""api_call_ms"": 6945.431, ""first_api_call_ms"": 6945.431, ""first_finish_reason"": ""stop"", ""first_input_tokens"": 4335, ""first_output_tokens"": 51, ""first_total_tokens"": 4386, ""input_tokens"": 4335, ""output_tokens"": 51, ""parse_ms"": 0.171, ""planner_total_ms"": 6962.113, ""prompt_build_ms"": 0.469, ""retry_count"": 0, ""retry_reason"": """", ""total_tokens"": 4386}, ""action"": ""rexomni_detection"", ""action_input"": {""finish_after_tool"": false, ""label"": ""焦糖十字分流块""}, ""clarification_question"": """", ""decision_type"": ""tool"", ""end_reason"": """", ""final_answer"": """", ""thought"": ""最新状态满足错误重试条件，需要再次使用同一检测器。""}, {""_planner_metrics"": {""api_call_ms"": 9387.687, ""first_api_call_ms"": 9387.687, ""first_finish_reason"": ""stop"", ""first_input_tokens"": 4635, ""first_output_tokens"": 73, ""first_total_tokens"": 4708, ""input_tokens"": 4635, ""output_tokens"": 73, ""parse_ms"": 0.166, ""planner_total_ms"": 9402.688, ""prompt_build_ms"": 0.518, ""retry_count"": 0, ""retry_reason"": """", ""total_tokens"": 4708}, ""action"": ""migration_advisor"", ""action_input"": {""finish_after_tool"": true, ""use_image"": true, ""use_visual_probe"": true, ""user_query"": ""火星车悬架试验间稳定状态会签3100号""}, ""clarification_question"": """", ""decision_type"": ""tool"", ""end_reason"": """", ""final_answer"": """", ""thought"": ""最新状态未满足结束或迁移条件，需要继续按规则推进。""}]",,6581.399,6566.53,4029,49,1,1,True,False
PROMV12-TA-008-REX-NR2,nonretryable_step2,完成本轮异常探针的最终路由：先使用Rex-Omni检测附件中的焦糖十字分流块，检测结果仅作为中间状态。最终需要判断非晶合金铸造炉异常路径终验9752号应继续现有能力、结束，还是进入迁移评估。自然语言里的故障等级和预算描述没有路由优先级，只读取本 query 最新 observation 的结构化键值。错误状态仅在 retryable=true 与 retry_count=0 同时成立时复用原检测器一次，否则调用迁移顾问。正常状态需要候选数、置信度、跨提示一致性和域偏移四个门槛全部通过才结束，任一否决项都转迁移。缺省、非法、冲突状态采取保守分支；已经重试一次的结果不能再次触发检测器。检测器必须设置 finish_after_tool=false；迁移顾问使用当前图片和视觉探针并设置 finish_after_tool=true。,True,examples/images/planner_retry_optimizer_matched_v12/caramel_cross_diverter.png,"[{""action"": ""rexomni_detection"", ""arg_contains"": {""label"": [""焦糖十字分流块""]}, ""decision_type"": ""tool"", ""required_args"": {""finish_after_tool"": false}}, {""action"": ""migration_advisor"", ""arg_contains"": {""user_query"": [""非晶合金铸造炉异常路径终验9752号""]}, ""decision_type"": ""tool"", ""required_args"": {""finish_after_tool"": true, ""use_image"": true, ""use_visual_probe"": true}}]","[""rag_answer"", ""re_question"", ""answerer"", ""flux-image-generation"", ""qwen_detection"", ""pipeline_eval""]","{""action_match"": 0.65, ""argument_match"": 0.1, ""decision_type_valid"": 0.03, ""final_tool_finish"": 0.1, ""finish_after_tool"": 0.1, ""json_valid"": 0.02, ""no_forbidden_action"": 0.1, ""no_premature_stop"": 0.1, ""no_repeated_tool"": 0.1, ""no_skip_required_probe"": 0.1, ""strict_action_match"": true, ""strict_argument_types"": true, ""wrong_action_cap"": 0.2}",False,0.586957,"[""rexomni_detection"", ""rexomni_detection""]",rexomni_detection,"[{""_planner_metrics"": {""api_call_ms"": 6776.358, ""first_api_call_ms"": 6776.358, ""first_finish_reason"": ""stop"", ""first_input_tokens"": 4017, ""first_output_tokens"": 49, ""first_total_tokens"": 4066, ""input_tokens"": 4017, ""output_tokens"": 49, ""parse_ms"": 0.146, ""planner_total_ms"": 6790.719, ""prompt_build_ms"": 0.474, ""retry_count"": 0, ""retry_reason"": """", ""total_tokens"": 4066}, ""action"": ""rexomni_detection"", ""action_input"": {""finish_after_tool"": false, ""label"": ""焦糖十字分流块""}, ""clarification_question"": """", ""decision_type"": ""tool"", ""end_reason"": """", ""final_answer"": """", ""thought"": ""先执行用户指定的检测器以取得当前结构化状态。""}, {""_planner_metrics"": {""api_call_ms"": 6934.78, ""first_api_call_ms"": 6934.78, ""first_finish_reason"": ""stop"", ""first_input_tokens"": 4326, ""first_output_tokens"": 49, ""first_total_tokens"": 4375, ""input_tokens"": 4326, ""output_tokens"": 49, ""parse_ms"": 0.141, ""planner_total_ms"": 6950.034, ""prompt_build_ms"": 0.477, ""retry_count"": 0, ""retry_reason"": """", ""total_tokens"": 4375}, ""action"": ""rexomni_detection"", ""action_input"": {""finish_after_tool"": false, ""label"": ""焦糖十字分流块""}, ""clarification_question"": """", ""decision_type"": ""tool"", ""end_reason"": """", ""final_answer"": """", ""thought"": ""先执行用户指定的检测器以取得当前结构化状态。""}]","step2:action expected 'migration_advisor', got 'rexomni_detection' | step2:finish_after_tool expected True, got False | step2:arg 'use_image' expected True, got None | step2:arg 'use_visual_probe' expected True, got None | step2:arg 'user_query' expected to contain ['非晶合金铸造炉异常路径终验9752号'], got None",6790.719,6776.358,4017,49,0,1,False,True
PROMV12-TA-003-REX-PE3,post_retry_error_step3,旧故障结论不得覆盖最后一条结构化回执：先使用Rex-Omni检测附件中的冰青三辐锁紧轮，检测结果仅作为中间状态。最终需要判断深水码头输油站重试边界复审2398号应继续现有能力、结束，还是进入迁移评估。自然语言里的故障等级和预算描述没有路由优先级，只读取本 query 最新 observation 的结构化键值。错误状态仅在 retryable=true 与 retry_count=0 同时成立时复用原检测器一次，否则调用迁移顾问。正常状态需要候选数、置信度、跨提示一致性和域偏移四个门槛全部通过才结束，任一否决项都转迁移。缺省、非法、冲突状态采取保守分支；已经重试一次的结果不能再次触发检测器。检测器必须设置 finish_after_tool=false；迁移顾问使用当前图片和视觉探针并设置 finish_after_tool=true。,True,examples/images/planner_retry_optimizer_matched_v12/icecyan_three_spoke_lockwheel.png,"[{""action"": ""rexomni_detection"", ""arg_contains"": {""label"": [""冰青三辐锁紧轮""]}, ""decision_type"": ""tool"", ""required_args"": {""finish_after_tool"": false}}, {""action"": ""rexomni_detection"", ""arg_contains"": {""label"": [""冰青三辐锁紧轮""]}, ""decision_type"": ""tool"", ""required_args"": {""finish_after_tool"": false}}, {""action"": ""migration_advisor"", ""arg_contains"": {""user_query"": [""深水码头输油站重试边界复审2398号""]}, ""decision_type"": ""tool"", ""required_args"": {""finish_after_tool"": true, ""use_image"": true, ""use_visual_probe"": true}}]","[""rag_answer"", ""re_question"", ""answerer"", ""flux-image-generation"", ""qwen_detection"", ""pipeline_eval""]","{""action_match"": 0.65, ""argument_match"": 0.1, ""decision_type_valid"": 0.03, ""final_tool_finish"": 0.1, ""finish_after_tool"": 0.1, ""json_valid"": 0.02, ""no_forbidden_action"": 0.1, ""no_premature_stop"": 0.1, ""no_repeated_tool"": 0.1, ""no_skip_required_probe"": 0.1, ""strict_action_match"": true, ""strict_argument_types"": true, ""wrong_action_cap"": 0.2}",False,0.703125,"[""rexomni_detection"", ""migration_advisor"", ""migration_advisor""]",rexomni_detection,"[{""_planner_metrics"": {""api_call_ms"": 6864.289, ""first_api_call_ms"": 6864.289, ""first_finish_reason"": ""stop"", ""first_input_tokens"": 4028, ""first_output_tokens"": 52, ""first_total_tokens"": 4080, ""input_tokens"": 4028, ""output_tokens"": 52, ""parse_ms"": 0.143, ""planner_total_ms"": 6878.74, ""prompt_build_ms"": 0.472, ""retry_count"": 0, ""retry_reason"": """", ""total_tokens"": 4080}, ""action"": ""rexomni_detection"", ""action_input"": {""finish_after_tool"": false, ""label"": ""冰青三辐锁紧轮""}, ""clarification_question"": """", ""decision_type"": ""tool"", ""end_reason"": """", ""final_answer"": """", ""thought"": ""先执行用户指定的检测器以取得当前结构化状态。""}, {""_planner_metrics"": {""api_call_ms"": 9137.634, ""first_api_call_ms"": 9137.634, ""first_finish_reason"": ""stop"", ""first_input_tokens"": 4335, ""first_output_tokens"": 72, ""first_total_tokens"": 4407, ""input_tokens"": 4335, ""output_tokens"": 72, ""parse_ms"": 0.141, ""planner_total_ms"": 9151.843, ""prompt_build_ms"": 0.46, ""retry_count"": 0, ""retry_reason"": """", ""total_tokens"": 4407}, ""action"": ""migration_advisor"", ""action_input"": {""finish_after_tool"": true, ""use_image"": true, ""use_visual_probe"": true, ""user_query"": ""深水码头输油站重试边界复审2398号""}, ""clarification_question"": """", ""decision_type"": ""tool"", ""end_reason"": """", ""final_answer"": """", ""thought"": ""最新状态未满足结束或重试条件，需要进入能力迁移评估。""}, {""_planner_metrics"": {""api_call_ms"": 9282.415, ""first_api_call_ms"": 9282.415, ""first_finish_reason"": ""stop"", ""first_input_tokens"": 4664, ""first_output_tokens"": 72, ""first_total_tokens"": 4736, ""input_tokens"": 4664, ""output_tokens"": 72, ""parse_ms"": 0.176, ""planner_total_ms"": 9298.513, ""prompt_build_ms"": 0.524, ""retry_count"": 0, ""retry_reason"": """", ""total_tokens"": 4736}, ""action"": ""migration_advisor"", ""action_input"": {""finish_after_tool"": true, ""use_image"": true, ""use_visual_probe"": true, ""user_query"": ""深水码头输油站重试边界复审2398号""}, ""clarification_question"": """", ""decision_type"": ""tool"", ""end_reason"": """", ""final_answer"": """", ""thought"": ""最新状态未满足结束或重试条件，需要进入能力迁移评估。""}]","step2:action expected 'rexomni_detection', got 'migration_advisor' | step2:finish_after_tool expected False, got True | step2:arg 'label' expected to contain ['冰青三辐锁紧轮'], got None",6878.74,6864.289,4028,52,0,1,False,True
PROMV12-TA-009-REX-FR2,fresh_retry_step2,设备失联只是背景，仍须核对当前显式额度：先使用Rex-Omni检测附件中的焦糖十字分流块，检测结果仅作为中间状态。最终需要判断火星车悬架试验间稳定状态会签3100号应继续现有能力、结束，还是进入迁移评估。自然语言里的故障等级和预算描述没有路由优先级，只读取本 query 最新 observation 的结构化键值。错误状态仅在 retryable=true 与 retry_count=0 同时成立时复用原检测器一次，否则调用迁移顾问。正常状态需要候选数、置信度、跨提示一致性和域偏移四个门槛全部通过才结束，任一否决项都转迁移。缺省、非法、冲突状态采取保守分支；已经重试一次的结果不能再次触发检测器。检测器必须设置 finish_after_tool=false；迁移顾问使用当前图片和视觉探针并设置 finish_after_tool=true。,True,examples/images/planner_retry_optimizer_matched_v12/caramel_cross_diverter.png,"[{""action"": ""rexomni_detection"", ""arg_contains"": {""label"": [""焦糖十字分流块""]}, ""decision_type"": ""tool"", ""required_args"": {""finish_after_tool"": false}}, {""action"": ""rexomni_detection"", ""arg_contains"": {""label"": [""焦糖十字分流块""]}, ""decision_type"": ""tool"", ""required_args"": {""finish_after_tool"": false}}, {""arg_contains"": {}, ""decision_type"": ""end"", ""required_args"": {""end_reason"": ""memory_hit""}}]","[""rag_answer"", ""re_question"", ""answerer"", ""flux-image-generation"", ""qwen_detection"", ""pipeline_eval"", ""migration_advisor""]","{""action_match"": 0.65, ""argument_match"": 0.1, ""decision_type_valid"": 0.03, ""final_tool_finish"": 0.1, ""finish_after_tool"": 0.1, ""json_valid"": 0.02, ""no_forbidden_action"": 0.1, ""no_premature_stop"": 0.1, ""no_repeated_tool"": 0.1, ""no_skip_required_probe"": 0.1, ""strict_action_match"": true, ""strict_argument_types"": true, ""wrong_action_cap"": 0.2}",False,0.725,"[""rexomni_detection"", ""rexomni_detection"", ""migration_advisor""]",rexomni_detection,"[{""_planner_metrics"": {""api_call_ms"": 6565.487, ""first_api_call_ms"": 6565.487, ""first_finish_reason"": ""stop"", ""first_input_tokens"": 4029, ""first_output_tokens"": 49, ""first_total_tokens"": 4078, ""input_tokens"": 4029, ""output_tokens"": 49, ""parse_ms"": 0.14, ""planner_total_ms"": 6579.52, ""prompt_build_ms"": 0.48, ""retry_count"": 0, ""retry_reason"": """", ""total_tokens"": 4078}, ""action"": ""rexomni_detection"", ""action_input"": {""finish_after_tool"": false, ""label"": ""焦糖十字分流块""}, ""clarification_question"": """", ""decision_type"": ""tool"", ""end_reason"": """", ""final_answer"": """", ""thought"": ""先执行用户指定的检测器以取得当前结构化状态。""}, {""_planner_metrics"": {""api_call_ms"": 6899.912, ""first_api_call_ms"": 6899.912, ""first_finish_reason"": ""stop"", ""first_input_tokens"": 4338, ""first_output_tokens"": 51, ""first_total_tokens"": 4389, ""input_tokens"": 4338, ""output_tokens"": 51, ""parse_ms"": 0.206, ""planner_total_ms"": 6915.093, ""prompt_build_ms"": 0.595, ""retry_count"": 0, ""retry_reason"": """", ""total_tokens"": 4389}, ""action"": ""rexomni_detection"", ""action_input"": {""finish_after_tool"": false, ""label"": ""焦糖十字分流块""}, ""clarification_question"": """", ""decision_type"": ""tool"", ""end_reason"": """", ""final_answer"": """", ""thought"": ""最新状态满足错误重试条件，需要再次使用同一检测器。""}, {""_planner_metrics"": {""api_call_ms"": 9426.084, ""first_api_call_ms"": 9426.084, ""first_finish_reason"": ""stop"", ""first_input_tokens"": 4645, ""first_output_tokens"": 73, ""first_total_tokens"": 4718, ""input_tokens"": 4645, ""output_tokens"": 73, ""parse_ms"": 0.179, ""planner_total_ms"": 9441.985, ""prompt_build_ms"": 0.531, ""retry_count"": 0, ""retry_reason"": """", ""total_tokens"": 4718}, ""action"": ""migration_advisor"", ""action_input"": {""finish_after_tool"": true, ""use_image"": true, ""use_visual_probe"": true, ""user_query"": ""火星车悬架试验间稳定状态会签3100号""}, ""clarification_question"": """", ""decision_type"": ""tool"", ""end_reason"": """", ""final_answer"": """", ""thought"": ""最新状态未满足结束或重试条件，需要进入能力迁移评估。""}]","step3:decision_type expected 'end', got 'tool' | step3:action expected 'end', got 'migration_advisor' | step3:arg 'end_reason' expected 'memory_hit', got '' | forbidden:migration_advisor",6579.52,6565.487,4029,49,0,1,False,True
PROMV12-TA-011-QWEN-MS2,missing_required_state_step2,迁移队列已经建立，请先裁决最新机器状态：先使用Qwen检测附件中的焦糖十字分流块，检测结果仅作为中间状态。最终需要判断非晶合金铸造炉稳定状态会签6874号应继续现有能力、结束，还是进入迁移评估。自然语言里的故障等级和预算描述没有路由优先级，只读取本 query 最新 observation 的结构化键值。错误状态仅在 retryable=true 与 retry_count=0 同时成立时复用原检测器一次，否则调用迁移顾问。正常状态需要候选数、置信度、跨提示一致性和域偏移四个门槛全部通过才结束，任一否决项都转迁移。缺省、非法、冲突状态采取保守分支；已经重试一次的结果不能再次触发检测器。检测器必须设置 finish_after_tool=false；迁移顾问使用当前图片和视觉探针并设置 finish_after_tool=true。,True,examples/images/planner_retry_optimizer_matched_v12/caramel_cross_diverter.png,"[{""action"": ""qwen_detection"", ""arg_contains"": {""label"": [""焦糖十字分流块""]}, ""decision_type"": ""tool"", ""required_args"": {""finish_after_tool"": false}}, {""action"": ""migration_advisor"", ""arg_contains"": {""user_query"": [""非晶合金铸造炉稳定状态会签6874号""]}, ""decision_type"": ""tool"", ""required_args"": {""finish_after_tool"": true, ""use_image"": true, ""use_visual_probe"": true}}]","[""rag_answer"", ""re_question"", ""answerer"", ""flux-image-generation"", ""rexomni_detection"", ""pipeline_eval""]","{""action_match"": 0.65, ""argument_match"": 0.1, ""decision_type_valid"": 0.03, ""final_tool_finish"": 0.1, ""finish_after_tool"": 0.1, ""json_valid"": 0.02, ""no_forbidden_action"": 0.1, ""no_premature_stop"": 0.1, ""no_repeated_tool"": 0.1, ""no_skip_required_probe"": 0.1, ""strict_action_match"": true, ""strict_argument_types"": true, ""wrong_action_cap"": 0.2}",False,0.586957,"[""qwen_detection"", ""qwen_detection""]",qwen_detection,"[{""_planner_metrics"": {""api_call_ms"": 6453.059, ""first_api_call_ms"": 6453.059, ""first_finish_reason"": ""stop"", ""first_input_tokens"": 4019, ""first_output_tokens"": 48, ""first_total_tokens"": 4067, ""input_tokens"": 4019, ""output_tokens"": 48, ""parse_ms"": 0.157, ""planner_total_ms"": 6468.923, ""prompt_build_ms"": 0.375, ""retry_count"": 0, ""retry_reason"": """", ""total_tokens"": 4067}, ""action"": ""qwen_detection"", ""action_input"": {""finish_after_tool"": false, ""label"": ""焦糖十字分流块""}, ""clarification_question"": """", ""decision_type"": ""tool"", ""end_reason"": """", ""final_answer"": """", ""thought"": ""先执行用户指定的检测器以取得当前结构化状态。""}, {""_planner_metrics"": {""api_call_ms"": 6868.788, ""first_api_call_ms"": 6868.788, ""first_finish_reason"": ""stop"", ""first_input_tokens"": 4318, ""first_output_tokens"": 51, ""first_total_tokens"": 4369, ""input_tokens"": 4318, ""output_tokens"": 51, ""parse_ms"": 0.16, ""planner_total_ms"": 6883.953, ""prompt_build_ms"": 0.454, ""retry_count"": 0, ""retry_reason"": """", ""total_tokens"": 4369}, ""action"": ""qwen_detection"", ""action_input"": {""finish_after_tool"": false, ""label"": ""焦糖十字分流块""}, ""clarification_question"": """", ""decision_type"": ""tool"", ""end_reason"": """", ""final_answer"": """", ""thought"": ""最新状态未满足结束或迁移条件，需要继续获取结构化信息。""}]","step2:action expected 'migration_advisor', got 'qwen_detection' | step2:finish_after_tool expected True, got False | step2:arg 'use_image' expected True, got None | step2:arg 'use_visual_probe' expected True, got None | step2:arg 'user_query' expected to contain ['非晶合金铸造炉稳定状态会签6874号'], got None",6468.923,6453.059,4019,48,0,1,False,True
PROMV12-TA-010-QWEN-MS2,missing_required_state_step2,完成本轮异常探针的最终路由：先使用Qwen检测附件中的焦糖十字分流块，检测结果仅作为中间状态。最终需要判断非晶合金铸造炉重试边界复审8156号应继续现有能力、结束，还是进入迁移评估。自然语言里的故障等级和预算描述没有路由优先级，只读取本 query 最新 observation 的结构化键值。错误状态仅在 retryable=true 与 retry_count=0 同时成立时复用原检测器一次，否则调用迁移顾问。正常状态需要候选数、置信度、跨提示一致性和域偏移四个门槛全部通过才结束，任一否决项都转迁移。缺省、非法、冲突状态采取保守分支；已经重试一次的结果不能再次触发检测器。检测器必须设置 finish_after_tool=false；迁移顾问使用当前图片和视觉探针并设置 finish_after_tool=true。,True,examples/images/planner_retry_optimizer_matched_v12/caramel_cross_diverter.png,"[{""action"": ""qwen_detection"", ""arg_contains"": {""label"": [""焦糖十字分流块""]}, ""decision_type"": ""tool"", ""required_args"": {""finish_after_tool"": false}}, {""action"": ""migration_advisor"", ""arg_contains"": {""user_query"": [""非晶合金铸造炉重试边界复审8156号""]}, ""decision_type"": ""tool"", ""required_args"": {""finish_after_tool"": true, ""use_image"": true, ""use_visual_probe"": true}}]","[""rag_answer"", ""re_question"", ""answerer"", ""flux-image-generation"", ""rexomni_detection"", ""pipeline_eval""]","{""action_match"": 0.65, ""argument_match"": 0.1, ""decision_type_valid"": 0.03, ""final_tool_finish"": 0.1, ""finish_after_tool"": 0.1, ""json_valid"": 0.02, ""no_forbidden_action"": 0.1, ""no_premature_stop"": 0.1, ""no_repeated_tool"": 0.1, ""no_skip_required_probe"": 0.1, ""strict_action_match"": true, ""strict_argument_types"": true, ""wrong_action_cap"": 0.2}",False,0.586957,"[""qwen_detection"", ""qwen_detection""]",qwen_detection,"[{""_planner_metrics"": {""api_call_ms"": 6433.372, ""first_api_call_ms"": 6433.372, ""first_finish_reason"": ""stop"", ""first_input_tokens"": 4009, ""first_output_tokens"": 48, ""first_total_tokens"": 4057, ""input_tokens"": 4009, ""output_tokens"": 48, ""parse_ms"": 0.13, ""planner_total_ms"": 6448.077, ""prompt_build_ms"": 0.44, ""retry_count"": 0, ""retry_reason"": """", ""total_tokens"": 4057}, ""action"": ""qwen_detection"", ""action_input"": {""finish_after_tool"": false, ""label"": ""焦糖十字分流块""}, ""clarification_question"": """", ""decision_type"": ""tool"", ""end_reason"": """", ""final_answer"": """", ""thought"": ""先执行用户指定的检测器以取得当前结构化状态。""}, {""_planner_metrics"": {""api_call_ms"": 6556.891, ""first_api_call_ms"": 6556.891, ""first_finish_reason"": ""stop"", ""first_input_tokens"": 4308, ""first_output_tokens"": 48, ""first_total_tokens"": 4356, ""input_tokens"": 4308, ""output_tokens"": 48, ""parse_ms"": 0.136, ""planner_total_ms"": 6571.729, ""prompt_build_ms"": 0.491, ""retry_count"": 0, ""retry_reason"": """", ""total_tokens"": 4356}, ""action"": ""qwen_detection"", ""action_input"": {""finish_after_tool"": false, ""label"": ""焦糖十字分流块""}, ""clarification_question"": """", ""decision_type"": ""tool"", ""end_reason"": """", ""final_answer"": """", ""thought"": ""先执行用户指定的检测器以取得当前结构化状态。""}]","step2:action expected 'migration_advisor', got 'qwen_detection' | step2:finish_after_tool expected True, got False | step2:arg 'use_image' expected True, got None | step2:arg 'use_visual_probe' expected True, got None | step2:arg 'user_query' expected to contain ['非晶合金铸造炉重试边界复审8156号'], got None",6448.077,6433.372,4009,48,0,1,False,True
PROMV12-TA-006-QWEN-PV3,post_retry_metric_veto_step3,设备失联只是背景，仍须核对当前显式额度：先使用Qwen检测附件中的冰青三辐锁紧轮，检测结果仅作为中间状态。最终需要判断深水码头输油站异常路径终验1480号应继续现有能力、结束，还是进入迁移评估。自然语言里的故障等级和预算描述没有路由优先级，只读取本 query 最新 observation 的结构化键值。错误状态仅在 retryable=true 与 retry_count=0 同时成立时复用原检测器一次，否则调用迁移顾问。正常状态需要候选数、置信度、跨提示一致性和域偏移四个门槛全部通过才结束，任一否决项都转迁移。缺省、非法、冲突状态采取保守分支；已经重试一次的结果不能再次触发检测器。检测器必须设置 finish_after_tool=false；迁移顾问使用当前图片和视觉探针并设置 finish_after_tool=true。,True,examples/images/planner_retry_optimizer_matched_v12/icecyan_three_spoke_lockwheel.png,"[{""action"": ""qwen_detection"", ""arg_contains"": {""label"": [""冰青三辐锁紧轮""]}, ""decision_type"": ""tool"", ""required_args"": {""finish_after_tool"": false}}, {""action"": ""qwen_detection"", ""arg_contains"": {""label"": [""冰青三辐锁紧轮""]}, ""decision_type"": ""tool"", ""required_args"": {""finish_after_tool"": false}}, {""action"": ""migration_advisor"", ""arg_contains"": {""user_query"": [""深水码头输油站异常路径终验1480号""]}, ""decision_type"": ""tool"", ""required_args"": {""finish_after_tool"": true, ""use_image"": true, ""use_visual_probe"": true}}]","[""rag_answer"", ""re_question"", ""answerer"", ""flux-image-generation"", ""rexomni_detection"", ""pipeline_eval""]","{""action_match"": 0.65, ""argument_match"": 0.1, ""decision_type_valid"": 0.03, ""final_tool_finish"": 0.1, ""finish_after_tool"": 0.1, ""json_valid"": 0.02, ""no_forbidden_action"": 0.1, ""no_premature_stop"": 0.1, ""no_repeated_tool"": 0.1, ""no_skip_required_probe"": 0.1, ""strict_action_match"": true, ""strict_argument_types"": true, ""wrong_action_cap"": 0.2}",False,0.428125,"[""qwen_detection"", ""migration_advisor"", ""final_answer""]",qwen_detection,"[{""_planner_metrics"": {""api_call_ms"": 6721.445, ""first_api_call_ms"": 6721.445, ""first_finish_reason"": ""stop"", ""first_input_tokens"": 4030, ""first_output_tokens"": 51, ""first_total_tokens"": 4081, ""input_tokens"": 4030, ""output_tokens"": 51, ""parse_ms"": 0.137, ""planner_total_ms"": 6735.261, ""prompt_build_ms"": 0.456, ""retry_count"": 0, ""retry_reason"": """", ""total_tokens"": 4081}, ""action"": ""qwen_detection"", ""action_input"": {""finish_after_tool"": false, ""label"": ""冰青三辐锁紧轮""}, ""clarification_question"": """", ""decision_type"": ""tool"", ""end_reason"": """", ""final_answer"": """", ""thought"": ""先执行用户指定的检测器以取得当前结构化状态。""}, {""_planner_metrics"": {""api_call_ms"": 9156.772, ""first_api_call_ms"": 9156.772, ""first_finish_reason"": ""stop"", ""first_input_tokens"": 4336, ""first_output_tokens"": 73, ""first_total_tokens"": 4409, ""input_tokens"": 4336, ""output_tokens"": 73, ""parse_ms"": 0.159, ""planner_total_ms"": 9172.212, ""prompt_build_ms"": 0.465, ""retry_count"": 0, ""retry_reason"": """", ""total_tokens"": 4409}, ""action"": ""migration_advisor"", ""action_input"": {""finish_after_tool"": true, ""use_image"": true, ""use_visual_probe"": true, ""user_query"": ""深水码头输油站异常路径终验1480号""}, ""clarification_question"": """", ""decision_type"": ""tool"", ""end_reason"": """", ""final_answer"": """", ""thought"": ""最新状态未满足结束或重试条件，需要进入能力迁移评估。""}, {""_planner_metrics"": {""api_call_ms"": 4914.446, ""first_api_call_ms"": 4914.446, ""first_finish_reason"": ""stop"", ""first_input_tokens"": 4662, ""first_output_tokens"": 31, ""first_total_tokens"": 4693, ""input_tokens"": 4662, ""output_tokens"": 31, ""parse_ms"": 0.146, ""planner_total_ms"": 4930.378, ""prompt_build_ms"": 0.483, ""retry_count"": 0, ""retry_reason"": """", ""total_tokens"": 4693}, ""action"": ""final_answer"", ""action_input"": {}, ""clarification_question"": """", ""decision_type"": ""end"", ""end_reason"": ""memory_hit"", ""final_answer"": """", ""thought"": ""最新状态已满足结束条件，可以收口。""}]","step2:action expected 'qwen_detection', got 'migration_advisor' | step2:finish_after_tool expected False, got True | step2:arg 'label' expected to contain ['冰青三辐锁紧轮'], got None | step3:decision_type expected 'tool', got 'end' | step3:action expected 'migration_advisor', got 'end' | step3:finish_after_tool expected True, got None | step3:arg 'use_image' expected True, got None | step3:arg 'use_visual_probe' expected True, got None | step3:arg 'user_query' expected to contain ['深水码头输油站异常路径终验1480号'], got None",6735.261,6721.445,4030,51,0,1,False,True
PROMV12-TA-005-QWEN-PE3,post_retry_error_step3,设备失联只是背景，仍须核对当前显式额度：先使用Qwen检测附件中的冰青三辐锁紧轮，检测结果仅作为中间状态。最终需要判断类器官灌流培养台重试边界复审5611号应继续现有能力、结束，还是进入迁移评估。自然语言里的故障等级和预算描述没有路由优先级，只读取本 query 最新 observation 的结构化键值。错误状态仅在 retryable=true 与 retry_count=0 同时成立时复用原检测器一次，否则调用迁移顾问。正常状态需要候选数、置信度、跨提示一致性和域偏移四个门槛全部通过才结束，任一否决项都转迁移。缺省、非法、冲突状态采取保守分支；已经重试一次的结果不能再次触发检测器。检测器必须设置 finish_after_tool=false；迁移顾问使用当前图片和视觉探针并设置 finish_after_tool=true。,True,examples/images/planner_retry_optimizer_matched_v12/icecyan_three_spoke_lockwheel.png,"[{""action"": ""qwen_detection"", ""arg_contains"": {""label"": [""冰青三辐锁紧轮""]}, ""decision_type"": ""tool"", ""required_args"": {""finish_after_tool"": false}}, {""action"": ""qwen_detection"", ""arg_contains"": {""label"": [""冰青三辐锁紧轮""]}, ""decision_type"": ""tool"", ""required_args"": {""finish_after_tool"": false}}, {""action"": ""migration_advisor"", ""arg_contains"": {""user_query"": [""类器官灌流培养台重试边界复审5611号""]}, ""decision_type"": ""tool"", ""required_args"": {""finish_after_tool"": true, ""use_image"": true, ""use_visual_probe"": true}}]","[""rag_answer"", ""re_question"", ""answerer"", ""flux-image-generation"", ""rexomni_detection"", ""pipeline_eval""]","{""action_match"": 0.65, ""argument_match"": 0.1, ""decision_type_valid"": 0.03, ""final_tool_finish"": 0.1, ""finish_after_tool"": 0.1, ""json_valid"": 0.02, ""no_forbidden_action"": 0.1, ""no_premature_stop"": 0.1, ""no_repeated_tool"": 0.1, ""no_skip_required_probe"": 0.1, ""strict_action_match"": true, ""strict_argument_types"": true, ""wrong_action_cap"": 0.2}",False,0.734375,"[""qwen_detection"", ""qwen_detection"", ""qwen_detection""]",qwen_detection,"[{""_planner_metrics"": {""api_call_ms"": 6764.724, ""first_api_call_ms"": 6764.724, ""first_finish_reason"": ""stop"", ""first_input_tokens"": 4030, ""first_output_tokens"": 51, ""first_total_tokens"": 4081, ""input_tokens"": 4030, ""output_tokens"": 51, ""parse_ms"": 0.132, ""planner_total_ms"": 6778.191, ""prompt_build_ms"": 0.494, ""retry_count"": 0, ""retry_reason"": """", ""total_tokens"": 4081}, ""action"": ""qwen_detection"", ""action_input"": {""finish_after_tool"": false, ""label"": ""冰青三辐锁紧轮""}, ""clarification_question"": """", ""decision_type"": ""tool"", ""end_reason"": """", ""final_answer"": """", ""thought"": ""先执行用户指定的检测器以取得当前结构化状态。""}, {""_planner_metrics"": {""api_call_ms"": 7311.901, ""first_api_call_ms"": 7311.901, ""first_finish_reason"": ""stop"", ""first_input_tokens"": 4341, ""first_output_tokens"": 55, ""first_total_tokens"": 4396, ""input_tokens"": 4341, ""output_tokens"": 55, ""parse_ms"": 0.16, ""planner_total_ms"": 7327.07, ""prompt_build_ms"": 0.501, ""retry_count"": 0, ""retry_reason"": """", ""total_tokens"": 4396}, ""action"": ""qwen_detection"", ""action_input"": {""finish_after_tool"": false, ""label"": ""冰青三辐锁紧轮""}, ""clarification_question"": """", ""decision_type"": ""tool"", ""end_reason"": """", ""final_answer"": """", ""thought"": ""最新状态满足错误状态的重试条件，需要再次使用同一检测器。""}, {""_planner_metrics"": {""api_call_ms"": 7449.189, ""first_api_call_ms"": 7449.189, ""first_finish_reason"": ""stop"", ""first_input_tokens"": 4650, ""first_output_tokens"": 55, ""first_total_tokens"": 4705, ""input_tokens"": 4650, ""output_tokens"": 55, ""parse_ms"": 0.171, ""planner_total_ms"": 7466.069, ""prompt_build_ms"": 0.594, ""retry_count"": 0, ""retry_reason"": """", ""total_tokens"": 4705}, ""action"": ""qwen_detection"", ""action_input"": {""finish_after_tool"": false, ""label"": ""冰青三辐锁紧轮""}, ""clarification_question"": """", ""decision_type"": ""tool"", ""end_reason"": """", ""final_answer"": """", ""thought"": ""最新状态满足错误状态的重试条件，需要再次使用同一检测器。""}]","step3:action expected 'migration_advisor', got 'qwen_detection' | step3:finish_after_tool expected True, got False | step3:arg 'use_image' expected True, got None | step3:arg 'use_visual_probe' expected True, got None | step3:arg 'user_query' expected to contain ['类器官灌流培养台重试边界复审5611号'], got None",6778.191,6764.724,4030,51,0,1,False,True
PROMV12-TA-005-QWEN-CF2,conflicting_state_step2,设备失联只是背景，仍须核对当前显式额度：先使用Qwen检测附件中的冰青三辐锁紧轮，检测结果仅作为中间状态。最终需要判断类器官灌流培养台重试边界复审5611号应继续现有能力、结束，还是进入迁移评估。自然语言里的故障等级和预算描述没有路由优先级，只读取本 query 最新 observation 的结构化键值。错误状态仅在 retryable=true 与 retry_count=0 同时成立时复用原检测器一次，否则调用迁移顾问。正常状态需要候选数、置信度、跨提示一致性和域偏移四个门槛全部通过才结束，任一否决项都转迁移。缺省、非法、冲突状态采取保守分支；已经重试一次的结果不能再次触发检测器。检测器必须设置 finish_after_tool=false；迁移顾问使用当前图片和视觉探针并设置 finish_after_tool=true。,True,examples/images/planner_retry_optimizer_matched_v12/icecyan_three_spoke_lockwheel.png,"[{""action"": ""qwen_detection"", ""arg_contains"": {""label"": [""冰青三辐锁紧轮""]}, ""decision_type"": ""tool"", ""required_args"": {""finish_after_tool"": false}}, {""action"": ""migration_advisor"", ""arg_contains"": {""user_query"": [""类器官灌流培养台重试边界复审5611号""]}, ""decision_type"": ""tool"", ""required_args"": {""finish_after_tool"": true, ""use_image"": true, ""use_visual_probe"": true}}]","[""rag_answer"", ""re_question"", ""answerer"", ""flux-image-generation"", ""rexomni_detection"", ""pipeline_eval""]","{""action_match"": 0.65, ""argument_match"": 0.1, ""decision_type_valid"": 0.03, ""final_tool_finish"": 0.1, ""finish_after_tool"": 0.1, ""json_valid"": 0.02, ""no_forbidden_action"": 0.1, ""no_premature_stop"": 0.1, ""no_repeated_tool"": 0.1, ""no_skip_required_probe"": 0.1, ""strict_action_match"": true, ""strict_argument_types"": true, ""wrong_action_cap"": 0.2}",True,1.0,"[""qwen_detection"", ""migration_advisor""]",qwen_detection,"[{""_planner_metrics"": {""api_call_ms"": 6795.624, ""first_api_call_ms"": 6795.624, ""first_finish_reason"": ""stop"", ""first_input_tokens"": 4030, ""first_output_tokens"": 51, ""first_total_tokens"": 4081, ""input_tokens"": 4030, ""output_tokens"": 51, ""parse_ms"": 0.162, ""planner_total_ms"": 6809.344, ""prompt_build_ms"": 0.409, ""retry_count"": 0, ""retry_reason"": """", ""total_tokens"": 4081}, ""action"": ""qwen_detection"", ""action_input"": {""finish_after_tool"": false, ""label"": ""冰青三辐锁紧轮""}, ""clarification_question"": """", ""decision_type"": ""tool"", ""end_reason"": """", ""final_answer"": """", ""thought"": ""先执行用户指定的检测器以取得当前结构化状态。""}, {""_planner_metrics"": {""api_call_ms"": 9186.233, ""first_api_call_ms"": 9186.233, ""first_finish_reason"": ""stop"", ""first_input_tokens"": 4331, ""first_output_tokens"": 73, ""first_total_tokens"": 4404, ""input_tokens"": 4331, ""output_tokens"": 73, ""parse_ms"": 0.153, ""planner_total_ms"": 9203.026, ""prompt_build_ms"": 0.543, ""retry_count"": 0, ""retry_reason"": """", ""total_tokens"": 4404}, ""action"": ""migration_advisor"", ""action_input"": {""finish_after_tool"": true, ""use_image"": true, ""use_visual_probe"": true, ""user_query"": ""类器官灌流培养台重试边界复审5611号""}, ""clarification_question"": """", ""decision_type"": ""tool"", ""end_reason"": """", ""final_answer"": """", ""thought"": ""最新状态未满足结束或重试条件，需要进入能力迁移评估。""}]",,6809.344,6795.624,4030,51,1,1,True,False
PROMV12-TA-011-QWEN-BE2,budget_exhausted_step2,迁移队列已经建立，请先裁决最新机器状态：先使用Qwen检测附件中的焦糖十字分流块，检测结果仅作为中间状态。最终需要判断非晶合金铸造炉稳定状态会签6874号应继续现有能力、结束，还是进入迁移评估。自然语言里的故障等级和预算描述没有路由优先级，只读取本 query 最新 observation 的结构化键值。错误状态仅在 retryable=true 与 retry_count=0 同时成立时复用原检测器一次，否则调用迁移顾问。正常状态需要候选数、置信度、跨提示一致性和域偏移四个门槛全部通过才结束，任一否决项都转迁移。缺省、非法、冲突状态采取保守分支；已经重试一次的结果不能再次触发检测器。检测器必须设置 finish_after_tool=false；迁移顾问使用当前图片和视觉探针并设置 finish_after_tool=true。,True,examples/images/planner_retry_optimizer_matched_v12/caramel_cross_diverter.png,"[{""action"": ""qwen_detection"", ""arg_contains"": {""label"": [""焦糖十字分流块""]}, ""decision_type"": ""tool"", ""required_args"": {""finish_after_tool"": false}}, {""action"": ""migration_advisor"", ""arg_contains"": {""user_query"": [""非晶合金铸造炉稳定状态会签6874号""]}, ""decision_type"": ""tool"", ""required_args"": {""finish_after_tool"": true, ""use_image"": true, ""use_visual_probe"": true}}]","[""rag_answer"", ""re_question"", ""answerer"", ""flux-image-generation"", ""rexomni_detection"", ""pipeline_eval""]","{""action_match"": 0.65, ""argument_match"": 0.1, ""decision_type_valid"": 0.03, ""final_tool_finish"": 0.1, ""finish_after_tool"": 0.1, ""json_valid"": 0.02, ""no_forbidden_action"": 0.1, ""no_premature_stop"": 0.1, ""no_repeated_tool"": 0.1, ""no_skip_required_probe"": 0.1, ""strict_action_match"": true, ""strict_argument_types"": true, ""wrong_action_cap"": 0.2}",False,0.586957,"[""qwen_detection"", ""qwen_detection""]",qwen_detection,"[{""_planner_metrics"": {""api_call_ms"": 6457.205, ""first_api_call_ms"": 6457.205, ""first_finish_reason"": ""stop"", ""first_input_tokens"": 4019, ""first_output_tokens"": 48, ""first_total_tokens"": 4067, ""input_tokens"": 4019, ""output_tokens"": 48, ""parse_ms"": 0.138, ""planner_total_ms"": 6471.61, ""prompt_build_ms"": 0.481, ""retry_count"": 0, ""retry_reason"": """", ""total_tokens"": 4067}, ""action"": ""qwen_detection"", ""action_input"": {""finish_after_tool"": false, ""label"": ""焦糖十字分流块""}, ""clarification_question"": """", ""decision_type"": ""tool"", ""end_reason"": """", ""final_answer"": """", ""thought"": ""先执行用户指定的检测器以取得当前结构化状态。""}, {""_planner_metrics"": {""api_call_ms"": 6843.351, ""first_api_call_ms"": 6843.351, ""first_finish_reason"": ""stop"", ""first_input_tokens"": 4324, ""first_output_tokens"": 51, ""first_total_tokens"": 4375, ""input_tokens"": 4324, ""output_tokens"": 51, ""parse_ms"": 0.127, ""planner_total_ms"": 6859.025, ""prompt_build_ms"": 0.519, ""retry_count"": 0, ""retry_reason"": """", ""total_tokens"": 4375}, ""action"": ""qwen_detection"", ""action_input"": {""finish_after_tool"": false, ""label"": ""焦糖十字分流块""}, ""clarification_question"": """", ""decision_type"": ""tool"", ""end_reason"": """", ""final_answer"": """", ""thought"": ""最新状态未满足结束或迁移条件，需要继续获取结构化信息。""}]","step2:action expected 'migration_advisor', got 'qwen_detection' | step2:finish_after_tool expected True, got False | step2:arg 'use_image' expected True, got None | step2:arg 'use_visual_probe' expected True, got None | step2:arg 'user_query' expected to contain ['非晶合金铸造炉稳定状态会签6874号'], got None",6471.61,6457.205,4019,48,0,1,False,True
PROMV12-TA-006-QWEN-MS2,missing_required_state_step2,设备失联只是背景，仍须核对当前显式额度：先使用Qwen检测附件中的冰青三辐锁紧轮，检测结果仅作为中间状态。最终需要判断深水码头输油站异常路径终验1480号应继续现有能力、结束，还是进入迁移评估。自然语言里的故障等级和预算描述没有路由优先级，只读取本 query 最新 observation 的结构化键值。错误状态仅在 retryable=true 与 retry_count=0 同时成立时复用原检测器一次，否则调用迁移顾问。正常状态需要候选数、置信度、跨提示一致性和域偏移四个门槛全部通过才结束，任一否决项都转迁移。缺省、非法、冲突状态采取保守分支；已经重试一次的结果不能再次触发检测器。检测器必须设置 finish_after_tool=false；迁移顾问使用当前图片和视觉探针并设置 finish_after_tool=true。,True,examples/images/planner_retry_optimizer_matched_v12/icecyan_three_spoke_lockwheel.png,"[{""action"": ""qwen_detection"", ""arg_contains"": {""label"": [""冰青三辐锁紧轮""]}, ""decision_type"": ""tool"", ""required_args"": {""finish_after_tool"": false}}, {""action"": ""migration_advisor"", ""arg_contains"": {""user_query"": [""深水码头输油站异常路径终验1480号""]}, ""decision_type"": ""tool"", ""required_args"": {""finish_after_tool"": true, ""use_image"": true, ""use_visual_probe"": true}}]","[""rag_answer"", ""re_question"", ""answerer"", ""flux-image-generation"", ""rexomni_detection"", ""pipeline_eval""]","{""action_match"": 0.65, ""argument_match"": 0.1, ""decision_type_valid"": 0.03, ""final_tool_finish"": 0.1, ""finish_after_tool"": 0.1, ""json_valid"": 0.02, ""no_forbidden_action"": 0.1, ""no_premature_stop"": 0.1, ""no_repeated_tool"": 0.1, ""no_skip_required_probe"": 0.1, ""strict_action_match"": true, ""strict_argument_types"": true, ""wrong_action_cap"": 0.2}",True,1.0,"[""qwen_detection"", ""migration_advisor""]",qwen_detection,"[{""_planner_metrics"": {""api_call_ms"": 6736.906, ""first_api_call_ms"": 6736.906, ""first_finish_reason"": ""stop"", ""first_input_tokens"": 4030, ""first_output_tokens"": 51, ""first_total_tokens"": 4081, ""input_tokens"": 4030, ""output_tokens"": 51, ""parse_ms"": 0.154, ""planner_total_ms"": 6750.355, ""prompt_build_ms"": 0.472, ""retry_count"": 0, ""retry_reason"": """", ""total_tokens"": 4081}, ""action"": ""qwen_detection"", ""action_input"": {""finish_after_tool"": false, ""label"": ""冰青三辐锁紧轮""}, ""clarification_question"": """", ""decision_type"": ""tool"", ""end_reason"": """", ""final_answer"": """", ""thought"": ""先执行用户指定的检测器以取得当前结构化状态。""}, {""_planner_metrics"": {""api_call_ms"": 9207.416, ""first_api_call_ms"": 9207.416, ""first_finish_reason"": ""stop"", ""first_input_tokens"": 4328, ""first_output_tokens"": 73, ""first_total_tokens"": 4401, ""input_tokens"": 4328, ""output_tokens"": 73, ""parse_ms"": 0.14, ""planner_total_ms"": 9222.627, ""prompt_build_ms"": 0.477, ""retry_count"": 0, ""retry_reason"": """", ""total_tokens"": 4401}, ""action"": ""migration_advisor"", ""action_input"": {""finish_after_tool"": true, ""use_image"": true, ""use_visual_probe"": true, ""user_query"": ""深水码头输油站异常路径终验1480号""}, ""clarification_question"": """", ""decision_type"": ""tool"", ""end_reason"": """", ""final_answer"": """", ""thought"": ""最新状态未满足结束或重试条件，需要进入能力迁移评估。""}]",,6750.355,6736.906,4030,51,1,1,True,False
PROMV12-TA-011-QWEN-NR2,nonretryable_step2,迁移队列已经建立，请先裁决最新机器状态：先使用Qwen检测附件中的焦糖十字分流块，检测结果仅作为中间状态。最终需要判断非晶合金铸造炉稳定状态会签6874号应继续现有能力、结束，还是进入迁移评估。自然语言里的故障等级和预算描述没有路由优先级，只读取本 query 最新 observation 的结构化键值。错误状态仅在 retryable=true 与 retry_count=0 同时成立时复用原检测器一次，否则调用迁移顾问。正常状态需要候选数、置信度、跨提示一致性和域偏移四个门槛全部通过才结束，任一否决项都转迁移。缺省、非法、冲突状态采取保守分支；已经重试一次的结果不能再次触发检测器。检测器必须设置 finish_after_tool=false；迁移顾问使用当前图片和视觉探针并设置 finish_after_tool=true。,True,examples/images/planner_retry_optimizer_matched_v12/caramel_cross_diverter.png,"[{""action"": ""qwen_detection"", ""arg_contains"": {""label"": [""焦糖十字分流块""]}, ""decision_type"": ""tool"", ""required_args"": {""finish_after_tool"": false}}, {""action"": ""migration_advisor"", ""arg_contains"": {""user_query"": [""非晶合金铸造炉稳定状态会签6874号""]}, ""decision_type"": ""tool"", ""required_args"": {""finish_after_tool"": true, ""use_image"": true, ""use_visual_probe"": true}}]","[""rag_answer"", ""re_question"", ""answerer"", ""flux-image-generation"", ""rexomni_detection"", ""pipeline_eval""]","{""action_match"": 0.65, ""argument_match"": 0.1, ""decision_type_valid"": 0.03, ""final_tool_finish"": 0.1, ""finish_after_tool"": 0.1, ""json_valid"": 0.02, ""no_forbidden_action"": 0.1, ""no_premature_stop"": 0.1, ""no_repeated_tool"": 0.1, ""no_skip_required_probe"": 0.1, ""strict_action_match"": true, ""strict_argument_types"": true, ""wrong_action_cap"": 0.2}",False,0.586957,"[""qwen_detection"", ""qwen_detection""]",qwen_detection,"[{""_planner_metrics"": {""api_call_ms"": 6388.544, ""first_api_call_ms"": 6388.544, ""first_finish_reason"": ""stop"", ""first_input_tokens"": 4019, ""first_output_tokens"": 48, ""first_total_tokens"": 4067, ""input_tokens"": 4019, ""output_tokens"": 48, ""parse_ms"": 0.155, ""planner_total_ms"": 6402.087, ""prompt_build_ms"": 0.417, ""retry_count"": 0, ""retry_reason"": """", ""total_tokens"": 4067}, ""action"": ""qwen_detection"", ""action_input"": {""finish_after_tool"": false, ""label"": ""焦糖十字分流块""}, ""clarification_question"": """", ""decision_type"": ""tool"", ""end_reason"": """", ""final_answer"": """", ""thought"": ""先执行用户指定的检测器以取得当前结构化状态。""}, {""_planner_metrics"": {""api_call_ms"": 6829.624, ""first_api_call_ms"": 6829.624, ""first_finish_reason"": ""stop"", ""first_input_tokens"": 4323, ""first_output_tokens"": 51, ""first_total_tokens"": 4374, ""input_tokens"": 4323, ""output_tokens"": 51, ""parse_ms"": 0.138, ""planner_total_ms"": 6843.834, ""prompt_build_ms"": 0.529, ""retry_count"": 0, ""retry_reason"": """", ""total_tokens"": 4374}, ""action"": ""qwen_detection"", ""action_input"": {""finish_after_tool"": false, ""label"": ""焦糖十字分流块""}, ""clarification_question"": """", ""decision_type"": ""tool"", ""end_reason"": """", ""final_answer"": """", ""thought"": ""最新状态未满足结束或迁移条件，需要继续获取结构化信息。""}]","step2:action expected 'migration_advisor', got 'qwen_detection' | step2:finish_after_tool expected True, got False | step2:arg 'use_image' expected True, got None | step2:arg 'use_visual_probe' expected True, got None | step2:arg 'user_query' expected to contain ['非晶合金铸造炉稳定状态会签6874号'], got None",6402.087,6388.544,4019,48,0,1,False,True
PROMV12-TA-005-QWEN-CS2,current_success_step2,设备失联只是背景，仍须核对当前显式额度：先使用Qwen检测附件中的冰青三辐锁紧轮，检测结果仅作为中间状态。最终需要判断类器官灌流培养台重试边界复审5611号应继续现有能力、结束，还是进入迁移评估。自然语言里的故障等级和预算描述没有路由优先级，只读取本 query 最新 observation 的结构化键值。错误状态仅在 retryable=true 与 retry_count=0 同时成立时复用原检测器一次，否则调用迁移顾问。正常状态需要候选数、置信度、跨提示一致性和域偏移四个门槛全部通过才结束，任一否决项都转迁移。缺省、非法、冲突状态采取保守分支；已经重试一次的结果不能再次触发检测器。检测器必须设置 finish_after_tool=false；迁移顾问使用当前图片和视觉探针并设置 finish_after_tool=true。,True,examples/images/planner_retry_optimizer_matched_v12/icecyan_three_spoke_lockwheel.png,"[{""action"": ""qwen_detection"", ""arg_contains"": {""label"": [""冰青三辐锁紧轮""]}, ""decision_type"": ""tool"", ""required_args"": {""finish_after_tool"": false}}, {""arg_contains"": {}, ""decision_type"": ""end"", ""required_args"": {""end_reason"": ""memory_hit""}}]","[""rag_answer"", ""re_question"", ""answerer"", ""flux-image-generation"", ""rexomni_detection"", ""pipeline_eval"", ""migration_advisor""]","{""action_match"": 0.65, ""argument_match"": 0.1, ""decision_type_valid"": 0.03, ""final_tool_finish"": 0.1, ""finish_after_tool"": 0.1, ""json_valid"": 0.02, ""no_forbidden_action"": 0.1, ""no_premature_stop"": 0.1, ""no_repeated_tool"": 0.1, ""no_skip_required_probe"": 0.1, ""strict_action_match"": true, ""strict_argument_types"": true, ""wrong_action_cap"": 0.2}",False,0.617391,"[""qwen_detection"", ""migration_advisor""]",qwen_detection,"[{""_planner_metrics"": {""api_call_ms"": 6753.279, ""first_api_call_ms"": 6753.279, ""first_finish_reason"": ""stop"", ""first_input_tokens"": 4027, ""first_output_tokens"": 51, ""first_total_tokens"": 4078, ""input_tokens"": 4027, ""output_tokens"": 51, ""parse_ms"": 0.141, ""planner_total_ms"": 6766.998, ""prompt_build_ms"": 0.43, ""retry_count"": 0, ""retry_reason"": """", ""total_tokens"": 4078}, ""action"": ""qwen_detection"", ""action_input"": {""finish_after_tool"": false, ""label"": ""冰青三辐锁紧轮""}, ""clarification_question"": """", ""decision_type"": ""tool"", ""end_reason"": """", ""final_answer"": """", ""thought"": ""先执行用户指定的检测器以取得当前结构化状态。""}, {""_planner_metrics"": {""api_call_ms"": 9309.16, ""first_api_call_ms"": 9309.16, ""first_finish_reason"": ""stop"", ""first_input_tokens"": 4335, ""first_output_tokens"": 74, ""first_total_tokens"": 4409, ""input_tokens"": 4335, ""output_tokens"": 74, ""parse_ms"": 0.227, ""planner_total_ms"": 9324.4, ""prompt_build_ms"": 0.503, ""retry_count"": 0, ""retry_reason"": """", ""total_tokens"": 4409}, ""action"": ""migration_advisor"", ""action_input"": {""finish_after_tool"": true, ""use_image"": true, ""use_visual_probe"": true, ""user_query"": ""类器官灌流培养台重试边界复审5611号""}, ""clarification_question"": """", ""decision_type"": ""tool"", ""end_reason"": """", ""final_answer"": """", ""thought"": ""最新结构化状态未满足结束或重试条件，需要进入能力迁移评估。""}]","step2:decision_type expected 'end', got 'tool' | step2:action expected 'end', got 'migration_advisor' | step2:arg 'end_reason' expected 'memory_hit', got '' | forbidden:migration_advisor",6766.998,6753.279,4027,51,0,1,False,True
PROMV12-TA-001-REX-PV3,post_retry_metric_veto_step3,旧故障结论不得覆盖最后一条结构化回执：先使用Rex-Omni检测附件中的冰青三辐锁紧轮，检测结果仅作为中间状态。最终需要判断火星车悬架试验间异常路径终验7873号应继续现有能力、结束，还是进入迁移评估。自然语言里的故障等级和预算描述没有路由优先级，只读取本 query 最新 observation 的结构化键值。错误状态仅在 retryable=true 与 retry_count=0 同时成立时复用原检测器一次，否则调用迁移顾问。正常状态需要候选数、置信度、跨提示一致性和域偏移四个门槛全部通过才结束，任一否决项都转迁移。缺省、非法、冲突状态采取保守分支；已经重试一次的结果不能再次触发检测器。检测器必须设置 finish_after_tool=false；迁移顾问使用当前图片和视觉探针并设置 finish_after_tool=true。,True,examples/images/planner_retry_optimizer_matched_v12/icecyan_three_spoke_lockwheel.png,"[{""action"": ""rexomni_detection"", ""arg_contains"": {""label"": [""冰青三辐锁紧轮""]}, ""decision_type"": ""tool"", ""required_args"": {""finish_after_tool"": false}}, {""action"": ""rexomni_detection"", ""arg_contains"": {""label"": [""冰青三辐锁紧轮""]}, ""decision_type"": ""tool"", ""required_args"": {""finish_after_tool"": false}}, {""action"": ""migration_advisor"", ""arg_contains"": {""user_query"": [""火星车悬架试验间异常路径终验7873号""]}, ""decision_type"": ""tool"", ""required_args"": {""finish_after_tool"": true, ""use_image"": true, ""use_visual_probe"": true}}]","[""rag_answer"", ""re_question"", ""answerer"", ""flux-image-generation"", ""qwen_detection"", ""pipeline_eval""]","{""action_match"": 0.65, ""argument_match"": 0.1, ""decision_type_valid"": 0.03, ""final_tool_finish"": 0.1, ""finish_after_tool"": 0.1, ""json_valid"": 0.02, ""no_forbidden_action"": 0.1, ""no_premature_stop"": 0.1, ""no_repeated_tool"": 0.1, ""no_skip_required_probe"": 0.1, ""strict_action_match"": true, ""strict_argument_types"": true, ""wrong_action_cap"": 0.2}",False,0.734375,"[""rexomni_detection"", ""rexomni_detection"", ""rexomni_detection""]",rexomni_detection,"[{""_planner_metrics"": {""api_call_ms"": 6856.483, ""first_api_call_ms"": 6856.483, ""first_finish_reason"": ""stop"", ""first_input_tokens"": 4030, ""first_output_tokens"": 52, ""first_total_tokens"": 4082, ""input_tokens"": 4030, ""output_tokens"": 52, ""parse_ms"": 0.175, ""planner_total_ms"": 6870.846, ""prompt_build_ms"": 0.417, ""retry_count"": 0, ""retry_reason"": """", ""total_tokens"": 4082}, ""action"": ""rexomni_detection"", ""action_input"": {""finish_after_tool"": false, ""label"": ""冰青三辐锁紧轮""}, ""clarification_question"": """", ""decision_type"": ""tool"", ""end_reason"": """", ""final_answer"": """", ""thought"": ""先执行用户指定的检测器以取得当前结构化状态。""}, {""_planner_metrics"": {""api_call_ms"": 7381.116, ""first_api_call_ms"": 7381.116, ""first_finish_reason"": ""stop"", ""first_input_tokens"": 4348, ""first_output_tokens"": 56, ""first_total_tokens"": 4404, ""input_tokens"": 4348, ""output_tokens"": 56, ""parse_ms"": 0.132, ""planner_total_ms"": 7397.967, ""prompt_build_ms"": 0.517, ""retry_count"": 0, ""retry_reason"": """", ""total_tokens"": 4404}, ""action"": ""rexomni_detection"", ""action_input"": {""finish_after_tool"": false, ""label"": ""冰青三辐锁紧轮""}, ""clarification_question"": """", ""decision_type"": ""tool"", ""end_reason"": """", ""final_answer"": """", ""thought"": ""最新状态未满足结束或迁移条件，需要继续追踪结构化键值。""}, {""_planner_metrics"": {""api_call_ms"": 7550.252, ""first_api_call_ms"": 7550.252, ""first_finish_reason"": ""stop"", ""first_input_tokens"": 4658, ""first_output_tokens"": 56, ""first_total_tokens"": 4714, ""input_tokens"": 4658, ""output_tokens"": 56, ""parse_ms"": 0.146, ""planner_total_ms"": 7565.737, ""prompt_build_ms"": 0.498, ""retry_count"": 0, ""retry_reason"": """", ""total_tokens"": 4714}, ""action"": ""rexomni_detection"", ""action_input"": {""finish_after_tool"": false, ""label"": ""冰青三辐锁紧轮""}, ""clarification_question"": """", ""decision_type"": ""tool"", ""end_reason"": """", ""final_answer"": """", ""thought"": ""最新状态未满足结束或迁移条件，需要继续追踪结构化键值。""}]","step3:action expected 'migration_advisor', got 'rexomni_detection' | step3:finish_after_tool expected True, got False | step3:arg 'use_image' expected True, got None | step3:arg 'use_visual_probe' expected True, got None | step3:arg 'user_query' expected to contain ['火星车悬架试验间异常路径终验7873号'], got None",6870.846,6856.483,4030,52,0,1,False,True
PROMV12-TA-007-QWEN-PE3,post_retry_error_step3,旧故障结论不得覆盖最后一条结构化回执：先使用Qwen检测附件中的焦糖十字分流块，检测结果仅作为中间状态。最终需要判断类器官灌流培养台稳定状态会签3047号应继续现有能力、结束，还是进入迁移评估。自然语言里的故障等级和预算描述没有路由优先级，只读取本 query 最新 observation 的结构化键值。错误状态仅在 retryable=true 与 retry_count=0 同时成立时复用原检测器一次，否则调用迁移顾问。正常状态需要候选数、置信度、跨提示一致性和域偏移四个门槛全部通过才结束，任一否决项都转迁移。缺省、非法、冲突状态采取保守分支；已经重试一次的结果不能再次触发检测器。检测器必须设置 finish_after_tool=false；迁移顾问使用当前图片和视觉探针并设置 finish_after_tool=true。,True,examples/images/planner_retry_optimizer_matched_v12/caramel_cross_diverter.png,"[{""action"": ""qwen_detection"", ""arg_contains"": {""label"": [""焦糖十字分流块""]}, ""decision_type"": ""tool"", ""required_args"": {""finish_after_tool"": false}}, {""action"": ""qwen_detection"", ""arg_contains"": {""label"": [""焦糖十字分流块""]}, ""decision_type"": ""tool"", ""required_args"": {""finish_after_tool"": false}}, {""action"": ""migration_advisor"", ""arg_contains"": {""user_query"": [""类器官灌流培养台稳定状态会签3047号""]}, ""decision_type"": ""tool"", ""required_args"": {""finish_after_tool"": true, ""use_image"": true, ""use_visual_probe"": true}}]","[""rag_answer"", ""re_question"", ""answerer"", ""flux-image-generation"", ""rexomni_detection"", ""pipeline_eval""]","{""action_match"": 0.65, ""argument_match"": 0.1, ""decision_type_valid"": 0.03, ""final_tool_finish"": 0.1, ""finish_after_tool"": 0.1, ""json_valid"": 0.02, ""no_forbidden_action"": 0.1, ""no_premature_stop"": 0.1, ""no_repeated_tool"": 0.1, ""no_skip_required_probe"": 0.1, ""strict_action_match"": true, ""strict_argument_types"": true, ""wrong_action_cap"": 0.2}",False,0.734375,"[""qwen_detection"", ""qwen_detection"", ""qwen_detection""]",qwen_detection,"[{""_planner_metrics"": {""api_call_ms"": 6411.623, ""first_api_call_ms"": 6411.623, ""first_finish_reason"": ""stop"", ""first_input_tokens"": 4019, ""first_output_tokens"": 48, ""first_total_tokens"": 4067, ""input_tokens"": 4019, ""output_tokens"": 48, ""parse_ms"": 0.148, ""planner_total_ms"": 6426.201, ""prompt_build_ms"": 0.429, ""retry_count"": 0, ""retry_reason"": """", ""total_tokens"": 4067}, ""action"": ""qwen_detection"", ""action_input"": {""finish_after_tool"": false, ""label"": ""焦糖十字分流块""}, ""clarification_question"": """", ""decision_type"": ""tool"", ""end_reason"": """", ""final_answer"": """", ""thought"": ""先执行用户指定的检测器以取得当前结构化状态。""}, {""_planner_metrics"": {""api_call_ms"": 6891.987, ""first_api_call_ms"": 6891.987, ""first_finish_reason"": ""stop"", ""first_input_tokens"": 4327, ""first_output_tokens"": 51, ""first_total_tokens"": 4378, ""input_tokens"": 4327, ""output_tokens"": 51, ""parse_ms"": 0.146, ""planner_total_ms"": 6906.149, ""prompt_build_ms"": 0.54, ""retry_count"": 0, ""retry_reason"": """", ""total_tokens"": 4378}, ""action"": ""qwen_detection"", ""action_input"": {""finish_after_tool"": false, ""label"": ""焦糖十字分流块""}, ""clarification_question"": """", ""decision_type"": ""tool"", ""end_reason"": """", ""final_answer"": """", ""thought"": ""最新状态未满足结束或迁移条件，需要继续按规则推进。""}, {""_planner_metrics"": {""api_call_ms"": 7206.025, ""first_api_call_ms"": 7206.025, ""first_finish_reason"": ""stop"", ""first_input_tokens"": 4633, ""first_output_tokens"": 53, ""first_total_tokens"": 4686, ""input_tokens"": 4633, ""output_tokens"": 53, ""parse_ms"": 0.144, ""planner_total_ms"": 7221.284, ""prompt_build_ms"": 0.528, ""retry_count"": 0, ""retry_reason"": """", ""total_tokens"": 4686}, ""action"": ""qwen_detection"", ""action_input"": {""finish_after_tool"": false, ""label"": ""焦糖十字分流块""}, ""clarification_question"": """", ""decision_type"": ""tool"", ""end_reason"": """", ""final_answer"": """", ""thought"": ""最新状态满足错误状态复用检测器的条件，需要继续调用同一检测器。""}]","step3:action expected 'migration_advisor', got 'qwen_detection' | step3:finish_after_tool expected True, got False | step3:arg 'use_image' expected True, got None | step3:arg 'use_visual_probe' expected True, got None | step3:arg 'user_query' expected to contain ['类器官灌流培养台稳定状态会签3047号'], got None",6426.201,6411.623,4019,48,0,1,False,True
PROMV12-TA-004-QWEN-MS2,missing_required_state_step2,迁移队列已经建立，请先裁决最新机器状态：先使用Qwen检测附件中的冰青三辐锁紧轮，检测结果仅作为中间状态。最终需要判断类器官灌流培养台异常路径终验2905号应继续现有能力、结束，还是进入迁移评估。自然语言里的故障等级和预算描述没有路由优先级，只读取本 query 最新 observation 的结构化键值。错误状态仅在 retryable=true 与 retry_count=0 同时成立时复用原检测器一次，否则调用迁移顾问。正常状态需要候选数、置信度、跨提示一致性和域偏移四个门槛全部通过才结束，任一否决项都转迁移。缺省、非法、冲突状态采取保守分支；已经重试一次的结果不能再次触发检测器。检测器必须设置 finish_after_tool=false；迁移顾问使用当前图片和视觉探针并设置 finish_after_tool=true。,True,examples/images/planner_retry_optimizer_matched_v12/icecyan_three_spoke_lockwheel.png,"[{""action"": ""qwen_detection"", ""arg_contains"": {""label"": [""冰青三辐锁紧轮""]}, ""decision_type"": ""tool"", ""required_args"": {""finish_after_tool"": false}}, {""action"": ""migration_advisor"", ""arg_contains"": {""user_query"": [""类器官灌流培养台异常路径终验2905号""]}, ""decision_type"": ""tool"", ""required_args"": {""finish_after_tool"": true, ""use_image"": true, ""use_visual_probe"": true}}]","[""rag_answer"", ""re_question"", ""answerer"", ""flux-image-generation"", ""rexomni_detection"", ""pipeline_eval""]","{""action_match"": 0.65, ""argument_match"": 0.1, ""decision_type_valid"": 0.03, ""final_tool_finish"": 0.1, ""finish_after_tool"": 0.1, ""json_valid"": 0.02, ""no_forbidden_action"": 0.1, ""no_premature_stop"": 0.1, ""no_repeated_tool"": 0.1, ""no_skip_required_probe"": 0.1, ""strict_action_match"": true, ""strict_argument_types"": true, ""wrong_action_cap"": 0.2}",False,0.586957,"[""qwen_detection"", ""qwen_detection""]",qwen_detection,"[{""_planner_metrics"": {""api_call_ms"": 6658.358, ""first_api_call_ms"": 6658.358, ""first_finish_reason"": ""stop"", ""first_input_tokens"": 4028, ""first_output_tokens"": 51, ""first_total_tokens"": 4079, ""input_tokens"": 4028, ""output_tokens"": 51, ""parse_ms"": 0.136, ""planner_total_ms"": 6671.907, ""prompt_build_ms"": 0.463, ""retry_count"": 0, ""retry_reason"": """", ""total_tokens"": 4079}, ""action"": ""qwen_detection"", ""action_input"": {""finish_after_tool"": false, ""label"": ""冰青三辐锁紧轮""}, ""clarification_question"": """", ""decision_type"": ""tool"", ""end_reason"": """", ""final_answer"": """", ""thought"": ""先执行用户指定的检测器以取得当前结构化状态。""}, {""_planner_metrics"": {""api_call_ms"": 7138.922, ""first_api_call_ms"": 7138.922, ""first_finish_reason"": ""stop"", ""first_input_tokens"": 4336, ""first_output_tokens"": 54, ""first_total_tokens"": 4390, ""input_tokens"": 4336, ""output_tokens"": 54, ""parse_ms"": 0.125, ""planner_total_ms"": 7152.817, ""prompt_build_ms"": 0.448, ""retry_count"": 0, ""retry_reason"": """", ""total_tokens"": 4390}, ""action"": ""qwen_detection"", ""action_input"": {""finish_after_tool"": false, ""label"": ""冰青三辐锁紧轮""}, ""clarification_question"": """", ""decision_type"": ""tool"", ""end_reason"": """", ""final_answer"": """", ""thought"": ""最新状态未满足结束或迁移条件，需要继续获取结构化信息。""}]","step2:action expected 'migration_advisor', got 'qwen_detection' | step2:finish_after_tool expected True, got False | step2:arg 'use_image' expected True, got None | step2:arg 'use_visual_probe' expected True, got None | step2:arg 'user_query' expected to contain ['类器官灌流培养台异常路径终验2905号'], got None",6671.907,6658.358,4028,51,0,1,False,True
PROMV12-TA-007-QWEN-PS3,post_retry_success_step3,旧故障结论不得覆盖最后一条结构化回执：先使用Qwen检测附件中的焦糖十字分流块，检测结果仅作为中间状态。最终需要判断类器官灌流培养台稳定状态会签3047号应继续现有能力、结束，还是进入迁移评估。自然语言里的故障等级和预算描述没有路由优先级，只读取本 query 最新 observation 的结构化键值。错误状态仅在 retryable=true 与 retry_count=0 同时成立时复用原检测器一次，否则调用迁移顾问。正常状态需要候选数、置信度、跨提示一致性和域偏移四个门槛全部通过才结束，任一否决项都转迁移。缺省、非法、冲突状态采取保守分支；已经重试一次的结果不能再次触发检测器。检测器必须设置 finish_after_tool=false；迁移顾问使用当前图片和视觉探针并设置 finish_after_tool=true。,True,examples/images/planner_retry_optimizer_matched_v12/caramel_cross_diverter.png,"[{""action"": ""qwen_detection"", ""arg_contains"": {""label"": [""焦糖十字分流块""]}, ""decision_type"": ""tool"", ""required_args"": {""finish_after_tool"": false}}, {""action"": ""qwen_detection"", ""arg_contains"": {""label"": [""焦糖十字分流块""]}, ""decision_type"": ""tool"", ""required_args"": {""finish_after_tool"": false}}, {""arg_contains"": {}, ""decision_type"": ""end"", ""required_args"": {""end_reason"": ""memory_hit""}}]","[""rag_answer"", ""re_question"", ""answerer"", ""flux-image-generation"", ""rexomni_detection"", ""pipeline_eval"", ""migration_advisor""]","{""action_match"": 0.65, ""argument_match"": 0.1, ""decision_type_valid"": 0.03, ""final_tool_finish"": 0.1, ""finish_after_tool"": 0.1, ""json_valid"": 0.02, ""no_forbidden_action"": 0.1, ""no_premature_stop"": 0.1, ""no_repeated_tool"": 0.1, ""no_skip_required_probe"": 0.1, ""strict_action_match"": true, ""strict_argument_types"": true, ""wrong_action_cap"": 0.2}",False,0.75625,"[""qwen_detection"", ""qwen_detection"", ""qwen_detection""]",qwen_detection,"[{""_planner_metrics"": {""api_call_ms"": 6496.506, ""first_api_call_ms"": 6496.506, ""first_finish_reason"": ""stop"", ""first_input_tokens"": 4019, ""first_output_tokens"": 48, ""first_total_tokens"": 4067, ""input_tokens"": 4019, ""output_tokens"": 48, ""parse_ms"": 0.17, ""planner_total_ms"": 6510.399, ""prompt_build_ms"": 0.417, ""retry_count"": 0, ""retry_reason"": """", ""total_tokens"": 4067}, ""action"": ""qwen_detection"", ""action_input"": {""finish_after_tool"": false, ""label"": ""焦糖十字分流块""}, ""clarification_question"": """", ""decision_type"": ""tool"", ""end_reason"": """", ""final_answer"": """", ""thought"": ""先执行用户指定的检测器以取得当前结构化状态。""}, {""_planner_metrics"": {""api_call_ms"": 7023.724, ""first_api_call_ms"": 7023.724, ""first_finish_reason"": ""stop"", ""first_input_tokens"": 4327, ""first_output_tokens"": 51, ""first_total_tokens"": 4378, ""input_tokens"": 4327, ""output_tokens"": 51, ""parse_ms"": 0.14, ""planner_total_ms"": 7038.009, ""prompt_build_ms"": 0.541, ""retry_count"": 0, ""retry_reason"": """", ""total_tokens"": 4378}, ""action"": ""qwen_detection"", ""action_input"": {""finish_after_tool"": false, ""label"": ""焦糖十字分流块""}, ""clarification_question"": """", ""decision_type"": ""tool"", ""end_reason"": """", ""final_answer"": """", ""thought"": ""最新状态未满足结束或迁移条件，需要继续按规则推进。""}, {""_planner_metrics"": {""api_call_ms"": 7129.291, ""first_api_call_ms"": 7129.291, ""first_finish_reason"": ""stop"", ""first_input_tokens"": 4631, ""first_output_tokens"": 51, ""first_total_tokens"": 4682, ""input_tokens"": 4631, ""output_tokens"": 51, ""parse_ms"": 0.225, ""planner_total_ms"": 7145.511, ""prompt_build_ms"": 0.463, ""retry_count"": 0, ""retry_reason"": """", ""total_tokens"": 4682}, ""action"": ""qwen_detection"", ""action_input"": {""finish_after_tool"": false, ""label"": ""焦糖十字分流块""}, ""clarification_question"": """", ""decision_type"": ""tool"", ""end_reason"": """", ""final_answer"": """", ""thought"": ""最新状态未满足结束或迁移条件，需要继续按规则推进。""}]","step3:decision_type expected 'end', got 'tool' | step3:action expected 'end', got 'qwen_detection' | step3:arg 'end_reason' expected 'memory_hit', got ''",6510.399,6496.506,4019,48,0,1,False,True
PROMV12-TA-001-QWEN-BE2,budget_exhausted_step2,旧故障结论不得覆盖最后一条结构化回执：先使用Qwen检测附件中的冰青三辐锁紧轮，检测结果仅作为中间状态。最终需要判断火星车悬架试验间异常路径终验7873号应继续现有能力、结束，还是进入迁移评估。自然语言里的故障等级和预算描述没有路由优先级，只读取本 query 最新 observation 的结构化键值。错误状态仅在 retryable=true 与 retry_count=0 同时成立时复用原检测器一次，否则调用迁移顾问。正常状态需要候选数、置信度、跨提示一致性和域偏移四个门槛全部通过才结束，任一否决项都转迁移。缺省、非法、冲突状态采取保守分支；已经重试一次的结果不能再次触发检测器。检测器必须设置 finish_after_tool=false；迁移顾问使用当前图片和视觉探针并设置 finish_after_tool=true。,True,examples/images/planner_retry_optimizer_matched_v12/icecyan_three_spoke_lockwheel.png,"[{""action"": ""qwen_detection"", ""arg_contains"": {""label"": [""冰青三辐锁紧轮""]}, ""decision_type"": ""tool"", ""required_args"": {""finish_after_tool"": false}}, {""action"": ""migration_advisor"", ""arg_contains"": {""user_query"": [""火星车悬架试验间异常路径终验7873号""]}, ""decision_type"": ""tool"", ""required_args"": {""finish_after_tool"": true, ""use_image"": true, ""use_visual_probe"": true}}]","[""rag_answer"", ""re_question"", ""answerer"", ""flux-image-generation"", ""rexomni_detection"", ""pipeline_eval""]","{""action_match"": 0.65, ""argument_match"": 0.1, ""decision_type_valid"": 0.03, ""final_tool_finish"": 0.1, ""finish_after_tool"": 0.1, ""json_valid"": 0.02, ""no_forbidden_action"": 0.1, ""no_premature_stop"": 0.1, ""no_repeated_tool"": 0.1, ""no_skip_required_probe"": 0.1, ""strict_action_match"": true, ""strict_argument_types"": true, ""wrong_action_cap"": 0.2}",True,1.0,"[""qwen_detection"", ""migration_advisor""]",qwen_detection,"[{""_planner_metrics"": {""api_call_ms"": 6748.3, ""first_api_call_ms"": 6748.3, ""first_finish_reason"": ""stop"", ""first_input_tokens"": 4024, ""first_output_tokens"": 51, ""first_total_tokens"": 4075, ""input_tokens"": 4024, ""output_tokens"": 51, ""parse_ms"": 0.17, ""planner_total_ms"": 6762.721, ""prompt_build_ms"": 0.456, ""retry_count"": 0, ""retry_reason"": """", ""total_tokens"": 4075}, ""action"": ""qwen_detection"", ""action_input"": {""finish_after_tool"": false, ""label"": ""冰青三辐锁紧轮""}, ""clarification_question"": """", ""decision_type"": ""tool"", ""end_reason"": """", ""final_answer"": """", ""thought"": ""先执行用户指定的检测器以取得当前结构化状态。""}, {""_planner_metrics"": {""api_call_ms"": 9221.93, ""first_api_call_ms"": 9221.93, ""first_finish_reason"": ""stop"", ""first_input_tokens"": 4332, ""first_output_tokens"": 73, ""first_total_tokens"": 4405, ""input_tokens"": 4332, ""output_tokens"": 73, ""parse_ms"": 0.169, ""planner_total_ms"": 9239.162, ""prompt_build_ms"": 0.489, ""retry_count"": 0, ""retry_reason"": """", ""total_tokens"": 4405}, ""action"": ""migration_advisor"", ""action_input"": {""finish_after_tool"": true, ""use_image"": true, ""use_visual_probe"": true, ""user_query"": ""火星车悬架试验间异常路径终验7873号""}, ""clarification_question"": """", ""decision_type"": ""tool"", ""end_reason"": """", ""final_answer"": """", ""thought"": ""最新状态未满足结束或迁移条件，需要继续按规则推进。""}]",,6762.721,6748.3,4024,51,1,1,True,False
PROMV12-TA-008-QWEN-PE3,post_retry_error_step3,完成本轮异常探针的最终路由：先使用Qwen检测附件中的焦糖十字分流块，检测结果仅作为中间状态。最终需要判断非晶合金铸造炉异常路径终验9752号应继续现有能力、结束，还是进入迁移评估。自然语言里的故障等级和预算描述没有路由优先级，只读取本 query 最新 observation 的结构化键值。错误状态仅在 retryable=true 与 retry_count=0 同时成立时复用原检测器一次，否则调用迁移顾问。正常状态需要候选数、置信度、跨提示一致性和域偏移四个门槛全部通过才结束，任一否决项都转迁移。缺省、非法、冲突状态采取保守分支；已经重试一次的结果不能再次触发检测器。检测器必须设置 finish_after_tool=false；迁移顾问使用当前图片和视觉探针并设置 finish_after_tool=true。,True,examples/images/planner_retry_optimizer_matched_v12/caramel_cross_diverter.png,"[{""action"": ""qwen_detection"", ""arg_contains"": {""label"": [""焦糖十字分流块""]}, ""decision_type"": ""tool"", ""required_args"": {""finish_after_tool"": false}}, {""action"": ""qwen_detection"", ""arg_contains"": {""label"": [""焦糖十字分流块""]}, ""decision_type"": ""tool"", ""required_args"": {""finish_after_tool"": false}}, {""action"": ""migration_advisor"", ""arg_contains"": {""user_query"": [""非晶合金铸造炉异常路径终验9752号""]}, ""decision_type"": ""tool"", ""required_args"": {""finish_after_tool"": true, ""use_image"": true, ""use_visual_probe"": true}}]","[""rag_answer"", ""re_question"", ""answerer"", ""flux-image-generation"", ""rexomni_detection"", ""pipeline_eval""]","{""action_match"": 0.65, ""argument_match"": 0.1, ""decision_type_valid"": 0.03, ""final_tool_finish"": 0.1, ""finish_after_tool"": 0.1, ""json_valid"": 0.02, ""no_forbidden_action"": 0.1, ""no_premature_stop"": 0.1, ""no_repeated_tool"": 0.1, ""no_skip_required_probe"": 0.1, ""strict_action_match"": true, ""strict_argument_types"": true, ""wrong_action_cap"": 0.2}",False,0.734375,"[""qwen_detection"", ""qwen_detection"", ""qwen_detection""]",qwen_detection,"[{""_planner_metrics"": {""api_call_ms"": 6386.688, ""first_api_call_ms"": 6386.688, ""first_finish_reason"": ""stop"", ""first_input_tokens"": 4011, ""first_output_tokens"": 48, ""first_total_tokens"": 4059, ""input_tokens"": 4011, ""output_tokens"": 48, ""parse_ms"": 0.158, ""planner_total_ms"": 6400.486, ""prompt_build_ms"": 0.401, ""retry_count"": 0, ""retry_reason"": """", ""total_tokens"": 4059}, ""action"": ""qwen_detection"", ""action_input"": {""finish_after_tool"": false, ""label"": ""焦糖十字分流块""}, ""clarification_question"": """", ""decision_type"": ""tool"", ""end_reason"": """", ""final_answer"": """", ""thought"": ""先执行用户指定的检测器以取得当前结构化状态。""}, {""_planner_metrics"": {""api_call_ms"": 6729.422, ""first_api_call_ms"": 6729.422, ""first_finish_reason"": ""stop"", ""first_input_tokens"": 4320, ""first_output_tokens"": 50, ""first_total_tokens"": 4370, ""input_tokens"": 4320, ""output_tokens"": 50, ""parse_ms"": 0.136, ""planner_total_ms"": 6743.899, ""prompt_build_ms"": 0.504, ""retry_count"": 0, ""retry_reason"": """", ""total_tokens"": 4370}, ""action"": ""qwen_detection"", ""action_input"": {""finish_after_tool"": false, ""label"": ""焦糖十字分流块""}, ""clarification_question"": """", ""decision_type"": ""tool"", ""end_reason"": """", ""final_answer"": """", ""thought"": ""最新状态满足错误状态重试条件，需要复用原检测器。""}, {""_planner_metrics"": {""api_call_ms"": 6878.147, ""first_api_call_ms"": 6878.147, ""first_finish_reason"": ""stop"", ""first_input_tokens"": 4628, ""first_output_tokens"": 50, ""first_total_tokens"": 4678, ""input_tokens"": 4628, ""output_tokens"": 50, ""parse_ms"": 0.131, ""planner_total_ms"": 6892.963, ""prompt_build_ms"": 0.516, ""retry_count"": 0, ""retry_reason"": """", ""total_tokens"": 4678}, ""action"": ""qwen_detection"", ""action_input"": {""finish_after_tool"": false, ""label"": ""焦糖十字分流块""}, ""clarification_question"": """", ""decision_type"": ""tool"", ""end_reason"": """", ""final_answer"": """", ""thought"": ""最新状态满足错误状态重试条件，需要复用原检测器。""}]","step3:action expected 'migration_advisor', got 'qwen_detection' | step3:finish_after_tool expected True, got False | step3:arg 'use_image' expected True, got None | step3:arg 'use_visual_probe' expected True, got None | step3:arg 'user_query' expected to contain ['非晶合金铸造炉异常路径终验9752号'], got None",6400.486,6386.688,4011,48,0,1,False,True
PROMV12-TA-009-REX-NR2,nonretryable_step2,设备失联只是背景，仍须核对当前显式额度：先使用Rex-Omni检测附件中的焦糖十字分流块，检测结果仅作为中间状态。最终需要判断火星车悬架试验间稳定状态会签3100号应继续现有能力、结束，还是进入迁移评估。自然语言里的故障等级和预算描述没有路由优先级，只读取本 query 最新 observation 的结构化键值。错误状态仅在 retryable=true 与 retry_count=0 同时成立时复用原检测器一次，否则调用迁移顾问。正常状态需要候选数、置信度、跨提示一致性和域偏移四个门槛全部通过才结束，任一否决项都转迁移。缺省、非法、冲突状态采取保守分支；已经重试一次的结果不能再次触发检测器。检测器必须设置 finish_after_tool=false；迁移顾问使用当前图片和视觉探针并设置 finish_after_tool=true。,True,examples/images/planner_retry_optimizer_matched_v12/caramel_cross_diverter.png,"[{""action"": ""rexomni_detection"", ""arg_contains"": {""label"": [""焦糖十字分流块""]}, ""decision_type"": ""tool"", ""required_args"": {""finish_after_tool"": false}}, {""action"": ""migration_advisor"", ""arg_contains"": {""user_query"": [""火星车悬架试验间稳定状态会签3100号""]}, ""decision_type"": ""tool"", ""required_args"": {""finish_after_tool"": true, ""use_image"": true, ""use_visual_probe"": true}}]","[""rag_answer"", ""re_question"", ""answerer"", ""flux-image-generation"", ""qwen_detection"", ""pipeline_eval""]","{""action_match"": 0.65, ""argument_match"": 0.1, ""decision_type_valid"": 0.03, ""final_tool_finish"": 0.1, ""finish_after_tool"": 0.1, ""json_valid"": 0.02, ""no_forbidden_action"": 0.1, ""no_premature_stop"": 0.1, ""no_repeated_tool"": 0.1, ""no_skip_required_probe"": 0.1, ""strict_action_match"": true, ""strict_argument_types"": true, ""wrong_action_cap"": 0.2}",True,1.0,"[""rexomni_detection"", ""migration_advisor""]",rexomni_detection,"[{""_planner_metrics"": {""api_call_ms"": 6489.47, ""first_api_call_ms"": 6489.47, ""first_finish_reason"": ""stop"", ""first_input_tokens"": 4029, ""first_output_tokens"": 49, ""first_total_tokens"": 4078, ""input_tokens"": 4029, ""output_tokens"": 49, ""parse_ms"": 0.186, ""planner_total_ms"": 6503.571, ""prompt_build_ms"": 0.418, ""retry_count"": 0, ""retry_reason"": """", ""total_tokens"": 4078}, ""action"": ""rexomni_detection"", ""action_input"": {""finish_after_tool"": false, ""label"": ""焦糖十字分流块""}, ""clarification_question"": """", ""decision_type"": ""tool"", ""end_reason"": """", ""final_answer"": """", ""thought"": ""先执行用户指定的检测器以取得当前结构化状态。""}, {""_planner_metrics"": {""api_call_ms"": 9204.9, ""first_api_call_ms"": 9204.9, ""first_finish_reason"": ""stop"", ""first_input_tokens"": 4339, ""first_output_tokens"": 73, ""first_total_tokens"": 4412, ""input_tokens"": 4339, ""output_tokens"": 73, ""parse_ms"": 0.14, ""planner_total_ms"": 9219.352, ""prompt_build_ms"": 0.437, ""retry_count"": 0, ""retry_reason"": """", ""total_tokens"": 4412}, ""action"": ""migration_advisor"", ""action_input"": {""finish_after_tool"": true, ""use_image"": true, ""use_visual_probe"": true, ""user_query"": ""火星车悬架试验间稳定状态会签3100号""}, ""clarification_question"": """", ""decision_type"": ""tool"", ""end_reason"": """", ""final_answer"": """", ""thought"": ""最新状态未满足结束或重试条件，需要进入能力迁移评估。""}]",,6503.571,6489.47,4029,49,1,1,True,False
PROMV12-TA-007-REX-BE2,budget_exhausted_step2,旧故障结论不得覆盖最后一条结构化回执：先使用Rex-Omni检测附件中的焦糖十字分流块，检测结果仅作为中间状态。最终需要判断类器官灌流培养台稳定状态会签3047号应继续现有能力、结束，还是进入迁移评估。自然语言里的故障等级和预算描述没有路由优先级，只读取本 query 最新 observation 的结构化键值。错误状态仅在 retryable=true 与 retry_count=0 同时成立时复用原检测器一次，否则调用迁移顾问。正常状态需要候选数、置信度、跨提示一致性和域偏移四个门槛全部通过才结束，任一否决项都转迁移。缺省、非法、冲突状态采取保守分支；已经重试一次的结果不能再次触发检测器。检测器必须设置 finish_after_tool=false；迁移顾问使用当前图片和视觉探针并设置 finish_after_tool=true。,True,examples/images/planner_retry_optimizer_matched_v12/caramel_cross_diverter.png,"[{""action"": ""rexomni_detection"", ""arg_contains"": {""label"": [""焦糖十字分流块""]}, ""decision_type"": ""tool"", ""required_args"": {""finish_after_tool"": false}}, {""action"": ""migration_advisor"", ""arg_contains"": {""user_query"": [""类器官灌流培养台稳定状态会签3047号""]}, ""decision_type"": ""tool"", ""required_args"": {""finish_after_tool"": true, ""use_image"": true, ""use_visual_probe"": true}}]","[""rag_answer"", ""re_question"", ""answerer"", ""flux-image-generation"", ""qwen_detection"", ""pipeline_eval""]","{""action_match"": 0.65, ""argument_match"": 0.1, ""decision_type_valid"": 0.03, ""final_tool_finish"": 0.1, ""finish_after_tool"": 0.1, ""json_valid"": 0.02, ""no_forbidden_action"": 0.1, ""no_premature_stop"": 0.1, ""no_repeated_tool"": 0.1, ""no_skip_required_probe"": 0.1, ""strict_action_match"": true, ""strict_argument_types"": true, ""wrong_action_cap"": 0.2}",True,1.0,"[""rexomni_detection"", ""migration_advisor""]",rexomni_detection,"[{""_planner_metrics"": {""api_call_ms"": 6547.55, ""first_api_call_ms"": 6547.55, ""first_finish_reason"": ""stop"", ""first_input_tokens"": 4025, ""first_output_tokens"": 49, ""first_total_tokens"": 4074, ""input_tokens"": 4025, ""output_tokens"": 49, ""parse_ms"": 0.135, ""planner_total_ms"": 6561.396, ""prompt_build_ms"": 0.434, ""retry_count"": 0, ""retry_reason"": """", ""total_tokens"": 4074}, ""action"": ""rexomni_detection"", ""action_input"": {""finish_after_tool"": false, ""label"": ""焦糖十字分流块""}, ""clarification_question"": """", ""decision_type"": ""tool"", ""end_reason"": """", ""final_answer"": """", ""thought"": ""先执行用户指定的检测器以取得当前结构化状态。""}, {""_planner_metrics"": {""api_call_ms"": 9508.554, ""first_api_call_ms"": 9508.554, ""first_finish_reason"": ""stop"", ""first_input_tokens"": 4336, ""first_output_tokens"": 74, ""first_total_tokens"": 4410, ""input_tokens"": 4336, ""output_tokens"": 74, ""parse_ms"": 0.16, ""planner_total_ms"": 9523.269, ""prompt_build_ms"": 0.491, ""retry_count"": 0, ""retry_reason"": """", ""total_tokens"": 4410}, ""action"": ""migration_advisor"", ""action_input"": {""finish_after_tool"": true, ""use_image"": true, ""use_visual_probe"": true, ""user_query"": ""类器官灌流培养台稳定状态会签3047号""}, ""clarification_question"": """", ""decision_type"": ""tool"", ""end_reason"": """", ""final_answer"": """", ""thought"": ""最新状态未满足结束或迁移条件，需要继续按规则推进。""}]",,6561.396,6547.55,4025,49,1,1,True,False
PROMV12-TA-004-REX-PV3,post_retry_metric_veto_step3,迁移队列已经建立，请先裁决最新机器状态：先使用Rex-Omni检测附件中的冰青三辐锁紧轮，检测结果仅作为中间状态。最终需要判断类器官灌流培养台异常路径终验2905号应继续现有能力、结束，还是进入迁移评估。自然语言里的故障等级和预算描述没有路由优先级，只读取本 query 最新 observation 的结构化键值。错误状态仅在 retryable=true 与 retry_count=0 同时成立时复用原检测器一次，否则调用迁移顾问。正常状态需要候选数、置信度、跨提示一致性和域偏移四个门槛全部通过才结束，任一否决项都转迁移。缺省、非法、冲突状态采取保守分支；已经重试一次的结果不能再次触发检测器。检测器必须设置 finish_after_tool=false；迁移顾问使用当前图片和视觉探针并设置 finish_after_tool=true。,True,examples/images/planner_retry_optimizer_matched_v12/icecyan_three_spoke_lockwheel.png,"[{""action"": ""rexomni_detection"", ""arg_contains"": {""label"": [""冰青三辐锁紧轮""]}, ""decision_type"": ""tool"", ""required_args"": {""finish_after_tool"": false}}, {""action"": ""rexomni_detection"", ""arg_contains"": {""label"": [""冰青三辐锁紧轮""]}, ""decision_type"": ""tool"", ""required_args"": {""finish_after_tool"": false}}, {""action"": ""migration_advisor"", ""arg_contains"": {""user_query"": [""类器官灌流培养台异常路径终验2905号""]}, ""decision_type"": ""tool"", ""required_args"": {""finish_after_tool"": true, ""use_image"": true, ""use_visual_probe"": true}}]","[""rag_answer"", ""re_question"", ""answerer"", ""flux-image-generation"", ""qwen_detection"", ""pipeline_eval""]","{""action_match"": 0.65, ""argument_match"": 0.1, ""decision_type_valid"": 0.03, ""final_tool_finish"": 0.1, ""finish_after_tool"": 0.1, ""json_valid"": 0.02, ""no_forbidden_action"": 0.1, ""no_premature_stop"": 0.1, ""no_repeated_tool"": 0.1, ""no_skip_required_probe"": 0.1, ""strict_action_match"": true, ""strict_argument_types"": true, ""wrong_action_cap"": 0.2}",True,1.0,"[""rexomni_detection"", ""rexomni_detection"", ""migration_advisor""]",rexomni_detection,"[{""_planner_metrics"": {""api_call_ms"": 7070.44, ""first_api_call_ms"": 7070.44, ""first_finish_reason"": ""stop"", ""first_input_tokens"": 4034, ""first_output_tokens"": 52, ""first_total_tokens"": 4086, ""input_tokens"": 4034, ""output_tokens"": 52, ""parse_ms"": 0.169, ""planner_total_ms"": 7085.077, ""prompt_build_ms"": 0.464, ""retry_count"": 0, ""retry_reason"": """", ""total_tokens"": 4086}, ""action"": ""rexomni_detection"", ""action_input"": {""finish_after_tool"": false, ""label"": ""冰青三辐锁紧轮""}, ""clarification_question"": """", ""decision_type"": ""tool"", ""end_reason"": """", ""final_answer"": """", ""thought"": ""先执行用户指定的检测器以取得当前结构化状态。""}, {""_planner_metrics"": {""api_call_ms"": 7153.187, ""first_api_call_ms"": 7153.187, ""first_finish_reason"": ""stop"", ""first_input_tokens"": 4352, ""first_output_tokens"": 53, ""first_total_tokens"": 4405, ""input_tokens"": 4352, ""output_tokens"": 53, ""parse_ms"": 0.235, ""planner_total_ms"": 7170.244, ""prompt_build_ms"": 0.526, ""retry_count"": 0, ""retry_reason"": """", ""total_tokens"": 4405}, ""action"": ""rexomni_detection"", ""action_input"": {""finish_after_tool"": false, ""label"": ""冰青三辐锁紧轮""}, ""clarification_question"": """", ""decision_type"": ""tool"", ""end_reason"": """", ""final_answer"": """", ""thought"": ""最新状态满足错误状态条件，需要复用同一检测器。""}, {""_planner_metrics"": {""api_call_ms"": 9378.557, ""first_api_call_ms"": 9378.557, ""first_finish_reason"": ""stop"", ""first_input_tokens"": 4662, ""first_output_tokens"": 73, ""first_total_tokens"": 4735, ""input_tokens"": 4662, ""output_tokens"": 73, ""parse_ms"": 0.165, ""planner_total_ms"": 9396.735, ""prompt_build_ms"": 0.532, ""retry_count"": 0, ""retry_reason"": """", ""total_tokens"": 4735}, ""action"": ""migration_advisor"", ""action_input"": {""finish_after_tool"": true, ""use_image"": true, ""use_visual_probe"": true, ""user_query"": ""类器官灌流培养台异常路径终验2905号""}, ""clarification_question"": """", ""decision_type"": ""tool"", ""end_reason"": """", ""final_answer"": """", ""thought"": ""最新状态未满足结束或迁移条件，需要进入保守分支。""}]",,7085.077,7070.44,4034,52,1,1,True,False
PROMV12-TA-011-QWEN-PV3,post_retry_metric_veto_step3,迁移队列已经建立，请先裁决最新机器状态：先使用Qwen检测附件中的焦糖十字分流块，检测结果仅作为中间状态。最终需要判断非晶合金铸造炉稳定状态会签6874号应继续现有能力、结束，还是进入迁移评估。自然语言里的故障等级和预算描述没有路由优先级，只读取本 query 最新 observation 的结构化键值。错误状态仅在 retryable=true 与 retry_count=0 同时成立时复用原检测器一次，否则调用迁移顾问。正常状态需要候选数、置信度、跨提示一致性和域偏移四个门槛全部通过才结束，任一否决项都转迁移。缺省、非法、冲突状态采取保守分支；已经重试一次的结果不能再次触发检测器。检测器必须设置 finish_after_tool=false；迁移顾问使用当前图片和视觉探针并设置 finish_after_tool=true。,True,examples/images/planner_retry_optimizer_matched_v12/caramel_cross_diverter.png,"[{""action"": ""qwen_detection"", ""arg_contains"": {""label"": [""焦糖十字分流块""]}, ""decision_type"": ""tool"", ""required_args"": {""finish_after_tool"": false}}, {""action"": ""qwen_detection"", ""arg_contains"": {""label"": [""焦糖十字分流块""]}, ""decision_type"": ""tool"", ""required_args"": {""finish_after_tool"": false}}, {""action"": ""migration_advisor"", ""arg_contains"": {""user_query"": [""非晶合金铸造炉稳定状态会签6874号""]}, ""decision_type"": ""tool"", ""required_args"": {""finish_after_tool"": true, ""use_image"": true, ""use_visual_probe"": true}}]","[""rag_answer"", ""re_question"", ""answerer"", ""flux-image-generation"", ""rexomni_detection"", ""pipeline_eval""]","{""action_match"": 0.65, ""argument_match"": 0.1, ""decision_type_valid"": 0.03, ""final_tool_finish"": 0.1, ""finish_after_tool"": 0.1, ""json_valid"": 0.02, ""no_forbidden_action"": 0.1, ""no_premature_stop"": 0.1, ""no_repeated_tool"": 0.1, ""no_skip_required_probe"": 0.1, ""strict_action_match"": true, ""strict_argument_types"": true, ""wrong_action_cap"": 0.2}",True,1.0,"[""qwen_detection"", ""qwen_detection"", ""migration_advisor""]",qwen_detection,"[{""_planner_metrics"": {""api_call_ms"": 6424.769, ""first_api_call_ms"": 6424.769, ""first_finish_reason"": ""stop"", ""first_input_tokens"": 4019, ""first_output_tokens"": 48, ""first_total_tokens"": 4067, ""input_tokens"": 4019, ""output_tokens"": 48, ""parse_ms"": 0.129, ""planner_total_ms"": 6438.239, ""prompt_build_ms"": 0.369, ""retry_count"": 0, ""retry_reason"": """", ""total_tokens"": 4067}, ""action"": ""qwen_detection"", ""action_input"": {""finish_after_tool"": false, ""label"": ""焦糖十字分流块""}, ""clarification_question"": """", ""decision_type"": ""tool"", ""end_reason"": """", ""final_answer"": """", ""thought"": ""先执行用户指定的检测器以取得当前结构化状态。""}, {""_planner_metrics"": {""api_call_ms"": 6865.942, ""first_api_call_ms"": 6865.942, ""first_finish_reason"": ""stop"", ""first_input_tokens"": 4326, ""first_output_tokens"": 51, ""first_total_tokens"": 4377, ""input_tokens"": 4326, ""output_tokens"": 51, ""parse_ms"": 0.14, ""planner_total_ms"": 6881.229, ""prompt_build_ms"": 0.503, ""retry_count"": 0, ""retry_reason"": """", ""total_tokens"": 4377}, ""action"": ""qwen_detection"", ""action_input"": {""finish_after_tool"": false, ""label"": ""焦糖十字分流块""}, ""clarification_question"": """", ""decision_type"": ""tool"", ""end_reason"": """", ""final_answer"": """", ""thought"": ""最新状态满足错误状态重试条件，需要再次使用同一检测器。""}, {""_planner_metrics"": {""api_call_ms"": 9297.531, ""first_api_call_ms"": 9297.531, ""first_finish_reason"": ""stop"", ""first_input_tokens"": 4623, ""first_output_tokens"": 73, ""first_total_tokens"": 4696, ""input_tokens"": 4623, ""output_tokens"": 73, ""parse_ms"": 0.155, ""planner_total_ms"": 9313.358, ""prompt_build_ms"": 0.501, ""retry_count"": 0, ""retry_reason"": """", ""total_tokens"": 4696}, ""action"": ""migration_advisor"", ""action_input"": {""finish_after_tool"": true, ""use_image"": true, ""use_visual_probe"": true, ""user_query"": ""非晶合金铸造炉稳定状态会签6874号""}, ""clarification_question"": """", ""decision_type"": ""tool"", ""end_reason"": """", ""final_answer"": """", ""thought"": ""最新状态未满足结束或迁移条件，需要继续按规则处理。""}]",,6438.239,6424.769,4019,48,1,1,True,False
PROMV12-TA-003-QWEN-PS3,post_retry_success_step3,旧故障结论不得覆盖最后一条结构化回执：先使用Qwen检测附件中的冰青三辐锁紧轮，检测结果仅作为中间状态。最终需要判断深水码头输油站重试边界复审2398号应继续现有能力、结束，还是进入迁移评估。自然语言里的故障等级和预算描述没有路由优先级，只读取本 query 最新 observation 的结构化键值。错误状态仅在 retryable=true 与 retry_count=0 同时成立时复用原检测器一次，否则调用迁移顾问。正常状态需要候选数、置信度、跨提示一致性和域偏移四个门槛全部通过才结束，任一否决项都转迁移。缺省、非法、冲突状态采取保守分支；已经重试一次的结果不能再次触发检测器。检测器必须设置 finish_after_tool=false；迁移顾问使用当前图片和视觉探针并设置 finish_after_tool=true。,True,examples/images/planner_retry_optimizer_matched_v12/icecyan_three_spoke_lockwheel.png,"[{""action"": ""qwen_detection"", ""arg_contains"": {""label"": [""冰青三辐锁紧轮""]}, ""decision_type"": ""tool"", ""required_args"": {""finish_after_tool"": false}}, {""action"": ""qwen_detection"", ""arg_contains"": {""label"": [""冰青三辐锁紧轮""]}, ""decision_type"": ""tool"", ""required_args"": {""finish_after_tool"": false}}, {""arg_contains"": {}, ""decision_type"": ""end"", ""required_args"": {""end_reason"": ""memory_hit""}}]","[""rag_answer"", ""re_question"", ""answerer"", ""flux-image-generation"", ""rexomni_detection"", ""pipeline_eval"", ""migration_advisor""]","{""action_match"": 0.65, ""argument_match"": 0.1, ""decision_type_valid"": 0.03, ""final_tool_finish"": 0.1, ""finish_after_tool"": 0.1, ""json_valid"": 0.02, ""no_forbidden_action"": 0.1, ""no_premature_stop"": 0.1, ""no_repeated_tool"": 0.1, ""no_skip_required_probe"": 0.1, ""strict_action_match"": true, ""strict_argument_types"": true, ""wrong_action_cap"": 0.2}",False,0.671875,"[""qwen_detection"", ""migration_advisor"", ""final_answer""]",qwen_detection,"[{""_planner_metrics"": {""api_call_ms"": 6732.522, ""first_api_call_ms"": 6732.522, ""first_finish_reason"": ""stop"", ""first_input_tokens"": 4022, ""first_output_tokens"": 51, ""first_total_tokens"": 4073, ""input_tokens"": 4022, ""output_tokens"": 51, ""parse_ms"": 0.13, ""planner_total_ms"": 6746.239, ""prompt_build_ms"": 0.425, ""retry_count"": 0, ""retry_reason"": """", ""total_tokens"": 4073}, ""action"": ""qwen_detection"", ""action_input"": {""finish_after_tool"": false, ""label"": ""冰青三辐锁紧轮""}, ""clarification_question"": """", ""decision_type"": ""tool"", ""end_reason"": """", ""final_answer"": """", ""thought"": ""先执行用户指定的检测器以取得当前结构化状态。""}, {""_planner_metrics"": {""api_call_ms"": 9074.627, ""first_api_call_ms"": 9074.627, ""first_finish_reason"": ""stop"", ""first_input_tokens"": 4327, ""first_output_tokens"": 72, ""first_total_tokens"": 4399, ""input_tokens"": 4327, ""output_tokens"": 72, ""parse_ms"": 0.157, ""planner_total_ms"": 9089.151, ""prompt_build_ms"": 0.509, ""retry_count"": 0, ""retry_reason"": """", ""total_tokens"": 4399}, ""action"": ""migration_advisor"", ""action_input"": {""finish_after_tool"": true, ""use_image"": true, ""use_visual_probe"": true, ""user_query"": ""深水码头输油站重试边界复审2398号""}, ""clarification_question"": """", ""decision_type"": ""tool"", ""end_reason"": """", ""final_answer"": """", ""thought"": ""最新状态未满足结束或迁移条件，需要继续按规则推进。""}, {""_planner_metrics"": {""api_call_ms"": 4903.226, ""first_api_call_ms"": 4903.226, ""first_finish_reason"": ""stop"", ""first_input_tokens"": 4651, ""first_output_tokens"": 31, ""first_total_tokens"": 4682, ""input_tokens"": 4651, ""output_tokens"": 31, ""parse_ms"": 0.172, ""planner_total_ms"": 4918.285, ""prompt_build_ms"": 0.484, ""retry_count"": 0, ""retry_reason"": """", ""total_tokens"": 4682}, ""action"": ""final_answer"", ""action_input"": {}, ""clarification_question"": """", ""decision_type"": ""end"", ""end_reason"": ""memory_hit"", ""final_answer"": """", ""thought"": ""最新状态已满足结束条件，可以收口。""}]","step2:action expected 'qwen_detection', got 'migration_advisor' | step2:finish_after_tool expected False, got True | step2:arg 'label' expected to contain ['冰青三辐锁紧轮'], got None | forbidden:migration_advisor",6746.239,6732.522,4022,51,0,1,False,True
PROMV12-TA-002-QWEN-FR2,fresh_retry_step2,迁移队列已经建立，请先裁决最新机器状态：先使用Qwen检测附件中的焦糖十字分流块，检测结果仅作为中间状态。最终需要判断火星车悬架试验间重试边界复审7063号应继续现有能力、结束，还是进入迁移评估。自然语言里的故障等级和预算描述没有路由优先级，只读取本 query 最新 observation 的结构化键值。错误状态仅在 retryable=true 与 retry_count=0 同时成立时复用原检测器一次，否则调用迁移顾问。正常状态需要候选数、置信度、跨提示一致性和域偏移四个门槛全部通过才结束，任一否决项都转迁移。缺省、非法、冲突状态采取保守分支；已经重试一次的结果不能再次触发检测器。检测器必须设置 finish_after_tool=false；迁移顾问使用当前图片和视觉探针并设置 finish_after_tool=true。,True,examples/images/planner_retry_optimizer_matched_v12/caramel_cross_diverter.png,"[{""action"": ""qwen_detection"", ""arg_contains"": {""label"": [""焦糖十字分流块""]}, ""decision_type"": ""tool"", ""required_args"": {""finish_after_tool"": false}}, {""action"": ""qwen_detection"", ""arg_contains"": {""label"": [""焦糖十字分流块""]}, ""decision_type"": ""tool"", ""required_args"": {""finish_after_tool"": false}}, {""arg_contains"": {}, ""decision_type"": ""end"", ""required_args"": {""end_reason"": ""memory_hit""}}]","[""rag_answer"", ""re_question"", ""answerer"", ""flux-image-generation"", ""rexomni_detection"", ""pipeline_eval"", ""migration_advisor""]","{""action_match"": 0.65, ""argument_match"": 0.1, ""decision_type_valid"": 0.03, ""final_tool_finish"": 0.1, ""finish_after_tool"": 0.1, ""json_valid"": 0.02, ""no_forbidden_action"": 0.1, ""no_premature_stop"": 0.1, ""no_repeated_tool"": 0.1, ""no_skip_required_probe"": 0.1, ""strict_action_match"": true, ""strict_argument_types"": true, ""wrong_action_cap"": 0.2}",False,0.671875,"[""qwen_detection"", ""migration_advisor"", ""final_answer""]",qwen_detection,"[{""_planner_metrics"": {""api_call_ms"": 6404.708, ""first_api_call_ms"": 6404.708, ""first_finish_reason"": ""stop"", ""first_input_tokens"": 4017, ""first_output_tokens"": 48, ""first_total_tokens"": 4065, ""input_tokens"": 4017, ""output_tokens"": 48, ""parse_ms"": 0.148, ""planner_total_ms"": 6418.464, ""prompt_build_ms"": 0.43, ""retry_count"": 0, ""retry_reason"": """", ""total_tokens"": 4065}, ""action"": ""qwen_detection"", ""action_input"": {""finish_after_tool"": false, ""label"": ""焦糖十字分流块""}, ""clarification_question"": """", ""decision_type"": ""tool"", ""end_reason"": """", ""final_answer"": """", ""thought"": ""先执行用户指定的检测器以取得当前结构化状态。""}, {""_planner_metrics"": {""api_call_ms"": 9043.372, ""first_api_call_ms"": 9043.372, ""first_finish_reason"": ""stop"", ""first_input_tokens"": 4328, ""first_output_tokens"": 72, ""first_total_tokens"": 4400, ""input_tokens"": 4328, ""output_tokens"": 72, ""parse_ms"": 0.173, ""planner_total_ms"": 9058.523, ""prompt_build_ms"": 0.518, ""retry_count"": 0, ""retry_reason"": """", ""total_tokens"": 4400}, ""action"": ""migration_advisor"", ""action_input"": {""finish_after_tool"": true, ""use_image"": true, ""use_visual_probe"": true, ""user_query"": ""火星车悬架试验间重试边界复审7063号""}, ""clarification_question"": """", ""decision_type"": ""tool"", ""end_reason"": """", ""final_answer"": """", ""thought"": ""最新状态未满足结束或重试条件，需要进入能力迁移评估。""}, {""_planner_metrics"": {""api_call_ms"": 5060.599, ""first_api_call_ms"": 5060.599, ""first_finish_reason"": ""stop"", ""first_input_tokens"": 4662, ""first_output_tokens"": 32, ""first_total_tokens"": 4694, ""input_tokens"": 4662, ""output_tokens"": 32, ""parse_ms"": 0.163, ""planner_total_ms"": 5076.575, ""prompt_build_ms"": 0.55, ""retry_count"": 0, ""retry_reason"": """", ""total_tokens"": 4694}, ""action"": ""final_answer"", ""action_input"": {}, ""clarification_question"": """", ""decision_type"": ""end"", ""end_reason"": ""memory_hit"", ""final_answer"": """", ""thought"": ""最新状态已满足结束条件，可以终止本轮规划。""}]","step2:action expected 'qwen_detection', got 'migration_advisor' | step2:finish_after_tool expected False, got True | step2:arg 'label' expected to contain ['焦糖十字分流块'], got None | forbidden:migration_advisor",6418.464,6404.708,4017,48,0,1,False,True
PROMV12-TA-006-REX-CS2,current_success_step2,设备失联只是背景，仍须核对当前显式额度：先使用Rex-Omni检测附件中的冰青三辐锁紧轮，检测结果仅作为中间状态。最终需要判断深水码头输油站异常路径终验1480号应继续现有能力、结束，还是进入迁移评估。自然语言里的故障等级和预算描述没有路由优先级，只读取本 query 最新 observation 的结构化键值。错误状态仅在 retryable=true 与 retry_count=0 同时成立时复用原检测器一次，否则调用迁移顾问。正常状态需要候选数、置信度、跨提示一致性和域偏移四个门槛全部通过才结束，任一否决项都转迁移。缺省、非法、冲突状态采取保守分支；已经重试一次的结果不能再次触发检测器。检测器必须设置 finish_after_tool=false；迁移顾问使用当前图片和视觉探针并设置 finish_after_tool=true。,True,examples/images/planner_retry_optimizer_matched_v12/icecyan_three_spoke_lockwheel.png,"[{""action"": ""rexomni_detection"", ""arg_contains"": {""label"": [""冰青三辐锁紧轮""]}, ""decision_type"": ""tool"", ""required_args"": {""finish_after_tool"": false}}, {""arg_contains"": {}, ""decision_type"": ""end"", ""required_args"": {""end_reason"": ""memory_hit""}}]","[""rag_answer"", ""re_question"", ""answerer"", ""flux-image-generation"", ""qwen_detection"", ""pipeline_eval"", ""migration_advisor""]","{""action_match"": 0.65, ""argument_match"": 0.1, ""decision_type_valid"": 0.03, ""final_tool_finish"": 0.1, ""finish_after_tool"": 0.1, ""json_valid"": 0.02, ""no_forbidden_action"": 0.1, ""no_premature_stop"": 0.1, ""no_repeated_tool"": 0.1, ""no_skip_required_probe"": 0.1, ""strict_action_match"": true, ""strict_argument_types"": true, ""wrong_action_cap"": 0.2}",True,1.0,"[""rexomni_detection"", ""final_answer""]",rexomni_detection,"[{""_planner_metrics"": {""api_call_ms"": 6799.975, ""first_api_call_ms"": 6799.975, ""first_finish_reason"": ""stop"", ""first_input_tokens"": 4033, ""first_output_tokens"": 52, ""first_total_tokens"": 4085, ""input_tokens"": 4033, ""output_tokens"": 52, ""parse_ms"": 0.199, ""planner_total_ms"": 6814.307, ""prompt_build_ms"": 0.498, ""retry_count"": 0, ""retry_reason"": """", ""total_tokens"": 4085}, ""action"": ""rexomni_detection"", ""action_input"": {""finish_after_tool"": false, ""label"": ""冰青三辐锁紧轮""}, ""clarification_question"": """", ""decision_type"": ""tool"", ""end_reason"": """", ""final_answer"": """", ""thought"": ""先执行用户指定的检测器以取得当前结构化状态。""}, {""_planner_metrics"": {""api_call_ms"": 5037.706, ""first_api_call_ms"": 5037.706, ""first_finish_reason"": ""stop"", ""first_input_tokens"": 4334, ""first_output_tokens"": 34, ""first_total_tokens"": 4368, ""input_tokens"": 4334, ""output_tokens"": 34, ""parse_ms"": 0.154, ""planner_total_ms"": 5053.841, ""prompt_build_ms"": 0.462, ""retry_count"": 0, ""retry_reason"": """", ""total_tokens"": 4368}, ""action"": ""final_answer"", ""action_input"": {}, ""clarification_question"": """", ""decision_type"": ""end"", ""end_reason"": ""memory_hit"", ""final_answer"": """", ""thought"": ""最新结构化状态已满足全部硬门槛，可以结束本轮规划。""}]",,6814.307,6799.975,4033,52,1,1,True,False
PROMV12-TA-007-REX-PE3,post_retry_error_step3,旧故障结论不得覆盖最后一条结构化回执：先使用Rex-Omni检测附件中的焦糖十字分流块，检测结果仅作为中间状态。最终需要判断类器官灌流培养台稳定状态会签3047号应继续现有能力、结束，还是进入迁移评估。自然语言里的故障等级和预算描述没有路由优先级，只读取本 query 最新 observation 的结构化键值。错误状态仅在 retryable=true 与 retry_count=0 同时成立时复用原检测器一次，否则调用迁移顾问。正常状态需要候选数、置信度、跨提示一致性和域偏移四个门槛全部通过才结束，任一否决项都转迁移。缺省、非法、冲突状态采取保守分支；已经重试一次的结果不能再次触发检测器。检测器必须设置 finish_after_tool=false；迁移顾问使用当前图片和视觉探针并设置 finish_after_tool=true。,True,examples/images/planner_retry_optimizer_matched_v12/caramel_cross_diverter.png,"[{""action"": ""rexomni_detection"", ""arg_contains"": {""label"": [""焦糖十字分流块""]}, ""decision_type"": ""tool"", ""required_args"": {""finish_after_tool"": false}}, {""action"": ""rexomni_detection"", ""arg_contains"": {""label"": [""焦糖十字分流块""]}, ""decision_type"": ""tool"", ""required_args"": {""finish_after_tool"": false}}, {""action"": ""migration_advisor"", ""arg_contains"": {""user_query"": [""类器官灌流培养台稳定状态会签3047号""]}, ""decision_type"": ""tool"", ""required_args"": {""finish_after_tool"": true, ""use_image"": true, ""use_visual_probe"": true}}]","[""rag_answer"", ""re_question"", ""answerer"", ""flux-image-generation"", ""qwen_detection"", ""pipeline_eval""]","{""action_match"": 0.65, ""argument_match"": 0.1, ""decision_type_valid"": 0.03, ""final_tool_finish"": 0.1, ""finish_after_tool"": 0.1, ""json_valid"": 0.02, ""no_forbidden_action"": 0.1, ""no_premature_stop"": 0.1, ""no_repeated_tool"": 0.1, ""no_skip_required_probe"": 0.1, ""strict_action_match"": true, ""strict_argument_types"": true, ""wrong_action_cap"": 0.2}",False,0.4375,"[""rexomni_detection"", ""migration_advisor"", ""rexomni_detection""]",rexomni_detection,"[{""_planner_metrics"": {""api_call_ms"": 6479.784, ""first_api_call_ms"": 6479.784, ""first_finish_reason"": ""stop"", ""first_input_tokens"": 4025, ""first_output_tokens"": 49, ""first_total_tokens"": 4074, ""input_tokens"": 4025, ""output_tokens"": 49, ""parse_ms"": 0.135, ""planner_total_ms"": 6493.743, ""prompt_build_ms"": 0.431, ""retry_count"": 0, ""retry_reason"": """", ""total_tokens"": 4074}, ""action"": ""rexomni_detection"", ""action_input"": {""finish_after_tool"": false, ""label"": ""焦糖十字分流块""}, ""clarification_question"": """", ""decision_type"": ""tool"", ""end_reason"": """", ""final_answer"": """", ""thought"": ""先执行用户指定的检测器以取得当前结构化状态。""}, {""_planner_metrics"": {""api_call_ms"": 9236.788, ""first_api_call_ms"": 9236.788, ""first_finish_reason"": ""stop"", ""first_input_tokens"": 4332, ""first_output_tokens"": 74, ""first_total_tokens"": 4406, ""input_tokens"": 4332, ""output_tokens"": 74, ""parse_ms"": 0.18, ""planner_total_ms"": 9252.567, ""prompt_build_ms"": 0.514, ""retry_count"": 0, ""retry_reason"": """", ""total_tokens"": 4406}, ""action"": ""migration_advisor"", ""action_input"": {""finish_after_tool"": true, ""use_image"": true, ""use_visual_probe"": true, ""user_query"": ""类器官灌流培养台稳定状态会签3047号""}, ""clarification_question"": """", ""decision_type"": ""tool"", ""end_reason"": """", ""final_answer"": """", ""thought"": ""最新状态未满足结束或迁移条件，需要继续按规则推进。""}, {""_planner_metrics"": {""api_call_ms"": 7119.726, ""first_api_call_ms"": 7119.726, ""first_finish_reason"": ""stop"", ""first_input_tokens"": 4669, ""first_output_tokens"": 52, ""first_total_tokens"": 4721, ""input_tokens"": 4669, ""output_tokens"": 52, ""parse_ms"": 0.138, ""planner_total_ms"": 7136.652, ""prompt_build_ms"": 0.492, ""retry_count"": 0, ""retry_reason"": """", ""total_tokens"": 4721}, ""action"": ""rexomni_detection"", ""action_input"": {""finish_after_tool"": false, ""label"": ""焦糖十字分流块""}, ""clarification_question"": """", ""decision_type"": ""tool"", ""end_reason"": """", ""final_answer"": """", ""thought"": ""最新状态未满足结束或迁移条件，需要继续按规则推进。""}]","step2:action expected 'rexomni_detection', got 'migration_advisor' | step2:finish_after_tool expected False, got True | step2:arg 'label' expected to contain ['焦糖十字分流块'], got None | step3:action expected 'migration_advisor', got 'rexomni_detection' | step3:finish_after_tool expected True, got False | step3:arg 'use_image' expected True, got None | step3:arg 'use_visual_probe' expected True, got None | step3:arg 'user_query' expected to contain ['类器官灌流培养台稳定状态会签3047号'], got None",6493.743,6479.784,4025,49,0,1,False,True
PROMV12-TA-007-REX-NR2,nonretryable_step2,旧故障结论不得覆盖最后一条结构化回执：先使用Rex-Omni检测附件中的焦糖十字分流块，检测结果仅作为中间状态。最终需要判断类器官灌流培养台稳定状态会签3047号应继续现有能力、结束，还是进入迁移评估。自然语言里的故障等级和预算描述没有路由优先级，只读取本 query 最新 observation 的结构化键值。错误状态仅在 retryable=true 与 retry_count=0 同时成立时复用原检测器一次，否则调用迁移顾问。正常状态需要候选数、置信度、跨提示一致性和域偏移四个门槛全部通过才结束，任一否决项都转迁移。缺省、非法、冲突状态采取保守分支；已经重试一次的结果不能再次触发检测器。检测器必须设置 finish_after_tool=false；迁移顾问使用当前图片和视觉探针并设置 finish_after_tool=true。,True,examples/images/planner_retry_optimizer_matched_v12/caramel_cross_diverter.png,"[{""action"": ""rexomni_detection"", ""arg_contains"": {""label"": [""焦糖十字分流块""]}, ""decision_type"": ""tool"", ""required_args"": {""finish_after_tool"": false}}, {""action"": ""migration_advisor"", ""arg_contains"": {""user_query"": [""类器官灌流培养台稳定状态会签3047号""]}, ""decision_type"": ""tool"", ""required_args"": {""finish_after_tool"": true, ""use_image"": true, ""use_visual_probe"": true}}]","[""rag_answer"", ""re_question"", ""answerer"", ""flux-image-generation"", ""qwen_detection"", ""pipeline_eval""]","{""action_match"": 0.65, ""argument_match"": 0.1, ""decision_type_valid"": 0.03, ""final_tool_finish"": 0.1, ""finish_after_tool"": 0.1, ""json_valid"": 0.02, ""no_forbidden_action"": 0.1, ""no_premature_stop"": 0.1, ""no_repeated_tool"": 0.1, ""no_skip_required_probe"": 0.1, ""strict_action_match"": true, ""strict_argument_types"": true, ""wrong_action_cap"": 0.2}",True,1.0,"[""rexomni_detection"", ""migration_advisor""]",rexomni_detection,"[{""_planner_metrics"": {""api_call_ms"": 6430.691, ""first_api_call_ms"": 6430.691, ""first_finish_reason"": ""stop"", ""first_input_tokens"": 4025, ""first_output_tokens"": 49, ""first_total_tokens"": 4074, ""input_tokens"": 4025, ""output_tokens"": 49, ""parse_ms"": 0.147, ""planner_total_ms"": 6444.272, ""prompt_build_ms"": 0.398, ""retry_count"": 0, ""retry_reason"": """", ""total_tokens"": 4074}, ""action"": ""rexomni_detection"", ""action_input"": {""finish_after_tool"": false, ""label"": ""焦糖十字分流块""}, ""clarification_question"": """", ""decision_type"": ""tool"", ""end_reason"": """", ""final_answer"": """", ""thought"": ""先执行用户指定的检测器以取得当前结构化状态。""}, {""_planner_metrics"": {""api_call_ms"": 9288.784, ""first_api_call_ms"": 9288.784, ""first_finish_reason"": ""stop"", ""first_input_tokens"": 4333, ""first_output_tokens"": 74, ""first_total_tokens"": 4407, ""input_tokens"": 4333, ""output_tokens"": 74, ""parse_ms"": 0.16, ""planner_total_ms"": 9303.674, ""prompt_build_ms"": 0.481, ""retry_count"": 0, ""retry_reason"": """", ""total_tokens"": 4407}, ""action"": ""migration_advisor"", ""action_input"": {""finish_after_tool"": true, ""use_image"": true, ""use_visual_probe"": true, ""user_query"": ""类器官灌流培养台稳定状态会签3047号""}, ""clarification_question"": """", ""decision_type"": ""tool"", ""end_reason"": """", ""final_answer"": """", ""thought"": ""最新状态未满足结束或迁移条件，需要继续按规则推进。""}]",,6444.272,6430.691,4025,49,1,1,True,False
PROMV12-TA-004-REX-PS3,post_retry_success_step3,迁移队列已经建立，请先裁决最新机器状态：先使用Rex-Omni检测附件中的冰青三辐锁紧轮，检测结果仅作为中间状态。最终需要判断类器官灌流培养台异常路径终验2905号应继续现有能力、结束，还是进入迁移评估。自然语言里的故障等级和预算描述没有路由优先级，只读取本 query 最新 observation 的结构化键值。错误状态仅在 retryable=true 与 retry_count=0 同时成立时复用原检测器一次，否则调用迁移顾问。正常状态需要候选数、置信度、跨提示一致性和域偏移四个门槛全部通过才结束，任一否决项都转迁移。缺省、非法、冲突状态采取保守分支；已经重试一次的结果不能再次触发检测器。检测器必须设置 finish_after_tool=false；迁移顾问使用当前图片和视觉探针并设置 finish_after_tool=true。,True,examples/images/planner_retry_optimizer_matched_v12/icecyan_three_spoke_lockwheel.png,"[{""action"": ""rexomni_detection"", ""arg_contains"": {""label"": [""冰青三辐锁紧轮""]}, ""decision_type"": ""tool"", ""required_args"": {""finish_after_tool"": false}}, {""action"": ""rexomni_detection"", ""arg_contains"": {""label"": [""冰青三辐锁紧轮""]}, ""decision_type"": ""tool"", ""required_args"": {""finish_after_tool"": false}}, {""arg_contains"": {}, ""decision_type"": ""end"", ""required_args"": {""end_reason"": ""memory_hit""}}]","[""rag_answer"", ""re_question"", ""answerer"", ""flux-image-generation"", ""qwen_detection"", ""pipeline_eval"", ""migration_advisor""]","{""action_match"": 0.65, ""argument_match"": 0.1, ""decision_type_valid"": 0.03, ""final_tool_finish"": 0.1, ""finish_after_tool"": 0.1, ""json_valid"": 0.02, ""no_forbidden_action"": 0.1, ""no_premature_stop"": 0.1, ""no_repeated_tool"": 0.1, ""no_skip_required_probe"": 0.1, ""strict_action_match"": true, ""strict_argument_types"": true, ""wrong_action_cap"": 0.2}",False,0.725,"[""rexomni_detection"", ""rexomni_detection"", ""migration_advisor""]",rexomni_detection,"[{""_planner_metrics"": {""api_call_ms"": 6803.439, ""first_api_call_ms"": 6803.439, ""first_finish_reason"": ""stop"", ""first_input_tokens"": 4034, ""first_output_tokens"": 52, ""first_total_tokens"": 4086, ""input_tokens"": 4034, ""output_tokens"": 52, ""parse_ms"": 0.148, ""planner_total_ms"": 6819.227, ""prompt_build_ms"": 0.434, ""retry_count"": 0, ""retry_reason"": """", ""total_tokens"": 4086}, ""action"": ""rexomni_detection"", ""action_input"": {""finish_after_tool"": false, ""label"": ""冰青三辐锁紧轮""}, ""clarification_question"": """", ""decision_type"": ""tool"", ""end_reason"": """", ""final_answer"": """", ""thought"": ""先执行用户指定的检测器以取得当前结构化状态。""}, {""_planner_metrics"": {""api_call_ms"": 7274.835, ""first_api_call_ms"": 7274.835, ""first_finish_reason"": ""stop"", ""first_input_tokens"": 4349, ""first_output_tokens"": 53, ""first_total_tokens"": 4402, ""input_tokens"": 4349, ""output_tokens"": 53, ""parse_ms"": 0.175, ""planner_total_ms"": 7289.767, ""prompt_build_ms"": 0.433, ""retry_count"": 0, ""retry_reason"": """", ""total_tokens"": 4402}, ""action"": ""rexomni_detection"", ""action_input"": {""finish_after_tool"": false, ""label"": ""冰青三辐锁紧轮""}, ""clarification_question"": """", ""decision_type"": ""tool"", ""end_reason"": """", ""final_answer"": """", ""thought"": ""最新状态满足错误状态条件，需要复用同一检测器。""}, {""_planner_metrics"": {""api_call_ms"": 9561.421, ""first_api_call_ms"": 9561.421, ""first_finish_reason"": ""stop"", ""first_input_tokens"": 4659, ""first_output_tokens"": 73, ""first_total_tokens"": 4732, ""input_tokens"": 4659, ""output_tokens"": 73, ""parse_ms"": 0.219, ""planner_total_ms"": 9577.041, ""prompt_build_ms"": 0.474, ""retry_count"": 0, ""retry_reason"": """", ""total_tokens"": 4732}, ""action"": ""migration_advisor"", ""action_input"": {""finish_after_tool"": true, ""use_image"": true, ""use_visual_probe"": true, ""user_query"": ""类器官灌流培养台异常路径终验2905号""}, ""clarification_question"": """", ""decision_type"": ""tool"", ""end_reason"": """", ""final_answer"": """", ""thought"": ""最新状态未满足结束或迁移条件，需要进入保守分支。""}]","step3:decision_type expected 'end', got 'tool' | step3:action expected 'end', got 'migration_advisor' | step3:arg 'end_reason' expected 'memory_hit', got '' | forbidden:migration_advisor",6819.227,6803.439,4034,52,0,1,False,True
PROMV12-TA-011-REX-FR2,fresh_retry_step2,迁移队列已经建立，请先裁决最新机器状态：先使用Rex-Omni检测附件中的焦糖十字分流块，检测结果仅作为中间状态。最终需要判断非晶合金铸造炉稳定状态会签6874号应继续现有能力、结束，还是进入迁移评估。自然语言里的故障等级和预算描述没有路由优先级，只读取本 query 最新 observation 的结构化键值。错误状态仅在 retryable=true 与 retry_count=0 同时成立时复用原检测器一次，否则调用迁移顾问。正常状态需要候选数、置信度、跨提示一致性和域偏移四个门槛全部通过才结束，任一否决项都转迁移。缺省、非法、冲突状态采取保守分支；已经重试一次的结果不能再次触发检测器。检测器必须设置 finish_after_tool=false；迁移顾问使用当前图片和视觉探针并设置 finish_after_tool=true。,True,examples/images/planner_retry_optimizer_matched_v12/caramel_cross_diverter.png,"[{""action"": ""rexomni_detection"", ""arg_contains"": {""label"": [""焦糖十字分流块""]}, ""decision_type"": ""tool"", ""required_args"": {""finish_after_tool"": false}}, {""action"": ""rexomni_detection"", ""arg_contains"": {""label"": [""焦糖十字分流块""]}, ""decision_type"": ""tool"", ""required_args"": {""finish_after_tool"": false}}, {""arg_contains"": {}, ""decision_type"": ""end"", ""required_args"": {""end_reason"": ""memory_hit""}}]","[""rag_answer"", ""re_question"", ""answerer"", ""flux-image-generation"", ""qwen_detection"", ""pipeline_eval"", ""migration_advisor""]","{""action_match"": 0.65, ""argument_match"": 0.1, ""decision_type_valid"": 0.03, ""final_tool_finish"": 0.1, ""finish_after_tool"": 0.1, ""json_valid"": 0.02, ""no_forbidden_action"": 0.1, ""no_premature_stop"": 0.1, ""no_repeated_tool"": 0.1, ""no_skip_required_probe"": 0.1, ""strict_action_match"": true, ""strict_argument_types"": true, ""wrong_action_cap"": 0.2}",False,0.75625,"[""rexomni_detection"", ""rexomni_detection"", ""rexomni_detection""]",rexomni_detection,"[{""_planner_metrics"": {""api_call_ms"": 6669.207, ""first_api_call_ms"": 6669.207, ""first_finish_reason"": ""stop"", ""first_input_tokens"": 4025, ""first_output_tokens"": 49, ""first_total_tokens"": 4074, ""input_tokens"": 4025, ""output_tokens"": 49, ""parse_ms"": 0.167, ""planner_total_ms"": 6684.279, ""prompt_build_ms"": 0.434, ""retry_count"": 0, ""retry_reason"": """", ""total_tokens"": 4074}, ""action"": ""rexomni_detection"", ""action_input"": {""finish_after_tool"": false, ""label"": ""焦糖十字分流块""}, ""clarification_question"": """", ""decision_type"": ""tool"", ""end_reason"": """", ""final_answer"": """", ""thought"": ""先执行用户指定的检测器以取得当前结构化状态。""}, {""_planner_metrics"": {""api_call_ms"": 7121.031, ""first_api_call_ms"": 7121.031, ""first_finish_reason"": ""stop"", ""first_input_tokens"": 4328, ""first_output_tokens"": 52, ""first_total_tokens"": 4380, ""input_tokens"": 4328, ""output_tokens"": 52, ""parse_ms"": 0.14, ""planner_total_ms"": 7138.204, ""prompt_build_ms"": 0.455, ""retry_count"": 0, ""retry_reason"": """", ""total_tokens"": 4380}, ""action"": ""rexomni_detection"", ""action_input"": {""finish_after_tool"": false, ""label"": ""焦糖十字分流块""}, ""clarification_question"": """", ""decision_type"": ""tool"", ""end_reason"": """", ""final_answer"": """", ""thought"": ""最新状态未满足结束或迁移条件，需要继续按规则处理。""}, {""_planner_metrics"": {""api_call_ms"": 7267.804, ""first_api_call_ms"": 7267.804, ""first_finish_reason"": ""stop"", ""first_input_tokens"": 4629, ""first_output_tokens"": 52, ""first_total_tokens"": 4681, ""input_tokens"": 4629, ""output_tokens"": 52, ""parse_ms"": 0.174, ""planner_total_ms"": 7283.602, ""prompt_build_ms"": 0.483, ""retry_count"": 0, ""retry_reason"": """", ""total_tokens"": 4681}, ""action"": ""rexomni_detection"", ""action_input"": {""finish_after_tool"": false, ""label"": ""焦糖十字分流块""}, ""clarification_question"": """", ""decision_type"": ""tool"", ""end_reason"": """", ""final_answer"": """", ""thought"": ""最新状态未满足结束或迁移条件，需要继续按规则处理。""}]","step3:decision_type expected 'end', got 'tool' | step3:action expected 'end', got 'rexomni_detection' | step3:arg 'end_reason' expected 'memory_hit', got ''",6684.279,6669.207,4025,49,0,1,False,True
PROMV12-TA-005-REX-CS2,current_success_step2,设备失联只是背景，仍须核对当前显式额度：先使用Rex-Omni检测附件中的冰青三辐锁紧轮，检测结果仅作为中间状态。最终需要判断类器官灌流培养台重试边界复审5611号应继续现有能力、结束，还是进入迁移评估。自然语言里的故障等级和预算描述没有路由优先级，只读取本 query 最新 observation 的结构化键值。错误状态仅在 retryable=true 与 retry_count=0 同时成立时复用原检测器一次，否则调用迁移顾问。正常状态需要候选数、置信度、跨提示一致性和域偏移四个门槛全部通过才结束，任一否决项都转迁移。缺省、非法、冲突状态采取保守分支；已经重试一次的结果不能再次触发检测器。检测器必须设置 finish_after_tool=false；迁移顾问使用当前图片和视觉探针并设置 finish_after_tool=true。,True,examples/images/planner_retry_optimizer_matched_v12/icecyan_three_spoke_lockwheel.png,"[{""action"": ""rexomni_detection"", ""arg_contains"": {""label"": [""冰青三辐锁紧轮""]}, ""decision_type"": ""tool"", ""required_args"": {""finish_after_tool"": false}}, {""arg_contains"": {}, ""decision_type"": ""end"", ""required_args"": {""end_reason"": ""memory_hit""}}]","[""rag_answer"", ""re_question"", ""answerer"", ""flux-image-generation"", ""qwen_detection"", ""pipeline_eval"", ""migration_advisor""]","{""action_match"": 0.65, ""argument_match"": 0.1, ""decision_type_valid"": 0.03, ""final_tool_finish"": 0.1, ""finish_after_tool"": 0.1, ""json_valid"": 0.02, ""no_forbidden_action"": 0.1, ""no_premature_stop"": 0.1, ""no_repeated_tool"": 0.1, ""no_skip_required_probe"": 0.1, ""strict_action_match"": true, ""strict_argument_types"": true, ""wrong_action_cap"": 0.2}",False,0.617391,"[""rexomni_detection"", ""migration_advisor""]",rexomni_detection,"[{""_planner_metrics"": {""api_call_ms"": 6979.729, ""first_api_call_ms"": 6979.729, ""first_finish_reason"": ""stop"", ""first_input_tokens"": 4033, ""first_output_tokens"": 52, ""first_total_tokens"": 4085, ""input_tokens"": 4033, ""output_tokens"": 52, ""parse_ms"": 0.141, ""planner_total_ms"": 6994.723, ""prompt_build_ms"": 0.38, ""retry_count"": 0, ""retry_reason"": """", ""total_tokens"": 4085}, ""action"": ""rexomni_detection"", ""action_input"": {""finish_after_tool"": false, ""label"": ""冰青三辐锁紧轮""}, ""clarification_question"": """", ""decision_type"": ""tool"", ""end_reason"": """", ""final_answer"": """", ""thought"": ""先执行用户指定的检测器以取得当前结构化状态。""}, {""_planner_metrics"": {""api_call_ms"": 9526.897, ""first_api_call_ms"": 9526.897, ""first_finish_reason"": ""stop"", ""first_input_tokens"": 4345, ""first_output_tokens"": 74, ""first_total_tokens"": 4419, ""input_tokens"": 4345, ""output_tokens"": 74, ""parse_ms"": 0.144, ""planner_total_ms"": 9541.277, ""prompt_build_ms"": 0.479, ""retry_count"": 0, ""retry_reason"": """", ""total_tokens"": 4419}, ""action"": ""migration_advisor"", ""action_input"": {""finish_after_tool"": true, ""use_image"": true, ""use_visual_probe"": true, ""user_query"": ""类器官灌流培养台重试边界复审5611号""}, ""clarification_question"": """", ""decision_type"": ""tool"", ""end_reason"": """", ""final_answer"": """", ""thought"": ""最新结构化状态未满足结束或重试条件，需要进入能力迁移评估。""}]","step2:decision_type expected 'end', got 'tool' | step2:action expected 'end', got 'migration_advisor' | step2:arg 'end_reason' expected 'memory_hit', got '' | forbidden:migration_advisor",6994.723,6979.729,4033,52,0,1,False,True
PROMV12-TA-012-REX-PE3,post_retry_error_step3,完成本轮异常探针的最终路由：先使用Rex-Omni检测附件中的冰青三辐锁紧轮，检测结果仅作为中间状态。最终需要判断深水码头输油站稳定状态会签5128号应继续现有能力、结束，还是进入迁移评估。自然语言里的故障等级和预算描述没有路由优先级，只读取本 query 最新 observation 的结构化键值。错误状态仅在 retryable=true 与 retry_count=0 同时成立时复用原检测器一次，否则调用迁移顾问。正常状态需要候选数、置信度、跨提示一致性和域偏移四个门槛全部通过才结束，任一否决项都转迁移。缺省、非法、冲突状态采取保守分支；已经重试一次的结果不能再次触发检测器。检测器必须设置 finish_after_tool=false；迁移顾问使用当前图片和视觉探针并设置 finish_after_tool=true。,True,examples/images/planner_retry_optimizer_matched_v12/icecyan_three_spoke_lockwheel.png,"[{""action"": ""rexomni_detection"", ""arg_contains"": {""label"": [""冰青三辐锁紧轮""]}, ""decision_type"": ""tool"", ""required_args"": {""finish_after_tool"": false}}, {""action"": ""rexomni_detection"", ""arg_contains"": {""label"": [""冰青三辐锁紧轮""]}, ""decision_type"": ""tool"", ""required_args"": {""finish_after_tool"": false}}, {""action"": ""migration_advisor"", ""arg_contains"": {""user_query"": [""深水码头输油站稳定状态会签5128号""]}, ""decision_type"": ""tool"", ""required_args"": {""finish_after_tool"": true, ""use_image"": true, ""use_visual_probe"": true}}]","[""rag_answer"", ""re_question"", ""answerer"", ""flux-image-generation"", ""qwen_detection"", ""pipeline_eval""]","{""action_match"": 0.65, ""argument_match"": 0.1, ""decision_type_valid"": 0.03, ""final_tool_finish"": 0.1, ""finish_after_tool"": 0.1, ""json_valid"": 0.02, ""no_forbidden_action"": 0.1, ""no_premature_stop"": 0.1, ""no_repeated_tool"": 0.1, ""no_skip_required_probe"": 0.1, ""strict_action_match"": true, ""strict_argument_types"": true, ""wrong_action_cap"": 0.2}",False,0.734375,"[""rexomni_detection"", ""rexomni_detection"", ""rexomni_detection""]",rexomni_detection,"[{""_planner_metrics"": {""api_call_ms"": 6892.329, ""first_api_call_ms"": 6892.329, ""first_finish_reason"": ""stop"", ""first_input_tokens"": 4024, ""first_output_tokens"": 52, ""first_total_tokens"": 4076, ""input_tokens"": 4024, ""output_tokens"": 52, ""parse_ms"": 0.129, ""planner_total_ms"": 6906.337, ""prompt_build_ms"": 0.406, ""retry_count"": 0, ""retry_reason"": """", ""total_tokens"": 4076}, ""action"": ""rexomni_detection"", ""action_input"": {""finish_after_tool"": false, ""label"": ""冰青三辐锁紧轮""}, ""clarification_question"": """", ""decision_type"": ""tool"", ""end_reason"": """", ""final_answer"": """", ""thought"": ""先执行用户指定的检测器以取得当前结构化状态。""}, {""_planner_metrics"": {""api_call_ms"": 7357.33, ""first_api_call_ms"": 7357.33, ""first_finish_reason"": ""stop"", ""first_input_tokens"": 4335, ""first_output_tokens"": 54, ""first_total_tokens"": 4389, ""input_tokens"": 4335, ""output_tokens"": 54, ""parse_ms"": 0.148, ""planner_total_ms"": 7371.631, ""prompt_build_ms"": 0.511, ""retry_count"": 0, ""retry_reason"": """", ""total_tokens"": 4389}, ""action"": ""rexomni_detection"", ""action_input"": {""finish_after_tool"": false, ""label"": ""冰青三辐锁紧轮""}, ""clarification_question"": """", ""decision_type"": ""tool"", ""end_reason"": """", ""final_answer"": """", ""thought"": ""最新状态满足错误重试条件，需要再次使用同一检测器。""}, {""_planner_metrics"": {""api_call_ms"": 7471.978, ""first_api_call_ms"": 7471.978, ""first_finish_reason"": ""stop"", ""first_input_tokens"": 4645, ""first_output_tokens"": 54, ""first_total_tokens"": 4699, ""input_tokens"": 4645, ""output_tokens"": 54, ""parse_ms"": 0.137, ""planner_total_ms"": 7487.099, ""prompt_build_ms"": 0.524, ""retry_count"": 0, ""retry_reason"": """", ""total_tokens"": 4699}, ""action"": ""rexomni_detection"", ""action_input"": {""finish_after_tool"": false, ""label"": ""冰青三辐锁紧轮""}, ""clarification_question"": """", ""decision_type"": ""tool"", ""end_reason"": """", ""final_answer"": """", ""thought"": ""最新状态满足错误重试条件，需要再次使用同一检测器。""}]","step3:action expected 'migration_advisor', got 'rexomni_detection' | step3:finish_after_tool expected True, got False | step3:arg 'use_image' expected True, got None | step3:arg 'use_visual_probe' expected True, got None | step3:arg 'user_query' expected to contain ['深水码头输油站稳定状态会签5128号'], got None",6906.337,6892.329,4024,52,0,1,False,True
PROMV12-TA-010-REX-PV3,post_retry_metric_veto_step3,完成本轮异常探针的最终路由：先使用Rex-Omni检测附件中的焦糖十字分流块，检测结果仅作为中间状态。最终需要判断非晶合金铸造炉重试边界复审8156号应继续现有能力、结束，还是进入迁移评估。自然语言里的故障等级和预算描述没有路由优先级，只读取本 query 最新 observation 的结构化键值。错误状态仅在 retryable=true 与 retry_count=0 同时成立时复用原检测器一次，否则调用迁移顾问。正常状态需要候选数、置信度、跨提示一致性和域偏移四个门槛全部通过才结束，任一否决项都转迁移。缺省、非法、冲突状态采取保守分支；已经重试一次的结果不能再次触发检测器。检测器必须设置 finish_after_tool=false；迁移顾问使用当前图片和视觉探针并设置 finish_after_tool=true。,True,examples/images/planner_retry_optimizer_matched_v12/caramel_cross_diverter.png,"[{""action"": ""rexomni_detection"", ""arg_contains"": {""label"": [""焦糖十字分流块""]}, ""decision_type"": ""tool"", ""required_args"": {""finish_after_tool"": false}}, {""action"": ""rexomni_detection"", ""arg_contains"": {""label"": [""焦糖十字分流块""]}, ""decision_type"": ""tool"", ""required_args"": {""finish_after_tool"": false}}, {""action"": ""migration_advisor"", ""arg_contains"": {""user_query"": [""非晶合金铸造炉重试边界复审8156号""]}, ""decision_type"": ""tool"", ""required_args"": {""finish_after_tool"": true, ""use_image"": true, ""use_visual_probe"": true}}]","[""rag_answer"", ""re_question"", ""answerer"", ""flux-image-generation"", ""qwen_detection"", ""pipeline_eval""]","{""action_match"": 0.65, ""argument_match"": 0.1, ""decision_type_valid"": 0.03, ""final_tool_finish"": 0.1, ""finish_after_tool"": 0.1, ""json_valid"": 0.02, ""no_forbidden_action"": 0.1, ""no_premature_stop"": 0.1, ""no_repeated_tool"": 0.1, ""no_skip_required_probe"": 0.1, ""strict_action_match"": true, ""strict_argument_types"": true, ""wrong_action_cap"": 0.2}",True,1.0,"[""rexomni_detection"", ""rexomni_detection"", ""migration_advisor""]",rexomni_detection,"[{""_planner_metrics"": {""api_call_ms"": 6625.89, ""first_api_call_ms"": 6625.89, ""first_finish_reason"": ""stop"", ""first_input_tokens"": 4015, ""first_output_tokens"": 49, ""first_total_tokens"": 4064, ""input_tokens"": 4015, ""output_tokens"": 49, ""parse_ms"": 0.148, ""planner_total_ms"": 6640.675, ""prompt_build_ms"": 0.409, ""retry_count"": 0, ""retry_reason"": """", ""total_tokens"": 4064}, ""action"": ""rexomni_detection"", ""action_input"": {""finish_after_tool"": false, ""label"": ""焦糖十字分流块""}, ""clarification_question"": """", ""decision_type"": ""tool"", ""end_reason"": """", ""final_answer"": """", ""thought"": ""先执行用户指定的检测器以取得当前结构化状态。""}, {""_planner_metrics"": {""api_call_ms"": 7301.292, ""first_api_call_ms"": 7301.292, ""first_finish_reason"": ""stop"", ""first_input_tokens"": 4319, ""first_output_tokens"": 53, ""first_total_tokens"": 4372, ""input_tokens"": 4319, ""output_tokens"": 53, ""parse_ms"": 0.17, ""planner_total_ms"": 7315.759, ""prompt_build_ms"": 0.476, ""retry_count"": 0, ""retry_reason"": """", ""total_tokens"": 4372}, ""action"": ""rexomni_detection"", ""action_input"": {""finish_after_tool"": false, ""label"": ""焦糖十字分流块""}, ""clarification_question"": """", ""decision_type"": ""tool"", ""end_reason"": """", ""final_answer"": """", ""thought"": ""最新状态满足错误状态的重试条件，需要再次使用同一检测器。""}, {""_planner_metrics"": {""api_call_ms"": 9728.669, ""first_api_call_ms"": 9728.669, ""first_finish_reason"": ""stop"", ""first_input_tokens"": 4619, ""first_output_tokens"": 72, ""first_total_tokens"": 4691, ""input_tokens"": 4619, ""output_tokens"": 72, ""parse_ms"": 0.219, ""planner_total_ms"": 9747.154, ""prompt_build_ms"": 0.637, ""retry_count"": 0, ""retry_reason"": """", ""total_tokens"": 4691}, ""action"": ""migration_advisor"", ""action_input"": {""finish_after_tool"": true, ""use_image"": true, ""use_visual_probe"": true, ""user_query"": ""非晶合金铸造炉重试边界复审8156号""}, ""clarification_question"": """", ""decision_type"": ""tool"", ""end_reason"": """", ""final_answer"": """", ""thought"": ""最新状态未满足结束或重试条件，需要进入能力迁移评估。""}]",,6640.675,6625.89,4015,49,1,1,True,False
PROMV12-TA-004-REX-PE3,post_retry_error_step3,迁移队列已经建立，请先裁决最新机器状态：先使用Rex-Omni检测附件中的冰青三辐锁紧轮，检测结果仅作为中间状态。最终需要判断类器官灌流培养台异常路径终验2905号应继续现有能力、结束，还是进入迁移评估。自然语言里的故障等级和预算描述没有路由优先级，只读取本 query 最新 observation 的结构化键值。错误状态仅在 retryable=true 与 retry_count=0 同时成立时复用原检测器一次，否则调用迁移顾问。正常状态需要候选数、置信度、跨提示一致性和域偏移四个门槛全部通过才结束，任一否决项都转迁移。缺省、非法、冲突状态采取保守分支；已经重试一次的结果不能再次触发检测器。检测器必须设置 finish_after_tool=false；迁移顾问使用当前图片和视觉探针并设置 finish_after_tool=true。,True,examples/images/planner_retry_optimizer_matched_v12/icecyan_three_spoke_lockwheel.png,"[{""action"": ""rexomni_detection"", ""arg_contains"": {""label"": [""冰青三辐锁紧轮""]}, ""decision_type"": ""tool"", ""required_args"": {""finish_after_tool"": false}}, {""action"": ""rexomni_detection"", ""arg_contains"": {""label"": [""冰青三辐锁紧轮""]}, ""decision_type"": ""tool"", ""required_args"": {""finish_after_tool"": false}}, {""action"": ""migration_advisor"", ""arg_contains"": {""user_query"": [""类器官灌流培养台异常路径终验2905号""]}, ""decision_type"": ""tool"", ""required_args"": {""finish_after_tool"": true, ""use_image"": true, ""use_visual_probe"": true}}]","[""rag_answer"", ""re_question"", ""answerer"", ""flux-image-generation"", ""qwen_detection"", ""pipeline_eval""]","{""action_match"": 0.65, ""argument_match"": 0.1, ""decision_type_valid"": 0.03, ""final_tool_finish"": 0.1, ""finish_after_tool"": 0.1, ""json_valid"": 0.02, ""no_forbidden_action"": 0.1, ""no_premature_stop"": 0.1, ""no_repeated_tool"": 0.1, ""no_skip_required_probe"": 0.1, ""strict_action_match"": true, ""strict_argument_types"": true, ""wrong_action_cap"": 0.2}",False,0.703125,"[""rexomni_detection"", ""migration_advisor"", ""migration_advisor""]",rexomni_detection,"[{""_planner_metrics"": {""api_call_ms"": 6946.922, ""first_api_call_ms"": 6946.922, ""first_finish_reason"": ""stop"", ""first_input_tokens"": 4034, ""first_output_tokens"": 52, ""first_total_tokens"": 4086, ""input_tokens"": 4034, ""output_tokens"": 52, ""parse_ms"": 0.148, ""planner_total_ms"": 6964.146, ""prompt_build_ms"": 0.445, ""retry_count"": 0, ""retry_reason"": """", ""total_tokens"": 4086}, ""action"": ""rexomni_detection"", ""action_input"": {""finish_after_tool"": false, ""label"": ""冰青三辐锁紧轮""}, ""clarification_question"": """", ""decision_type"": ""tool"", ""end_reason"": """", ""final_answer"": """", ""thought"": ""先执行用户指定的检测器以取得当前结构化状态。""}, {""_planner_metrics"": {""api_call_ms"": 9602.345, ""first_api_call_ms"": 9602.345, ""first_finish_reason"": ""stop"", ""first_input_tokens"": 4346, ""first_output_tokens"": 75, ""first_total_tokens"": 4421, ""input_tokens"": 4346, ""output_tokens"": 75, ""parse_ms"": 0.158, ""planner_total_ms"": 9617.442, ""prompt_build_ms"": 0.495, ""retry_count"": 0, ""retry_reason"": """", ""total_tokens"": 4421}, ""action"": ""migration_advisor"", ""action_input"": {""finish_after_tool"": true, ""use_image"": true, ""use_visual_probe"": true, ""user_query"": ""类器官灌流培养台异常路径终验2905号""}, ""clarification_question"": """", ""decision_type"": ""tool"", ""end_reason"": """", ""final_answer"": """", ""thought"": ""最新状态满足错误状态条件，需要调用迁移顾问进行能力边界评估。""}, {""_planner_metrics"": {""api_call_ms"": 9715.676, ""first_api_call_ms"": 9715.676, ""first_finish_reason"": ""stop"", ""first_input_tokens"": 4686, ""first_output_tokens"": 75, ""first_total_tokens"": 4761, ""input_tokens"": 4686, ""output_tokens"": 75, ""parse_ms"": 0.157, ""planner_total_ms"": 9732.956, ""prompt_build_ms"": 0.52, ""retry_count"": 0, ""retry_reason"": """", ""total_tokens"": 4761}, ""action"": ""migration_advisor"", ""action_input"": {""finish_after_tool"": true, ""use_image"": true, ""use_visual_probe"": true, ""user_query"": ""类器官灌流培养台异常路径终验2905号""}, ""clarification_question"": """", ""decision_type"": ""tool"", ""end_reason"": """", ""final_answer"": """", ""thought"": ""最新状态满足错误状态条件，需要调用迁移顾问进行能力边界评估。""}]","step2:action expected 'rexomni_detection', got 'migration_advisor' | step2:finish_after_tool expected False, got True | step2:arg 'label' expected to contain ['冰青三辐锁紧轮'], got None",6964.146,6946.922,4034,52,0,1,False,True
PROMV12-TA-002-REX-CF2,conflicting_state_step2,迁移队列已经建立，请先裁决最新机器状态：先使用Rex-Omni检测附件中的焦糖十字分流块，检测结果仅作为中间状态。最终需要判断火星车悬架试验间重试边界复审7063号应继续现有能力、结束，还是进入迁移评估。自然语言里的故障等级和预算描述没有路由优先级，只读取本 query 最新 observation 的结构化键值。错误状态仅在 retryable=true 与 retry_count=0 同时成立时复用原检测器一次，否则调用迁移顾问。正常状态需要候选数、置信度、跨提示一致性和域偏移四个门槛全部通过才结束，任一否决项都转迁移。缺省、非法、冲突状态采取保守分支；已经重试一次的结果不能再次触发检测器。检测器必须设置 finish_after_tool=false；迁移顾问使用当前图片和视觉探针并设置 finish_after_tool=true。,True,examples/images/planner_retry_optimizer_matched_v12/caramel_cross_diverter.png,"[{""action"": ""rexomni_detection"", ""arg_contains"": {""label"": [""焦糖十字分流块""]}, ""decision_type"": ""tool"", ""required_args"": {""finish_after_tool"": false}}, {""action"": ""migration_advisor"", ""arg_contains"": {""user_query"": [""火星车悬架试验间重试边界复审7063号""]}, ""decision_type"": ""tool"", ""required_args"": {""finish_after_tool"": true, ""use_image"": true, ""use_visual_probe"": true}}]","[""rag_answer"", ""re_question"", ""answerer"", ""flux-image-generation"", ""qwen_detection"", ""pipeline_eval""]","{""action_match"": 0.65, ""argument_match"": 0.1, ""decision_type_valid"": 0.03, ""final_tool_finish"": 0.1, ""finish_after_tool"": 0.1, ""json_valid"": 0.02, ""no_forbidden_action"": 0.1, ""no_premature_stop"": 0.1, ""no_repeated_tool"": 0.1, ""no_skip_required_probe"": 0.1, ""strict_action_match"": true, ""strict_argument_types"": true, ""wrong_action_cap"": 0.2}",True,1.0,"[""rexomni_detection"", ""migration_advisor""]",rexomni_detection,"[{""_planner_metrics"": {""api_call_ms"": 6705.524, ""first_api_call_ms"": 6705.524, ""first_finish_reason"": ""stop"", ""first_input_tokens"": 4023, ""first_output_tokens"": 49, ""first_total_tokens"": 4072, ""input_tokens"": 4023, ""output_tokens"": 49, ""parse_ms"": 0.145, ""planner_total_ms"": 6719.218, ""prompt_build_ms"": 0.426, ""retry_count"": 0, ""retry_reason"": """", ""total_tokens"": 4072}, ""action"": ""rexomni_detection"", ""action_input"": {""finish_after_tool"": false, ""label"": ""焦糖十字分流块""}, ""clarification_question"": """", ""decision_type"": ""tool"", ""end_reason"": """", ""final_answer"": """", ""thought"": ""先执行用户指定的检测器以取得当前结构化状态。""}, {""_planner_metrics"": {""api_call_ms"": 9331.381, ""first_api_call_ms"": 9331.381, ""first_finish_reason"": ""stop"", ""first_input_tokens"": 4325, ""first_output_tokens"": 72, ""first_total_tokens"": 4397, ""input_tokens"": 4325, ""output_tokens"": 72, ""parse_ms"": 0.146, ""planner_total_ms"": 9346.152, ""prompt_build_ms"": 0.462, ""retry_count"": 0, ""retry_reason"": """", ""total_tokens"": 4397}, ""action"": ""migration_advisor"", ""action_input"": {""finish_after_tool"": true, ""use_image"": true, ""use_visual_probe"": true, ""user_query"": ""火星车悬架试验间重试边界复审7063号""}, ""clarification_question"": """", ""decision_type"": ""tool"", ""end_reason"": """", ""final_answer"": """", ""thought"": ""最新状态未满足结束或重试条件，需要进入能力迁移评估。""}]",,6719.218,6705.524,4023,49,1,1,True,False
PROMV12-TA-006-QWEN-CF2,conflicting_state_step2,设备失联只是背景，仍须核对当前显式额度：先使用Qwen检测附件中的冰青三辐锁紧轮，检测结果仅作为中间状态。最终需要判断深水码头输油站异常路径终验1480号应继续现有能力、结束，还是进入迁移评估。自然语言里的故障等级和预算描述没有路由优先级，只读取本 query 最新 observation 的结构化键值。错误状态仅在 retryable=true 与 retry_count=0 同时成立时复用原检测器一次，否则调用迁移顾问。正常状态需要候选数、置信度、跨提示一致性和域偏移四个门槛全部通过才结束，任一否决项都转迁移。缺省、非法、冲突状态采取保守分支；已经重试一次的结果不能再次触发检测器。检测器必须设置 finish_after_tool=false；迁移顾问使用当前图片和视觉探针并设置 finish_after_tool=true。,True,examples/images/planner_retry_optimizer_matched_v12/icecyan_three_spoke_lockwheel.png,"[{""action"": ""qwen_detection"", ""arg_contains"": {""label"": [""冰青三辐锁紧轮""]}, ""decision_type"": ""tool"", ""required_args"": {""finish_after_tool"": false}}, {""action"": ""migration_advisor"", ""arg_contains"": {""user_query"": [""深水码头输油站异常路径终验1480号""]}, ""decision_type"": ""tool"", ""required_args"": {""finish_after_tool"": true, ""use_image"": true, ""use_visual_probe"": true}}]","[""rag_answer"", ""re_question"", ""answerer"", ""flux-image-generation"", ""rexomni_detection"", ""pipeline_eval""]","{""action_match"": 0.65, ""argument_match"": 0.1, ""decision_type_valid"": 0.03, ""final_tool_finish"": 0.1, ""finish_after_tool"": 0.1, ""json_valid"": 0.02, ""no_forbidden_action"": 0.1, ""no_premature_stop"": 0.1, ""no_repeated_tool"": 0.1, ""no_skip_required_probe"": 0.1, ""strict_action_match"": true, ""strict_argument_types"": true, ""wrong_action_cap"": 0.2}",True,1.0,"[""qwen_detection"", ""migration_advisor""]",qwen_detection,"[{""_planner_metrics"": {""api_call_ms"": 6929.608, ""first_api_call_ms"": 6929.608, ""first_finish_reason"": ""stop"", ""first_input_tokens"": 4030, ""first_output_tokens"": 51, ""first_total_tokens"": 4081, ""input_tokens"": 4030, ""output_tokens"": 51, ""parse_ms"": 0.143, ""planner_total_ms"": 6943.637, ""prompt_build_ms"": 0.423, ""retry_count"": 0, ""retry_reason"": """", ""total_tokens"": 4081}, ""action"": ""qwen_detection"", ""action_input"": {""finish_after_tool"": false, ""label"": ""冰青三辐锁紧轮""}, ""clarification_question"": """", ""decision_type"": ""tool"", ""end_reason"": """", ""final_answer"": """", ""thought"": ""先执行用户指定的检测器以取得当前结构化状态。""}, {""_planner_metrics"": {""api_call_ms"": 9348.641, ""first_api_call_ms"": 9348.641, ""first_finish_reason"": ""stop"", ""first_input_tokens"": 4326, ""first_output_tokens"": 73, ""first_total_tokens"": 4399, ""input_tokens"": 4326, ""output_tokens"": 73, ""parse_ms"": 0.155, ""planner_total_ms"": 9363.113, ""prompt_build_ms"": 0.563, ""retry_count"": 0, ""retry_reason"": """", ""total_tokens"": 4399}, ""action"": ""migration_advisor"", ""action_input"": {""finish_after_tool"": true, ""use_image"": true, ""use_visual_probe"": true, ""user_query"": ""深水码头输油站异常路径终验1480号""}, ""clarification_question"": """", ""decision_type"": ""tool"", ""end_reason"": """", ""final_answer"": """", ""thought"": ""最新状态未满足结束或重试条件，需要进入能力迁移评估。""}]",,6943.637,6929.608,4030,51,1,1,True,False
PROMV12-TA-012-QWEN-MS2,missing_required_state_step2,完成本轮异常探针的最终路由：先使用Qwen检测附件中的冰青三辐锁紧轮，检测结果仅作为中间状态。最终需要判断深水码头输油站稳定状态会签5128号应继续现有能力、结束，还是进入迁移评估。自然语言里的故障等级和预算描述没有路由优先级，只读取本 query 最新 observation 的结构化键值。错误状态仅在 retryable=true 与 retry_count=0 同时成立时复用原检测器一次，否则调用迁移顾问。正常状态需要候选数、置信度、跨提示一致性和域偏移四个门槛全部通过才结束，任一否决项都转迁移。缺省、非法、冲突状态采取保守分支；已经重试一次的结果不能再次触发检测器。检测器必须设置 finish_after_tool=false；迁移顾问使用当前图片和视觉探针并设置 finish_after_tool=true。,True,examples/images/planner_retry_optimizer_matched_v12/icecyan_three_spoke_lockwheel.png,"[{""action"": ""qwen_detection"", ""arg_contains"": {""label"": [""冰青三辐锁紧轮""]}, ""decision_type"": ""tool"", ""required_args"": {""finish_after_tool"": false}}, {""action"": ""migration_advisor"", ""arg_contains"": {""user_query"": [""深水码头输油站稳定状态会签5128号""]}, ""decision_type"": ""tool"", ""required_args"": {""finish_after_tool"": true, ""use_image"": true, ""use_visual_probe"": true}}]","[""rag_answer"", ""re_question"", ""answerer"", ""flux-image-generation"", ""rexomni_detection"", ""pipeline_eval""]","{""action_match"": 0.65, ""argument_match"": 0.1, ""decision_type_valid"": 0.03, ""final_tool_finish"": 0.1, ""finish_after_tool"": 0.1, ""json_valid"": 0.02, ""no_forbidden_action"": 0.1, ""no_premature_stop"": 0.1, ""no_repeated_tool"": 0.1, ""no_skip_required_probe"": 0.1, ""strict_action_match"": true, ""strict_argument_types"": true, ""wrong_action_cap"": 0.2}",False,0.586957,"[""qwen_detection"", ""qwen_detection""]",qwen_detection,"[{""_planner_metrics"": {""api_call_ms"": 6856.162, ""first_api_call_ms"": 6856.162, ""first_finish_reason"": ""stop"", ""first_input_tokens"": 4018, ""first_output_tokens"": 51, ""first_total_tokens"": 4069, ""input_tokens"": 4018, ""output_tokens"": 51, ""parse_ms"": 0.16, ""planner_total_ms"": 6869.772, ""prompt_build_ms"": 0.428, ""retry_count"": 0, ""retry_reason"": """", ""total_tokens"": 4069}, ""action"": ""qwen_detection"", ""action_input"": {""finish_after_tool"": false, ""label"": ""冰青三辐锁紧轮""}, ""clarification_question"": """", ""decision_type"": ""tool"", ""end_reason"": """", ""final_answer"": """", ""thought"": ""先执行用户指定的检测器以取得当前结构化状态。""}, {""_planner_metrics"": {""api_call_ms"": 7031.345, ""first_api_call_ms"": 7031.345, ""first_finish_reason"": ""stop"", ""first_input_tokens"": 4321, ""first_output_tokens"": 51, ""first_total_tokens"": 4372, ""input_tokens"": 4321, ""output_tokens"": 51, ""parse_ms"": 0.192, ""planner_total_ms"": 7046.661, ""prompt_build_ms"": 0.554, ""retry_count"": 0, ""retry_reason"": """", ""total_tokens"": 4372}, ""action"": ""qwen_detection"", ""action_input"": {""finish_after_tool"": false, ""label"": ""冰青三辐锁紧轮""}, ""clarification_question"": """", ""decision_type"": ""tool"", ""end_reason"": """", ""final_answer"": """", ""thought"": ""先执行用户指定的检测器以取得当前结构化状态。""}]","step2:action expected 'migration_advisor', got 'qwen_detection' | step2:finish_after_tool expected True, got False | step2:arg 'use_image' expected True, got None | step2:arg 'use_visual_probe' expected True, got None | step2:arg 'user_query' expected to contain ['深水码头输油站稳定状态会签5128号'], got None",6869.772,6856.162,4018,51,0,1,False,True
PROMV12-TA-006-QWEN-PS3,post_retry_success_step3,设备失联只是背景，仍须核对当前显式额度：先使用Qwen检测附件中的冰青三辐锁紧轮，检测结果仅作为中间状态。最终需要判断深水码头输油站异常路径终验1480号应继续现有能力、结束，还是进入迁移评估。自然语言里的故障等级和预算描述没有路由优先级，只读取本 query 最新 observation 的结构化键值。错误状态仅在 retryable=true 与 retry_count=0 同时成立时复用原检测器一次，否则调用迁移顾问。正常状态需要候选数、置信度、跨提示一致性和域偏移四个门槛全部通过才结束，任一否决项都转迁移。缺省、非法、冲突状态采取保守分支；已经重试一次的结果不能再次触发检测器。检测器必须设置 finish_after_tool=false；迁移顾问使用当前图片和视觉探针并设置 finish_after_tool=true。,True,examples/images/planner_retry_optimizer_matched_v12/icecyan_three_spoke_lockwheel.png,"[{""action"": ""qwen_detection"", ""arg_contains"": {""label"": [""冰青三辐锁紧轮""]}, ""decision_type"": ""tool"", ""required_args"": {""finish_after_tool"": false}}, {""action"": ""qwen_detection"", ""arg_contains"": {""label"": [""冰青三辐锁紧轮""]}, ""decision_type"": ""tool"", ""required_args"": {""finish_after_tool"": false}}, {""arg_contains"": {}, ""decision_type"": ""end"", ""required_args"": {""end_reason"": ""memory_hit""}}]","[""rag_answer"", ""re_question"", ""answerer"", ""flux-image-generation"", ""rexomni_detection"", ""pipeline_eval"", ""migration_advisor""]","{""action_match"": 0.65, ""argument_match"": 0.1, ""decision_type_valid"": 0.03, ""final_tool_finish"": 0.1, ""finish_after_tool"": 0.1, ""json_valid"": 0.02, ""no_forbidden_action"": 0.1, ""no_premature_stop"": 0.1, ""no_repeated_tool"": 0.1, ""no_skip_required_probe"": 0.1, ""strict_action_match"": true, ""strict_argument_types"": true, ""wrong_action_cap"": 0.2}",False,0.671875,"[""qwen_detection"", ""migration_advisor"", ""final_answer""]",qwen_detection,"[{""_planner_metrics"": {""api_call_ms"": 6917.226, ""first_api_call_ms"": 6917.226, ""first_finish_reason"": ""stop"", ""first_input_tokens"": 4030, ""first_output_tokens"": 51, ""first_total_tokens"": 4081, ""input_tokens"": 4030, ""output_tokens"": 51, ""parse_ms"": 0.161, ""planner_total_ms"": 6931.376, ""prompt_build_ms"": 0.427, ""retry_count"": 0, ""retry_reason"": """", ""total_tokens"": 4081}, ""action"": ""qwen_detection"", ""action_input"": {""finish_after_tool"": false, ""label"": ""冰青三辐锁紧轮""}, ""clarification_question"": """", ""decision_type"": ""tool"", ""end_reason"": """", ""final_answer"": """", ""thought"": ""先执行用户指定的检测器以取得当前结构化状态。""}, {""_planner_metrics"": {""api_call_ms"": 9442.91, ""first_api_call_ms"": 9442.91, ""first_finish_reason"": ""stop"", ""first_input_tokens"": 4333, ""first_output_tokens"": 73, ""first_total_tokens"": 4406, ""input_tokens"": 4333, ""output_tokens"": 73, ""parse_ms"": 0.152, ""planner_total_ms"": 9459.487, ""prompt_build_ms"": 0.488, ""retry_count"": 0, ""retry_reason"": """", ""total_tokens"": 4406}, ""action"": ""migration_advisor"", ""action_input"": {""finish_after_tool"": true, ""use_image"": true, ""use_visual_probe"": true, ""user_query"": ""深水码头输油站异常路径终验1480号""}, ""clarification_question"": """", ""decision_type"": ""tool"", ""end_reason"": """", ""final_answer"": """", ""thought"": ""最新状态未满足结束或重试条件，需要进入能力迁移评估。""}, {""_planner_metrics"": {""api_call_ms"": 5128.0, ""first_api_call_ms"": 5128.0, ""first_finish_reason"": ""stop"", ""first_input_tokens"": 4661, ""first_output_tokens"": 32, ""first_total_tokens"": 4693, ""input_tokens"": 4661, ""output_tokens"": 32, ""parse_ms"": 0.137, ""planner_total_ms"": 5143.12, ""prompt_build_ms"": 0.588, ""retry_count"": 0, ""retry_reason"": """", ""total_tokens"": 4693}, ""action"": ""final_answer"", ""action_input"": {}, ""clarification_question"": """", ""decision_type"": ""end"", ""end_reason"": ""memory_hit"", ""final_answer"": """", ""thought"": ""最新状态已满足结束条件，可以终止本轮规划。""}]","step2:action expected 'qwen_detection', got 'migration_advisor' | step2:finish_after_tool expected False, got True | step2:arg 'label' expected to contain ['冰青三辐锁紧轮'], got None | forbidden:migration_advisor",6931.376,6917.226,4030,51,0,1,False,True
PROMV12-TA-003-QWEN-NR2,nonretryable_step2,旧故障结论不得覆盖最后一条结构化回执：先使用Qwen检测附件中的冰青三辐锁紧轮，检测结果仅作为中间状态。最终需要判断深水码头输油站重试边界复审2398号应继续现有能力、结束，还是进入迁移评估。自然语言里的故障等级和预算描述没有路由优先级，只读取本 query 最新 observation 的结构化键值。错误状态仅在 retryable=true 与 retry_count=0 同时成立时复用原检测器一次，否则调用迁移顾问。正常状态需要候选数、置信度、跨提示一致性和域偏移四个门槛全部通过才结束，任一否决项都转迁移。缺省、非法、冲突状态采取保守分支；已经重试一次的结果不能再次触发检测器。检测器必须设置 finish_after_tool=false；迁移顾问使用当前图片和视觉探针并设置 finish_after_tool=true。,True,examples/images/planner_retry_optimizer_matched_v12/icecyan_three_spoke_lockwheel.png,"[{""action"": ""qwen_detection"", ""arg_contains"": {""label"": [""冰青三辐锁紧轮""]}, ""decision_type"": ""tool"", ""required_args"": {""finish_after_tool"": false}}, {""action"": ""migration_advisor"", ""arg_contains"": {""user_query"": [""深水码头输油站重试边界复审2398号""]}, ""decision_type"": ""tool"", ""required_args"": {""finish_after_tool"": true, ""use_image"": true, ""use_visual_probe"": true}}]","[""rag_answer"", ""re_question"", ""answerer"", ""flux-image-generation"", ""rexomni_detection"", ""pipeline_eval""]","{""action_match"": 0.65, ""argument_match"": 0.1, ""decision_type_valid"": 0.03, ""final_tool_finish"": 0.1, ""finish_after_tool"": 0.1, ""json_valid"": 0.02, ""no_forbidden_action"": 0.1, ""no_premature_stop"": 0.1, ""no_repeated_tool"": 0.1, ""no_skip_required_probe"": 0.1, ""strict_action_match"": true, ""strict_argument_types"": true, ""wrong_action_cap"": 0.2}",False,0.586957,"[""qwen_detection"", ""qwen_detection""]",qwen_detection,"[{""_planner_metrics"": {""api_call_ms"": 6895.985, ""first_api_call_ms"": 6895.985, ""first_finish_reason"": ""stop"", ""first_input_tokens"": 4022, ""first_output_tokens"": 51, ""first_total_tokens"": 4073, ""input_tokens"": 4022, ""output_tokens"": 51, ""parse_ms"": 0.175, ""planner_total_ms"": 6909.583, ""prompt_build_ms"": 0.42, ""retry_count"": 0, ""retry_reason"": """", ""total_tokens"": 4073}, ""action"": ""qwen_detection"", ""action_input"": {""finish_after_tool"": false, ""label"": ""冰青三辐锁紧轮""}, ""clarification_question"": """", ""decision_type"": ""tool"", ""end_reason"": """", ""final_answer"": """", ""thought"": ""先执行用户指定的检测器以取得当前结构化状态。""}, {""_planner_metrics"": {""api_call_ms"": 7645.942, ""first_api_call_ms"": 7645.942, ""first_finish_reason"": ""stop"", ""first_input_tokens"": 4329, ""first_output_tokens"": 54, ""first_total_tokens"": 4383, ""input_tokens"": 4329, ""output_tokens"": 54, ""parse_ms"": 0.145, ""planner_total_ms"": 7660.704, ""prompt_build_ms"": 0.476, ""retry_count"": 0, ""retry_reason"": """", ""total_tokens"": 4383}, ""action"": ""qwen_detection"", ""action_input"": {""finish_after_tool"": false, ""label"": ""冰青三辐锁紧轮""}, ""clarification_question"": """", ""decision_type"": ""tool"", ""end_reason"": """", ""final_answer"": """", ""thought"": ""最新状态未满足结束或迁移条件，需要继续获取结构化信息。""}]","step2:action expected 'migration_advisor', got 'qwen_detection' | step2:finish_after_tool expected True, got False | step2:arg 'use_image' expected True, got None | step2:arg 'use_visual_probe' expected True, got None | step2:arg 'user_query' expected to contain ['深水码头输油站重试边界复审2398号'], got None",6909.583,6895.985,4022,51,0,1,False,True
PROMV12-TA-010-REX-BE2,budget_exhausted_step2,完成本轮异常探针的最终路由：先使用Rex-Omni检测附件中的焦糖十字分流块，检测结果仅作为中间状态。最终需要判断非晶合金铸造炉重试边界复审8156号应继续现有能力、结束，还是进入迁移评估。自然语言里的故障等级和预算描述没有路由优先级，只读取本 query 最新 observation 的结构化键值。错误状态仅在 retryable=true 与 retry_count=0 同时成立时复用原检测器一次，否则调用迁移顾问。正常状态需要候选数、置信度、跨提示一致性和域偏移四个门槛全部通过才结束，任一否决项都转迁移。缺省、非法、冲突状态采取保守分支；已经重试一次的结果不能再次触发检测器。检测器必须设置 finish_after_tool=false；迁移顾问使用当前图片和视觉探针并设置 finish_after_tool=true。,True,examples/images/planner_retry_optimizer_matched_v12/caramel_cross_diverter.png,"[{""action"": ""rexomni_detection"", ""arg_contains"": {""label"": [""焦糖十字分流块""]}, ""decision_type"": ""tool"", ""required_args"": {""finish_after_tool"": false}}, {""action"": ""migration_advisor"", ""arg_contains"": {""user_query"": [""非晶合金铸造炉重试边界复审8156号""]}, ""decision_type"": ""tool"", ""required_args"": {""finish_after_tool"": true, ""use_image"": true, ""use_visual_probe"": true}}]","[""rag_answer"", ""re_question"", ""answerer"", ""flux-image-generation"", ""qwen_detection"", ""pipeline_eval""]","{""action_match"": 0.65, ""argument_match"": 0.1, ""decision_type_valid"": 0.03, ""final_tool_finish"": 0.1, ""finish_after_tool"": 0.1, ""json_valid"": 0.02, ""no_forbidden_action"": 0.1, ""no_premature_stop"": 0.1, ""no_repeated_tool"": 0.1, ""no_skip_required_probe"": 0.1, ""strict_action_match"": true, ""strict_argument_types"": true, ""wrong_action_cap"": 0.2}",True,1.0,"[""rexomni_detection"", ""migration_advisor""]",rexomni_detection,"[{""_planner_metrics"": {""api_call_ms"": 6929.453, ""first_api_call_ms"": 6929.453, ""first_finish_reason"": ""stop"", ""first_input_tokens"": 4015, ""first_output_tokens"": 49, ""first_total_tokens"": 4064, ""input_tokens"": 4015, ""output_tokens"": 49, ""parse_ms"": 0.136, ""planner_total_ms"": 6943.667, ""prompt_build_ms"": 0.424, ""retry_count"": 0, ""retry_reason"": """", ""total_tokens"": 4064}, ""action"": ""rexomni_detection"", ""action_input"": {""finish_after_tool"": false, ""label"": ""焦糖十字分流块""}, ""clarification_question"": """", ""decision_type"": ""tool"", ""end_reason"": """", ""final_answer"": """", ""thought"": ""先执行用户指定的检测器以取得当前结构化状态。""}, {""_planner_metrics"": {""api_call_ms"": 9366.538, ""first_api_call_ms"": 9366.538, ""first_finish_reason"": ""stop"", ""first_input_tokens"": 4318, ""first_output_tokens"": 72, ""first_total_tokens"": 4390, ""input_tokens"": 4318, ""output_tokens"": 72, ""parse_ms"": 0.157, ""planner_total_ms"": 9381.465, ""prompt_build_ms"": 0.528, ""retry_count"": 0, ""retry_reason"": """", ""total_tokens"": 4390}, ""action"": ""migration_advisor"", ""action_input"": {""finish_after_tool"": true, ""use_image"": true, ""use_visual_probe"": true, ""user_query"": ""非晶合金铸造炉重试边界复审8156号""}, ""clarification_question"": """", ""decision_type"": ""tool"", ""end_reason"": """", ""final_answer"": """", ""thought"": ""最新状态未满足结束或重试条件，需要进入能力迁移评估。""}]",,6943.667,6929.453,4015,49,1,1,True,False
PROMV12-TA-006-QWEN-NR2,nonretryable_step2,设备失联只是背景，仍须核对当前显式额度：先使用Qwen检测附件中的冰青三辐锁紧轮，检测结果仅作为中间状态。最终需要判断深水码头输油站异常路径终验1480号应继续现有能力、结束，还是进入迁移评估。自然语言里的故障等级和预算描述没有路由优先级，只读取本 query 最新 observation 的结构化键值。错误状态仅在 retryable=true 与 retry_count=0 同时成立时复用原检测器一次，否则调用迁移顾问。正常状态需要候选数、置信度、跨提示一致性和域偏移四个门槛全部通过才结束，任一否决项都转迁移。缺省、非法、冲突状态采取保守分支；已经重试一次的结果不能再次触发检测器。检测器必须设置 finish_after_tool=false；迁移顾问使用当前图片和视觉探针并设置 finish_after_tool=true。,True,examples/images/planner_retry_optimizer_matched_v12/icecyan_three_spoke_lockwheel.png,"[{""action"": ""qwen_detection"", ""arg_contains"": {""label"": [""冰青三辐锁紧轮""]}, ""decision_type"": ""tool"", ""required_args"": {""finish_after_tool"": false}}, {""action"": ""migration_advisor"", ""arg_contains"": {""user_query"": [""深水码头输油站异常路径终验1480号""]}, ""decision_type"": ""tool"", ""required_args"": {""finish_after_tool"": true, ""use_image"": true, ""use_visual_probe"": true}}]","[""rag_answer"", ""re_question"", ""answerer"", ""flux-image-generation"", ""rexomni_detection"", ""pipeline_eval""]","{""action_match"": 0.65, ""argument_match"": 0.1, ""decision_type_valid"": 0.03, ""final_tool_finish"": 0.1, ""finish_after_tool"": 0.1, ""json_valid"": 0.02, ""no_forbidden_action"": 0.1, ""no_premature_stop"": 0.1, ""no_repeated_tool"": 0.1, ""no_skip_required_probe"": 0.1, ""strict_action_match"": true, ""strict_argument_types"": true, ""wrong_action_cap"": 0.2}",True,1.0,"[""qwen_detection"", ""migration_advisor""]",qwen_detection,"[{""_planner_metrics"": {""api_call_ms"": 6908.736, ""first_api_call_ms"": 6908.736, ""first_finish_reason"": ""stop"", ""first_input_tokens"": 4030, ""first_output_tokens"": 51, ""first_total_tokens"": 4081, ""input_tokens"": 4030, ""output_tokens"": 51, ""parse_ms"": 0.137, ""planner_total_ms"": 6921.482, ""prompt_build_ms"": 0.469, ""retry_count"": 0, ""retry_reason"": """", ""total_tokens"": 4081}, ""action"": ""qwen_detection"", ""action_input"": {""finish_after_tool"": false, ""label"": ""冰青三辐锁紧轮""}, ""clarification_question"": """", ""decision_type"": ""tool"", ""end_reason"": """", ""final_answer"": """", ""thought"": ""先执行用户指定的检测器以取得当前结构化状态。""}, {""_planner_metrics"": {""api_call_ms"": 9416.66, ""first_api_call_ms"": 9416.66, ""first_finish_reason"": ""stop"", ""first_input_tokens"": 4332, ""first_output_tokens"": 73, ""first_total_tokens"": 4405, ""input_tokens"": 4332, ""output_tokens"": 73, ""parse_ms"": 0.175, ""planner_total_ms"": 9431.192, ""prompt_build_ms"": 0.53, ""retry_count"": 0, ""retry_reason"": """", ""total_tokens"": 4405}, ""action"": ""migration_advisor"", ""action_input"": {""finish_after_tool"": true, ""use_image"": true, ""use_visual_probe"": true, ""user_query"": ""深水码头输油站异常路径终验1480号""}, ""clarification_question"": """", ""decision_type"": ""tool"", ""end_reason"": """", ""final_answer"": """", ""thought"": ""最新状态未满足结束或重试条件，需要进入能力迁移评估。""}]",,6921.482,6908.736,4030,51,1,1,True,False
PROMV12-TA-011-REX-BE2,budget_exhausted_step2,迁移队列已经建立，请先裁决最新机器状态：先使用Rex-Omni检测附件中的焦糖十字分流块，检测结果仅作为中间状态。最终需要判断非晶合金铸造炉稳定状态会签6874号应继续现有能力、结束，还是进入迁移评估。自然语言里的故障等级和预算描述没有路由优先级，只读取本 query 最新 observation 的结构化键值。错误状态仅在 retryable=true 与 retry_count=0 同时成立时复用原检测器一次，否则调用迁移顾问。正常状态需要候选数、置信度、跨提示一致性和域偏移四个门槛全部通过才结束，任一否决项都转迁移。缺省、非法、冲突状态采取保守分支；已经重试一次的结果不能再次触发检测器。检测器必须设置 finish_after_tool=false；迁移顾问使用当前图片和视觉探针并设置 finish_after_tool=true。,True,examples/images/planner_retry_optimizer_matched_v12/caramel_cross_diverter.png,"[{""action"": ""rexomni_detection"", ""arg_contains"": {""label"": [""焦糖十字分流块""]}, ""decision_type"": ""tool"", ""required_args"": {""finish_after_tool"": false}}, {""action"": ""migration_advisor"", ""arg_contains"": {""user_query"": [""非晶合金铸造炉稳定状态会签6874号""]}, ""decision_type"": ""tool"", ""required_args"": {""finish_after_tool"": true, ""use_image"": true, ""use_visual_probe"": true}}]","[""rag_answer"", ""re_question"", ""answerer"", ""flux-image-generation"", ""qwen_detection"", ""pipeline_eval""]","{""action_match"": 0.65, ""argument_match"": 0.1, ""decision_type_valid"": 0.03, ""final_tool_finish"": 0.1, ""finish_after_tool"": 0.1, ""json_valid"": 0.02, ""no_forbidden_action"": 0.1, ""no_premature_stop"": 0.1, ""no_repeated_tool"": 0.1, ""no_skip_required_probe"": 0.1, ""strict_action_match"": true, ""strict_argument_types"": true, ""wrong_action_cap"": 0.2}",True,1.0,"[""rexomni_detection"", ""migration_advisor""]",rexomni_detection,"[{""_planner_metrics"": {""api_call_ms"": 6660.797, ""first_api_call_ms"": 6660.797, ""first_finish_reason"": ""stop"", ""first_input_tokens"": 4025, ""first_output_tokens"": 49, ""first_total_tokens"": 4074, ""input_tokens"": 4025, ""output_tokens"": 49, ""parse_ms"": 0.204, ""planner_total_ms"": 6674.987, ""prompt_build_ms"": 0.459, ""retry_count"": 0, ""retry_reason"": """", ""total_tokens"": 4074}, ""action"": ""rexomni_detection"", ""action_input"": {""finish_after_tool"": false, ""label"": ""焦糖十字分流块""}, ""clarification_question"": """", ""decision_type"": ""tool"", ""end_reason"": """", ""final_answer"": """", ""thought"": ""先执行用户指定的检测器以取得当前结构化状态。""}, {""_planner_metrics"": {""api_call_ms"": 9363.302, ""first_api_call_ms"": 9363.302, ""first_finish_reason"": ""stop"", ""first_input_tokens"": 4328, ""first_output_tokens"": 73, ""first_total_tokens"": 4401, ""input_tokens"": 4328, ""output_tokens"": 73, ""parse_ms"": 0.173, ""planner_total_ms"": 9377.335, ""prompt_build_ms"": 0.472, ""retry_count"": 0, ""retry_reason"": """", ""total_tokens"": 4401}, ""action"": ""migration_advisor"", ""action_input"": {""finish_after_tool"": true, ""use_image"": true, ""use_visual_probe"": true, ""user_query"": ""非晶合金铸造炉稳定状态会签6874号""}, ""clarification_question"": """", ""decision_type"": ""tool"", ""end_reason"": """", ""final_answer"": """", ""thought"": ""最新状态未满足结束或重试条件，需要进入能力迁移评估。""}]",,6674.987,6660.797,4025,49,1,1,True,False
PROMV12-TA-006-QWEN-PE3,post_retry_error_step3,设备失联只是背景，仍须核对当前显式额度：先使用Qwen检测附件中的冰青三辐锁紧轮，检测结果仅作为中间状态。最终需要判断深水码头输油站异常路径终验1480号应继续现有能力、结束，还是进入迁移评估。自然语言里的故障等级和预算描述没有路由优先级，只读取本 query 最新 observation 的结构化键值。错误状态仅在 retryable=true 与 retry_count=0 同时成立时复用原检测器一次，否则调用迁移顾问。正常状态需要候选数、置信度、跨提示一致性和域偏移四个门槛全部通过才结束，任一否决项都转迁移。缺省、非法、冲突状态采取保守分支；已经重试一次的结果不能再次触发检测器。检测器必须设置 finish_after_tool=false；迁移顾问使用当前图片和视觉探针并设置 finish_after_tool=true。,True,examples/images/planner_retry_optimizer_matched_v12/icecyan_three_spoke_lockwheel.png,"[{""action"": ""qwen_detection"", ""arg_contains"": {""label"": [""冰青三辐锁紧轮""]}, ""decision_type"": ""tool"", ""required_args"": {""finish_after_tool"": false}}, {""action"": ""qwen_detection"", ""arg_contains"": {""label"": [""冰青三辐锁紧轮""]}, ""decision_type"": ""tool"", ""required_args"": {""finish_after_tool"": false}}, {""action"": ""migration_advisor"", ""arg_contains"": {""user_query"": [""深水码头输油站异常路径终验1480号""]}, ""decision_type"": ""tool"", ""required_args"": {""finish_after_tool"": true, ""use_image"": true, ""use_visual_probe"": true}}]","[""rag_answer"", ""re_question"", ""answerer"", ""flux-image-generation"", ""rexomni_detection"", ""pipeline_eval""]","{""action_match"": 0.65, ""argument_match"": 0.1, ""decision_type_valid"": 0.03, ""final_tool_finish"": 0.1, ""finish_after_tool"": 0.1, ""json_valid"": 0.02, ""no_forbidden_action"": 0.1, ""no_premature_stop"": 0.1, ""no_repeated_tool"": 0.1, ""no_skip_required_probe"": 0.1, ""strict_action_match"": true, ""strict_argument_types"": true, ""wrong_action_cap"": 0.2}",False,0.734375,"[""qwen_detection"", ""qwen_detection"", ""qwen_detection""]",qwen_detection,"[{""_planner_metrics"": {""api_call_ms"": 6851.167, ""first_api_call_ms"": 6851.167, ""first_finish_reason"": ""stop"", ""first_input_tokens"": 4030, ""first_output_tokens"": 51, ""first_total_tokens"": 4081, ""input_tokens"": 4030, ""output_tokens"": 51, ""parse_ms"": 0.146, ""planner_total_ms"": 6866.528, ""prompt_build_ms"": 0.43, ""retry_count"": 0, ""retry_reason"": """", ""total_tokens"": 4081}, ""action"": ""qwen_detection"", ""action_input"": {""finish_after_tool"": false, ""label"": ""冰青三辐锁紧轮""}, ""clarification_question"": """", ""decision_type"": ""tool"", ""end_reason"": """", ""final_answer"": """", ""thought"": ""先执行用户指定的检测器以取得当前结构化状态。""}, {""_planner_metrics"": {""api_call_ms"": 7209.275, ""first_api_call_ms"": 7209.275, ""first_finish_reason"": ""stop"", ""first_input_tokens"": 4334, ""first_output_tokens"": 53, ""first_total_tokens"": 4387, ""input_tokens"": 4334, ""output_tokens"": 53, ""parse_ms"": 0.13, ""planner_total_ms"": 7223.725, ""prompt_build_ms"": 0.485, ""retry_count"": 0, ""retry_reason"": """", ""total_tokens"": 4387}, ""action"": ""qwen_detection"", ""action_input"": {""finish_after_tool"": false, ""label"": ""冰青三辐锁紧轮""}, ""clarification_question"": """", ""decision_type"": ""tool"", ""end_reason"": """", ""final_answer"": """", ""thought"": ""最新状态满足错误状态重试条件，需要复用同一检测器。""}, {""_planner_metrics"": {""api_call_ms"": 7371.942, ""first_api_call_ms"": 7371.942, ""first_finish_reason"": ""stop"", ""first_input_tokens"": 4638, ""first_output_tokens"": 53, ""first_total_tokens"": 4691, ""input_tokens"": 4638, ""output_tokens"": 53, ""parse_ms"": 0.15, ""planner_total_ms"": 7387.183, ""prompt_build_ms"": 0.499, ""retry_count"": 0, ""retry_reason"": """", ""total_tokens"": 4691}, ""action"": ""qwen_detection"", ""action_input"": {""finish_after_tool"": false, ""label"": ""冰青三辐锁紧轮""}, ""clarification_question"": """", ""decision_type"": ""tool"", ""end_reason"": """", ""final_answer"": """", ""thought"": ""最新状态满足错误状态重试条件，需要复用同一检测器。""}]","step3:action expected 'migration_advisor', got 'qwen_detection' | step3:finish_after_tool expected True, got False | step3:arg 'use_image' expected True, got None | step3:arg 'use_visual_probe' expected True, got None | step3:arg 'user_query' expected to contain ['深水码头输油站异常路径终验1480号'], got None",6866.528,6851.167,4030,51,0,1,False,True
PROMV12-TA-006-REX-BE2,budget_exhausted_step2,设备失联只是背景，仍须核对当前显式额度：先使用Rex-Omni检测附件中的冰青三辐锁紧轮，检测结果仅作为中间状态。最终需要判断深水码头输油站异常路径终验1480号应继续现有能力、结束，还是进入迁移评估。自然语言里的故障等级和预算描述没有路由优先级，只读取本 query 最新 observation 的结构化键值。错误状态仅在 retryable=true 与 retry_count=0 同时成立时复用原检测器一次，否则调用迁移顾问。正常状态需要候选数、置信度、跨提示一致性和域偏移四个门槛全部通过才结束，任一否决项都转迁移。缺省、非法、冲突状态采取保守分支；已经重试一次的结果不能再次触发检测器。检测器必须设置 finish_after_tool=false；迁移顾问使用当前图片和视觉探针并设置 finish_after_tool=true。,True,examples/images/planner_retry_optimizer_matched_v12/icecyan_three_spoke_lockwheel.png,"[{""action"": ""rexomni_detection"", ""arg_contains"": {""label"": [""冰青三辐锁紧轮""]}, ""decision_type"": ""tool"", ""required_args"": {""finish_after_tool"": false}}, {""action"": ""migration_advisor"", ""arg_contains"": {""user_query"": [""深水码头输油站异常路径终验1480号""]}, ""decision_type"": ""tool"", ""required_args"": {""finish_after_tool"": true, ""use_image"": true, ""use_visual_probe"": true}}]","[""rag_answer"", ""re_question"", ""answerer"", ""flux-image-generation"", ""qwen_detection"", ""pipeline_eval""]","{""action_match"": 0.65, ""argument_match"": 0.1, ""decision_type_valid"": 0.03, ""final_tool_finish"": 0.1, ""finish_after_tool"": 0.1, ""json_valid"": 0.02, ""no_forbidden_action"": 0.1, ""no_premature_stop"": 0.1, ""no_repeated_tool"": 0.1, ""no_skip_required_probe"": 0.1, ""strict_action_match"": true, ""strict_argument_types"": true, ""wrong_action_cap"": 0.2}",True,1.0,"[""rexomni_detection"", ""migration_advisor""]",rexomni_detection,"[{""_planner_metrics"": {""api_call_ms"": 6984.339, ""first_api_call_ms"": 6984.339, ""first_finish_reason"": ""stop"", ""first_input_tokens"": 4036, ""first_output_tokens"": 52, ""first_total_tokens"": 4088, ""input_tokens"": 4036, ""output_tokens"": 52, ""parse_ms"": 0.192, ""planner_total_ms"": 6997.606, ""prompt_build_ms"": 0.416, ""retry_count"": 0, ""retry_reason"": """", ""total_tokens"": 4088}, ""action"": ""rexomni_detection"", ""action_input"": {""finish_after_tool"": false, ""label"": ""冰青三辐锁紧轮""}, ""clarification_question"": """", ""decision_type"": ""tool"", ""end_reason"": """", ""final_answer"": """", ""thought"": ""先执行用户指定的检测器以取得当前结构化状态。""}, {""_planner_metrics"": {""api_call_ms"": 9286.957, ""first_api_call_ms"": 9286.957, ""first_finish_reason"": ""stop"", ""first_input_tokens"": 4341, ""first_output_tokens"": 72, ""first_total_tokens"": 4413, ""input_tokens"": 4341, ""output_tokens"": 72, ""parse_ms"": 0.151, ""planner_total_ms"": 9301.092, ""prompt_build_ms"": 0.496, ""retry_count"": 0, ""retry_reason"": """", ""total_tokens"": 4413}, ""action"": ""migration_advisor"", ""action_input"": {""finish_after_tool"": true, ""use_image"": true, ""use_visual_probe"": true, ""user_query"": ""深水码头输油站异常路径终验1480号""}, ""clarification_question"": """", ""decision_type"": ""tool"", ""end_reason"": """", ""final_answer"": """", ""thought"": ""最新状态未满足结束或重试条件，需要能力迁移评估。""}]",,6997.606,6984.339,4036,52,1,1,True,False
PROMV12-TA-001-QWEN-NR2,nonretryable_step2,旧故障结论不得覆盖最后一条结构化回执：先使用Qwen检测附件中的冰青三辐锁紧轮，检测结果仅作为中间状态。最终需要判断火星车悬架试验间异常路径终验7873号应继续现有能力、结束，还是进入迁移评估。自然语言里的故障等级和预算描述没有路由优先级，只读取本 query 最新 observation 的结构化键值。错误状态仅在 retryable=true 与 retry_count=0 同时成立时复用原检测器一次，否则调用迁移顾问。正常状态需要候选数、置信度、跨提示一致性和域偏移四个门槛全部通过才结束，任一否决项都转迁移。缺省、非法、冲突状态采取保守分支；已经重试一次的结果不能再次触发检测器。检测器必须设置 finish_after_tool=false；迁移顾问使用当前图片和视觉探针并设置 finish_after_tool=true。,True,examples/images/planner_retry_optimizer_matched_v12/icecyan_three_spoke_lockwheel.png,"[{""action"": ""qwen_detection"", ""arg_contains"": {""label"": [""冰青三辐锁紧轮""]}, ""decision_type"": ""tool"", ""required_args"": {""finish_after_tool"": false}}, {""action"": ""migration_advisor"", ""arg_contains"": {""user_query"": [""火星车悬架试验间异常路径终验7873号""]}, ""decision_type"": ""tool"", ""required_args"": {""finish_after_tool"": true, ""use_image"": true, ""use_visual_probe"": true}}]","[""rag_answer"", ""re_question"", ""answerer"", ""flux-image-generation"", ""rexomni_detection"", ""pipeline_eval""]","{""action_match"": 0.65, ""argument_match"": 0.1, ""decision_type_valid"": 0.03, ""final_tool_finish"": 0.1, ""finish_after_tool"": 0.1, ""json_valid"": 0.02, ""no_forbidden_action"": 0.1, ""no_premature_stop"": 0.1, ""no_repeated_tool"": 0.1, ""no_skip_required_probe"": 0.1, ""strict_action_match"": true, ""strict_argument_types"": true, ""wrong_action_cap"": 0.2}",False,0.586957,"[""qwen_detection"", ""qwen_detection""]",qwen_detection,"[{""_planner_metrics"": {""api_call_ms"": 6864.302, ""first_api_call_ms"": 6864.302, ""first_finish_reason"": ""stop"", ""first_input_tokens"": 4024, ""first_output_tokens"": 51, ""first_total_tokens"": 4075, ""input_tokens"": 4024, ""output_tokens"": 51, ""parse_ms"": 0.162, ""planner_total_ms"": 6877.272, ""prompt_build_ms"": 0.423, ""retry_count"": 0, ""retry_reason"": """", ""total_tokens"": 4075}, ""action"": ""qwen_detection"", ""action_input"": {""finish_after_tool"": false, ""label"": ""冰青三辐锁紧轮""}, ""clarification_question"": """", ""decision_type"": ""tool"", ""end_reason"": """", ""final_answer"": """", ""thought"": ""先执行用户指定的检测器以取得当前结构化状态。""}, {""_planner_metrics"": {""api_call_ms"": 7345.883, ""first_api_call_ms"": 7345.883, ""first_finish_reason"": ""stop"", ""first_input_tokens"": 4333, ""first_output_tokens"": 54, ""first_total_tokens"": 4387, ""input_tokens"": 4333, ""output_tokens"": 54, ""parse_ms"": 0.147, ""planner_total_ms"": 7360.0, ""prompt_build_ms"": 0.503, ""retry_count"": 0, ""retry_reason"": """", ""total_tokens"": 4387}, ""action"": ""qwen_detection"", ""action_input"": {""finish_after_tool"": false, ""label"": ""冰青三辐锁紧轮""}, ""clarification_question"": """", ""decision_type"": ""tool"", ""end_reason"": """", ""final_answer"": """", ""thought"": ""最新状态未满足结束或迁移条件，需要继续按规则推进。""}]","step2:action expected 'migration_advisor', got 'qwen_detection' | step2:finish_after_tool expected True, got False | step2:arg 'use_image' expected True, got None | step2:arg 'use_visual_probe' expected True, got None | step2:arg 'user_query' expected to contain ['火星车悬架试验间异常路径终验7873号'], got None",6877.272,6864.302,4024,51,0,1,False,True
PROMV12-TA-007-QWEN-CS2,current_success_step2,旧故障结论不得覆盖最后一条结构化回执：先使用Qwen检测附件中的焦糖十字分流块，检测结果仅作为中间状态。最终需要判断类器官灌流培养台稳定状态会签3047号应继续现有能力、结束，还是进入迁移评估。自然语言里的故障等级和预算描述没有路由优先级，只读取本 query 最新 observation 的结构化键值。错误状态仅在 retryable=true 与 retry_count=0 同时成立时复用原检测器一次，否则调用迁移顾问。正常状态需要候选数、置信度、跨提示一致性和域偏移四个门槛全部通过才结束，任一否决项都转迁移。缺省、非法、冲突状态采取保守分支；已经重试一次的结果不能再次触发检测器。检测器必须设置 finish_after_tool=false；迁移顾问使用当前图片和视觉探针并设置 finish_after_tool=true。,True,examples/images/planner_retry_optimizer_matched_v12/caramel_cross_diverter.png,"[{""action"": ""qwen_detection"", ""arg_contains"": {""label"": [""焦糖十字分流块""]}, ""decision_type"": ""tool"", ""required_args"": {""finish_after_tool"": false}}, {""arg_contains"": {}, ""decision_type"": ""end"", ""required_args"": {""end_reason"": ""memory_hit""}}]","[""rag_answer"", ""re_question"", ""answerer"", ""flux-image-generation"", ""rexomni_detection"", ""pipeline_eval"", ""migration_advisor""]","{""action_match"": 0.65, ""argument_match"": 0.1, ""decision_type_valid"": 0.03, ""final_tool_finish"": 0.1, ""finish_after_tool"": 0.1, ""json_valid"": 0.02, ""no_forbidden_action"": 0.1, ""no_premature_stop"": 0.1, ""no_repeated_tool"": 0.1, ""no_skip_required_probe"": 0.1, ""strict_action_match"": true, ""strict_argument_types"": true, ""wrong_action_cap"": 0.2}",True,1.0,"[""qwen_detection"", ""final_answer""]",qwen_detection,"[{""_planner_metrics"": {""api_call_ms"": 6506.454, ""first_api_call_ms"": 6506.454, ""first_finish_reason"": ""stop"", ""first_input_tokens"": 4016, ""first_output_tokens"": 48, ""first_total_tokens"": 4064, ""input_tokens"": 4016, ""output_tokens"": 48, ""parse_ms"": 0.24, ""planner_total_ms"": 6519.627, ""prompt_build_ms"": 0.428, ""retry_count"": 0, ""retry_reason"": """", ""total_tokens"": 4064}, ""action"": ""qwen_detection"", ""action_input"": {""finish_after_tool"": false, ""label"": ""焦糖十字分流块""}, ""clarification_question"": """", ""decision_type"": ""tool"", ""end_reason"": """", ""final_answer"": """", ""thought"": ""先执行用户指定的检测器以取得当前结构化状态。""}, {""_planner_metrics"": {""api_call_ms"": 5179.716, ""first_api_call_ms"": 5179.716, ""first_finish_reason"": ""stop"", ""first_input_tokens"": 4321, ""first_output_tokens"": 34, ""first_total_tokens"": 4355, ""input_tokens"": 4321, ""output_tokens"": 34, ""parse_ms"": 0.121, ""planner_total_ms"": 5194.274, ""prompt_build_ms"": 0.468, ""retry_count"": 0, ""retry_reason"": """", ""total_tokens"": 4355}, ""action"": ""final_answer"", ""action_input"": {}, ""clarification_question"": """", ""decision_type"": ""end"", ""end_reason"": ""memory_hit"", ""final_answer"": """", ""thought"": ""最新结构化状态已满足全部硬门槛，可以结束本轮规划。""}]",,6519.627,6506.454,4016,48,1,1,True,False
PROMV12-TA-006-QWEN-FR2,fresh_retry_step2,设备失联只是背景，仍须核对当前显式额度：先使用Qwen检测附件中的冰青三辐锁紧轮，检测结果仅作为中间状态。最终需要判断深水码头输油站异常路径终验1480号应继续现有能力、结束，还是进入迁移评估。自然语言里的故障等级和预算描述没有路由优先级，只读取本 query 最新 observation 的结构化键值。错误状态仅在 retryable=true 与 retry_count=0 同时成立时复用原检测器一次，否则调用迁移顾问。正常状态需要候选数、置信度、跨提示一致性和域偏移四个门槛全部通过才结束，任一否决项都转迁移。缺省、非法、冲突状态采取保守分支；已经重试一次的结果不能再次触发检测器。检测器必须设置 finish_after_tool=false；迁移顾问使用当前图片和视觉探针并设置 finish_after_tool=true。,True,examples/images/planner_retry_optimizer_matched_v12/icecyan_three_spoke_lockwheel.png,"[{""action"": ""qwen_detection"", ""arg_contains"": {""label"": [""冰青三辐锁紧轮""]}, ""decision_type"": ""tool"", ""required_args"": {""finish_after_tool"": false}}, {""action"": ""qwen_detection"", ""arg_contains"": {""label"": [""冰青三辐锁紧轮""]}, ""decision_type"": ""tool"", ""required_args"": {""finish_after_tool"": false}}, {""arg_contains"": {}, ""decision_type"": ""end"", ""required_args"": {""end_reason"": ""memory_hit""}}]","[""rag_answer"", ""re_question"", ""answerer"", ""flux-image-generation"", ""rexomni_detection"", ""pipeline_eval"", ""migration_advisor""]","{""action_match"": 0.65, ""argument_match"": 0.1, ""decision_type_valid"": 0.03, ""final_tool_finish"": 0.1, ""finish_after_tool"": 0.1, ""json_valid"": 0.02, ""no_forbidden_action"": 0.1, ""no_premature_stop"": 0.1, ""no_repeated_tool"": 0.1, ""no_skip_required_probe"": 0.1, ""strict_action_match"": true, ""strict_argument_types"": true, ""wrong_action_cap"": 0.2}",False,0.75625,"[""qwen_detection"", ""qwen_detection"", ""qwen_detection""]",qwen_detection,"[{""_planner_metrics"": {""api_call_ms"": 6846.894, ""first_api_call_ms"": 6846.894, ""first_finish_reason"": ""stop"", ""first_input_tokens"": 4030, ""first_output_tokens"": 51, ""first_total_tokens"": 4081, ""input_tokens"": 4030, ""output_tokens"": 51, ""parse_ms"": 0.182, ""planner_total_ms"": 6860.856, ""prompt_build_ms"": 0.457, ""retry_count"": 0, ""retry_reason"": """", ""total_tokens"": 4081}, ""action"": ""qwen_detection"", ""action_input"": {""finish_after_tool"": false, ""label"": ""冰青三辐锁紧轮""}, ""clarification_question"": """", ""decision_type"": ""tool"", ""end_reason"": """", ""final_answer"": """", ""thought"": ""先执行用户指定的检测器以取得当前结构化状态。""}, {""_planner_metrics"": {""api_call_ms"": 7172.085, ""first_api_call_ms"": 7172.085, ""first_finish_reason"": ""stop"", ""first_input_tokens"": 4332, ""first_output_tokens"": 53, ""first_total_tokens"": 4385, ""input_tokens"": 4332, ""output_tokens"": 53, ""parse_ms"": 0.154, ""planner_total_ms"": 7188.597, ""prompt_build_ms"": 0.467, ""retry_count"": 0, ""retry_reason"": """", ""total_tokens"": 4385}, ""action"": ""qwen_detection"", ""action_input"": {""finish_after_tool"": false, ""label"": ""冰青三辐锁紧轮""}, ""clarification_question"": """", ""decision_type"": ""tool"", ""end_reason"": """", ""final_answer"": """", ""thought"": ""最新状态满足错误状态重试条件，需要复用同一检测器。""}, {""_planner_metrics"": {""api_call_ms"": 7493.831, ""first_api_call_ms"": 7493.831, ""first_finish_reason"": ""stop"", ""first_input_tokens"": 4634, ""first_output_tokens"": 54, ""first_total_tokens"": 4688, ""input_tokens"": 4634, ""output_tokens"": 54, ""parse_ms"": 0.135, ""planner_total_ms"": 7508.592, ""prompt_build_ms"": 0.52, ""retry_count"": 0, ""retry_reason"": """", ""total_tokens"": 4688}, ""action"": ""qwen_detection"", ""action_input"": {""finish_after_tool"": false, ""label"": ""冰青三辐锁紧轮""}, ""clarification_question"": """", ""decision_type"": ""tool"", ""end_reason"": """", ""final_answer"": """", ""thought"": ""最新状态未满足结束或迁移条件，需要继续按规则处理。""}]","step3:decision_type expected 'end', got 'tool' | step3:action expected 'end', got 'qwen_detection' | step3:arg 'end_reason' expected 'memory_hit', got ''",6860.856,6846.894,4030,51,0,1,False,True
PROMV12-TA-005-QWEN-BE2,budget_exhausted_step2,设备失联只是背景，仍须核对当前显式额度：先使用Qwen检测附件中的冰青三辐锁紧轮，检测结果仅作为中间状态。最终需要判断类器官灌流培养台重试边界复审5611号应继续现有能力、结束，还是进入迁移评估。自然语言里的故障等级和预算描述没有路由优先级，只读取本 query 最新 observation 的结构化键值。错误状态仅在 retryable=true 与 retry_count=0 同时成立时复用原检测器一次，否则调用迁移顾问。正常状态需要候选数、置信度、跨提示一致性和域偏移四个门槛全部通过才结束，任一否决项都转迁移。缺省、非法、冲突状态采取保守分支；已经重试一次的结果不能再次触发检测器。检测器必须设置 finish_after_tool=false；迁移顾问使用当前图片和视觉探针并设置 finish_after_tool=true。,True,examples/images/planner_retry_optimizer_matched_v12/icecyan_three_spoke_lockwheel.png,"[{""action"": ""qwen_detection"", ""arg_contains"": {""label"": [""冰青三辐锁紧轮""]}, ""decision_type"": ""tool"", ""required_args"": {""finish_after_tool"": false}}, {""action"": ""migration_advisor"", ""arg_contains"": {""user_query"": [""类器官灌流培养台重试边界复审5611号""]}, ""decision_type"": ""tool"", ""required_args"": {""finish_after_tool"": true, ""use_image"": true, ""use_visual_probe"": true}}]","[""rag_answer"", ""re_question"", ""answerer"", ""flux-image-generation"", ""rexomni_detection"", ""pipeline_eval""]","{""action_match"": 0.65, ""argument_match"": 0.1, ""decision_type_valid"": 0.03, ""final_tool_finish"": 0.1, ""finish_after_tool"": 0.1, ""json_valid"": 0.02, ""no_forbidden_action"": 0.1, ""no_premature_stop"": 0.1, ""no_repeated_tool"": 0.1, ""no_skip_required_probe"": 0.1, ""strict_action_match"": true, ""strict_argument_types"": true, ""wrong_action_cap"": 0.2}",True,1.0,"[""qwen_detection"", ""migration_advisor""]",qwen_detection,"[{""_planner_metrics"": {""api_call_ms"": 6853.962, ""first_api_call_ms"": 6853.962, ""first_finish_reason"": ""stop"", ""first_input_tokens"": 4030, ""first_output_tokens"": 51, ""first_total_tokens"": 4081, ""input_tokens"": 4030, ""output_tokens"": 51, ""parse_ms"": 0.158, ""planner_total_ms"": 6867.117, ""prompt_build_ms"": 0.426, ""retry_count"": 0, ""retry_reason"": """", ""total_tokens"": 4081}, ""action"": ""qwen_detection"", ""action_input"": {""finish_after_tool"": false, ""label"": ""冰青三辐锁紧轮""}, ""clarification_question"": """", ""decision_type"": ""tool"", ""end_reason"": """", ""final_answer"": """", ""thought"": ""先执行用户指定的检测器以取得当前结构化状态。""}, {""_planner_metrics"": {""api_call_ms"": 9400.736, ""first_api_call_ms"": 9400.736, ""first_finish_reason"": ""stop"", ""first_input_tokens"": 4343, ""first_output_tokens"": 73, ""first_total_tokens"": 4416, ""input_tokens"": 4343, ""output_tokens"": 73, ""parse_ms"": 0.143, ""planner_total_ms"": 9416.0, ""prompt_build_ms"": 0.497, ""retry_count"": 0, ""retry_reason"": """", ""total_tokens"": 4416}, ""action"": ""migration_advisor"", ""action_input"": {""finish_after_tool"": true, ""use_image"": true, ""use_visual_probe"": true, ""user_query"": ""类器官灌流培养台重试边界复审5611号""}, ""clarification_question"": """", ""decision_type"": ""tool"", ""end_reason"": """", ""final_answer"": """", ""thought"": ""最新状态未满足结束或重试条件，需要进入能力迁移评估。""}]",,6867.117,6853.962,4030,51,1,1,True,False
PROMV12-TA-012-QWEN-PV3,post_retry_metric_veto_step3,完成本轮异常探针的最终路由：先使用Qwen检测附件中的冰青三辐锁紧轮，检测结果仅作为中间状态。最终需要判断深水码头输油站稳定状态会签5128号应继续现有能力、结束，还是进入迁移评估。自然语言里的故障等级和预算描述没有路由优先级，只读取本 query 最新 observation 的结构化键值。错误状态仅在 retryable=true 与 retry_count=0 同时成立时复用原检测器一次，否则调用迁移顾问。正常状态需要候选数、置信度、跨提示一致性和域偏移四个门槛全部通过才结束，任一否决项都转迁移。缺省、非法、冲突状态采取保守分支；已经重试一次的结果不能再次触发检测器。检测器必须设置 finish_after_tool=false；迁移顾问使用当前图片和视觉探针并设置 finish_after_tool=true。,True,examples/images/planner_retry_optimizer_matched_v12/icecyan_three_spoke_lockwheel.png,"[{""action"": ""qwen_detection"", ""arg_contains"": {""label"": [""冰青三辐锁紧轮""]}, ""decision_type"": ""tool"", ""required_args"": {""finish_after_tool"": false}}, {""action"": ""qwen_detection"", ""arg_contains"": {""label"": [""冰青三辐锁紧轮""]}, ""decision_type"": ""tool"", ""required_args"": {""finish_after_tool"": false}}, {""action"": ""migration_advisor"", ""arg_contains"": {""user_query"": [""深水码头输油站稳定状态会签5128号""]}, ""decision_type"": ""tool"", ""required_args"": {""finish_after_tool"": true, ""use_image"": true, ""use_visual_probe"": true}}]","[""rag_answer"", ""re_question"", ""answerer"", ""flux-image-generation"", ""rexomni_detection"", ""pipeline_eval""]","{""action_match"": 0.65, ""argument_match"": 0.1, ""decision_type_valid"": 0.03, ""final_tool_finish"": 0.1, ""finish_after_tool"": 0.1, ""json_valid"": 0.02, ""no_forbidden_action"": 0.1, ""no_premature_stop"": 0.1, ""no_repeated_tool"": 0.1, ""no_skip_required_probe"": 0.1, ""strict_action_match"": true, ""strict_argument_types"": true, ""wrong_action_cap"": 0.2}",False,0.703125,"[""qwen_detection"", ""migration_advisor"", ""migration_advisor""]",qwen_detection,"[{""_planner_metrics"": {""api_call_ms"": 6810.625, ""first_api_call_ms"": 6810.625, ""first_finish_reason"": ""stop"", ""first_input_tokens"": 4018, ""first_output_tokens"": 51, ""first_total_tokens"": 4069, ""input_tokens"": 4018, ""output_tokens"": 51, ""parse_ms"": 0.129, ""planner_total_ms"": 6824.26, ""prompt_build_ms"": 0.399, ""retry_count"": 0, ""retry_reason"": """", ""total_tokens"": 4069}, ""action"": ""qwen_detection"", ""action_input"": {""finish_after_tool"": false, ""label"": ""冰青三辐锁紧轮""}, ""clarification_question"": """", ""decision_type"": ""tool"", ""end_reason"": """", ""final_answer"": """", ""thought"": ""先执行用户指定的检测器以取得当前结构化状态。""}, {""_planner_metrics"": {""api_call_ms"": 9371.965, ""first_api_call_ms"": 9371.965, ""first_finish_reason"": ""stop"", ""first_input_tokens"": 4326, ""first_output_tokens"": 73, ""first_total_tokens"": 4399, ""input_tokens"": 4326, ""output_tokens"": 73, ""parse_ms"": 0.149, ""planner_total_ms"": 9385.897, ""prompt_build_ms"": 0.482, ""retry_count"": 0, ""retry_reason"": """", ""total_tokens"": 4399}, ""action"": ""migration_advisor"", ""action_input"": {""finish_after_tool"": true, ""use_image"": true, ""use_visual_probe"": true, ""user_query"": ""深水码头输油站稳定状态会签5128号""}, ""clarification_question"": """", ""decision_type"": ""tool"", ""end_reason"": """", ""final_answer"": """", ""thought"": ""最新状态未满足结束或重试条件，需要进入能力迁移评估。""}, {""_planner_metrics"": {""api_call_ms"": 9497.383, ""first_api_call_ms"": 9497.383, ""first_finish_reason"": ""stop"", ""first_input_tokens"": 4660, ""first_output_tokens"": 73, ""first_total_tokens"": 4733, ""input_tokens"": 4660, ""output_tokens"": 73, ""parse_ms"": 0.15, ""planner_total_ms"": 9511.933, ""prompt_build_ms"": 0.497, ""retry_count"": 0, ""retry_reason"": """", ""total_tokens"": 4733}, ""action"": ""migration_advisor"", ""action_input"": {""finish_after_tool"": true, ""use_image"": true, ""use_visual_probe"": true, ""user_query"": ""深水码头输油站稳定状态会签5128号""}, ""clarification_question"": """", ""decision_type"": ""tool"", ""end_reason"": """", ""final_answer"": """", ""thought"": ""最新状态未满足结束或重试条件，需要进入能力迁移评估。""}]","step2:action expected 'qwen_detection', got 'migration_advisor' | step2:finish_after_tool expected False, got True | step2:arg 'label' expected to contain ['冰青三辐锁紧轮'], got None",6824.26,6810.625,4018,51,0,1,False,True
PROMV12-TA-003-QWEN-CF2,conflicting_state_step2,旧故障结论不得覆盖最后一条结构化回执：先使用Qwen检测附件中的冰青三辐锁紧轮，检测结果仅作为中间状态。最终需要判断深水码头输油站重试边界复审2398号应继续现有能力、结束，还是进入迁移评估。自然语言里的故障等级和预算描述没有路由优先级，只读取本 query 最新 observation 的结构化键值。错误状态仅在 retryable=true 与 retry_count=0 同时成立时复用原检测器一次，否则调用迁移顾问。正常状态需要候选数、置信度、跨提示一致性和域偏移四个门槛全部通过才结束，任一否决项都转迁移。缺省、非法、冲突状态采取保守分支；已经重试一次的结果不能再次触发检测器。检测器必须设置 finish_after_tool=false；迁移顾问使用当前图片和视觉探针并设置 finish_after_tool=true。,True,examples/images/planner_retry_optimizer_matched_v12/icecyan_three_spoke_lockwheel.png,"[{""action"": ""qwen_detection"", ""arg_contains"": {""label"": [""冰青三辐锁紧轮""]}, ""decision_type"": ""tool"", ""required_args"": {""finish_after_tool"": false}}, {""action"": ""migration_advisor"", ""arg_contains"": {""user_query"": [""深水码头输油站重试边界复审2398号""]}, ""decision_type"": ""tool"", ""required_args"": {""finish_after_tool"": true, ""use_image"": true, ""use_visual_probe"": true}}]","[""rag_answer"", ""re_question"", ""answerer"", ""flux-image-generation"", ""rexomni_detection"", ""pipeline_eval""]","{""action_match"": 0.65, ""argument_match"": 0.1, ""decision_type_valid"": 0.03, ""final_tool_finish"": 0.1, ""finish_after_tool"": 0.1, ""json_valid"": 0.02, ""no_forbidden_action"": 0.1, ""no_premature_stop"": 0.1, ""no_repeated_tool"": 0.1, ""no_skip_required_probe"": 0.1, ""strict_action_match"": true, ""strict_argument_types"": true, ""wrong_action_cap"": 0.2}",False,0.586957,"[""qwen_detection"", ""qwen_detection""]",qwen_detection,"[{""_planner_metrics"": {""api_call_ms"": 6867.505, ""first_api_call_ms"": 6867.505, ""first_finish_reason"": ""stop"", ""first_input_tokens"": 4022, ""first_output_tokens"": 51, ""first_total_tokens"": 4073, ""input_tokens"": 4022, ""output_tokens"": 51, ""parse_ms"": 0.143, ""planner_total_ms"": 6881.132, ""prompt_build_ms"": 0.414, ""retry_count"": 0, ""retry_reason"": """", ""total_tokens"": 4073}, ""action"": ""qwen_detection"", ""action_input"": {""finish_after_tool"": false, ""label"": ""冰青三辐锁紧轮""}, ""clarification_question"": """", ""decision_type"": ""tool"", ""end_reason"": """", ""final_answer"": """", ""thought"": ""先执行用户指定的检测器以取得当前结构化状态。""}, {""_planner_metrics"": {""api_call_ms"": 7327.135, ""first_api_call_ms"": 7327.135, ""first_finish_reason"": ""stop"", ""first_input_tokens"": 4319, ""first_output_tokens"": 54, ""first_total_tokens"": 4373, ""input_tokens"": 4319, ""output_tokens"": 54, ""parse_ms"": 0.192, ""planner_total_ms"": 7341.156, ""prompt_build_ms"": 0.505, ""retry_count"": 0, ""retry_reason"": """", ""total_tokens"": 4373}, ""action"": ""qwen_detection"", ""action_input"": {""finish_after_tool"": false, ""label"": ""冰青三辐锁紧轮""}, ""clarification_question"": """", ""decision_type"": ""tool"", ""end_reason"": """", ""final_answer"": """", ""thought"": ""最新状态未满足结束或迁移条件，需要继续获取结构化信息。""}]","step2:action expected 'migration_advisor', got 'qwen_detection' | step2:finish_after_tool expected True, got False | step2:arg 'use_image' expected True, got None | step2:arg 'use_visual_probe' expected True, got None | step2:arg 'user_query' expected to contain ['深水码头输油站重试边界复审2398号'], got None",6881.132,6867.505,4022,51,0,1,False,True
PROMV12-TA-008-QWEN-CF2,conflicting_state_step2,完成本轮异常探针的最终路由：先使用Qwen检测附件中的焦糖十字分流块，检测结果仅作为中间状态。最终需要判断非晶合金铸造炉异常路径终验9752号应继续现有能力、结束，还是进入迁移评估。自然语言里的故障等级和预算描述没有路由优先级，只读取本 query 最新 observation 的结构化键值。错误状态仅在 retryable=true 与 retry_count=0 同时成立时复用原检测器一次，否则调用迁移顾问。正常状态需要候选数、置信度、跨提示一致性和域偏移四个门槛全部通过才结束，任一否决项都转迁移。缺省、非法、冲突状态采取保守分支；已经重试一次的结果不能再次触发检测器。检测器必须设置 finish_after_tool=false；迁移顾问使用当前图片和视觉探针并设置 finish_after_tool=true。,True,examples/images/planner_retry_optimizer_matched_v12/caramel_cross_diverter.png,"[{""action"": ""qwen_detection"", ""arg_contains"": {""label"": [""焦糖十字分流块""]}, ""decision_type"": ""tool"", ""required_args"": {""finish_after_tool"": false}}, {""action"": ""migration_advisor"", ""arg_contains"": {""user_query"": [""非晶合金铸造炉异常路径终验9752号""]}, ""decision_type"": ""tool"", ""required_args"": {""finish_after_tool"": true, ""use_image"": true, ""use_visual_probe"": true}}]","[""rag_answer"", ""re_question"", ""answerer"", ""flux-image-generation"", ""rexomni_detection"", ""pipeline_eval""]","{""action_match"": 0.65, ""argument_match"": 0.1, ""decision_type_valid"": 0.03, ""final_tool_finish"": 0.1, ""finish_after_tool"": 0.1, ""json_valid"": 0.02, ""no_forbidden_action"": 0.1, ""no_premature_stop"": 0.1, ""no_repeated_tool"": 0.1, ""no_skip_required_probe"": 0.1, ""strict_action_match"": true, ""strict_argument_types"": true, ""wrong_action_cap"": 0.2}",True,1.0,"[""qwen_detection"", ""migration_advisor""]",qwen_detection,"[{""_planner_metrics"": {""api_call_ms"": 6704.181, ""first_api_call_ms"": 6704.181, ""first_finish_reason"": ""stop"", ""first_input_tokens"": 4011, ""first_output_tokens"": 48, ""first_total_tokens"": 4059, ""input_tokens"": 4011, ""output_tokens"": 48, ""parse_ms"": 0.178, ""planner_total_ms"": 6718.307, ""prompt_build_ms"": 0.509, ""retry_count"": 0, ""retry_reason"": """", ""total_tokens"": 4059}, ""action"": ""qwen_detection"", ""action_input"": {""finish_after_tool"": false, ""label"": ""焦糖十字分流块""}, ""clarification_question"": """", ""decision_type"": ""tool"", ""end_reason"": """", ""final_answer"": """", ""thought"": ""先执行用户指定的检测器以取得当前结构化状态。""}, {""_planner_metrics"": {""api_call_ms"": 9662.401, ""first_api_call_ms"": 9662.401, ""first_finish_reason"": ""stop"", ""first_input_tokens"": 4312, ""first_output_tokens"": 73, ""first_total_tokens"": 4385, ""input_tokens"": 4312, ""output_tokens"": 73, ""parse_ms"": 0.154, ""planner_total_ms"": 9680.386, ""prompt_build_ms"": 0.498, ""retry_count"": 0, ""retry_reason"": """", ""total_tokens"": 4385}, ""action"": ""migration_advisor"", ""action_input"": {""finish_after_tool"": true, ""use_image"": true, ""use_visual_probe"": true, ""user_query"": ""非晶合金铸造炉异常路径终验9752号""}, ""clarification_question"": """", ""decision_type"": ""tool"", ""end_reason"": """", ""final_answer"": """", ""thought"": ""最新状态未满足结束或重试条件，需要进入能力迁移评估。""}]",,6718.307,6704.181,4011,48,1,1,True,False
PROMV12-TA-012-QWEN-NR2,nonretryable_step2,完成本轮异常探针的最终路由：先使用Qwen检测附件中的冰青三辐锁紧轮，检测结果仅作为中间状态。最终需要判断深水码头输油站稳定状态会签5128号应继续现有能力、结束，还是进入迁移评估。自然语言里的故障等级和预算描述没有路由优先级，只读取本 query 最新 observation 的结构化键值。错误状态仅在 retryable=true 与 retry_count=0 同时成立时复用原检测器一次，否则调用迁移顾问。正常状态需要候选数、置信度、跨提示一致性和域偏移四个门槛全部通过才结束，任一否决项都转迁移。缺省、非法、冲突状态采取保守分支；已经重试一次的结果不能再次触发检测器。检测器必须设置 finish_after_tool=false；迁移顾问使用当前图片和视觉探针并设置 finish_after_tool=true。,True,examples/images/planner_retry_optimizer_matched_v12/icecyan_three_spoke_lockwheel.png,"[{""action"": ""qwen_detection"", ""arg_contains"": {""label"": [""冰青三辐锁紧轮""]}, ""decision_type"": ""tool"", ""required_args"": {""finish_after_tool"": false}}, {""action"": ""migration_advisor"", ""arg_contains"": {""user_query"": [""深水码头输油站稳定状态会签5128号""]}, ""decision_type"": ""tool"", ""required_args"": {""finish_after_tool"": true, ""use_image"": true, ""use_visual_probe"": true}}]","[""rag_answer"", ""re_question"", ""answerer"", ""flux-image-generation"", ""rexomni_detection"", ""pipeline_eval""]","{""action_match"": 0.65, ""argument_match"": 0.1, ""decision_type_valid"": 0.03, ""final_tool_finish"": 0.1, ""finish_after_tool"": 0.1, ""json_valid"": 0.02, ""no_forbidden_action"": 0.1, ""no_premature_stop"": 0.1, ""no_repeated_tool"": 0.1, ""no_skip_required_probe"": 0.1, ""strict_action_match"": true, ""strict_argument_types"": true, ""wrong_action_cap"": 0.2}",False,0.586957,"[""qwen_detection"", ""qwen_detection""]",qwen_detection,"[{""_planner_metrics"": {""api_call_ms"": 7119.747, ""first_api_call_ms"": 7119.747, ""first_finish_reason"": ""stop"", ""first_input_tokens"": 4018, ""first_output_tokens"": 51, ""first_total_tokens"": 4069, ""input_tokens"": 4018, ""output_tokens"": 51, ""parse_ms"": 0.159, ""planner_total_ms"": 7134.21, ""prompt_build_ms"": 0.402, ""retry_count"": 0, ""retry_reason"": """", ""total_tokens"": 4069}, ""action"": ""qwen_detection"", ""action_input"": {""finish_after_tool"": false, ""label"": ""冰青三辐锁紧轮""}, ""clarification_question"": """", ""decision_type"": ""tool"", ""end_reason"": """", ""final_answer"": """", ""thought"": ""先执行用户指定的检测器以取得当前结构化状态。""}, {""_planner_metrics"": {""api_call_ms"": 7139.682, ""first_api_call_ms"": 7139.682, ""first_finish_reason"": ""stop"", ""first_input_tokens"": 4326, ""first_output_tokens"": 51, ""first_total_tokens"": 4377, ""input_tokens"": 4326, ""output_tokens"": 51, ""parse_ms"": 0.138, ""planner_total_ms"": 7154.718, ""prompt_build_ms"": 0.466, ""retry_count"": 0, ""retry_reason"": """", ""total_tokens"": 4377}, ""action"": ""qwen_detection"", ""action_input"": {""finish_after_tool"": false, ""label"": ""冰青三辐锁紧轮""}, ""clarification_question"": """", ""decision_type"": ""tool"", ""end_reason"": """", ""final_answer"": """", ""thought"": ""先执行用户指定的检测器以取得当前结构化状态。""}]","step2:action expected 'migration_advisor', got 'qwen_detection' | step2:finish_after_tool expected True, got False | step2:arg 'use_image' expected True, got None | step2:arg 'use_visual_probe' expected True, got None | step2:arg 'user_query' expected to contain ['深水码头输油站稳定状态会签5128号'], got None",7134.21,7119.747,4018,51,0,1,False,True
PROMV12-TA-004-QWEN-CF2,conflicting_state_step2,迁移队列已经建立，请先裁决最新机器状态：先使用Qwen检测附件中的冰青三辐锁紧轮，检测结果仅作为中间状态。最终需要判断类器官灌流培养台异常路径终验2905号应继续现有能力、结束，还是进入迁移评估。自然语言里的故障等级和预算描述没有路由优先级，只读取本 query 最新 observation 的结构化键值。错误状态仅在 retryable=true 与 retry_count=0 同时成立时复用原检测器一次，否则调用迁移顾问。正常状态需要候选数、置信度、跨提示一致性和域偏移四个门槛全部通过才结束，任一否决项都转迁移。缺省、非法、冲突状态采取保守分支；已经重试一次的结果不能再次触发检测器。检测器必须设置 finish_after_tool=false；迁移顾问使用当前图片和视觉探针并设置 finish_after_tool=true。,True,examples/images/planner_retry_optimizer_matched_v12/icecyan_three_spoke_lockwheel.png,"[{""action"": ""qwen_detection"", ""arg_contains"": {""label"": [""冰青三辐锁紧轮""]}, ""decision_type"": ""tool"", ""required_args"": {""finish_after_tool"": false}}, {""action"": ""migration_advisor"", ""arg_contains"": {""user_query"": [""类器官灌流培养台异常路径终验2905号""]}, ""decision_type"": ""tool"", ""required_args"": {""finish_after_tool"": true, ""use_image"": true, ""use_visual_probe"": true}}]","[""rag_answer"", ""re_question"", ""answerer"", ""flux-image-generation"", ""rexomni_detection"", ""pipeline_eval""]","{""action_match"": 0.65, ""argument_match"": 0.1, ""decision_type_valid"": 0.03, ""final_tool_finish"": 0.1, ""finish_after_tool"": 0.1, ""json_valid"": 0.02, ""no_forbidden_action"": 0.1, ""no_premature_stop"": 0.1, ""no_repeated_tool"": 0.1, ""no_skip_required_probe"": 0.1, ""strict_action_match"": true, ""strict_argument_types"": true, ""wrong_action_cap"": 0.2}",True,1.0,"[""qwen_detection"", ""migration_advisor""]",qwen_detection,"[{""_planner_metrics"": {""api_call_ms"": 6855.303, ""first_api_call_ms"": 6855.303, ""first_finish_reason"": ""stop"", ""first_input_tokens"": 4028, ""first_output_tokens"": 51, ""first_total_tokens"": 4079, ""input_tokens"": 4028, ""output_tokens"": 51, ""parse_ms"": 0.15, ""planner_total_ms"": 6868.527, ""prompt_build_ms"": 0.411, ""retry_count"": 0, ""retry_reason"": """", ""total_tokens"": 4079}, ""action"": ""qwen_detection"", ""action_input"": {""finish_after_tool"": false, ""label"": ""冰青三辐锁紧轮""}, ""clarification_question"": """", ""decision_type"": ""tool"", ""end_reason"": """", ""final_answer"": """", ""thought"": ""先执行用户指定的检测器以取得当前结构化状态。""}, {""_planner_metrics"": {""api_call_ms"": 9443.88, ""first_api_call_ms"": 9443.88, ""first_finish_reason"": ""stop"", ""first_input_tokens"": 4328, ""first_output_tokens"": 74, ""first_total_tokens"": 4402, ""input_tokens"": 4328, ""output_tokens"": 74, ""parse_ms"": 0.173, ""planner_total_ms"": 9459.119, ""prompt_build_ms"": 0.469, ""retry_count"": 0, ""retry_reason"": """", ""total_tokens"": 4402}, ""action"": ""migration_advisor"", ""action_input"": {""finish_after_tool"": true, ""use_image"": true, ""use_visual_probe"": true, ""user_query"": ""类器官灌流培养台异常路径终验2905号""}, ""clarification_question"": """", ""decision_type"": ""tool"", ""end_reason"": """", ""final_answer"": """", ""thought"": ""最新状态未满足结束或迁移条件，需要继续按规则处理。""}]",,6868.527,6855.303,4028,51,1,1,True,False
PROMV12-TA-008-REX-PV3,post_retry_metric_veto_step3,完成本轮异常探针的最终路由：先使用Rex-Omni检测附件中的焦糖十字分流块，检测结果仅作为中间状态。最终需要判断非晶合金铸造炉异常路径终验9752号应继续现有能力、结束，还是进入迁移评估。自然语言里的故障等级和预算描述没有路由优先级，只读取本 query 最新 observation 的结构化键值。错误状态仅在 retryable=true 与 retry_count=0 同时成立时复用原检测器一次，否则调用迁移顾问。正常状态需要候选数、置信度、跨提示一致性和域偏移四个门槛全部通过才结束，任一否决项都转迁移。缺省、非法、冲突状态采取保守分支；已经重试一次的结果不能再次触发检测器。检测器必须设置 finish_after_tool=false；迁移顾问使用当前图片和视觉探针并设置 finish_after_tool=true。,True,examples/images/planner_retry_optimizer_matched_v12/caramel_cross_diverter.png,"[{""action"": ""rexomni_detection"", ""arg_contains"": {""label"": [""焦糖十字分流块""]}, ""decision_type"": ""tool"", ""required_args"": {""finish_after_tool"": false}}, {""action"": ""rexomni_detection"", ""arg_contains"": {""label"": [""焦糖十字分流块""]}, ""decision_type"": ""tool"", ""required_args"": {""finish_after_tool"": false}}, {""action"": ""migration_advisor"", ""arg_contains"": {""user_query"": [""非晶合金铸造炉异常路径终验9752号""]}, ""decision_type"": ""tool"", ""required_args"": {""finish_after_tool"": true, ""use_image"": true, ""use_visual_probe"": true}}]","[""rag_answer"", ""re_question"", ""answerer"", ""flux-image-generation"", ""qwen_detection"", ""pipeline_eval""]","{""action_match"": 0.65, ""argument_match"": 0.1, ""decision_type_valid"": 0.03, ""final_tool_finish"": 0.1, ""finish_after_tool"": 0.1, ""json_valid"": 0.02, ""no_forbidden_action"": 0.1, ""no_premature_stop"": 0.1, ""no_repeated_tool"": 0.1, ""no_skip_required_probe"": 0.1, ""strict_action_match"": true, ""strict_argument_types"": true, ""wrong_action_cap"": 0.2}",True,1.0,"[""rexomni_detection"", ""rexomni_detection"", ""migration_advisor""]",rexomni_detection,"[{""_planner_metrics"": {""api_call_ms"": 6672.145, ""first_api_call_ms"": 6672.145, ""first_finish_reason"": ""stop"", ""first_input_tokens"": 4017, ""first_output_tokens"": 49, ""first_total_tokens"": 4066, ""input_tokens"": 4017, ""output_tokens"": 49, ""parse_ms"": 0.136, ""planner_total_ms"": 6685.487, ""prompt_build_ms"": 0.363, ""retry_count"": 0, ""retry_reason"": """", ""total_tokens"": 4066}, ""action"": ""rexomni_detection"", ""action_input"": {""finish_after_tool"": false, ""label"": ""焦糖十字分流块""}, ""clarification_question"": """", ""decision_type"": ""tool"", ""end_reason"": """", ""final_answer"": """", ""thought"": ""先执行用户指定的检测器以取得当前结构化状态。""}, {""_planner_metrics"": {""api_call_ms"": 6751.044, ""first_api_call_ms"": 6751.044, ""first_finish_reason"": ""stop"", ""first_input_tokens"": 4327, ""first_output_tokens"": 49, ""first_total_tokens"": 4376, ""input_tokens"": 4327, ""output_tokens"": 49, ""parse_ms"": 0.168, ""planner_total_ms"": 6765.186, ""prompt_build_ms"": 0.486, ""retry_count"": 0, ""retry_reason"": """", ""total_tokens"": 4376}, ""action"": ""rexomni_detection"", ""action_input"": {""finish_after_tool"": false, ""label"": ""焦糖十字分流块""}, ""clarification_question"": """", ""decision_type"": ""tool"", ""end_reason"": """", ""final_answer"": """", ""thought"": ""先执行用户指定的检测器以取得当前结构化状态。""}, {""_planner_metrics"": {""api_call_ms"": 9493.509, ""first_api_call_ms"": 9493.509, ""first_finish_reason"": ""stop"", ""first_input_tokens"": 4633, ""first_output_tokens"": 73, ""first_total_tokens"": 4706, ""input_tokens"": 4633, ""output_tokens"": 73, ""parse_ms"": 0.17, ""planner_total_ms"": 9508.309, ""prompt_build_ms"": 0.475, ""retry_count"": 0, ""retry_reason"": """", ""total_tokens"": 4706}, ""action"": ""migration_advisor"", ""action_input"": {""finish_after_tool"": true, ""use_image"": true, ""use_visual_probe"": true, ""user_query"": ""非晶合金铸造炉异常路径终验9752号""}, ""clarification_question"": """", ""decision_type"": ""tool"", ""end_reason"": """", ""final_answer"": """", ""thought"": ""最新状态未满足结束或重试条件，需要进入能力迁移评估。""}]",,6685.487,6672.145,4017,49,1,1,True,False
PROMV12-TA-008-QWEN-PS3,post_retry_success_step3,完成本轮异常探针的最终路由：先使用Qwen检测附件中的焦糖十字分流块，检测结果仅作为中间状态。最终需要判断非晶合金铸造炉异常路径终验9752号应继续现有能力、结束，还是进入迁移评估。自然语言里的故障等级和预算描述没有路由优先级，只读取本 query 最新 observation 的结构化键值。错误状态仅在 retryable=true 与 retry_count=0 同时成立时复用原检测器一次，否则调用迁移顾问。正常状态需要候选数、置信度、跨提示一致性和域偏移四个门槛全部通过才结束，任一否决项都转迁移。缺省、非法、冲突状态采取保守分支；已经重试一次的结果不能再次触发检测器。检测器必须设置 finish_after_tool=false；迁移顾问使用当前图片和视觉探针并设置 finish_after_tool=true。,True,examples/images/planner_retry_optimizer_matched_v12/caramel_cross_diverter.png,"[{""action"": ""qwen_detection"", ""arg_contains"": {""label"": [""焦糖十字分流块""]}, ""decision_type"": ""tool"", ""required_args"": {""finish_after_tool"": false}}, {""action"": ""qwen_detection"", ""arg_contains"": {""label"": [""焦糖十字分流块""]}, ""decision_type"": ""tool"", ""required_args"": {""finish_after_tool"": false}}, {""arg_contains"": {}, ""decision_type"": ""end"", ""required_args"": {""end_reason"": ""memory_hit""}}]","[""rag_answer"", ""re_question"", ""answerer"", ""flux-image-generation"", ""rexomni_detection"", ""pipeline_eval"", ""migration_advisor""]","{""action_match"": 0.65, ""argument_match"": 0.1, ""decision_type_valid"": 0.03, ""final_tool_finish"": 0.1, ""finish_after_tool"": 0.1, ""json_valid"": 0.02, ""no_forbidden_action"": 0.1, ""no_premature_stop"": 0.1, ""no_repeated_tool"": 0.1, ""no_skip_required_probe"": 0.1, ""strict_action_match"": true, ""strict_argument_types"": true, ""wrong_action_cap"": 0.2}",False,0.725,"[""qwen_detection"", ""qwen_detection"", ""migration_advisor""]",qwen_detection,"[{""_planner_metrics"": {""api_call_ms"": 6546.824, ""first_api_call_ms"": 6546.824, ""first_finish_reason"": ""stop"", ""first_input_tokens"": 4011, ""first_output_tokens"": 48, ""first_total_tokens"": 4059, ""input_tokens"": 4011, ""output_tokens"": 48, ""parse_ms"": 0.175, ""planner_total_ms"": 6560.671, ""prompt_build_ms"": 0.445, ""retry_count"": 0, ""retry_reason"": """", ""total_tokens"": 4059}, ""action"": ""qwen_detection"", ""action_input"": {""finish_after_tool"": false, ""label"": ""焦糖十字分流块""}, ""clarification_question"": """", ""decision_type"": ""tool"", ""end_reason"": """", ""final_answer"": """", ""thought"": ""先执行用户指定的检测器以取得当前结构化状态。""}, {""_planner_metrics"": {""api_call_ms"": 6879.532, ""first_api_call_ms"": 6879.532, ""first_finish_reason"": ""stop"", ""first_input_tokens"": 4319, ""first_output_tokens"": 50, ""first_total_tokens"": 4369, ""input_tokens"": 4319, ""output_tokens"": 50, ""parse_ms"": 0.151, ""planner_total_ms"": 6894.033, ""prompt_build_ms"": 0.448, ""retry_count"": 0, ""retry_reason"": """", ""total_tokens"": 4369}, ""action"": ""qwen_detection"", ""action_input"": {""finish_after_tool"": false, ""label"": ""焦糖十字分流块""}, ""clarification_question"": """", ""decision_type"": ""tool"", ""end_reason"": """", ""final_answer"": """", ""thought"": ""最新状态满足错误状态重试条件，需要复用原检测器。""}, {""_planner_metrics"": {""api_call_ms"": 9599.536, ""first_api_call_ms"": 9599.536, ""first_finish_reason"": ""stop"", ""first_input_tokens"": 4622, ""first_output_tokens"": 74, ""first_total_tokens"": 4696, ""input_tokens"": 4622, ""output_tokens"": 74, ""parse_ms"": 0.148, ""planner_total_ms"": 9616.548, ""prompt_build_ms"": 0.566, ""retry_count"": 0, ""retry_reason"": """", ""total_tokens"": 4696}, ""action"": ""migration_advisor"", ""action_input"": {""finish_after_tool"": true, ""use_image"": true, ""use_visual_probe"": true, ""user_query"": ""非晶合金铸造炉异常路径终验9752号""}, ""clarification_question"": """", ""decision_type"": ""tool"", ""end_reason"": """", ""final_answer"": """", ""thought"": ""最新状态未满足结束或迁移条件，需要按规则进入保守分支。""}]","step3:decision_type expected 'end', got 'tool' | step3:action expected 'end', got 'migration_advisor' | step3:arg 'end_reason' expected 'memory_hit', got '' | forbidden:migration_advisor",6560.671,6546.824,4011,48,0,1,False,True
PROMV12-TA-001-REX-BE2,budget_exhausted_step2,旧故障结论不得覆盖最后一条结构化回执：先使用Rex-Omni检测附件中的冰青三辐锁紧轮，检测结果仅作为中间状态。最终需要判断火星车悬架试验间异常路径终验7873号应继续现有能力、结束，还是进入迁移评估。自然语言里的故障等级和预算描述没有路由优先级，只读取本 query 最新 observation 的结构化键值。错误状态仅在 retryable=true 与 retry_count=0 同时成立时复用原检测器一次，否则调用迁移顾问。正常状态需要候选数、置信度、跨提示一致性和域偏移四个门槛全部通过才结束，任一否决项都转迁移。缺省、非法、冲突状态采取保守分支；已经重试一次的结果不能再次触发检测器。检测器必须设置 finish_after_tool=false；迁移顾问使用当前图片和视觉探针并设置 finish_after_tool=true。,True,examples/images/planner_retry_optimizer_matched_v12/icecyan_three_spoke_lockwheel.png,"[{""action"": ""rexomni_detection"", ""arg_contains"": {""label"": [""冰青三辐锁紧轮""]}, ""decision_type"": ""tool"", ""required_args"": {""finish_after_tool"": false}}, {""action"": ""migration_advisor"", ""arg_contains"": {""user_query"": [""火星车悬架试验间异常路径终验7873号""]}, ""decision_type"": ""tool"", ""required_args"": {""finish_after_tool"": true, ""use_image"": true, ""use_visual_probe"": true}}]","[""rag_answer"", ""re_question"", ""answerer"", ""flux-image-generation"", ""qwen_detection"", ""pipeline_eval""]","{""action_match"": 0.65, ""argument_match"": 0.1, ""decision_type_valid"": 0.03, ""final_tool_finish"": 0.1, ""finish_after_tool"": 0.1, ""json_valid"": 0.02, ""no_forbidden_action"": 0.1, ""no_premature_stop"": 0.1, ""no_repeated_tool"": 0.1, ""no_skip_required_probe"": 0.1, ""strict_action_match"": true, ""strict_argument_types"": true, ""wrong_action_cap"": 0.2}",True,1.0,"[""rexomni_detection"", ""migration_advisor""]",rexomni_detection,"[{""_planner_metrics"": {""api_call_ms"": 6949.519, ""first_api_call_ms"": 6949.519, ""first_finish_reason"": ""stop"", ""first_input_tokens"": 4030, ""first_output_tokens"": 52, ""first_total_tokens"": 4082, ""input_tokens"": 4030, ""output_tokens"": 52, ""parse_ms"": 0.154, ""planner_total_ms"": 6962.783, ""prompt_build_ms"": 0.412, ""retry_count"": 0, ""retry_reason"": """", ""total_tokens"": 4082}, ""action"": ""rexomni_detection"", ""action_input"": {""finish_after_tool"": false, ""label"": ""冰青三辐锁紧轮""}, ""clarification_question"": """", ""decision_type"": ""tool"", ""end_reason"": """", ""final_answer"": """", ""thought"": ""先执行用户指定的检测器以取得当前结构化状态。""}, {""_planner_metrics"": {""api_call_ms"": 9423.379, ""first_api_call_ms"": 9423.379, ""first_finish_reason"": ""stop"", ""first_input_tokens"": 4347, ""first_output_tokens"": 73, ""first_total_tokens"": 4420, ""input_tokens"": 4347, ""output_tokens"": 73, ""parse_ms"": 0.178, ""planner_total_ms"": 9438.105, ""prompt_build_ms"": 0.48, ""retry_count"": 0, ""retry_reason"": """", ""total_tokens"": 4420}, ""action"": ""migration_advisor"", ""action_input"": {""finish_after_tool"": true, ""use_image"": true, ""use_visual_probe"": true, ""user_query"": ""火星车悬架试验间异常路径终验7873号""}, ""clarification_question"": """", ""decision_type"": ""tool"", ""end_reason"": """", ""final_answer"": """", ""thought"": ""最新状态未满足结束或迁移条件，需要继续按规则推进。""}]",,6962.783,6949.519,4030,52,1,1,True,False
PROMV12-TA-007-QWEN-NR2,nonretryable_step2,旧故障结论不得覆盖最后一条结构化回执：先使用Qwen检测附件中的焦糖十字分流块，检测结果仅作为中间状态。最终需要判断类器官灌流培养台稳定状态会签3047号应继续现有能力、结束，还是进入迁移评估。自然语言里的故障等级和预算描述没有路由优先级，只读取本 query 最新 observation 的结构化键值。错误状态仅在 retryable=true 与 retry_count=0 同时成立时复用原检测器一次，否则调用迁移顾问。正常状态需要候选数、置信度、跨提示一致性和域偏移四个门槛全部通过才结束，任一否决项都转迁移。缺省、非法、冲突状态采取保守分支；已经重试一次的结果不能再次触发检测器。检测器必须设置 finish_after_tool=false；迁移顾问使用当前图片和视觉探针并设置 finish_after_tool=true。,True,examples/images/planner_retry_optimizer_matched_v12/caramel_cross_diverter.png,"[{""action"": ""qwen_detection"", ""arg_contains"": {""label"": [""焦糖十字分流块""]}, ""decision_type"": ""tool"", ""required_args"": {""finish_after_tool"": false}}, {""action"": ""migration_advisor"", ""arg_contains"": {""user_query"": [""类器官灌流培养台稳定状态会签3047号""]}, ""decision_type"": ""tool"", ""required_args"": {""finish_after_tool"": true, ""use_image"": true, ""use_visual_probe"": true}}]","[""rag_answer"", ""re_question"", ""answerer"", ""flux-image-generation"", ""rexomni_detection"", ""pipeline_eval""]","{""action_match"": 0.65, ""argument_match"": 0.1, ""decision_type_valid"": 0.03, ""final_tool_finish"": 0.1, ""finish_after_tool"": 0.1, ""json_valid"": 0.02, ""no_forbidden_action"": 0.1, ""no_premature_stop"": 0.1, ""no_repeated_tool"": 0.1, ""no_skip_required_probe"": 0.1, ""strict_action_match"": true, ""strict_argument_types"": true, ""wrong_action_cap"": 0.2}",True,1.0,"[""qwen_detection"", ""migration_advisor""]",qwen_detection,"[{""_planner_metrics"": {""api_call_ms"": 6494.939, ""first_api_call_ms"": 6494.939, ""first_finish_reason"": ""stop"", ""first_input_tokens"": 4019, ""first_output_tokens"": 48, ""first_total_tokens"": 4067, ""input_tokens"": 4019, ""output_tokens"": 48, ""parse_ms"": 0.129, ""planner_total_ms"": 6508.284, ""prompt_build_ms"": 0.401, ""retry_count"": 0, ""retry_reason"": """", ""total_tokens"": 4067}, ""action"": ""qwen_detection"", ""action_input"": {""finish_after_tool"": false, ""label"": ""焦糖十字分流块""}, ""clarification_question"": """", ""decision_type"": ""tool"", ""end_reason"": """", ""final_answer"": """", ""thought"": ""先执行用户指定的检测器以取得当前结构化状态。""}, {""_planner_metrics"": {""api_call_ms"": 9458.3, ""first_api_call_ms"": 9458.3, ""first_finish_reason"": ""stop"", ""first_input_tokens"": 4329, ""first_output_tokens"": 74, ""first_total_tokens"": 4403, ""input_tokens"": 4329, ""output_tokens"": 74, ""parse_ms"": 0.146, ""planner_total_ms"": 9472.451, ""prompt_build_ms"": 0.477, ""retry_count"": 0, ""retry_reason"": """", ""total_tokens"": 4403}, ""action"": ""migration_advisor"", ""action_input"": {""finish_after_tool"": true, ""use_image"": true, ""use_visual_probe"": true, ""user_query"": ""类器官灌流培养台稳定状态会签3047号""}, ""clarification_question"": """", ""decision_type"": ""tool"", ""end_reason"": """", ""final_answer"": """", ""thought"": ""最新状态未满足结束或迁移条件，需要继续按规则推进。""}]",,6508.284,6494.939,4019,48,1,1,True,False
PROMV12-TA-002-QWEN-PE3,post_retry_error_step3,迁移队列已经建立，请先裁决最新机器状态：先使用Qwen检测附件中的焦糖十字分流块，检测结果仅作为中间状态。最终需要判断火星车悬架试验间重试边界复审7063号应继续现有能力、结束，还是进入迁移评估。自然语言里的故障等级和预算描述没有路由优先级，只读取本 query 最新 observation 的结构化键值。错误状态仅在 retryable=true 与 retry_count=0 同时成立时复用原检测器一次，否则调用迁移顾问。正常状态需要候选数、置信度、跨提示一致性和域偏移四个门槛全部通过才结束，任一否决项都转迁移。缺省、非法、冲突状态采取保守分支；已经重试一次的结果不能再次触发检测器。检测器必须设置 finish_after_tool=false；迁移顾问使用当前图片和视觉探针并设置 finish_after_tool=true。,True,examples/images/planner_retry_optimizer_matched_v12/caramel_cross_diverter.png,"[{""action"": ""qwen_detection"", ""arg_contains"": {""label"": [""焦糖十字分流块""]}, ""decision_type"": ""tool"", ""required_args"": {""finish_after_tool"": false}}, {""action"": ""qwen_detection"", ""arg_contains"": {""label"": [""焦糖十字分流块""]}, ""decision_type"": ""tool"", ""required_args"": {""finish_after_tool"": false}}, {""action"": ""migration_advisor"", ""arg_contains"": {""user_query"": [""火星车悬架试验间重试边界复审7063号""]}, ""decision_type"": ""tool"", ""required_args"": {""finish_after_tool"": true, ""use_image"": true, ""use_visual_probe"": true}}]","[""rag_answer"", ""re_question"", ""answerer"", ""flux-image-generation"", ""rexomni_detection"", ""pipeline_eval""]","{""action_match"": 0.65, ""argument_match"": 0.1, ""decision_type_valid"": 0.03, ""final_tool_finish"": 0.1, ""finish_after_tool"": 0.1, ""json_valid"": 0.02, ""no_forbidden_action"": 0.1, ""no_premature_stop"": 0.1, ""no_repeated_tool"": 0.1, ""no_skip_required_probe"": 0.1, ""strict_action_match"": true, ""strict_argument_types"": true, ""wrong_action_cap"": 0.2}",False,0.734375,"[""qwen_detection"", ""qwen_detection"", ""qwen_detection""]",qwen_detection,"[{""_planner_metrics"": {""api_call_ms"": 6516.81, ""first_api_call_ms"": 6516.81, ""first_finish_reason"": ""stop"", ""first_input_tokens"": 4017, ""first_output_tokens"": 48, ""first_total_tokens"": 4065, ""input_tokens"": 4017, ""output_tokens"": 48, ""parse_ms"": 0.182, ""planner_total_ms"": 6530.077, ""prompt_build_ms"": 0.405, ""retry_count"": 0, ""retry_reason"": """", ""total_tokens"": 4065}, ""action"": ""qwen_detection"", ""action_input"": {""finish_after_tool"": false, ""label"": ""焦糖十字分流块""}, ""clarification_question"": """", ""decision_type"": ""tool"", ""end_reason"": """", ""final_answer"": """", ""thought"": ""先执行用户指定的检测器以取得当前结构化状态。""}, {""_planner_metrics"": {""api_call_ms"": 7023.362, ""first_api_call_ms"": 7023.362, ""first_finish_reason"": ""stop"", ""first_input_tokens"": 4326, ""first_output_tokens"": 51, ""first_total_tokens"": 4377, ""input_tokens"": 4326, ""output_tokens"": 51, ""parse_ms"": 0.135, ""planner_total_ms"": 7037.592, ""prompt_build_ms"": 0.475, ""retry_count"": 0, ""retry_reason"": """", ""total_tokens"": 4377}, ""action"": ""qwen_detection"", ""action_input"": {""finish_after_tool"": false, ""label"": ""焦糖十字分流块""}, ""clarification_question"": """", ""decision_type"": ""tool"", ""end_reason"": """", ""final_answer"": """", ""thought"": ""最新状态满足错误状态重试条件，需要再次使用同一检测器。""}, {""_planner_metrics"": {""api_call_ms"": 7131.958, ""first_api_call_ms"": 7131.958, ""first_finish_reason"": ""stop"", ""first_input_tokens"": 4636, ""first_output_tokens"": 51, ""first_total_tokens"": 4687, ""input_tokens"": 4636, ""output_tokens"": 51, ""parse_ms"": 0.208, ""planner_total_ms"": 7147.028, ""prompt_build_ms"": 0.5, ""retry_count"": 0, ""retry_reason"": """", ""total_tokens"": 4687}, ""action"": ""qwen_detection"", ""action_input"": {""finish_after_tool"": false, ""label"": ""焦糖十字分流块""}, ""clarification_question"": """", ""decision_type"": ""tool"", ""end_reason"": """", ""final_answer"": """", ""thought"": ""最新状态满足错误状态重试条件，需要再次使用同一检测器。""}]","step3:action expected 'migration_advisor', got 'qwen_detection' | step3:finish_after_tool expected True, got False | step3:arg 'use_image' expected True, got None | step3:arg 'use_visual_probe' expected True, got None | step3:arg 'user_query' expected to contain ['火星车悬架试验间重试边界复审7063号'], got None",6530.077,6516.81,4017,48,0,1,False,True
PROMV12-TA-002-REX-PE3,post_retry_error_step3,迁移队列已经建立，请先裁决最新机器状态：先使用Rex-Omni检测附件中的焦糖十字分流块，检测结果仅作为中间状态。最终需要判断火星车悬架试验间重试边界复审7063号应继续现有能力、结束，还是进入迁移评估。自然语言里的故障等级和预算描述没有路由优先级，只读取本 query 最新 observation 的结构化键值。错误状态仅在 retryable=true 与 retry_count=0 同时成立时复用原检测器一次，否则调用迁移顾问。正常状态需要候选数、置信度、跨提示一致性和域偏移四个门槛全部通过才结束，任一否决项都转迁移。缺省、非法、冲突状态采取保守分支；已经重试一次的结果不能再次触发检测器。检测器必须设置 finish_after_tool=false；迁移顾问使用当前图片和视觉探针并设置 finish_after_tool=true。,True,examples/images/planner_retry_optimizer_matched_v12/caramel_cross_diverter.png,"[{""action"": ""rexomni_detection"", ""arg_contains"": {""label"": [""焦糖十字分流块""]}, ""decision_type"": ""tool"", ""required_args"": {""finish_after_tool"": false}}, {""action"": ""rexomni_detection"", ""arg_contains"": {""label"": [""焦糖十字分流块""]}, ""decision_type"": ""tool"", ""required_args"": {""finish_after_tool"": false}}, {""action"": ""migration_advisor"", ""arg_contains"": {""user_query"": [""火星车悬架试验间重试边界复审7063号""]}, ""decision_type"": ""tool"", ""required_args"": {""finish_after_tool"": true, ""use_image"": true, ""use_visual_probe"": true}}]","[""rag_answer"", ""re_question"", ""answerer"", ""flux-image-generation"", ""qwen_detection"", ""pipeline_eval""]","{""action_match"": 0.65, ""argument_match"": 0.1, ""decision_type_valid"": 0.03, ""final_tool_finish"": 0.1, ""finish_after_tool"": 0.1, ""json_valid"": 0.02, ""no_forbidden_action"": 0.1, ""no_premature_stop"": 0.1, ""no_repeated_tool"": 0.1, ""no_skip_required_probe"": 0.1, ""strict_action_match"": true, ""strict_argument_types"": true, ""wrong_action_cap"": 0.2}",False,0.734375,"[""rexomni_detection"", ""rexomni_detection"", ""rexomni_detection""]",rexomni_detection,"[{""_planner_metrics"": {""api_call_ms"": 6647.018, ""first_api_call_ms"": 6647.018, ""first_finish_reason"": ""stop"", ""first_input_tokens"": 4023, ""first_output_tokens"": 49, ""first_total_tokens"": 4072, ""input_tokens"": 4023, ""output_tokens"": 49, ""parse_ms"": 0.206, ""planner_total_ms"": 6661.358, ""prompt_build_ms"": 0.472, ""retry_count"": 0, ""retry_reason"": """", ""total_tokens"": 4072}, ""action"": ""rexomni_detection"", ""action_input"": {""finish_after_tool"": false, ""label"": ""焦糖十字分流块""}, ""clarification_question"": """", ""decision_type"": ""tool"", ""end_reason"": """", ""final_answer"": """", ""thought"": ""先执行用户指定的检测器以取得当前结构化状态。""}, {""_planner_metrics"": {""api_call_ms"": 7394.473, ""first_api_call_ms"": 7394.473, ""first_finish_reason"": ""stop"", ""first_input_tokens"": 4333, ""first_output_tokens"": 52, ""first_total_tokens"": 4385, ""input_tokens"": 4333, ""output_tokens"": 52, ""parse_ms"": 0.201, ""planner_total_ms"": 7411.318, ""prompt_build_ms"": 0.527, ""retry_count"": 0, ""retry_reason"": """", ""total_tokens"": 4385}, ""action"": ""rexomni_detection"", ""action_input"": {""finish_after_tool"": false, ""label"": ""焦糖十字分流块""}, ""clarification_question"": """", ""decision_type"": ""tool"", ""end_reason"": """", ""final_answer"": """", ""thought"": ""最新状态满足错误状态重试条件，需要再次调用同一检测器。""}, {""_planner_metrics"": {""api_call_ms"": 7490.85, ""first_api_call_ms"": 7490.85, ""first_finish_reason"": ""stop"", ""first_input_tokens"": 4642, ""first_output_tokens"": 52, ""first_total_tokens"": 4694, ""input_tokens"": 4642, ""output_tokens"": 52, ""parse_ms"": 0.122, ""planner_total_ms"": 7508.684, ""prompt_build_ms"": 0.476, ""retry_count"": 0, ""retry_reason"": """", ""total_tokens"": 4694}, ""action"": ""rexomni_detection"", ""action_input"": {""finish_after_tool"": false, ""label"": ""焦糖十字分流块""}, ""clarification_question"": """", ""decision_type"": ""tool"", ""end_reason"": """", ""final_answer"": """", ""thought"": ""最新状态满足错误状态重试条件，需要再次调用同一检测器。""}]","step3:action expected 'migration_advisor', got 'rexomni_detection' | step3:finish_after_tool expected True, got False | step3:arg 'use_image' expected True, got None | step3:arg 'use_visual_probe' expected True, got None | step3:arg 'user_query' expected to contain ['火星车悬架试验间重试边界复审7063号'], got None",6661.358,6647.018,4023,49,0,1,False,True
PROMV12-TA-011-REX-CF2,conflicting_state_step2,迁移队列已经建立，请先裁决最新机器状态：先使用Rex-Omni检测附件中的焦糖十字分流块，检测结果仅作为中间状态。最终需要判断非晶合金铸造炉稳定状态会签6874号应继续现有能力、结束，还是进入迁移评估。自然语言里的故障等级和预算描述没有路由优先级，只读取本 query 最新 observation 的结构化键值。错误状态仅在 retryable=true 与 retry_count=0 同时成立时复用原检测器一次，否则调用迁移顾问。正常状态需要候选数、置信度、跨提示一致性和域偏移四个门槛全部通过才结束，任一否决项都转迁移。缺省、非法、冲突状态采取保守分支；已经重试一次的结果不能再次触发检测器。检测器必须设置 finish_after_tool=false；迁移顾问使用当前图片和视觉探针并设置 finish_after_tool=true。,True,examples/images/planner_retry_optimizer_matched_v12/caramel_cross_diverter.png,"[{""action"": ""rexomni_detection"", ""arg_contains"": {""label"": [""焦糖十字分流块""]}, ""decision_type"": ""tool"", ""required_args"": {""finish_after_tool"": false}}, {""action"": ""migration_advisor"", ""arg_contains"": {""user_query"": [""非晶合金铸造炉稳定状态会签6874号""]}, ""decision_type"": ""tool"", ""required_args"": {""finish_after_tool"": true, ""use_image"": true, ""use_visual_probe"": true}}]","[""rag_answer"", ""re_question"", ""answerer"", ""flux-image-generation"", ""qwen_detection"", ""pipeline_eval""]","{""action_match"": 0.65, ""argument_match"": 0.1, ""decision_type_valid"": 0.03, ""final_tool_finish"": 0.1, ""finish_after_tool"": 0.1, ""json_valid"": 0.02, ""no_forbidden_action"": 0.1, ""no_premature_stop"": 0.1, ""no_repeated_tool"": 0.1, ""no_skip_required_probe"": 0.1, ""strict_action_match"": true, ""strict_argument_types"": true, ""wrong_action_cap"": 0.2}",True,1.0,"[""rexomni_detection"", ""migration_advisor""]",rexomni_detection,"[{""_planner_metrics"": {""api_call_ms"": 6589.939, ""first_api_call_ms"": 6589.939, ""first_finish_reason"": ""stop"", ""first_input_tokens"": 4025, ""first_output_tokens"": 49, ""first_total_tokens"": 4074, ""input_tokens"": 4025, ""output_tokens"": 49, ""parse_ms"": 0.149, ""planner_total_ms"": 6603.667, ""prompt_build_ms"": 0.424, ""retry_count"": 0, ""retry_reason"": """", ""total_tokens"": 4074}, ""action"": ""rexomni_detection"", ""action_input"": {""finish_after_tool"": false, ""label"": ""焦糖十字分流块""}, ""clarification_question"": """", ""decision_type"": ""tool"", ""end_reason"": """", ""final_answer"": """", ""thought"": ""先执行用户指定的检测器以取得当前结构化状态。""}, {""_planner_metrics"": {""api_call_ms"": 9369.157, ""first_api_call_ms"": 9369.157, ""first_finish_reason"": ""stop"", ""first_input_tokens"": 4321, ""first_output_tokens"": 73, ""first_total_tokens"": 4394, ""input_tokens"": 4321, ""output_tokens"": 73, ""parse_ms"": 0.165, ""planner_total_ms"": 9384.018, ""prompt_build_ms"": 0.48, ""retry_count"": 0, ""retry_reason"": """", ""total_tokens"": 4394}, ""action"": ""migration_advisor"", ""action_input"": {""finish_after_tool"": true, ""use_image"": true, ""use_visual_probe"": true, ""user_query"": ""非晶合金铸造炉稳定状态会签6874号""}, ""clarification_question"": """", ""decision_type"": ""tool"", ""end_reason"": """", ""final_answer"": """", ""thought"": ""最新状态未满足结束或重试条件，需要进入能力迁移评估。""}]",,6603.667,6589.939,4025,49,1,1,True,False
PROMV12-TA-002-REX-FR2,fresh_retry_step2,迁移队列已经建立，请先裁决最新机器状态：先使用Rex-Omni检测附件中的焦糖十字分流块，检测结果仅作为中间状态。最终需要判断火星车悬架试验间重试边界复审7063号应继续现有能力、结束，还是进入迁移评估。自然语言里的故障等级和预算描述没有路由优先级，只读取本 query 最新 observation 的结构化键值。错误状态仅在 retryable=true 与 retry_count=0 同时成立时复用原检测器一次，否则调用迁移顾问。正常状态需要候选数、置信度、跨提示一致性和域偏移四个门槛全部通过才结束，任一否决项都转迁移。缺省、非法、冲突状态采取保守分支；已经重试一次的结果不能再次触发检测器。检测器必须设置 finish_after_tool=false；迁移顾问使用当前图片和视觉探针并设置 finish_after_tool=true。,True,examples/images/planner_retry_optimizer_matched_v12/caramel_cross_diverter.png,"[{""action"": ""rexomni_detection"", ""arg_contains"": {""label"": [""焦糖十字分流块""]}, ""decision_type"": ""tool"", ""required_args"": {""finish_after_tool"": false}}, {""action"": ""rexomni_detection"", ""arg_contains"": {""label"": [""焦糖十字分流块""]}, ""decision_type"": ""tool"", ""required_args"": {""finish_after_tool"": false}}, {""arg_contains"": {}, ""decision_type"": ""end"", ""required_args"": {""end_reason"": ""memory_hit""}}]","[""rag_answer"", ""re_question"", ""answerer"", ""flux-image-generation"", ""qwen_detection"", ""pipeline_eval"", ""migration_advisor""]","{""action_match"": 0.65, ""argument_match"": 0.1, ""decision_type_valid"": 0.03, ""final_tool_finish"": 0.1, ""finish_after_tool"": 0.1, ""json_valid"": 0.02, ""no_forbidden_action"": 0.1, ""no_premature_stop"": 0.1, ""no_repeated_tool"": 0.1, ""no_skip_required_probe"": 0.1, ""strict_action_match"": true, ""strict_argument_types"": true, ""wrong_action_cap"": 0.2}",False,0.725,"[""rexomni_detection"", ""rexomni_detection"", ""migration_advisor""]",rexomni_detection,"[{""_planner_metrics"": {""api_call_ms"": 6653.971, ""first_api_call_ms"": 6653.971, ""first_finish_reason"": ""stop"", ""first_input_tokens"": 4023, ""first_output_tokens"": 49, ""first_total_tokens"": 4072, ""input_tokens"": 4023, ""output_tokens"": 49, ""parse_ms"": 0.142, ""planner_total_ms"": 6667.288, ""prompt_build_ms"": 0.457, ""retry_count"": 0, ""retry_reason"": """", ""total_tokens"": 4072}, ""action"": ""rexomni_detection"", ""action_input"": {""finish_after_tool"": false, ""label"": ""焦糖十字分流块""}, ""clarification_question"": """", ""decision_type"": ""tool"", ""end_reason"": """", ""final_answer"": """", ""thought"": ""先执行用户指定的检测器以取得当前结构化状态。""}, {""_planner_metrics"": {""api_call_ms"": 7140.6, ""first_api_call_ms"": 7140.6, ""first_finish_reason"": ""stop"", ""first_input_tokens"": 4334, ""first_output_tokens"": 52, ""first_total_tokens"": 4386, ""input_tokens"": 4334, ""output_tokens"": 52, ""parse_ms"": 0.139, ""planner_total_ms"": 7154.628, ""prompt_build_ms"": 0.479, ""retry_count"": 0, ""retry_reason"": """", ""total_tokens"": 4386}, ""action"": ""rexomni_detection"", ""action_input"": {""finish_after_tool"": false, ""label"": ""焦糖十字分流块""}, ""clarification_question"": """", ""decision_type"": ""tool"", ""end_reason"": """", ""final_answer"": """", ""thought"": ""最新状态满足错误状态重试条件，需要再次调用同一检测器。""}, {""_planner_metrics"": {""api_call_ms"": 9432.291, ""first_api_call_ms"": 9432.291, ""first_finish_reason"": ""stop"", ""first_input_tokens"": 4643, ""first_output_tokens"": 72, ""first_total_tokens"": 4715, ""input_tokens"": 4643, ""output_tokens"": 72, ""parse_ms"": 0.173, ""planner_total_ms"": 9446.823, ""prompt_build_ms"": 0.519, ""retry_count"": 0, ""retry_reason"": """", ""total_tokens"": 4715}, ""action"": ""migration_advisor"", ""action_input"": {""finish_after_tool"": true, ""use_image"": true, ""use_visual_probe"": true, ""user_query"": ""火星车悬架试验间重试边界复审7063号""}, ""clarification_question"": """", ""decision_type"": ""tool"", ""end_reason"": """", ""final_answer"": """", ""thought"": ""最新状态未满足结束或重试条件，需要进入能力迁移评估。""}]","step3:decision_type expected 'end', got 'tool' | step3:action expected 'end', got 'migration_advisor' | step3:arg 'end_reason' expected 'memory_hit', got '' | forbidden:migration_advisor",6667.288,6653.971,4023,49,0,1,False,True
PROMV12-TA-005-REX-MS2,missing_required_state_step2,设备失联只是背景，仍须核对当前显式额度：先使用Rex-Omni检测附件中的冰青三辐锁紧轮，检测结果仅作为中间状态。最终需要判断类器官灌流培养台重试边界复审5611号应继续现有能力、结束，还是进入迁移评估。自然语言里的故障等级和预算描述没有路由优先级，只读取本 query 最新 observation 的结构化键值。错误状态仅在 retryable=true 与 retry_count=0 同时成立时复用原检测器一次，否则调用迁移顾问。正常状态需要候选数、置信度、跨提示一致性和域偏移四个门槛全部通过才结束，任一否决项都转迁移。缺省、非法、冲突状态采取保守分支；已经重试一次的结果不能再次触发检测器。检测器必须设置 finish_after_tool=false；迁移顾问使用当前图片和视觉探针并设置 finish_after_tool=true。,True,examples/images/planner_retry_optimizer_matched_v12/icecyan_three_spoke_lockwheel.png,"[{""action"": ""rexomni_detection"", ""arg_contains"": {""label"": [""冰青三辐锁紧轮""]}, ""decision_type"": ""tool"", ""required_args"": {""finish_after_tool"": false}}, {""action"": ""migration_advisor"", ""arg_contains"": {""user_query"": [""类器官灌流培养台重试边界复审5611号""]}, ""decision_type"": ""tool"", ""required_args"": {""finish_after_tool"": true, ""use_image"": true, ""use_visual_probe"": true}}]","[""rag_answer"", ""re_question"", ""answerer"", ""flux-image-generation"", ""qwen_detection"", ""pipeline_eval""]","{""action_match"": 0.65, ""argument_match"": 0.1, ""decision_type_valid"": 0.03, ""final_tool_finish"": 0.1, ""finish_after_tool"": 0.1, ""json_valid"": 0.02, ""no_forbidden_action"": 0.1, ""no_premature_stop"": 0.1, ""no_repeated_tool"": 0.1, ""no_skip_required_probe"": 0.1, ""strict_action_match"": true, ""strict_argument_types"": true, ""wrong_action_cap"": 0.2}",True,1.0,"[""rexomni_detection"", ""migration_advisor""]",rexomni_detection,"[{""_planner_metrics"": {""api_call_ms"": 6969.069, ""first_api_call_ms"": 6969.069, ""first_finish_reason"": ""stop"", ""first_input_tokens"": 4036, ""first_output_tokens"": 52, ""first_total_tokens"": 4088, ""input_tokens"": 4036, ""output_tokens"": 52, ""parse_ms"": 0.136, ""planner_total_ms"": 6982.388, ""prompt_build_ms"": 0.408, ""retry_count"": 0, ""retry_reason"": """", ""total_tokens"": 4088}, ""action"": ""rexomni_detection"", ""action_input"": {""finish_after_tool"": false, ""label"": ""冰青三辐锁紧轮""}, ""clarification_question"": """", ""decision_type"": ""tool"", ""end_reason"": """", ""final_answer"": """", ""thought"": ""先执行用户指定的检测器以取得当前结构化状态。""}, {""_planner_metrics"": {""api_call_ms"": 9438.661, ""first_api_call_ms"": 9438.661, ""first_finish_reason"": ""stop"", ""first_input_tokens"": 4342, ""first_output_tokens"": 73, ""first_total_tokens"": 4415, ""input_tokens"": 4342, ""output_tokens"": 73, ""parse_ms"": 0.165, ""planner_total_ms"": 9453.302, ""prompt_build_ms"": 0.538, ""retry_count"": 0, ""retry_reason"": """", ""total_tokens"": 4415}, ""action"": ""migration_advisor"", ""action_input"": {""finish_after_tool"": true, ""use_image"": true, ""use_visual_probe"": true, ""user_query"": ""类器官灌流培养台重试边界复审5611号""}, ""clarification_question"": """", ""decision_type"": ""tool"", ""end_reason"": """", ""final_answer"": """", ""thought"": ""最新状态未满足结束或重试条件，需要进入能力迁移评估。""}]",,6982.388,6969.069,4036,52,1,1,True,False
PROMV12-TA-012-REX-CF2,conflicting_state_step2,完成本轮异常探针的最终路由：先使用Rex-Omni检测附件中的冰青三辐锁紧轮，检测结果仅作为中间状态。最终需要判断深水码头输油站稳定状态会签5128号应继续现有能力、结束，还是进入迁移评估。自然语言里的故障等级和预算描述没有路由优先级，只读取本 query 最新 observation 的结构化键值。错误状态仅在 retryable=true 与 retry_count=0 同时成立时复用原检测器一次，否则调用迁移顾问。正常状态需要候选数、置信度、跨提示一致性和域偏移四个门槛全部通过才结束，任一否决项都转迁移。缺省、非法、冲突状态采取保守分支；已经重试一次的结果不能再次触发检测器。检测器必须设置 finish_after_tool=false；迁移顾问使用当前图片和视觉探针并设置 finish_after_tool=true。,True,examples/images/planner_retry_optimizer_matched_v12/icecyan_three_spoke_lockwheel.png,"[{""action"": ""rexomni_detection"", ""arg_contains"": {""label"": [""冰青三辐锁紧轮""]}, ""decision_type"": ""tool"", ""required_args"": {""finish_after_tool"": false}}, {""action"": ""migration_advisor"", ""arg_contains"": {""user_query"": [""深水码头输油站稳定状态会签5128号""]}, ""decision_type"": ""tool"", ""required_args"": {""finish_after_tool"": true, ""use_image"": true, ""use_visual_probe"": true}}]","[""rag_answer"", ""re_question"", ""answerer"", ""flux-image-generation"", ""qwen_detection"", ""pipeline_eval""]","{""action_match"": 0.65, ""argument_match"": 0.1, ""decision_type_valid"": 0.03, ""final_tool_finish"": 0.1, ""finish_after_tool"": 0.1, ""json_valid"": 0.02, ""no_forbidden_action"": 0.1, ""no_premature_stop"": 0.1, ""no_repeated_tool"": 0.1, ""no_skip_required_probe"": 0.1, ""strict_action_match"": true, ""strict_argument_types"": true, ""wrong_action_cap"": 0.2}",True,1.0,"[""rexomni_detection"", ""migration_advisor""]",rexomni_detection,"[{""_planner_metrics"": {""api_call_ms"": 6960.944, ""first_api_call_ms"": 6960.944, ""first_finish_reason"": ""stop"", ""first_input_tokens"": 4024, ""first_output_tokens"": 52, ""first_total_tokens"": 4076, ""input_tokens"": 4024, ""output_tokens"": 52, ""parse_ms"": 0.167, ""planner_total_ms"": 6975.395, ""prompt_build_ms"": 0.521, ""retry_count"": 0, ""retry_reason"": """", ""total_tokens"": 4076}, ""action"": ""rexomni_detection"", ""action_input"": {""finish_after_tool"": false, ""label"": ""冰青三辐锁紧轮""}, ""clarification_question"": """", ""decision_type"": ""tool"", ""end_reason"": """", ""final_answer"": """", ""thought"": ""先执行用户指定的检测器以取得当前结构化状态。""}, {""_planner_metrics"": {""api_call_ms"": 9405.985, ""first_api_call_ms"": 9405.985, ""first_finish_reason"": ""stop"", ""first_input_tokens"": 4329, ""first_output_tokens"": 73, ""first_total_tokens"": 4402, ""input_tokens"": 4329, ""output_tokens"": 73, ""parse_ms"": 0.17, ""planner_total_ms"": 9420.674, ""prompt_build_ms"": 0.473, ""retry_count"": 0, ""retry_reason"": """", ""total_tokens"": 4402}, ""action"": ""migration_advisor"", ""action_input"": {""finish_after_tool"": true, ""use_image"": true, ""use_visual_probe"": true, ""user_query"": ""深水码头输油站稳定状态会签5128号""}, ""clarification_question"": """", ""decision_type"": ""tool"", ""end_reason"": """", ""final_answer"": """", ""thought"": ""最新状态未满足结束或重试条件，需要进入能力迁移评估。""}]",,6975.395,6960.944,4024,52,1,1,True,False
PROMV12-TA-011-REX-NR2,nonretryable_step2,迁移队列已经建立，请先裁决最新机器状态：先使用Rex-Omni检测附件中的焦糖十字分流块，检测结果仅作为中间状态。最终需要判断非晶合金铸造炉稳定状态会签6874号应继续现有能力、结束，还是进入迁移评估。自然语言里的故障等级和预算描述没有路由优先级，只读取本 query 最新 observation 的结构化键值。错误状态仅在 retryable=true 与 retry_count=0 同时成立时复用原检测器一次，否则调用迁移顾问。正常状态需要候选数、置信度、跨提示一致性和域偏移四个门槛全部通过才结束，任一否决项都转迁移。缺省、非法、冲突状态采取保守分支；已经重试一次的结果不能再次触发检测器。检测器必须设置 finish_after_tool=false；迁移顾问使用当前图片和视觉探针并设置 finish_after_tool=true。,True,examples/images/planner_retry_optimizer_matched_v12/caramel_cross_diverter.png,"[{""action"": ""rexomni_detection"", ""arg_contains"": {""label"": [""焦糖十字分流块""]}, ""decision_type"": ""tool"", ""required_args"": {""finish_after_tool"": false}}, {""action"": ""migration_advisor"", ""arg_contains"": {""user_query"": [""非晶合金铸造炉稳定状态会签6874号""]}, ""decision_type"": ""tool"", ""required_args"": {""finish_after_tool"": true, ""use_image"": true, ""use_visual_probe"": true}}]","[""rag_answer"", ""re_question"", ""answerer"", ""flux-image-generation"", ""qwen_detection"", ""pipeline_eval""]","{""action_match"": 0.65, ""argument_match"": 0.1, ""decision_type_valid"": 0.03, ""final_tool_finish"": 0.1, ""finish_after_tool"": 0.1, ""json_valid"": 0.02, ""no_forbidden_action"": 0.1, ""no_premature_stop"": 0.1, ""no_repeated_tool"": 0.1, ""no_skip_required_probe"": 0.1, ""strict_action_match"": true, ""strict_argument_types"": true, ""wrong_action_cap"": 0.2}",True,1.0,"[""rexomni_detection"", ""migration_advisor""]",rexomni_detection,"[{""_planner_metrics"": {""api_call_ms"": 6605.007, ""first_api_call_ms"": 6605.007, ""first_finish_reason"": ""stop"", ""first_input_tokens"": 4025, ""first_output_tokens"": 49, ""first_total_tokens"": 4074, ""input_tokens"": 4025, ""output_tokens"": 49, ""parse_ms"": 0.139, ""planner_total_ms"": 6620.505, ""prompt_build_ms"": 0.431, ""retry_count"": 0, ""retry_reason"": """", ""total_tokens"": 4074}, ""action"": ""rexomni_detection"", ""action_input"": {""finish_after_tool"": false, ""label"": ""焦糖十字分流块""}, ""clarification_question"": """", ""decision_type"": ""tool"", ""end_reason"": """", ""final_answer"": """", ""thought"": ""先执行用户指定的检测器以取得当前结构化状态。""}, {""_planner_metrics"": {""api_call_ms"": 9388.459, ""first_api_call_ms"": 9388.459, ""first_finish_reason"": ""stop"", ""first_input_tokens"": 4325, ""first_output_tokens"": 73, ""first_total_tokens"": 4398, ""input_tokens"": 4325, ""output_tokens"": 73, ""parse_ms"": 0.166, ""planner_total_ms"": 9402.756, ""prompt_build_ms"": 0.515, ""retry_count"": 0, ""retry_reason"": """", ""total_tokens"": 4398}, ""action"": ""migration_advisor"", ""action_input"": {""finish_after_tool"": true, ""use_image"": true, ""use_visual_probe"": true, ""user_query"": ""非晶合金铸造炉稳定状态会签6874号""}, ""clarification_question"": """", ""decision_type"": ""tool"", ""end_reason"": """", ""final_answer"": """", ""thought"": ""最新状态未满足结束或重试条件，需要进入能力迁移评估。""}]",,6620.505,6605.007,4025,49,1,1,True,False
PROMV12-TA-006-REX-NR2,nonretryable_step2,设备失联只是背景，仍须核对当前显式额度：先使用Rex-Omni检测附件中的冰青三辐锁紧轮，检测结果仅作为中间状态。最终需要判断深水码头输油站异常路径终验1480号应继续现有能力、结束，还是进入迁移评估。自然语言里的故障等级和预算描述没有路由优先级，只读取本 query 最新 observation 的结构化键值。错误状态仅在 retryable=true 与 retry_count=0 同时成立时复用原检测器一次，否则调用迁移顾问。正常状态需要候选数、置信度、跨提示一致性和域偏移四个门槛全部通过才结束，任一否决项都转迁移。缺省、非法、冲突状态采取保守分支；已经重试一次的结果不能再次触发检测器。检测器必须设置 finish_after_tool=false；迁移顾问使用当前图片和视觉探针并设置 finish_after_tool=true。,True,examples/images/planner_retry_optimizer_matched_v12/icecyan_three_spoke_lockwheel.png,"[{""action"": ""rexomni_detection"", ""arg_contains"": {""label"": [""冰青三辐锁紧轮""]}, ""decision_type"": ""tool"", ""required_args"": {""finish_after_tool"": false}}, {""action"": ""migration_advisor"", ""arg_contains"": {""user_query"": [""深水码头输油站异常路径终验1480号""]}, ""decision_type"": ""tool"", ""required_args"": {""finish_after_tool"": true, ""use_image"": true, ""use_visual_probe"": true}}]","[""rag_answer"", ""re_question"", ""answerer"", ""flux-image-generation"", ""qwen_detection"", ""pipeline_eval""]","{""action_match"": 0.65, ""argument_match"": 0.1, ""decision_type_valid"": 0.03, ""final_tool_finish"": 0.1, ""finish_after_tool"": 0.1, ""json_valid"": 0.02, ""no_forbidden_action"": 0.1, ""no_premature_stop"": 0.1, ""no_repeated_tool"": 0.1, ""no_skip_required_probe"": 0.1, ""strict_action_match"": true, ""strict_argument_types"": true, ""wrong_action_cap"": 0.2}",True,1.0,"[""rexomni_detection"", ""migration_advisor""]",rexomni_detection,"[{""_planner_metrics"": {""api_call_ms"": 6920.22, ""first_api_call_ms"": 6920.22, ""first_finish_reason"": ""stop"", ""first_input_tokens"": 4036, ""first_output_tokens"": 52, ""first_total_tokens"": 4088, ""input_tokens"": 4036, ""output_tokens"": 52, ""parse_ms"": 0.134, ""planner_total_ms"": 6934.931, ""prompt_build_ms"": 0.421, ""retry_count"": 0, ""retry_reason"": """", ""total_tokens"": 4088}, ""action"": ""rexomni_detection"", ""action_input"": {""finish_after_tool"": false, ""label"": ""冰青三辐锁紧轮""}, ""clarification_question"": """", ""decision_type"": ""tool"", ""end_reason"": """", ""final_answer"": """", ""thought"": ""先执行用户指定的检测器以取得当前结构化状态。""}, {""_planner_metrics"": {""api_call_ms"": 9401.66, ""first_api_call_ms"": 9401.66, ""first_finish_reason"": ""stop"", ""first_input_tokens"": 4341, ""first_output_tokens"": 73, ""first_total_tokens"": 4414, ""input_tokens"": 4341, ""output_tokens"": 73, ""parse_ms"": 0.155, ""planner_total_ms"": 9415.425, ""prompt_build_ms"": 0.469, ""retry_count"": 0, ""retry_reason"": """", ""total_tokens"": 4414}, ""action"": ""migration_advisor"", ""action_input"": {""finish_after_tool"": true, ""use_image"": true, ""use_visual_probe"": true, ""user_query"": ""深水码头输油站异常路径终验1480号""}, ""clarification_question"": """", ""decision_type"": ""tool"", ""end_reason"": """", ""final_answer"": """", ""thought"": ""最新状态未满足结束或重试条件，需要进入能力迁移评估。""}]",,6934.931,6920.22,4036,52,1,1,True,False
PROMV12-TA-009-QWEN-MS2,missing_required_state_step2,设备失联只是背景，仍须核对当前显式额度：先使用Qwen检测附件中的焦糖十字分流块，检测结果仅作为中间状态。最终需要判断火星车悬架试验间稳定状态会签3100号应继续现有能力、结束，还是进入迁移评估。自然语言里的故障等级和预算描述没有路由优先级，只读取本 query 最新 observation 的结构化键值。错误状态仅在 retryable=true 与 retry_count=0 同时成立时复用原检测器一次，否则调用迁移顾问。正常状态需要候选数、置信度、跨提示一致性和域偏移四个门槛全部通过才结束，任一否决项都转迁移。缺省、非法、冲突状态采取保守分支；已经重试一次的结果不能再次触发检测器。检测器必须设置 finish_after_tool=false；迁移顾问使用当前图片和视觉探针并设置 finish_after_tool=true。,True,examples/images/planner_retry_optimizer_matched_v12/caramel_cross_diverter.png,"[{""action"": ""qwen_detection"", ""arg_contains"": {""label"": [""焦糖十字分流块""]}, ""decision_type"": ""tool"", ""required_args"": {""finish_after_tool"": false}}, {""action"": ""migration_advisor"", ""arg_contains"": {""user_query"": [""火星车悬架试验间稳定状态会签3100号""]}, ""decision_type"": ""tool"", ""required_args"": {""finish_after_tool"": true, ""use_image"": true, ""use_visual_probe"": true}}]","[""rag_answer"", ""re_question"", ""answerer"", ""flux-image-generation"", ""rexomni_detection"", ""pipeline_eval""]","{""action_match"": 0.65, ""argument_match"": 0.1, ""decision_type_valid"": 0.03, ""final_tool_finish"": 0.1, ""finish_after_tool"": 0.1, ""json_valid"": 0.02, ""no_forbidden_action"": 0.1, ""no_premature_stop"": 0.1, ""no_repeated_tool"": 0.1, ""no_skip_required_probe"": 0.1, ""strict_action_match"": true, ""strict_argument_types"": true, ""wrong_action_cap"": 0.2}",True,1.0,"[""qwen_detection"", ""migration_advisor""]",qwen_detection,"[{""_planner_metrics"": {""api_call_ms"": 6538.905, ""first_api_call_ms"": 6538.905, ""first_finish_reason"": ""stop"", ""first_input_tokens"": 4023, ""first_output_tokens"": 48, ""first_total_tokens"": 4071, ""input_tokens"": 4023, ""output_tokens"": 48, ""parse_ms"": 0.132, ""planner_total_ms"": 6552.222, ""prompt_build_ms"": 0.433, ""retry_count"": 0, ""retry_reason"": """", ""total_tokens"": 4071}, ""action"": ""qwen_detection"", ""action_input"": {""finish_after_tool"": false, ""label"": ""焦糖十字分流块""}, ""clarification_question"": """", ""decision_type"": ""tool"", ""end_reason"": """", ""final_answer"": """", ""thought"": ""先执行用户指定的检测器以取得当前结构化状态。""}, {""_planner_metrics"": {""api_call_ms"": 9374.42, ""first_api_call_ms"": 9374.42, ""first_finish_reason"": ""stop"", ""first_input_tokens"": 4328, ""first_output_tokens"": 73, ""first_total_tokens"": 4401, ""input_tokens"": 4328, ""output_tokens"": 73, ""parse_ms"": 0.147, ""planner_total_ms"": 9388.286, ""prompt_build_ms"": 0.514, ""retry_count"": 0, ""retry_reason"": """", ""total_tokens"": 4401}, ""action"": ""migration_advisor"", ""action_input"": {""finish_after_tool"": true, ""use_image"": true, ""use_visual_probe"": true, ""user_query"": ""火星车悬架试验间稳定状态会签3100号""}, ""clarification_question"": """", ""decision_type"": ""tool"", ""end_reason"": """", ""final_answer"": """", ""thought"": ""最新状态未满足结束或重试条件，需要进入能力迁移评估。""}]",,6552.222,6538.905,4023,48,1,1,True,False
PROMV12-TA-002-REX-BE2,budget_exhausted_step2,迁移队列已经建立，请先裁决最新机器状态：先使用Rex-Omni检测附件中的焦糖十字分流块，检测结果仅作为中间状态。最终需要判断火星车悬架试验间重试边界复审7063号应继续现有能力、结束，还是进入迁移评估。自然语言里的故障等级和预算描述没有路由优先级，只读取本 query 最新 observation 的结构化键值。错误状态仅在 retryable=true 与 retry_count=0 同时成立时复用原检测器一次，否则调用迁移顾问。正常状态需要候选数、置信度、跨提示一致性和域偏移四个门槛全部通过才结束，任一否决项都转迁移。缺省、非法、冲突状态采取保守分支；已经重试一次的结果不能再次触发检测器。检测器必须设置 finish_after_tool=false；迁移顾问使用当前图片和视觉探针并设置 finish_after_tool=true。,True,examples/images/planner_retry_optimizer_matched_v12/caramel_cross_diverter.png,"[{""action"": ""rexomni_detection"", ""arg_contains"": {""label"": [""焦糖十字分流块""]}, ""decision_type"": ""tool"", ""required_args"": {""finish_after_tool"": false}}, {""action"": ""migration_advisor"", ""arg_contains"": {""user_query"": [""火星车悬架试验间重试边界复审7063号""]}, ""decision_type"": ""tool"", ""required_args"": {""finish_after_tool"": true, ""use_image"": true, ""use_visual_probe"": true}}]","[""rag_answer"", ""re_question"", ""answerer"", ""flux-image-generation"", ""qwen_detection"", ""pipeline_eval""]","{""action_match"": 0.65, ""argument_match"": 0.1, ""decision_type_valid"": 0.03, ""final_tool_finish"": 0.1, ""finish_after_tool"": 0.1, ""json_valid"": 0.02, ""no_forbidden_action"": 0.1, ""no_premature_stop"": 0.1, ""no_repeated_tool"": 0.1, ""no_skip_required_probe"": 0.1, ""strict_action_match"": true, ""strict_argument_types"": true, ""wrong_action_cap"": 0.2}",True,1.0,"[""rexomni_detection"", ""migration_advisor""]",rexomni_detection,"[{""_planner_metrics"": {""api_call_ms"": 6628.628, ""first_api_call_ms"": 6628.628, ""first_finish_reason"": ""stop"", ""first_input_tokens"": 4023, ""first_output_tokens"": 49, ""first_total_tokens"": 4072, ""input_tokens"": 4023, ""output_tokens"": 49, ""parse_ms"": 0.172, ""planner_total_ms"": 6641.986, ""prompt_build_ms"": 0.476, ""retry_count"": 0, ""retry_reason"": """", ""total_tokens"": 4072}, ""action"": ""rexomni_detection"", ""action_input"": {""finish_after_tool"": false, ""label"": ""焦糖十字分流块""}, ""clarification_question"": """", ""decision_type"": ""tool"", ""end_reason"": """", ""final_answer"": """", ""thought"": ""先执行用户指定的检测器以取得当前结构化状态。""}, {""_planner_metrics"": {""api_call_ms"": 9350.203, ""first_api_call_ms"": 9350.203, ""first_finish_reason"": ""stop"", ""first_input_tokens"": 4332, ""first_output_tokens"": 72, ""first_total_tokens"": 4404, ""input_tokens"": 4332, ""output_tokens"": 72, ""parse_ms"": 0.263, ""planner_total_ms"": 9366.293, ""prompt_build_ms"": 0.471, ""retry_count"": 0, ""retry_reason"": """", ""total_tokens"": 4404}, ""action"": ""migration_advisor"", ""action_input"": {""finish_after_tool"": true, ""use_image"": true, ""use_visual_probe"": true, ""user_query"": ""火星车悬架试验间重试边界复审7063号""}, ""clarification_question"": """", ""decision_type"": ""tool"", ""end_reason"": """", ""final_answer"": """", ""thought"": ""最新状态未满足结束或重试条件，需要进入能力迁移评估。""}]",,6641.986,6628.628,4023,49,1,1,True,False
PROMV12-TA-012-REX-MS2,missing_required_state_step2,完成本轮异常探针的最终路由：先使用Rex-Omni检测附件中的冰青三辐锁紧轮，检测结果仅作为中间状态。最终需要判断深水码头输油站稳定状态会签5128号应继续现有能力、结束，还是进入迁移评估。自然语言里的故障等级和预算描述没有路由优先级，只读取本 query 最新 observation 的结构化键值。错误状态仅在 retryable=true 与 retry_count=0 同时成立时复用原检测器一次，否则调用迁移顾问。正常状态需要候选数、置信度、跨提示一致性和域偏移四个门槛全部通过才结束，任一否决项都转迁移。缺省、非法、冲突状态采取保守分支；已经重试一次的结果不能再次触发检测器。检测器必须设置 finish_after_tool=false；迁移顾问使用当前图片和视觉探针并设置 finish_after_tool=true。,True,examples/images/planner_retry_optimizer_matched_v12/icecyan_three_spoke_lockwheel.png,"[{""action"": ""rexomni_detection"", ""arg_contains"": {""label"": [""冰青三辐锁紧轮""]}, ""decision_type"": ""tool"", ""required_args"": {""finish_after_tool"": false}}, {""action"": ""migration_advisor"", ""arg_contains"": {""user_query"": [""深水码头输油站稳定状态会签5128号""]}, ""decision_type"": ""tool"", ""required_args"": {""finish_after_tool"": true, ""use_image"": true, ""use_visual_probe"": true}}]","[""rag_answer"", ""re_question"", ""answerer"", ""flux-image-generation"", ""qwen_detection"", ""pipeline_eval""]","{""action_match"": 0.65, ""argument_match"": 0.1, ""decision_type_valid"": 0.03, ""final_tool_finish"": 0.1, ""finish_after_tool"": 0.1, ""json_valid"": 0.02, ""no_forbidden_action"": 0.1, ""no_premature_stop"": 0.1, ""no_repeated_tool"": 0.1, ""no_skip_required_probe"": 0.1, ""strict_action_match"": true, ""strict_argument_types"": true, ""wrong_action_cap"": 0.2}",False,0.586957,"[""rexomni_detection"", ""rexomni_detection""]",rexomni_detection,"[{""_planner_metrics"": {""api_call_ms"": 7021.263, ""first_api_call_ms"": 7021.263, ""first_finish_reason"": ""stop"", ""first_input_tokens"": 4024, ""first_output_tokens"": 52, ""first_total_tokens"": 4076, ""input_tokens"": 4024, ""output_tokens"": 52, ""parse_ms"": 0.167, ""planner_total_ms"": 7035.835, ""prompt_build_ms"": 0.463, ""retry_count"": 0, ""retry_reason"": """", ""total_tokens"": 4076}, ""action"": ""rexomni_detection"", ""action_input"": {""finish_after_tool"": false, ""label"": ""冰青三辐锁紧轮""}, ""clarification_question"": """", ""decision_type"": ""tool"", ""end_reason"": """", ""final_answer"": """", ""thought"": ""先执行用户指定的检测器以取得当前结构化状态。""}, {""_planner_metrics"": {""api_call_ms"": 7231.138, ""first_api_call_ms"": 7231.138, ""first_finish_reason"": ""stop"", ""first_input_tokens"": 4333, ""first_output_tokens"": 52, ""first_total_tokens"": 4385, ""input_tokens"": 4333, ""output_tokens"": 52, ""parse_ms"": 0.168, ""planner_total_ms"": 7248.447, ""prompt_build_ms"": 0.518, ""retry_count"": 0, ""retry_reason"": """", ""total_tokens"": 4385}, ""action"": ""rexomni_detection"", ""action_input"": {""finish_after_tool"": false, ""label"": ""冰青三辐锁紧轮""}, ""clarification_question"": """", ""decision_type"": ""tool"", ""end_reason"": """", ""final_answer"": """", ""thought"": ""先执行用户指定的检测器以取得当前结构化状态。""}]","step2:action expected 'migration_advisor', got 'rexomni_detection' | step2:finish_after_tool expected True, got False | step2:arg 'use_image' expected True, got None | step2:arg 'use_visual_probe' expected True, got None | step2:arg 'user_query' expected to contain ['深水码头输油站稳定状态会签5128号'], got None",7035.835,7021.263,4024,52,0,1,False,True
PROMV12-TA-009-REX-CF2,conflicting_state_step2,设备失联只是背景，仍须核对当前显式额度：先使用Rex-Omni检测附件中的焦糖十字分流块，检测结果仅作为中间状态。最终需要判断火星车悬架试验间稳定状态会签3100号应继续现有能力、结束，还是进入迁移评估。自然语言里的故障等级和预算描述没有路由优先级，只读取本 query 最新 observation 的结构化键值。错误状态仅在 retryable=true 与 retry_count=0 同时成立时复用原检测器一次，否则调用迁移顾问。正常状态需要候选数、置信度、跨提示一致性和域偏移四个门槛全部通过才结束，任一否决项都转迁移。缺省、非法、冲突状态采取保守分支；已经重试一次的结果不能再次触发检测器。检测器必须设置 finish_after_tool=false；迁移顾问使用当前图片和视觉探针并设置 finish_after_tool=true。,True,examples/images/planner_retry_optimizer_matched_v12/caramel_cross_diverter.png,"[{""action"": ""rexomni_detection"", ""arg_contains"": {""label"": [""焦糖十字分流块""]}, ""decision_type"": ""tool"", ""required_args"": {""finish_after_tool"": false}}, {""action"": ""migration_advisor"", ""arg_contains"": {""user_query"": [""火星车悬架试验间稳定状态会签3100号""]}, ""decision_type"": ""tool"", ""required_args"": {""finish_after_tool"": true, ""use_image"": true, ""use_visual_probe"": true}}]","[""rag_answer"", ""re_question"", ""answerer"", ""flux-image-generation"", ""qwen_detection"", ""pipeline_eval""]","{""action_match"": 0.65, ""argument_match"": 0.1, ""decision_type_valid"": 0.03, ""final_tool_finish"": 0.1, ""finish_after_tool"": 0.1, ""json_valid"": 0.02, ""no_forbidden_action"": 0.1, ""no_premature_stop"": 0.1, ""no_repeated_tool"": 0.1, ""no_skip_required_probe"": 0.1, ""strict_action_match"": true, ""strict_argument_types"": true, ""wrong_action_cap"": 0.2}",True,1.0,"[""rexomni_detection"", ""migration_advisor""]",rexomni_detection,"[{""_planner_metrics"": {""api_call_ms"": 6736.578, ""first_api_call_ms"": 6736.578, ""first_finish_reason"": ""stop"", ""first_input_tokens"": 4029, ""first_output_tokens"": 49, ""first_total_tokens"": 4078, ""input_tokens"": 4029, ""output_tokens"": 49, ""parse_ms"": 0.179, ""planner_total_ms"": 6750.45, ""prompt_build_ms"": 0.521, ""retry_count"": 0, ""retry_reason"": """", ""total_tokens"": 4078}, ""action"": ""rexomni_detection"", ""action_input"": {""finish_after_tool"": false, ""label"": ""焦糖十字分流块""}, ""clarification_question"": """", ""decision_type"": ""tool"", ""end_reason"": """", ""final_answer"": """", ""thought"": ""先执行用户指定的检测器以取得当前结构化状态。""}, {""_planner_metrics"": {""api_call_ms"": 9528.407, ""first_api_call_ms"": 9528.407, ""first_finish_reason"": ""stop"", ""first_input_tokens"": 4330, ""first_output_tokens"": 73, ""first_total_tokens"": 4403, ""input_tokens"": 4330, ""output_tokens"": 73, ""parse_ms"": 0.146, ""planner_total_ms"": 9543.226, ""prompt_build_ms"": 0.433, ""retry_count"": 0, ""retry_reason"": """", ""total_tokens"": 4403}, ""action"": ""migration_advisor"", ""action_input"": {""finish_after_tool"": true, ""use_image"": true, ""use_visual_probe"": true, ""user_query"": ""火星车悬架试验间稳定状态会签3100号""}, ""clarification_question"": """", ""decision_type"": ""tool"", ""end_reason"": """", ""final_answer"": """", ""thought"": ""最新状态未满足结束或重试条件，需要进入能力迁移评估。""}]",,6750.45,6736.578,4029,49,1,1,True,False
PROMV12-TA-003-REX-CS2,current_success_step2,旧故障结论不得覆盖最后一条结构化回执：先使用Rex-Omni检测附件中的冰青三辐锁紧轮，检测结果仅作为中间状态。最终需要判断深水码头输油站重试边界复审2398号应继续现有能力、结束，还是进入迁移评估。自然语言里的故障等级和预算描述没有路由优先级，只读取本 query 最新 observation 的结构化键值。错误状态仅在 retryable=true 与 retry_count=0 同时成立时复用原检测器一次，否则调用迁移顾问。正常状态需要候选数、置信度、跨提示一致性和域偏移四个门槛全部通过才结束，任一否决项都转迁移。缺省、非法、冲突状态采取保守分支；已经重试一次的结果不能再次触发检测器。检测器必须设置 finish_after_tool=false；迁移顾问使用当前图片和视觉探针并设置 finish_after_tool=true。,True,examples/images/planner_retry_optimizer_matched_v12/icecyan_three_spoke_lockwheel.png,"[{""action"": ""rexomni_detection"", ""arg_contains"": {""label"": [""冰青三辐锁紧轮""]}, ""decision_type"": ""tool"", ""required_args"": {""finish_after_tool"": false}}, {""arg_contains"": {}, ""decision_type"": ""end"", ""required_args"": {""end_reason"": ""memory_hit""}}]","[""rag_answer"", ""re_question"", ""answerer"", ""flux-image-generation"", ""qwen_detection"", ""pipeline_eval"", ""migration_advisor""]","{""action_match"": 0.65, ""argument_match"": 0.1, ""decision_type_valid"": 0.03, ""final_tool_finish"": 0.1, ""finish_after_tool"": 0.1, ""json_valid"": 0.02, ""no_forbidden_action"": 0.1, ""no_premature_stop"": 0.1, ""no_repeated_tool"": 0.1, ""no_skip_required_probe"": 0.1, ""strict_action_match"": true, ""strict_argument_types"": true, ""wrong_action_cap"": 0.2}",True,1.0,"[""rexomni_detection"", ""final_answer""]",rexomni_detection,"[{""_planner_metrics"": {""api_call_ms"": 7015.808, ""first_api_call_ms"": 7015.808, ""first_finish_reason"": ""stop"", ""first_input_tokens"": 4025, ""first_output_tokens"": 52, ""first_total_tokens"": 4077, ""input_tokens"": 4025, ""output_tokens"": 52, ""parse_ms"": 0.134, ""planner_total_ms"": 7029.765, ""prompt_build_ms"": 0.445, ""retry_count"": 0, ""retry_reason"": """", ""total_tokens"": 4077}, ""action"": ""rexomni_detection"", ""action_input"": {""finish_after_tool"": false, ""label"": ""冰青三辐锁紧轮""}, ""clarification_question"": """", ""decision_type"": ""tool"", ""end_reason"": """", ""final_answer"": """", ""thought"": ""先执行用户指定的检测器以取得当前结构化状态。""}, {""_planner_metrics"": {""api_call_ms"": 5242.182, ""first_api_call_ms"": 5242.182, ""first_finish_reason"": ""stop"", ""first_input_tokens"": 4329, ""first_output_tokens"": 34, ""first_total_tokens"": 4363, ""input_tokens"": 4329, ""output_tokens"": 34, ""parse_ms"": 0.12, ""planner_total_ms"": 5256.913, ""prompt_build_ms"": 0.504, ""retry_count"": 0, ""retry_reason"": """", ""total_tokens"": 4363}, ""action"": ""final_answer"", ""action_input"": {}, ""clarification_question"": """", ""decision_type"": ""end"", ""end_reason"": ""memory_hit"", ""final_answer"": """", ""thought"": ""最新结构化状态已满足全部硬规则，可以结束本轮规划。""}]",,7029.765,7015.808,4025,52,1,1,True,False
PROMV12-TA-008-QWEN-CS2,current_success_step2,完成本轮异常探针的最终路由：先使用Qwen检测附件中的焦糖十字分流块，检测结果仅作为中间状态。最终需要判断非晶合金铸造炉异常路径终验9752号应继续现有能力、结束，还是进入迁移评估。自然语言里的故障等级和预算描述没有路由优先级，只读取本 query 最新 observation 的结构化键值。错误状态仅在 retryable=true 与 retry_count=0 同时成立时复用原检测器一次，否则调用迁移顾问。正常状态需要候选数、置信度、跨提示一致性和域偏移四个门槛全部通过才结束，任一否决项都转迁移。缺省、非法、冲突状态采取保守分支；已经重试一次的结果不能再次触发检测器。检测器必须设置 finish_after_tool=false；迁移顾问使用当前图片和视觉探针并设置 finish_after_tool=true。,True,examples/images/planner_retry_optimizer_matched_v12/caramel_cross_diverter.png,"[{""action"": ""qwen_detection"", ""arg_contains"": {""label"": [""焦糖十字分流块""]}, ""decision_type"": ""tool"", ""required_args"": {""finish_after_tool"": false}}, {""arg_contains"": {}, ""decision_type"": ""end"", ""required_args"": {""end_reason"": ""memory_hit""}}]","[""rag_answer"", ""re_question"", ""answerer"", ""flux-image-generation"", ""rexomni_detection"", ""pipeline_eval"", ""migration_advisor""]","{""action_match"": 0.65, ""argument_match"": 0.1, ""decision_type_valid"": 0.03, ""final_tool_finish"": 0.1, ""finish_after_tool"": 0.1, ""json_valid"": 0.02, ""no_forbidden_action"": 0.1, ""no_premature_stop"": 0.1, ""no_repeated_tool"": 0.1, ""no_skip_required_probe"": 0.1, ""strict_action_match"": true, ""strict_argument_types"": true, ""wrong_action_cap"": 0.2}",False,0.617391,"[""qwen_detection"", ""migration_advisor""]",qwen_detection,"[{""_planner_metrics"": {""api_call_ms"": 6564.725, ""first_api_call_ms"": 6564.725, ""first_finish_reason"": ""stop"", ""first_input_tokens"": 4008, ""first_output_tokens"": 48, ""first_total_tokens"": 4056, ""input_tokens"": 4008, ""output_tokens"": 48, ""parse_ms"": 0.147, ""planner_total_ms"": 6578.178, ""prompt_build_ms"": 0.451, ""retry_count"": 0, ""retry_reason"": """", ""total_tokens"": 4056}, ""action"": ""qwen_detection"", ""action_input"": {""finish_after_tool"": false, ""label"": ""焦糖十字分流块""}, ""clarification_question"": """", ""decision_type"": ""tool"", ""end_reason"": """", ""final_answer"": """", ""thought"": ""先执行用户指定的检测器以取得当前结构化状态。""}, {""_planner_metrics"": {""api_call_ms"": 9404.355, ""first_api_call_ms"": 9404.355, ""first_finish_reason"": ""stop"", ""first_input_tokens"": 4312, ""first_output_tokens"": 73, ""first_total_tokens"": 4385, ""input_tokens"": 4312, ""output_tokens"": 73, ""parse_ms"": 0.162, ""planner_total_ms"": 9419.209, ""prompt_build_ms"": 0.477, ""retry_count"": 0, ""retry_reason"": """", ""total_tokens"": 4385}, ""action"": ""migration_advisor"", ""action_input"": {""finish_after_tool"": true, ""use_image"": true, ""use_visual_probe"": true, ""user_query"": ""非晶合金铸造炉异常路径终验9752号""}, ""clarification_question"": """", ""decision_type"": ""tool"", ""end_reason"": """", ""final_answer"": """", ""thought"": ""最新状态未满足结束或重试条件，需要进入能力迁移评估。""}]","step2:decision_type expected 'end', got 'tool' | step2:action expected 'end', got 'migration_advisor' | step2:arg 'end_reason' expected 'memory_hit', got '' | forbidden:migration_advisor",6578.178,6564.725,4008,48,0,1,False,True
PROMV12-TA-011-REX-CS2,current_success_step2,迁移队列已经建立，请先裁决最新机器状态：先使用Rex-Omni检测附件中的焦糖十字分流块，检测结果仅作为中间状态。最终需要判断非晶合金铸造炉稳定状态会签6874号应继续现有能力、结束，还是进入迁移评估。自然语言里的故障等级和预算描述没有路由优先级，只读取本 query 最新 observation 的结构化键值。错误状态仅在 retryable=true 与 retry_count=0 同时成立时复用原检测器一次，否则调用迁移顾问。正常状态需要候选数、置信度、跨提示一致性和域偏移四个门槛全部通过才结束，任一否决项都转迁移。缺省、非法、冲突状态采取保守分支；已经重试一次的结果不能再次触发检测器。检测器必须设置 finish_after_tool=false；迁移顾问使用当前图片和视觉探针并设置 finish_after_tool=true。,True,examples/images/planner_retry_optimizer_matched_v12/caramel_cross_diverter.png,"[{""action"": ""rexomni_detection"", ""arg_contains"": {""label"": [""焦糖十字分流块""]}, ""decision_type"": ""tool"", ""required_args"": {""finish_after_tool"": false}}, {""arg_contains"": {}, ""decision_type"": ""end"", ""required_args"": {""end_reason"": ""memory_hit""}}]","[""rag_answer"", ""re_question"", ""answerer"", ""flux-image-generation"", ""qwen_detection"", ""pipeline_eval"", ""migration_advisor""]","{""action_match"": 0.65, ""argument_match"": 0.1, ""decision_type_valid"": 0.03, ""final_tool_finish"": 0.1, ""finish_after_tool"": 0.1, ""json_valid"": 0.02, ""no_forbidden_action"": 0.1, ""no_premature_stop"": 0.1, ""no_repeated_tool"": 0.1, ""no_skip_required_probe"": 0.1, ""strict_action_match"": true, ""strict_argument_types"": true, ""wrong_action_cap"": 0.2}",True,1.0,"[""rexomni_detection"", ""final_answer""]",rexomni_detection,"[{""_planner_metrics"": {""api_call_ms"": 6661.384, ""first_api_call_ms"": 6661.384, ""first_finish_reason"": ""stop"", ""first_input_tokens"": 4022, ""first_output_tokens"": 49, ""first_total_tokens"": 4071, ""input_tokens"": 4022, ""output_tokens"": 49, ""parse_ms"": 0.146, ""planner_total_ms"": 6675.204, ""prompt_build_ms"": 0.422, ""retry_count"": 0, ""retry_reason"": """", ""total_tokens"": 4071}, ""action"": ""rexomni_detection"", ""action_input"": {""finish_after_tool"": false, ""label"": ""焦糖十字分流块""}, ""clarification_question"": """", ""decision_type"": ""tool"", ""end_reason"": """", ""final_answer"": """", ""thought"": ""先执行用户指定的检测器以取得当前结构化状态。""}, {""_planner_metrics"": {""api_call_ms"": 5083.731, ""first_api_call_ms"": 5083.731, ""first_finish_reason"": ""stop"", ""first_input_tokens"": 4325, ""first_output_tokens"": 33, ""first_total_tokens"": 4358, ""input_tokens"": 4325, ""output_tokens"": 33, ""parse_ms"": 0.13, ""planner_total_ms"": 5098.055, ""prompt_build_ms"": 0.511, ""retry_count"": 0, ""retry_reason"": """", ""total_tokens"": 4358}, ""action"": ""final_answer"", ""action_input"": {}, ""clarification_question"": """", ""decision_type"": ""end"", ""end_reason"": ""memory_hit"", ""final_answer"": """", ""thought"": ""最新状态已满足全部正常门槛，可以结束本轮规划。""}]",,6675.204,6661.384,4022,49,1,1,True,False
PROMV12-TA-012-REX-FR2,fresh_retry_step2,完成本轮异常探针的最终路由：先使用Rex-Omni检测附件中的冰青三辐锁紧轮，检测结果仅作为中间状态。最终需要判断深水码头输油站稳定状态会签5128号应继续现有能力、结束，还是进入迁移评估。自然语言里的故障等级和预算描述没有路由优先级，只读取本 query 最新 observation 的结构化键值。错误状态仅在 retryable=true 与 retry_count=0 同时成立时复用原检测器一次，否则调用迁移顾问。正常状态需要候选数、置信度、跨提示一致性和域偏移四个门槛全部通过才结束，任一否决项都转迁移。缺省、非法、冲突状态采取保守分支；已经重试一次的结果不能再次触发检测器。检测器必须设置 finish_after_tool=false；迁移顾问使用当前图片和视觉探针并设置 finish_after_tool=true。,True,examples/images/planner_retry_optimizer_matched_v12/icecyan_three_spoke_lockwheel.png,"[{""action"": ""rexomni_detection"", ""arg_contains"": {""label"": [""冰青三辐锁紧轮""]}, ""decision_type"": ""tool"", ""required_args"": {""finish_after_tool"": false}}, {""action"": ""rexomni_detection"", ""arg_contains"": {""label"": [""冰青三辐锁紧轮""]}, ""decision_type"": ""tool"", ""required_args"": {""finish_after_tool"": false}}, {""arg_contains"": {}, ""decision_type"": ""end"", ""required_args"": {""end_reason"": ""memory_hit""}}]","[""rag_answer"", ""re_question"", ""answerer"", ""flux-image-generation"", ""qwen_detection"", ""pipeline_eval"", ""migration_advisor""]","{""action_match"": 0.65, ""argument_match"": 0.1, ""decision_type_valid"": 0.03, ""final_tool_finish"": 0.1, ""finish_after_tool"": 0.1, ""json_valid"": 0.02, ""no_forbidden_action"": 0.1, ""no_premature_stop"": 0.1, ""no_repeated_tool"": 0.1, ""no_skip_required_probe"": 0.1, ""strict_action_match"": true, ""strict_argument_types"": true, ""wrong_action_cap"": 0.2}",False,0.725,"[""rexomni_detection"", ""rexomni_detection"", ""migration_advisor""]",rexomni_detection,"[{""_planner_metrics"": {""api_call_ms"": 6929.018, ""first_api_call_ms"": 6929.018, ""first_finish_reason"": ""stop"", ""first_input_tokens"": 4024, ""first_output_tokens"": 52, ""first_total_tokens"": 4076, ""input_tokens"": 4024, ""output_tokens"": 52, ""parse_ms"": 0.244, ""planner_total_ms"": 6942.686, ""prompt_build_ms"": 0.416, ""retry_count"": 0, ""retry_reason"": """", ""total_tokens"": 4076}, ""action"": ""rexomni_detection"", ""action_input"": {""finish_after_tool"": false, ""label"": ""冰青三辐锁紧轮""}, ""clarification_question"": """", ""decision_type"": ""tool"", ""end_reason"": """", ""final_answer"": """", ""thought"": ""先执行用户指定的检测器以取得当前结构化状态。""}, {""_planner_metrics"": {""api_call_ms"": 7315.693, ""first_api_call_ms"": 7315.693, ""first_finish_reason"": ""stop"", ""first_input_tokens"": 4337, ""first_output_tokens"": 54, ""first_total_tokens"": 4391, ""input_tokens"": 4337, ""output_tokens"": 54, ""parse_ms"": 0.208, ""planner_total_ms"": 7330.743, ""prompt_build_ms"": 0.543, ""retry_count"": 0, ""retry_reason"": """", ""total_tokens"": 4391}, ""action"": ""rexomni_detection"", ""action_input"": {""finish_after_tool"": false, ""label"": ""冰青三辐锁紧轮""}, ""clarification_question"": """", ""decision_type"": ""tool"", ""end_reason"": """", ""final_answer"": """", ""thought"": ""最新状态满足错误重试条件，需要再次使用同一检测器。""}, {""_planner_metrics"": {""api_call_ms"": 9511.26, ""first_api_call_ms"": 9511.26, ""first_finish_reason"": ""stop"", ""first_input_tokens"": 4648, ""first_output_tokens"": 73, ""first_total_tokens"": 4721, ""input_tokens"": 4648, ""output_tokens"": 73, ""parse_ms"": 0.15, ""planner_total_ms"": 9528.522, ""prompt_build_ms"": 0.489, ""retry_count"": 0, ""retry_reason"": """", ""total_tokens"": 4721}, ""action"": ""migration_advisor"", ""action_input"": {""finish_after_tool"": true, ""use_image"": true, ""use_visual_probe"": true, ""user_query"": ""深水码头输油站稳定状态会签5128号""}, ""clarification_question"": """", ""decision_type"": ""tool"", ""end_reason"": """", ""final_answer"": """", ""thought"": ""最新状态未满足结束或迁移条件，需要继续按规则推进。""}]","step3:decision_type expected 'end', got 'tool' | step3:action expected 'end', got 'migration_advisor' | step3:arg 'end_reason' expected 'memory_hit', got '' | forbidden:migration_advisor",6942.686,6929.018,4024,52,0,1,False,True
PROMV12-TA-001-QWEN-MS2,missing_required_state_step2,旧故障结论不得覆盖最后一条结构化回执：先使用Qwen检测附件中的冰青三辐锁紧轮，检测结果仅作为中间状态。最终需要判断火星车悬架试验间异常路径终验7873号应继续现有能力、结束，还是进入迁移评估。自然语言里的故障等级和预算描述没有路由优先级，只读取本 query 最新 observation 的结构化键值。错误状态仅在 retryable=true 与 retry_count=0 同时成立时复用原检测器一次，否则调用迁移顾问。正常状态需要候选数、置信度、跨提示一致性和域偏移四个门槛全部通过才结束，任一否决项都转迁移。缺省、非法、冲突状态采取保守分支；已经重试一次的结果不能再次触发检测器。检测器必须设置 finish_after_tool=false；迁移顾问使用当前图片和视觉探针并设置 finish_after_tool=true。,True,examples/images/planner_retry_optimizer_matched_v12/icecyan_three_spoke_lockwheel.png,"[{""action"": ""qwen_detection"", ""arg_contains"": {""label"": [""冰青三辐锁紧轮""]}, ""decision_type"": ""tool"", ""required_args"": {""finish_after_tool"": false}}, {""action"": ""migration_advisor"", ""arg_contains"": {""user_query"": [""火星车悬架试验间异常路径终验7873号""]}, ""decision_type"": ""tool"", ""required_args"": {""finish_after_tool"": true, ""use_image"": true, ""use_visual_probe"": true}}]","[""rag_answer"", ""re_question"", ""answerer"", ""flux-image-generation"", ""rexomni_detection"", ""pipeline_eval""]","{""action_match"": 0.65, ""argument_match"": 0.1, ""decision_type_valid"": 0.03, ""final_tool_finish"": 0.1, ""finish_after_tool"": 0.1, ""json_valid"": 0.02, ""no_forbidden_action"": 0.1, ""no_premature_stop"": 0.1, ""no_repeated_tool"": 0.1, ""no_skip_required_probe"": 0.1, ""strict_action_match"": true, ""strict_argument_types"": true, ""wrong_action_cap"": 0.2}",False,0.586957,"[""qwen_detection"", ""qwen_detection""]",qwen_detection,"[{""_planner_metrics"": {""api_call_ms"": 6806.001, ""first_api_call_ms"": 6806.001, ""first_finish_reason"": ""stop"", ""first_input_tokens"": 4024, ""first_output_tokens"": 51, ""first_total_tokens"": 4075, ""input_tokens"": 4024, ""output_tokens"": 51, ""parse_ms"": 0.144, ""planner_total_ms"": 6819.613, ""prompt_build_ms"": 0.395, ""retry_count"": 0, ""retry_reason"": """", ""total_tokens"": 4075}, ""action"": ""qwen_detection"", ""action_input"": {""finish_after_tool"": false, ""label"": ""冰青三辐锁紧轮""}, ""clarification_question"": """", ""decision_type"": ""tool"", ""end_reason"": """", ""final_answer"": """", ""thought"": ""先执行用户指定的检测器以取得当前结构化状态。""}, {""_planner_metrics"": {""api_call_ms"": 7274.97, ""first_api_call_ms"": 7274.97, ""first_finish_reason"": ""stop"", ""first_input_tokens"": 4328, ""first_output_tokens"": 54, ""first_total_tokens"": 4382, ""input_tokens"": 4328, ""output_tokens"": 54, ""parse_ms"": 0.146, ""planner_total_ms"": 7289.708, ""prompt_build_ms"": 0.49, ""retry_count"": 0, ""retry_reason"": """", ""total_tokens"": 4382}, ""action"": ""qwen_detection"", ""action_input"": {""finish_after_tool"": false, ""label"": ""冰青三辐锁紧轮""}, ""clarification_question"": """", ""decision_type"": ""tool"", ""end_reason"": """", ""final_answer"": """", ""thought"": ""最新状态未满足结束或迁移条件，需要继续按规则推进。""}]","step2:action expected 'migration_advisor', got 'qwen_detection' | step2:finish_after_tool expected True, got False | step2:arg 'use_image' expected True, got None | step2:arg 'use_visual_probe' expected True, got None | step2:arg 'user_query' expected to contain ['火星车悬架试验间异常路径终验7873号'], got None",6819.613,6806.001,4024,51,0,1,False,True
PROMV12-TA-012-QWEN-PS3,post_retry_success_step3,完成本轮异常探针的最终路由：先使用Qwen检测附件中的冰青三辐锁紧轮，检测结果仅作为中间状态。最终需要判断深水码头输油站稳定状态会签5128号应继续现有能力、结束，还是进入迁移评估。自然语言里的故障等级和预算描述没有路由优先级，只读取本 query 最新 observation 的结构化键值。错误状态仅在 retryable=true 与 retry_count=0 同时成立时复用原检测器一次，否则调用迁移顾问。正常状态需要候选数、置信度、跨提示一致性和域偏移四个门槛全部通过才结束，任一否决项都转迁移。缺省、非法、冲突状态采取保守分支；已经重试一次的结果不能再次触发检测器。检测器必须设置 finish_after_tool=false；迁移顾问使用当前图片和视觉探针并设置 finish_after_tool=true。,True,examples/images/planner_retry_optimizer_matched_v12/icecyan_three_spoke_lockwheel.png,"[{""action"": ""qwen_detection"", ""arg_contains"": {""label"": [""冰青三辐锁紧轮""]}, ""decision_type"": ""tool"", ""required_args"": {""finish_after_tool"": false}}, {""action"": ""qwen_detection"", ""arg_contains"": {""label"": [""冰青三辐锁紧轮""]}, ""decision_type"": ""tool"", ""required_args"": {""finish_after_tool"": false}}, {""arg_contains"": {}, ""decision_type"": ""end"", ""required_args"": {""end_reason"": ""memory_hit""}}]","[""rag_answer"", ""re_question"", ""answerer"", ""flux-image-generation"", ""rexomni_detection"", ""pipeline_eval"", ""migration_advisor""]","{""action_match"": 0.65, ""argument_match"": 0.1, ""decision_type_valid"": 0.03, ""final_tool_finish"": 0.1, ""finish_after_tool"": 0.1, ""json_valid"": 0.02, ""no_forbidden_action"": 0.1, ""no_premature_stop"": 0.1, ""no_repeated_tool"": 0.1, ""no_skip_required_probe"": 0.1, ""strict_action_match"": true, ""strict_argument_types"": true, ""wrong_action_cap"": 0.2}",False,0.428125,"[""qwen_detection"", ""migration_advisor"", ""migration_advisor""]",qwen_detection,"[{""_planner_metrics"": {""api_call_ms"": 6861.904, ""first_api_call_ms"": 6861.904, ""first_finish_reason"": ""stop"", ""first_input_tokens"": 4018, ""first_output_tokens"": 51, ""first_total_tokens"": 4069, ""input_tokens"": 4018, ""output_tokens"": 51, ""parse_ms"": 0.146, ""planner_total_ms"": 6875.126, ""prompt_build_ms"": 0.419, ""retry_count"": 0, ""retry_reason"": """", ""total_tokens"": 4069}, ""action"": ""qwen_detection"", ""action_input"": {""finish_after_tool"": false, ""label"": ""冰青三辐锁紧轮""}, ""clarification_question"": """", ""decision_type"": ""tool"", ""end_reason"": """", ""final_answer"": """", ""thought"": ""先执行用户指定的检测器以取得当前结构化状态。""}, {""_planner_metrics"": {""api_call_ms"": 9268.395, ""first_api_call_ms"": 9268.395, ""first_finish_reason"": ""stop"", ""first_input_tokens"": 4327, ""first_output_tokens"": 73, ""first_total_tokens"": 4400, ""input_tokens"": 4327, ""output_tokens"": 73, ""parse_ms"": 0.151, ""planner_total_ms"": 9282.88, ""prompt_build_ms"": 0.472, ""retry_count"": 0, ""retry_reason"": """", ""total_tokens"": 4400}, ""action"": ""migration_advisor"", ""action_input"": {""finish_after_tool"": true, ""use_image"": true, ""use_visual_probe"": true, ""user_query"": ""深水码头输油站稳定状态会签5128号""}, ""clarification_question"": """", ""decision_type"": ""tool"", ""end_reason"": """", ""final_answer"": """", ""thought"": ""最新状态未满足结束或重试条件，需要进入能力迁移评估。""}, {""_planner_metrics"": {""api_call_ms"": 9274.518, ""first_api_call_ms"": 9274.518, ""first_finish_reason"": ""stop"", ""first_input_tokens"": 4660, ""first_output_tokens"": 73, ""first_total_tokens"": 4733, ""input_tokens"": 4660, ""output_tokens"": 73, ""parse_ms"": 0.134, ""planner_total_ms"": 9289.666, ""prompt_build_ms"": 0.445, ""retry_count"": 0, ""retry_reason"": """", ""total_tokens"": 4733}, ""action"": ""migration_advisor"", ""action_input"": {""finish_after_tool"": true, ""use_image"": true, ""use_visual_probe"": true, ""user_query"": ""深水码头输油站稳定状态会签5128号""}, ""clarification_question"": """", ""decision_type"": ""tool"", ""end_reason"": """", ""final_answer"": """", ""thought"": ""最新状态未满足结束或重试条件，需要进入能力迁移评估。""}]","step2:action expected 'qwen_detection', got 'migration_advisor' | step2:finish_after_tool expected False, got True | step2:arg 'label' expected to contain ['冰青三辐锁紧轮'], got None | step3:decision_type expected 'end', got 'tool' | step3:action expected 'end', got 'migration_advisor' | step3:arg 'end_reason' expected 'memory_hit', got '' | forbidden:migration_advisor | forbidden:migration_advisor",6875.126,6861.904,4018,51,0,1,False,True
PROMV12-TA-009-QWEN-BE2,budget_exhausted_step2,设备失联只是背景，仍须核对当前显式额度：先使用Qwen检测附件中的焦糖十字分流块，检测结果仅作为中间状态。最终需要判断火星车悬架试验间稳定状态会签3100号应继续现有能力、结束，还是进入迁移评估。自然语言里的故障等级和预算描述没有路由优先级，只读取本 query 最新 observation 的结构化键值。错误状态仅在 retryable=true 与 retry_count=0 同时成立时复用原检测器一次，否则调用迁移顾问。正常状态需要候选数、置信度、跨提示一致性和域偏移四个门槛全部通过才结束，任一否决项都转迁移。缺省、非法、冲突状态采取保守分支；已经重试一次的结果不能再次触发检测器。检测器必须设置 finish_after_tool=false；迁移顾问使用当前图片和视觉探针并设置 finish_after_tool=true。,True,examples/images/planner_retry_optimizer_matched_v12/caramel_cross_diverter.png,"[{""action"": ""qwen_detection"", ""arg_contains"": {""label"": [""焦糖十字分流块""]}, ""decision_type"": ""tool"", ""required_args"": {""finish_after_tool"": false}}, {""action"": ""migration_advisor"", ""arg_contains"": {""user_query"": [""火星车悬架试验间稳定状态会签3100号""]}, ""decision_type"": ""tool"", ""required_args"": {""finish_after_tool"": true, ""use_image"": true, ""use_visual_probe"": true}}]","[""rag_answer"", ""re_question"", ""answerer"", ""flux-image-generation"", ""rexomni_detection"", ""pipeline_eval""]","{""action_match"": 0.65, ""argument_match"": 0.1, ""decision_type_valid"": 0.03, ""final_tool_finish"": 0.1, ""finish_after_tool"": 0.1, ""json_valid"": 0.02, ""no_forbidden_action"": 0.1, ""no_premature_stop"": 0.1, ""no_repeated_tool"": 0.1, ""no_skip_required_probe"": 0.1, ""strict_action_match"": true, ""strict_argument_types"": true, ""wrong_action_cap"": 0.2}",True,1.0,"[""qwen_detection"", ""migration_advisor""]",qwen_detection,"[{""_planner_metrics"": {""api_call_ms"": 6342.132, ""first_api_call_ms"": 6342.132, ""first_finish_reason"": ""stop"", ""first_input_tokens"": 4023, ""first_output_tokens"": 48, ""first_total_tokens"": 4071, ""input_tokens"": 4023, ""output_tokens"": 48, ""parse_ms"": 0.175, ""planner_total_ms"": 6354.789, ""prompt_build_ms"": 0.387, ""retry_count"": 0, ""retry_reason"": """", ""total_tokens"": 4071}, ""action"": ""qwen_detection"", ""action_input"": {""finish_after_tool"": false, ""label"": ""焦糖十字分流块""}, ""clarification_question"": """", ""decision_type"": ""tool"", ""end_reason"": """", ""final_answer"": """", ""thought"": ""先执行用户指定的检测器以取得当前结构化状态。""}, {""_planner_metrics"": {""api_call_ms"": 9093.098, ""first_api_call_ms"": 9093.098, ""first_finish_reason"": ""stop"", ""first_input_tokens"": 4328, ""first_output_tokens"": 73, ""first_total_tokens"": 4401, ""input_tokens"": 4328, ""output_tokens"": 73, ""parse_ms"": 0.149, ""planner_total_ms"": 9107.009, ""prompt_build_ms"": 0.484, ""retry_count"": 0, ""retry_reason"": """", ""total_tokens"": 4401}, ""action"": ""migration_advisor"", ""action_input"": {""finish_after_tool"": true, ""use_image"": true, ""use_visual_probe"": true, ""user_query"": ""火星车悬架试验间稳定状态会签3100号""}, ""clarification_question"": """", ""decision_type"": ""tool"", ""end_reason"": """", ""final_answer"": """", ""thought"": ""最新状态未满足结束或重试条件，需要进入能力迁移评估。""}]",,6354.789,6342.132,4023,48,1,1,True,False
PROMV12-TA-004-REX-CS2,current_success_step2,迁移队列已经建立，请先裁决最新机器状态：先使用Rex-Omni检测附件中的冰青三辐锁紧轮，检测结果仅作为中间状态。最终需要判断类器官灌流培养台异常路径终验2905号应继续现有能力、结束，还是进入迁移评估。自然语言里的故障等级和预算描述没有路由优先级，只读取本 query 最新 observation 的结构化键值。错误状态仅在 retryable=true 与 retry_count=0 同时成立时复用原检测器一次，否则调用迁移顾问。正常状态需要候选数、置信度、跨提示一致性和域偏移四个门槛全部通过才结束，任一否决项都转迁移。缺省、非法、冲突状态采取保守分支；已经重试一次的结果不能再次触发检测器。检测器必须设置 finish_after_tool=false；迁移顾问使用当前图片和视觉探针并设置 finish_after_tool=true。,True,examples/images/planner_retry_optimizer_matched_v12/icecyan_three_spoke_lockwheel.png,"[{""action"": ""rexomni_detection"", ""arg_contains"": {""label"": [""冰青三辐锁紧轮""]}, ""decision_type"": ""tool"", ""required_args"": {""finish_after_tool"": false}}, {""arg_contains"": {}, ""decision_type"": ""end"", ""required_args"": {""end_reason"": ""memory_hit""}}]","[""rag_answer"", ""re_question"", ""answerer"", ""flux-image-generation"", ""qwen_detection"", ""pipeline_eval"", ""migration_advisor""]","{""action_match"": 0.65, ""argument_match"": 0.1, ""decision_type_valid"": 0.03, ""final_tool_finish"": 0.1, ""finish_after_tool"": 0.1, ""json_valid"": 0.02, ""no_forbidden_action"": 0.1, ""no_premature_stop"": 0.1, ""no_repeated_tool"": 0.1, ""no_skip_required_probe"": 0.1, ""strict_action_match"": true, ""strict_argument_types"": true, ""wrong_action_cap"": 0.2}",True,1.0,"[""rexomni_detection"", ""final_answer""]",rexomni_detection,"[{""_planner_metrics"": {""api_call_ms"": 6797.524, ""first_api_call_ms"": 6797.524, ""first_finish_reason"": ""stop"", ""first_input_tokens"": 4031, ""first_output_tokens"": 52, ""first_total_tokens"": 4083, ""input_tokens"": 4031, ""output_tokens"": 52, ""parse_ms"": 0.127, ""planner_total_ms"": 6811.195, ""prompt_build_ms"": 0.479, ""retry_count"": 0, ""retry_reason"": """", ""total_tokens"": 4083}, ""action"": ""rexomni_detection"", ""action_input"": {""finish_after_tool"": false, ""label"": ""冰青三辐锁紧轮""}, ""clarification_question"": """", ""decision_type"": ""tool"", ""end_reason"": """", ""final_answer"": """", ""thought"": ""先执行用户指定的检测器以取得当前结构化状态。""}, {""_planner_metrics"": {""api_call_ms"": 5038.698, ""first_api_call_ms"": 5038.698, ""first_finish_reason"": ""stop"", ""first_input_tokens"": 4340, ""first_output_tokens"": 34, ""first_total_tokens"": 4374, ""input_tokens"": 4340, ""output_tokens"": 34, ""parse_ms"": 0.223, ""planner_total_ms"": 5053.099, ""prompt_build_ms"": 0.481, ""retry_count"": 0, ""retry_reason"": """", ""total_tokens"": 4374}, ""action"": ""final_answer"", ""action_input"": {}, ""clarification_question"": """", ""decision_type"": ""end"", ""end_reason"": ""memory_hit"", ""final_answer"": """", ""thought"": ""最新结构化状态已满足全部硬门槛，可以结束本轮规划。""}]",,6811.195,6797.524,4031,52,1,1,True,False
PROMV12-TA-006-QWEN-CS2,current_success_step2,设备失联只是背景，仍须核对当前显式额度：先使用Qwen检测附件中的冰青三辐锁紧轮，检测结果仅作为中间状态。最终需要判断深水码头输油站异常路径终验1480号应继续现有能力、结束，还是进入迁移评估。自然语言里的故障等级和预算描述没有路由优先级，只读取本 query 最新 observation 的结构化键值。错误状态仅在 retryable=true 与 retry_count=0 同时成立时复用原检测器一次，否则调用迁移顾问。正常状态需要候选数、置信度、跨提示一致性和域偏移四个门槛全部通过才结束，任一否决项都转迁移。缺省、非法、冲突状态采取保守分支；已经重试一次的结果不能再次触发检测器。检测器必须设置 finish_after_tool=false；迁移顾问使用当前图片和视觉探针并设置 finish_after_tool=true。,True,examples/images/planner_retry_optimizer_matched_v12/icecyan_three_spoke_lockwheel.png,"[{""action"": ""qwen_detection"", ""arg_contains"": {""label"": [""冰青三辐锁紧轮""]}, ""decision_type"": ""tool"", ""required_args"": {""finish_after_tool"": false}}, {""arg_contains"": {}, ""decision_type"": ""end"", ""required_args"": {""end_reason"": ""memory_hit""}}]","[""rag_answer"", ""re_question"", ""answerer"", ""flux-image-generation"", ""rexomni_detection"", ""pipeline_eval"", ""migration_advisor""]","{""action_match"": 0.65, ""argument_match"": 0.1, ""decision_type_valid"": 0.03, ""final_tool_finish"": 0.1, ""finish_after_tool"": 0.1, ""json_valid"": 0.02, ""no_forbidden_action"": 0.1, ""no_premature_stop"": 0.1, ""no_repeated_tool"": 0.1, ""no_skip_required_probe"": 0.1, ""strict_action_match"": true, ""strict_argument_types"": true, ""wrong_action_cap"": 0.2}",True,1.0,"[""qwen_detection"", ""final_answer""]",qwen_detection,"[{""_planner_metrics"": {""api_call_ms"": 6677.57, ""first_api_call_ms"": 6677.57, ""first_finish_reason"": ""stop"", ""first_input_tokens"": 4027, ""first_output_tokens"": 51, ""first_total_tokens"": 4078, ""input_tokens"": 4027, ""output_tokens"": 51, ""parse_ms"": 0.153, ""planner_total_ms"": 6691.574, ""prompt_build_ms"": 0.505, ""retry_count"": 0, ""retry_reason"": """", ""total_tokens"": 4078}, ""action"": ""qwen_detection"", ""action_input"": {""finish_after_tool"": false, ""label"": ""冰青三辐锁紧轮""}, ""clarification_question"": """", ""decision_type"": ""tool"", ""end_reason"": """", ""final_answer"": """", ""thought"": ""先执行用户指定的检测器以取得当前结构化状态。""}, {""_planner_metrics"": {""api_call_ms"": 5037.549, ""first_api_call_ms"": 5037.549, ""first_finish_reason"": ""stop"", ""first_input_tokens"": 4327, ""first_output_tokens"": 34, ""first_total_tokens"": 4361, ""input_tokens"": 4327, ""output_tokens"": 34, ""parse_ms"": 0.122, ""planner_total_ms"": 5052.987, ""prompt_build_ms"": 0.466, ""retry_count"": 0, ""retry_reason"": """", ""total_tokens"": 4361}, ""action"": ""final_answer"", ""action_input"": {}, ""clarification_question"": """", ""decision_type"": ""end"", ""end_reason"": ""memory_hit"", ""final_answer"": """", ""thought"": ""最新结构化状态已满足全部硬门槛，可以结束本轮规划。""}]",,6691.574,6677.57,4027,51,1,1,True,False
