case_id,category,query,has_image,image_fixture,expected_decisions,forbidden_actions,reward_spec,run1_passed,run1_score,run1_used_actions,run1_actual_first_action,run1_decisions,run1_failures,run1_elapsed_ms,run1_api_call_ms,run1_input_tokens,run1_output_tokens,pass_count,run_count,all_passed,any_failed
PROMV12-TB-004-QWEN-FR2,fresh_retry_step2,读取这次机器状态并选择唯一动作：先使用Qwen检测附件中的金橙五星复检片，检测结果仅作为中间状态。最终需要判断碳化硅陶瓷烧结台回执分支终签7625号应继续现有能力、结束，还是进入迁移评估。自然语言里的故障等级和预算描述没有路由优先级，只读取本 query 最新 observation 的结构化键值。错误状态仅在 retryable=true 与 retry_count=0 同时成立时复用原检测器一次，否则调用迁移顾问。正常状态需要候选数、置信度、跨提示一致性和域偏移四个门槛全部通过才结束，任一否决项都转迁移。缺省、非法、冲突状态采取保守分支；已经重试一次的结果不能再次触发检测器。检测器必须设置 finish_after_tool=false；迁移顾问使用当前图片和视觉探针并设置 finish_after_tool=true。,True,examples/images/planner_retry_optimizer_matched_v12/goldorange_five_star_recheck.png,"[{""action"": ""qwen_detection"", ""arg_contains"": {""label"": [""金橙五星复检片""]}, ""decision_type"": ""tool"", ""required_args"": {""finish_after_tool"": false}}, {""action"": ""qwen_detection"", ""arg_contains"": {""label"": [""金橙五星复检片""]}, ""decision_type"": ""tool"", ""required_args"": {""finish_after_tool"": false}}, {""arg_contains"": {}, ""decision_type"": ""end"", ""required_args"": {""end_reason"": ""memory_hit""}}]","[""rag_answer"", ""re_question"", ""answerer"", ""flux-image-generation"", ""rexomni_detection"", ""pipeline_eval"", ""migration_advisor""]","{""action_match"": 0.65, ""argument_match"": 0.1, ""decision_type_valid"": 0.03, ""final_tool_finish"": 0.1, ""finish_after_tool"": 0.1, ""json_valid"": 0.02, ""no_forbidden_action"": 0.1, ""no_premature_stop"": 0.1, ""no_repeated_tool"": 0.1, ""no_skip_required_probe"": 0.1, ""strict_action_match"": true, ""strict_argument_types"": true, ""wrong_action_cap"": 0.2}",False,0.725,"[""qwen_detection"", ""qwen_detection"", ""migration_advisor""]",qwen_detection,"[{""_planner_metrics"": {""api_call_ms"": 6259.724, ""first_api_call_ms"": 6259.724, ""first_finish_reason"": ""stop"", ""first_input_tokens"": 4017, ""first_output_tokens"": 49, ""first_total_tokens"": 4066, ""input_tokens"": 4017, ""output_tokens"": 49, ""parse_ms"": 0.205, ""planner_total_ms"": 6276.624, ""prompt_build_ms"": 0.478, ""retry_count"": 0, ""retry_reason"": """", ""total_tokens"": 4066}, ""action"": ""qwen_detection"", ""action_input"": {""finish_after_tool"": false, ""label"": ""金橙五星复检片""}, ""clarification_question"": """", ""decision_type"": ""tool"", ""end_reason"": """", ""final_answer"": """", ""thought"": ""先执行用户指定的检测器以取得当前结构化状态。""}, {""_planner_metrics"": {""api_call_ms"": 6703.235, ""first_api_call_ms"": 6703.235, ""first_finish_reason"": ""stop"", ""first_input_tokens"": 4320, ""first_output_tokens"": 51, ""first_total_tokens"": 4371, ""input_tokens"": 4320, ""output_tokens"": 51, ""parse_ms"": 0.204, ""planner_total_ms"": 6722.126, ""prompt_build_ms"": 0.513, ""retry_count"": 0, ""retry_reason"": """", ""total_tokens"": 4371}, ""action"": ""qwen_detection"", ""action_input"": {""finish_after_tool"": false, ""label"": ""金橙五星复检片""}, ""clarification_question"": """", ""decision_type"": ""tool"", ""end_reason"": """", ""final_answer"": """", ""thought"": ""最新状态满足错误重试条件，需要再次使用同一检测器。""}, {""_planner_metrics"": {""api_call_ms"": 8990.003, ""first_api_call_ms"": 8990.003, ""first_finish_reason"": ""stop"", ""first_input_tokens"": 4620, ""first_output_tokens"": 73, ""first_total_tokens"": 4693, ""input_tokens"": 4620, ""output_tokens"": 73, ""parse_ms"": 0.186, ""planner_total_ms"": 9007.187, ""prompt_build_ms"": 0.586, ""retry_count"": 0, ""retry_reason"": """", ""total_tokens"": 4693}, ""action"": ""migration_advisor"", ""action_input"": {""finish_after_tool"": true, ""use_image"": true, ""use_visual_probe"": true, ""user_query"": ""碳化硅陶瓷烧结台回执分支终签7625号""}, ""clarification_question"": """", ""decision_type"": ""tool"", ""end_reason"": """", ""final_answer"": """", ""thought"": ""最新状态未满足结束或重试条件，需要进入能力迁移评估。""}]","step3:decision_type expected 'end', got 'tool' | step3:action expected 'end', got 'migration_advisor' | step3:arg 'end_reason' expected 'memory_hit', got '' | forbidden:migration_advisor",6276.624,6259.724,4017,49,0,1,False,True
PROMV12-TB-004-QWEN-PE3,post_retry_error_step3,读取这次机器状态并选择唯一动作：先使用Qwen检测附件中的金橙五星复检片，检测结果仅作为中间状态。最终需要判断碳化硅陶瓷烧结台回执分支终签7625号应继续现有能力、结束，还是进入迁移评估。自然语言里的故障等级和预算描述没有路由优先级，只读取本 query 最新 observation 的结构化键值。错误状态仅在 retryable=true 与 retry_count=0 同时成立时复用原检测器一次，否则调用迁移顾问。正常状态需要候选数、置信度、跨提示一致性和域偏移四个门槛全部通过才结束，任一否决项都转迁移。缺省、非法、冲突状态采取保守分支；已经重试一次的结果不能再次触发检测器。检测器必须设置 finish_after_tool=false；迁移顾问使用当前图片和视觉探针并设置 finish_after_tool=true。,True,examples/images/planner_retry_optimizer_matched_v12/goldorange_five_star_recheck.png,"[{""action"": ""qwen_detection"", ""arg_contains"": {""label"": [""金橙五星复检片""]}, ""decision_type"": ""tool"", ""required_args"": {""finish_after_tool"": false}}, {""action"": ""qwen_detection"", ""arg_contains"": {""label"": [""金橙五星复检片""]}, ""decision_type"": ""tool"", ""required_args"": {""finish_after_tool"": false}}, {""action"": ""migration_advisor"", ""arg_contains"": {""user_query"": [""碳化硅陶瓷烧结台回执分支终签7625号""]}, ""decision_type"": ""tool"", ""required_args"": {""finish_after_tool"": true, ""use_image"": true, ""use_visual_probe"": true}}]","[""rag_answer"", ""re_question"", ""answerer"", ""flux-image-generation"", ""rexomni_detection"", ""pipeline_eval""]","{""action_match"": 0.65, ""argument_match"": 0.1, ""decision_type_valid"": 0.03, ""final_tool_finish"": 0.1, ""finish_after_tool"": 0.1, ""json_valid"": 0.02, ""no_forbidden_action"": 0.1, ""no_premature_stop"": 0.1, ""no_repeated_tool"": 0.1, ""no_skip_required_probe"": 0.1, ""strict_action_match"": true, ""strict_argument_types"": true, ""wrong_action_cap"": 0.2}",False,0.734375,"[""qwen_detection"", ""qwen_detection"", ""qwen_detection""]",qwen_detection,"[{""_planner_metrics"": {""api_call_ms"": 6316.829, ""first_api_call_ms"": 6316.829, ""first_finish_reason"": ""stop"", ""first_input_tokens"": 4017, ""first_output_tokens"": 49, ""first_total_tokens"": 4066, ""input_tokens"": 4017, ""output_tokens"": 49, ""parse_ms"": 0.132, ""planner_total_ms"": 6331.364, ""prompt_build_ms"": 0.463, ""retry_count"": 0, ""retry_reason"": """", ""total_tokens"": 4066}, ""action"": ""qwen_detection"", ""action_input"": {""finish_after_tool"": false, ""label"": ""金橙五星复检片""}, ""clarification_question"": """", ""decision_type"": ""tool"", ""end_reason"": """", ""final_answer"": """", ""thought"": ""先执行用户指定的检测器以取得当前结构化状态。""}, {""_planner_metrics"": {""api_call_ms"": 6584.174, ""first_api_call_ms"": 6584.174, ""first_finish_reason"": ""stop"", ""first_input_tokens"": 4320, ""first_output_tokens"": 51, ""first_total_tokens"": 4371, ""input_tokens"": 4320, ""output_tokens"": 51, ""parse_ms"": 0.112, ""planner_total_ms"": 6600.216, ""prompt_build_ms"": 0.416, ""retry_count"": 0, ""retry_reason"": """", ""total_tokens"": 4371}, ""action"": ""qwen_detection"", ""action_input"": {""finish_after_tool"": false, ""label"": ""金橙五星复检片""}, ""clarification_question"": """", ""decision_type"": ""tool"", ""end_reason"": """", ""final_answer"": """", ""thought"": ""最新状态满足错误重试条件，需要再次使用同一检测器。""}, {""_planner_metrics"": {""api_call_ms"": 6778.077, ""first_api_call_ms"": 6778.077, ""first_finish_reason"": ""stop"", ""first_input_tokens"": 4625, ""first_output_tokens"": 51, ""first_total_tokens"": 4676, ""input_tokens"": 4625, ""output_tokens"": 51, ""parse_ms"": 0.173, ""planner_total_ms"": 6792.9, ""prompt_build_ms"": 0.436, ""retry_count"": 0, ""retry_reason"": """", ""total_tokens"": 4676}, ""action"": ""qwen_detection"", ""action_input"": {""finish_after_tool"": false, ""label"": ""金橙五星复检片""}, ""clarification_question"": """", ""decision_type"": ""tool"", ""end_reason"": """", ""final_answer"": """", ""thought"": ""最新状态满足错误重试条件，需要再次使用同一检测器。""}]","step3:action expected 'migration_advisor', got 'qwen_detection' | step3:finish_after_tool expected True, got False | step3:arg 'use_image' expected True, got None | step3:arg 'use_visual_probe' expected True, got None | step3:arg 'user_query' expected to contain ['碳化硅陶瓷烧结台回执分支终签7625号'], got None",6331.364,6316.829,4017,49,0,1,False,True
PROMV12-TB-009-QWEN-PV3,post_retry_metric_veto_step3,能力迁移已候场，先核验最新探针回执：先使用Qwen检测附件中的金橙五星复检片，检测结果仅作为中间状态。最终需要判断林区无人机补给舱探针恢复复议6446号应继续现有能力、结束，还是进入迁移评估。自然语言里的故障等级和预算描述没有路由优先级，只读取本 query 最新 observation 的结构化键值。错误状态仅在 retryable=true 与 retry_count=0 同时成立时复用原检测器一次，否则调用迁移顾问。正常状态需要候选数、置信度、跨提示一致性和域偏移四个门槛全部通过才结束，任一否决项都转迁移。缺省、非法、冲突状态采取保守分支；已经重试一次的结果不能再次触发检测器。检测器必须设置 finish_after_tool=false；迁移顾问使用当前图片和视觉探针并设置 finish_after_tool=true。,True,examples/images/planner_retry_optimizer_matched_v12/goldorange_five_star_recheck.png,"[{""action"": ""qwen_detection"", ""arg_contains"": {""label"": [""金橙五星复检片""]}, ""decision_type"": ""tool"", ""required_args"": {""finish_after_tool"": false}}, {""action"": ""qwen_detection"", ""arg_contains"": {""label"": [""金橙五星复检片""]}, ""decision_type"": ""tool"", ""required_args"": {""finish_after_tool"": false}}, {""action"": ""migration_advisor"", ""arg_contains"": {""user_query"": [""林区无人机补给舱探针恢复复议6446号""]}, ""decision_type"": ""tool"", ""required_args"": {""finish_after_tool"": true, ""use_image"": true, ""use_visual_probe"": true}}]","[""rag_answer"", ""re_question"", ""answerer"", ""flux-image-generation"", ""rexomni_detection"", ""pipeline_eval""]","{""action_match"": 0.65, ""argument_match"": 0.1, ""decision_type_valid"": 0.03, ""final_tool_finish"": 0.1, ""finish_after_tool"": 0.1, ""json_valid"": 0.02, ""no_forbidden_action"": 0.1, ""no_premature_stop"": 0.1, ""no_repeated_tool"": 0.1, ""no_skip_required_probe"": 0.1, ""strict_action_match"": true, ""strict_argument_types"": true, ""wrong_action_cap"": 0.2}",False,0.703125,"[""qwen_detection"", ""migration_advisor"", ""migration_advisor""]",qwen_detection,"[{""_planner_metrics"": {""api_call_ms"": 6309.689, ""first_api_call_ms"": 6309.689, ""first_finish_reason"": ""stop"", ""first_input_tokens"": 4019, ""first_output_tokens"": 49, ""first_total_tokens"": 4068, ""input_tokens"": 4019, ""output_tokens"": 49, ""parse_ms"": 0.124, ""planner_total_ms"": 6325.198, ""prompt_build_ms"": 0.501, ""retry_count"": 0, ""retry_reason"": """", ""total_tokens"": 4068}, ""action"": ""qwen_detection"", ""action_input"": {""finish_after_tool"": false, ""label"": ""金橙五星复检片""}, ""clarification_question"": """", ""decision_type"": ""tool"", ""end_reason"": """", ""final_answer"": """", ""thought"": ""先使用用户指定的检测器对当前图片进行探针。""}, {""_planner_metrics"": {""api_call_ms"": 8733.26, ""first_api_call_ms"": 8733.26, ""first_finish_reason"": ""stop"", ""first_input_tokens"": 4331, ""first_output_tokens"": 71, ""first_total_tokens"": 4402, ""input_tokens"": 4331, ""output_tokens"": 71, ""parse_ms"": 0.148, ""planner_total_ms"": 8747.554, ""prompt_build_ms"": 0.411, ""retry_count"": 0, ""retry_reason"": """", ""total_tokens"": 4402}, ""action"": ""migration_advisor"", ""action_input"": {""finish_after_tool"": true, ""use_image"": true, ""use_visual_probe"": true, ""user_query"": ""林区无人机补给舱探针恢复复议6446号""}, ""clarification_question"": """", ""decision_type"": ""tool"", ""end_reason"": """", ""final_answer"": """", ""thought"": ""最新状态未满足重试或结束条件，需要进入能力迁移评估。""}, {""_planner_metrics"": {""api_call_ms"": 8913.92, ""first_api_call_ms"": 8913.92, ""first_finish_reason"": ""stop"", ""first_input_tokens"": 4662, ""first_output_tokens"": 71, ""first_total_tokens"": 4733, ""input_tokens"": 4662, ""output_tokens"": 71, ""parse_ms"": 0.195, ""planner_total_ms"": 8929.201, ""prompt_build_ms"": 0.443, ""retry_count"": 0, ""retry_reason"": """", ""total_tokens"": 4733}, ""action"": ""migration_advisor"", ""action_input"": {""finish_after_tool"": true, ""use_image"": true, ""use_visual_probe"": true, ""user_query"": ""林区无人机补给舱探针恢复复议6446号""}, ""clarification_question"": """", ""decision_type"": ""tool"", ""end_reason"": """", ""final_answer"": """", ""thought"": ""最新状态未满足结束或重试条件，需要进入能力迁移评估。""}]","step2:action expected 'qwen_detection', got 'migration_advisor' | step2:finish_after_tool expected False, got True | step2:arg 'label' expected to contain ['金橙五星复检片'], got None",6325.198,6309.689,4019,49,0,1,False,True
PROMV12-TB-005-QWEN-FR2,fresh_retry_step2,历史文字可能误导，本轮以后写入的 observation 为准：先使用Qwen检测附件中的玄铜弧顶缓冲座，检测结果仅作为中间状态。最终需要判断流域梯级调度闸站异常额度会核2044号应继续现有能力、结束，还是进入迁移评估。自然语言里的故障等级和预算描述没有路由优先级，只读取本 query 最新 observation 的结构化键值。错误状态仅在 retryable=true 与 retry_count=0 同时成立时复用原检测器一次，否则调用迁移顾问。正常状态需要候选数、置信度、跨提示一致性和域偏移四个门槛全部通过才结束，任一否决项都转迁移。缺省、非法、冲突状态采取保守分支；已经重试一次的结果不能再次触发检测器。检测器必须设置 finish_after_tool=false；迁移顾问使用当前图片和视觉探针并设置 finish_after_tool=true。,True,examples/images/planner_retry_optimizer_matched_v12/darkbronze_arch_buffer.png,"[{""action"": ""qwen_detection"", ""arg_contains"": {""label"": [""玄铜弧顶缓冲座""]}, ""decision_type"": ""tool"", ""required_args"": {""finish_after_tool"": false}}, {""action"": ""qwen_detection"", ""arg_contains"": {""label"": [""玄铜弧顶缓冲座""]}, ""decision_type"": ""tool"", ""required_args"": {""finish_after_tool"": false}}, {""arg_contains"": {}, ""decision_type"": ""end"", ""required_args"": {""end_reason"": ""memory_hit""}}]","[""rag_answer"", ""re_question"", ""answerer"", ""flux-image-generation"", ""rexomni_detection"", ""pipeline_eval"", ""migration_advisor""]","{""action_match"": 0.65, ""argument_match"": 0.1, ""decision_type_valid"": 0.03, ""final_tool_finish"": 0.1, ""finish_after_tool"": 0.1, ""json_valid"": 0.02, ""no_forbidden_action"": 0.1, ""no_premature_stop"": 0.1, ""no_repeated_tool"": 0.1, ""no_skip_required_probe"": 0.1, ""strict_action_match"": true, ""strict_argument_types"": true, ""wrong_action_cap"": 0.2}",False,0.725,"[""qwen_detection"", ""qwen_detection"", ""migration_advisor""]",qwen_detection,"[{""_planner_metrics"": {""api_call_ms"": 6384.423, ""first_api_call_ms"": 6384.423, ""first_finish_reason"": ""stop"", ""first_input_tokens"": 4028, ""first_output_tokens"": 50, ""first_total_tokens"": 4078, ""input_tokens"": 4028, ""output_tokens"": 50, ""parse_ms"": 0.27, ""planner_total_ms"": 6398.693, ""prompt_build_ms"": 0.4, ""retry_count"": 0, ""retry_reason"": """", ""total_tokens"": 4078}, ""action"": ""qwen_detection"", ""action_input"": {""finish_after_tool"": false, ""label"": ""玄铜弧顶缓冲座""}, ""clarification_question"": """", ""decision_type"": ""tool"", ""end_reason"": """", ""final_answer"": """", ""thought"": ""先执行用户指定的检测器以取得当前结构化状态。""}, {""_planner_metrics"": {""api_call_ms"": 6565.111, ""first_api_call_ms"": 6565.111, ""first_finish_reason"": ""stop"", ""first_input_tokens"": 4341, ""first_output_tokens"": 50, ""first_total_tokens"": 4391, ""input_tokens"": 4341, ""output_tokens"": 50, ""parse_ms"": 0.14, ""planner_total_ms"": 6585.728, ""prompt_build_ms"": 0.644, ""retry_count"": 0, ""retry_reason"": """", ""total_tokens"": 4391}, ""action"": ""qwen_detection"", ""action_input"": {""finish_after_tool"": false, ""label"": ""玄铜弧顶缓冲座""}, ""clarification_question"": """", ""decision_type"": ""tool"", ""end_reason"": """", ""final_answer"": """", ""thought"": ""最新状态满足错误状态且可重试一次检测器。""}, {""_planner_metrics"": {""api_call_ms"": 9071.756, ""first_api_call_ms"": 9071.756, ""first_finish_reason"": ""stop"", ""first_input_tokens"": 4647, ""first_output_tokens"": 74, ""first_total_tokens"": 4721, ""input_tokens"": 4647, ""output_tokens"": 74, ""parse_ms"": 0.154, ""planner_total_ms"": 9086.448, ""prompt_build_ms"": 0.425, ""retry_count"": 0, ""retry_reason"": """", ""total_tokens"": 4721}, ""action"": ""migration_advisor"", ""action_input"": {""finish_after_tool"": true, ""use_image"": true, ""use_visual_probe"": true, ""user_query"": ""流域梯级调度闸站异常额度会核2044号""}, ""clarification_question"": """", ""decision_type"": ""tool"", ""end_reason"": """", ""final_answer"": """", ""thought"": ""最新状态未满足结束或重试条件，需要进入能力迁移评估。""}]","step3:decision_type expected 'end', got 'tool' | step3:action expected 'end', got 'migration_advisor' | step3:arg 'end_reason' expected 'memory_hit', got '' | forbidden:migration_advisor",6398.693,6384.423,4028,50,0,1,False,True
PROMV12-TB-002-QWEN-FR2,fresh_retry_step2,能力迁移已候场，先核验最新探针回执：先使用Qwen检测附件中的金橙五星复检片，检测结果仅作为中间状态。最终需要判断甚低频射电阵列探针恢复复议3574号应继续现有能力、结束，还是进入迁移评估。自然语言里的故障等级和预算描述没有路由优先级，只读取本 query 最新 observation 的结构化键值。错误状态仅在 retryable=true 与 retry_count=0 同时成立时复用原检测器一次，否则调用迁移顾问。正常状态需要候选数、置信度、跨提示一致性和域偏移四个门槛全部通过才结束，任一否决项都转迁移。缺省、非法、冲突状态采取保守分支；已经重试一次的结果不能再次触发检测器。检测器必须设置 finish_after_tool=false；迁移顾问使用当前图片和视觉探针并设置 finish_after_tool=true。,True,examples/images/planner_retry_optimizer_matched_v12/goldorange_five_star_recheck.png,"[{""action"": ""qwen_detection"", ""arg_contains"": {""label"": [""金橙五星复检片""]}, ""decision_type"": ""tool"", ""required_args"": {""finish_after_tool"": false}}, {""action"": ""qwen_detection"", ""arg_contains"": {""label"": [""金橙五星复检片""]}, ""decision_type"": ""tool"", ""required_args"": {""finish_after_tool"": false}}, {""arg_contains"": {}, ""decision_type"": ""end"", ""required_args"": {""end_reason"": ""memory_hit""}}]","[""rag_answer"", ""re_question"", ""answerer"", ""flux-image-generation"", ""rexomni_detection"", ""pipeline_eval"", ""migration_advisor""]","{""action_match"": 0.65, ""argument_match"": 0.1, ""decision_type_valid"": 0.03, ""final_tool_finish"": 0.1, ""finish_after_tool"": 0.1, ""json_valid"": 0.02, ""no_forbidden_action"": 0.1, ""no_premature_stop"": 0.1, ""no_repeated_tool"": 0.1, ""no_skip_required_probe"": 0.1, ""strict_action_match"": true, ""strict_argument_types"": true, ""wrong_action_cap"": 0.2}",False,0.671875,"[""qwen_detection"", ""migration_advisor"", ""final_answer""]",qwen_detection,"[{""_planner_metrics"": {""api_call_ms"": 6340.524, ""first_api_call_ms"": 6340.524, ""first_finish_reason"": ""stop"", ""first_input_tokens"": 4021, ""first_output_tokens"": 49, ""first_total_tokens"": 4070, ""input_tokens"": 4021, ""output_tokens"": 49, ""parse_ms"": 0.166, ""planner_total_ms"": 6357.654, ""prompt_build_ms"": 0.413, ""retry_count"": 0, ""retry_reason"": """", ""total_tokens"": 4070}, ""action"": ""qwen_detection"", ""action_input"": {""finish_after_tool"": false, ""label"": ""金橙五星复检片""}, ""clarification_question"": """", ""decision_type"": ""tool"", ""end_reason"": """", ""final_answer"": """", ""thought"": ""先使用用户指定的检测器对当前图片进行探针。""}, {""_planner_metrics"": {""api_call_ms"": 8782.875, ""first_api_call_ms"": 8782.875, ""first_finish_reason"": ""stop"", ""first_input_tokens"": 4327, ""first_output_tokens"": 72, ""first_total_tokens"": 4399, ""input_tokens"": 4327, ""output_tokens"": 72, ""parse_ms"": 0.161, ""planner_total_ms"": 8798.631, ""prompt_build_ms"": 0.475, ""retry_count"": 0, ""retry_reason"": """", ""total_tokens"": 4399}, ""action"": ""migration_advisor"", ""action_input"": {""finish_after_tool"": true, ""use_image"": true, ""use_visual_probe"": true, ""user_query"": ""甚低频射电阵列探针恢复复议3574号""}, ""clarification_question"": """", ""decision_type"": ""tool"", ""end_reason"": """", ""final_answer"": """", ""thought"": ""最新状态未满足重试或结束条件，需要进入能力迁移评估。""}, {""_planner_metrics"": {""api_call_ms"": 4734.798, ""first_api_call_ms"": 4734.798, ""first_finish_reason"": ""stop"", ""first_input_tokens"": 4650, ""first_output_tokens"": 31, ""first_total_tokens"": 4681, ""input_tokens"": 4650, ""output_tokens"": 31, ""parse_ms"": 0.098, ""planner_total_ms"": 4750.179, ""prompt_build_ms"": 0.455, ""retry_count"": 0, ""retry_reason"": """", ""total_tokens"": 4681}, ""action"": ""final_answer"", ""action_input"": {}, ""clarification_question"": """", ""decision_type"": ""end"", ""end_reason"": ""memory_hit"", ""final_answer"": """", ""thought"": ""最新状态已满足结束条件，可以收口。""}]","step2:action expected 'qwen_detection', got 'migration_advisor' | step2:finish_after_tool expected False, got True | step2:arg 'label' expected to contain ['金橙五星复检片'], got None | forbidden:migration_advisor",6357.654,6340.524,4021,49,0,1,False,True
PROMV12-TB-008-QWEN-PS3,post_retry_success_step3,能力迁移已候场，先核验最新探针回执：先使用Qwen检测附件中的玄铜弧顶缓冲座，检测结果仅作为中间状态。最终需要判断流域梯级调度闸站探针恢复复议4894号应继续现有能力、结束，还是进入迁移评估。自然语言里的故障等级和预算描述没有路由优先级，只读取本 query 最新 observation 的结构化键值。错误状态仅在 retryable=true 与 retry_count=0 同时成立时复用原检测器一次，否则调用迁移顾问。正常状态需要候选数、置信度、跨提示一致性和域偏移四个门槛全部通过才结束，任一否决项都转迁移。缺省、非法、冲突状态采取保守分支；已经重试一次的结果不能再次触发检测器。检测器必须设置 finish_after_tool=false；迁移顾问使用当前图片和视觉探针并设置 finish_after_tool=true。,True,examples/images/planner_retry_optimizer_matched_v12/darkbronze_arch_buffer.png,"[{""action"": ""qwen_detection"", ""arg_contains"": {""label"": [""玄铜弧顶缓冲座""]}, ""decision_type"": ""tool"", ""required_args"": {""finish_after_tool"": false}}, {""action"": ""qwen_detection"", ""arg_contains"": {""label"": [""玄铜弧顶缓冲座""]}, ""decision_type"": ""tool"", ""required_args"": {""finish_after_tool"": false}}, {""arg_contains"": {}, ""decision_type"": ""end"", ""required_args"": {""end_reason"": ""memory_hit""}}]","[""rag_answer"", ""re_question"", ""answerer"", ""flux-image-generation"", ""rexomni_detection"", ""pipeline_eval"", ""migration_advisor""]","{""action_match"": 0.65, ""argument_match"": 0.1, ""decision_type_valid"": 0.03, ""final_tool_finish"": 0.1, ""finish_after_tool"": 0.1, ""json_valid"": 0.02, ""no_forbidden_action"": 0.1, ""no_premature_stop"": 0.1, ""no_repeated_tool"": 0.1, ""no_skip_required_probe"": 0.1, ""strict_action_match"": true, ""strict_argument_types"": true, ""wrong_action_cap"": 0.2}",False,0.75625,"[""qwen_detection"", ""qwen_detection"", ""qwen_detection""]",qwen_detection,"[{""_planner_metrics"": {""api_call_ms"": 6399.237, ""first_api_call_ms"": 6399.237, ""first_finish_reason"": ""stop"", ""first_input_tokens"": 4024, ""first_output_tokens"": 50, ""first_total_tokens"": 4074, ""input_tokens"": 4024, ""output_tokens"": 50, ""parse_ms"": 0.142, ""planner_total_ms"": 6413.867, ""prompt_build_ms"": 0.442, ""retry_count"": 0, ""retry_reason"": """", ""total_tokens"": 4074}, ""action"": ""qwen_detection"", ""action_input"": {""finish_after_tool"": false, ""label"": ""玄铜弧顶缓冲座""}, ""clarification_question"": """", ""decision_type"": ""tool"", ""end_reason"": """", ""final_answer"": """", ""thought"": ""先执行用户指定的检测器以取得当前结构化状态。""}, {""_planner_metrics"": {""api_call_ms"": 6760.386, ""first_api_call_ms"": 6760.386, ""first_finish_reason"": ""stop"", ""first_input_tokens"": 4334, ""first_output_tokens"": 52, ""first_total_tokens"": 4386, ""input_tokens"": 4334, ""output_tokens"": 52, ""parse_ms"": 0.118, ""planner_total_ms"": 6774.141, ""prompt_build_ms"": 0.39, ""retry_count"": 0, ""retry_reason"": """", ""total_tokens"": 4386}, ""action"": ""qwen_detection"", ""action_input"": {""finish_after_tool"": false, ""label"": ""玄铜弧顶缓冲座""}, ""clarification_question"": """", ""decision_type"": ""tool"", ""end_reason"": """", ""final_answer"": """", ""thought"": ""最新状态满足错误重试条件，需要再次使用同一检测器。""}, {""_planner_metrics"": {""api_call_ms"": 7001.469, ""first_api_call_ms"": 7001.469, ""first_finish_reason"": ""stop"", ""first_input_tokens"": 4638, ""first_output_tokens"": 53, ""first_total_tokens"": 4691, ""input_tokens"": 4638, ""output_tokens"": 53, ""parse_ms"": 0.115, ""planner_total_ms"": 7017.63, ""prompt_build_ms"": 0.512, ""retry_count"": 0, ""retry_reason"": """", ""total_tokens"": 4691}, ""action"": ""qwen_detection"", ""action_input"": {""finish_after_tool"": false, ""label"": ""玄铜弧顶缓冲座""}, ""clarification_question"": """", ""decision_type"": ""tool"", ""end_reason"": """", ""final_answer"": """", ""thought"": ""最新状态未满足结束或迁移条件，需要继续按规则推进。""}]","step3:decision_type expected 'end', got 'tool' | step3:action expected 'end', got 'qwen_detection' | step3:arg 'end_reason' expected 'memory_hit', got ''",6413.867,6399.237,4024,50,0,1,False,True
PROMV12-TB-008-QWEN-FR2,fresh_retry_step2,能力迁移已候场，先核验最新探针回执：先使用Qwen检测附件中的玄铜弧顶缓冲座，检测结果仅作为中间状态。最终需要判断流域梯级调度闸站探针恢复复议4894号应继续现有能力、结束，还是进入迁移评估。自然语言里的故障等级和预算描述没有路由优先级，只读取本 query 最新 observation 的结构化键值。错误状态仅在 retryable=true 与 retry_count=0 同时成立时复用原检测器一次，否则调用迁移顾问。正常状态需要候选数、置信度、跨提示一致性和域偏移四个门槛全部通过才结束，任一否决项都转迁移。缺省、非法、冲突状态采取保守分支；已经重试一次的结果不能再次触发检测器。检测器必须设置 finish_after_tool=false；迁移顾问使用当前图片和视觉探针并设置 finish_after_tool=true。,True,examples/images/planner_retry_optimizer_matched_v12/darkbronze_arch_buffer.png,"[{""action"": ""qwen_detection"", ""arg_contains"": {""label"": [""玄铜弧顶缓冲座""]}, ""decision_type"": ""tool"", ""required_args"": {""finish_after_tool"": false}}, {""action"": ""qwen_detection"", ""arg_contains"": {""label"": [""玄铜弧顶缓冲座""]}, ""decision_type"": ""tool"", ""required_args"": {""finish_after_tool"": false}}, {""arg_contains"": {}, ""decision_type"": ""end"", ""required_args"": {""end_reason"": ""memory_hit""}}]","[""rag_answer"", ""re_question"", ""answerer"", ""flux-image-generation"", ""rexomni_detection"", ""pipeline_eval"", ""migration_advisor""]","{""action_match"": 0.65, ""argument_match"": 0.1, ""decision_type_valid"": 0.03, ""final_tool_finish"": 0.1, ""finish_after_tool"": 0.1, ""json_valid"": 0.02, ""no_forbidden_action"": 0.1, ""no_premature_stop"": 0.1, ""no_repeated_tool"": 0.1, ""no_skip_required_probe"": 0.1, ""strict_action_match"": true, ""strict_argument_types"": true, ""wrong_action_cap"": 0.2}",False,0.725,"[""qwen_detection"", ""qwen_detection"", ""migration_advisor""]",qwen_detection,"[{""_planner_metrics"": {""api_call_ms"": 6380.628, ""first_api_call_ms"": 6380.628, ""first_finish_reason"": ""stop"", ""first_input_tokens"": 4024, ""first_output_tokens"": 50, ""first_total_tokens"": 4074, ""input_tokens"": 4024, ""output_tokens"": 50, ""parse_ms"": 0.104, ""planner_total_ms"": 6393.831, ""prompt_build_ms"": 0.388, ""retry_count"": 0, ""retry_reason"": """", ""total_tokens"": 4074}, ""action"": ""qwen_detection"", ""action_input"": {""finish_after_tool"": false, ""label"": ""玄铜弧顶缓冲座""}, ""clarification_question"": """", ""decision_type"": ""tool"", ""end_reason"": """", ""final_answer"": """", ""thought"": ""先执行用户指定的检测器以取得当前结构化状态。""}, {""_planner_metrics"": {""api_call_ms"": 6751.303, ""first_api_call_ms"": 6751.303, ""first_finish_reason"": ""stop"", ""first_input_tokens"": 4335, ""first_output_tokens"": 52, ""first_total_tokens"": 4387, ""input_tokens"": 4335, ""output_tokens"": 52, ""parse_ms"": 0.146, ""planner_total_ms"": 6764.335, ""prompt_build_ms"": 0.437, ""retry_count"": 0, ""retry_reason"": """", ""total_tokens"": 4387}, ""action"": ""qwen_detection"", ""action_input"": {""finish_after_tool"": false, ""label"": ""玄铜弧顶缓冲座""}, ""clarification_question"": """", ""decision_type"": ""tool"", ""end_reason"": """", ""final_answer"": """", ""thought"": ""最新状态满足错误重试条件，需要再次使用同一检测器。""}, {""_planner_metrics"": {""api_call_ms"": 9181.212, ""first_api_call_ms"": 9181.212, ""first_finish_reason"": ""stop"", ""first_input_tokens"": 4640, ""first_output_tokens"": 73, ""first_total_tokens"": 4713, ""input_tokens"": 4640, ""output_tokens"": 73, ""parse_ms"": 0.139, ""planner_total_ms"": 9194.998, ""prompt_build_ms"": 0.415, ""retry_count"": 0, ""retry_reason"": """", ""total_tokens"": 4713}, ""action"": ""migration_advisor"", ""action_input"": {""finish_after_tool"": true, ""use_image"": true, ""use_visual_probe"": true, ""user_query"": ""流域梯级调度闸站探针恢复复议4894号""}, ""clarification_question"": """", ""decision_type"": ""tool"", ""end_reason"": """", ""final_answer"": """", ""thought"": ""最新状态未满足结束或重试条件，需要进入能力迁移评估。""}]","step3:decision_type expected 'end', got 'tool' | step3:action expected 'end', got 'migration_advisor' | step3:arg 'end_reason' expected 'memory_hit', got '' | forbidden:migration_advisor",6393.831,6380.628,4024,50,0,1,False,True
PROMV12-TB-006-REX-BE2,budget_exhausted_step2,历史文字可能误导，本轮以后写入的 observation 为准：先使用Rex-Omni检测附件中的玄铜弧顶缓冲座，检测结果仅作为中间状态。最终需要判断林区无人机补给舱异常额度会核9970号应继续现有能力、结束，还是进入迁移评估。自然语言里的故障等级和预算描述没有路由优先级，只读取本 query 最新 observation 的结构化键值。错误状态仅在 retryable=true 与 retry_count=0 同时成立时复用原检测器一次，否则调用迁移顾问。正常状态需要候选数、置信度、跨提示一致性和域偏移四个门槛全部通过才结束，任一否决项都转迁移。缺省、非法、冲突状态采取保守分支；已经重试一次的结果不能再次触发检测器。检测器必须设置 finish_after_tool=false；迁移顾问使用当前图片和视觉探针并设置 finish_after_tool=true。,True,examples/images/planner_retry_optimizer_matched_v12/darkbronze_arch_buffer.png,"[{""action"": ""rexomni_detection"", ""arg_contains"": {""label"": [""玄铜弧顶缓冲座""]}, ""decision_type"": ""tool"", ""required_args"": {""finish_after_tool"": false}}, {""action"": ""migration_advisor"", ""arg_contains"": {""user_query"": [""林区无人机补给舱异常额度会核9970号""]}, ""decision_type"": ""tool"", ""required_args"": {""finish_after_tool"": true, ""use_image"": true, ""use_visual_probe"": true}}]","[""rag_answer"", ""re_question"", ""answerer"", ""flux-image-generation"", ""qwen_detection"", ""pipeline_eval""]","{""action_match"": 0.65, ""argument_match"": 0.1, ""decision_type_valid"": 0.03, ""final_tool_finish"": 0.1, ""finish_after_tool"": 0.1, ""json_valid"": 0.02, ""no_forbidden_action"": 0.1, ""no_premature_stop"": 0.1, ""no_repeated_tool"": 0.1, ""no_skip_required_probe"": 0.1, ""strict_action_match"": true, ""strict_argument_types"": true, ""wrong_action_cap"": 0.2}",False,0.985507,"[""rexomni_detection"", ""migration_advisor""]",rexomni_detection,"[{""_planner_metrics"": {""api_call_ms"": 6485.831, ""first_api_call_ms"": 6485.831, ""first_finish_reason"": ""stop"", ""first_input_tokens"": 4030, ""first_output_tokens"": 51, ""first_total_tokens"": 4081, ""input_tokens"": 4030, ""output_tokens"": 51, ""parse_ms"": 0.166, ""planner_total_ms"": 6498.938, ""prompt_build_ms"": 0.391, ""retry_count"": 0, ""retry_reason"": """", ""total_tokens"": 4081}, ""action"": ""rexomni_detection"", ""action_input"": {""finish_after_tool"": false, ""label"": ""玄铜弧顶缓冲座""}, ""clarification_question"": """", ""decision_type"": ""tool"", ""end_reason"": """", ""final_answer"": """", ""thought"": ""先执行用户指定的检测器以取得当前结构化状态。""}, {""_planner_metrics"": {""api_call_ms"": 8053.156, ""first_api_call_ms"": 8053.156, ""first_finish_reason"": ""stop"", ""first_input_tokens"": 4339, ""first_output_tokens"": 65, ""first_total_tokens"": 4404, ""input_tokens"": 4339, ""output_tokens"": 65, ""parse_ms"": 0.166, ""planner_total_ms"": 8066.817, ""prompt_build_ms"": 0.37, ""retry_count"": 0, ""retry_reason"": """", ""total_tokens"": 4404}, ""action"": ""migration_advisor"", ""action_input"": {""finish_after_tool"": true, ""use_image"": true, ""use_visual_probe"": true, ""user_query"": ""林区无人机补给舱异常额度""}, ""clarification_question"": """", ""decision_type"": ""tool"", ""end_reason"": """", ""final_answer"": """", ""thought"": ""最新状态未满足结束或重试条件，需要进入能力迁移评估。""}]","step2:arg 'user_query' expected to contain ['林区无人机补给舱异常额度会核9970号'], got '林区无人机补给舱异常额度'",6498.938,6485.831,4030,51,0,1,False,True
PROMV12-TB-010-REX-PE3,post_retry_error_step3,失联背景和当前预算并存时只使用显式字段：先使用Rex-Omni检测附件中的玄铜弧顶缓冲座，检测结果仅作为中间状态。最终需要判断流域梯级调度闸站回执分支终签5437号应继续现有能力、结束，还是进入迁移评估。自然语言里的故障等级和预算描述没有路由优先级，只读取本 query 最新 observation 的结构化键值。错误状态仅在 retryable=true 与 retry_count=0 同时成立时复用原检测器一次，否则调用迁移顾问。正常状态需要候选数、置信度、跨提示一致性和域偏移四个门槛全部通过才结束，任一否决项都转迁移。缺省、非法、冲突状态采取保守分支；已经重试一次的结果不能再次触发检测器。检测器必须设置 finish_after_tool=false；迁移顾问使用当前图片和视觉探针并设置 finish_after_tool=true。,True,examples/images/planner_retry_optimizer_matched_v12/darkbronze_arch_buffer.png,"[{""action"": ""rexomni_detection"", ""arg_contains"": {""label"": [""玄铜弧顶缓冲座""]}, ""decision_type"": ""tool"", ""required_args"": {""finish_after_tool"": false}}, {""action"": ""rexomni_detection"", ""arg_contains"": {""label"": [""玄铜弧顶缓冲座""]}, ""decision_type"": ""tool"", ""required_args"": {""finish_after_tool"": false}}, {""action"": ""migration_advisor"", ""arg_contains"": {""user_query"": [""流域梯级调度闸站回执分支终签5437号""]}, ""decision_type"": ""tool"", ""required_args"": {""finish_after_tool"": true, ""use_image"": true, ""use_visual_probe"": true}}]","[""rag_answer"", ""re_question"", ""answerer"", ""flux-image-generation"", ""qwen_detection"", ""pipeline_eval""]","{""action_match"": 0.65, ""argument_match"": 0.1, ""decision_type_valid"": 0.03, ""final_tool_finish"": 0.1, ""finish_after_tool"": 0.1, ""json_valid"": 0.02, ""no_forbidden_action"": 0.1, ""no_premature_stop"": 0.1, ""no_repeated_tool"": 0.1, ""no_skip_required_probe"": 0.1, ""strict_action_match"": true, ""strict_argument_types"": true, ""wrong_action_cap"": 0.2}",False,0.734375,"[""rexomni_detection"", ""rexomni_detection"", ""rexomni_detection""]",rexomni_detection,"[{""_planner_metrics"": {""api_call_ms"": 6445.78, ""first_api_call_ms"": 6445.78, ""first_finish_reason"": ""stop"", ""first_input_tokens"": 4032, ""first_output_tokens"": 51, ""first_total_tokens"": 4083, ""input_tokens"": 4032, ""output_tokens"": 51, ""parse_ms"": 0.162, ""planner_total_ms"": 6461.07, ""prompt_build_ms"": 0.435, ""retry_count"": 0, ""retry_reason"": """", ""total_tokens"": 4083}, ""action"": ""rexomni_detection"", ""action_input"": {""finish_after_tool"": false, ""label"": ""玄铜弧顶缓冲座""}, ""clarification_question"": """", ""decision_type"": ""tool"", ""end_reason"": """", ""final_answer"": """", ""thought"": ""先执行用户指定的检测器以取得当前结构化状态。""}, {""_planner_metrics"": {""api_call_ms"": 6799.189, ""first_api_call_ms"": 6799.189, ""first_finish_reason"": ""stop"", ""first_input_tokens"": 4341, ""first_output_tokens"": 52, ""first_total_tokens"": 4393, ""input_tokens"": 4341, ""output_tokens"": 52, ""parse_ms"": 0.125, ""planner_total_ms"": 6813.836, ""prompt_build_ms"": 0.48, ""retry_count"": 0, ""retry_reason"": """", ""total_tokens"": 4393}, ""action"": ""rexomni_detection"", ""action_input"": {""finish_after_tool"": false, ""label"": ""玄铜弧顶缓冲座""}, ""clarification_question"": """", ""decision_type"": ""tool"", ""end_reason"": """", ""final_answer"": """", ""thought"": ""最新状态满足错误重试条件，需要复用同一检测器。""}, {""_planner_metrics"": {""api_call_ms"": 6916.726, ""first_api_call_ms"": 6916.726, ""first_finish_reason"": ""stop"", ""first_input_tokens"": 4650, ""first_output_tokens"": 52, ""first_total_tokens"": 4702, ""input_tokens"": 4650, ""output_tokens"": 52, ""parse_ms"": 0.104, ""planner_total_ms"": 6931.528, ""prompt_build_ms"": 0.437, ""retry_count"": 0, ""retry_reason"": """", ""total_tokens"": 4702}, ""action"": ""rexomni_detection"", ""action_input"": {""finish_after_tool"": false, ""label"": ""玄铜弧顶缓冲座""}, ""clarification_question"": """", ""decision_type"": ""tool"", ""end_reason"": """", ""final_answer"": """", ""thought"": ""最新状态满足错误重试条件，需要复用同一检测器。""}]","step3:action expected 'migration_advisor', got 'rexomni_detection' | step3:finish_after_tool expected True, got False | step3:arg 'use_image' expected True, got None | step3:arg 'use_visual_probe' expected True, got None | step3:arg 'user_query' expected to contain ['流域梯级调度闸站回执分支终签5437号'], got None",6461.07,6445.78,4032,51,0,1,False,True
PROMV12-TB-006-REX-PE3,post_retry_error_step3,历史文字可能误导，本轮以后写入的 observation 为准：先使用Rex-Omni检测附件中的玄铜弧顶缓冲座，检测结果仅作为中间状态。最终需要判断林区无人机补给舱异常额度会核9970号应继续现有能力、结束，还是进入迁移评估。自然语言里的故障等级和预算描述没有路由优先级，只读取本 query 最新 observation 的结构化键值。错误状态仅在 retryable=true 与 retry_count=0 同时成立时复用原检测器一次，否则调用迁移顾问。正常状态需要候选数、置信度、跨提示一致性和域偏移四个门槛全部通过才结束，任一否决项都转迁移。缺省、非法、冲突状态采取保守分支；已经重试一次的结果不能再次触发检测器。检测器必须设置 finish_after_tool=false；迁移顾问使用当前图片和视觉探针并设置 finish_after_tool=true。,True,examples/images/planner_retry_optimizer_matched_v12/darkbronze_arch_buffer.png,"[{""action"": ""rexomni_detection"", ""arg_contains"": {""label"": [""玄铜弧顶缓冲座""]}, ""decision_type"": ""tool"", ""required_args"": {""finish_after_tool"": false}}, {""action"": ""rexomni_detection"", ""arg_contains"": {""label"": [""玄铜弧顶缓冲座""]}, ""decision_type"": ""tool"", ""required_args"": {""finish_after_tool"": false}}, {""action"": ""migration_advisor"", ""arg_contains"": {""user_query"": [""林区无人机补给舱异常额度会核9970号""]}, ""decision_type"": ""tool"", ""required_args"": {""finish_after_tool"": true, ""use_image"": true, ""use_visual_probe"": true}}]","[""rag_answer"", ""re_question"", ""answerer"", ""flux-image-generation"", ""qwen_detection"", ""pipeline_eval""]","{""action_match"": 0.65, ""argument_match"": 0.1, ""decision_type_valid"": 0.03, ""final_tool_finish"": 0.1, ""finish_after_tool"": 0.1, ""json_valid"": 0.02, ""no_forbidden_action"": 0.1, ""no_premature_stop"": 0.1, ""no_repeated_tool"": 0.1, ""no_skip_required_probe"": 0.1, ""strict_action_match"": true, ""strict_argument_types"": true, ""wrong_action_cap"": 0.2}",False,0.734375,"[""rexomni_detection"", ""rexomni_detection"", ""rexomni_detection""]",rexomni_detection,"[{""_planner_metrics"": {""api_call_ms"": 6493.2, ""first_api_call_ms"": 6493.2, ""first_finish_reason"": ""stop"", ""first_input_tokens"": 4030, ""first_output_tokens"": 51, ""first_total_tokens"": 4081, ""input_tokens"": 4030, ""output_tokens"": 51, ""parse_ms"": 0.105, ""planner_total_ms"": 6506.038, ""prompt_build_ms"": 0.373, ""retry_count"": 0, ""retry_reason"": """", ""total_tokens"": 4081}, ""action"": ""rexomni_detection"", ""action_input"": {""finish_after_tool"": false, ""label"": ""玄铜弧顶缓冲座""}, ""clarification_question"": """", ""decision_type"": ""tool"", ""end_reason"": """", ""final_answer"": """", ""thought"": ""先执行用户指定的检测器以取得当前结构化状态。""}, {""_planner_metrics"": {""api_call_ms"": 6966.445, ""first_api_call_ms"": 6966.445, ""first_finish_reason"": ""stop"", ""first_input_tokens"": 4336, ""first_output_tokens"": 54, ""first_total_tokens"": 4390, ""input_tokens"": 4336, ""output_tokens"": 54, ""parse_ms"": 0.116, ""planner_total_ms"": 6980.276, ""prompt_build_ms"": 0.427, ""retry_count"": 0, ""retry_reason"": """", ""total_tokens"": 4390}, ""action"": ""rexomni_detection"", ""action_input"": {""finish_after_tool"": false, ""label"": ""玄铜弧顶缓冲座""}, ""clarification_question"": """", ""decision_type"": ""tool"", ""end_reason"": """", ""final_answer"": """", ""thought"": ""最新状态满足错误状态重试条件，需要再次使用同一检测器。""}, {""_planner_metrics"": {""api_call_ms"": 7044.845, ""first_api_call_ms"": 7044.845, ""first_finish_reason"": ""stop"", ""first_input_tokens"": 4640, ""first_output_tokens"": 54, ""first_total_tokens"": 4694, ""input_tokens"": 4640, ""output_tokens"": 54, ""parse_ms"": 0.23, ""planner_total_ms"": 7060.511, ""prompt_build_ms"": 0.541, ""retry_count"": 0, ""retry_reason"": """", ""total_tokens"": 4694}, ""action"": ""rexomni_detection"", ""action_input"": {""finish_after_tool"": false, ""label"": ""玄铜弧顶缓冲座""}, ""clarification_question"": """", ""decision_type"": ""tool"", ""end_reason"": """", ""final_answer"": """", ""thought"": ""最新状态满足错误状态重试条件，需要再次使用同一检测器。""}]","step3:action expected 'migration_advisor', got 'rexomni_detection' | step3:finish_after_tool expected True, got False | step3:arg 'use_image' expected True, got None | step3:arg 'use_visual_probe' expected True, got None | step3:arg 'user_query' expected to contain ['林区无人机补给舱异常额度会核9970号'], got None",6506.038,6493.2,4030,51,0,1,False,True
PROMV12-TB-006-QWEN-BE2,budget_exhausted_step2,历史文字可能误导，本轮以后写入的 observation 为准：先使用Qwen检测附件中的玄铜弧顶缓冲座，检测结果仅作为中间状态。最终需要判断林区无人机补给舱异常额度会核9970号应继续现有能力、结束，还是进入迁移评估。自然语言里的故障等级和预算描述没有路由优先级，只读取本 query 最新 observation 的结构化键值。错误状态仅在 retryable=true 与 retry_count=0 同时成立时复用原检测器一次，否则调用迁移顾问。正常状态需要候选数、置信度、跨提示一致性和域偏移四个门槛全部通过才结束，任一否决项都转迁移。缺省、非法、冲突状态采取保守分支；已经重试一次的结果不能再次触发检测器。检测器必须设置 finish_after_tool=false；迁移顾问使用当前图片和视觉探针并设置 finish_after_tool=true。,True,examples/images/planner_retry_optimizer_matched_v12/darkbronze_arch_buffer.png,"[{""action"": ""qwen_detection"", ""arg_contains"": {""label"": [""玄铜弧顶缓冲座""]}, ""decision_type"": ""tool"", ""required_args"": {""finish_after_tool"": false}}, {""action"": ""migration_advisor"", ""arg_contains"": {""user_query"": [""林区无人机补给舱异常额度会核9970号""]}, ""decision_type"": ""tool"", ""required_args"": {""finish_after_tool"": true, ""use_image"": true, ""use_visual_probe"": true}}]","[""rag_answer"", ""re_question"", ""answerer"", ""flux-image-generation"", ""rexomni_detection"", ""pipeline_eval""]","{""action_match"": 0.65, ""argument_match"": 0.1, ""decision_type_valid"": 0.03, ""final_tool_finish"": 0.1, ""finish_after_tool"": 0.1, ""json_valid"": 0.02, ""no_forbidden_action"": 0.1, ""no_premature_stop"": 0.1, ""no_repeated_tool"": 0.1, ""no_skip_required_probe"": 0.1, ""strict_action_match"": true, ""strict_argument_types"": true, ""wrong_action_cap"": 0.2}",False,0.985507,"[""qwen_detection"", ""migration_advisor""]",qwen_detection,"[{""_planner_metrics"": {""api_call_ms"": 6289.642, ""first_api_call_ms"": 6289.642, ""first_finish_reason"": ""stop"", ""first_input_tokens"": 4024, ""first_output_tokens"": 50, ""first_total_tokens"": 4074, ""input_tokens"": 4024, ""output_tokens"": 50, ""parse_ms"": 0.149, ""planner_total_ms"": 6304.141, ""prompt_build_ms"": 0.517, ""retry_count"": 0, ""retry_reason"": """", ""total_tokens"": 4074}, ""action"": ""qwen_detection"", ""action_input"": {""finish_after_tool"": false, ""label"": ""玄铜弧顶缓冲座""}, ""clarification_question"": """", ""decision_type"": ""tool"", ""end_reason"": """", ""final_answer"": """", ""thought"": ""先执行用户指定的检测器以取得当前结构化状态。""}, {""_planner_metrics"": {""api_call_ms"": 8132.927, ""first_api_call_ms"": 8132.927, ""first_finish_reason"": ""stop"", ""first_input_tokens"": 4328, ""first_output_tokens"": 65, ""first_total_tokens"": 4393, ""input_tokens"": 4328, ""output_tokens"": 65, ""parse_ms"": 0.121, ""planner_total_ms"": 8148.693, ""prompt_build_ms"": 0.406, ""retry_count"": 0, ""retry_reason"": """", ""total_tokens"": 4393}, ""action"": ""migration_advisor"", ""action_input"": {""finish_after_tool"": true, ""use_image"": true, ""use_visual_probe"": true, ""user_query"": ""林区无人机补给舱异常额度""}, ""clarification_question"": """", ""decision_type"": ""tool"", ""end_reason"": """", ""final_answer"": """", ""thought"": ""最新状态未满足结束或重试条件，需要进入能力迁移评估。""}]","step2:arg 'user_query' expected to contain ['林区无人机补给舱异常额度会核9970号'], got '林区无人机补给舱异常额度'",6304.141,6289.642,4024,50,0,1,False,True
PROMV12-TB-006-QWEN-CF2,conflicting_state_step2,历史文字可能误导，本轮以后写入的 observation 为准：先使用Qwen检测附件中的玄铜弧顶缓冲座，检测结果仅作为中间状态。最终需要判断林区无人机补给舱异常额度会核9970号应继续现有能力、结束，还是进入迁移评估。自然语言里的故障等级和预算描述没有路由优先级，只读取本 query 最新 observation 的结构化键值。错误状态仅在 retryable=true 与 retry_count=0 同时成立时复用原检测器一次，否则调用迁移顾问。正常状态需要候选数、置信度、跨提示一致性和域偏移四个门槛全部通过才结束，任一否决项都转迁移。缺省、非法、冲突状态采取保守分支；已经重试一次的结果不能再次触发检测器。检测器必须设置 finish_after_tool=false；迁移顾问使用当前图片和视觉探针并设置 finish_after_tool=true。,True,examples/images/planner_retry_optimizer_matched_v12/darkbronze_arch_buffer.png,"[{""action"": ""qwen_detection"", ""arg_contains"": {""label"": [""玄铜弧顶缓冲座""]}, ""decision_type"": ""tool"", ""required_args"": {""finish_after_tool"": false}}, {""action"": ""migration_advisor"", ""arg_contains"": {""user_query"": [""林区无人机补给舱异常额度会核9970号""]}, ""decision_type"": ""tool"", ""required_args"": {""finish_after_tool"": true, ""use_image"": true, ""use_visual_probe"": true}}]","[""rag_answer"", ""re_question"", ""answerer"", ""flux-image-generation"", ""rexomni_detection"", ""pipeline_eval""]","{""action_match"": 0.65, ""argument_match"": 0.1, ""decision_type_valid"": 0.03, ""final_tool_finish"": 0.1, ""finish_after_tool"": 0.1, ""json_valid"": 0.02, ""no_forbidden_action"": 0.1, ""no_premature_stop"": 0.1, ""no_repeated_tool"": 0.1, ""no_skip_required_probe"": 0.1, ""strict_action_match"": true, ""strict_argument_types"": true, ""wrong_action_cap"": 0.2}",False,0.586957,"[""qwen_detection"", ""qwen_detection""]",qwen_detection,"[{""_planner_metrics"": {""api_call_ms"": 6365.857, ""first_api_call_ms"": 6365.857, ""first_finish_reason"": ""stop"", ""first_input_tokens"": 4024, ""first_output_tokens"": 50, ""first_total_tokens"": 4074, ""input_tokens"": 4024, ""output_tokens"": 50, ""parse_ms"": 0.13, ""planner_total_ms"": 6380.045, ""prompt_build_ms"": 0.418, ""retry_count"": 0, ""retry_reason"": """", ""total_tokens"": 4074}, ""action"": ""qwen_detection"", ""action_input"": {""finish_after_tool"": false, ""label"": ""玄铜弧顶缓冲座""}, ""clarification_question"": """", ""decision_type"": ""tool"", ""end_reason"": """", ""final_answer"": """", ""thought"": ""先执行用户指定的检测器以取得当前结构化状态。""}, {""_planner_metrics"": {""api_call_ms"": 7097.444, ""first_api_call_ms"": 7097.444, ""first_finish_reason"": ""stop"", ""first_input_tokens"": 4318, ""first_output_tokens"": 56, ""first_total_tokens"": 4374, ""input_tokens"": 4318, ""output_tokens"": 56, ""parse_ms"": 0.104, ""planner_total_ms"": 7111.195, ""prompt_build_ms"": 0.459, ""retry_count"": 0, ""retry_reason"": """", ""total_tokens"": 4374}, ""action"": ""qwen_detection"", ""action_input"": {""finish_after_tool"": false, ""label"": ""玄铜弧顶缓冲座""}, ""clarification_question"": """", ""decision_type"": ""tool"", ""end_reason"": """", ""final_answer"": """", ""thought"": ""最新状态未满足结束或迁移条件，需要继续检测以更新结构化键值。""}]","step2:action expected 'migration_advisor', got 'qwen_detection' | step2:finish_after_tool expected True, got False | step2:arg 'use_image' expected True, got None | step2:arg 'use_visual_probe' expected True, got None | step2:arg 'user_query' expected to contain ['林区无人机补给舱异常额度会核9970号'], got None",6380.045,6365.857,4024,50,0,1,False,True
PROMV12-TB-003-QWEN-PE3,post_retry_error_step3,读取这次机器状态并选择唯一动作：先使用Qwen检测附件中的玄铜弧顶缓冲座，检测结果仅作为中间状态。最终需要判断林区无人机补给舱回执分支终签9158号应继续现有能力、结束，还是进入迁移评估。自然语言里的故障等级和预算描述没有路由优先级，只读取本 query 最新 observation 的结构化键值。错误状态仅在 retryable=true 与 retry_count=0 同时成立时复用原检测器一次，否则调用迁移顾问。正常状态需要候选数、置信度、跨提示一致性和域偏移四个门槛全部通过才结束，任一否决项都转迁移。缺省、非法、冲突状态采取保守分支；已经重试一次的结果不能再次触发检测器。检测器必须设置 finish_after_tool=false；迁移顾问使用当前图片和视觉探针并设置 finish_after_tool=true。,True,examples/images/planner_retry_optimizer_matched_v12/darkbronze_arch_buffer.png,"[{""action"": ""qwen_detection"", ""arg_contains"": {""label"": [""玄铜弧顶缓冲座""]}, ""decision_type"": ""tool"", ""required_args"": {""finish_after_tool"": false}}, {""action"": ""qwen_detection"", ""arg_contains"": {""label"": [""玄铜弧顶缓冲座""]}, ""decision_type"": ""tool"", ""required_args"": {""finish_after_tool"": false}}, {""action"": ""migration_advisor"", ""arg_contains"": {""user_query"": [""林区无人机补给舱回执分支终签9158号""]}, ""decision_type"": ""tool"", ""required_args"": {""finish_after_tool"": true, ""use_image"": true, ""use_visual_probe"": true}}]","[""rag_answer"", ""re_question"", ""answerer"", ""flux-image-generation"", ""rexomni_detection"", ""pipeline_eval""]","{""action_match"": 0.65, ""argument_match"": 0.1, ""decision_type_valid"": 0.03, ""final_tool_finish"": 0.1, ""finish_after_tool"": 0.1, ""json_valid"": 0.02, ""no_forbidden_action"": 0.1, ""no_premature_stop"": 0.1, ""no_repeated_tool"": 0.1, ""no_skip_required_probe"": 0.1, ""strict_action_match"": true, ""strict_argument_types"": true, ""wrong_action_cap"": 0.2}",False,0.734375,"[""qwen_detection"", ""qwen_detection"", ""qwen_detection""]",qwen_detection,"[{""_planner_metrics"": {""api_call_ms"": 6310.438, ""first_api_call_ms"": 6310.438, ""first_finish_reason"": ""stop"", ""first_input_tokens"": 4016, ""first_output_tokens"": 50, ""first_total_tokens"": 4066, ""input_tokens"": 4016, ""output_tokens"": 50, ""parse_ms"": 0.106, ""planner_total_ms"": 6322.73, ""prompt_build_ms"": 0.368, ""retry_count"": 0, ""retry_reason"": """", ""total_tokens"": 4066}, ""action"": ""qwen_detection"", ""action_input"": {""finish_after_tool"": false, ""label"": ""玄铜弧顶缓冲座""}, ""clarification_question"": """", ""decision_type"": ""tool"", ""end_reason"": """", ""final_answer"": """", ""thought"": ""先执行用户指定的检测器以取得当前结构化状态。""}, {""_planner_metrics"": {""api_call_ms"": 6702.986, ""first_api_call_ms"": 6702.986, ""first_finish_reason"": ""stop"", ""first_input_tokens"": 4328, ""first_output_tokens"": 52, ""first_total_tokens"": 4380, ""input_tokens"": 4328, ""output_tokens"": 52, ""parse_ms"": 0.104, ""planner_total_ms"": 6717.398, ""prompt_build_ms"": 0.401, ""retry_count"": 0, ""retry_reason"": """", ""total_tokens"": 4380}, ""action"": ""qwen_detection"", ""action_input"": {""finish_after_tool"": false, ""label"": ""玄铜弧顶缓冲座""}, ""clarification_question"": """", ""decision_type"": ""tool"", ""end_reason"": """", ""final_answer"": """", ""thought"": ""最新状态满足错误重试条件，需要再次使用同一检测器。""}, {""_planner_metrics"": {""api_call_ms"": 6960.287, ""first_api_call_ms"": 6960.287, ""first_finish_reason"": ""stop"", ""first_input_tokens"": 4638, ""first_output_tokens"": 52, ""first_total_tokens"": 4690, ""input_tokens"": 4638, ""output_tokens"": 52, ""parse_ms"": 0.102, ""planner_total_ms"": 6974.261, ""prompt_build_ms"": 0.466, ""retry_count"": 0, ""retry_reason"": """", ""total_tokens"": 4690}, ""action"": ""qwen_detection"", ""action_input"": {""finish_after_tool"": false, ""label"": ""玄铜弧顶缓冲座""}, ""clarification_question"": """", ""decision_type"": ""tool"", ""end_reason"": """", ""final_answer"": """", ""thought"": ""最新状态满足错误重试条件，需要再次使用同一检测器。""}]","step3:action expected 'migration_advisor', got 'qwen_detection' | step3:finish_after_tool expected True, got False | step3:arg 'use_image' expected True, got None | step3:arg 'use_visual_probe' expected True, got None | step3:arg 'user_query' expected to contain ['林区无人机补给舱回执分支终签9158号'], got None",6322.73,6310.438,4016,50,0,1,False,True
PROMV12-TB-006-QWEN-NR2,nonretryable_step2,历史文字可能误导，本轮以后写入的 observation 为准：先使用Qwen检测附件中的玄铜弧顶缓冲座，检测结果仅作为中间状态。最终需要判断林区无人机补给舱异常额度会核9970号应继续现有能力、结束，还是进入迁移评估。自然语言里的故障等级和预算描述没有路由优先级，只读取本 query 最新 observation 的结构化键值。错误状态仅在 retryable=true 与 retry_count=0 同时成立时复用原检测器一次，否则调用迁移顾问。正常状态需要候选数、置信度、跨提示一致性和域偏移四个门槛全部通过才结束，任一否决项都转迁移。缺省、非法、冲突状态采取保守分支；已经重试一次的结果不能再次触发检测器。检测器必须设置 finish_after_tool=false；迁移顾问使用当前图片和视觉探针并设置 finish_after_tool=true。,True,examples/images/planner_retry_optimizer_matched_v12/darkbronze_arch_buffer.png,"[{""action"": ""qwen_detection"", ""arg_contains"": {""label"": [""玄铜弧顶缓冲座""]}, ""decision_type"": ""tool"", ""required_args"": {""finish_after_tool"": false}}, {""action"": ""migration_advisor"", ""arg_contains"": {""user_query"": [""林区无人机补给舱异常额度会核9970号""]}, ""decision_type"": ""tool"", ""required_args"": {""finish_after_tool"": true, ""use_image"": true, ""use_visual_probe"": true}}]","[""rag_answer"", ""re_question"", ""answerer"", ""flux-image-generation"", ""rexomni_detection"", ""pipeline_eval""]","{""action_match"": 0.65, ""argument_match"": 0.1, ""decision_type_valid"": 0.03, ""final_tool_finish"": 0.1, ""finish_after_tool"": 0.1, ""json_valid"": 0.02, ""no_forbidden_action"": 0.1, ""no_premature_stop"": 0.1, ""no_repeated_tool"": 0.1, ""no_skip_required_probe"": 0.1, ""strict_action_match"": true, ""strict_argument_types"": true, ""wrong_action_cap"": 0.2}",False,0.586957,"[""qwen_detection"", ""qwen_detection""]",qwen_detection,"[{""_planner_metrics"": {""api_call_ms"": 6617.374, ""first_api_call_ms"": 6617.374, ""first_finish_reason"": ""stop"", ""first_input_tokens"": 4024, ""first_output_tokens"": 50, ""first_total_tokens"": 4074, ""input_tokens"": 4024, ""output_tokens"": 50, ""parse_ms"": 0.116, ""planner_total_ms"": 6630.694, ""prompt_build_ms"": 0.356, ""retry_count"": 0, ""retry_reason"": """", ""total_tokens"": 4074}, ""action"": ""qwen_detection"", ""action_input"": {""finish_after_tool"": false, ""label"": ""玄铜弧顶缓冲座""}, ""clarification_question"": """", ""decision_type"": ""tool"", ""end_reason"": """", ""final_answer"": """", ""thought"": ""先执行用户指定的检测器以取得当前结构化状态。""}, {""_planner_metrics"": {""api_call_ms"": 6609.261, ""first_api_call_ms"": 6609.261, ""first_finish_reason"": ""stop"", ""first_input_tokens"": 4329, ""first_output_tokens"": 50, ""first_total_tokens"": 4379, ""input_tokens"": 4329, ""output_tokens"": 50, ""parse_ms"": 0.188, ""planner_total_ms"": 6624.156, ""prompt_build_ms"": 0.403, ""retry_count"": 0, ""retry_reason"": """", ""total_tokens"": 4379}, ""action"": ""qwen_detection"", ""action_input"": {""finish_after_tool"": false, ""label"": ""玄铜弧顶缓冲座""}, ""clarification_question"": """", ""decision_type"": ""tool"", ""end_reason"": """", ""final_answer"": """", ""thought"": ""最新状态满足错误状态且可重试一次检测器。""}]","step2:action expected 'migration_advisor', got 'qwen_detection' | step2:finish_after_tool expected True, got False | step2:arg 'use_image' expected True, got None | step2:arg 'use_visual_probe' expected True, got None | step2:arg 'user_query' expected to contain ['林区无人机补给舱异常额度会核9970号'], got None",6630.694,6617.374,4024,50,0,1,False,True
PROMV12-TB-005-REX-PS3,post_retry_success_step3,历史文字可能误导，本轮以后写入的 observation 为准：先使用Rex-Omni检测附件中的玄铜弧顶缓冲座，检测结果仅作为中间状态。最终需要判断流域梯级调度闸站异常额度会核2044号应继续现有能力、结束，还是进入迁移评估。自然语言里的故障等级和预算描述没有路由优先级，只读取本 query 最新 observation 的结构化键值。错误状态仅在 retryable=true 与 retry_count=0 同时成立时复用原检测器一次，否则调用迁移顾问。正常状态需要候选数、置信度、跨提示一致性和域偏移四个门槛全部通过才结束，任一否决项都转迁移。缺省、非法、冲突状态采取保守分支；已经重试一次的结果不能再次触发检测器。检测器必须设置 finish_after_tool=false；迁移顾问使用当前图片和视觉探针并设置 finish_after_tool=true。,True,examples/images/planner_retry_optimizer_matched_v12/darkbronze_arch_buffer.png,"[{""action"": ""rexomni_detection"", ""arg_contains"": {""label"": [""玄铜弧顶缓冲座""]}, ""decision_type"": ""tool"", ""required_args"": {""finish_after_tool"": false}}, {""action"": ""rexomni_detection"", ""arg_contains"": {""label"": [""玄铜弧顶缓冲座""]}, ""decision_type"": ""tool"", ""required_args"": {""finish_after_tool"": false}}, {""arg_contains"": {}, ""decision_type"": ""end"", ""required_args"": {""end_reason"": ""memory_hit""}}]","[""rag_answer"", ""re_question"", ""answerer"", ""flux-image-generation"", ""qwen_detection"", ""pipeline_eval"", ""migration_advisor""]","{""action_match"": 0.65, ""argument_match"": 0.1, ""decision_type_valid"": 0.03, ""final_tool_finish"": 0.1, ""finish_after_tool"": 0.1, ""json_valid"": 0.02, ""no_forbidden_action"": 0.1, ""no_premature_stop"": 0.1, ""no_repeated_tool"": 0.1, ""no_skip_required_probe"": 0.1, ""strict_action_match"": true, ""strict_argument_types"": true, ""wrong_action_cap"": 0.2}",False,0.725,"[""rexomni_detection"", ""rexomni_detection"", ""migration_advisor""]",rexomni_detection,"[{""_planner_metrics"": {""api_call_ms"": 6562.254, ""first_api_call_ms"": 6562.254, ""first_finish_reason"": ""stop"", ""first_input_tokens"": 4034, ""first_output_tokens"": 51, ""first_total_tokens"": 4085, ""input_tokens"": 4034, ""output_tokens"": 51, ""parse_ms"": 0.133, ""planner_total_ms"": 6575.55, ""prompt_build_ms"": 0.458, ""retry_count"": 0, ""retry_reason"": """", ""total_tokens"": 4085}, ""action"": ""rexomni_detection"", ""action_input"": {""finish_after_tool"": false, ""label"": ""玄铜弧顶缓冲座""}, ""clarification_question"": """", ""decision_type"": ""tool"", ""end_reason"": """", ""final_answer"": """", ""thought"": ""先执行用户指定的检测器以取得当前结构化状态。""}, {""_planner_metrics"": {""api_call_ms"": 6975.657, ""first_api_call_ms"": 6975.657, ""first_finish_reason"": ""stop"", ""first_input_tokens"": 4346, ""first_output_tokens"": 54, ""first_total_tokens"": 4400, ""input_tokens"": 4346, ""output_tokens"": 54, ""parse_ms"": 0.105, ""planner_total_ms"": 6990.979, ""prompt_build_ms"": 0.422, ""retry_count"": 0, ""retry_reason"": """", ""total_tokens"": 4400}, ""action"": ""rexomni_detection"", ""action_input"": {""finish_after_tool"": false, ""label"": ""玄铜弧顶缓冲座""}, ""clarification_question"": """", ""decision_type"": ""tool"", ""end_reason"": """", ""final_answer"": """", ""thought"": ""最新状态满足错误状态重试条件，需要再次使用同一检测器。""}, {""_planner_metrics"": {""api_call_ms"": 9148.426, ""first_api_call_ms"": 9148.426, ""first_finish_reason"": ""stop"", ""first_input_tokens"": 4653, ""first_output_tokens"": 74, ""first_total_tokens"": 4727, ""input_tokens"": 4653, ""output_tokens"": 74, ""parse_ms"": 0.16, ""planner_total_ms"": 9162.504, ""prompt_build_ms"": 0.404, ""retry_count"": 0, ""retry_reason"": """", ""total_tokens"": 4727}, ""action"": ""migration_advisor"", ""action_input"": {""finish_after_tool"": true, ""use_image"": true, ""use_visual_probe"": true, ""user_query"": ""流域梯级调度闸站异常额度会核2044号""}, ""clarification_question"": """", ""decision_type"": ""tool"", ""end_reason"": """", ""final_answer"": """", ""thought"": ""最新状态未满足结束或重试条件，需要进入能力迁移评估。""}]","step3:decision_type expected 'end', got 'tool' | step3:action expected 'end', got 'migration_advisor' | step3:arg 'end_reason' expected 'memory_hit', got '' | forbidden:migration_advisor",6575.55,6562.254,4034,51,0,1,False,True
PROMV12-TB-009-QWEN-PS3,post_retry_success_step3,能力迁移已候场，先核验最新探针回执：先使用Qwen检测附件中的金橙五星复检片，检测结果仅作为中间状态。最终需要判断林区无人机补给舱探针恢复复议6446号应继续现有能力、结束，还是进入迁移评估。自然语言里的故障等级和预算描述没有路由优先级，只读取本 query 最新 observation 的结构化键值。错误状态仅在 retryable=true 与 retry_count=0 同时成立时复用原检测器一次，否则调用迁移顾问。正常状态需要候选数、置信度、跨提示一致性和域偏移四个门槛全部通过才结束，任一否决项都转迁移。缺省、非法、冲突状态采取保守分支；已经重试一次的结果不能再次触发检测器。检测器必须设置 finish_after_tool=false；迁移顾问使用当前图片和视觉探针并设置 finish_after_tool=true。,True,examples/images/planner_retry_optimizer_matched_v12/goldorange_five_star_recheck.png,"[{""action"": ""qwen_detection"", ""arg_contains"": {""label"": [""金橙五星复检片""]}, ""decision_type"": ""tool"", ""required_args"": {""finish_after_tool"": false}}, {""action"": ""qwen_detection"", ""arg_contains"": {""label"": [""金橙五星复检片""]}, ""decision_type"": ""tool"", ""required_args"": {""finish_after_tool"": false}}, {""arg_contains"": {}, ""decision_type"": ""end"", ""required_args"": {""end_reason"": ""memory_hit""}}]","[""rag_answer"", ""re_question"", ""answerer"", ""flux-image-generation"", ""rexomni_detection"", ""pipeline_eval"", ""migration_advisor""]","{""action_match"": 0.65, ""argument_match"": 0.1, ""decision_type_valid"": 0.03, ""final_tool_finish"": 0.1, ""finish_after_tool"": 0.1, ""json_valid"": 0.02, ""no_forbidden_action"": 0.1, ""no_premature_stop"": 0.1, ""no_repeated_tool"": 0.1, ""no_skip_required_probe"": 0.1, ""strict_action_match"": true, ""strict_argument_types"": true, ""wrong_action_cap"": 0.2}",False,0.428125,"[""qwen_detection"", ""migration_advisor"", ""migration_advisor""]",qwen_detection,"[{""_planner_metrics"": {""api_call_ms"": 6290.365, ""first_api_call_ms"": 6290.365, ""first_finish_reason"": ""stop"", ""first_input_tokens"": 4019, ""first_output_tokens"": 49, ""first_total_tokens"": 4068, ""input_tokens"": 4019, ""output_tokens"": 49, ""parse_ms"": 0.103, ""planner_total_ms"": 6303.251, ""prompt_build_ms"": 0.393, ""retry_count"": 0, ""retry_reason"": """", ""total_tokens"": 4068}, ""action"": ""qwen_detection"", ""action_input"": {""finish_after_tool"": false, ""label"": ""金橙五星复检片""}, ""clarification_question"": """", ""decision_type"": ""tool"", ""end_reason"": """", ""final_answer"": """", ""thought"": ""先执行用户指定的检测器以取得当前结构化状态。""}, {""_planner_metrics"": {""api_call_ms"": 8773.77, ""first_api_call_ms"": 8773.77, ""first_finish_reason"": ""stop"", ""first_input_tokens"": 4327, ""first_output_tokens"": 71, ""first_total_tokens"": 4398, ""input_tokens"": 4327, ""output_tokens"": 71, ""parse_ms"": 0.111, ""planner_total_ms"": 8787.022, ""prompt_build_ms"": 0.417, ""retry_count"": 0, ""retry_reason"": """", ""total_tokens"": 4398}, ""action"": ""migration_advisor"", ""action_input"": {""finish_after_tool"": true, ""use_image"": true, ""use_visual_probe"": true, ""user_query"": ""林区无人机补给舱探针恢复复议6446号""}, ""clarification_question"": """", ""decision_type"": ""tool"", ""end_reason"": """", ""final_answer"": """", ""thought"": ""最新状态未满足结束或重试条件，需要进入能力迁移评估。""}, {""_planner_metrics"": {""api_call_ms"": 8775.494, ""first_api_call_ms"": 8775.494, ""first_finish_reason"": ""stop"", ""first_input_tokens"": 4657, ""first_output_tokens"": 71, ""first_total_tokens"": 4728, ""input_tokens"": 4657, ""output_tokens"": 71, ""parse_ms"": 0.111, ""planner_total_ms"": 8789.944, ""prompt_build_ms"": 0.416, ""retry_count"": 0, ""retry_reason"": """", ""total_tokens"": 4728}, ""action"": ""migration_advisor"", ""action_input"": {""finish_after_tool"": true, ""use_image"": true, ""use_visual_probe"": true, ""user_query"": ""林区无人机补给舱探针恢复复议6446号""}, ""clarification_question"": """", ""decision_type"": ""tool"", ""end_reason"": """", ""final_answer"": """", ""thought"": ""最新状态未满足结束或重试条件，需要进入能力迁移评估。""}]","step2:action expected 'qwen_detection', got 'migration_advisor' | step2:finish_after_tool expected False, got True | step2:arg 'label' expected to contain ['金橙五星复检片'], got None | step3:decision_type expected 'end', got 'tool' | step3:action expected 'end', got 'migration_advisor' | step3:arg 'end_reason' expected 'memory_hit', got '' | forbidden:migration_advisor | forbidden:migration_advisor",6303.251,6290.365,4019,49,0,1,False,True
PROMV12-TB-009-REX-FR2,fresh_retry_step2,能力迁移已候场，先核验最新探针回执：先使用Rex-Omni检测附件中的金橙五星复检片，检测结果仅作为中间状态。最终需要判断林区无人机补给舱探针恢复复议6446号应继续现有能力、结束，还是进入迁移评估。自然语言里的故障等级和预算描述没有路由优先级，只读取本 query 最新 observation 的结构化键值。错误状态仅在 retryable=true 与 retry_count=0 同时成立时复用原检测器一次，否则调用迁移顾问。正常状态需要候选数、置信度、跨提示一致性和域偏移四个门槛全部通过才结束，任一否决项都转迁移。缺省、非法、冲突状态采取保守分支；已经重试一次的结果不能再次触发检测器。检测器必须设置 finish_after_tool=false；迁移顾问使用当前图片和视觉探针并设置 finish_after_tool=true。,True,examples/images/planner_retry_optimizer_matched_v12/goldorange_five_star_recheck.png,"[{""action"": ""rexomni_detection"", ""arg_contains"": {""label"": [""金橙五星复检片""]}, ""decision_type"": ""tool"", ""required_args"": {""finish_after_tool"": false}}, {""action"": ""rexomni_detection"", ""arg_contains"": {""label"": [""金橙五星复检片""]}, ""decision_type"": ""tool"", ""required_args"": {""finish_after_tool"": false}}, {""arg_contains"": {}, ""decision_type"": ""end"", ""required_args"": {""end_reason"": ""memory_hit""}}]","[""rag_answer"", ""re_question"", ""answerer"", ""flux-image-generation"", ""qwen_detection"", ""pipeline_eval"", ""migration_advisor""]","{""action_match"": 0.65, ""argument_match"": 0.1, ""decision_type_valid"": 0.03, ""final_tool_finish"": 0.1, ""finish_after_tool"": 0.1, ""json_valid"": 0.02, ""no_forbidden_action"": 0.1, ""no_premature_stop"": 0.1, ""no_repeated_tool"": 0.1, ""no_skip_required_probe"": 0.1, ""strict_action_match"": true, ""strict_argument_types"": true, ""wrong_action_cap"": 0.2}",False,0.725,"[""rexomni_detection"", ""rexomni_detection"", ""migration_advisor""]",rexomni_detection,"[{""_planner_metrics"": {""api_call_ms"": 6587.093, ""first_api_call_ms"": 6587.093, ""first_finish_reason"": ""stop"", ""first_input_tokens"": 4025, ""first_output_tokens"": 50, ""first_total_tokens"": 4075, ""input_tokens"": 4025, ""output_tokens"": 50, ""parse_ms"": 0.103, ""planner_total_ms"": 6603.103, ""prompt_build_ms"": 0.463, ""retry_count"": 0, ""retry_reason"": """", ""total_tokens"": 4075}, ""action"": ""rexomni_detection"", ""action_input"": {""finish_after_tool"": false, ""label"": ""金橙五星复检片""}, ""clarification_question"": """", ""decision_type"": ""tool"", ""end_reason"": """", ""final_answer"": """", ""thought"": ""先执行用户指定的检测器以取得当前结构化状态。""}, {""_planner_metrics"": {""api_call_ms"": 6889.664, ""first_api_call_ms"": 6889.664, ""first_finish_reason"": ""stop"", ""first_input_tokens"": 4337, ""first_output_tokens"": 52, ""first_total_tokens"": 4389, ""input_tokens"": 4337, ""output_tokens"": 52, ""parse_ms"": 0.114, ""planner_total_ms"": 6903.072, ""prompt_build_ms"": 0.376, ""retry_count"": 0, ""retry_reason"": """", ""total_tokens"": 4389}, ""action"": ""rexomni_detection"", ""action_input"": {""finish_after_tool"": false, ""label"": ""金橙五星复检片""}, ""clarification_question"": """", ""decision_type"": ""tool"", ""end_reason"": """", ""final_answer"": """", ""thought"": ""最新状态满足错误重试条件，需要再次使用同一检测器。""}, {""_planner_metrics"": {""api_call_ms"": 9068.351, ""first_api_call_ms"": 9068.351, ""first_finish_reason"": ""stop"", ""first_input_tokens"": 4645, ""first_output_tokens"": 71, ""first_total_tokens"": 4716, ""input_tokens"": 4645, ""output_tokens"": 71, ""parse_ms"": 0.116, ""planner_total_ms"": 9083.143, ""prompt_build_ms"": 0.416, ""retry_count"": 0, ""retry_reason"": """", ""total_tokens"": 4716}, ""action"": ""migration_advisor"", ""action_input"": {""finish_after_tool"": true, ""use_image"": true, ""use_visual_probe"": true, ""user_query"": ""林区无人机补给舱探针恢复复议6446号""}, ""clarification_question"": """", ""decision_type"": ""tool"", ""end_reason"": """", ""final_answer"": """", ""thought"": ""最新状态未满足结束或重试条件，需要进入能力迁移评估。""}]","step3:decision_type expected 'end', got 'tool' | step3:action expected 'end', got 'migration_advisor' | step3:arg 'end_reason' expected 'memory_hit', got '' | forbidden:migration_advisor",6603.103,6587.093,4025,50,0,1,False,True
PROMV12-TB-008-REX-PE3,post_retry_error_step3,能力迁移已候场，先核验最新探针回执：先使用Rex-Omni检测附件中的玄铜弧顶缓冲座，检测结果仅作为中间状态。最终需要判断流域梯级调度闸站探针恢复复议4894号应继续现有能力、结束，还是进入迁移评估。自然语言里的故障等级和预算描述没有路由优先级，只读取本 query 最新 observation 的结构化键值。错误状态仅在 retryable=true 与 retry_count=0 同时成立时复用原检测器一次，否则调用迁移顾问。正常状态需要候选数、置信度、跨提示一致性和域偏移四个门槛全部通过才结束，任一否决项都转迁移。缺省、非法、冲突状态采取保守分支；已经重试一次的结果不能再次触发检测器。检测器必须设置 finish_after_tool=false；迁移顾问使用当前图片和视觉探针并设置 finish_after_tool=true。,True,examples/images/planner_retry_optimizer_matched_v12/darkbronze_arch_buffer.png,"[{""action"": ""rexomni_detection"", ""arg_contains"": {""label"": [""玄铜弧顶缓冲座""]}, ""decision_type"": ""tool"", ""required_args"": {""finish_after_tool"": false}}, {""action"": ""rexomni_detection"", ""arg_contains"": {""label"": [""玄铜弧顶缓冲座""]}, ""decision_type"": ""tool"", ""required_args"": {""finish_after_tool"": false}}, {""action"": ""migration_advisor"", ""arg_contains"": {""user_query"": [""流域梯级调度闸站探针恢复复议4894号""]}, ""decision_type"": ""tool"", ""required_args"": {""finish_after_tool"": true, ""use_image"": true, ""use_visual_probe"": true}}]","[""rag_answer"", ""re_question"", ""answerer"", ""flux-image-generation"", ""qwen_detection"", ""pipeline_eval""]","{""action_match"": 0.65, ""argument_match"": 0.1, ""decision_type_valid"": 0.03, ""final_tool_finish"": 0.1, ""finish_after_tool"": 0.1, ""json_valid"": 0.02, ""no_forbidden_action"": 0.1, ""no_premature_stop"": 0.1, ""no_repeated_tool"": 0.1, ""no_skip_required_probe"": 0.1, ""strict_action_match"": true, ""strict_argument_types"": true, ""wrong_action_cap"": 0.2}",False,0.734375,"[""rexomni_detection"", ""rexomni_detection"", ""rexomni_detection""]",rexomni_detection,"[{""_planner_metrics"": {""api_call_ms"": 6663.663, ""first_api_call_ms"": 6663.663, ""first_finish_reason"": ""stop"", ""first_input_tokens"": 4030, ""first_output_tokens"": 51, ""first_total_tokens"": 4081, ""input_tokens"": 4030, ""output_tokens"": 51, ""parse_ms"": 0.105, ""planner_total_ms"": 6677.015, ""prompt_build_ms"": 0.368, ""retry_count"": 0, ""retry_reason"": """", ""total_tokens"": 4081}, ""action"": ""rexomni_detection"", ""action_input"": {""finish_after_tool"": false, ""label"": ""玄铜弧顶缓冲座""}, ""clarification_question"": """", ""decision_type"": ""tool"", ""end_reason"": """", ""final_answer"": """", ""thought"": ""先执行用户指定的检测器以取得当前结构化状态。""}, {""_planner_metrics"": {""api_call_ms"": 6958.059, ""first_api_call_ms"": 6958.059, ""first_finish_reason"": ""stop"", ""first_input_tokens"": 4343, ""first_output_tokens"": 53, ""first_total_tokens"": 4396, ""input_tokens"": 4343, ""output_tokens"": 53, ""parse_ms"": 0.103, ""planner_total_ms"": 6971.39, ""prompt_build_ms"": 0.4, ""retry_count"": 0, ""retry_reason"": """", ""total_tokens"": 4396}, ""action"": ""rexomni_detection"", ""action_input"": {""finish_after_tool"": false, ""label"": ""玄铜弧顶缓冲座""}, ""clarification_question"": """", ""decision_type"": ""tool"", ""end_reason"": """", ""final_answer"": """", ""thought"": ""最新状态满足错误重试条件，需要再次使用同一检测器。""}, {""_planner_metrics"": {""api_call_ms"": 7188.927, ""first_api_call_ms"": 7188.927, ""first_finish_reason"": ""stop"", ""first_input_tokens"": 4653, ""first_output_tokens"": 53, ""first_total_tokens"": 4706, ""input_tokens"": 4653, ""output_tokens"": 53, ""parse_ms"": 0.106, ""planner_total_ms"": 7202.902, ""prompt_build_ms"": 0.438, ""retry_count"": 0, ""retry_reason"": """", ""total_tokens"": 4706}, ""action"": ""rexomni_detection"", ""action_input"": {""finish_after_tool"": false, ""label"": ""玄铜弧顶缓冲座""}, ""clarification_question"": """", ""decision_type"": ""tool"", ""end_reason"": """", ""final_answer"": """", ""thought"": ""最新状态满足错误重试条件，需要再次使用同一检测器。""}]","step3:action expected 'migration_advisor', got 'rexomni_detection' | step3:finish_after_tool expected True, got False | step3:arg 'use_image' expected True, got None | step3:arg 'use_visual_probe' expected True, got None | step3:arg 'user_query' expected to contain ['流域梯级调度闸站探针恢复复议4894号'], got None",6677.015,6663.663,4030,51,0,1,False,True
PROMV12-TB-004-REX-PS3,post_retry_success_step3,读取这次机器状态并选择唯一动作：先使用Rex-Omni检测附件中的金橙五星复检片，检测结果仅作为中间状态。最终需要判断碳化硅陶瓷烧结台回执分支终签7625号应继续现有能力、结束，还是进入迁移评估。自然语言里的故障等级和预算描述没有路由优先级，只读取本 query 最新 observation 的结构化键值。错误状态仅在 retryable=true 与 retry_count=0 同时成立时复用原检测器一次，否则调用迁移顾问。正常状态需要候选数、置信度、跨提示一致性和域偏移四个门槛全部通过才结束，任一否决项都转迁移。缺省、非法、冲突状态采取保守分支；已经重试一次的结果不能再次触发检测器。检测器必须设置 finish_after_tool=false；迁移顾问使用当前图片和视觉探针并设置 finish_after_tool=true。,True,examples/images/planner_retry_optimizer_matched_v12/goldorange_five_star_recheck.png,"[{""action"": ""rexomni_detection"", ""arg_contains"": {""label"": [""金橙五星复检片""]}, ""decision_type"": ""tool"", ""required_args"": {""finish_after_tool"": false}}, {""action"": ""rexomni_detection"", ""arg_contains"": {""label"": [""金橙五星复检片""]}, ""decision_type"": ""tool"", ""required_args"": {""finish_after_tool"": false}}, {""arg_contains"": {}, ""decision_type"": ""end"", ""required_args"": {""end_reason"": ""memory_hit""}}]","[""rag_answer"", ""re_question"", ""answerer"", ""flux-image-generation"", ""qwen_detection"", ""pipeline_eval"", ""migration_advisor""]","{""action_match"": 0.65, ""argument_match"": 0.1, ""decision_type_valid"": 0.03, ""final_tool_finish"": 0.1, ""finish_after_tool"": 0.1, ""json_valid"": 0.02, ""no_forbidden_action"": 0.1, ""no_premature_stop"": 0.1, ""no_repeated_tool"": 0.1, ""no_skip_required_probe"": 0.1, ""strict_action_match"": true, ""strict_argument_types"": true, ""wrong_action_cap"": 0.2}",False,0.725,"[""rexomni_detection"", ""rexomni_detection"", ""migration_advisor""]",rexomni_detection,"[{""_planner_metrics"": {""api_call_ms"": 6525.214, ""first_api_call_ms"": 6525.214, ""first_finish_reason"": ""stop"", ""first_input_tokens"": 4023, ""first_output_tokens"": 50, ""first_total_tokens"": 4073, ""input_tokens"": 4023, ""output_tokens"": 50, ""parse_ms"": 0.118, ""planner_total_ms"": 6539.599, ""prompt_build_ms"": 0.386, ""retry_count"": 0, ""retry_reason"": """", ""total_tokens"": 4073}, ""action"": ""rexomni_detection"", ""action_input"": {""finish_after_tool"": false, ""label"": ""金橙五星复检片""}, ""clarification_question"": """", ""decision_type"": ""tool"", ""end_reason"": """", ""final_answer"": """", ""thought"": ""先执行用户指定的检测器以取得当前结构化状态。""}, {""_planner_metrics"": {""api_call_ms"": 6918.904, ""first_api_call_ms"": 6918.904, ""first_finish_reason"": ""stop"", ""first_input_tokens"": 4330, ""first_output_tokens"": 52, ""first_total_tokens"": 4382, ""input_tokens"": 4330, ""output_tokens"": 52, ""parse_ms"": 0.161, ""planner_total_ms"": 6933.662, ""prompt_build_ms"": 0.481, ""retry_count"": 0, ""retry_reason"": """", ""total_tokens"": 4382}, ""action"": ""rexomni_detection"", ""action_input"": {""finish_after_tool"": false, ""label"": ""金橙五星复检片""}, ""clarification_question"": """", ""decision_type"": ""tool"", ""end_reason"": """", ""final_answer"": """", ""thought"": ""最新状态满足错误重试条件，需要再次使用同一检测器。""}, {""_planner_metrics"": {""api_call_ms"": 9180.21, ""first_api_call_ms"": 9180.21, ""first_finish_reason"": ""stop"", ""first_input_tokens"": 4632, ""first_output_tokens"": 73, ""first_total_tokens"": 4705, ""input_tokens"": 4632, ""output_tokens"": 73, ""parse_ms"": 0.132, ""planner_total_ms"": 9194.863, ""prompt_build_ms"": 0.543, ""retry_count"": 0, ""retry_reason"": """", ""total_tokens"": 4705}, ""action"": ""migration_advisor"", ""action_input"": {""finish_after_tool"": true, ""use_image"": true, ""use_visual_probe"": true, ""user_query"": ""碳化硅陶瓷烧结台回执分支终签7625号""}, ""clarification_question"": """", ""decision_type"": ""tool"", ""end_reason"": """", ""final_answer"": """", ""thought"": ""最新状态未满足结束或重试条件，需要进入能力迁移评估。""}]","step3:decision_type expected 'end', got 'tool' | step3:action expected 'end', got 'migration_advisor' | step3:arg 'end_reason' expected 'memory_hit', got '' | forbidden:migration_advisor",6539.599,6525.214,4023,50,0,1,False,True
PROMV12-TB-007-QWEN-PE3,post_retry_error_step3,失联背景和当前预算并存时只使用显式字段：先使用Qwen检测附件中的玄铜弧顶缓冲座，检测结果仅作为中间状态。最终需要判断碳化硅陶瓷烧结台探针恢复复议4867号应继续现有能力、结束，还是进入迁移评估。自然语言里的故障等级和预算描述没有路由优先级，只读取本 query 最新 observation 的结构化键值。错误状态仅在 retryable=true 与 retry_count=0 同时成立时复用原检测器一次，否则调用迁移顾问。正常状态需要候选数、置信度、跨提示一致性和域偏移四个门槛全部通过才结束，任一否决项都转迁移。缺省、非法、冲突状态采取保守分支；已经重试一次的结果不能再次触发检测器。检测器必须设置 finish_after_tool=false；迁移顾问使用当前图片和视觉探针并设置 finish_after_tool=true。,True,examples/images/planner_retry_optimizer_matched_v12/darkbronze_arch_buffer.png,"[{""action"": ""qwen_detection"", ""arg_contains"": {""label"": [""玄铜弧顶缓冲座""]}, ""decision_type"": ""tool"", ""required_args"": {""finish_after_tool"": false}}, {""action"": ""qwen_detection"", ""arg_contains"": {""label"": [""玄铜弧顶缓冲座""]}, ""decision_type"": ""tool"", ""required_args"": {""finish_after_tool"": false}}, {""action"": ""migration_advisor"", ""arg_contains"": {""user_query"": [""碳化硅陶瓷烧结台探针恢复复议4867号""]}, ""decision_type"": ""tool"", ""required_args"": {""finish_after_tool"": true, ""use_image"": true, ""use_visual_probe"": true}}]","[""rag_answer"", ""re_question"", ""answerer"", ""flux-image-generation"", ""rexomni_detection"", ""pipeline_eval""]","{""action_match"": 0.65, ""argument_match"": 0.1, ""decision_type_valid"": 0.03, ""final_tool_finish"": 0.1, ""finish_after_tool"": 0.1, ""json_valid"": 0.02, ""no_forbidden_action"": 0.1, ""no_premature_stop"": 0.1, ""no_repeated_tool"": 0.1, ""no_skip_required_probe"": 0.1, ""strict_action_match"": true, ""strict_argument_types"": true, ""wrong_action_cap"": 0.2}",False,0.703125,"[""qwen_detection"", ""migration_advisor"", ""migration_advisor""]",qwen_detection,"[{""_planner_metrics"": {""api_call_ms"": 6539.609, ""first_api_call_ms"": 6539.609, ""first_finish_reason"": ""stop"", ""first_input_tokens"": 4022, ""first_output_tokens"": 50, ""first_total_tokens"": 4072, ""input_tokens"": 4022, ""output_tokens"": 50, ""parse_ms"": 0.123, ""planner_total_ms"": 6552.07, ""prompt_build_ms"": 0.341, ""retry_count"": 0, ""retry_reason"": """", ""total_tokens"": 4072}, ""action"": ""qwen_detection"", ""action_input"": {""finish_after_tool"": false, ""label"": ""玄铜弧顶缓冲座""}, ""clarification_question"": """", ""decision_type"": ""tool"", ""end_reason"": """", ""final_answer"": """", ""thought"": ""先执行用户指定的检测器以取得当前结构化状态。""}, {""_planner_metrics"": {""api_call_ms"": 9074.169, ""first_api_call_ms"": 9074.169, ""first_finish_reason"": ""stop"", ""first_input_tokens"": 4328, ""first_output_tokens"": 72, ""first_total_tokens"": 4400, ""input_tokens"": 4328, ""output_tokens"": 72, ""parse_ms"": 0.121, ""planner_total_ms"": 9087.952, ""prompt_build_ms"": 0.426, ""retry_count"": 0, ""retry_reason"": """", ""total_tokens"": 4400}, ""action"": ""migration_advisor"", ""action_input"": {""finish_after_tool"": true, ""use_image"": true, ""use_visual_probe"": true, ""user_query"": ""碳化硅陶瓷烧结台探针恢复复议4867号""}, ""clarification_question"": """", ""decision_type"": ""tool"", ""end_reason"": """", ""final_answer"": """", ""thought"": ""最新状态未满足结束或重试条件，需要进入能力迁移评估。""}, {""_planner_metrics"": {""api_call_ms"": 9204.208, ""first_api_call_ms"": 9204.208, ""first_finish_reason"": ""stop"", ""first_input_tokens"": 4659, ""first_output_tokens"": 72, ""first_total_tokens"": 4731, ""input_tokens"": 4659, ""output_tokens"": 72, ""parse_ms"": 0.225, ""planner_total_ms"": 9219.094, ""prompt_build_ms"": 0.421, ""retry_count"": 0, ""retry_reason"": """", ""total_tokens"": 4731}, ""action"": ""migration_advisor"", ""action_input"": {""finish_after_tool"": true, ""use_image"": true, ""use_visual_probe"": true, ""user_query"": ""碳化硅陶瓷烧结台探针恢复复议4867号""}, ""clarification_question"": """", ""decision_type"": ""tool"", ""end_reason"": """", ""final_answer"": """", ""thought"": ""最新状态未满足结束或重试条件，需要进入能力迁移评估。""}]","step2:action expected 'qwen_detection', got 'migration_advisor' | step2:finish_after_tool expected False, got True | step2:arg 'label' expected to contain ['玄铜弧顶缓冲座'], got None",6552.07,6539.609,4022,50,0,1,False,True
PROMV12-TB-011-REX-PE3,post_retry_error_step3,历史文字可能误导，本轮以后写入的 observation 为准：先使用Rex-Omni检测附件中的金橙五星复检片，检测结果仅作为中间状态。最终需要判断甚低频射电阵列异常额度会核5850号应继续现有能力、结束，还是进入迁移评估。自然语言里的故障等级和预算描述没有路由优先级，只读取本 query 最新 observation 的结构化键值。错误状态仅在 retryable=true 与 retry_count=0 同时成立时复用原检测器一次，否则调用迁移顾问。正常状态需要候选数、置信度、跨提示一致性和域偏移四个门槛全部通过才结束，任一否决项都转迁移。缺省、非法、冲突状态采取保守分支；已经重试一次的结果不能再次触发检测器。检测器必须设置 finish_after_tool=false；迁移顾问使用当前图片和视觉探针并设置 finish_after_tool=true。,True,examples/images/planner_retry_optimizer_matched_v12/goldorange_five_star_recheck.png,"[{""action"": ""rexomni_detection"", ""arg_contains"": {""label"": [""金橙五星复检片""]}, ""decision_type"": ""tool"", ""required_args"": {""finish_after_tool"": false}}, {""action"": ""rexomni_detection"", ""arg_contains"": {""label"": [""金橙五星复检片""]}, ""decision_type"": ""tool"", ""required_args"": {""finish_after_tool"": false}}, {""action"": ""migration_advisor"", ""arg_contains"": {""user_query"": [""甚低频射电阵列异常额度会核5850号""]}, ""decision_type"": ""tool"", ""required_args"": {""finish_after_tool"": true, ""use_image"": true, ""use_visual_probe"": true}}]","[""rag_answer"", ""re_question"", ""answerer"", ""flux-image-generation"", ""qwen_detection"", ""pipeline_eval""]","{""action_match"": 0.65, ""argument_match"": 0.1, ""decision_type_valid"": 0.03, ""final_tool_finish"": 0.1, ""finish_after_tool"": 0.1, ""json_valid"": 0.02, ""no_forbidden_action"": 0.1, ""no_premature_stop"": 0.1, ""no_repeated_tool"": 0.1, ""no_skip_required_probe"": 0.1, ""strict_action_match"": true, ""strict_argument_types"": true, ""wrong_action_cap"": 0.2}",False,0.734375,"[""rexomni_detection"", ""rexomni_detection"", ""rexomni_detection""]",rexomni_detection,"[{""_planner_metrics"": {""api_call_ms"": 6562.524, ""first_api_call_ms"": 6562.524, ""first_finish_reason"": ""stop"", ""first_input_tokens"": 4031, ""first_output_tokens"": 50, ""first_total_tokens"": 4081, ""input_tokens"": 4031, ""output_tokens"": 50, ""parse_ms"": 0.152, ""planner_total_ms"": 6575.48, ""prompt_build_ms"": 0.428, ""retry_count"": 0, ""retry_reason"": """", ""total_tokens"": 4081}, ""action"": ""rexomni_detection"", ""action_input"": {""finish_after_tool"": false, ""label"": ""金橙五星复检片""}, ""clarification_question"": """", ""decision_type"": ""tool"", ""end_reason"": """", ""final_answer"": """", ""thought"": ""先执行用户指定的检测器以取得当前结构化状态。""}, {""_planner_metrics"": {""api_call_ms"": 6945.385, ""first_api_call_ms"": 6945.385, ""first_finish_reason"": ""stop"", ""first_input_tokens"": 4345, ""first_output_tokens"": 52, ""first_total_tokens"": 4397, ""input_tokens"": 4345, ""output_tokens"": 52, ""parse_ms"": 0.186, ""planner_total_ms"": 6960.743, ""prompt_build_ms"": 0.454, ""retry_count"": 0, ""retry_reason"": """", ""total_tokens"": 4397}, ""action"": ""rexomni_detection"", ""action_input"": {""finish_after_tool"": false, ""label"": ""金橙五星复检片""}, ""clarification_question"": """", ""decision_type"": ""tool"", ""end_reason"": """", ""final_answer"": """", ""thought"": ""最新状态满足错误重试条件，需要再次使用同一检测器。""}, {""_planner_metrics"": {""api_call_ms"": 7087.167, ""first_api_call_ms"": 7087.167, ""first_finish_reason"": ""stop"", ""first_input_tokens"": 4652, ""first_output_tokens"": 52, ""first_total_tokens"": 4704, ""input_tokens"": 4652, ""output_tokens"": 52, ""parse_ms"": 0.142, ""planner_total_ms"": 7102.134, ""prompt_build_ms"": 0.47, ""retry_count"": 0, ""retry_reason"": """", ""total_tokens"": 4704}, ""action"": ""rexomni_detection"", ""action_input"": {""finish_after_tool"": false, ""label"": ""金橙五星复检片""}, ""clarification_question"": """", ""decision_type"": ""tool"", ""end_reason"": """", ""final_answer"": """", ""thought"": ""最新状态满足错误重试条件，需要再次使用同一检测器。""}]","step3:action expected 'migration_advisor', got 'rexomni_detection' | step3:finish_after_tool expected True, got False | step3:arg 'use_image' expected True, got None | step3:arg 'use_visual_probe' expected True, got None | step3:arg 'user_query' expected to contain ['甚低频射电阵列异常额度会核5850号'], got None",6575.48,6562.524,4031,50,0,1,False,True
PROMV12-TB-012-QWEN-PS3,post_retry_success_step3,读取这次机器状态并选择唯一动作：先使用Qwen检测附件中的金橙五星复检片，检测结果仅作为中间状态。最终需要判断甚低频射电阵列回执分支终签3879号应继续现有能力、结束，还是进入迁移评估。自然语言里的故障等级和预算描述没有路由优先级，只读取本 query 最新 observation 的结构化键值。错误状态仅在 retryable=true 与 retry_count=0 同时成立时复用原检测器一次，否则调用迁移顾问。正常状态需要候选数、置信度、跨提示一致性和域偏移四个门槛全部通过才结束，任一否决项都转迁移。缺省、非法、冲突状态采取保守分支；已经重试一次的结果不能再次触发检测器。检测器必须设置 finish_after_tool=false；迁移顾问使用当前图片和视觉探针并设置 finish_after_tool=true。,True,examples/images/planner_retry_optimizer_matched_v12/goldorange_five_star_recheck.png,"[{""action"": ""qwen_detection"", ""arg_contains"": {""label"": [""金橙五星复检片""]}, ""decision_type"": ""tool"", ""required_args"": {""finish_after_tool"": false}}, {""action"": ""qwen_detection"", ""arg_contains"": {""label"": [""金橙五星复检片""]}, ""decision_type"": ""tool"", ""required_args"": {""finish_after_tool"": false}}, {""arg_contains"": {}, ""decision_type"": ""end"", ""required_args"": {""end_reason"": ""memory_hit""}}]","[""rag_answer"", ""re_question"", ""answerer"", ""flux-image-generation"", ""rexomni_detection"", ""pipeline_eval"", ""migration_advisor""]","{""action_match"": 0.65, ""argument_match"": 0.1, ""decision_type_valid"": 0.03, ""final_tool_finish"": 0.1, ""finish_after_tool"": 0.1, ""json_valid"": 0.02, ""no_forbidden_action"": 0.1, ""no_premature_stop"": 0.1, ""no_repeated_tool"": 0.1, ""no_skip_required_probe"": 0.1, ""strict_action_match"": true, ""strict_argument_types"": true, ""wrong_action_cap"": 0.2}",False,0.725,"[""qwen_detection"", ""qwen_detection"", ""migration_advisor""]",qwen_detection,"[{""_planner_metrics"": {""api_call_ms"": 6561.581, ""first_api_call_ms"": 6561.581, ""first_finish_reason"": ""stop"", ""first_input_tokens"": 4017, ""first_output_tokens"": 49, ""first_total_tokens"": 4066, ""input_tokens"": 4017, ""output_tokens"": 49, ""parse_ms"": 0.163, ""planner_total_ms"": 6577.486, ""prompt_build_ms"": 0.477, ""retry_count"": 0, ""retry_reason"": """", ""total_tokens"": 4066}, ""action"": ""qwen_detection"", ""action_input"": {""finish_after_tool"": false, ""label"": ""金橙五星复检片""}, ""clarification_question"": """", ""decision_type"": ""tool"", ""end_reason"": """", ""final_answer"": """", ""thought"": ""先执行用户指定的检测器以取得当前结构化状态。""}, {""_planner_metrics"": {""api_call_ms"": 6852.413, ""first_api_call_ms"": 6852.413, ""first_finish_reason"": ""stop"", ""first_input_tokens"": 4329, ""first_output_tokens"": 51, ""first_total_tokens"": 4380, ""input_tokens"": 4329, ""output_tokens"": 51, ""parse_ms"": 0.138, ""planner_total_ms"": 6865.907, ""prompt_build_ms"": 0.395, ""retry_count"": 0, ""retry_reason"": """", ""total_tokens"": 4380}, ""action"": ""qwen_detection"", ""action_input"": {""finish_after_tool"": false, ""label"": ""金橙五星复检片""}, ""clarification_question"": """", ""decision_type"": ""tool"", ""end_reason"": """", ""final_answer"": """", ""thought"": ""最新状态满足错误重试条件，需要再次使用同一检测器。""}, {""_planner_metrics"": {""api_call_ms"": 9128.085, ""first_api_call_ms"": 9128.085, ""first_finish_reason"": ""stop"", ""first_input_tokens"": 4635, ""first_output_tokens"": 73, ""first_total_tokens"": 4708, ""input_tokens"": 4635, ""output_tokens"": 73, ""parse_ms"": 0.215, ""planner_total_ms"": 9142.815, ""prompt_build_ms"": 0.419, ""retry_count"": 0, ""retry_reason"": """", ""total_tokens"": 4708}, ""action"": ""migration_advisor"", ""action_input"": {""finish_after_tool"": true, ""use_image"": true, ""use_visual_probe"": true, ""user_query"": ""甚低频射电阵列回执分支终签3879号""}, ""clarification_question"": """", ""decision_type"": ""tool"", ""end_reason"": """", ""final_answer"": """", ""thought"": ""最新状态未满足结束或重试条件，需要进入能力迁移评估。""}]","step3:decision_type expected 'end', got 'tool' | step3:action expected 'end', got 'migration_advisor' | step3:arg 'end_reason' expected 'memory_hit', got '' | forbidden:migration_advisor",6577.486,6561.581,4017,49,0,1,False,True
PROMV12-TB-005-REX-PE3,post_retry_error_step3,历史文字可能误导，本轮以后写入的 observation 为准：先使用Rex-Omni检测附件中的玄铜弧顶缓冲座，检测结果仅作为中间状态。最终需要判断流域梯级调度闸站异常额度会核2044号应继续现有能力、结束，还是进入迁移评估。自然语言里的故障等级和预算描述没有路由优先级，只读取本 query 最新 observation 的结构化键值。错误状态仅在 retryable=true 与 retry_count=0 同时成立时复用原检测器一次，否则调用迁移顾问。正常状态需要候选数、置信度、跨提示一致性和域偏移四个门槛全部通过才结束，任一否决项都转迁移。缺省、非法、冲突状态采取保守分支；已经重试一次的结果不能再次触发检测器。检测器必须设置 finish_after_tool=false；迁移顾问使用当前图片和视觉探针并设置 finish_after_tool=true。,True,examples/images/planner_retry_optimizer_matched_v12/darkbronze_arch_buffer.png,"[{""action"": ""rexomni_detection"", ""arg_contains"": {""label"": [""玄铜弧顶缓冲座""]}, ""decision_type"": ""tool"", ""required_args"": {""finish_after_tool"": false}}, {""action"": ""rexomni_detection"", ""arg_contains"": {""label"": [""玄铜弧顶缓冲座""]}, ""decision_type"": ""tool"", ""required_args"": {""finish_after_tool"": false}}, {""action"": ""migration_advisor"", ""arg_contains"": {""user_query"": [""流域梯级调度闸站异常额度会核2044号""]}, ""decision_type"": ""tool"", ""required_args"": {""finish_after_tool"": true, ""use_image"": true, ""use_visual_probe"": true}}]","[""rag_answer"", ""re_question"", ""answerer"", ""flux-image-generation"", ""qwen_detection"", ""pipeline_eval""]","{""action_match"": 0.65, ""argument_match"": 0.1, ""decision_type_valid"": 0.03, ""final_tool_finish"": 0.1, ""finish_after_tool"": 0.1, ""json_valid"": 0.02, ""no_forbidden_action"": 0.1, ""no_premature_stop"": 0.1, ""no_repeated_tool"": 0.1, ""no_skip_required_probe"": 0.1, ""strict_action_match"": true, ""strict_argument_types"": true, ""wrong_action_cap"": 0.2}",False,0.734375,"[""rexomni_detection"", ""rexomni_detection"", ""rexomni_detection""]",rexomni_detection,"[{""_planner_metrics"": {""api_call_ms"": 6457.71, ""first_api_call_ms"": 6457.71, ""first_finish_reason"": ""stop"", ""first_input_tokens"": 4034, ""first_output_tokens"": 51, ""first_total_tokens"": 4085, ""input_tokens"": 4034, ""output_tokens"": 51, ""parse_ms"": 0.178, ""planner_total_ms"": 6471.526, ""prompt_build_ms"": 0.442, ""retry_count"": 0, ""retry_reason"": """", ""total_tokens"": 4085}, ""action"": ""rexomni_detection"", ""action_input"": {""finish_after_tool"": false, ""label"": ""玄铜弧顶缓冲座""}, ""clarification_question"": """", ""decision_type"": ""tool"", ""end_reason"": """", ""final_answer"": """", ""thought"": ""先执行用户指定的检测器以取得当前结构化状态。""}, {""_planner_metrics"": {""api_call_ms"": 6931.878, ""first_api_call_ms"": 6931.878, ""first_finish_reason"": ""stop"", ""first_input_tokens"": 4347, ""first_output_tokens"": 54, ""first_total_tokens"": 4401, ""input_tokens"": 4347, ""output_tokens"": 54, ""parse_ms"": 0.135, ""planner_total_ms"": 6948.997, ""prompt_build_ms"": 0.776, ""retry_count"": 0, ""retry_reason"": """", ""total_tokens"": 4401}, ""action"": ""rexomni_detection"", ""action_input"": {""finish_after_tool"": false, ""label"": ""玄铜弧顶缓冲座""}, ""clarification_question"": """", ""decision_type"": ""tool"", ""end_reason"": """", ""final_answer"": """", ""thought"": ""最新状态满足错误状态重试条件，需要再次使用同一检测器。""}, {""_planner_metrics"": {""api_call_ms"": 7093.025, ""first_api_call_ms"": 7093.025, ""first_finish_reason"": ""stop"", ""first_input_tokens"": 4659, ""first_output_tokens"": 54, ""first_total_tokens"": 4713, ""input_tokens"": 4659, ""output_tokens"": 54, ""parse_ms"": 0.144, ""planner_total_ms"": 7107.413, ""prompt_build_ms"": 0.401, ""retry_count"": 0, ""retry_reason"": """", ""total_tokens"": 4713}, ""action"": ""rexomni_detection"", ""action_input"": {""finish_after_tool"": false, ""label"": ""玄铜弧顶缓冲座""}, ""clarification_question"": """", ""decision_type"": ""tool"", ""end_reason"": """", ""final_answer"": """", ""thought"": ""最新状态满足错误状态重试条件，需要再次使用同一检测器。""}]","step3:action expected 'migration_advisor', got 'rexomni_detection' | step3:finish_after_tool expected True, got False | step3:arg 'use_image' expected True, got None | step3:arg 'use_visual_probe' expected True, got None | step3:arg 'user_query' expected to contain ['流域梯级调度闸站异常额度会核2044号'], got None",6471.526,6457.71,4034,51,0,1,False,True
PROMV12-TB-001-REX-PV3,post_retry_metric_veto_step3,失联背景和当前预算并存时只使用显式字段：先使用Rex-Omni检测附件中的金橙五星复检片，检测结果仅作为中间状态。最终需要判断碳化硅陶瓷烧结台异常额度会核2063号应继续现有能力、结束，还是进入迁移评估。自然语言里的故障等级和预算描述没有路由优先级，只读取本 query 最新 observation 的结构化键值。错误状态仅在 retryable=true 与 retry_count=0 同时成立时复用原检测器一次，否则调用迁移顾问。正常状态需要候选数、置信度、跨提示一致性和域偏移四个门槛全部通过才结束，任一否决项都转迁移。缺省、非法、冲突状态采取保守分支；已经重试一次的结果不能再次触发检测器。检测器必须设置 finish_after_tool=false；迁移顾问使用当前图片和视觉探针并设置 finish_after_tool=true。,True,examples/images/planner_retry_optimizer_matched_v12/goldorange_five_star_recheck.png,"[{""action"": ""rexomni_detection"", ""arg_contains"": {""label"": [""金橙五星复检片""]}, ""decision_type"": ""tool"", ""required_args"": {""finish_after_tool"": false}}, {""action"": ""rexomni_detection"", ""arg_contains"": {""label"": [""金橙五星复检片""]}, ""decision_type"": ""tool"", ""required_args"": {""finish_after_tool"": false}}, {""action"": ""migration_advisor"", ""arg_contains"": {""user_query"": [""碳化硅陶瓷烧结台异常额度会核2063号""]}, ""decision_type"": ""tool"", ""required_args"": {""finish_after_tool"": true, ""use_image"": true, ""use_visual_probe"": true}}]","[""rag_answer"", ""re_question"", ""answerer"", ""flux-image-generation"", ""qwen_detection"", ""pipeline_eval""]","{""action_match"": 0.65, ""argument_match"": 0.1, ""decision_type_valid"": 0.03, ""final_tool_finish"": 0.1, ""finish_after_tool"": 0.1, ""json_valid"": 0.02, ""no_forbidden_action"": 0.1, ""no_premature_stop"": 0.1, ""no_repeated_tool"": 0.1, ""no_skip_required_probe"": 0.1, ""strict_action_match"": true, ""strict_argument_types"": true, ""wrong_action_cap"": 0.2}",False,0.428125,"[""rexomni_detection"", ""migration_advisor"", ""final_answer""]",rexomni_detection,"[{""_planner_metrics"": {""api_call_ms"": 6375.675, ""first_api_call_ms"": 6375.675, ""first_finish_reason"": ""stop"", ""first_input_tokens"": 4029, ""first_output_tokens"": 50, ""first_total_tokens"": 4079, ""input_tokens"": 4029, ""output_tokens"": 50, ""parse_ms"": 0.14, ""planner_total_ms"": 6388.58, ""prompt_build_ms"": 0.371, ""retry_count"": 0, ""retry_reason"": """", ""total_tokens"": 4079}, ""action"": ""rexomni_detection"", ""action_input"": {""finish_after_tool"": false, ""label"": ""金橙五星复检片""}, ""clarification_question"": """", ""decision_type"": ""tool"", ""end_reason"": """", ""final_answer"": """", ""thought"": ""先执行用户指定的检测器以取得当前结构化状态。""}, {""_planner_metrics"": {""api_call_ms"": 8782.743, ""first_api_call_ms"": 8782.743, ""first_finish_reason"": ""stop"", ""first_input_tokens"": 4342, ""first_output_tokens"": 73, ""first_total_tokens"": 4415, ""input_tokens"": 4342, ""output_tokens"": 73, ""parse_ms"": 0.151, ""planner_total_ms"": 8799.314, ""prompt_build_ms"": 0.437, ""retry_count"": 0, ""retry_reason"": """", ""total_tokens"": 4415}, ""action"": ""migration_advisor"", ""action_input"": {""finish_after_tool"": true, ""use_image"": true, ""use_visual_probe"": true, ""user_query"": ""碳化硅陶瓷烧结台异常额度会核2063号""}, ""clarification_question"": """", ""decision_type"": ""tool"", ""end_reason"": """", ""final_answer"": """", ""thought"": ""最新状态未满足结束或重试条件，需要进入能力迁移评估。""}, {""_planner_metrics"": {""api_call_ms"": 4909.315, ""first_api_call_ms"": 4909.315, ""first_finish_reason"": ""stop"", ""first_input_tokens"": 4673, ""first_output_tokens"": 32, ""first_total_tokens"": 4705, ""input_tokens"": 4673, ""output_tokens"": 32, ""parse_ms"": 0.134, ""planner_total_ms"": 4924.445, ""prompt_build_ms"": 0.42, ""retry_count"": 0, ""retry_reason"": """", ""total_tokens"": 4705}, ""action"": ""final_answer"", ""action_input"": {}, ""clarification_question"": """", ""decision_type"": ""end"", ""end_reason"": ""recheck_done"", ""final_answer"": """", ""thought"": ""最新状态已满足结束条件，可以收口。""}]","step2:action expected 'rexomni_detection', got 'migration_advisor' | step2:finish_after_tool expected False, got True | step2:arg 'label' expected to contain ['金橙五星复检片'], got None | step3:decision_type expected 'tool', got 'end' | step3:action expected 'migration_advisor', got 'end' | step3:finish_after_tool expected True, got None | step3:arg 'use_image' expected True, got None | step3:arg 'use_visual_probe' expected True, got None | step3:arg 'user_query' expected to contain ['碳化硅陶瓷烧结台异常额度会核2063号'], got None",6388.58,6375.675,4029,50,0,1,False,True
PROMV12-TB-012-QWEN-PE3,post_retry_error_step3,读取这次机器状态并选择唯一动作：先使用Qwen检测附件中的金橙五星复检片，检测结果仅作为中间状态。最终需要判断甚低频射电阵列回执分支终签3879号应继续现有能力、结束，还是进入迁移评估。自然语言里的故障等级和预算描述没有路由优先级，只读取本 query 最新 observation 的结构化键值。错误状态仅在 retryable=true 与 retry_count=0 同时成立时复用原检测器一次，否则调用迁移顾问。正常状态需要候选数、置信度、跨提示一致性和域偏移四个门槛全部通过才结束，任一否决项都转迁移。缺省、非法、冲突状态采取保守分支；已经重试一次的结果不能再次触发检测器。检测器必须设置 finish_after_tool=false；迁移顾问使用当前图片和视觉探针并设置 finish_after_tool=true。,True,examples/images/planner_retry_optimizer_matched_v12/goldorange_five_star_recheck.png,"[{""action"": ""qwen_detection"", ""arg_contains"": {""label"": [""金橙五星复检片""]}, ""decision_type"": ""tool"", ""required_args"": {""finish_after_tool"": false}}, {""action"": ""qwen_detection"", ""arg_contains"": {""label"": [""金橙五星复检片""]}, ""decision_type"": ""tool"", ""required_args"": {""finish_after_tool"": false}}, {""action"": ""migration_advisor"", ""arg_contains"": {""user_query"": [""甚低频射电阵列回执分支终签3879号""]}, ""decision_type"": ""tool"", ""required_args"": {""finish_after_tool"": true, ""use_image"": true, ""use_visual_probe"": true}}]","[""rag_answer"", ""re_question"", ""answerer"", ""flux-image-generation"", ""rexomni_detection"", ""pipeline_eval""]","{""action_match"": 0.65, ""argument_match"": 0.1, ""decision_type_valid"": 0.03, ""final_tool_finish"": 0.1, ""finish_after_tool"": 0.1, ""json_valid"": 0.02, ""no_forbidden_action"": 0.1, ""no_premature_stop"": 0.1, ""no_repeated_tool"": 0.1, ""no_skip_required_probe"": 0.1, ""strict_action_match"": true, ""strict_argument_types"": true, ""wrong_action_cap"": 0.2}",False,0.734375,"[""qwen_detection"", ""qwen_detection"", ""qwen_detection""]",qwen_detection,"[{""_planner_metrics"": {""api_call_ms"": 6505.15, ""first_api_call_ms"": 6505.15, ""first_finish_reason"": ""stop"", ""first_input_tokens"": 4017, ""first_output_tokens"": 49, ""first_total_tokens"": 4066, ""input_tokens"": 4017, ""output_tokens"": 49, ""parse_ms"": 0.129, ""planner_total_ms"": 6518.652, ""prompt_build_ms"": 0.435, ""retry_count"": 0, ""retry_reason"": """", ""total_tokens"": 4066}, ""action"": ""qwen_detection"", ""action_input"": {""finish_after_tool"": false, ""label"": ""金橙五星复检片""}, ""clarification_question"": """", ""decision_type"": ""tool"", ""end_reason"": """", ""final_answer"": """", ""thought"": ""先执行用户指定的检测器以取得当前结构化状态。""}, {""_planner_metrics"": {""api_call_ms"": 6613.412, ""first_api_call_ms"": 6613.412, ""first_finish_reason"": ""stop"", ""first_input_tokens"": 4330, ""first_output_tokens"": 51, ""first_total_tokens"": 4381, ""input_tokens"": 4330, ""output_tokens"": 51, ""parse_ms"": 0.197, ""planner_total_ms"": 6629.06, ""prompt_build_ms"": 0.406, ""retry_count"": 0, ""retry_reason"": """", ""total_tokens"": 4381}, ""action"": ""qwen_detection"", ""action_input"": {""finish_after_tool"": false, ""label"": ""金橙五星复检片""}, ""clarification_question"": """", ""decision_type"": ""tool"", ""end_reason"": """", ""final_answer"": """", ""thought"": ""最新状态满足错误重试条件，需要再次使用同一检测器。""}, {""_planner_metrics"": {""api_call_ms"": 6818.74, ""first_api_call_ms"": 6818.74, ""first_finish_reason"": ""stop"", ""first_input_tokens"": 4641, ""first_output_tokens"": 51, ""first_total_tokens"": 4692, ""input_tokens"": 4641, ""output_tokens"": 51, ""parse_ms"": 0.137, ""planner_total_ms"": 6835.578, ""prompt_build_ms"": 0.519, ""retry_count"": 0, ""retry_reason"": """", ""total_tokens"": 4692}, ""action"": ""qwen_detection"", ""action_input"": {""finish_after_tool"": false, ""label"": ""金橙五星复检片""}, ""clarification_question"": """", ""decision_type"": ""tool"", ""end_reason"": """", ""final_answer"": """", ""thought"": ""最新状态满足错误重试条件，需要再次使用同一检测器。""}]","step3:action expected 'migration_advisor', got 'qwen_detection' | step3:finish_after_tool expected True, got False | step3:arg 'use_image' expected True, got None | step3:arg 'use_visual_probe' expected True, got None | step3:arg 'user_query' expected to contain ['甚低频射电阵列回执分支终签3879号'], got None",6518.652,6505.15,4017,49,0,1,False,True
PROMV12-TB-004-QWEN-PS3,post_retry_success_step3,读取这次机器状态并选择唯一动作：先使用Qwen检测附件中的金橙五星复检片，检测结果仅作为中间状态。最终需要判断碳化硅陶瓷烧结台回执分支终签7625号应继续现有能力、结束，还是进入迁移评估。自然语言里的故障等级和预算描述没有路由优先级，只读取本 query 最新 observation 的结构化键值。错误状态仅在 retryable=true 与 retry_count=0 同时成立时复用原检测器一次，否则调用迁移顾问。正常状态需要候选数、置信度、跨提示一致性和域偏移四个门槛全部通过才结束，任一否决项都转迁移。缺省、非法、冲突状态采取保守分支；已经重试一次的结果不能再次触发检测器。检测器必须设置 finish_after_tool=false；迁移顾问使用当前图片和视觉探针并设置 finish_after_tool=true。,True,examples/images/planner_retry_optimizer_matched_v12/goldorange_five_star_recheck.png,"[{""action"": ""qwen_detection"", ""arg_contains"": {""label"": [""金橙五星复检片""]}, ""decision_type"": ""tool"", ""required_args"": {""finish_after_tool"": false}}, {""action"": ""qwen_detection"", ""arg_contains"": {""label"": [""金橙五星复检片""]}, ""decision_type"": ""tool"", ""required_args"": {""finish_after_tool"": false}}, {""arg_contains"": {}, ""decision_type"": ""end"", ""required_args"": {""end_reason"": ""memory_hit""}}]","[""rag_answer"", ""re_question"", ""answerer"", ""flux-image-generation"", ""rexomni_detection"", ""pipeline_eval"", ""migration_advisor""]","{""action_match"": 0.65, ""argument_match"": 0.1, ""decision_type_valid"": 0.03, ""final_tool_finish"": 0.1, ""finish_after_tool"": 0.1, ""json_valid"": 0.02, ""no_forbidden_action"": 0.1, ""no_premature_stop"": 0.1, ""no_repeated_tool"": 0.1, ""no_skip_required_probe"": 0.1, ""strict_action_match"": true, ""strict_argument_types"": true, ""wrong_action_cap"": 0.2}",False,0.725,"[""qwen_detection"", ""qwen_detection"", ""migration_advisor""]",qwen_detection,"[{""_planner_metrics"": {""api_call_ms"": 6339.419, ""first_api_call_ms"": 6339.419, ""first_finish_reason"": ""stop"", ""first_input_tokens"": 4017, ""first_output_tokens"": 49, ""first_total_tokens"": 4066, ""input_tokens"": 4017, ""output_tokens"": 49, ""parse_ms"": 0.103, ""planner_total_ms"": 6353.9, ""prompt_build_ms"": 0.39, ""retry_count"": 0, ""retry_reason"": """", ""total_tokens"": 4066}, ""action"": ""qwen_detection"", ""action_input"": {""finish_after_tool"": false, ""label"": ""金橙五星复检片""}, ""clarification_question"": """", ""decision_type"": ""tool"", ""end_reason"": """", ""final_answer"": """", ""thought"": ""先执行用户指定的检测器以取得当前结构化状态。""}, {""_planner_metrics"": {""api_call_ms"": 6573.34, ""first_api_call_ms"": 6573.34, ""first_finish_reason"": ""stop"", ""first_input_tokens"": 4320, ""first_output_tokens"": 51, ""first_total_tokens"": 4371, ""input_tokens"": 4320, ""output_tokens"": 51, ""parse_ms"": 0.115, ""planner_total_ms"": 6586.607, ""prompt_build_ms"": 0.375, ""retry_count"": 0, ""retry_reason"": """", ""total_tokens"": 4371}, ""action"": ""qwen_detection"", ""action_input"": {""finish_after_tool"": false, ""label"": ""金橙五星复检片""}, ""clarification_question"": """", ""decision_type"": ""tool"", ""end_reason"": """", ""final_answer"": """", ""thought"": ""最新状态满足错误重试条件，需要再次使用同一检测器。""}, {""_planner_metrics"": {""api_call_ms"": 9006.382, ""first_api_call_ms"": 9006.382, ""first_finish_reason"": ""stop"", ""first_input_tokens"": 4618, ""first_output_tokens"": 73, ""first_total_tokens"": 4691, ""input_tokens"": 4618, ""output_tokens"": 73, ""parse_ms"": 0.165, ""planner_total_ms"": 9021.161, ""prompt_build_ms"": 0.507, ""retry_count"": 0, ""retry_reason"": """", ""total_tokens"": 4691}, ""action"": ""migration_advisor"", ""action_input"": {""finish_after_tool"": true, ""use_image"": true, ""use_visual_probe"": true, ""user_query"": ""碳化硅陶瓷烧结台回执分支终签7625号""}, ""clarification_question"": """", ""decision_type"": ""tool"", ""end_reason"": """", ""final_answer"": """", ""thought"": ""最新状态未满足结束或重试条件，需要进入能力迁移评估。""}]","step3:decision_type expected 'end', got 'tool' | step3:action expected 'end', got 'migration_advisor' | step3:arg 'end_reason' expected 'memory_hit', got '' | forbidden:migration_advisor",6353.9,6339.419,4017,49,0,1,False,True
PROMV12-TB-001-QWEN-FR2,fresh_retry_step2,失联背景和当前预算并存时只使用显式字段：先使用Qwen检测附件中的金橙五星复检片，检测结果仅作为中间状态。最终需要判断碳化硅陶瓷烧结台异常额度会核2063号应继续现有能力、结束，还是进入迁移评估。自然语言里的故障等级和预算描述没有路由优先级，只读取本 query 最新 observation 的结构化键值。错误状态仅在 retryable=true 与 retry_count=0 同时成立时复用原检测器一次，否则调用迁移顾问。正常状态需要候选数、置信度、跨提示一致性和域偏移四个门槛全部通过才结束，任一否决项都转迁移。缺省、非法、冲突状态采取保守分支；已经重试一次的结果不能再次触发检测器。检测器必须设置 finish_after_tool=false；迁移顾问使用当前图片和视觉探针并设置 finish_after_tool=true。,True,examples/images/planner_retry_optimizer_matched_v12/goldorange_five_star_recheck.png,"[{""action"": ""qwen_detection"", ""arg_contains"": {""label"": [""金橙五星复检片""]}, ""decision_type"": ""tool"", ""required_args"": {""finish_after_tool"": false}}, {""action"": ""qwen_detection"", ""arg_contains"": {""label"": [""金橙五星复检片""]}, ""decision_type"": ""tool"", ""required_args"": {""finish_after_tool"": false}}, {""arg_contains"": {}, ""decision_type"": ""end"", ""required_args"": {""end_reason"": ""memory_hit""}}]","[""rag_answer"", ""re_question"", ""answerer"", ""flux-image-generation"", ""rexomni_detection"", ""pipeline_eval"", ""migration_advisor""]","{""action_match"": 0.65, ""argument_match"": 0.1, ""decision_type_valid"": 0.03, ""final_tool_finish"": 0.1, ""finish_after_tool"": 0.1, ""json_valid"": 0.02, ""no_forbidden_action"": 0.1, ""no_premature_stop"": 0.1, ""no_repeated_tool"": 0.1, ""no_skip_required_probe"": 0.1, ""strict_action_match"": true, ""strict_argument_types"": true, ""wrong_action_cap"": 0.2}",False,0.640625,"[""qwen_detection"", ""migration_advisor"", ""final_answer""]",qwen_detection,"[{""_planner_metrics"": {""api_call_ms"": 6236.807, ""first_api_call_ms"": 6236.807, ""first_finish_reason"": ""stop"", ""first_input_tokens"": 4023, ""first_output_tokens"": 49, ""first_total_tokens"": 4072, ""input_tokens"": 4023, ""output_tokens"": 49, ""parse_ms"": 0.131, ""planner_total_ms"": 6250.247, ""prompt_build_ms"": 0.385, ""retry_count"": 0, ""retry_reason"": """", ""total_tokens"": 4072}, ""action"": ""qwen_detection"", ""action_input"": {""finish_after_tool"": false, ""label"": ""金橙五星复检片""}, ""clarification_question"": """", ""decision_type"": ""tool"", ""end_reason"": """", ""final_answer"": """", ""thought"": ""先执行用户指定的检测器以取得当前结构化状态。""}, {""_planner_metrics"": {""api_call_ms"": 8786.737, ""first_api_call_ms"": 8786.737, ""first_finish_reason"": ""stop"", ""first_input_tokens"": 4336, ""first_output_tokens"": 73, ""first_total_tokens"": 4409, ""input_tokens"": 4336, ""output_tokens"": 73, ""parse_ms"": 0.154, ""planner_total_ms"": 8800.144, ""prompt_build_ms"": 0.376, ""retry_count"": 0, ""retry_reason"": """", ""total_tokens"": 4409}, ""action"": ""migration_advisor"", ""action_input"": {""finish_after_tool"": true, ""use_image"": true, ""use_visual_probe"": true, ""user_query"": ""碳化硅陶瓷烧结台异常额度会核2063号""}, ""clarification_question"": """", ""decision_type"": ""tool"", ""end_reason"": """", ""final_answer"": """", ""thought"": ""最新状态未满足结束或重试条件，需要进入能力迁移评估。""}, {""_planner_metrics"": {""api_call_ms"": 4810.387, ""first_api_call_ms"": 4810.387, ""first_finish_reason"": ""stop"", ""first_input_tokens"": 4668, ""first_output_tokens"": 32, ""first_total_tokens"": 4700, ""input_tokens"": 4668, ""output_tokens"": 32, ""parse_ms"": 0.133, ""planner_total_ms"": 4825.859, ""prompt_build_ms"": 0.407, ""retry_count"": 0, ""retry_reason"": """", ""total_tokens"": 4700}, ""action"": ""final_answer"", ""action_input"": {}, ""clarification_question"": """", ""decision_type"": ""end"", ""end_reason"": ""recheck_done"", ""final_answer"": """", ""thought"": ""最新状态已满足结束条件，可以收口。""}]","step2:action expected 'qwen_detection', got 'migration_advisor' | step2:finish_after_tool expected False, got True | step2:arg 'label' expected to contain ['金橙五星复检片'], got None | step3:arg 'end_reason' expected 'memory_hit', got 'recheck_done' | forbidden:migration_advisor",6250.247,6236.807,4023,49,0,1,False,True
PROMV12-TB-010-QWEN-CS2,current_success_step2,失联背景和当前预算并存时只使用显式字段：先使用Qwen检测附件中的玄铜弧顶缓冲座，检测结果仅作为中间状态。最终需要判断流域梯级调度闸站回执分支终签5437号应继续现有能力、结束，还是进入迁移评估。自然语言里的故障等级和预算描述没有路由优先级，只读取本 query 最新 observation 的结构化键值。错误状态仅在 retryable=true 与 retry_count=0 同时成立时复用原检测器一次，否则调用迁移顾问。正常状态需要候选数、置信度、跨提示一致性和域偏移四个门槛全部通过才结束，任一否决项都转迁移。缺省、非法、冲突状态采取保守分支；已经重试一次的结果不能再次触发检测器。检测器必须设置 finish_after_tool=false；迁移顾问使用当前图片和视觉探针并设置 finish_after_tool=true。,True,examples/images/planner_retry_optimizer_matched_v12/darkbronze_arch_buffer.png,"[{""action"": ""qwen_detection"", ""arg_contains"": {""label"": [""玄铜弧顶缓冲座""]}, ""decision_type"": ""tool"", ""required_args"": {""finish_after_tool"": false}}, {""arg_contains"": {}, ""decision_type"": ""end"", ""required_args"": {""end_reason"": ""memory_hit""}}]","[""rag_answer"", ""re_question"", ""answerer"", ""flux-image-generation"", ""rexomni_detection"", ""pipeline_eval"", ""migration_advisor""]","{""action_match"": 0.65, ""argument_match"": 0.1, ""decision_type_valid"": 0.03, ""final_tool_finish"": 0.1, ""finish_after_tool"": 0.1, ""json_valid"": 0.02, ""no_forbidden_action"": 0.1, ""no_premature_stop"": 0.1, ""no_repeated_tool"": 0.1, ""no_skip_required_probe"": 0.1, ""strict_action_match"": true, ""strict_argument_types"": true, ""wrong_action_cap"": 0.2}",False,0.617391,"[""qwen_detection"", ""migration_advisor""]",qwen_detection,"[{""_planner_metrics"": {""api_call_ms"": 6326.4, ""first_api_call_ms"": 6326.4, ""first_finish_reason"": ""stop"", ""first_input_tokens"": 4023, ""first_output_tokens"": 50, ""first_total_tokens"": 4073, ""input_tokens"": 4023, ""output_tokens"": 50, ""parse_ms"": 0.141, ""planner_total_ms"": 6339.503, ""prompt_build_ms"": 0.393, ""retry_count"": 0, ""retry_reason"": """", ""total_tokens"": 4073}, ""action"": ""qwen_detection"", ""action_input"": {""finish_after_tool"": false, ""label"": ""玄铜弧顶缓冲座""}, ""clarification_question"": """", ""decision_type"": ""tool"", ""end_reason"": """", ""final_answer"": """", ""thought"": ""先执行用户指定的检测器以取得当前结构化状态。""}, {""_planner_metrics"": {""api_call_ms"": 8911.385, ""first_api_call_ms"": 8911.385, ""first_finish_reason"": ""stop"", ""first_input_tokens"": 4330, ""first_output_tokens"": 74, ""first_total_tokens"": 4404, ""input_tokens"": 4330, ""output_tokens"": 74, ""parse_ms"": 0.153, ""planner_total_ms"": 8926.302, ""prompt_build_ms"": 0.405, ""retry_count"": 0, ""retry_reason"": """", ""total_tokens"": 4404}, ""action"": ""migration_advisor"", ""action_input"": {""finish_after_tool"": true, ""use_image"": true, ""use_visual_probe"": true, ""user_query"": ""流域梯级调度闸站回执分支终签5437号""}, ""clarification_question"": """", ""decision_type"": ""tool"", ""end_reason"": """", ""final_answer"": """", ""thought"": ""最新状态未满足结束或重试条件，需要进入能力迁移评估。""}]","step2:decision_type expected 'end', got 'tool' | step2:action expected 'end', got 'migration_advisor' | step2:arg 'end_reason' expected 'memory_hit', got '' | forbidden:migration_advisor",6339.503,6326.4,4023,50,0,1,False,True
PROMV12-TB-006-QWEN-PV3,post_retry_metric_veto_step3,历史文字可能误导，本轮以后写入的 observation 为准：先使用Qwen检测附件中的玄铜弧顶缓冲座，检测结果仅作为中间状态。最终需要判断林区无人机补给舱异常额度会核9970号应继续现有能力、结束，还是进入迁移评估。自然语言里的故障等级和预算描述没有路由优先级，只读取本 query 最新 observation 的结构化键值。错误状态仅在 retryable=true 与 retry_count=0 同时成立时复用原检测器一次，否则调用迁移顾问。正常状态需要候选数、置信度、跨提示一致性和域偏移四个门槛全部通过才结束，任一否决项都转迁移。缺省、非法、冲突状态采取保守分支；已经重试一次的结果不能再次触发检测器。检测器必须设置 finish_after_tool=false；迁移顾问使用当前图片和视觉探针并设置 finish_after_tool=true。,True,examples/images/planner_retry_optimizer_matched_v12/darkbronze_arch_buffer.png,"[{""action"": ""qwen_detection"", ""arg_contains"": {""label"": [""玄铜弧顶缓冲座""]}, ""decision_type"": ""tool"", ""required_args"": {""finish_after_tool"": false}}, {""action"": ""qwen_detection"", ""arg_contains"": {""label"": [""玄铜弧顶缓冲座""]}, ""decision_type"": ""tool"", ""required_args"": {""finish_after_tool"": false}}, {""action"": ""migration_advisor"", ""arg_contains"": {""user_query"": [""林区无人机补给舱异常额度会核9970号""]}, ""decision_type"": ""tool"", ""required_args"": {""finish_after_tool"": true, ""use_image"": true, ""use_visual_probe"": true}}]","[""rag_answer"", ""re_question"", ""answerer"", ""flux-image-generation"", ""rexomni_detection"", ""pipeline_eval""]","{""action_match"": 0.65, ""argument_match"": 0.1, ""decision_type_valid"": 0.03, ""final_tool_finish"": 0.1, ""finish_after_tool"": 0.1, ""json_valid"": 0.02, ""no_forbidden_action"": 0.1, ""no_premature_stop"": 0.1, ""no_repeated_tool"": 0.1, ""no_skip_required_probe"": 0.1, ""strict_action_match"": true, ""strict_argument_types"": true, ""wrong_action_cap"": 0.2}",False,0.734375,"[""qwen_detection"", ""qwen_detection"", ""qwen_detection""]",qwen_detection,"[{""_planner_metrics"": {""api_call_ms"": 6295.718, ""first_api_call_ms"": 6295.718, ""first_finish_reason"": ""stop"", ""first_input_tokens"": 4024, ""first_output_tokens"": 50, ""first_total_tokens"": 4074, ""input_tokens"": 4024, ""output_tokens"": 50, ""parse_ms"": 0.101, ""planner_total_ms"": 6308.649, ""prompt_build_ms"": 0.42, ""retry_count"": 0, ""retry_reason"": """", ""total_tokens"": 4074}, ""action"": ""qwen_detection"", ""action_input"": {""finish_after_tool"": false, ""label"": ""玄铜弧顶缓冲座""}, ""clarification_question"": """", ""decision_type"": ""tool"", ""end_reason"": """", ""final_answer"": """", ""thought"": ""先执行用户指定的检测器以取得当前结构化状态。""}, {""_planner_metrics"": {""api_call_ms"": 6441.425, ""first_api_call_ms"": 6441.425, ""first_finish_reason"": ""stop"", ""first_input_tokens"": 4332, ""first_output_tokens"": 50, ""first_total_tokens"": 4382, ""input_tokens"": 4332, ""output_tokens"": 50, ""parse_ms"": 0.104, ""planner_total_ms"": 6454.525, ""prompt_build_ms"": 0.387, ""retry_count"": 0, ""retry_reason"": """", ""total_tokens"": 4382}, ""action"": ""qwen_detection"", ""action_input"": {""finish_after_tool"": false, ""label"": ""玄铜弧顶缓冲座""}, ""clarification_question"": """", ""decision_type"": ""tool"", ""end_reason"": """", ""final_answer"": """", ""thought"": ""最新状态满足错误状态且可重试一次检测器。""}, {""_planner_metrics"": {""api_call_ms"": 7167.715, ""first_api_call_ms"": 7167.715, ""first_finish_reason"": ""stop"", ""first_input_tokens"": 4627, ""first_output_tokens"": 55, ""first_total_tokens"": 4682, ""input_tokens"": 4627, ""output_tokens"": 55, ""parse_ms"": 0.12, ""planner_total_ms"": 7181.702, ""prompt_build_ms"": 0.491, ""retry_count"": 0, ""retry_reason"": """", ""total_tokens"": 4682}, ""action"": ""qwen_detection"", ""action_input"": {""finish_after_tool"": false, ""label"": ""玄铜弧顶缓冲座""}, ""clarification_question"": """", ""decision_type"": ""tool"", ""end_reason"": """", ""final_answer"": """", ""thought"": ""最新状态未满足结束或迁移条件，需要继续检测以更新结构化状态。""}]","step3:action expected 'migration_advisor', got 'qwen_detection' | step3:finish_after_tool expected True, got False | step3:arg 'use_image' expected True, got None | step3:arg 'use_visual_probe' expected True, got None | step3:arg 'user_query' expected to contain ['林区无人机补给舱异常额度会核9970号'], got None",6308.649,6295.718,4024,50,0,1,False,True
PROMV12-TB-002-QWEN-PE3,post_retry_error_step3,能力迁移已候场，先核验最新探针回执：先使用Qwen检测附件中的金橙五星复检片，检测结果仅作为中间状态。最终需要判断甚低频射电阵列探针恢复复议3574号应继续现有能力、结束，还是进入迁移评估。自然语言里的故障等级和预算描述没有路由优先级，只读取本 query 最新 observation 的结构化键值。错误状态仅在 retryable=true 与 retry_count=0 同时成立时复用原检测器一次，否则调用迁移顾问。正常状态需要候选数、置信度、跨提示一致性和域偏移四个门槛全部通过才结束，任一否决项都转迁移。缺省、非法、冲突状态采取保守分支；已经重试一次的结果不能再次触发检测器。检测器必须设置 finish_after_tool=false；迁移顾问使用当前图片和视觉探针并设置 finish_after_tool=true。,True,examples/images/planner_retry_optimizer_matched_v12/goldorange_five_star_recheck.png,"[{""action"": ""qwen_detection"", ""arg_contains"": {""label"": [""金橙五星复检片""]}, ""decision_type"": ""tool"", ""required_args"": {""finish_after_tool"": false}}, {""action"": ""qwen_detection"", ""arg_contains"": {""label"": [""金橙五星复检片""]}, ""decision_type"": ""tool"", ""required_args"": {""finish_after_tool"": false}}, {""action"": ""migration_advisor"", ""arg_contains"": {""user_query"": [""甚低频射电阵列探针恢复复议3574号""]}, ""decision_type"": ""tool"", ""required_args"": {""finish_after_tool"": true, ""use_image"": true, ""use_visual_probe"": true}}]","[""rag_answer"", ""re_question"", ""answerer"", ""flux-image-generation"", ""rexomni_detection"", ""pipeline_eval""]","{""action_match"": 0.65, ""argument_match"": 0.1, ""decision_type_valid"": 0.03, ""final_tool_finish"": 0.1, ""finish_after_tool"": 0.1, ""json_valid"": 0.02, ""no_forbidden_action"": 0.1, ""no_premature_stop"": 0.1, ""no_repeated_tool"": 0.1, ""no_skip_required_probe"": 0.1, ""strict_action_match"": true, ""strict_argument_types"": true, ""wrong_action_cap"": 0.2}",False,0.4375,"[""qwen_detection"", ""migration_advisor"", ""qwen_detection""]",qwen_detection,"[{""_planner_metrics"": {""api_call_ms"": 6230.466, ""first_api_call_ms"": 6230.466, ""first_finish_reason"": ""stop"", ""first_input_tokens"": 4021, ""first_output_tokens"": 49, ""first_total_tokens"": 4070, ""input_tokens"": 4021, ""output_tokens"": 49, ""parse_ms"": 0.106, ""planner_total_ms"": 6243.836, ""prompt_build_ms"": 0.37, ""retry_count"": 0, ""retry_reason"": """", ""total_tokens"": 4070}, ""action"": ""qwen_detection"", ""action_input"": {""finish_after_tool"": false, ""label"": ""金橙五星复检片""}, ""clarification_question"": """", ""decision_type"": ""tool"", ""end_reason"": """", ""final_answer"": """", ""thought"": ""先执行用户指定的检测器以取得当前结构化状态。""}, {""_planner_metrics"": {""api_call_ms"": 8704.204, ""first_api_call_ms"": 8704.204, ""first_finish_reason"": ""stop"", ""first_input_tokens"": 4328, ""first_output_tokens"": 72, ""first_total_tokens"": 4400, ""input_tokens"": 4328, ""output_tokens"": 72, ""parse_ms"": 0.118, ""planner_total_ms"": 8718.008, ""prompt_build_ms"": 0.437, ""retry_count"": 0, ""retry_reason"": """", ""total_tokens"": 4400}, ""action"": ""migration_advisor"", ""action_input"": {""finish_after_tool"": true, ""use_image"": true, ""use_visual_probe"": true, ""user_query"": ""甚低频射电阵列探针恢复复议3574号""}, ""clarification_question"": """", ""decision_type"": ""tool"", ""end_reason"": """", ""final_answer"": """", ""thought"": ""最新状态未满足结束或重试条件，需要进入能力迁移评估。""}, {""_planner_metrics"": {""api_call_ms"": 6717.662, ""first_api_call_ms"": 6717.662, ""first_finish_reason"": ""stop"", ""first_input_tokens"": 4657, ""first_output_tokens"": 51, ""first_total_tokens"": 4708, ""input_tokens"": 4657, ""output_tokens"": 51, ""parse_ms"": 0.219, ""planner_total_ms"": 6733.003, ""prompt_build_ms"": 0.435, ""retry_count"": 0, ""retry_reason"": """", ""total_tokens"": 4708}, ""action"": ""qwen_detection"", ""action_input"": {""finish_after_tool"": false, ""label"": ""金橙五星复检片""}, ""clarification_question"": """", ""decision_type"": ""tool"", ""end_reason"": """", ""final_answer"": """", ""thought"": ""最新状态满足错误状态重试条件，应复用原检测器。""}]","step2:action expected 'qwen_detection', got 'migration_advisor' | step2:finish_after_tool expected False, got True | step2:arg 'label' expected to contain ['金橙五星复检片'], got None | step3:action expected 'migration_advisor', got 'qwen_detection' | step3:finish_after_tool expected True, got False | step3:arg 'use_image' expected True, got None | step3:arg 'use_visual_probe' expected True, got None | step3:arg 'user_query' expected to contain ['甚低频射电阵列探针恢复复议3574号'], got None",6243.836,6230.466,4021,49,0,1,False,True
PROMV12-TB-007-QWEN-MS2,missing_required_state_step2,失联背景和当前预算并存时只使用显式字段：先使用Qwen检测附件中的玄铜弧顶缓冲座，检测结果仅作为中间状态。最终需要判断碳化硅陶瓷烧结台探针恢复复议4867号应继续现有能力、结束，还是进入迁移评估。自然语言里的故障等级和预算描述没有路由优先级，只读取本 query 最新 observation 的结构化键值。错误状态仅在 retryable=true 与 retry_count=0 同时成立时复用原检测器一次，否则调用迁移顾问。正常状态需要候选数、置信度、跨提示一致性和域偏移四个门槛全部通过才结束，任一否决项都转迁移。缺省、非法、冲突状态采取保守分支；已经重试一次的结果不能再次触发检测器。检测器必须设置 finish_after_tool=false；迁移顾问使用当前图片和视觉探针并设置 finish_after_tool=true。,True,examples/images/planner_retry_optimizer_matched_v12/darkbronze_arch_buffer.png,"[{""action"": ""qwen_detection"", ""arg_contains"": {""label"": [""玄铜弧顶缓冲座""]}, ""decision_type"": ""tool"", ""required_args"": {""finish_after_tool"": false}}, {""action"": ""migration_advisor"", ""arg_contains"": {""user_query"": [""碳化硅陶瓷烧结台探针恢复复议4867号""]}, ""decision_type"": ""tool"", ""required_args"": {""finish_after_tool"": true, ""use_image"": true, ""use_visual_probe"": true}}]","[""rag_answer"", ""re_question"", ""answerer"", ""flux-image-generation"", ""rexomni_detection"", ""pipeline_eval""]","{""action_match"": 0.65, ""argument_match"": 0.1, ""decision_type_valid"": 0.03, ""final_tool_finish"": 0.1, ""finish_after_tool"": 0.1, ""json_valid"": 0.02, ""no_forbidden_action"": 0.1, ""no_premature_stop"": 0.1, ""no_repeated_tool"": 0.1, ""no_skip_required_probe"": 0.1, ""strict_action_match"": true, ""strict_argument_types"": true, ""wrong_action_cap"": 0.2}",False,0.586957,"[""qwen_detection"", ""qwen_detection""]",qwen_detection,"[{""_planner_metrics"": {""api_call_ms"": 6329.244, ""first_api_call_ms"": 6329.244, ""first_finish_reason"": ""stop"", ""first_input_tokens"": 4022, ""first_output_tokens"": 50, ""first_total_tokens"": 4072, ""input_tokens"": 4022, ""output_tokens"": 50, ""parse_ms"": 0.142, ""planner_total_ms"": 6342.139, ""prompt_build_ms"": 0.412, ""retry_count"": 0, ""retry_reason"": """", ""total_tokens"": 4072}, ""action"": ""qwen_detection"", ""action_input"": {""finish_after_tool"": false, ""label"": ""玄铜弧顶缓冲座""}, ""clarification_question"": """", ""decision_type"": ""tool"", ""end_reason"": """", ""final_answer"": """", ""thought"": ""先执行用户指定的检测器以取得当前结构化状态。""}, {""_planner_metrics"": {""api_call_ms"": 6753.162, ""first_api_call_ms"": 6753.162, ""first_finish_reason"": ""stop"", ""first_input_tokens"": 4322, ""first_output_tokens"": 53, ""first_total_tokens"": 4375, ""input_tokens"": 4322, ""output_tokens"": 53, ""parse_ms"": 0.106, ""planner_total_ms"": 6769.541, ""prompt_build_ms"": 0.483, ""retry_count"": 0, ""retry_reason"": """", ""total_tokens"": 4375}, ""action"": ""qwen_detection"", ""action_input"": {""finish_after_tool"": false, ""label"": ""玄铜弧顶缓冲座""}, ""clarification_question"": """", ""decision_type"": ""tool"", ""end_reason"": """", ""final_answer"": """", ""thought"": ""最新状态未满足结束或迁移条件，需要继续按规则推进。""}]","step2:action expected 'migration_advisor', got 'qwen_detection' | step2:finish_after_tool expected True, got False | step2:arg 'use_image' expected True, got None | step2:arg 'use_visual_probe' expected True, got None | step2:arg 'user_query' expected to contain ['碳化硅陶瓷烧结台探针恢复复议4867号'], got None",6342.139,6329.244,4022,50,0,1,False,True
PROMV12-TB-007-REX-PS3,post_retry_success_step3,失联背景和当前预算并存时只使用显式字段：先使用Rex-Omni检测附件中的玄铜弧顶缓冲座，检测结果仅作为中间状态。最终需要判断碳化硅陶瓷烧结台探针恢复复议4867号应继续现有能力、结束，还是进入迁移评估。自然语言里的故障等级和预算描述没有路由优先级，只读取本 query 最新 observation 的结构化键值。错误状态仅在 retryable=true 与 retry_count=0 同时成立时复用原检测器一次，否则调用迁移顾问。正常状态需要候选数、置信度、跨提示一致性和域偏移四个门槛全部通过才结束，任一否决项都转迁移。缺省、非法、冲突状态采取保守分支；已经重试一次的结果不能再次触发检测器。检测器必须设置 finish_after_tool=false；迁移顾问使用当前图片和视觉探针并设置 finish_after_tool=true。,True,examples/images/planner_retry_optimizer_matched_v12/darkbronze_arch_buffer.png,"[{""action"": ""rexomni_detection"", ""arg_contains"": {""label"": [""玄铜弧顶缓冲座""]}, ""decision_type"": ""tool"", ""required_args"": {""finish_after_tool"": false}}, {""action"": ""rexomni_detection"", ""arg_contains"": {""label"": [""玄铜弧顶缓冲座""]}, ""decision_type"": ""tool"", ""required_args"": {""finish_after_tool"": false}}, {""arg_contains"": {}, ""decision_type"": ""end"", ""required_args"": {""end_reason"": ""memory_hit""}}]","[""rag_answer"", ""re_question"", ""answerer"", ""flux-image-generation"", ""qwen_detection"", ""pipeline_eval"", ""migration_advisor""]","{""action_match"": 0.65, ""argument_match"": 0.1, ""decision_type_valid"": 0.03, ""final_tool_finish"": 0.1, ""finish_after_tool"": 0.1, ""json_valid"": 0.02, ""no_forbidden_action"": 0.1, ""no_premature_stop"": 0.1, ""no_repeated_tool"": 0.1, ""no_skip_required_probe"": 0.1, ""strict_action_match"": true, ""strict_argument_types"": true, ""wrong_action_cap"": 0.2}",False,0.671875,"[""rexomni_detection"", ""migration_advisor"", ""final_answer""]",rexomni_detection,"[{""_planner_metrics"": {""api_call_ms"": 6427.599, ""first_api_call_ms"": 6427.599, ""first_finish_reason"": ""stop"", ""first_input_tokens"": 4028, ""first_output_tokens"": 51, ""first_total_tokens"": 4079, ""input_tokens"": 4028, ""output_tokens"": 51, ""parse_ms"": 0.169, ""planner_total_ms"": 6441.072, ""prompt_build_ms"": 0.433, ""retry_count"": 0, ""retry_reason"": """", ""total_tokens"": 4079}, ""action"": ""rexomni_detection"", ""action_input"": {""finish_after_tool"": false, ""label"": ""玄铜弧顶缓冲座""}, ""clarification_question"": """", ""decision_type"": ""tool"", ""end_reason"": """", ""final_answer"": """", ""thought"": ""先执行用户指定的检测器以取得当前结构化状态。""}, {""_planner_metrics"": {""api_call_ms"": 8704.953, ""first_api_call_ms"": 8704.953, ""first_finish_reason"": ""stop"", ""first_input_tokens"": 4337, ""first_output_tokens"": 72, ""first_total_tokens"": 4409, ""input_tokens"": 4337, ""output_tokens"": 72, ""parse_ms"": 0.114, ""planner_total_ms"": 8718.882, ""prompt_build_ms"": 0.421, ""retry_count"": 0, ""retry_reason"": """", ""total_tokens"": 4409}, ""action"": ""migration_advisor"", ""action_input"": {""finish_after_tool"": true, ""use_image"": true, ""use_visual_probe"": true, ""user_query"": ""碳化硅陶瓷烧结台探针恢复复议4867号""}, ""clarification_question"": """", ""decision_type"": ""tool"", ""end_reason"": """", ""final_answer"": """", ""thought"": ""最新状态未满足结束或重试条件，需要进入能力迁移评估。""}, {""_planner_metrics"": {""api_call_ms"": 4660.678, ""first_api_call_ms"": 4660.678, ""first_finish_reason"": ""stop"", ""first_input_tokens"": 4666, ""first_output_tokens"": 31, ""first_total_tokens"": 4697, ""input_tokens"": 4666, ""output_tokens"": 31, ""parse_ms"": 0.099, ""planner_total_ms"": 4674.852, ""prompt_build_ms"": 0.425, ""retry_count"": 0, ""retry_reason"": """", ""total_tokens"": 4697}, ""action"": ""final_answer"", ""action_input"": {}, ""clarification_question"": """", ""decision_type"": ""end"", ""end_reason"": ""memory_hit"", ""final_answer"": """", ""thought"": ""最新状态已满足结束条件，可以收口。""}]","step2:action expected 'rexomni_detection', got 'migration_advisor' | step2:finish_after_tool expected False, got True | step2:arg 'label' expected to contain ['玄铜弧顶缓冲座'], got None | forbidden:migration_advisor",6441.072,6427.599,4028,51,0,1,False,True
PROMV12-TB-007-QWEN-FR2,fresh_retry_step2,失联背景和当前预算并存时只使用显式字段：先使用Qwen检测附件中的玄铜弧顶缓冲座，检测结果仅作为中间状态。最终需要判断碳化硅陶瓷烧结台探针恢复复议4867号应继续现有能力、结束，还是进入迁移评估。自然语言里的故障等级和预算描述没有路由优先级，只读取本 query 最新 observation 的结构化键值。错误状态仅在 retryable=true 与 retry_count=0 同时成立时复用原检测器一次，否则调用迁移顾问。正常状态需要候选数、置信度、跨提示一致性和域偏移四个门槛全部通过才结束，任一否决项都转迁移。缺省、非法、冲突状态采取保守分支；已经重试一次的结果不能再次触发检测器。检测器必须设置 finish_after_tool=false；迁移顾问使用当前图片和视觉探针并设置 finish_after_tool=true。,True,examples/images/planner_retry_optimizer_matched_v12/darkbronze_arch_buffer.png,"[{""action"": ""qwen_detection"", ""arg_contains"": {""label"": [""玄铜弧顶缓冲座""]}, ""decision_type"": ""tool"", ""required_args"": {""finish_after_tool"": false}}, {""action"": ""qwen_detection"", ""arg_contains"": {""label"": [""玄铜弧顶缓冲座""]}, ""decision_type"": ""tool"", ""required_args"": {""finish_after_tool"": false}}, {""arg_contains"": {}, ""decision_type"": ""end"", ""required_args"": {""end_reason"": ""memory_hit""}}]","[""rag_answer"", ""re_question"", ""answerer"", ""flux-image-generation"", ""rexomni_detection"", ""pipeline_eval"", ""migration_advisor""]","{""action_match"": 0.65, ""argument_match"": 0.1, ""decision_type_valid"": 0.03, ""final_tool_finish"": 0.1, ""finish_after_tool"": 0.1, ""json_valid"": 0.02, ""no_forbidden_action"": 0.1, ""no_premature_stop"": 0.1, ""no_repeated_tool"": 0.1, ""no_skip_required_probe"": 0.1, ""strict_action_match"": true, ""strict_argument_types"": true, ""wrong_action_cap"": 0.2}",False,0.75625,"[""qwen_detection"", ""qwen_detection"", ""qwen_detection""]",qwen_detection,"[{""_planner_metrics"": {""api_call_ms"": 6310.366, ""first_api_call_ms"": 6310.366, ""first_finish_reason"": ""stop"", ""first_input_tokens"": 4022, ""first_output_tokens"": 50, ""first_total_tokens"": 4072, ""input_tokens"": 4022, ""output_tokens"": 50, ""parse_ms"": 0.116, ""planner_total_ms"": 6323.377, ""prompt_build_ms"": 0.346, ""retry_count"": 0, ""retry_reason"": """", ""total_tokens"": 4072}, ""action"": ""qwen_detection"", ""action_input"": {""finish_after_tool"": false, ""label"": ""玄铜弧顶缓冲座""}, ""clarification_question"": """", ""decision_type"": ""tool"", ""end_reason"": """", ""final_answer"": """", ""thought"": ""先执行用户指定的检测器以取得当前结构化状态。""}, {""_planner_metrics"": {""api_call_ms"": 7014.466, ""first_api_call_ms"": 7014.466, ""first_finish_reason"": ""stop"", ""first_input_tokens"": 4325, ""first_output_tokens"": 55, ""first_total_tokens"": 4380, ""input_tokens"": 4325, ""output_tokens"": 55, ""parse_ms"": 0.125, ""planner_total_ms"": 7027.533, ""prompt_build_ms"": 0.37, ""retry_count"": 0, ""retry_reason"": """", ""total_tokens"": 4380}, ""action"": ""qwen_detection"", ""action_input"": {""finish_after_tool"": false, ""label"": ""玄铜弧顶缓冲座""}, ""clarification_question"": """", ""decision_type"": ""tool"", ""end_reason"": """", ""final_answer"": """", ""thought"": ""最新状态满足错误状态且允许一次重试，因此应复用原检测器。""}, {""_planner_metrics"": {""api_call_ms"": 7444.49, ""first_api_call_ms"": 7444.49, ""first_finish_reason"": ""stop"", ""first_input_tokens"": 4628, ""first_output_tokens"": 56, ""first_total_tokens"": 4684, ""input_tokens"": 4628, ""output_tokens"": 56, ""parse_ms"": 0.129, ""planner_total_ms"": 7459.465, ""prompt_build_ms"": 0.418, ""retry_count"": 0, ""retry_reason"": """", ""total_tokens"": 4684}, ""action"": ""qwen_detection"", ""action_input"": {""finish_after_tool"": false, ""label"": ""玄铜弧顶缓冲座""}, ""clarification_question"": """", ""decision_type"": ""tool"", ""end_reason"": """", ""final_answer"": """", ""thought"": ""最新状态未满足结束或迁移条件，需要继续检测以更新结构化键值。""}]","step3:decision_type expected 'end', got 'tool' | step3:action expected 'end', got 'qwen_detection' | step3:arg 'end_reason' expected 'memory_hit', got ''",6323.377,6310.366,4022,50,0,1,False,True
PROMV12-TB-001-QWEN-PS3,post_retry_success_step3,失联背景和当前预算并存时只使用显式字段：先使用Qwen检测附件中的金橙五星复检片，检测结果仅作为中间状态。最终需要判断碳化硅陶瓷烧结台异常额度会核2063号应继续现有能力、结束，还是进入迁移评估。自然语言里的故障等级和预算描述没有路由优先级，只读取本 query 最新 observation 的结构化键值。错误状态仅在 retryable=true 与 retry_count=0 同时成立时复用原检测器一次，否则调用迁移顾问。正常状态需要候选数、置信度、跨提示一致性和域偏移四个门槛全部通过才结束，任一否决项都转迁移。缺省、非法、冲突状态采取保守分支；已经重试一次的结果不能再次触发检测器。检测器必须设置 finish_after_tool=false；迁移顾问使用当前图片和视觉探针并设置 finish_after_tool=true。,True,examples/images/planner_retry_optimizer_matched_v12/goldorange_five_star_recheck.png,"[{""action"": ""qwen_detection"", ""arg_contains"": {""label"": [""金橙五星复检片""]}, ""decision_type"": ""tool"", ""required_args"": {""finish_after_tool"": false}}, {""action"": ""qwen_detection"", ""arg_contains"": {""label"": [""金橙五星复检片""]}, ""decision_type"": ""tool"", ""required_args"": {""finish_after_tool"": false}}, {""arg_contains"": {}, ""decision_type"": ""end"", ""required_args"": {""end_reason"": ""memory_hit""}}]","[""rag_answer"", ""re_question"", ""answerer"", ""flux-image-generation"", ""rexomni_detection"", ""pipeline_eval"", ""migration_advisor""]","{""action_match"": 0.65, ""argument_match"": 0.1, ""decision_type_valid"": 0.03, ""final_tool_finish"": 0.1, ""finish_after_tool"": 0.1, ""json_valid"": 0.02, ""no_forbidden_action"": 0.1, ""no_premature_stop"": 0.1, ""no_repeated_tool"": 0.1, ""no_skip_required_probe"": 0.1, ""strict_action_match"": true, ""strict_argument_types"": true, ""wrong_action_cap"": 0.2}",False,0.671875,"[""qwen_detection"", ""migration_advisor"", ""final_answer""]",qwen_detection,"[{""_planner_metrics"": {""api_call_ms"": 6243.55, ""first_api_call_ms"": 6243.55, ""first_finish_reason"": ""stop"", ""first_input_tokens"": 4023, ""first_output_tokens"": 49, ""first_total_tokens"": 4072, ""input_tokens"": 4023, ""output_tokens"": 49, ""parse_ms"": 0.115, ""planner_total_ms"": 6256.102, ""prompt_build_ms"": 0.339, ""retry_count"": 0, ""retry_reason"": """", ""total_tokens"": 4072}, ""action"": ""qwen_detection"", ""action_input"": {""finish_after_tool"": false, ""label"": ""金橙五星复检片""}, ""clarification_question"": """", ""decision_type"": ""tool"", ""end_reason"": """", ""final_answer"": """", ""thought"": ""先执行用户指定的检测器以取得当前结构化状态。""}, {""_planner_metrics"": {""api_call_ms"": 8754.77, ""first_api_call_ms"": 8754.77, ""first_finish_reason"": ""stop"", ""first_input_tokens"": 4336, ""first_output_tokens"": 73, ""first_total_tokens"": 4409, ""input_tokens"": 4336, ""output_tokens"": 73, ""parse_ms"": 0.146, ""planner_total_ms"": 8768.756, ""prompt_build_ms"": 0.446, ""retry_count"": 0, ""retry_reason"": """", ""total_tokens"": 4409}, ""action"": ""migration_advisor"", ""action_input"": {""finish_after_tool"": true, ""use_image"": true, ""use_visual_probe"": true, ""user_query"": ""碳化硅陶瓷烧结台异常额度会核2063号""}, ""clarification_question"": """", ""decision_type"": ""tool"", ""end_reason"": """", ""final_answer"": """", ""thought"": ""最新状态未满足结束或重试条件，需要进入能力迁移评估。""}, {""_planner_metrics"": {""api_call_ms"": 4793.68, ""first_api_call_ms"": 4793.68, ""first_finish_reason"": ""stop"", ""first_input_tokens"": 4671, ""first_output_tokens"": 31, ""first_total_tokens"": 4702, ""input_tokens"": 4671, ""output_tokens"": 31, ""parse_ms"": 0.149, ""planner_total_ms"": 4807.646, ""prompt_build_ms"": 0.421, ""retry_count"": 0, ""retry_reason"": """", ""total_tokens"": 4702}, ""action"": ""final_answer"", ""action_input"": {}, ""clarification_question"": """", ""decision_type"": ""end"", ""end_reason"": ""memory_hit"", ""final_answer"": """", ""thought"": ""最新状态已满足结束条件，可以收口。""}]","step2:action expected 'qwen_detection', got 'migration_advisor' | step2:finish_after_tool expected False, got True | step2:arg 'label' expected to contain ['金橙五星复检片'], got None | forbidden:migration_advisor",6256.102,6243.55,4023,49,0,1,False,True
PROMV12-TB-002-QWEN-PV3,post_retry_metric_veto_step3,能力迁移已候场，先核验最新探针回执：先使用Qwen检测附件中的金橙五星复检片，检测结果仅作为中间状态。最终需要判断甚低频射电阵列探针恢复复议3574号应继续现有能力、结束，还是进入迁移评估。自然语言里的故障等级和预算描述没有路由优先级，只读取本 query 最新 observation 的结构化键值。错误状态仅在 retryable=true 与 retry_count=0 同时成立时复用原检测器一次，否则调用迁移顾问。正常状态需要候选数、置信度、跨提示一致性和域偏移四个门槛全部通过才结束，任一否决项都转迁移。缺省、非法、冲突状态采取保守分支；已经重试一次的结果不能再次触发检测器。检测器必须设置 finish_after_tool=false；迁移顾问使用当前图片和视觉探针并设置 finish_after_tool=true。,True,examples/images/planner_retry_optimizer_matched_v12/goldorange_five_star_recheck.png,"[{""action"": ""qwen_detection"", ""arg_contains"": {""label"": [""金橙五星复检片""]}, ""decision_type"": ""tool"", ""required_args"": {""finish_after_tool"": false}}, {""action"": ""qwen_detection"", ""arg_contains"": {""label"": [""金橙五星复检片""]}, ""decision_type"": ""tool"", ""required_args"": {""finish_after_tool"": false}}, {""action"": ""migration_advisor"", ""arg_contains"": {""user_query"": [""甚低频射电阵列探针恢复复议3574号""]}, ""decision_type"": ""tool"", ""required_args"": {""finish_after_tool"": true, ""use_image"": true, ""use_visual_probe"": true}}]","[""rag_answer"", ""re_question"", ""answerer"", ""flux-image-generation"", ""rexomni_detection"", ""pipeline_eval""]","{""action_match"": 0.65, ""argument_match"": 0.1, ""decision_type_valid"": 0.03, ""final_tool_finish"": 0.1, ""finish_after_tool"": 0.1, ""json_valid"": 0.02, ""no_forbidden_action"": 0.1, ""no_premature_stop"": 0.1, ""no_repeated_tool"": 0.1, ""no_skip_required_probe"": 0.1, ""strict_action_match"": true, ""strict_argument_types"": true, ""wrong_action_cap"": 0.2}",False,0.703125,"[""qwen_detection"", ""migration_advisor"", ""migration_advisor""]",qwen_detection,"[{""_planner_metrics"": {""api_call_ms"": 6240.319, ""first_api_call_ms"": 6240.319, ""first_finish_reason"": ""stop"", ""first_input_tokens"": 4021, ""first_output_tokens"": 49, ""first_total_tokens"": 4070, ""input_tokens"": 4021, ""output_tokens"": 49, ""parse_ms"": 0.123, ""planner_total_ms"": 6253.2, ""prompt_build_ms"": 0.363, ""retry_count"": 0, ""retry_reason"": """", ""total_tokens"": 4070}, ""action"": ""qwen_detection"", ""action_input"": {""finish_after_tool"": false, ""label"": ""金橙五星复检片""}, ""clarification_question"": """", ""decision_type"": ""tool"", ""end_reason"": """", ""final_answer"": """", ""thought"": ""先使用用户指定的检测器对当前图片进行探针。""}, {""_planner_metrics"": {""api_call_ms"": 8691.408, ""first_api_call_ms"": 8691.408, ""first_finish_reason"": ""stop"", ""first_input_tokens"": 4325, ""first_output_tokens"": 72, ""first_total_tokens"": 4397, ""input_tokens"": 4325, ""output_tokens"": 72, ""parse_ms"": 0.115, ""planner_total_ms"": 8704.864, ""prompt_build_ms"": 0.511, ""retry_count"": 0, ""retry_reason"": """", ""total_tokens"": 4397}, ""action"": ""migration_advisor"", ""action_input"": {""finish_after_tool"": true, ""use_image"": true, ""use_visual_probe"": true, ""user_query"": ""甚低频射电阵列探针恢复复议3574号""}, ""clarification_question"": """", ""decision_type"": ""tool"", ""end_reason"": """", ""final_answer"": """", ""thought"": ""最新状态未满足重试或结束条件，需要进入能力迁移评估。""}, {""_planner_metrics"": {""api_call_ms"": 8866.833, ""first_api_call_ms"": 8866.833, ""first_finish_reason"": ""stop"", ""first_input_tokens"": 4653, ""first_output_tokens"": 72, ""first_total_tokens"": 4725, ""input_tokens"": 4653, ""output_tokens"": 72, ""parse_ms"": 0.132, ""planner_total_ms"": 8881.884, ""prompt_build_ms"": 0.507, ""retry_count"": 0, ""retry_reason"": """", ""total_tokens"": 4725}, ""action"": ""migration_advisor"", ""action_input"": {""finish_after_tool"": true, ""use_image"": true, ""use_visual_probe"": true, ""user_query"": ""甚低频射电阵列探针恢复复议3574号""}, ""clarification_question"": """", ""decision_type"": ""tool"", ""end_reason"": """", ""final_answer"": """", ""thought"": ""最新状态未满足结束或重试条件，需要进入能力迁移评估。""}]","step2:action expected 'qwen_detection', got 'migration_advisor' | step2:finish_after_tool expected False, got True | step2:arg 'label' expected to contain ['金橙五星复检片'], got None",6253.2,6240.319,4021,49,0,1,False,True
PROMV12-TB-001-REX-PS3,post_retry_success_step3,失联背景和当前预算并存时只使用显式字段：先使用Rex-Omni检测附件中的金橙五星复检片，检测结果仅作为中间状态。最终需要判断碳化硅陶瓷烧结台异常额度会核2063号应继续现有能力、结束，还是进入迁移评估。自然语言里的故障等级和预算描述没有路由优先级，只读取本 query 最新 observation 的结构化键值。错误状态仅在 retryable=true 与 retry_count=0 同时成立时复用原检测器一次，否则调用迁移顾问。正常状态需要候选数、置信度、跨提示一致性和域偏移四个门槛全部通过才结束，任一否决项都转迁移。缺省、非法、冲突状态采取保守分支；已经重试一次的结果不能再次触发检测器。检测器必须设置 finish_after_tool=false；迁移顾问使用当前图片和视觉探针并设置 finish_after_tool=true。,True,examples/images/planner_retry_optimizer_matched_v12/goldorange_five_star_recheck.png,"[{""action"": ""rexomni_detection"", ""arg_contains"": {""label"": [""金橙五星复检片""]}, ""decision_type"": ""tool"", ""required_args"": {""finish_after_tool"": false}}, {""action"": ""rexomni_detection"", ""arg_contains"": {""label"": [""金橙五星复检片""]}, ""decision_type"": ""tool"", ""required_args"": {""finish_after_tool"": false}}, {""arg_contains"": {}, ""decision_type"": ""end"", ""required_args"": {""end_reason"": ""memory_hit""}}]","[""rag_answer"", ""re_question"", ""answerer"", ""flux-image-generation"", ""qwen_detection"", ""pipeline_eval"", ""migration_advisor""]","{""action_match"": 0.65, ""argument_match"": 0.1, ""decision_type_valid"": 0.03, ""final_tool_finish"": 0.1, ""finish_after_tool"": 0.1, ""json_valid"": 0.02, ""no_forbidden_action"": 0.1, ""no_premature_stop"": 0.1, ""no_repeated_tool"": 0.1, ""no_skip_required_probe"": 0.1, ""strict_action_match"": true, ""strict_argument_types"": true, ""wrong_action_cap"": 0.2}",False,0.671875,"[""rexomni_detection"", ""migration_advisor"", ""final_answer""]",rexomni_detection,"[{""_planner_metrics"": {""api_call_ms"": 6309.513, ""first_api_call_ms"": 6309.513, ""first_finish_reason"": ""stop"", ""first_input_tokens"": 4029, ""first_output_tokens"": 50, ""first_total_tokens"": 4079, ""input_tokens"": 4029, ""output_tokens"": 50, ""parse_ms"": 0.164, ""planner_total_ms"": 6322.709, ""prompt_build_ms"": 0.35, ""retry_count"": 0, ""retry_reason"": """", ""total_tokens"": 4079}, ""action"": ""rexomni_detection"", ""action_input"": {""finish_after_tool"": false, ""label"": ""金橙五星复检片""}, ""clarification_question"": """", ""decision_type"": ""tool"", ""end_reason"": """", ""final_answer"": """", ""thought"": ""先执行用户指定的检测器以取得当前结构化状态。""}, {""_planner_metrics"": {""api_call_ms"": 8924.494, ""first_api_call_ms"": 8924.494, ""first_finish_reason"": ""stop"", ""first_input_tokens"": 4343, ""first_output_tokens"": 73, ""first_total_tokens"": 4416, ""input_tokens"": 4343, ""output_tokens"": 73, ""parse_ms"": 0.127, ""planner_total_ms"": 8939.602, ""prompt_build_ms"": 0.486, ""retry_count"": 0, ""retry_reason"": """", ""total_tokens"": 4416}, ""action"": ""migration_advisor"", ""action_input"": {""finish_after_tool"": true, ""use_image"": true, ""use_visual_probe"": true, ""user_query"": ""碳化硅陶瓷烧结台异常额度会核2063号""}, ""clarification_question"": """", ""decision_type"": ""tool"", ""end_reason"": """", ""final_answer"": """", ""thought"": ""最新状态未满足结束或重试条件，需要进入能力迁移评估。""}, {""_planner_metrics"": {""api_call_ms"": 4741.562, ""first_api_call_ms"": 4741.562, ""first_finish_reason"": ""stop"", ""first_input_tokens"": 4676, ""first_output_tokens"": 31, ""first_total_tokens"": 4707, ""input_tokens"": 4676, ""output_tokens"": 31, ""parse_ms"": 0.158, ""planner_total_ms"": 4757.745, ""prompt_build_ms"": 0.458, ""retry_count"": 0, ""retry_reason"": """", ""total_tokens"": 4707}, ""action"": ""final_answer"", ""action_input"": {}, ""clarification_question"": """", ""decision_type"": ""end"", ""end_reason"": ""memory_hit"", ""final_answer"": """", ""thought"": ""最新状态已满足结束条件，可以收口。""}]","step2:action expected 'rexomni_detection', got 'migration_advisor' | step2:finish_after_tool expected False, got True | step2:arg 'label' expected to contain ['金橙五星复检片'], got None | forbidden:migration_advisor",6322.709,6309.513,4029,50,0,1,False,True
PROMV12-TB-007-REX-FR2,fresh_retry_step2,失联背景和当前预算并存时只使用显式字段：先使用Rex-Omni检测附件中的玄铜弧顶缓冲座，检测结果仅作为中间状态。最终需要判断碳化硅陶瓷烧结台探针恢复复议4867号应继续现有能力、结束，还是进入迁移评估。自然语言里的故障等级和预算描述没有路由优先级，只读取本 query 最新 observation 的结构化键值。错误状态仅在 retryable=true 与 retry_count=0 同时成立时复用原检测器一次，否则调用迁移顾问。正常状态需要候选数、置信度、跨提示一致性和域偏移四个门槛全部通过才结束，任一否决项都转迁移。缺省、非法、冲突状态采取保守分支；已经重试一次的结果不能再次触发检测器。检测器必须设置 finish_after_tool=false；迁移顾问使用当前图片和视觉探针并设置 finish_after_tool=true。,True,examples/images/planner_retry_optimizer_matched_v12/darkbronze_arch_buffer.png,"[{""action"": ""rexomni_detection"", ""arg_contains"": {""label"": [""玄铜弧顶缓冲座""]}, ""decision_type"": ""tool"", ""required_args"": {""finish_after_tool"": false}}, {""action"": ""rexomni_detection"", ""arg_contains"": {""label"": [""玄铜弧顶缓冲座""]}, ""decision_type"": ""tool"", ""required_args"": {""finish_after_tool"": false}}, {""arg_contains"": {}, ""decision_type"": ""end"", ""required_args"": {""end_reason"": ""memory_hit""}}]","[""rag_answer"", ""re_question"", ""answerer"", ""flux-image-generation"", ""qwen_detection"", ""pipeline_eval"", ""migration_advisor""]","{""action_match"": 0.65, ""argument_match"": 0.1, ""decision_type_valid"": 0.03, ""final_tool_finish"": 0.1, ""finish_after_tool"": 0.1, ""json_valid"": 0.02, ""no_forbidden_action"": 0.1, ""no_premature_stop"": 0.1, ""no_repeated_tool"": 0.1, ""no_skip_required_probe"": 0.1, ""strict_action_match"": true, ""strict_argument_types"": true, ""wrong_action_cap"": 0.2}",False,0.75625,"[""rexomni_detection"", ""rexomni_detection"", ""rexomni_detection""]",rexomni_detection,"[{""_planner_metrics"": {""api_call_ms"": 6432.612, ""first_api_call_ms"": 6432.612, ""first_finish_reason"": ""stop"", ""first_input_tokens"": 4028, ""first_output_tokens"": 51, ""first_total_tokens"": 4079, ""input_tokens"": 4028, ""output_tokens"": 51, ""parse_ms"": 0.128, ""planner_total_ms"": 6446.492, ""prompt_build_ms"": 0.527, ""retry_count"": 0, ""retry_reason"": """", ""total_tokens"": 4079}, ""action"": ""rexomni_detection"", ""action_input"": {""finish_after_tool"": false, ""label"": ""玄铜弧顶缓冲座""}, ""clarification_question"": """", ""decision_type"": ""tool"", ""end_reason"": """", ""final_answer"": """", ""thought"": ""先执行用户指定的检测器以取得当前结构化状态。""}, {""_planner_metrics"": {""api_call_ms"": 6765.917, ""first_api_call_ms"": 6765.917, ""first_finish_reason"": ""stop"", ""first_input_tokens"": 4336, ""first_output_tokens"": 53, ""first_total_tokens"": 4389, ""input_tokens"": 4336, ""output_tokens"": 53, ""parse_ms"": 0.142, ""planner_total_ms"": 6781.179, ""prompt_build_ms"": 0.395, ""retry_count"": 0, ""retry_reason"": """", ""total_tokens"": 4389}, ""action"": ""rexomni_detection"", ""action_input"": {""finish_after_tool"": false, ""label"": ""玄铜弧顶缓冲座""}, ""clarification_question"": """", ""decision_type"": ""tool"", ""end_reason"": """", ""final_answer"": """", ""thought"": ""最新状态满足错误重试条件，需要再次使用同一检测器。""}, {""_planner_metrics"": {""api_call_ms"": 7071.389, ""first_api_call_ms"": 7071.389, ""first_finish_reason"": ""stop"", ""first_input_tokens"": 4637, ""first_output_tokens"": 54, ""first_total_tokens"": 4691, ""input_tokens"": 4637, ""output_tokens"": 54, ""parse_ms"": 0.106, ""planner_total_ms"": 7085.363, ""prompt_build_ms"": 0.394, ""retry_count"": 0, ""retry_reason"": """", ""total_tokens"": 4691}, ""action"": ""rexomni_detection"", ""action_input"": {""finish_after_tool"": false, ""label"": ""玄铜弧顶缓冲座""}, ""clarification_question"": """", ""decision_type"": ""tool"", ""end_reason"": """", ""final_answer"": """", ""thought"": ""最新状态未满足结束或迁移条件，需要继续按规则推进。""}]","step3:decision_type expected 'end', got 'tool' | step3:action expected 'end', got 'rexomni_detection' | step3:arg 'end_reason' expected 'memory_hit', got ''",6446.492,6432.612,4028,51,0,1,False,True
PROMV12-TB-003-QWEN-PS3,post_retry_success_step3,读取这次机器状态并选择唯一动作：先使用Qwen检测附件中的玄铜弧顶缓冲座，检测结果仅作为中间状态。最终需要判断林区无人机补给舱回执分支终签9158号应继续现有能力、结束，还是进入迁移评估。自然语言里的故障等级和预算描述没有路由优先级，只读取本 query 最新 observation 的结构化键值。错误状态仅在 retryable=true 与 retry_count=0 同时成立时复用原检测器一次，否则调用迁移顾问。正常状态需要候选数、置信度、跨提示一致性和域偏移四个门槛全部通过才结束，任一否决项都转迁移。缺省、非法、冲突状态采取保守分支；已经重试一次的结果不能再次触发检测器。检测器必须设置 finish_after_tool=false；迁移顾问使用当前图片和视觉探针并设置 finish_after_tool=true。,True,examples/images/planner_retry_optimizer_matched_v12/darkbronze_arch_buffer.png,"[{""action"": ""qwen_detection"", ""arg_contains"": {""label"": [""玄铜弧顶缓冲座""]}, ""decision_type"": ""tool"", ""required_args"": {""finish_after_tool"": false}}, {""action"": ""qwen_detection"", ""arg_contains"": {""label"": [""玄铜弧顶缓冲座""]}, ""decision_type"": ""tool"", ""required_args"": {""finish_after_tool"": false}}, {""arg_contains"": {}, ""decision_type"": ""end"", ""required_args"": {""end_reason"": ""memory_hit""}}]","[""rag_answer"", ""re_question"", ""answerer"", ""flux-image-generation"", ""rexomni_detection"", ""pipeline_eval"", ""migration_advisor""]","{""action_match"": 0.65, ""argument_match"": 0.1, ""decision_type_valid"": 0.03, ""final_tool_finish"": 0.1, ""finish_after_tool"": 0.1, ""json_valid"": 0.02, ""no_forbidden_action"": 0.1, ""no_premature_stop"": 0.1, ""no_repeated_tool"": 0.1, ""no_skip_required_probe"": 0.1, ""strict_action_match"": true, ""strict_argument_types"": true, ""wrong_action_cap"": 0.2}",False,0.725,"[""qwen_detection"", ""qwen_detection"", ""migration_advisor""]",qwen_detection,"[{""_planner_metrics"": {""api_call_ms"": 6338.335, ""first_api_call_ms"": 6338.335, ""first_finish_reason"": ""stop"", ""first_input_tokens"": 4016, ""first_output_tokens"": 50, ""first_total_tokens"": 4066, ""input_tokens"": 4016, ""output_tokens"": 50, ""parse_ms"": 0.115, ""planner_total_ms"": 6351.378, ""prompt_build_ms"": 0.365, ""retry_count"": 0, ""retry_reason"": """", ""total_tokens"": 4066}, ""action"": ""qwen_detection"", ""action_input"": {""finish_after_tool"": false, ""label"": ""玄铜弧顶缓冲座""}, ""clarification_question"": """", ""decision_type"": ""tool"", ""end_reason"": """", ""final_answer"": """", ""thought"": ""先执行用户指定的检测器以取得当前结构化状态。""}, {""_planner_metrics"": {""api_call_ms"": 6694.762, ""first_api_call_ms"": 6694.762, ""first_finish_reason"": ""stop"", ""first_input_tokens"": 4325, ""first_output_tokens"": 52, ""first_total_tokens"": 4377, ""input_tokens"": 4325, ""output_tokens"": 52, ""parse_ms"": 0.105, ""planner_total_ms"": 6708.833, ""prompt_build_ms"": 0.398, ""retry_count"": 0, ""retry_reason"": """", ""total_tokens"": 4377}, ""action"": ""qwen_detection"", ""action_input"": {""finish_after_tool"": false, ""label"": ""玄铜弧顶缓冲座""}, ""clarification_question"": """", ""decision_type"": ""tool"", ""end_reason"": """", ""final_answer"": """", ""thought"": ""最新状态满足错误重试条件，需要再次使用同一检测器。""}, {""_planner_metrics"": {""api_call_ms"": 8944.42, ""first_api_call_ms"": 8944.42, ""first_finish_reason"": ""stop"", ""first_input_tokens"": 4631, ""first_output_tokens"": 72, ""first_total_tokens"": 4703, ""input_tokens"": 4631, ""output_tokens"": 72, ""parse_ms"": 0.116, ""planner_total_ms"": 8959.16, ""prompt_build_ms"": 0.45, ""retry_count"": 0, ""retry_reason"": """", ""total_tokens"": 4703}, ""action"": ""migration_advisor"", ""action_input"": {""finish_after_tool"": true, ""use_image"": true, ""use_visual_probe"": true, ""user_query"": ""林区无人机补给舱回执分支终签9158号""}, ""clarification_question"": """", ""decision_type"": ""tool"", ""end_reason"": """", ""final_answer"": """", ""thought"": ""最新状态未满足结束或重试条件，需要进入能力迁移评估。""}]","step3:decision_type expected 'end', got 'tool' | step3:action expected 'end', got 'migration_advisor' | step3:arg 'end_reason' expected 'memory_hit', got '' | forbidden:migration_advisor",6351.378,6338.335,4016,50,0,1,False,True
PROMV12-TB-003-REX-PS3,post_retry_success_step3,读取这次机器状态并选择唯一动作：先使用Rex-Omni检测附件中的玄铜弧顶缓冲座，检测结果仅作为中间状态。最终需要判断林区无人机补给舱回执分支终签9158号应继续现有能力、结束，还是进入迁移评估。自然语言里的故障等级和预算描述没有路由优先级，只读取本 query 最新 observation 的结构化键值。错误状态仅在 retryable=true 与 retry_count=0 同时成立时复用原检测器一次，否则调用迁移顾问。正常状态需要候选数、置信度、跨提示一致性和域偏移四个门槛全部通过才结束，任一否决项都转迁移。缺省、非法、冲突状态采取保守分支；已经重试一次的结果不能再次触发检测器。检测器必须设置 finish_after_tool=false；迁移顾问使用当前图片和视觉探针并设置 finish_after_tool=true。,True,examples/images/planner_retry_optimizer_matched_v12/darkbronze_arch_buffer.png,"[{""action"": ""rexomni_detection"", ""arg_contains"": {""label"": [""玄铜弧顶缓冲座""]}, ""decision_type"": ""tool"", ""required_args"": {""finish_after_tool"": false}}, {""action"": ""rexomni_detection"", ""arg_contains"": {""label"": [""玄铜弧顶缓冲座""]}, ""decision_type"": ""tool"", ""required_args"": {""finish_after_tool"": false}}, {""arg_contains"": {}, ""decision_type"": ""end"", ""required_args"": {""end_reason"": ""memory_hit""}}]","[""rag_answer"", ""re_question"", ""answerer"", ""flux-image-generation"", ""qwen_detection"", ""pipeline_eval"", ""migration_advisor""]","{""action_match"": 0.65, ""argument_match"": 0.1, ""decision_type_valid"": 0.03, ""final_tool_finish"": 0.1, ""finish_after_tool"": 0.1, ""json_valid"": 0.02, ""no_forbidden_action"": 0.1, ""no_premature_stop"": 0.1, ""no_repeated_tool"": 0.1, ""no_skip_required_probe"": 0.1, ""strict_action_match"": true, ""strict_argument_types"": true, ""wrong_action_cap"": 0.2}",False,0.725,"[""rexomni_detection"", ""rexomni_detection"", ""migration_advisor""]",rexomni_detection,"[{""_planner_metrics"": {""api_call_ms"": 6421.543, ""first_api_call_ms"": 6421.543, ""first_finish_reason"": ""stop"", ""first_input_tokens"": 4022, ""first_output_tokens"": 51, ""first_total_tokens"": 4073, ""input_tokens"": 4022, ""output_tokens"": 51, ""parse_ms"": 0.102, ""planner_total_ms"": 6435.067, ""prompt_build_ms"": 0.489, ""retry_count"": 0, ""retry_reason"": """", ""total_tokens"": 4073}, ""action"": ""rexomni_detection"", ""action_input"": {""finish_after_tool"": false, ""label"": ""玄铜弧顶缓冲座""}, ""clarification_question"": """", ""decision_type"": ""tool"", ""end_reason"": """", ""final_answer"": """", ""thought"": ""先执行用户指定的检测器以取得当前结构化状态。""}, {""_planner_metrics"": {""api_call_ms"": 6786.032, ""first_api_call_ms"": 6786.032, ""first_finish_reason"": ""stop"", ""first_input_tokens"": 4335, ""first_output_tokens"": 53, ""first_total_tokens"": 4388, ""input_tokens"": 4335, ""output_tokens"": 53, ""parse_ms"": 0.128, ""planner_total_ms"": 6799.14, ""prompt_build_ms"": 0.397, ""retry_count"": 0, ""retry_reason"": """", ""total_tokens"": 4388}, ""action"": ""rexomni_detection"", ""action_input"": {""finish_after_tool"": false, ""label"": ""玄铜弧顶缓冲座""}, ""clarification_question"": """", ""decision_type"": ""tool"", ""end_reason"": """", ""final_answer"": """", ""thought"": ""最新状态满足错误重试条件，需要再次使用同一检测器。""}, {""_planner_metrics"": {""api_call_ms"": 8812.474, ""first_api_call_ms"": 8812.474, ""first_finish_reason"": ""stop"", ""first_input_tokens"": 4642, ""first_output_tokens"": 72, ""first_total_tokens"": 4714, ""input_tokens"": 4642, ""output_tokens"": 72, ""parse_ms"": 0.132, ""planner_total_ms"": 8826.819, ""prompt_build_ms"": 0.453, ""retry_count"": 0, ""retry_reason"": """", ""total_tokens"": 4714}, ""action"": ""migration_advisor"", ""action_input"": {""finish_after_tool"": true, ""use_image"": true, ""use_visual_probe"": true, ""user_query"": ""林区无人机补给舱回执分支终签9158号""}, ""clarification_question"": """", ""decision_type"": ""tool"", ""end_reason"": """", ""final_answer"": """", ""thought"": ""最新状态未满足结束或重试条件，需要进入能力迁移评估。""}]","step3:decision_type expected 'end', got 'tool' | step3:action expected 'end', got 'migration_advisor' | step3:arg 'end_reason' expected 'memory_hit', got '' | forbidden:migration_advisor",6435.067,6421.543,4022,51,0,1,False,True
PROMV12-TB-006-QWEN-FR2,fresh_retry_step2,历史文字可能误导，本轮以后写入的 observation 为准：先使用Qwen检测附件中的玄铜弧顶缓冲座，检测结果仅作为中间状态。最终需要判断林区无人机补给舱异常额度会核9970号应继续现有能力、结束，还是进入迁移评估。自然语言里的故障等级和预算描述没有路由优先级，只读取本 query 最新 observation 的结构化键值。错误状态仅在 retryable=true 与 retry_count=0 同时成立时复用原检测器一次，否则调用迁移顾问。正常状态需要候选数、置信度、跨提示一致性和域偏移四个门槛全部通过才结束，任一否决项都转迁移。缺省、非法、冲突状态采取保守分支；已经重试一次的结果不能再次触发检测器。检测器必须设置 finish_after_tool=false；迁移顾问使用当前图片和视觉探针并设置 finish_after_tool=true。,True,examples/images/planner_retry_optimizer_matched_v12/darkbronze_arch_buffer.png,"[{""action"": ""qwen_detection"", ""arg_contains"": {""label"": [""玄铜弧顶缓冲座""]}, ""decision_type"": ""tool"", ""required_args"": {""finish_after_tool"": false}}, {""action"": ""qwen_detection"", ""arg_contains"": {""label"": [""玄铜弧顶缓冲座""]}, ""decision_type"": ""tool"", ""required_args"": {""finish_after_tool"": false}}, {""arg_contains"": {}, ""decision_type"": ""end"", ""required_args"": {""end_reason"": ""memory_hit""}}]","[""rag_answer"", ""re_question"", ""answerer"", ""flux-image-generation"", ""rexomni_detection"", ""pipeline_eval"", ""migration_advisor""]","{""action_match"": 0.65, ""argument_match"": 0.1, ""decision_type_valid"": 0.03, ""final_tool_finish"": 0.1, ""finish_after_tool"": 0.1, ""json_valid"": 0.02, ""no_forbidden_action"": 0.1, ""no_premature_stop"": 0.1, ""no_repeated_tool"": 0.1, ""no_skip_required_probe"": 0.1, ""strict_action_match"": true, ""strict_argument_types"": true, ""wrong_action_cap"": 0.2}",False,0.75625,"[""qwen_detection"", ""qwen_detection"", ""qwen_detection""]",qwen_detection,"[{""_planner_metrics"": {""api_call_ms"": 6339.136, ""first_api_call_ms"": 6339.136, ""first_finish_reason"": ""stop"", ""first_input_tokens"": 4024, ""first_output_tokens"": 50, ""first_total_tokens"": 4074, ""input_tokens"": 4024, ""output_tokens"": 50, ""parse_ms"": 0.173, ""planner_total_ms"": 6352.578, ""prompt_build_ms"": 0.375, ""retry_count"": 0, ""retry_reason"": """", ""total_tokens"": 4074}, ""action"": ""qwen_detection"", ""action_input"": {""finish_after_tool"": false, ""label"": ""玄铜弧顶缓冲座""}, ""clarification_question"": """", ""decision_type"": ""tool"", ""end_reason"": """", ""final_answer"": """", ""thought"": ""先执行用户指定的检测器以取得当前结构化状态。""}, {""_planner_metrics"": {""api_call_ms"": 6452.026, ""first_api_call_ms"": 6452.026, ""first_finish_reason"": ""stop"", ""first_input_tokens"": 4331, ""first_output_tokens"": 50, ""first_total_tokens"": 4381, ""input_tokens"": 4331, ""output_tokens"": 50, ""parse_ms"": 0.116, ""planner_total_ms"": 6467.862, ""prompt_build_ms"": 0.459, ""retry_count"": 0, ""retry_reason"": """", ""total_tokens"": 4381}, ""action"": ""qwen_detection"", ""action_input"": {""finish_after_tool"": false, ""label"": ""玄铜弧顶缓冲座""}, ""clarification_question"": """", ""decision_type"": ""tool"", ""end_reason"": """", ""final_answer"": """", ""thought"": ""最新状态满足错误状态且可重试一次检测器。""}, {""_planner_metrics"": {""api_call_ms"": 7238.758, ""first_api_call_ms"": 7238.758, ""first_finish_reason"": ""stop"", ""first_input_tokens"": 4631, ""first_output_tokens"": 56, ""first_total_tokens"": 4687, ""input_tokens"": 4631, ""output_tokens"": 56, ""parse_ms"": 0.108, ""planner_total_ms"": 7253.056, ""prompt_build_ms"": 0.419, ""retry_count"": 0, ""retry_reason"": """", ""total_tokens"": 4687}, ""action"": ""qwen_detection"", ""action_input"": {""finish_after_tool"": false, ""label"": ""玄铜弧顶缓冲座""}, ""clarification_question"": """", ""decision_type"": ""tool"", ""end_reason"": """", ""final_answer"": """", ""thought"": ""最新状态未满足结束或迁移条件，需要继续检测以更新结构化键值。""}]","step3:decision_type expected 'end', got 'tool' | step3:action expected 'end', got 'qwen_detection' | step3:arg 'end_reason' expected 'memory_hit', got ''",6352.578,6339.136,4024,50,0,1,False,True
PROMV12-TB-006-REX-NR2,nonretryable_step2,历史文字可能误导，本轮以后写入的 observation 为准：先使用Rex-Omni检测附件中的玄铜弧顶缓冲座，检测结果仅作为中间状态。最终需要判断林区无人机补给舱异常额度会核9970号应继续现有能力、结束，还是进入迁移评估。自然语言里的故障等级和预算描述没有路由优先级，只读取本 query 最新 observation 的结构化键值。错误状态仅在 retryable=true 与 retry_count=0 同时成立时复用原检测器一次，否则调用迁移顾问。正常状态需要候选数、置信度、跨提示一致性和域偏移四个门槛全部通过才结束，任一否决项都转迁移。缺省、非法、冲突状态采取保守分支；已经重试一次的结果不能再次触发检测器。检测器必须设置 finish_after_tool=false；迁移顾问使用当前图片和视觉探针并设置 finish_after_tool=true。,True,examples/images/planner_retry_optimizer_matched_v12/darkbronze_arch_buffer.png,"[{""action"": ""rexomni_detection"", ""arg_contains"": {""label"": [""玄铜弧顶缓冲座""]}, ""decision_type"": ""tool"", ""required_args"": {""finish_after_tool"": false}}, {""action"": ""migration_advisor"", ""arg_contains"": {""user_query"": [""林区无人机补给舱异常额度会核9970号""]}, ""decision_type"": ""tool"", ""required_args"": {""finish_after_tool"": true, ""use_image"": true, ""use_visual_probe"": true}}]","[""rag_answer"", ""re_question"", ""answerer"", ""flux-image-generation"", ""qwen_detection"", ""pipeline_eval""]","{""action_match"": 0.65, ""argument_match"": 0.1, ""decision_type_valid"": 0.03, ""final_tool_finish"": 0.1, ""finish_after_tool"": 0.1, ""json_valid"": 0.02, ""no_forbidden_action"": 0.1, ""no_premature_stop"": 0.1, ""no_repeated_tool"": 0.1, ""no_skip_required_probe"": 0.1, ""strict_action_match"": true, ""strict_argument_types"": true, ""wrong_action_cap"": 0.2}",False,0.985507,"[""rexomni_detection"", ""migration_advisor""]",rexomni_detection,"[{""_planner_metrics"": {""api_call_ms"": 6436.758, ""first_api_call_ms"": 6436.758, ""first_finish_reason"": ""stop"", ""first_input_tokens"": 4030, ""first_output_tokens"": 51, ""first_total_tokens"": 4081, ""input_tokens"": 4030, ""output_tokens"": 51, ""parse_ms"": 0.133, ""planner_total_ms"": 6449.997, ""prompt_build_ms"": 0.369, ""retry_count"": 0, ""retry_reason"": """", ""total_tokens"": 4081}, ""action"": ""rexomni_detection"", ""action_input"": {""finish_after_tool"": false, ""label"": ""玄铜弧顶缓冲座""}, ""clarification_question"": """", ""decision_type"": ""tool"", ""end_reason"": """", ""final_answer"": """", ""thought"": ""先执行用户指定的检测器以取得当前结构化状态。""}, {""_planner_metrics"": {""api_call_ms"": 7964.449, ""first_api_call_ms"": 7964.449, ""first_finish_reason"": ""stop"", ""first_input_tokens"": 4334, ""first_output_tokens"": 65, ""first_total_tokens"": 4399, ""input_tokens"": 4334, ""output_tokens"": 65, ""parse_ms"": 0.121, ""planner_total_ms"": 7979.841, ""prompt_build_ms"": 0.457, ""retry_count"": 0, ""retry_reason"": """", ""total_tokens"": 4399}, ""action"": ""migration_advisor"", ""action_input"": {""finish_after_tool"": true, ""use_image"": true, ""use_visual_probe"": true, ""user_query"": ""林区无人机补给舱异常额度""}, ""clarification_question"": """", ""decision_type"": ""tool"", ""end_reason"": """", ""final_answer"": """", ""thought"": ""最新状态未满足结束或重试条件，需要进入能力迁移评估。""}]","step2:arg 'user_query' expected to contain ['林区无人机补给舱异常额度会核9970号'], got '林区无人机补给舱异常额度'",6449.997,6436.758,4030,51,0,1,False,True
PROMV12-TB-009-QWEN-PE3,post_retry_error_step3,能力迁移已候场，先核验最新探针回执：先使用Qwen检测附件中的金橙五星复检片，检测结果仅作为中间状态。最终需要判断林区无人机补给舱探针恢复复议6446号应继续现有能力、结束，还是进入迁移评估。自然语言里的故障等级和预算描述没有路由优先级，只读取本 query 最新 observation 的结构化键值。错误状态仅在 retryable=true 与 retry_count=0 同时成立时复用原检测器一次，否则调用迁移顾问。正常状态需要候选数、置信度、跨提示一致性和域偏移四个门槛全部通过才结束，任一否决项都转迁移。缺省、非法、冲突状态采取保守分支；已经重试一次的结果不能再次触发检测器。检测器必须设置 finish_after_tool=false；迁移顾问使用当前图片和视觉探针并设置 finish_after_tool=true。,True,examples/images/planner_retry_optimizer_matched_v12/goldorange_five_star_recheck.png,"[{""action"": ""qwen_detection"", ""arg_contains"": {""label"": [""金橙五星复检片""]}, ""decision_type"": ""tool"", ""required_args"": {""finish_after_tool"": false}}, {""action"": ""qwen_detection"", ""arg_contains"": {""label"": [""金橙五星复检片""]}, ""decision_type"": ""tool"", ""required_args"": {""finish_after_tool"": false}}, {""action"": ""migration_advisor"", ""arg_contains"": {""user_query"": [""林区无人机补给舱探针恢复复议6446号""]}, ""decision_type"": ""tool"", ""required_args"": {""finish_after_tool"": true, ""use_image"": true, ""use_visual_probe"": true}}]","[""rag_answer"", ""re_question"", ""answerer"", ""flux-image-generation"", ""rexomni_detection"", ""pipeline_eval""]","{""action_match"": 0.65, ""argument_match"": 0.1, ""decision_type_valid"": 0.03, ""final_tool_finish"": 0.1, ""finish_after_tool"": 0.1, ""json_valid"": 0.02, ""no_forbidden_action"": 0.1, ""no_premature_stop"": 0.1, ""no_repeated_tool"": 0.1, ""no_skip_required_probe"": 0.1, ""strict_action_match"": true, ""strict_argument_types"": true, ""wrong_action_cap"": 0.2}",False,0.703125,"[""qwen_detection"", ""migration_advisor"", ""migration_advisor""]",qwen_detection,"[{""_planner_metrics"": {""api_call_ms"": 6332.657, ""first_api_call_ms"": 6332.657, ""first_finish_reason"": ""stop"", ""first_input_tokens"": 4019, ""first_output_tokens"": 49, ""first_total_tokens"": 4068, ""input_tokens"": 4019, ""output_tokens"": 49, ""parse_ms"": 0.123, ""planner_total_ms"": 6346.971, ""prompt_build_ms"": 0.448, ""retry_count"": 0, ""retry_reason"": """", ""total_tokens"": 4068}, ""action"": ""qwen_detection"", ""action_input"": {""finish_after_tool"": false, ""label"": ""金橙五星复检片""}, ""clarification_question"": """", ""decision_type"": ""tool"", ""end_reason"": """", ""final_answer"": """", ""thought"": ""先执行用户指定的检测器以取得当前结构化状态。""}, {""_planner_metrics"": {""api_call_ms"": 8709.023, ""first_api_call_ms"": 8709.023, ""first_finish_reason"": ""stop"", ""first_input_tokens"": 4330, ""first_output_tokens"": 71, ""first_total_tokens"": 4401, ""input_tokens"": 4330, ""output_tokens"": 71, ""parse_ms"": 0.217, ""planner_total_ms"": 8723.401, ""prompt_build_ms"": 0.426, ""retry_count"": 0, ""retry_reason"": """", ""total_tokens"": 4401}, ""action"": ""migration_advisor"", ""action_input"": {""finish_after_tool"": true, ""use_image"": true, ""use_visual_probe"": true, ""user_query"": ""林区无人机补给舱探针恢复复议6446号""}, ""clarification_question"": """", ""decision_type"": ""tool"", ""end_reason"": """", ""final_answer"": """", ""thought"": ""最新状态未满足结束或重试条件，需要进入能力迁移评估。""}, {""_planner_metrics"": {""api_call_ms"": 9002.025, ""first_api_call_ms"": 9002.025, ""first_finish_reason"": ""stop"", ""first_input_tokens"": 4665, ""first_output_tokens"": 71, ""first_total_tokens"": 4736, ""input_tokens"": 4665, ""output_tokens"": 71, ""parse_ms"": 0.137, ""planner_total_ms"": 9018.026, ""prompt_build_ms"": 0.555, ""retry_count"": 0, ""retry_reason"": """", ""total_tokens"": 4736}, ""action"": ""migration_advisor"", ""action_input"": {""finish_after_tool"": true, ""use_image"": true, ""use_visual_probe"": true, ""user_query"": ""林区无人机补给舱探针恢复复议6446号""}, ""clarification_question"": """", ""decision_type"": ""tool"", ""end_reason"": """", ""final_answer"": """", ""thought"": ""最新状态未满足结束或重试条件，需要进入能力迁移评估。""}]","step2:action expected 'qwen_detection', got 'migration_advisor' | step2:finish_after_tool expected False, got True | step2:arg 'label' expected to contain ['金橙五星复检片'], got None",6346.971,6332.657,4019,49,0,1,False,True
PROMV12-TB-011-REX-FR2,fresh_retry_step2,历史文字可能误导，本轮以后写入的 observation 为准：先使用Rex-Omni检测附件中的金橙五星复检片，检测结果仅作为中间状态。最终需要判断甚低频射电阵列异常额度会核5850号应继续现有能力、结束，还是进入迁移评估。自然语言里的故障等级和预算描述没有路由优先级，只读取本 query 最新 observation 的结构化键值。错误状态仅在 retryable=true 与 retry_count=0 同时成立时复用原检测器一次，否则调用迁移顾问。正常状态需要候选数、置信度、跨提示一致性和域偏移四个门槛全部通过才结束，任一否决项都转迁移。缺省、非法、冲突状态采取保守分支；已经重试一次的结果不能再次触发检测器。检测器必须设置 finish_after_tool=false；迁移顾问使用当前图片和视觉探针并设置 finish_after_tool=true。,True,examples/images/planner_retry_optimizer_matched_v12/goldorange_five_star_recheck.png,"[{""action"": ""rexomni_detection"", ""arg_contains"": {""label"": [""金橙五星复检片""]}, ""decision_type"": ""tool"", ""required_args"": {""finish_after_tool"": false}}, {""action"": ""rexomni_detection"", ""arg_contains"": {""label"": [""金橙五星复检片""]}, ""decision_type"": ""tool"", ""required_args"": {""finish_after_tool"": false}}, {""arg_contains"": {}, ""decision_type"": ""end"", ""required_args"": {""end_reason"": ""memory_hit""}}]","[""rag_answer"", ""re_question"", ""answerer"", ""flux-image-generation"", ""qwen_detection"", ""pipeline_eval"", ""migration_advisor""]","{""action_match"": 0.65, ""argument_match"": 0.1, ""decision_type_valid"": 0.03, ""final_tool_finish"": 0.1, ""finish_after_tool"": 0.1, ""json_valid"": 0.02, ""no_forbidden_action"": 0.1, ""no_premature_stop"": 0.1, ""no_repeated_tool"": 0.1, ""no_skip_required_probe"": 0.1, ""strict_action_match"": true, ""strict_argument_types"": true, ""wrong_action_cap"": 0.2}",False,0.725,"[""rexomni_detection"", ""rexomni_detection"", ""migration_advisor""]",rexomni_detection,"[{""_planner_metrics"": {""api_call_ms"": 6425.75, ""first_api_call_ms"": 6425.75, ""first_finish_reason"": ""stop"", ""first_input_tokens"": 4031, ""first_output_tokens"": 50, ""first_total_tokens"": 4081, ""input_tokens"": 4031, ""output_tokens"": 50, ""parse_ms"": 0.108, ""planner_total_ms"": 6439.9, ""prompt_build_ms"": 0.461, ""retry_count"": 0, ""retry_reason"": """", ""total_tokens"": 4081}, ""action"": ""rexomni_detection"", ""action_input"": {""finish_after_tool"": false, ""label"": ""金橙五星复检片""}, ""clarification_question"": """", ""decision_type"": ""tool"", ""end_reason"": """", ""final_answer"": """", ""thought"": ""先执行用户指定的检测器以取得当前结构化状态。""}, {""_planner_metrics"": {""api_call_ms"": 6792.189, ""first_api_call_ms"": 6792.189, ""first_finish_reason"": ""stop"", ""first_input_tokens"": 4343, ""first_output_tokens"": 52, ""first_total_tokens"": 4395, ""input_tokens"": 4343, ""output_tokens"": 52, ""parse_ms"": 0.105, ""planner_total_ms"": 6806.323, ""prompt_build_ms"": 0.485, ""retry_count"": 0, ""retry_reason"": """", ""total_tokens"": 4395}, ""action"": ""rexomni_detection"", ""action_input"": {""finish_after_tool"": false, ""label"": ""金橙五星复检片""}, ""clarification_question"": """", ""decision_type"": ""tool"", ""end_reason"": """", ""final_answer"": """", ""thought"": ""最新状态满足错误重试条件，需要再次使用同一检测器。""}, {""_planner_metrics"": {""api_call_ms"": 9100.073, ""first_api_call_ms"": 9100.073, ""first_finish_reason"": ""stop"", ""first_input_tokens"": 4648, ""first_output_tokens"": 73, ""first_total_tokens"": 4721, ""input_tokens"": 4648, ""output_tokens"": 73, ""parse_ms"": 0.115, ""planner_total_ms"": 9113.91, ""prompt_build_ms"": 0.498, ""retry_count"": 0, ""retry_reason"": """", ""total_tokens"": 4721}, ""action"": ""migration_advisor"", ""action_input"": {""finish_after_tool"": true, ""use_image"": true, ""use_visual_probe"": true, ""user_query"": ""甚低频射电阵列异常额度会核5850号""}, ""clarification_question"": """", ""decision_type"": ""tool"", ""end_reason"": """", ""final_answer"": """", ""thought"": ""最新状态未满足结束或重试条件，需要进入能力迁移评估。""}]","step3:decision_type expected 'end', got 'tool' | step3:action expected 'end', got 'migration_advisor' | step3:arg 'end_reason' expected 'memory_hit', got '' | forbidden:migration_advisor",6439.9,6425.75,4031,50,0,1,False,True
PROMV12-TB-012-REX-PE3,post_retry_error_step3,读取这次机器状态并选择唯一动作：先使用Rex-Omni检测附件中的金橙五星复检片，检测结果仅作为中间状态。最终需要判断甚低频射电阵列回执分支终签3879号应继续现有能力、结束，还是进入迁移评估。自然语言里的故障等级和预算描述没有路由优先级，只读取本 query 最新 observation 的结构化键值。错误状态仅在 retryable=true 与 retry_count=0 同时成立时复用原检测器一次，否则调用迁移顾问。正常状态需要候选数、置信度、跨提示一致性和域偏移四个门槛全部通过才结束，任一否决项都转迁移。缺省、非法、冲突状态采取保守分支；已经重试一次的结果不能再次触发检测器。检测器必须设置 finish_after_tool=false；迁移顾问使用当前图片和视觉探针并设置 finish_after_tool=true。,True,examples/images/planner_retry_optimizer_matched_v12/goldorange_five_star_recheck.png,"[{""action"": ""rexomni_detection"", ""arg_contains"": {""label"": [""金橙五星复检片""]}, ""decision_type"": ""tool"", ""required_args"": {""finish_after_tool"": false}}, {""action"": ""rexomni_detection"", ""arg_contains"": {""label"": [""金橙五星复检片""]}, ""decision_type"": ""tool"", ""required_args"": {""finish_after_tool"": false}}, {""action"": ""migration_advisor"", ""arg_contains"": {""user_query"": [""甚低频射电阵列回执分支终签3879号""]}, ""decision_type"": ""tool"", ""required_args"": {""finish_after_tool"": true, ""use_image"": true, ""use_visual_probe"": true}}]","[""rag_answer"", ""re_question"", ""answerer"", ""flux-image-generation"", ""qwen_detection"", ""pipeline_eval""]","{""action_match"": 0.65, ""argument_match"": 0.1, ""decision_type_valid"": 0.03, ""final_tool_finish"": 0.1, ""finish_after_tool"": 0.1, ""json_valid"": 0.02, ""no_forbidden_action"": 0.1, ""no_premature_stop"": 0.1, ""no_repeated_tool"": 0.1, ""no_skip_required_probe"": 0.1, ""strict_action_match"": true, ""strict_argument_types"": true, ""wrong_action_cap"": 0.2}",False,0.734375,"[""rexomni_detection"", ""rexomni_detection"", ""rexomni_detection""]",rexomni_detection,"[{""_planner_metrics"": {""api_call_ms"": 6361.202, ""first_api_call_ms"": 6361.202, ""first_finish_reason"": ""stop"", ""first_input_tokens"": 4023, ""first_output_tokens"": 50, ""first_total_tokens"": 4073, ""input_tokens"": 4023, ""output_tokens"": 50, ""parse_ms"": 0.103, ""planner_total_ms"": 6373.525, ""prompt_build_ms"": 0.377, ""retry_count"": 0, ""retry_reason"": """", ""total_tokens"": 4073}, ""action"": ""rexomni_detection"", ""action_input"": {""finish_after_tool"": false, ""label"": ""金橙五星复检片""}, ""clarification_question"": """", ""decision_type"": ""tool"", ""end_reason"": """", ""final_answer"": """", ""thought"": ""先执行用户指定的检测器以取得当前结构化状态。""}, {""_planner_metrics"": {""api_call_ms"": 6637.834, ""first_api_call_ms"": 6637.834, ""first_finish_reason"": ""stop"", ""first_input_tokens"": 4333, ""first_output_tokens"": 52, ""first_total_tokens"": 4385, ""input_tokens"": 4333, ""output_tokens"": 52, ""parse_ms"": 0.106, ""planner_total_ms"": 6651.005, ""prompt_build_ms"": 0.375, ""retry_count"": 0, ""retry_reason"": """", ""total_tokens"": 4385}, ""action"": ""rexomni_detection"", ""action_input"": {""finish_after_tool"": false, ""label"": ""金橙五星复检片""}, ""clarification_question"": """", ""decision_type"": ""tool"", ""end_reason"": """", ""final_answer"": """", ""thought"": ""最新状态满足错误重试条件，需要再次使用同一检测器。""}, {""_planner_metrics"": {""api_call_ms"": 6852.17, ""first_api_call_ms"": 6852.17, ""first_finish_reason"": ""stop"", ""first_input_tokens"": 4642, ""first_output_tokens"": 52, ""first_total_tokens"": 4694, ""input_tokens"": 4642, ""output_tokens"": 52, ""parse_ms"": 0.135, ""planner_total_ms"": 6865.468, ""prompt_build_ms"": 0.406, ""retry_count"": 0, ""retry_reason"": """", ""total_tokens"": 4694}, ""action"": ""rexomni_detection"", ""action_input"": {""finish_after_tool"": false, ""label"": ""金橙五星复检片""}, ""clarification_question"": """", ""decision_type"": ""tool"", ""end_reason"": """", ""final_answer"": """", ""thought"": ""最新状态满足错误重试条件，需要再次使用同一检测器。""}]","step3:action expected 'migration_advisor', got 'rexomni_detection' | step3:finish_after_tool expected True, got False | step3:arg 'use_image' expected True, got None | step3:arg 'use_visual_probe' expected True, got None | step3:arg 'user_query' expected to contain ['甚低频射电阵列回执分支终签3879号'], got None",6373.525,6361.202,4023,50,0,1,False,True
PROMV12-TB-007-REX-PV3,post_retry_metric_veto_step3,失联背景和当前预算并存时只使用显式字段：先使用Rex-Omni检测附件中的玄铜弧顶缓冲座，检测结果仅作为中间状态。最终需要判断碳化硅陶瓷烧结台探针恢复复议4867号应继续现有能力、结束，还是进入迁移评估。自然语言里的故障等级和预算描述没有路由优先级，只读取本 query 最新 observation 的结构化键值。错误状态仅在 retryable=true 与 retry_count=0 同时成立时复用原检测器一次，否则调用迁移顾问。正常状态需要候选数、置信度、跨提示一致性和域偏移四个门槛全部通过才结束，任一否决项都转迁移。缺省、非法、冲突状态采取保守分支；已经重试一次的结果不能再次触发检测器。检测器必须设置 finish_after_tool=false；迁移顾问使用当前图片和视觉探针并设置 finish_after_tool=true。,True,examples/images/planner_retry_optimizer_matched_v12/darkbronze_arch_buffer.png,"[{""action"": ""rexomni_detection"", ""arg_contains"": {""label"": [""玄铜弧顶缓冲座""]}, ""decision_type"": ""tool"", ""required_args"": {""finish_after_tool"": false}}, {""action"": ""rexomni_detection"", ""arg_contains"": {""label"": [""玄铜弧顶缓冲座""]}, ""decision_type"": ""tool"", ""required_args"": {""finish_after_tool"": false}}, {""action"": ""migration_advisor"", ""arg_contains"": {""user_query"": [""碳化硅陶瓷烧结台探针恢复复议4867号""]}, ""decision_type"": ""tool"", ""required_args"": {""finish_after_tool"": true, ""use_image"": true, ""use_visual_probe"": true}}]","[""rag_answer"", ""re_question"", ""answerer"", ""flux-image-generation"", ""qwen_detection"", ""pipeline_eval""]","{""action_match"": 0.65, ""argument_match"": 0.1, ""decision_type_valid"": 0.03, ""final_tool_finish"": 0.1, ""finish_after_tool"": 0.1, ""json_valid"": 0.02, ""no_forbidden_action"": 0.1, ""no_premature_stop"": 0.1, ""no_repeated_tool"": 0.1, ""no_skip_required_probe"": 0.1, ""strict_action_match"": true, ""strict_argument_types"": true, ""wrong_action_cap"": 0.2}",False,0.428125,"[""rexomni_detection"", ""migration_advisor"", ""final_answer""]",rexomni_detection,"[{""_planner_metrics"": {""api_call_ms"": 6462.209, ""first_api_call_ms"": 6462.209, ""first_finish_reason"": ""stop"", ""first_input_tokens"": 4028, ""first_output_tokens"": 51, ""first_total_tokens"": 4079, ""input_tokens"": 4028, ""output_tokens"": 51, ""parse_ms"": 0.117, ""planner_total_ms"": 6475.277, ""prompt_build_ms"": 0.36, ""retry_count"": 0, ""retry_reason"": """", ""total_tokens"": 4079}, ""action"": ""rexomni_detection"", ""action_input"": {""finish_after_tool"": false, ""label"": ""玄铜弧顶缓冲座""}, ""clarification_question"": """", ""decision_type"": ""tool"", ""end_reason"": """", ""final_answer"": """", ""thought"": ""先执行用户指定的检测器以取得当前结构化状态。""}, {""_planner_metrics"": {""api_call_ms"": 8694.332, ""first_api_call_ms"": 8694.332, ""first_finish_reason"": ""stop"", ""first_input_tokens"": 4333, ""first_output_tokens"": 72, ""first_total_tokens"": 4405, ""input_tokens"": 4333, ""output_tokens"": 72, ""parse_ms"": 0.184, ""planner_total_ms"": 8708.947, ""prompt_build_ms"": 0.486, ""retry_count"": 0, ""retry_reason"": """", ""total_tokens"": 4405}, ""action"": ""migration_advisor"", ""action_input"": {""finish_after_tool"": true, ""use_image"": true, ""use_visual_probe"": true, ""user_query"": ""碳化硅陶瓷烧结台探针恢复复议4867号""}, ""clarification_question"": """", ""decision_type"": ""tool"", ""end_reason"": """", ""final_answer"": """", ""thought"": ""最新状态未满足结束或重试条件，需要进入能力迁移评估。""}, {""_planner_metrics"": {""api_call_ms"": 4826.139, ""first_api_call_ms"": 4826.139, ""first_finish_reason"": ""stop"", ""first_input_tokens"": 4658, ""first_output_tokens"": 32, ""first_total_tokens"": 4690, ""input_tokens"": 4658, ""output_tokens"": 32, ""parse_ms"": 0.154, ""planner_total_ms"": 4842.231, ""prompt_build_ms"": 0.496, ""retry_count"": 0, ""retry_reason"": """", ""total_tokens"": 4690}, ""action"": ""final_answer"", ""action_input"": {}, ""clarification_question"": """", ""decision_type"": ""end"", ""end_reason"": ""memory_hit"", ""final_answer"": """", ""thought"": ""最新状态已满足结束条件，可以终止本轮规划。""}]","step2:action expected 'rexomni_detection', got 'migration_advisor' | step2:finish_after_tool expected False, got True | step2:arg 'label' expected to contain ['玄铜弧顶缓冲座'], got None | step3:decision_type expected 'tool', got 'end' | step3:action expected 'migration_advisor', got 'end' | step3:finish_after_tool expected True, got None | step3:arg 'use_image' expected True, got None | step3:arg 'use_visual_probe' expected True, got None | step3:arg 'user_query' expected to contain ['碳化硅陶瓷烧结台探针恢复复议4867号'], got None",6475.277,6462.209,4028,51,0,1,False,True
PROMV12-TB-010-REX-FR2,fresh_retry_step2,失联背景和当前预算并存时只使用显式字段：先使用Rex-Omni检测附件中的玄铜弧顶缓冲座，检测结果仅作为中间状态。最终需要判断流域梯级调度闸站回执分支终签5437号应继续现有能力、结束，还是进入迁移评估。自然语言里的故障等级和预算描述没有路由优先级，只读取本 query 最新 observation 的结构化键值。错误状态仅在 retryable=true 与 retry_count=0 同时成立时复用原检测器一次，否则调用迁移顾问。正常状态需要候选数、置信度、跨提示一致性和域偏移四个门槛全部通过才结束，任一否决项都转迁移。缺省、非法、冲突状态采取保守分支；已经重试一次的结果不能再次触发检测器。检测器必须设置 finish_after_tool=false；迁移顾问使用当前图片和视觉探针并设置 finish_after_tool=true。,True,examples/images/planner_retry_optimizer_matched_v12/darkbronze_arch_buffer.png,"[{""action"": ""rexomni_detection"", ""arg_contains"": {""label"": [""玄铜弧顶缓冲座""]}, ""decision_type"": ""tool"", ""required_args"": {""finish_after_tool"": false}}, {""action"": ""rexomni_detection"", ""arg_contains"": {""label"": [""玄铜弧顶缓冲座""]}, ""decision_type"": ""tool"", ""required_args"": {""finish_after_tool"": false}}, {""arg_contains"": {}, ""decision_type"": ""end"", ""required_args"": {""end_reason"": ""memory_hit""}}]","[""rag_answer"", ""re_question"", ""answerer"", ""flux-image-generation"", ""qwen_detection"", ""pipeline_eval"", ""migration_advisor""]","{""action_match"": 0.65, ""argument_match"": 0.1, ""decision_type_valid"": 0.03, ""final_tool_finish"": 0.1, ""finish_after_tool"": 0.1, ""json_valid"": 0.02, ""no_forbidden_action"": 0.1, ""no_premature_stop"": 0.1, ""no_repeated_tool"": 0.1, ""no_skip_required_probe"": 0.1, ""strict_action_match"": true, ""strict_argument_types"": true, ""wrong_action_cap"": 0.2}",False,0.725,"[""rexomni_detection"", ""rexomni_detection"", ""migration_advisor""]",rexomni_detection,"[{""_planner_metrics"": {""api_call_ms"": 6443.491, ""first_api_call_ms"": 6443.491, ""first_finish_reason"": ""stop"", ""first_input_tokens"": 4032, ""first_output_tokens"": 51, ""first_total_tokens"": 4083, ""input_tokens"": 4032, ""output_tokens"": 51, ""parse_ms"": 0.102, ""planner_total_ms"": 6456.215, ""prompt_build_ms"": 0.369, ""retry_count"": 0, ""retry_reason"": """", ""total_tokens"": 4083}, ""action"": ""rexomni_detection"", ""action_input"": {""finish_after_tool"": false, ""label"": ""玄铜弧顶缓冲座""}, ""clarification_question"": """", ""decision_type"": ""tool"", ""end_reason"": """", ""final_answer"": """", ""thought"": ""先执行用户指定的检测器以取得当前结构化状态。""}, {""_planner_metrics"": {""api_call_ms"": 6688.607, ""first_api_call_ms"": 6688.607, ""first_finish_reason"": ""stop"", ""first_input_tokens"": 4343, ""first_output_tokens"": 52, ""first_total_tokens"": 4395, ""input_tokens"": 4343, ""output_tokens"": 52, ""parse_ms"": 0.117, ""planner_total_ms"": 6701.45, ""prompt_build_ms"": 0.372, ""retry_count"": 0, ""retry_reason"": """", ""total_tokens"": 4395}, ""action"": ""rexomni_detection"", ""action_input"": {""finish_after_tool"": false, ""label"": ""玄铜弧顶缓冲座""}, ""clarification_question"": """", ""decision_type"": ""tool"", ""end_reason"": """", ""final_answer"": """", ""thought"": ""最新状态满足错误重试条件，需要复用同一检测器。""}, {""_planner_metrics"": {""api_call_ms"": 9126.905, ""first_api_call_ms"": 9126.905, ""first_finish_reason"": ""stop"", ""first_input_tokens"": 4651, ""first_output_tokens"": 74, ""first_total_tokens"": 4725, ""input_tokens"": 4651, ""output_tokens"": 74, ""parse_ms"": 0.116, ""planner_total_ms"": 9140.417, ""prompt_build_ms"": 0.415, ""retry_count"": 0, ""retry_reason"": """", ""total_tokens"": 4725}, ""action"": ""migration_advisor"", ""action_input"": {""finish_after_tool"": true, ""use_image"": true, ""use_visual_probe"": true, ""user_query"": ""流域梯级调度闸站回执分支终签5437号""}, ""clarification_question"": """", ""decision_type"": ""tool"", ""end_reason"": """", ""final_answer"": """", ""thought"": ""最新状态未满足结束或重试条件，需要进入能力迁移评估。""}]","step3:decision_type expected 'end', got 'tool' | step3:action expected 'end', got 'migration_advisor' | step3:arg 'end_reason' expected 'memory_hit', got '' | forbidden:migration_advisor",6456.215,6443.491,4032,51,0,1,False,True
PROMV12-TB-010-QWEN-FR2,fresh_retry_step2,失联背景和当前预算并存时只使用显式字段：先使用Qwen检测附件中的玄铜弧顶缓冲座，检测结果仅作为中间状态。最终需要判断流域梯级调度闸站回执分支终签5437号应继续现有能力、结束，还是进入迁移评估。自然语言里的故障等级和预算描述没有路由优先级，只读取本 query 最新 observation 的结构化键值。错误状态仅在 retryable=true 与 retry_count=0 同时成立时复用原检测器一次，否则调用迁移顾问。正常状态需要候选数、置信度、跨提示一致性和域偏移四个门槛全部通过才结束，任一否决项都转迁移。缺省、非法、冲突状态采取保守分支；已经重试一次的结果不能再次触发检测器。检测器必须设置 finish_after_tool=false；迁移顾问使用当前图片和视觉探针并设置 finish_after_tool=true。,True,examples/images/planner_retry_optimizer_matched_v12/darkbronze_arch_buffer.png,"[{""action"": ""qwen_detection"", ""arg_contains"": {""label"": [""玄铜弧顶缓冲座""]}, ""decision_type"": ""tool"", ""required_args"": {""finish_after_tool"": false}}, {""action"": ""qwen_detection"", ""arg_contains"": {""label"": [""玄铜弧顶缓冲座""]}, ""decision_type"": ""tool"", ""required_args"": {""finish_after_tool"": false}}, {""arg_contains"": {}, ""decision_type"": ""end"", ""required_args"": {""end_reason"": ""memory_hit""}}]","[""rag_answer"", ""re_question"", ""answerer"", ""flux-image-generation"", ""rexomni_detection"", ""pipeline_eval"", ""migration_advisor""]","{""action_match"": 0.65, ""argument_match"": 0.1, ""decision_type_valid"": 0.03, ""final_tool_finish"": 0.1, ""finish_after_tool"": 0.1, ""json_valid"": 0.02, ""no_forbidden_action"": 0.1, ""no_premature_stop"": 0.1, ""no_repeated_tool"": 0.1, ""no_skip_required_probe"": 0.1, ""strict_action_match"": true, ""strict_argument_types"": true, ""wrong_action_cap"": 0.2}",False,0.725,"[""qwen_detection"", ""qwen_detection"", ""migration_advisor""]",qwen_detection,"[{""_planner_metrics"": {""api_call_ms"": 6402.425, ""first_api_call_ms"": 6402.425, ""first_finish_reason"": ""stop"", ""first_input_tokens"": 4026, ""first_output_tokens"": 50, ""first_total_tokens"": 4076, ""input_tokens"": 4026, ""output_tokens"": 50, ""parse_ms"": 0.107, ""planner_total_ms"": 6417.007, ""prompt_build_ms"": 0.43, ""retry_count"": 0, ""retry_reason"": """", ""total_tokens"": 4076}, ""action"": ""qwen_detection"", ""action_input"": {""finish_after_tool"": false, ""label"": ""玄铜弧顶缓冲座""}, ""clarification_question"": """", ""decision_type"": ""tool"", ""end_reason"": """", ""final_answer"": """", ""thought"": ""先执行用户指定的检测器以取得当前结构化状态。""}, {""_planner_metrics"": {""api_call_ms"": 6825.019, ""first_api_call_ms"": 6825.019, ""first_finish_reason"": ""stop"", ""first_input_tokens"": 4339, ""first_output_tokens"": 52, ""first_total_tokens"": 4391, ""input_tokens"": 4339, ""output_tokens"": 52, ""parse_ms"": 0.112, ""planner_total_ms"": 6838.409, ""prompt_build_ms"": 0.398, ""retry_count"": 0, ""retry_reason"": """", ""total_tokens"": 4391}, ""action"": ""qwen_detection"", ""action_input"": {""finish_after_tool"": false, ""label"": ""玄铜弧顶缓冲座""}, ""clarification_question"": """", ""decision_type"": ""tool"", ""end_reason"": """", ""final_answer"": """", ""thought"": ""最新状态满足错误复用条件，需要再次调用同一检测器。""}, {""_planner_metrics"": {""api_call_ms"": 9169.934, ""first_api_call_ms"": 9169.934, ""first_finish_reason"": ""stop"", ""first_input_tokens"": 4646, ""first_output_tokens"": 74, ""first_total_tokens"": 4720, ""input_tokens"": 4646, ""output_tokens"": 74, ""parse_ms"": 0.119, ""planner_total_ms"": 9185.22, ""prompt_build_ms"": 0.453, ""retry_count"": 0, ""retry_reason"": """", ""total_tokens"": 4720}, ""action"": ""migration_advisor"", ""action_input"": {""finish_after_tool"": true, ""use_image"": true, ""use_visual_probe"": true, ""user_query"": ""流域梯级调度闸站回执分支终签5437号""}, ""clarification_question"": """", ""decision_type"": ""tool"", ""end_reason"": """", ""final_answer"": """", ""thought"": ""最新状态未满足结束或迁移条件，需要继续按规则推进。""}]","step3:decision_type expected 'end', got 'tool' | step3:action expected 'end', got 'migration_advisor' | step3:arg 'end_reason' expected 'memory_hit', got '' | forbidden:migration_advisor",6417.007,6402.425,4026,50,0,1,False,True
PROMV12-TB-001-QWEN-PV3,post_retry_metric_veto_step3,失联背景和当前预算并存时只使用显式字段：先使用Qwen检测附件中的金橙五星复检片，检测结果仅作为中间状态。最终需要判断碳化硅陶瓷烧结台异常额度会核2063号应继续现有能力、结束，还是进入迁移评估。自然语言里的故障等级和预算描述没有路由优先级，只读取本 query 最新 observation 的结构化键值。错误状态仅在 retryable=true 与 retry_count=0 同时成立时复用原检测器一次，否则调用迁移顾问。正常状态需要候选数、置信度、跨提示一致性和域偏移四个门槛全部通过才结束，任一否决项都转迁移。缺省、非法、冲突状态采取保守分支；已经重试一次的结果不能再次触发检测器。检测器必须设置 finish_after_tool=false；迁移顾问使用当前图片和视觉探针并设置 finish_after_tool=true。,True,examples/images/planner_retry_optimizer_matched_v12/goldorange_five_star_recheck.png,"[{""action"": ""qwen_detection"", ""arg_contains"": {""label"": [""金橙五星复检片""]}, ""decision_type"": ""tool"", ""required_args"": {""finish_after_tool"": false}}, {""action"": ""qwen_detection"", ""arg_contains"": {""label"": [""金橙五星复检片""]}, ""decision_type"": ""tool"", ""required_args"": {""finish_after_tool"": false}}, {""action"": ""migration_advisor"", ""arg_contains"": {""user_query"": [""碳化硅陶瓷烧结台异常额度会核2063号""]}, ""decision_type"": ""tool"", ""required_args"": {""finish_after_tool"": true, ""use_image"": true, ""use_visual_probe"": true}}]","[""rag_answer"", ""re_question"", ""answerer"", ""flux-image-generation"", ""rexomni_detection"", ""pipeline_eval""]","{""action_match"": 0.65, ""argument_match"": 0.1, ""decision_type_valid"": 0.03, ""final_tool_finish"": 0.1, ""finish_after_tool"": 0.1, ""json_valid"": 0.02, ""no_forbidden_action"": 0.1, ""no_premature_stop"": 0.1, ""no_repeated_tool"": 0.1, ""no_skip_required_probe"": 0.1, ""strict_action_match"": true, ""strict_argument_types"": true, ""wrong_action_cap"": 0.2}",False,0.428125,"[""qwen_detection"", ""migration_advisor"", ""final_answer""]",qwen_detection,"[{""_planner_metrics"": {""api_call_ms"": 6351.02, ""first_api_call_ms"": 6351.02, ""first_finish_reason"": ""stop"", ""first_input_tokens"": 4023, ""first_output_tokens"": 49, ""first_total_tokens"": 4072, ""input_tokens"": 4023, ""output_tokens"": 49, ""parse_ms"": 0.104, ""planner_total_ms"": 6363.32, ""prompt_build_ms"": 0.339, ""retry_count"": 0, ""retry_reason"": """", ""total_tokens"": 4072}, ""action"": ""qwen_detection"", ""action_input"": {""finish_after_tool"": false, ""label"": ""金橙五星复检片""}, ""clarification_question"": """", ""decision_type"": ""tool"", ""end_reason"": """", ""final_answer"": """", ""thought"": ""先执行用户指定的检测器以取得当前结构化状态。""}, {""_planner_metrics"": {""api_call_ms"": 8941.6, ""first_api_call_ms"": 8941.6, ""first_finish_reason"": ""stop"", ""first_input_tokens"": 4335, ""first_output_tokens"": 73, ""first_total_tokens"": 4408, ""input_tokens"": 4335, ""output_tokens"": 73, ""parse_ms"": 0.112, ""planner_total_ms"": 8955.546, ""prompt_build_ms"": 0.402, ""retry_count"": 0, ""retry_reason"": """", ""total_tokens"": 4408}, ""action"": ""migration_advisor"", ""action_input"": {""finish_after_tool"": true, ""use_image"": true, ""use_visual_probe"": true, ""user_query"": ""碳化硅陶瓷烧结台异常额度会核2063号""}, ""clarification_question"": """", ""decision_type"": ""tool"", ""end_reason"": """", ""final_answer"": """", ""thought"": ""最新状态未满足结束或重试条件，需要进入能力迁移评估。""}, {""_planner_metrics"": {""api_call_ms"": 4854.061, ""first_api_call_ms"": 4854.061, ""first_finish_reason"": ""stop"", ""first_input_tokens"": 4669, ""first_output_tokens"": 32, ""first_total_tokens"": 4701, ""input_tokens"": 4669, ""output_tokens"": 32, ""parse_ms"": 0.106, ""planner_total_ms"": 4869.351, ""prompt_build_ms"": 0.525, ""retry_count"": 0, ""retry_reason"": """", ""total_tokens"": 4701}, ""action"": ""final_answer"", ""action_input"": {}, ""clarification_question"": """", ""decision_type"": ""end"", ""end_reason"": ""recheck_done"", ""final_answer"": """", ""thought"": ""最新状态已满足结束条件，可以收口。""}]","step2:action expected 'qwen_detection', got 'migration_advisor' | step2:finish_after_tool expected False, got True | step2:arg 'label' expected to contain ['金橙五星复检片'], got None | step3:decision_type expected 'tool', got 'end' | step3:action expected 'migration_advisor', got 'end' | step3:finish_after_tool expected True, got None | step3:arg 'use_image' expected True, got None | step3:arg 'use_visual_probe' expected True, got None | step3:arg 'user_query' expected to contain ['碳化硅陶瓷烧结台异常额度会核2063号'], got None",6363.32,6351.02,4023,49,0,1,False,True
PROMV12-TB-007-QWEN-PS3,post_retry_success_step3,失联背景和当前预算并存时只使用显式字段：先使用Qwen检测附件中的玄铜弧顶缓冲座，检测结果仅作为中间状态。最终需要判断碳化硅陶瓷烧结台探针恢复复议4867号应继续现有能力、结束，还是进入迁移评估。自然语言里的故障等级和预算描述没有路由优先级，只读取本 query 最新 observation 的结构化键值。错误状态仅在 retryable=true 与 retry_count=0 同时成立时复用原检测器一次，否则调用迁移顾问。正常状态需要候选数、置信度、跨提示一致性和域偏移四个门槛全部通过才结束，任一否决项都转迁移。缺省、非法、冲突状态采取保守分支；已经重试一次的结果不能再次触发检测器。检测器必须设置 finish_after_tool=false；迁移顾问使用当前图片和视觉探针并设置 finish_after_tool=true。,True,examples/images/planner_retry_optimizer_matched_v12/darkbronze_arch_buffer.png,"[{""action"": ""qwen_detection"", ""arg_contains"": {""label"": [""玄铜弧顶缓冲座""]}, ""decision_type"": ""tool"", ""required_args"": {""finish_after_tool"": false}}, {""action"": ""qwen_detection"", ""arg_contains"": {""label"": [""玄铜弧顶缓冲座""]}, ""decision_type"": ""tool"", ""required_args"": {""finish_after_tool"": false}}, {""arg_contains"": {}, ""decision_type"": ""end"", ""required_args"": {""end_reason"": ""memory_hit""}}]","[""rag_answer"", ""re_question"", ""answerer"", ""flux-image-generation"", ""rexomni_detection"", ""pipeline_eval"", ""migration_advisor""]","{""action_match"": 0.65, ""argument_match"": 0.1, ""decision_type_valid"": 0.03, ""final_tool_finish"": 0.1, ""finish_after_tool"": 0.1, ""json_valid"": 0.02, ""no_forbidden_action"": 0.1, ""no_premature_stop"": 0.1, ""no_repeated_tool"": 0.1, ""no_skip_required_probe"": 0.1, ""strict_action_match"": true, ""strict_argument_types"": true, ""wrong_action_cap"": 0.2}",False,0.671875,"[""qwen_detection"", ""migration_advisor"", ""final_answer""]",qwen_detection,"[{""_planner_metrics"": {""api_call_ms"": 6402.372, ""first_api_call_ms"": 6402.372, ""first_finish_reason"": ""stop"", ""first_input_tokens"": 4022, ""first_output_tokens"": 50, ""first_total_tokens"": 4072, ""input_tokens"": 4022, ""output_tokens"": 50, ""parse_ms"": 0.156, ""planner_total_ms"": 6416.863, ""prompt_build_ms"": 0.44, ""retry_count"": 0, ""retry_reason"": """", ""total_tokens"": 4072}, ""action"": ""qwen_detection"", ""action_input"": {""finish_after_tool"": false, ""label"": ""玄铜弧顶缓冲座""}, ""clarification_question"": """", ""decision_type"": ""tool"", ""end_reason"": """", ""final_answer"": """", ""thought"": ""先执行用户指定的检测器以取得当前结构化状态。""}, {""_planner_metrics"": {""api_call_ms"": 8863.784, ""first_api_call_ms"": 8863.784, ""first_finish_reason"": ""stop"", ""first_input_tokens"": 4323, ""first_output_tokens"": 72, ""first_total_tokens"": 4395, ""input_tokens"": 4323, ""output_tokens"": 72, ""parse_ms"": 0.141, ""planner_total_ms"": 8878.222, ""prompt_build_ms"": 0.544, ""retry_count"": 0, ""retry_reason"": """", ""total_tokens"": 4395}, ""action"": ""migration_advisor"", ""action_input"": {""finish_after_tool"": true, ""use_image"": true, ""use_visual_probe"": true, ""user_query"": ""碳化硅陶瓷烧结台探针恢复复议4867号""}, ""clarification_question"": """", ""decision_type"": ""tool"", ""end_reason"": """", ""final_answer"": """", ""thought"": ""最新状态未满足结束或重试条件，需要进入能力迁移评估。""}, {""_planner_metrics"": {""api_call_ms"": 5027.879, ""first_api_call_ms"": 5027.879, ""first_finish_reason"": ""stop"", ""first_input_tokens"": 4649, ""first_output_tokens"": 32, ""first_total_tokens"": 4681, ""input_tokens"": 4649, ""output_tokens"": 32, ""parse_ms"": 0.117, ""planner_total_ms"": 5045.114, ""prompt_build_ms"": 0.421, ""retry_count"": 0, ""retry_reason"": """", ""total_tokens"": 4681}, ""action"": ""final_answer"", ""action_input"": {}, ""clarification_question"": """", ""decision_type"": ""end"", ""end_reason"": ""memory_hit"", ""final_answer"": """", ""thought"": ""最新状态已满足结束条件，可以终止本轮规划。""}]","step2:action expected 'qwen_detection', got 'migration_advisor' | step2:finish_after_tool expected False, got True | step2:arg 'label' expected to contain ['玄铜弧顶缓冲座'], got None | forbidden:migration_advisor",6416.863,6402.372,4022,50,0,1,False,True
PROMV12-TB-006-QWEN-PS3,post_retry_success_step3,历史文字可能误导，本轮以后写入的 observation 为准：先使用Qwen检测附件中的玄铜弧顶缓冲座，检测结果仅作为中间状态。最终需要判断林区无人机补给舱异常额度会核9970号应继续现有能力、结束，还是进入迁移评估。自然语言里的故障等级和预算描述没有路由优先级，只读取本 query 最新 observation 的结构化键值。错误状态仅在 retryable=true 与 retry_count=0 同时成立时复用原检测器一次，否则调用迁移顾问。正常状态需要候选数、置信度、跨提示一致性和域偏移四个门槛全部通过才结束，任一否决项都转迁移。缺省、非法、冲突状态采取保守分支；已经重试一次的结果不能再次触发检测器。检测器必须设置 finish_after_tool=false；迁移顾问使用当前图片和视觉探针并设置 finish_after_tool=true。,True,examples/images/planner_retry_optimizer_matched_v12/darkbronze_arch_buffer.png,"[{""action"": ""qwen_detection"", ""arg_contains"": {""label"": [""玄铜弧顶缓冲座""]}, ""decision_type"": ""tool"", ""required_args"": {""finish_after_tool"": false}}, {""action"": ""qwen_detection"", ""arg_contains"": {""label"": [""玄铜弧顶缓冲座""]}, ""decision_type"": ""tool"", ""required_args"": {""finish_after_tool"": false}}, {""arg_contains"": {}, ""decision_type"": ""end"", ""required_args"": {""end_reason"": ""memory_hit""}}]","[""rag_answer"", ""re_question"", ""answerer"", ""flux-image-generation"", ""rexomni_detection"", ""pipeline_eval"", ""migration_advisor""]","{""action_match"": 0.65, ""argument_match"": 0.1, ""decision_type_valid"": 0.03, ""final_tool_finish"": 0.1, ""finish_after_tool"": 0.1, ""json_valid"": 0.02, ""no_forbidden_action"": 0.1, ""no_premature_stop"": 0.1, ""no_repeated_tool"": 0.1, ""no_skip_required_probe"": 0.1, ""strict_action_match"": true, ""strict_argument_types"": true, ""wrong_action_cap"": 0.2}",False,0.75625,"[""qwen_detection"", ""qwen_detection"", ""qwen_detection""]",qwen_detection,"[{""_planner_metrics"": {""api_call_ms"": 6484.43, ""first_api_call_ms"": 6484.43, ""first_finish_reason"": ""stop"", ""first_input_tokens"": 4024, ""first_output_tokens"": 50, ""first_total_tokens"": 4074, ""input_tokens"": 4024, ""output_tokens"": 50, ""parse_ms"": 0.102, ""planner_total_ms"": 6497.681, ""prompt_build_ms"": 0.375, ""retry_count"": 0, ""retry_reason"": """", ""total_tokens"": 4074}, ""action"": ""qwen_detection"", ""action_input"": {""finish_after_tool"": false, ""label"": ""玄铜弧顶缓冲座""}, ""clarification_question"": """", ""decision_type"": ""tool"", ""end_reason"": """", ""final_answer"": """", ""thought"": ""先执行用户指定的检测器以取得当前结构化状态。""}, {""_planner_metrics"": {""api_call_ms"": 7079.905, ""first_api_call_ms"": 7079.905, ""first_finish_reason"": ""stop"", ""first_input_tokens"": 4325, ""first_output_tokens"": 54, ""first_total_tokens"": 4379, ""input_tokens"": 4325, ""output_tokens"": 54, ""parse_ms"": 0.118, ""planner_total_ms"": 7092.901, ""prompt_build_ms"": 0.373, ""retry_count"": 0, ""retry_reason"": """", ""total_tokens"": 4379}, ""action"": ""qwen_detection"", ""action_input"": {""finish_after_tool"": false, ""label"": ""玄铜弧顶缓冲座""}, ""clarification_question"": """", ""decision_type"": ""tool"", ""end_reason"": """", ""final_answer"": """", ""thought"": ""最新状态满足错误状态的重试条件，需要再次使用同一检测器。""}, {""_planner_metrics"": {""api_call_ms"": 7349.724, ""first_api_call_ms"": 7349.724, ""first_finish_reason"": ""stop"", ""first_input_tokens"": 4625, ""first_output_tokens"": 56, ""first_total_tokens"": 4681, ""input_tokens"": 4625, ""output_tokens"": 56, ""parse_ms"": 0.134, ""planner_total_ms"": 7363.678, ""prompt_build_ms"": 0.41, ""retry_count"": 0, ""retry_reason"": """", ""total_tokens"": 4681}, ""action"": ""qwen_detection"", ""action_input"": {""finish_after_tool"": false, ""label"": ""玄铜弧顶缓冲座""}, ""clarification_question"": """", ""decision_type"": ""tool"", ""end_reason"": """", ""final_answer"": """", ""thought"": ""最新状态未满足结束或迁移条件，需要继续检测器以更新结构化状态。""}]","step3:decision_type expected 'end', got 'tool' | step3:action expected 'end', got 'qwen_detection' | step3:arg 'end_reason' expected 'memory_hit', got ''",6497.681,6484.43,4024,50,0,1,False,True
PROMV12-TB-011-QWEN-PS3,post_retry_success_step3,历史文字可能误导，本轮以后写入的 observation 为准：先使用Qwen检测附件中的金橙五星复检片，检测结果仅作为中间状态。最终需要判断甚低频射电阵列异常额度会核5850号应继续现有能力、结束，还是进入迁移评估。自然语言里的故障等级和预算描述没有路由优先级，只读取本 query 最新 observation 的结构化键值。错误状态仅在 retryable=true 与 retry_count=0 同时成立时复用原检测器一次，否则调用迁移顾问。正常状态需要候选数、置信度、跨提示一致性和域偏移四个门槛全部通过才结束，任一否决项都转迁移。缺省、非法、冲突状态采取保守分支；已经重试一次的结果不能再次触发检测器。检测器必须设置 finish_after_tool=false；迁移顾问使用当前图片和视觉探针并设置 finish_after_tool=true。,True,examples/images/planner_retry_optimizer_matched_v12/goldorange_five_star_recheck.png,"[{""action"": ""qwen_detection"", ""arg_contains"": {""label"": [""金橙五星复检片""]}, ""decision_type"": ""tool"", ""required_args"": {""finish_after_tool"": false}}, {""action"": ""qwen_detection"", ""arg_contains"": {""label"": [""金橙五星复检片""]}, ""decision_type"": ""tool"", ""required_args"": {""finish_after_tool"": false}}, {""arg_contains"": {}, ""decision_type"": ""end"", ""required_args"": {""end_reason"": ""memory_hit""}}]","[""rag_answer"", ""re_question"", ""answerer"", ""flux-image-generation"", ""rexomni_detection"", ""pipeline_eval"", ""migration_advisor""]","{""action_match"": 0.65, ""argument_match"": 0.1, ""decision_type_valid"": 0.03, ""final_tool_finish"": 0.1, ""finish_after_tool"": 0.1, ""json_valid"": 0.02, ""no_forbidden_action"": 0.1, ""no_premature_stop"": 0.1, ""no_repeated_tool"": 0.1, ""no_skip_required_probe"": 0.1, ""strict_action_match"": true, ""strict_argument_types"": true, ""wrong_action_cap"": 0.2}",False,0.75625,"[""qwen_detection"", ""qwen_detection"", ""qwen_detection""]",qwen_detection,"[{""_planner_metrics"": {""api_call_ms"": 6480.995, ""first_api_call_ms"": 6480.995, ""first_finish_reason"": ""stop"", ""first_input_tokens"": 4025, ""first_output_tokens"": 49, ""first_total_tokens"": 4074, ""input_tokens"": 4025, ""output_tokens"": 49, ""parse_ms"": 0.15, ""planner_total_ms"": 6495.632, ""prompt_build_ms"": 0.421, ""retry_count"": 0, ""retry_reason"": """", ""total_tokens"": 4074}, ""action"": ""qwen_detection"", ""action_input"": {""finish_after_tool"": false, ""label"": ""金橙五星复检片""}, ""clarification_question"": """", ""decision_type"": ""tool"", ""end_reason"": """", ""final_answer"": """", ""thought"": ""先执行用户指定的检测器以取得当前结构化状态。""}, {""_planner_metrics"": {""api_call_ms"": 6864.666, ""first_api_call_ms"": 6864.666, ""first_finish_reason"": ""stop"", ""first_input_tokens"": 4334, ""first_output_tokens"": 52, ""first_total_tokens"": 4386, ""input_tokens"": 4334, ""output_tokens"": 52, ""parse_ms"": 0.113, ""planner_total_ms"": 6879.036, ""prompt_build_ms"": 0.401, ""retry_count"": 0, ""retry_reason"": """", ""total_tokens"": 4386}, ""action"": ""qwen_detection"", ""action_input"": {""finish_after_tool"": false, ""label"": ""金橙五星复检片""}, ""clarification_question"": """", ""decision_type"": ""tool"", ""end_reason"": """", ""final_answer"": """", ""thought"": ""最新状态满足错误状态重试条件，需要再次使用同一检测器。""}, {""_planner_metrics"": {""api_call_ms"": 7169.633, ""first_api_call_ms"": 7169.633, ""first_finish_reason"": ""stop"", ""first_input_tokens"": 4641, ""first_output_tokens"": 54, ""first_total_tokens"": 4695, ""input_tokens"": 4641, ""output_tokens"": 54, ""parse_ms"": 0.185, ""planner_total_ms"": 7184.855, ""prompt_build_ms"": 0.452, ""retry_count"": 0, ""retry_reason"": """", ""total_tokens"": 4695}, ""action"": ""qwen_detection"", ""action_input"": {""finish_after_tool"": false, ""label"": ""金橙五星复检片""}, ""clarification_question"": """", ""decision_type"": ""tool"", ""end_reason"": """", ""final_answer"": """", ""thought"": ""最新状态未满足结束或迁移条件，需要继续检测以更新结构化状态。""}]","step3:decision_type expected 'end', got 'tool' | step3:action expected 'end', got 'qwen_detection' | step3:arg 'end_reason' expected 'memory_hit', got ''",6495.632,6480.995,4025,49,0,1,False,True
PROMV12-TB-008-QWEN-PE3,post_retry_error_step3,能力迁移已候场，先核验最新探针回执：先使用Qwen检测附件中的玄铜弧顶缓冲座，检测结果仅作为中间状态。最终需要判断流域梯级调度闸站探针恢复复议4894号应继续现有能力、结束，还是进入迁移评估。自然语言里的故障等级和预算描述没有路由优先级，只读取本 query 最新 observation 的结构化键值。错误状态仅在 retryable=true 与 retry_count=0 同时成立时复用原检测器一次，否则调用迁移顾问。正常状态需要候选数、置信度、跨提示一致性和域偏移四个门槛全部通过才结束，任一否决项都转迁移。缺省、非法、冲突状态采取保守分支；已经重试一次的结果不能再次触发检测器。检测器必须设置 finish_after_tool=false；迁移顾问使用当前图片和视觉探针并设置 finish_after_tool=true。,True,examples/images/planner_retry_optimizer_matched_v12/darkbronze_arch_buffer.png,"[{""action"": ""qwen_detection"", ""arg_contains"": {""label"": [""玄铜弧顶缓冲座""]}, ""decision_type"": ""tool"", ""required_args"": {""finish_after_tool"": false}}, {""action"": ""qwen_detection"", ""arg_contains"": {""label"": [""玄铜弧顶缓冲座""]}, ""decision_type"": ""tool"", ""required_args"": {""finish_after_tool"": false}}, {""action"": ""migration_advisor"", ""arg_contains"": {""user_query"": [""流域梯级调度闸站探针恢复复议4894号""]}, ""decision_type"": ""tool"", ""required_args"": {""finish_after_tool"": true, ""use_image"": true, ""use_visual_probe"": true}}]","[""rag_answer"", ""re_question"", ""answerer"", ""flux-image-generation"", ""rexomni_detection"", ""pipeline_eval""]","{""action_match"": 0.65, ""argument_match"": 0.1, ""decision_type_valid"": 0.03, ""final_tool_finish"": 0.1, ""finish_after_tool"": 0.1, ""json_valid"": 0.02, ""no_forbidden_action"": 0.1, ""no_premature_stop"": 0.1, ""no_repeated_tool"": 0.1, ""no_skip_required_probe"": 0.1, ""strict_action_match"": true, ""strict_argument_types"": true, ""wrong_action_cap"": 0.2}",False,0.734375,"[""qwen_detection"", ""qwen_detection"", ""qwen_detection""]",qwen_detection,"[{""_planner_metrics"": {""api_call_ms"": 6480.731, ""first_api_call_ms"": 6480.731, ""first_finish_reason"": ""stop"", ""first_input_tokens"": 4024, ""first_output_tokens"": 50, ""first_total_tokens"": 4074, ""input_tokens"": 4024, ""output_tokens"": 50, ""parse_ms"": 0.124, ""planner_total_ms"": 6496.376, ""prompt_build_ms"": 0.565, ""retry_count"": 0, ""retry_reason"": """", ""total_tokens"": 4074}, ""action"": ""qwen_detection"", ""action_input"": {""finish_after_tool"": false, ""label"": ""玄铜弧顶缓冲座""}, ""clarification_question"": """", ""decision_type"": ""tool"", ""end_reason"": """", ""final_answer"": """", ""thought"": ""先执行用户指定的检测器以取得当前结构化状态。""}, {""_planner_metrics"": {""api_call_ms"": 6841.301, ""first_api_call_ms"": 6841.301, ""first_finish_reason"": ""stop"", ""first_input_tokens"": 4332, ""first_output_tokens"": 52, ""first_total_tokens"": 4384, ""input_tokens"": 4332, ""output_tokens"": 52, ""parse_ms"": 0.105, ""planner_total_ms"": 6856.853, ""prompt_build_ms"": 0.449, ""retry_count"": 0, ""retry_reason"": """", ""total_tokens"": 4384}, ""action"": ""qwen_detection"", ""action_input"": {""finish_after_tool"": false, ""label"": ""玄铜弧顶缓冲座""}, ""clarification_question"": """", ""decision_type"": ""tool"", ""end_reason"": """", ""final_answer"": """", ""thought"": ""最新状态满足错误重试条件，需要再次使用同一检测器。""}, {""_planner_metrics"": {""api_call_ms"": 6985.835, ""first_api_call_ms"": 6985.835, ""first_finish_reason"": ""stop"", ""first_input_tokens"": 4641, ""first_output_tokens"": 52, ""first_total_tokens"": 4693, ""input_tokens"": 4641, ""output_tokens"": 52, ""parse_ms"": 0.11, ""planner_total_ms"": 7000.199, ""prompt_build_ms"": 0.401, ""retry_count"": 0, ""retry_reason"": """", ""total_tokens"": 4693}, ""action"": ""qwen_detection"", ""action_input"": {""finish_after_tool"": false, ""label"": ""玄铜弧顶缓冲座""}, ""clarification_question"": """", ""decision_type"": ""tool"", ""end_reason"": """", ""final_answer"": """", ""thought"": ""最新状态满足错误重试条件，需要再次使用同一检测器。""}]","step3:action expected 'migration_advisor', got 'qwen_detection' | step3:finish_after_tool expected True, got False | step3:arg 'use_image' expected True, got None | step3:arg 'use_visual_probe' expected True, got None | step3:arg 'user_query' expected to contain ['流域梯级调度闸站探针恢复复议4894号'], got None",6496.376,6480.731,4024,50,0,1,False,True
PROMV12-TB-006-QWEN-MS2,missing_required_state_step2,历史文字可能误导，本轮以后写入的 observation 为准：先使用Qwen检测附件中的玄铜弧顶缓冲座，检测结果仅作为中间状态。最终需要判断林区无人机补给舱异常额度会核9970号应继续现有能力、结束，还是进入迁移评估。自然语言里的故障等级和预算描述没有路由优先级，只读取本 query 最新 observation 的结构化键值。错误状态仅在 retryable=true 与 retry_count=0 同时成立时复用原检测器一次，否则调用迁移顾问。正常状态需要候选数、置信度、跨提示一致性和域偏移四个门槛全部通过才结束，任一否决项都转迁移。缺省、非法、冲突状态采取保守分支；已经重试一次的结果不能再次触发检测器。检测器必须设置 finish_after_tool=false；迁移顾问使用当前图片和视觉探针并设置 finish_after_tool=true。,True,examples/images/planner_retry_optimizer_matched_v12/darkbronze_arch_buffer.png,"[{""action"": ""qwen_detection"", ""arg_contains"": {""label"": [""玄铜弧顶缓冲座""]}, ""decision_type"": ""tool"", ""required_args"": {""finish_after_tool"": false}}, {""action"": ""migration_advisor"", ""arg_contains"": {""user_query"": [""林区无人机补给舱异常额度会核9970号""]}, ""decision_type"": ""tool"", ""required_args"": {""finish_after_tool"": true, ""use_image"": true, ""use_visual_probe"": true}}]","[""rag_answer"", ""re_question"", ""answerer"", ""flux-image-generation"", ""rexomni_detection"", ""pipeline_eval""]","{""action_match"": 0.65, ""argument_match"": 0.1, ""decision_type_valid"": 0.03, ""final_tool_finish"": 0.1, ""finish_after_tool"": 0.1, ""json_valid"": 0.02, ""no_forbidden_action"": 0.1, ""no_premature_stop"": 0.1, ""no_repeated_tool"": 0.1, ""no_skip_required_probe"": 0.1, ""strict_action_match"": true, ""strict_argument_types"": true, ""wrong_action_cap"": 0.2}",False,0.985507,"[""qwen_detection"", ""migration_advisor""]",qwen_detection,"[{""_planner_metrics"": {""api_call_ms"": 6405.571, ""first_api_call_ms"": 6405.571, ""first_finish_reason"": ""stop"", ""first_input_tokens"": 4024, ""first_output_tokens"": 50, ""first_total_tokens"": 4074, ""input_tokens"": 4024, ""output_tokens"": 50, ""parse_ms"": 0.155, ""planner_total_ms"": 6418.554, ""prompt_build_ms"": 0.442, ""retry_count"": 0, ""retry_reason"": """", ""total_tokens"": 4074}, ""action"": ""qwen_detection"", ""action_input"": {""finish_after_tool"": false, ""label"": ""玄铜弧顶缓冲座""}, ""clarification_question"": """", ""decision_type"": ""tool"", ""end_reason"": """", ""final_answer"": """", ""thought"": ""先执行用户指定的检测器以取得当前结构化状态。""}, {""_planner_metrics"": {""api_call_ms"": 8039.544, ""first_api_call_ms"": 8039.544, ""first_finish_reason"": ""stop"", ""first_input_tokens"": 4324, ""first_output_tokens"": 65, ""first_total_tokens"": 4389, ""input_tokens"": 4324, ""output_tokens"": 65, ""parse_ms"": 0.125, ""planner_total_ms"": 8052.759, ""prompt_build_ms"": 0.37, ""retry_count"": 0, ""retry_reason"": """", ""total_tokens"": 4389}, ""action"": ""migration_advisor"", ""action_input"": {""finish_after_tool"": true, ""use_image"": true, ""use_visual_probe"": true, ""user_query"": ""林区无人机补给舱异常额度""}, ""clarification_question"": """", ""decision_type"": ""tool"", ""end_reason"": """", ""final_answer"": """", ""thought"": ""最新状态未满足结束或重试条件，需要进入能力迁移评估。""}]","step2:arg 'user_query' expected to contain ['林区无人机补给舱异常额度会核9970号'], got '林区无人机补给舱异常额度'",6418.554,6405.571,4024,50,0,1,False,True
PROMV12-TB-001-REX-FR2,fresh_retry_step2,失联背景和当前预算并存时只使用显式字段：先使用Rex-Omni检测附件中的金橙五星复检片，检测结果仅作为中间状态。最终需要判断碳化硅陶瓷烧结台异常额度会核2063号应继续现有能力、结束，还是进入迁移评估。自然语言里的故障等级和预算描述没有路由优先级，只读取本 query 最新 observation 的结构化键值。错误状态仅在 retryable=true 与 retry_count=0 同时成立时复用原检测器一次，否则调用迁移顾问。正常状态需要候选数、置信度、跨提示一致性和域偏移四个门槛全部通过才结束，任一否决项都转迁移。缺省、非法、冲突状态采取保守分支；已经重试一次的结果不能再次触发检测器。检测器必须设置 finish_after_tool=false；迁移顾问使用当前图片和视觉探针并设置 finish_after_tool=true。,True,examples/images/planner_retry_optimizer_matched_v12/goldorange_five_star_recheck.png,"[{""action"": ""rexomni_detection"", ""arg_contains"": {""label"": [""金橙五星复检片""]}, ""decision_type"": ""tool"", ""required_args"": {""finish_after_tool"": false}}, {""action"": ""rexomni_detection"", ""arg_contains"": {""label"": [""金橙五星复检片""]}, ""decision_type"": ""tool"", ""required_args"": {""finish_after_tool"": false}}, {""arg_contains"": {}, ""decision_type"": ""end"", ""required_args"": {""end_reason"": ""memory_hit""}}]","[""rag_answer"", ""re_question"", ""answerer"", ""flux-image-generation"", ""qwen_detection"", ""pipeline_eval"", ""migration_advisor""]","{""action_match"": 0.65, ""argument_match"": 0.1, ""decision_type_valid"": 0.03, ""final_tool_finish"": 0.1, ""finish_after_tool"": 0.1, ""json_valid"": 0.02, ""no_forbidden_action"": 0.1, ""no_premature_stop"": 0.1, ""no_repeated_tool"": 0.1, ""no_skip_required_probe"": 0.1, ""strict_action_match"": true, ""strict_argument_types"": true, ""wrong_action_cap"": 0.2}",False,0.640625,"[""rexomni_detection"", ""migration_advisor"", ""final_answer""]",rexomni_detection,"[{""_planner_metrics"": {""api_call_ms"": 6523.684, ""first_api_call_ms"": 6523.684, ""first_finish_reason"": ""stop"", ""first_input_tokens"": 4029, ""first_output_tokens"": 50, ""first_total_tokens"": 4079, ""input_tokens"": 4029, ""output_tokens"": 50, ""parse_ms"": 0.11, ""planner_total_ms"": 6539.891, ""prompt_build_ms"": 0.46, ""retry_count"": 0, ""retry_reason"": """", ""total_tokens"": 4079}, ""action"": ""rexomni_detection"", ""action_input"": {""finish_after_tool"": false, ""label"": ""金橙五星复检片""}, ""clarification_question"": """", ""decision_type"": ""tool"", ""end_reason"": """", ""final_answer"": """", ""thought"": ""先执行用户指定的检测器以取得当前结构化状态。""}, {""_planner_metrics"": {""api_call_ms"": 8984.687, ""first_api_call_ms"": 8984.687, ""first_finish_reason"": ""stop"", ""first_input_tokens"": 4343, ""first_output_tokens"": 73, ""first_total_tokens"": 4416, ""input_tokens"": 4343, ""output_tokens"": 73, ""parse_ms"": 0.116, ""planner_total_ms"": 8998.634, ""prompt_build_ms"": 0.462, ""retry_count"": 0, ""retry_reason"": """", ""total_tokens"": 4416}, ""action"": ""migration_advisor"", ""action_input"": {""finish_after_tool"": true, ""use_image"": true, ""use_visual_probe"": true, ""user_query"": ""碳化硅陶瓷烧结台异常额度会核2063号""}, ""clarification_question"": """", ""decision_type"": ""tool"", ""end_reason"": """", ""final_answer"": """", ""thought"": ""最新状态未满足结束或重试条件，需要进入能力迁移评估。""}, {""_planner_metrics"": {""api_call_ms"": 4880.457, ""first_api_call_ms"": 4880.457, ""first_finish_reason"": ""stop"", ""first_input_tokens"": 4675, ""first_output_tokens"": 32, ""first_total_tokens"": 4707, ""input_tokens"": 4675, ""output_tokens"": 32, ""parse_ms"": 0.116, ""planner_total_ms"": 4895.763, ""prompt_build_ms"": 0.495, ""retry_count"": 0, ""retry_reason"": """", ""total_tokens"": 4707}, ""action"": ""final_answer"", ""action_input"": {}, ""clarification_question"": """", ""decision_type"": ""end"", ""end_reason"": ""recheck_done"", ""final_answer"": """", ""thought"": ""最新状态已满足结束条件，可以收口。""}]","step2:action expected 'rexomni_detection', got 'migration_advisor' | step2:finish_after_tool expected False, got True | step2:arg 'label' expected to contain ['金橙五星复检片'], got None | step3:arg 'end_reason' expected 'memory_hit', got 'recheck_done' | forbidden:migration_advisor",6539.891,6523.684,4029,50,0,1,False,True
PROMV12-TB-006-QWEN-PE3,post_retry_error_step3,历史文字可能误导，本轮以后写入的 observation 为准：先使用Qwen检测附件中的玄铜弧顶缓冲座，检测结果仅作为中间状态。最终需要判断林区无人机补给舱异常额度会核9970号应继续现有能力、结束，还是进入迁移评估。自然语言里的故障等级和预算描述没有路由优先级，只读取本 query 最新 observation 的结构化键值。错误状态仅在 retryable=true 与 retry_count=0 同时成立时复用原检测器一次，否则调用迁移顾问。正常状态需要候选数、置信度、跨提示一致性和域偏移四个门槛全部通过才结束，任一否决项都转迁移。缺省、非法、冲突状态采取保守分支；已经重试一次的结果不能再次触发检测器。检测器必须设置 finish_after_tool=false；迁移顾问使用当前图片和视觉探针并设置 finish_after_tool=true。,True,examples/images/planner_retry_optimizer_matched_v12/darkbronze_arch_buffer.png,"[{""action"": ""qwen_detection"", ""arg_contains"": {""label"": [""玄铜弧顶缓冲座""]}, ""decision_type"": ""tool"", ""required_args"": {""finish_after_tool"": false}}, {""action"": ""qwen_detection"", ""arg_contains"": {""label"": [""玄铜弧顶缓冲座""]}, ""decision_type"": ""tool"", ""required_args"": {""finish_after_tool"": false}}, {""action"": ""migration_advisor"", ""arg_contains"": {""user_query"": [""林区无人机补给舱异常额度会核9970号""]}, ""decision_type"": ""tool"", ""required_args"": {""finish_after_tool"": true, ""use_image"": true, ""use_visual_probe"": true}}]","[""rag_answer"", ""re_question"", ""answerer"", ""flux-image-generation"", ""rexomni_detection"", ""pipeline_eval""]","{""action_match"": 0.65, ""argument_match"": 0.1, ""decision_type_valid"": 0.03, ""final_tool_finish"": 0.1, ""finish_after_tool"": 0.1, ""json_valid"": 0.02, ""no_forbidden_action"": 0.1, ""no_premature_stop"": 0.1, ""no_repeated_tool"": 0.1, ""no_skip_required_probe"": 0.1, ""strict_action_match"": true, ""strict_argument_types"": true, ""wrong_action_cap"": 0.2}",False,0.734375,"[""qwen_detection"", ""qwen_detection"", ""qwen_detection""]",qwen_detection,"[{""_planner_metrics"": {""api_call_ms"": 6410.004, ""first_api_call_ms"": 6410.004, ""first_finish_reason"": ""stop"", ""first_input_tokens"": 4024, ""first_output_tokens"": 50, ""first_total_tokens"": 4074, ""input_tokens"": 4024, ""output_tokens"": 50, ""parse_ms"": 0.111, ""planner_total_ms"": 6423.161, ""prompt_build_ms"": 0.438, ""retry_count"": 0, ""retry_reason"": """", ""total_tokens"": 4074}, ""action"": ""qwen_detection"", ""action_input"": {""finish_after_tool"": false, ""label"": ""玄铜弧顶缓冲座""}, ""clarification_question"": """", ""decision_type"": ""tool"", ""end_reason"": """", ""final_answer"": """", ""thought"": ""先执行用户指定的检测器以取得当前结构化状态。""}, {""_planner_metrics"": {""api_call_ms"": 6887.981, ""first_api_call_ms"": 6887.981, ""first_finish_reason"": ""stop"", ""first_input_tokens"": 4327, ""first_output_tokens"": 53, ""first_total_tokens"": 4380, ""input_tokens"": 4327, ""output_tokens"": 53, ""parse_ms"": 0.114, ""planner_total_ms"": 6901.11, ""prompt_build_ms"": 0.402, ""retry_count"": 0, ""retry_reason"": """", ""total_tokens"": 4380}, ""action"": ""qwen_detection"", ""action_input"": {""finish_after_tool"": false, ""label"": ""玄铜弧顶缓冲座""}, ""clarification_question"": """", ""decision_type"": ""tool"", ""end_reason"": """", ""final_answer"": """", ""thought"": ""最新状态满足错误状态重试条件，需要再次使用同一检测器。""}, {""_planner_metrics"": {""api_call_ms"": 7088.93, ""first_api_call_ms"": 7088.93, ""first_finish_reason"": ""stop"", ""first_input_tokens"": 4633, ""first_output_tokens"": 53, ""first_total_tokens"": 4686, ""input_tokens"": 4633, ""output_tokens"": 53, ""parse_ms"": 0.118, ""planner_total_ms"": 7103.113, ""prompt_build_ms"": 0.463, ""retry_count"": 0, ""retry_reason"": """", ""total_tokens"": 4686}, ""action"": ""qwen_detection"", ""action_input"": {""finish_after_tool"": false, ""label"": ""玄铜弧顶缓冲座""}, ""clarification_question"": """", ""decision_type"": ""tool"", ""end_reason"": """", ""final_answer"": """", ""thought"": ""最新状态满足错误状态重试条件，需要再次使用同一检测器。""}]","step3:action expected 'migration_advisor', got 'qwen_detection' | step3:finish_after_tool expected True, got False | step3:arg 'use_image' expected True, got None | step3:arg 'use_visual_probe' expected True, got None | step3:arg 'user_query' expected to contain ['林区无人机补给舱异常额度会核9970号'], got None",6423.161,6410.004,4024,50,0,1,False,True
PROMV12-TB-008-REX-PS3,post_retry_success_step3,能力迁移已候场，先核验最新探针回执：先使用Rex-Omni检测附件中的玄铜弧顶缓冲座，检测结果仅作为中间状态。最终需要判断流域梯级调度闸站探针恢复复议4894号应继续现有能力、结束，还是进入迁移评估。自然语言里的故障等级和预算描述没有路由优先级，只读取本 query 最新 observation 的结构化键值。错误状态仅在 retryable=true 与 retry_count=0 同时成立时复用原检测器一次，否则调用迁移顾问。正常状态需要候选数、置信度、跨提示一致性和域偏移四个门槛全部通过才结束，任一否决项都转迁移。缺省、非法、冲突状态采取保守分支；已经重试一次的结果不能再次触发检测器。检测器必须设置 finish_after_tool=false；迁移顾问使用当前图片和视觉探针并设置 finish_after_tool=true。,True,examples/images/planner_retry_optimizer_matched_v12/darkbronze_arch_buffer.png,"[{""action"": ""rexomni_detection"", ""arg_contains"": {""label"": [""玄铜弧顶缓冲座""]}, ""decision_type"": ""tool"", ""required_args"": {""finish_after_tool"": false}}, {""action"": ""rexomni_detection"", ""arg_contains"": {""label"": [""玄铜弧顶缓冲座""]}, ""decision_type"": ""tool"", ""required_args"": {""finish_after_tool"": false}}, {""arg_contains"": {}, ""decision_type"": ""end"", ""required_args"": {""end_reason"": ""memory_hit""}}]","[""rag_answer"", ""re_question"", ""answerer"", ""flux-image-generation"", ""qwen_detection"", ""pipeline_eval"", ""migration_advisor""]","{""action_match"": 0.65, ""argument_match"": 0.1, ""decision_type_valid"": 0.03, ""final_tool_finish"": 0.1, ""finish_after_tool"": 0.1, ""json_valid"": 0.02, ""no_forbidden_action"": 0.1, ""no_premature_stop"": 0.1, ""no_repeated_tool"": 0.1, ""no_skip_required_probe"": 0.1, ""strict_action_match"": true, ""strict_argument_types"": true, ""wrong_action_cap"": 0.2}",False,0.725,"[""rexomni_detection"", ""rexomni_detection"", ""migration_advisor""]",rexomni_detection,"[{""_planner_metrics"": {""api_call_ms"": 6661.879, ""first_api_call_ms"": 6661.879, ""first_finish_reason"": ""stop"", ""first_input_tokens"": 4030, ""first_output_tokens"": 51, ""first_total_tokens"": 4081, ""input_tokens"": 4030, ""output_tokens"": 51, ""parse_ms"": 0.14, ""planner_total_ms"": 6676.695, ""prompt_build_ms"": 0.541, ""retry_count"": 0, ""retry_reason"": """", ""total_tokens"": 4081}, ""action"": ""rexomni_detection"", ""action_input"": {""finish_after_tool"": false, ""label"": ""玄铜弧顶缓冲座""}, ""clarification_question"": """", ""decision_type"": ""tool"", ""end_reason"": """", ""final_answer"": """", ""thought"": ""先执行用户指定的检测器以取得当前结构化状态。""}, {""_planner_metrics"": {""api_call_ms"": 7074.379, ""first_api_call_ms"": 7074.379, ""first_finish_reason"": ""stop"", ""first_input_tokens"": 4343, ""first_output_tokens"": 53, ""first_total_tokens"": 4396, ""input_tokens"": 4343, ""output_tokens"": 53, ""parse_ms"": 0.14, ""planner_total_ms"": 7090.824, ""prompt_build_ms"": 0.465, ""retry_count"": 0, ""retry_reason"": """", ""total_tokens"": 4396}, ""action"": ""rexomni_detection"", ""action_input"": {""finish_after_tool"": false, ""label"": ""玄铜弧顶缓冲座""}, ""clarification_question"": """", ""decision_type"": ""tool"", ""end_reason"": """", ""final_answer"": """", ""thought"": ""最新状态满足错误重试条件，需要再次使用同一检测器。""}, {""_planner_metrics"": {""api_call_ms"": 9334.83, ""first_api_call_ms"": 9334.83, ""first_finish_reason"": ""stop"", ""first_input_tokens"": 4652, ""first_output_tokens"": 73, ""first_total_tokens"": 4725, ""input_tokens"": 4652, ""output_tokens"": 73, ""parse_ms"": 0.138, ""planner_total_ms"": 9350.989, ""prompt_build_ms"": 0.466, ""retry_count"": 0, ""retry_reason"": """", ""total_tokens"": 4725}, ""action"": ""migration_advisor"", ""action_input"": {""finish_after_tool"": true, ""use_image"": true, ""use_visual_probe"": true, ""user_query"": ""流域梯级调度闸站探针恢复复议4894号""}, ""clarification_question"": """", ""decision_type"": ""tool"", ""end_reason"": """", ""final_answer"": """", ""thought"": ""最新状态未满足结束或重试条件，需要进入能力迁移评估。""}]","step3:decision_type expected 'end', got 'tool' | step3:action expected 'end', got 'migration_advisor' | step3:arg 'end_reason' expected 'memory_hit', got '' | forbidden:migration_advisor",6676.695,6661.879,4030,51,0,1,False,True
PROMV12-TB-012-REX-PS3,post_retry_success_step3,读取这次机器状态并选择唯一动作：先使用Rex-Omni检测附件中的金橙五星复检片，检测结果仅作为中间状态。最终需要判断甚低频射电阵列回执分支终签3879号应继续现有能力、结束，还是进入迁移评估。自然语言里的故障等级和预算描述没有路由优先级，只读取本 query 最新 observation 的结构化键值。错误状态仅在 retryable=true 与 retry_count=0 同时成立时复用原检测器一次，否则调用迁移顾问。正常状态需要候选数、置信度、跨提示一致性和域偏移四个门槛全部通过才结束，任一否决项都转迁移。缺省、非法、冲突状态采取保守分支；已经重试一次的结果不能再次触发检测器。检测器必须设置 finish_after_tool=false；迁移顾问使用当前图片和视觉探针并设置 finish_after_tool=true。,True,examples/images/planner_retry_optimizer_matched_v12/goldorange_five_star_recheck.png,"[{""action"": ""rexomni_detection"", ""arg_contains"": {""label"": [""金橙五星复检片""]}, ""decision_type"": ""tool"", ""required_args"": {""finish_after_tool"": false}}, {""action"": ""rexomni_detection"", ""arg_contains"": {""label"": [""金橙五星复检片""]}, ""decision_type"": ""tool"", ""required_args"": {""finish_after_tool"": false}}, {""arg_contains"": {}, ""decision_type"": ""end"", ""required_args"": {""end_reason"": ""memory_hit""}}]","[""rag_answer"", ""re_question"", ""answerer"", ""flux-image-generation"", ""qwen_detection"", ""pipeline_eval"", ""migration_advisor""]","{""action_match"": 0.65, ""argument_match"": 0.1, ""decision_type_valid"": 0.03, ""final_tool_finish"": 0.1, ""finish_after_tool"": 0.1, ""json_valid"": 0.02, ""no_forbidden_action"": 0.1, ""no_premature_stop"": 0.1, ""no_repeated_tool"": 0.1, ""no_skip_required_probe"": 0.1, ""strict_action_match"": true, ""strict_argument_types"": true, ""wrong_action_cap"": 0.2}",False,0.725,"[""rexomni_detection"", ""rexomni_detection"", ""migration_advisor""]",rexomni_detection,"[{""_planner_metrics"": {""api_call_ms"": 6482.448, ""first_api_call_ms"": 6482.448, ""first_finish_reason"": ""stop"", ""first_input_tokens"": 4023, ""first_output_tokens"": 50, ""first_total_tokens"": 4073, ""input_tokens"": 4023, ""output_tokens"": 50, ""parse_ms"": 0.105, ""planner_total_ms"": 6495.896, ""prompt_build_ms"": 0.464, ""retry_count"": 0, ""retry_reason"": """", ""total_tokens"": 4073}, ""action"": ""rexomni_detection"", ""action_input"": {""finish_after_tool"": false, ""label"": ""金橙五星复检片""}, ""clarification_question"": """", ""decision_type"": ""tool"", ""end_reason"": """", ""final_answer"": """", ""thought"": ""先执行用户指定的检测器以取得当前结构化状态。""}, {""_planner_metrics"": {""api_call_ms"": 6856.747, ""first_api_call_ms"": 6856.747, ""first_finish_reason"": ""stop"", ""first_input_tokens"": 4331, ""first_output_tokens"": 52, ""first_total_tokens"": 4383, ""input_tokens"": 4331, ""output_tokens"": 52, ""parse_ms"": 0.106, ""planner_total_ms"": 6870.095, ""prompt_build_ms"": 0.449, ""retry_count"": 0, ""retry_reason"": """", ""total_tokens"": 4383}, ""action"": ""rexomni_detection"", ""action_input"": {""finish_after_tool"": false, ""label"": ""金橙五星复检片""}, ""clarification_question"": """", ""decision_type"": ""tool"", ""end_reason"": """", ""final_answer"": """", ""thought"": ""最新状态满足错误重试条件，需要再次使用同一检测器。""}, {""_planner_metrics"": {""api_call_ms"": 8943.758, ""first_api_call_ms"": 8943.758, ""first_finish_reason"": ""stop"", ""first_input_tokens"": 4638, ""first_output_tokens"": 73, ""first_total_tokens"": 4711, ""input_tokens"": 4638, ""output_tokens"": 73, ""parse_ms"": 0.115, ""planner_total_ms"": 8957.549, ""prompt_build_ms"": 0.398, ""retry_count"": 0, ""retry_reason"": """", ""total_tokens"": 4711}, ""action"": ""migration_advisor"", ""action_input"": {""finish_after_tool"": true, ""use_image"": true, ""use_visual_probe"": true, ""user_query"": ""甚低频射电阵列回执分支终签3879号""}, ""clarification_question"": """", ""decision_type"": ""tool"", ""end_reason"": """", ""final_answer"": """", ""thought"": ""最新状态未满足结束或重试条件，需要进入能力迁移评估。""}]","step3:decision_type expected 'end', got 'tool' | step3:action expected 'end', got 'migration_advisor' | step3:arg 'end_reason' expected 'memory_hit', got '' | forbidden:migration_advisor",6495.896,6482.448,4023,50,0,1,False,True
