case_id,category,query,has_image,image_fixture,expected_decisions,forbidden_actions,reward_spec,run1_passed,run1_score,run1_used_actions,run1_actual_first_action,run1_decisions,run1_failures,run1_elapsed_ms,run1_api_call_ms,run1_input_tokens,run1_output_tokens,pass_count,run_count,all_passed,any_failed
PROMV12-TA-004-QWEN-FR2,fresh_retry_step2,迁移队列已经建立，请先裁决最新机器状态：先使用Qwen检测附件中的冰青三辐锁紧轮，检测结果仅作为中间状态。最终需要判断类器官灌流培养台异常路径终验2905号应继续现有能力、结束，还是进入迁移评估。自然语言里的故障等级和预算描述没有路由优先级，只读取本 query 最新 observation 的结构化键值。错误状态仅在 retryable=true 与 retry_count=0 同时成立时复用原检测器一次，否则调用迁移顾问。正常状态需要候选数、置信度、跨提示一致性和域偏移四个门槛全部通过才结束，任一否决项都转迁移。缺省、非法、冲突状态采取保守分支；已经重试一次的结果不能再次触发检测器。检测器必须设置 finish_after_tool=false；迁移顾问使用当前图片和视觉探针并设置 finish_after_tool=true。,True,examples/images/planner_retry_optimizer_matched_v12/icecyan_three_spoke_lockwheel.png,"[{""action"": ""qwen_detection"", ""arg_contains"": {""label"": [""冰青三辐锁紧轮""]}, ""decision_type"": ""tool"", ""required_args"": {""finish_after_tool"": false}}, {""action"": ""qwen_detection"", ""arg_contains"": {""label"": [""冰青三辐锁紧轮""]}, ""decision_type"": ""tool"", ""required_args"": {""finish_after_tool"": false}}, {""arg_contains"": {}, ""decision_type"": ""end"", ""required_args"": {""end_reason"": ""memory_hit""}}]","[""rag_answer"", ""re_question"", ""answerer"", ""flux-image-generation"", ""rexomni_detection"", ""pipeline_eval"", ""migration_advisor""]","{""action_match"": 0.65, ""argument_match"": 0.1, ""decision_type_valid"": 0.03, ""final_tool_finish"": 0.1, ""finish_after_tool"": 0.1, ""json_valid"": 0.02, ""no_forbidden_action"": 0.1, ""no_premature_stop"": 0.1, ""no_repeated_tool"": 0.1, ""no_skip_required_probe"": 0.1, ""strict_action_match"": true, ""strict_argument_types"": true, ""wrong_action_cap"": 0.2}",False,0.725,"[""qwen_detection"", ""qwen_detection"", ""migration_advisor""]",qwen_detection,"[{""_planner_metrics"": {""api_call_ms"": 6539.983, ""first_api_call_ms"": 6539.983, ""first_finish_reason"": ""stop"", ""first_input_tokens"": 4028, ""first_output_tokens"": 51, ""first_total_tokens"": 4079, ""input_tokens"": 4028, ""output_tokens"": 51, ""parse_ms"": 0.198, ""planner_total_ms"": 6558.285, ""prompt_build_ms"": 0.495, ""retry_count"": 0, ""retry_reason"": """", ""total_tokens"": 4079}, ""action"": ""qwen_detection"", ""action_input"": {""finish_after_tool"": false, ""label"": ""冰青三辐锁紧轮""}, ""clarification_question"": """", ""decision_type"": ""tool"", ""end_reason"": """", ""final_answer"": """", ""thought"": ""先执行用户指定的检测器以取得当前结构化状态。""}, {""_planner_metrics"": {""api_call_ms"": 6914.164, ""first_api_call_ms"": 6914.164, ""first_finish_reason"": ""stop"", ""first_input_tokens"": 4340, ""first_output_tokens"": 53, ""first_total_tokens"": 4393, ""input_tokens"": 4340, ""output_tokens"": 53, ""parse_ms"": 0.198, ""planner_total_ms"": 6933.567, ""prompt_build_ms"": 0.608, ""retry_count"": 0, ""retry_reason"": """", ""total_tokens"": 4393}, ""action"": ""qwen_detection"", ""action_input"": {""finish_after_tool"": false, ""label"": ""冰青三辐锁紧轮""}, ""clarification_question"": """", ""decision_type"": ""tool"", ""end_reason"": """", ""final_answer"": """", ""thought"": ""最新状态满足错误状态重试条件，应继续使用同一检测器。""}, {""_planner_metrics"": {""api_call_ms"": 9207.639, ""first_api_call_ms"": 9207.639, ""first_finish_reason"": ""stop"", ""first_input_tokens"": 4648, ""first_output_tokens"": 74, ""first_total_tokens"": 4722, ""input_tokens"": 4648, ""output_tokens"": 74, ""parse_ms"": 0.214, ""planner_total_ms"": 9227.587, ""prompt_build_ms"": 0.645, ""retry_count"": 0, ""retry_reason"": """", ""total_tokens"": 4722}, ""action"": ""migration_advisor"", ""action_input"": {""finish_after_tool"": true, ""use_image"": true, ""use_visual_probe"": true, ""user_query"": ""类器官灌流培养台异常路径终验2905号""}, ""clarification_question"": """", ""decision_type"": ""tool"", ""end_reason"": """", ""final_answer"": """", ""thought"": ""最新状态未满足结束或迁移条件，需要继续按规则处理。""}]","step3:decision_type expected 'end', got 'tool' | step3:action expected 'end', got 'migration_advisor' | step3:arg 'end_reason' expected 'memory_hit', got '' | forbidden:migration_advisor",6558.285,6539.983,4028,51,0,1,False,True
PROMV12-TA-003-QWEN-PV3,post_retry_metric_veto_step3,旧故障结论不得覆盖最后一条结构化回执：先使用Qwen检测附件中的冰青三辐锁紧轮，检测结果仅作为中间状态。最终需要判断深水码头输油站重试边界复审2398号应继续现有能力、结束，还是进入迁移评估。自然语言里的故障等级和预算描述没有路由优先级，只读取本 query 最新 observation 的结构化键值。错误状态仅在 retryable=true 与 retry_count=0 同时成立时复用原检测器一次，否则调用迁移顾问。正常状态需要候选数、置信度、跨提示一致性和域偏移四个门槛全部通过才结束，任一否决项都转迁移。缺省、非法、冲突状态采取保守分支；已经重试一次的结果不能再次触发检测器。检测器必须设置 finish_after_tool=false；迁移顾问使用当前图片和视觉探针并设置 finish_after_tool=true。,True,examples/images/planner_retry_optimizer_matched_v12/icecyan_three_spoke_lockwheel.png,"[{""action"": ""qwen_detection"", ""arg_contains"": {""label"": [""冰青三辐锁紧轮""]}, ""decision_type"": ""tool"", ""required_args"": {""finish_after_tool"": false}}, {""action"": ""qwen_detection"", ""arg_contains"": {""label"": [""冰青三辐锁紧轮""]}, ""decision_type"": ""tool"", ""required_args"": {""finish_after_tool"": false}}, {""action"": ""migration_advisor"", ""arg_contains"": {""user_query"": [""深水码头输油站重试边界复审2398号""]}, ""decision_type"": ""tool"", ""required_args"": {""finish_after_tool"": true, ""use_image"": true, ""use_visual_probe"": true}}]","[""rag_answer"", ""re_question"", ""answerer"", ""flux-image-generation"", ""rexomni_detection"", ""pipeline_eval""]","{""action_match"": 0.65, ""argument_match"": 0.1, ""decision_type_valid"": 0.03, ""final_tool_finish"": 0.1, ""finish_after_tool"": 0.1, ""json_valid"": 0.02, ""no_forbidden_action"": 0.1, ""no_premature_stop"": 0.1, ""no_repeated_tool"": 0.1, ""no_skip_required_probe"": 0.1, ""strict_action_match"": true, ""strict_argument_types"": true, ""wrong_action_cap"": 0.2}",False,0.428125,"[""qwen_detection"", ""migration_advisor"", ""final_answer""]",qwen_detection,"[{""_planner_metrics"": {""api_call_ms"": 6530.779, ""first_api_call_ms"": 6530.779, ""first_finish_reason"": ""stop"", ""first_input_tokens"": 4022, ""first_output_tokens"": 51, ""first_total_tokens"": 4073, ""input_tokens"": 4022, ""output_tokens"": 51, ""parse_ms"": 0.203, ""planner_total_ms"": 6548.222, ""prompt_build_ms"": 0.406, ""retry_count"": 0, ""retry_reason"": """", ""total_tokens"": 4073}, ""action"": ""qwen_detection"", ""action_input"": {""finish_after_tool"": false, ""label"": ""冰青三辐锁紧轮""}, ""clarification_question"": """", ""decision_type"": ""tool"", ""end_reason"": """", ""final_answer"": """", ""thought"": ""先执行用户指定的检测器以取得当前结构化状态。""}, {""_planner_metrics"": {""api_call_ms"": 8842.831, ""first_api_call_ms"": 8842.831, ""first_finish_reason"": ""stop"", ""first_input_tokens"": 4327, ""first_output_tokens"": 72, ""first_total_tokens"": 4399, ""input_tokens"": 4327, ""output_tokens"": 72, ""parse_ms"": 0.122, ""planner_total_ms"": 8861.112, ""prompt_build_ms"": 0.643, ""retry_count"": 0, ""retry_reason"": """", ""total_tokens"": 4399}, ""action"": ""migration_advisor"", ""action_input"": {""finish_after_tool"": true, ""use_image"": true, ""use_visual_probe"": true, ""user_query"": ""深水码头输油站重试边界复审2398号""}, ""clarification_question"": """", ""decision_type"": ""tool"", ""end_reason"": """", ""final_answer"": """", ""thought"": ""最新状态未满足结束或重试条件，需要进入能力迁移评估。""}, {""_planner_metrics"": {""api_call_ms"": 4877.437, ""first_api_call_ms"": 4877.437, ""first_finish_reason"": ""stop"", ""first_input_tokens"": 4654, ""first_output_tokens"": 32, ""first_total_tokens"": 4686, ""input_tokens"": 4654, ""output_tokens"": 32, ""parse_ms"": 0.185, ""planner_total_ms"": 4893.602, ""prompt_build_ms"": 0.581, ""retry_count"": 0, ""retry_reason"": """", ""total_tokens"": 4686}, ""action"": ""final_answer"", ""action_input"": {}, ""clarification_question"": """", ""decision_type"": ""end"", ""end_reason"": ""memory_hit"", ""final_answer"": """", ""thought"": ""最新状态已满足结束条件，可以终止本轮规划。""}]","step2:action expected 'qwen_detection', got 'migration_advisor' | step2:finish_after_tool expected False, got True | step2:arg 'label' expected to contain ['冰青三辐锁紧轮'], got None | step3:decision_type expected 'tool', got 'end' | step3:action expected 'migration_advisor', got 'end' | step3:finish_after_tool expected True, got None | step3:arg 'use_image' expected True, got None | step3:arg 'use_visual_probe' expected True, got None | step3:arg 'user_query' expected to contain ['深水码头输油站重试边界复审2398号'], got None",6548.222,6530.779,4022,51,0,1,False,True
PROMV12-TA-004-REX-FR2,fresh_retry_step2,迁移队列已经建立，请先裁决最新机器状态：先使用Rex-Omni检测附件中的冰青三辐锁紧轮，检测结果仅作为中间状态。最终需要判断类器官灌流培养台异常路径终验2905号应继续现有能力、结束，还是进入迁移评估。自然语言里的故障等级和预算描述没有路由优先级，只读取本 query 最新 observation 的结构化键值。错误状态仅在 retryable=true 与 retry_count=0 同时成立时复用原检测器一次，否则调用迁移顾问。正常状态需要候选数、置信度、跨提示一致性和域偏移四个门槛全部通过才结束，任一否决项都转迁移。缺省、非法、冲突状态采取保守分支；已经重试一次的结果不能再次触发检测器。检测器必须设置 finish_after_tool=false；迁移顾问使用当前图片和视觉探针并设置 finish_after_tool=true。,True,examples/images/planner_retry_optimizer_matched_v12/icecyan_three_spoke_lockwheel.png,"[{""action"": ""rexomni_detection"", ""arg_contains"": {""label"": [""冰青三辐锁紧轮""]}, ""decision_type"": ""tool"", ""required_args"": {""finish_after_tool"": false}}, {""action"": ""rexomni_detection"", ""arg_contains"": {""label"": [""冰青三辐锁紧轮""]}, ""decision_type"": ""tool"", ""required_args"": {""finish_after_tool"": false}}, {""arg_contains"": {}, ""decision_type"": ""end"", ""required_args"": {""end_reason"": ""memory_hit""}}]","[""rag_answer"", ""re_question"", ""answerer"", ""flux-image-generation"", ""qwen_detection"", ""pipeline_eval"", ""migration_advisor""]","{""action_match"": 0.65, ""argument_match"": 0.1, ""decision_type_valid"": 0.03, ""final_tool_finish"": 0.1, ""finish_after_tool"": 0.1, ""json_valid"": 0.02, ""no_forbidden_action"": 0.1, ""no_premature_stop"": 0.1, ""no_repeated_tool"": 0.1, ""no_skip_required_probe"": 0.1, ""strict_action_match"": true, ""strict_argument_types"": true, ""wrong_action_cap"": 0.2}",False,0.671875,"[""rexomni_detection"", ""migration_advisor"", ""final_answer""]",rexomni_detection,"[{""_planner_metrics"": {""api_call_ms"": 6662.515, ""first_api_call_ms"": 6662.515, ""first_finish_reason"": ""stop"", ""first_input_tokens"": 4034, ""first_output_tokens"": 52, ""first_total_tokens"": 4086, ""input_tokens"": 4034, ""output_tokens"": 52, ""parse_ms"": 0.156, ""planner_total_ms"": 6678.048, ""prompt_build_ms"": 0.439, ""retry_count"": 0, ""retry_reason"": """", ""total_tokens"": 4086}, ""action"": ""rexomni_detection"", ""action_input"": {""finish_after_tool"": false, ""label"": ""冰青三辐锁紧轮""}, ""clarification_question"": """", ""decision_type"": ""tool"", ""end_reason"": """", ""final_answer"": """", ""thought"": ""先执行用户指定的检测器以取得当前结构化状态。""}, {""_planner_metrics"": {""api_call_ms"": 9221.584, ""first_api_call_ms"": 9221.584, ""first_finish_reason"": ""stop"", ""first_input_tokens"": 4349, ""first_output_tokens"": 75, ""first_total_tokens"": 4424, ""input_tokens"": 4349, ""output_tokens"": 75, ""parse_ms"": 0.235, ""planner_total_ms"": 9237.325, ""prompt_build_ms"": 0.501, ""retry_count"": 0, ""retry_reason"": """", ""total_tokens"": 4424}, ""action"": ""migration_advisor"", ""action_input"": {""finish_after_tool"": true, ""use_image"": true, ""use_visual_probe"": true, ""user_query"": ""类器官灌流培养台异常路径终验2905号""}, ""clarification_question"": """", ""decision_type"": ""tool"", ""end_reason"": """", ""final_answer"": """", ""thought"": ""最新状态满足错误状态条件，需要调用迁移顾问进行能力边界评估。""}, {""_planner_metrics"": {""api_call_ms"": 4784.821, ""first_api_call_ms"": 4784.821, ""first_finish_reason"": ""stop"", ""first_input_tokens"": 4683, ""first_output_tokens"": 31, ""first_total_tokens"": 4714, ""input_tokens"": 4683, ""output_tokens"": 31, ""parse_ms"": 0.105, ""planner_total_ms"": 4804.362, ""prompt_build_ms"": 0.583, ""retry_count"": 0, ""retry_reason"": """", ""total_tokens"": 4714}, ""action"": ""final_answer"", ""action_input"": {}, ""clarification_question"": """", ""decision_type"": ""end"", ""end_reason"": ""memory_hit"", ""final_answer"": """", ""thought"": ""最新状态已满足结束条件，可以收口。""}]","step2:action expected 'rexomni_detection', got 'migration_advisor' | step2:finish_after_tool expected False, got True | step2:arg 'label' expected to contain ['冰青三辐锁紧轮'], got None | forbidden:migration_advisor",6678.048,6662.515,4034,52,0,1,False,True
PROMV12-TA-011-QWEN-FR2,fresh_retry_step2,迁移队列已经建立，请先裁决最新机器状态：先使用Qwen检测附件中的焦糖十字分流块，检测结果仅作为中间状态。最终需要判断非晶合金铸造炉稳定状态会签6874号应继续现有能力、结束，还是进入迁移评估。自然语言里的故障等级和预算描述没有路由优先级，只读取本 query 最新 observation 的结构化键值。错误状态仅在 retryable=true 与 retry_count=0 同时成立时复用原检测器一次，否则调用迁移顾问。正常状态需要候选数、置信度、跨提示一致性和域偏移四个门槛全部通过才结束，任一否决项都转迁移。缺省、非法、冲突状态采取保守分支；已经重试一次的结果不能再次触发检测器。检测器必须设置 finish_after_tool=false；迁移顾问使用当前图片和视觉探针并设置 finish_after_tool=true。,True,examples/images/planner_retry_optimizer_matched_v12/caramel_cross_diverter.png,"[{""action"": ""qwen_detection"", ""arg_contains"": {""label"": [""焦糖十字分流块""]}, ""decision_type"": ""tool"", ""required_args"": {""finish_after_tool"": false}}, {""action"": ""qwen_detection"", ""arg_contains"": {""label"": [""焦糖十字分流块""]}, ""decision_type"": ""tool"", ""required_args"": {""finish_after_tool"": false}}, {""arg_contains"": {}, ""decision_type"": ""end"", ""required_args"": {""end_reason"": ""memory_hit""}}]","[""rag_answer"", ""re_question"", ""answerer"", ""flux-image-generation"", ""rexomni_detection"", ""pipeline_eval"", ""migration_advisor""]","{""action_match"": 0.65, ""argument_match"": 0.1, ""decision_type_valid"": 0.03, ""final_tool_finish"": 0.1, ""finish_after_tool"": 0.1, ""json_valid"": 0.02, ""no_forbidden_action"": 0.1, ""no_premature_stop"": 0.1, ""no_repeated_tool"": 0.1, ""no_skip_required_probe"": 0.1, ""strict_action_match"": true, ""strict_argument_types"": true, ""wrong_action_cap"": 0.2}",False,0.725,"[""qwen_detection"", ""qwen_detection"", ""migration_advisor""]",qwen_detection,"[{""_planner_metrics"": {""api_call_ms"": 6220.245, ""first_api_call_ms"": 6220.245, ""first_finish_reason"": ""stop"", ""first_input_tokens"": 4019, ""first_output_tokens"": 48, ""first_total_tokens"": 4067, ""input_tokens"": 4019, ""output_tokens"": 48, ""parse_ms"": 0.116, ""planner_total_ms"": 6234.383, ""prompt_build_ms"": 0.445, ""retry_count"": 0, ""retry_reason"": """", ""total_tokens"": 4067}, ""action"": ""qwen_detection"", ""action_input"": {""finish_after_tool"": false, ""label"": ""焦糖十字分流块""}, ""clarification_question"": """", ""decision_type"": ""tool"", ""end_reason"": """", ""final_answer"": """", ""thought"": ""先执行用户指定的检测器以取得当前结构化状态。""}, {""_planner_metrics"": {""api_call_ms"": 6687.773, ""first_api_call_ms"": 6687.773, ""first_finish_reason"": ""stop"", ""first_input_tokens"": 4325, ""first_output_tokens"": 51, ""first_total_tokens"": 4376, ""input_tokens"": 4325, ""output_tokens"": 51, ""parse_ms"": 0.117, ""planner_total_ms"": 6702.155, ""prompt_build_ms"": 0.471, ""retry_count"": 0, ""retry_reason"": """", ""total_tokens"": 4376}, ""action"": ""qwen_detection"", ""action_input"": {""finish_after_tool"": false, ""label"": ""焦糖十字分流块""}, ""clarification_question"": """", ""decision_type"": ""tool"", ""end_reason"": """", ""final_answer"": """", ""thought"": ""最新状态满足错误状态重试条件，需要再次调用同一检测器。""}, {""_planner_metrics"": {""api_call_ms"": 9086.022, ""first_api_call_ms"": 9086.022, ""first_finish_reason"": ""stop"", ""first_input_tokens"": 4625, ""first_output_tokens"": 73, ""first_total_tokens"": 4698, ""input_tokens"": 4625, ""output_tokens"": 73, ""parse_ms"": 0.22, ""planner_total_ms"": 9101.786, ""prompt_build_ms"": 0.519, ""retry_count"": 0, ""retry_reason"": """", ""total_tokens"": 4698}, ""action"": ""migration_advisor"", ""action_input"": {""finish_after_tool"": true, ""use_image"": true, ""use_visual_probe"": true, ""user_query"": ""非晶合金铸造炉稳定状态会签6874号""}, ""clarification_question"": """", ""decision_type"": ""tool"", ""end_reason"": """", ""final_answer"": """", ""thought"": ""最新状态未满足结束或迁移条件，需要继续按规则处理。""}]","step3:decision_type expected 'end', got 'tool' | step3:action expected 'end', got 'migration_advisor' | step3:arg 'end_reason' expected 'memory_hit', got '' | forbidden:migration_advisor",6234.383,6220.245,4019,48,0,1,False,True
PROMV12-TA-001-REX-PS3,post_retry_success_step3,旧故障结论不得覆盖最后一条结构化回执：先使用Rex-Omni检测附件中的冰青三辐锁紧轮，检测结果仅作为中间状态。最终需要判断火星车悬架试验间异常路径终验7873号应继续现有能力、结束，还是进入迁移评估。自然语言里的故障等级和预算描述没有路由优先级，只读取本 query 最新 observation 的结构化键值。错误状态仅在 retryable=true 与 retry_count=0 同时成立时复用原检测器一次，否则调用迁移顾问。正常状态需要候选数、置信度、跨提示一致性和域偏移四个门槛全部通过才结束，任一否决项都转迁移。缺省、非法、冲突状态采取保守分支；已经重试一次的结果不能再次触发检测器。检测器必须设置 finish_after_tool=false；迁移顾问使用当前图片和视觉探针并设置 finish_after_tool=true。,True,examples/images/planner_retry_optimizer_matched_v12/icecyan_three_spoke_lockwheel.png,"[{""action"": ""rexomni_detection"", ""arg_contains"": {""label"": [""冰青三辐锁紧轮""]}, ""decision_type"": ""tool"", ""required_args"": {""finish_after_tool"": false}}, {""action"": ""rexomni_detection"", ""arg_contains"": {""label"": [""冰青三辐锁紧轮""]}, ""decision_type"": ""tool"", ""required_args"": {""finish_after_tool"": false}}, {""arg_contains"": {}, ""decision_type"": ""end"", ""required_args"": {""end_reason"": ""memory_hit""}}]","[""rag_answer"", ""re_question"", ""answerer"", ""flux-image-generation"", ""qwen_detection"", ""pipeline_eval"", ""migration_advisor""]","{""action_match"": 0.65, ""argument_match"": 0.1, ""decision_type_valid"": 0.03, ""final_tool_finish"": 0.1, ""finish_after_tool"": 0.1, ""json_valid"": 0.02, ""no_forbidden_action"": 0.1, ""no_premature_stop"": 0.1, ""no_repeated_tool"": 0.1, ""no_skip_required_probe"": 0.1, ""strict_action_match"": true, ""strict_argument_types"": true, ""wrong_action_cap"": 0.2}",False,0.671875,"[""rexomni_detection"", ""migration_advisor"", ""final_answer""]",rexomni_detection,"[{""_planner_metrics"": {""api_call_ms"": 6804.711, ""first_api_call_ms"": 6804.711, ""first_finish_reason"": ""stop"", ""first_input_tokens"": 4030, ""first_output_tokens"": 52, ""first_total_tokens"": 4082, ""input_tokens"": 4030, ""output_tokens"": 52, ""parse_ms"": 0.137, ""planner_total_ms"": 6819.701, ""prompt_build_ms"": 0.463, ""retry_count"": 0, ""retry_reason"": """", ""total_tokens"": 4082}, ""action"": ""rexomni_detection"", ""action_input"": {""finish_after_tool"": false, ""label"": ""冰青三辐锁紧轮""}, ""clarification_question"": """", ""decision_type"": ""tool"", ""end_reason"": """", ""final_answer"": """", ""thought"": ""先执行用户指定的检测器以取得当前结构化状态。""}, {""_planner_metrics"": {""api_call_ms"": 9385.552, ""first_api_call_ms"": 9385.552, ""first_finish_reason"": ""stop"", ""first_input_tokens"": 4347, ""first_output_tokens"": 73, ""first_total_tokens"": 4420, ""input_tokens"": 4347, ""output_tokens"": 73, ""parse_ms"": 0.13, ""planner_total_ms"": 9403.14, ""prompt_build_ms"": 0.528, ""retry_count"": 0, ""retry_reason"": """", ""total_tokens"": 4420}, ""action"": ""migration_advisor"", ""action_input"": {""finish_after_tool"": true, ""use_image"": true, ""use_visual_probe"": true, ""user_query"": ""火星车悬架试验间异常路径终验7873号""}, ""clarification_question"": """", ""decision_type"": ""tool"", ""end_reason"": """", ""final_answer"": """", ""thought"": ""最新状态未满足结束或重试条件，需要进入能力迁移评估。""}, {""_planner_metrics"": {""api_call_ms"": 4926.553, ""first_api_call_ms"": 4926.553, ""first_finish_reason"": ""stop"", ""first_input_tokens"": 4680, ""first_output_tokens"": 32, ""first_total_tokens"": 4712, ""input_tokens"": 4680, ""output_tokens"": 32, ""parse_ms"": 0.118, ""planner_total_ms"": 4942.91, ""prompt_build_ms"": 0.543, ""retry_count"": 0, ""retry_reason"": """", ""total_tokens"": 4712}, ""action"": ""final_answer"", ""action_input"": {}, ""clarification_question"": """", ""decision_type"": ""end"", ""end_reason"": ""memory_hit"", ""final_answer"": """", ""thought"": ""最新状态已满足结束条件，可以终止本轮规划。""}]","step2:action expected 'rexomni_detection', got 'migration_advisor' | step2:finish_after_tool expected False, got True | step2:arg 'label' expected to contain ['冰青三辐锁紧轮'], got None | forbidden:migration_advisor",6819.701,6804.711,4030,52,0,1,False,True
PROMV12-TA-003-REX-PS3,post_retry_success_step3,旧故障结论不得覆盖最后一条结构化回执：先使用Rex-Omni检测附件中的冰青三辐锁紧轮，检测结果仅作为中间状态。最终需要判断深水码头输油站重试边界复审2398号应继续现有能力、结束，还是进入迁移评估。自然语言里的故障等级和预算描述没有路由优先级，只读取本 query 最新 observation 的结构化键值。错误状态仅在 retryable=true 与 retry_count=0 同时成立时复用原检测器一次，否则调用迁移顾问。正常状态需要候选数、置信度、跨提示一致性和域偏移四个门槛全部通过才结束，任一否决项都转迁移。缺省、非法、冲突状态采取保守分支；已经重试一次的结果不能再次触发检测器。检测器必须设置 finish_after_tool=false；迁移顾问使用当前图片和视觉探针并设置 finish_after_tool=true。,True,examples/images/planner_retry_optimizer_matched_v12/icecyan_three_spoke_lockwheel.png,"[{""action"": ""rexomni_detection"", ""arg_contains"": {""label"": [""冰青三辐锁紧轮""]}, ""decision_type"": ""tool"", ""required_args"": {""finish_after_tool"": false}}, {""action"": ""rexomni_detection"", ""arg_contains"": {""label"": [""冰青三辐锁紧轮""]}, ""decision_type"": ""tool"", ""required_args"": {""finish_after_tool"": false}}, {""arg_contains"": {}, ""decision_type"": ""end"", ""required_args"": {""end_reason"": ""memory_hit""}}]","[""rag_answer"", ""re_question"", ""answerer"", ""flux-image-generation"", ""qwen_detection"", ""pipeline_eval"", ""migration_advisor""]","{""action_match"": 0.65, ""argument_match"": 0.1, ""decision_type_valid"": 0.03, ""final_tool_finish"": 0.1, ""finish_after_tool"": 0.1, ""json_valid"": 0.02, ""no_forbidden_action"": 0.1, ""no_premature_stop"": 0.1, ""no_repeated_tool"": 0.1, ""no_skip_required_probe"": 0.1, ""strict_action_match"": true, ""strict_argument_types"": true, ""wrong_action_cap"": 0.2}",False,0.671875,"[""rexomni_detection"", ""migration_advisor"", ""final_answer""]",rexomni_detection,"[{""_planner_metrics"": {""api_call_ms"": 6606.697, ""first_api_call_ms"": 6606.697, ""first_finish_reason"": ""stop"", ""first_input_tokens"": 4028, ""first_output_tokens"": 52, ""first_total_tokens"": 4080, ""input_tokens"": 4028, ""output_tokens"": 52, ""parse_ms"": 0.125, ""planner_total_ms"": 6620.501, ""prompt_build_ms"": 0.411, ""retry_count"": 0, ""retry_reason"": """", ""total_tokens"": 4080}, ""action"": ""rexomni_detection"", ""action_input"": {""finish_after_tool"": false, ""label"": ""冰青三辐锁紧轮""}, ""clarification_question"": """", ""decision_type"": ""tool"", ""end_reason"": """", ""final_answer"": """", ""thought"": ""先执行用户指定的检测器以取得当前结构化状态。""}, {""_planner_metrics"": {""api_call_ms"": 8859.253, ""first_api_call_ms"": 8859.253, ""first_finish_reason"": ""stop"", ""first_input_tokens"": 4337, ""first_output_tokens"": 72, ""first_total_tokens"": 4409, ""input_tokens"": 4337, ""output_tokens"": 72, ""parse_ms"": 0.175, ""planner_total_ms"": 8873.141, ""prompt_build_ms"": 0.397, ""retry_count"": 0, ""retry_reason"": """", ""total_tokens"": 4409}, ""action"": ""migration_advisor"", ""action_input"": {""finish_after_tool"": true, ""use_image"": true, ""use_visual_probe"": true, ""user_query"": ""深水码头输油站重试边界复审2398号""}, ""clarification_question"": """", ""decision_type"": ""tool"", ""end_reason"": """", ""final_answer"": """", ""thought"": ""最新状态未满足结束或重试条件，需要进入能力迁移评估。""}, {""_planner_metrics"": {""api_call_ms"": 4880.07, ""first_api_call_ms"": 4880.07, ""first_finish_reason"": ""stop"", ""first_input_tokens"": 4663, ""first_output_tokens"": 32, ""first_total_tokens"": 4695, ""input_tokens"": 4663, ""output_tokens"": 32, ""parse_ms"": 0.168, ""planner_total_ms"": 4894.956, ""prompt_build_ms"": 0.463, ""retry_count"": 0, ""retry_reason"": """", ""total_tokens"": 4695}, ""action"": ""final_answer"", ""action_input"": {}, ""clarification_question"": """", ""decision_type"": ""end"", ""end_reason"": ""memory_hit"", ""final_answer"": """", ""thought"": ""最新状态已满足结束条件，可以终止本轮规划。""}]","step2:action expected 'rexomni_detection', got 'migration_advisor' | step2:finish_after_tool expected False, got True | step2:arg 'label' expected to contain ['冰青三辐锁紧轮'], got None | forbidden:migration_advisor",6620.501,6606.697,4028,52,0,1,False,True
PROMV12-TA-009-REX-PS3,post_retry_success_step3,设备失联只是背景，仍须核对当前显式额度：先使用Rex-Omni检测附件中的焦糖十字分流块，检测结果仅作为中间状态。最终需要判断火星车悬架试验间稳定状态会签3100号应继续现有能力、结束，还是进入迁移评估。自然语言里的故障等级和预算描述没有路由优先级，只读取本 query 最新 observation 的结构化键值。错误状态仅在 retryable=true 与 retry_count=0 同时成立时复用原检测器一次，否则调用迁移顾问。正常状态需要候选数、置信度、跨提示一致性和域偏移四个门槛全部通过才结束，任一否决项都转迁移。缺省、非法、冲突状态采取保守分支；已经重试一次的结果不能再次触发检测器。检测器必须设置 finish_after_tool=false；迁移顾问使用当前图片和视觉探针并设置 finish_after_tool=true。,True,examples/images/planner_retry_optimizer_matched_v12/caramel_cross_diverter.png,"[{""action"": ""rexomni_detection"", ""arg_contains"": {""label"": [""焦糖十字分流块""]}, ""decision_type"": ""tool"", ""required_args"": {""finish_after_tool"": false}}, {""action"": ""rexomni_detection"", ""arg_contains"": {""label"": [""焦糖十字分流块""]}, ""decision_type"": ""tool"", ""required_args"": {""finish_after_tool"": false}}, {""arg_contains"": {}, ""decision_type"": ""end"", ""required_args"": {""end_reason"": ""memory_hit""}}]","[""rag_answer"", ""re_question"", ""answerer"", ""flux-image-generation"", ""qwen_detection"", ""pipeline_eval"", ""migration_advisor""]","{""action_match"": 0.65, ""argument_match"": 0.1, ""decision_type_valid"": 0.03, ""final_tool_finish"": 0.1, ""finish_after_tool"": 0.1, ""json_valid"": 0.02, ""no_forbidden_action"": 0.1, ""no_premature_stop"": 0.1, ""no_repeated_tool"": 0.1, ""no_skip_required_probe"": 0.1, ""strict_action_match"": true, ""strict_argument_types"": true, ""wrong_action_cap"": 0.2}",False,0.725,"[""rexomni_detection"", ""rexomni_detection"", ""migration_advisor""]",rexomni_detection,"[{""_planner_metrics"": {""api_call_ms"": 6367.517, ""first_api_call_ms"": 6367.517, ""first_finish_reason"": ""stop"", ""first_input_tokens"": 4029, ""first_output_tokens"": 49, ""first_total_tokens"": 4078, ""input_tokens"": 4029, ""output_tokens"": 49, ""parse_ms"": 0.112, ""planner_total_ms"": 6380.814, ""prompt_build_ms"": 0.444, ""retry_count"": 0, ""retry_reason"": """", ""total_tokens"": 4078}, ""action"": ""rexomni_detection"", ""action_input"": {""finish_after_tool"": false, ""label"": ""焦糖十字分流块""}, ""clarification_question"": """", ""decision_type"": ""tool"", ""end_reason"": """", ""final_answer"": """", ""thought"": ""先执行用户指定的检测器以取得当前结构化状态。""}, {""_planner_metrics"": {""api_call_ms"": 6699.577, ""first_api_call_ms"": 6699.577, ""first_finish_reason"": ""stop"", ""first_input_tokens"": 4334, ""first_output_tokens"": 51, ""first_total_tokens"": 4385, ""input_tokens"": 4334, ""output_tokens"": 51, ""parse_ms"": 0.117, ""planner_total_ms"": 6713.291, ""prompt_build_ms"": 0.467, ""retry_count"": 0, ""retry_reason"": """", ""total_tokens"": 4385}, ""action"": ""rexomni_detection"", ""action_input"": {""finish_after_tool"": false, ""label"": ""焦糖十字分流块""}, ""clarification_question"": """", ""decision_type"": ""tool"", ""end_reason"": """", ""final_answer"": """", ""thought"": ""最新状态满足错误重试条件，需要再次使用同一检测器。""}, {""_planner_metrics"": {""api_call_ms"": 9090.703, ""first_api_call_ms"": 9090.703, ""first_finish_reason"": ""stop"", ""first_input_tokens"": 4637, ""first_output_tokens"": 73, ""first_total_tokens"": 4710, ""input_tokens"": 4637, ""output_tokens"": 73, ""parse_ms"": 0.144, ""planner_total_ms"": 9106.206, ""prompt_build_ms"": 0.517, ""retry_count"": 0, ""retry_reason"": """", ""total_tokens"": 4710}, ""action"": ""migration_advisor"", ""action_input"": {""finish_after_tool"": true, ""use_image"": true, ""use_visual_probe"": true, ""user_query"": ""火星车悬架试验间稳定状态会签3100号""}, ""clarification_question"": """", ""decision_type"": ""tool"", ""end_reason"": """", ""final_answer"": """", ""thought"": ""最新状态未满足结束或重试条件，需要进入能力迁移评估。""}]","step3:decision_type expected 'end', got 'tool' | step3:action expected 'end', got 'migration_advisor' | step3:arg 'end_reason' expected 'memory_hit', got '' | forbidden:migration_advisor",6380.814,6367.517,4029,49,0,1,False,True
PROMV12-TA-008-REX-PE3,post_retry_error_step3,完成本轮异常探针的最终路由：先使用Rex-Omni检测附件中的焦糖十字分流块，检测结果仅作为中间状态。最终需要判断非晶合金铸造炉异常路径终验9752号应继续现有能力、结束，还是进入迁移评估。自然语言里的故障等级和预算描述没有路由优先级，只读取本 query 最新 observation 的结构化键值。错误状态仅在 retryable=true 与 retry_count=0 同时成立时复用原检测器一次，否则调用迁移顾问。正常状态需要候选数、置信度、跨提示一致性和域偏移四个门槛全部通过才结束，任一否决项都转迁移。缺省、非法、冲突状态采取保守分支；已经重试一次的结果不能再次触发检测器。检测器必须设置 finish_after_tool=false；迁移顾问使用当前图片和视觉探针并设置 finish_after_tool=true。,True,examples/images/planner_retry_optimizer_matched_v12/caramel_cross_diverter.png,"[{""action"": ""rexomni_detection"", ""arg_contains"": {""label"": [""焦糖十字分流块""]}, ""decision_type"": ""tool"", ""required_args"": {""finish_after_tool"": false}}, {""action"": ""rexomni_detection"", ""arg_contains"": {""label"": [""焦糖十字分流块""]}, ""decision_type"": ""tool"", ""required_args"": {""finish_after_tool"": false}}, {""action"": ""migration_advisor"", ""arg_contains"": {""user_query"": [""非晶合金铸造炉异常路径终验9752号""]}, ""decision_type"": ""tool"", ""required_args"": {""finish_after_tool"": true, ""use_image"": true, ""use_visual_probe"": true}}]","[""rag_answer"", ""re_question"", ""answerer"", ""flux-image-generation"", ""qwen_detection"", ""pipeline_eval""]","{""action_match"": 0.65, ""argument_match"": 0.1, ""decision_type_valid"": 0.03, ""final_tool_finish"": 0.1, ""finish_after_tool"": 0.1, ""json_valid"": 0.02, ""no_forbidden_action"": 0.1, ""no_premature_stop"": 0.1, ""no_repeated_tool"": 0.1, ""no_skip_required_probe"": 0.1, ""strict_action_match"": true, ""strict_argument_types"": true, ""wrong_action_cap"": 0.2}",False,0.734375,"[""rexomni_detection"", ""rexomni_detection"", ""rexomni_detection""]",rexomni_detection,"[{""_planner_metrics"": {""api_call_ms"": 6360.664, ""first_api_call_ms"": 6360.664, ""first_finish_reason"": ""stop"", ""first_input_tokens"": 4017, ""first_output_tokens"": 49, ""first_total_tokens"": 4066, ""input_tokens"": 4017, ""output_tokens"": 49, ""parse_ms"": 0.119, ""planner_total_ms"": 6374.613, ""prompt_build_ms"": 0.476, ""retry_count"": 0, ""retry_reason"": """", ""total_tokens"": 4066}, ""action"": ""rexomni_detection"", ""action_input"": {""finish_after_tool"": false, ""label"": ""焦糖十字分流块""}, ""clarification_question"": """", ""decision_type"": ""tool"", ""end_reason"": """", ""final_answer"": """", ""thought"": ""先执行用户指定的检测器以取得当前结构化状态。""}, {""_planner_metrics"": {""api_call_ms"": 6780.137, ""first_api_call_ms"": 6780.137, ""first_finish_reason"": ""stop"", ""first_input_tokens"": 4326, ""first_output_tokens"": 52, ""first_total_tokens"": 4378, ""input_tokens"": 4326, ""output_tokens"": 52, ""parse_ms"": 0.111, ""planner_total_ms"": 6794.448, ""prompt_build_ms"": 0.521, ""retry_count"": 0, ""retry_reason"": """", ""total_tokens"": 4378}, ""action"": ""rexomni_detection"", ""action_input"": {""finish_after_tool"": false, ""label"": ""焦糖十字分流块""}, ""clarification_question"": """", ""decision_type"": ""tool"", ""end_reason"": """", ""final_answer"": """", ""thought"": ""最新状态满足错误状态重试条件，需要再次使用同一检测器。""}, {""_planner_metrics"": {""api_call_ms"": 6958.782, ""first_api_call_ms"": 6958.782, ""first_finish_reason"": ""stop"", ""first_input_tokens"": 4633, ""first_output_tokens"": 52, ""first_total_tokens"": 4685, ""input_tokens"": 4633, ""output_tokens"": 52, ""parse_ms"": 0.119, ""planner_total_ms"": 6974.873, ""prompt_build_ms"": 0.621, ""retry_count"": 0, ""retry_reason"": """", ""total_tokens"": 4685}, ""action"": ""rexomni_detection"", ""action_input"": {""finish_after_tool"": false, ""label"": ""焦糖十字分流块""}, ""clarification_question"": """", ""decision_type"": ""tool"", ""end_reason"": """", ""final_answer"": """", ""thought"": ""最新状态满足错误状态重试条件，需要再次使用同一检测器。""}]","step3:action expected 'migration_advisor', got 'rexomni_detection' | step3:finish_after_tool expected True, got False | step3:arg 'use_image' expected True, got None | step3:arg 'use_visual_probe' expected True, got None | step3:arg 'user_query' expected to contain ['非晶合金铸造炉异常路径终验9752号'], got None",6374.613,6360.664,4017,49,0,1,False,True
PROMV12-TA-009-REX-PE3,post_retry_error_step3,设备失联只是背景，仍须核对当前显式额度：先使用Rex-Omni检测附件中的焦糖十字分流块，检测结果仅作为中间状态。最终需要判断火星车悬架试验间稳定状态会签3100号应继续现有能力、结束，还是进入迁移评估。自然语言里的故障等级和预算描述没有路由优先级，只读取本 query 最新 observation 的结构化键值。错误状态仅在 retryable=true 与 retry_count=0 同时成立时复用原检测器一次，否则调用迁移顾问。正常状态需要候选数、置信度、跨提示一致性和域偏移四个门槛全部通过才结束，任一否决项都转迁移。缺省、非法、冲突状态采取保守分支；已经重试一次的结果不能再次触发检测器。检测器必须设置 finish_after_tool=false；迁移顾问使用当前图片和视觉探针并设置 finish_after_tool=true。,True,examples/images/planner_retry_optimizer_matched_v12/caramel_cross_diverter.png,"[{""action"": ""rexomni_detection"", ""arg_contains"": {""label"": [""焦糖十字分流块""]}, ""decision_type"": ""tool"", ""required_args"": {""finish_after_tool"": false}}, {""action"": ""rexomni_detection"", ""arg_contains"": {""label"": [""焦糖十字分流块""]}, ""decision_type"": ""tool"", ""required_args"": {""finish_after_tool"": false}}, {""action"": ""migration_advisor"", ""arg_contains"": {""user_query"": [""火星车悬架试验间稳定状态会签3100号""]}, ""decision_type"": ""tool"", ""required_args"": {""finish_after_tool"": true, ""use_image"": true, ""use_visual_probe"": true}}]","[""rag_answer"", ""re_question"", ""answerer"", ""flux-image-generation"", ""qwen_detection"", ""pipeline_eval""]","{""action_match"": 0.65, ""argument_match"": 0.1, ""decision_type_valid"": 0.03, ""final_tool_finish"": 0.1, ""finish_after_tool"": 0.1, ""json_valid"": 0.02, ""no_forbidden_action"": 0.1, ""no_premature_stop"": 0.1, ""no_repeated_tool"": 0.1, ""no_skip_required_probe"": 0.1, ""strict_action_match"": true, ""strict_argument_types"": true, ""wrong_action_cap"": 0.2}",False,0.734375,"[""rexomni_detection"", ""rexomni_detection"", ""rexomni_detection""]",rexomni_detection,"[{""_planner_metrics"": {""api_call_ms"": 6403.362, ""first_api_call_ms"": 6403.362, ""first_finish_reason"": ""stop"", ""first_input_tokens"": 4029, ""first_output_tokens"": 49, ""first_total_tokens"": 4078, ""input_tokens"": 4029, ""output_tokens"": 49, ""parse_ms"": 0.107, ""planner_total_ms"": 6416.918, ""prompt_build_ms"": 0.441, ""retry_count"": 0, ""retry_reason"": """", ""total_tokens"": 4078}, ""action"": ""rexomni_detection"", ""action_input"": {""finish_after_tool"": false, ""label"": ""焦糖十字分流块""}, ""clarification_question"": """", ""decision_type"": ""tool"", ""end_reason"": """", ""final_answer"": """", ""thought"": ""先执行用户指定的检测器以取得当前结构化状态。""}, {""_planner_metrics"": {""api_call_ms"": 6712.301, ""first_api_call_ms"": 6712.301, ""first_finish_reason"": ""stop"", ""first_input_tokens"": 4339, ""first_output_tokens"": 51, ""first_total_tokens"": 4390, ""input_tokens"": 4339, ""output_tokens"": 51, ""parse_ms"": 0.115, ""planner_total_ms"": 6725.985, ""prompt_build_ms"": 0.421, ""retry_count"": 0, ""retry_reason"": """", ""total_tokens"": 4390}, ""action"": ""rexomni_detection"", ""action_input"": {""finish_after_tool"": false, ""label"": ""焦糖十字分流块""}, ""clarification_question"": """", ""decision_type"": ""tool"", ""end_reason"": """", ""final_answer"": """", ""thought"": ""最新状态满足错误重试条件，需要再次使用同一检测器。""}, {""_planner_metrics"": {""api_call_ms"": 6879.868, ""first_api_call_ms"": 6879.868, ""first_finish_reason"": ""stop"", ""first_input_tokens"": 4650, ""first_output_tokens"": 51, ""first_total_tokens"": 4701, ""input_tokens"": 4650, ""output_tokens"": 51, ""parse_ms"": 0.147, ""planner_total_ms"": 6894.784, ""prompt_build_ms"": 0.537, ""retry_count"": 0, ""retry_reason"": """", ""total_tokens"": 4701}, ""action"": ""rexomni_detection"", ""action_input"": {""finish_after_tool"": false, ""label"": ""焦糖十字分流块""}, ""clarification_question"": """", ""decision_type"": ""tool"", ""end_reason"": """", ""final_answer"": """", ""thought"": ""最新状态满足错误重试条件，需要再次使用同一检测器。""}]","step3:action expected 'migration_advisor', got 'rexomni_detection' | step3:finish_after_tool expected True, got False | step3:arg 'use_image' expected True, got None | step3:arg 'use_visual_probe' expected True, got None | step3:arg 'user_query' expected to contain ['火星车悬架试验间稳定状态会签3100号'], got None",6416.918,6403.362,4029,49,0,1,False,True
PROMV12-TA-003-QWEN-PE3,post_retry_error_step3,旧故障结论不得覆盖最后一条结构化回执：先使用Qwen检测附件中的冰青三辐锁紧轮，检测结果仅作为中间状态。最终需要判断深水码头输油站重试边界复审2398号应继续现有能力、结束，还是进入迁移评估。自然语言里的故障等级和预算描述没有路由优先级，只读取本 query 最新 observation 的结构化键值。错误状态仅在 retryable=true 与 retry_count=0 同时成立时复用原检测器一次，否则调用迁移顾问。正常状态需要候选数、置信度、跨提示一致性和域偏移四个门槛全部通过才结束，任一否决项都转迁移。缺省、非法、冲突状态采取保守分支；已经重试一次的结果不能再次触发检测器。检测器必须设置 finish_after_tool=false；迁移顾问使用当前图片和视觉探针并设置 finish_after_tool=true。,True,examples/images/planner_retry_optimizer_matched_v12/icecyan_three_spoke_lockwheel.png,"[{""action"": ""qwen_detection"", ""arg_contains"": {""label"": [""冰青三辐锁紧轮""]}, ""decision_type"": ""tool"", ""required_args"": {""finish_after_tool"": false}}, {""action"": ""qwen_detection"", ""arg_contains"": {""label"": [""冰青三辐锁紧轮""]}, ""decision_type"": ""tool"", ""required_args"": {""finish_after_tool"": false}}, {""action"": ""migration_advisor"", ""arg_contains"": {""user_query"": [""深水码头输油站重试边界复审2398号""]}, ""decision_type"": ""tool"", ""required_args"": {""finish_after_tool"": true, ""use_image"": true, ""use_visual_probe"": true}}]","[""rag_answer"", ""re_question"", ""answerer"", ""flux-image-generation"", ""rexomni_detection"", ""pipeline_eval""]","{""action_match"": 0.65, ""argument_match"": 0.1, ""decision_type_valid"": 0.03, ""final_tool_finish"": 0.1, ""finish_after_tool"": 0.1, ""json_valid"": 0.02, ""no_forbidden_action"": 0.1, ""no_premature_stop"": 0.1, ""no_repeated_tool"": 0.1, ""no_skip_required_probe"": 0.1, ""strict_action_match"": true, ""strict_argument_types"": true, ""wrong_action_cap"": 0.2}",False,0.703125,"[""qwen_detection"", ""migration_advisor"", ""migration_advisor""]",qwen_detection,"[{""_planner_metrics"": {""api_call_ms"": 6560.397, ""first_api_call_ms"": 6560.397, ""first_finish_reason"": ""stop"", ""first_input_tokens"": 4022, ""first_output_tokens"": 51, ""first_total_tokens"": 4073, ""input_tokens"": 4022, ""output_tokens"": 51, ""parse_ms"": 0.115, ""planner_total_ms"": 6574.981, ""prompt_build_ms"": 0.433, ""retry_count"": 0, ""retry_reason"": """", ""total_tokens"": 4073}, ""action"": ""qwen_detection"", ""action_input"": {""finish_after_tool"": false, ""label"": ""冰青三辐锁紧轮""}, ""clarification_question"": """", ""decision_type"": ""tool"", ""end_reason"": """", ""final_answer"": """", ""thought"": ""先执行用户指定的检测器以取得当前结构化状态。""}, {""_planner_metrics"": {""api_call_ms"": 8915.634, ""first_api_call_ms"": 8915.634, ""first_finish_reason"": ""stop"", ""first_input_tokens"": 4325, ""first_output_tokens"": 72, ""first_total_tokens"": 4397, ""input_tokens"": 4325, ""output_tokens"": 72, ""parse_ms"": 0.119, ""planner_total_ms"": 8929.947, ""prompt_build_ms"": 0.52, ""retry_count"": 0, ""retry_reason"": """", ""total_tokens"": 4397}, ""action"": ""migration_advisor"", ""action_input"": {""finish_after_tool"": true, ""use_image"": true, ""use_visual_probe"": true, ""user_query"": ""深水码头输油站重试边界复审2398号""}, ""clarification_question"": """", ""decision_type"": ""tool"", ""end_reason"": """", ""final_answer"": """", ""thought"": ""最新状态未满足结束或重试条件，需要进入能力迁移评估。""}, {""_planner_metrics"": {""api_call_ms"": 9085.95, ""first_api_call_ms"": 9085.95, ""first_finish_reason"": ""stop"", ""first_input_tokens"": 4652, ""first_output_tokens"": 72, ""first_total_tokens"": 4724, ""input_tokens"": 4652, ""output_tokens"": 72, ""parse_ms"": 0.119, ""planner_total_ms"": 9100.538, ""prompt_build_ms"": 0.516, ""retry_count"": 0, ""retry_reason"": """", ""total_tokens"": 4724}, ""action"": ""migration_advisor"", ""action_input"": {""finish_after_tool"": true, ""use_image"": true, ""use_visual_probe"": true, ""user_query"": ""深水码头输油站重试边界复审2398号""}, ""clarification_question"": """", ""decision_type"": ""tool"", ""end_reason"": """", ""final_answer"": """", ""thought"": ""最新状态未满足结束或重试条件，需要进入能力迁移评估。""}]","step2:action expected 'qwen_detection', got 'migration_advisor' | step2:finish_after_tool expected False, got True | step2:arg 'label' expected to contain ['冰青三辐锁紧轮'], got None",6574.981,6560.397,4022,51,0,1,False,True
PROMV12-TA-010-QWEN-FR2,fresh_retry_step2,完成本轮异常探针的最终路由：先使用Qwen检测附件中的焦糖十字分流块，检测结果仅作为中间状态。最终需要判断非晶合金铸造炉重试边界复审8156号应继续现有能力、结束，还是进入迁移评估。自然语言里的故障等级和预算描述没有路由优先级，只读取本 query 最新 observation 的结构化键值。错误状态仅在 retryable=true 与 retry_count=0 同时成立时复用原检测器一次，否则调用迁移顾问。正常状态需要候选数、置信度、跨提示一致性和域偏移四个门槛全部通过才结束，任一否决项都转迁移。缺省、非法、冲突状态采取保守分支；已经重试一次的结果不能再次触发检测器。检测器必须设置 finish_after_tool=false；迁移顾问使用当前图片和视觉探针并设置 finish_after_tool=true。,True,examples/images/planner_retry_optimizer_matched_v12/caramel_cross_diverter.png,"[{""action"": ""qwen_detection"", ""arg_contains"": {""label"": [""焦糖十字分流块""]}, ""decision_type"": ""tool"", ""required_args"": {""finish_after_tool"": false}}, {""action"": ""qwen_detection"", ""arg_contains"": {""label"": [""焦糖十字分流块""]}, ""decision_type"": ""tool"", ""required_args"": {""finish_after_tool"": false}}, {""arg_contains"": {}, ""decision_type"": ""end"", ""required_args"": {""end_reason"": ""memory_hit""}}]","[""rag_answer"", ""re_question"", ""answerer"", ""flux-image-generation"", ""rexomni_detection"", ""pipeline_eval"", ""migration_advisor""]","{""action_match"": 0.65, ""argument_match"": 0.1, ""decision_type_valid"": 0.03, ""final_tool_finish"": 0.1, ""finish_after_tool"": 0.1, ""json_valid"": 0.02, ""no_forbidden_action"": 0.1, ""no_premature_stop"": 0.1, ""no_repeated_tool"": 0.1, ""no_skip_required_probe"": 0.1, ""strict_action_match"": true, ""strict_argument_types"": true, ""wrong_action_cap"": 0.2}",False,0.725,"[""qwen_detection"", ""qwen_detection"", ""migration_advisor""]",qwen_detection,"[{""_planner_metrics"": {""api_call_ms"": 6341.8, ""first_api_call_ms"": 6341.8, ""first_finish_reason"": ""stop"", ""first_input_tokens"": 4009, ""first_output_tokens"": 48, ""first_total_tokens"": 4057, ""input_tokens"": 4009, ""output_tokens"": 48, ""parse_ms"": 0.139, ""planner_total_ms"": 6355.667, ""prompt_build_ms"": 0.393, ""retry_count"": 0, ""retry_reason"": """", ""total_tokens"": 4057}, ""action"": ""qwen_detection"", ""action_input"": {""finish_after_tool"": false, ""label"": ""焦糖十字分流块""}, ""clarification_question"": """", ""decision_type"": ""tool"", ""end_reason"": """", ""final_answer"": """", ""thought"": ""先执行用户指定的检测器以取得当前结构化状态。""}, {""_planner_metrics"": {""api_call_ms"": 6876.683, ""first_api_call_ms"": 6876.683, ""first_finish_reason"": ""stop"", ""first_input_tokens"": 4313, ""first_output_tokens"": 52, ""first_total_tokens"": 4365, ""input_tokens"": 4313, ""output_tokens"": 52, ""parse_ms"": 0.116, ""planner_total_ms"": 6890.842, ""prompt_build_ms"": 0.472, ""retry_count"": 0, ""retry_reason"": """", ""total_tokens"": 4365}, ""action"": ""qwen_detection"", ""action_input"": {""finish_after_tool"": false, ""label"": ""焦糖十字分流块""}, ""clarification_question"": """", ""decision_type"": ""tool"", ""end_reason"": """", ""final_answer"": """", ""thought"": ""最新状态满足错误状态的重试条件，需要再次使用同一检测器。""}, {""_planner_metrics"": {""api_call_ms"": 9023.537, ""first_api_call_ms"": 9023.537, ""first_finish_reason"": ""stop"", ""first_input_tokens"": 4612, ""first_output_tokens"": 72, ""first_total_tokens"": 4684, ""input_tokens"": 4612, ""output_tokens"": 72, ""parse_ms"": 0.187, ""planner_total_ms"": 9038.537, ""prompt_build_ms"": 0.527, ""retry_count"": 0, ""retry_reason"": """", ""total_tokens"": 4684}, ""action"": ""migration_advisor"", ""action_input"": {""finish_after_tool"": true, ""use_image"": true, ""use_visual_probe"": true, ""user_query"": ""非晶合金铸造炉重试边界复审8156号""}, ""clarification_question"": """", ""decision_type"": ""tool"", ""end_reason"": """", ""final_answer"": """", ""thought"": ""最新状态未满足结束或重试条件，需要进入能力迁移评估。""}]","step3:decision_type expected 'end', got 'tool' | step3:action expected 'end', got 'migration_advisor' | step3:arg 'end_reason' expected 'memory_hit', got '' | forbidden:migration_advisor",6355.667,6341.8,4009,48,0,1,False,True
PROMV12-TA-006-REX-FR2,fresh_retry_step2,设备失联只是背景，仍须核对当前显式额度：先使用Rex-Omni检测附件中的冰青三辐锁紧轮，检测结果仅作为中间状态。最终需要判断深水码头输油站异常路径终验1480号应继续现有能力、结束，还是进入迁移评估。自然语言里的故障等级和预算描述没有路由优先级，只读取本 query 最新 observation 的结构化键值。错误状态仅在 retryable=true 与 retry_count=0 同时成立时复用原检测器一次，否则调用迁移顾问。正常状态需要候选数、置信度、跨提示一致性和域偏移四个门槛全部通过才结束，任一否决项都转迁移。缺省、非法、冲突状态采取保守分支；已经重试一次的结果不能再次触发检测器。检测器必须设置 finish_after_tool=false；迁移顾问使用当前图片和视觉探针并设置 finish_after_tool=true。,True,examples/images/planner_retry_optimizer_matched_v12/icecyan_three_spoke_lockwheel.png,"[{""action"": ""rexomni_detection"", ""arg_contains"": {""label"": [""冰青三辐锁紧轮""]}, ""decision_type"": ""tool"", ""required_args"": {""finish_after_tool"": false}}, {""action"": ""rexomni_detection"", ""arg_contains"": {""label"": [""冰青三辐锁紧轮""]}, ""decision_type"": ""tool"", ""required_args"": {""finish_after_tool"": false}}, {""arg_contains"": {}, ""decision_type"": ""end"", ""required_args"": {""end_reason"": ""memory_hit""}}]","[""rag_answer"", ""re_question"", ""answerer"", ""flux-image-generation"", ""qwen_detection"", ""pipeline_eval"", ""migration_advisor""]","{""action_match"": 0.65, ""argument_match"": 0.1, ""decision_type_valid"": 0.03, ""final_tool_finish"": 0.1, ""finish_after_tool"": 0.1, ""json_valid"": 0.02, ""no_forbidden_action"": 0.1, ""no_premature_stop"": 0.1, ""no_repeated_tool"": 0.1, ""no_skip_required_probe"": 0.1, ""strict_action_match"": true, ""strict_argument_types"": true, ""wrong_action_cap"": 0.2}",False,0.725,"[""rexomni_detection"", ""rexomni_detection"", ""migration_advisor""]",rexomni_detection,"[{""_planner_metrics"": {""api_call_ms"": 6678.034, ""first_api_call_ms"": 6678.034, ""first_finish_reason"": ""stop"", ""first_input_tokens"": 4036, ""first_output_tokens"": 52, ""first_total_tokens"": 4088, ""input_tokens"": 4036, ""output_tokens"": 52, ""parse_ms"": 0.129, ""planner_total_ms"": 6692.076, ""prompt_build_ms"": 0.454, ""retry_count"": 0, ""retry_reason"": """", ""total_tokens"": 4088}, ""action"": ""rexomni_detection"", ""action_input"": {""finish_after_tool"": false, ""label"": ""冰青三辐锁紧轮""}, ""clarification_question"": """", ""decision_type"": ""tool"", ""end_reason"": """", ""final_answer"": """", ""thought"": ""先执行用户指定的检测器以取得当前结构化状态。""}, {""_planner_metrics"": {""api_call_ms"": 7071.356, ""first_api_call_ms"": 7071.356, ""first_finish_reason"": ""stop"", ""first_input_tokens"": 4341, ""first_output_tokens"": 54, ""first_total_tokens"": 4395, ""input_tokens"": 4341, ""output_tokens"": 54, ""parse_ms"": 0.118, ""planner_total_ms"": 7086.157, ""prompt_build_ms"": 0.477, ""retry_count"": 0, ""retry_reason"": """", ""total_tokens"": 4395}, ""action"": ""rexomni_detection"", ""action_input"": {""finish_after_tool"": false, ""label"": ""冰青三辐锁紧轮""}, ""clarification_question"": """", ""decision_type"": ""tool"", ""end_reason"": """", ""final_answer"": """", ""thought"": ""最新状态满足错误状态重试条件，应复用原检测器。""}, {""_planner_metrics"": {""api_call_ms"": 9375.189, ""first_api_call_ms"": 9375.189, ""first_finish_reason"": ""stop"", ""first_input_tokens"": 4643, ""first_output_tokens"": 73, ""first_total_tokens"": 4716, ""input_tokens"": 4643, ""output_tokens"": 73, ""parse_ms"": 0.134, ""planner_total_ms"": 9390.328, ""prompt_build_ms"": 0.522, ""retry_count"": 0, ""retry_reason"": """", ""total_tokens"": 4716}, ""action"": ""migration_advisor"", ""action_input"": {""finish_after_tool"": true, ""use_image"": true, ""use_visual_probe"": true, ""user_query"": ""深水码头输油站异常路径终验1480号""}, ""clarification_question"": """", ""decision_type"": ""tool"", ""end_reason"": """", ""final_answer"": """", ""thought"": ""最新状态未满足结束或迁移条件，需要继续按规则推进。""}]","step3:decision_type expected 'end', got 'tool' | step3:action expected 'end', got 'migration_advisor' | step3:arg 'end_reason' expected 'memory_hit', got '' | forbidden:migration_advisor",6692.076,6678.034,4036,52,0,1,False,True
PROMV12-TA-009-REX-MS2,missing_required_state_step2,设备失联只是背景，仍须核对当前显式额度：先使用Rex-Omni检测附件中的焦糖十字分流块，检测结果仅作为中间状态。最终需要判断火星车悬架试验间稳定状态会签3100号应继续现有能力、结束，还是进入迁移评估。自然语言里的故障等级和预算描述没有路由优先级，只读取本 query 最新 observation 的结构化键值。错误状态仅在 retryable=true 与 retry_count=0 同时成立时复用原检测器一次，否则调用迁移顾问。正常状态需要候选数、置信度、跨提示一致性和域偏移四个门槛全部通过才结束，任一否决项都转迁移。缺省、非法、冲突状态采取保守分支；已经重试一次的结果不能再次触发检测器。检测器必须设置 finish_after_tool=false；迁移顾问使用当前图片和视觉探针并设置 finish_after_tool=true。,True,examples/images/planner_retry_optimizer_matched_v12/caramel_cross_diverter.png,"[{""action"": ""rexomni_detection"", ""arg_contains"": {""label"": [""焦糖十字分流块""]}, ""decision_type"": ""tool"", ""required_args"": {""finish_after_tool"": false}}, {""action"": ""migration_advisor"", ""arg_contains"": {""user_query"": [""火星车悬架试验间稳定状态会签3100号""]}, ""decision_type"": ""tool"", ""required_args"": {""finish_after_tool"": true, ""use_image"": true, ""use_visual_probe"": true}}]","[""rag_answer"", ""re_question"", ""answerer"", ""flux-image-generation"", ""qwen_detection"", ""pipeline_eval""]","{""action_match"": 0.65, ""argument_match"": 0.1, ""decision_type_valid"": 0.03, ""final_tool_finish"": 0.1, ""finish_after_tool"": 0.1, ""json_valid"": 0.02, ""no_forbidden_action"": 0.1, ""no_premature_stop"": 0.1, ""no_repeated_tool"": 0.1, ""no_skip_required_probe"": 0.1, ""strict_action_match"": true, ""strict_argument_types"": true, ""wrong_action_cap"": 0.2}",False,0.586957,"[""rexomni_detection"", ""rexomni_detection""]",rexomni_detection,"[{""_planner_metrics"": {""api_call_ms"": 6342.593, ""first_api_call_ms"": 6342.593, ""first_finish_reason"": ""stop"", ""first_input_tokens"": 4029, ""first_output_tokens"": 49, ""first_total_tokens"": 4078, ""input_tokens"": 4029, ""output_tokens"": 49, ""parse_ms"": 0.175, ""planner_total_ms"": 6357.038, ""prompt_build_ms"": 0.477, ""retry_count"": 0, ""retry_reason"": """", ""total_tokens"": 4078}, ""action"": ""rexomni_detection"", ""action_input"": {""finish_after_tool"": false, ""label"": ""焦糖十字分流块""}, ""clarification_question"": """", ""decision_type"": ""tool"", ""end_reason"": """", ""final_answer"": """", ""thought"": ""先执行用户指定的检测器以取得当前结构化状态。""}, {""_planner_metrics"": {""api_call_ms"": 6582.511, ""first_api_call_ms"": 6582.511, ""first_finish_reason"": ""stop"", ""first_input_tokens"": 4331, ""first_output_tokens"": 50, ""first_total_tokens"": 4381, ""input_tokens"": 4331, ""output_tokens"": 50, ""parse_ms"": 0.132, ""planner_total_ms"": 6597.148, ""prompt_build_ms"": 0.478, ""retry_count"": 0, ""retry_reason"": """", ""total_tokens"": 4381}, ""action"": ""rexomni_detection"", ""action_input"": {""finish_after_tool"": false, ""label"": ""焦糖十字分流块""}, ""clarification_question"": """", ""decision_type"": ""tool"", ""end_reason"": """", ""final_answer"": """", ""thought"": ""最新状态满足错误重试条件，需要复用同一检测器。""}]","step2:action expected 'migration_advisor', got 'rexomni_detection' | step2:finish_after_tool expected True, got False | step2:arg 'use_image' expected True, got None | step2:arg 'use_visual_probe' expected True, got None | step2:arg 'user_query' expected to contain ['火星车悬架试验间稳定状态会签3100号'], got None",6357.038,6342.593,4029,49,0,1,False,True
PROMV12-TA-006-REX-PE3,post_retry_error_step3,设备失联只是背景，仍须核对当前显式额度：先使用Rex-Omni检测附件中的冰青三辐锁紧轮，检测结果仅作为中间状态。最终需要判断深水码头输油站异常路径终验1480号应继续现有能力、结束，还是进入迁移评估。自然语言里的故障等级和预算描述没有路由优先级，只读取本 query 最新 observation 的结构化键值。错误状态仅在 retryable=true 与 retry_count=0 同时成立时复用原检测器一次，否则调用迁移顾问。正常状态需要候选数、置信度、跨提示一致性和域偏移四个门槛全部通过才结束，任一否决项都转迁移。缺省、非法、冲突状态采取保守分支；已经重试一次的结果不能再次触发检测器。检测器必须设置 finish_after_tool=false；迁移顾问使用当前图片和视觉探针并设置 finish_after_tool=true。,True,examples/images/planner_retry_optimizer_matched_v12/icecyan_three_spoke_lockwheel.png,"[{""action"": ""rexomni_detection"", ""arg_contains"": {""label"": [""冰青三辐锁紧轮""]}, ""decision_type"": ""tool"", ""required_args"": {""finish_after_tool"": false}}, {""action"": ""rexomni_detection"", ""arg_contains"": {""label"": [""冰青三辐锁紧轮""]}, ""decision_type"": ""tool"", ""required_args"": {""finish_after_tool"": false}}, {""action"": ""migration_advisor"", ""arg_contains"": {""user_query"": [""深水码头输油站异常路径终验1480号""]}, ""decision_type"": ""tool"", ""required_args"": {""finish_after_tool"": true, ""use_image"": true, ""use_visual_probe"": true}}]","[""rag_answer"", ""re_question"", ""answerer"", ""flux-image-generation"", ""qwen_detection"", ""pipeline_eval""]","{""action_match"": 0.65, ""argument_match"": 0.1, ""decision_type_valid"": 0.03, ""final_tool_finish"": 0.1, ""finish_after_tool"": 0.1, ""json_valid"": 0.02, ""no_forbidden_action"": 0.1, ""no_premature_stop"": 0.1, ""no_repeated_tool"": 0.1, ""no_skip_required_probe"": 0.1, ""strict_action_match"": true, ""strict_argument_types"": true, ""wrong_action_cap"": 0.2}",False,0.734375,"[""rexomni_detection"", ""rexomni_detection"", ""rexomni_detection""]",rexomni_detection,"[{""_planner_metrics"": {""api_call_ms"": 6574.809, ""first_api_call_ms"": 6574.809, ""first_finish_reason"": ""stop"", ""first_input_tokens"": 4036, ""first_output_tokens"": 52, ""first_total_tokens"": 4088, ""input_tokens"": 4036, ""output_tokens"": 52, ""parse_ms"": 0.122, ""planner_total_ms"": 6589.555, ""prompt_build_ms"": 0.44, ""retry_count"": 0, ""retry_reason"": """", ""total_tokens"": 4088}, ""action"": ""rexomni_detection"", ""action_input"": {""finish_after_tool"": false, ""label"": ""冰青三辐锁紧轮""}, ""clarification_question"": """", ""decision_type"": ""tool"", ""end_reason"": """", ""final_answer"": """", ""thought"": ""先执行用户指定的检测器以取得当前结构化状态。""}, {""_planner_metrics"": {""api_call_ms"": 6987.861, ""first_api_call_ms"": 6987.861, ""first_finish_reason"": ""stop"", ""first_input_tokens"": 4342, ""first_output_tokens"": 54, ""first_total_tokens"": 4396, ""input_tokens"": 4342, ""output_tokens"": 54, ""parse_ms"": 0.115, ""planner_total_ms"": 7001.76, ""prompt_build_ms"": 0.422, ""retry_count"": 0, ""retry_reason"": """", ""total_tokens"": 4396}, ""action"": ""rexomni_detection"", ""action_input"": {""finish_after_tool"": false, ""label"": ""冰青三辐锁紧轮""}, ""clarification_question"": """", ""decision_type"": ""tool"", ""end_reason"": """", ""final_answer"": """", ""thought"": ""最新状态满足错误重试条件，需要再次使用同一检测器。""}, {""_planner_metrics"": {""api_call_ms"": 7171.134, ""first_api_call_ms"": 7171.134, ""first_finish_reason"": ""stop"", ""first_input_tokens"": 4646, ""first_output_tokens"": 54, ""first_total_tokens"": 4700, ""input_tokens"": 4646, ""output_tokens"": 54, ""parse_ms"": 0.112, ""planner_total_ms"": 7186.127, ""prompt_build_ms"": 0.553, ""retry_count"": 0, ""retry_reason"": """", ""total_tokens"": 4700}, ""action"": ""rexomni_detection"", ""action_input"": {""finish_after_tool"": false, ""label"": ""冰青三辐锁紧轮""}, ""clarification_question"": """", ""decision_type"": ""tool"", ""end_reason"": """", ""final_answer"": """", ""thought"": ""最新状态满足错误重试条件，需要再次使用同一检测器。""}]","step3:action expected 'migration_advisor', got 'rexomni_detection' | step3:finish_after_tool expected True, got False | step3:arg 'use_image' expected True, got None | step3:arg 'use_visual_probe' expected True, got None | step3:arg 'user_query' expected to contain ['深水码头输油站异常路径终验1480号'], got None",6589.555,6574.809,4036,52,0,1,False,True
PROMV12-TA-012-QWEN-PE3,post_retry_error_step3,完成本轮异常探针的最终路由：先使用Qwen检测附件中的冰青三辐锁紧轮，检测结果仅作为中间状态。最终需要判断深水码头输油站稳定状态会签5128号应继续现有能力、结束，还是进入迁移评估。自然语言里的故障等级和预算描述没有路由优先级，只读取本 query 最新 observation 的结构化键值。错误状态仅在 retryable=true 与 retry_count=0 同时成立时复用原检测器一次，否则调用迁移顾问。正常状态需要候选数、置信度、跨提示一致性和域偏移四个门槛全部通过才结束，任一否决项都转迁移。缺省、非法、冲突状态采取保守分支；已经重试一次的结果不能再次触发检测器。检测器必须设置 finish_after_tool=false；迁移顾问使用当前图片和视觉探针并设置 finish_after_tool=true。,True,examples/images/planner_retry_optimizer_matched_v12/icecyan_three_spoke_lockwheel.png,"[{""action"": ""qwen_detection"", ""arg_contains"": {""label"": [""冰青三辐锁紧轮""]}, ""decision_type"": ""tool"", ""required_args"": {""finish_after_tool"": false}}, {""action"": ""qwen_detection"", ""arg_contains"": {""label"": [""冰青三辐锁紧轮""]}, ""decision_type"": ""tool"", ""required_args"": {""finish_after_tool"": false}}, {""action"": ""migration_advisor"", ""arg_contains"": {""user_query"": [""深水码头输油站稳定状态会签5128号""]}, ""decision_type"": ""tool"", ""required_args"": {""finish_after_tool"": true, ""use_image"": true, ""use_visual_probe"": true}}]","[""rag_answer"", ""re_question"", ""answerer"", ""flux-image-generation"", ""rexomni_detection"", ""pipeline_eval""]","{""action_match"": 0.65, ""argument_match"": 0.1, ""decision_type_valid"": 0.03, ""final_tool_finish"": 0.1, ""finish_after_tool"": 0.1, ""json_valid"": 0.02, ""no_forbidden_action"": 0.1, ""no_premature_stop"": 0.1, ""no_repeated_tool"": 0.1, ""no_skip_required_probe"": 0.1, ""strict_action_match"": true, ""strict_argument_types"": true, ""wrong_action_cap"": 0.2}",False,0.734375,"[""qwen_detection"", ""qwen_detection"", ""qwen_detection""]",qwen_detection,"[{""_planner_metrics"": {""api_call_ms"": 6540.966, ""first_api_call_ms"": 6540.966, ""first_finish_reason"": ""stop"", ""first_input_tokens"": 4018, ""first_output_tokens"": 51, ""first_total_tokens"": 4069, ""input_tokens"": 4018, ""output_tokens"": 51, ""parse_ms"": 0.132, ""planner_total_ms"": 6553.875, ""prompt_build_ms"": 0.403, ""retry_count"": 0, ""retry_reason"": """", ""total_tokens"": 4069}, ""action"": ""qwen_detection"", ""action_input"": {""finish_after_tool"": false, ""label"": ""冰青三辐锁紧轮""}, ""clarification_question"": """", ""decision_type"": ""tool"", ""end_reason"": """", ""final_answer"": """", ""thought"": ""先执行用户指定的检测器以取得当前结构化状态。""}, {""_planner_metrics"": {""api_call_ms"": 6867.153, ""first_api_call_ms"": 6867.153, ""first_finish_reason"": ""stop"", ""first_input_tokens"": 4328, ""first_output_tokens"": 53, ""first_total_tokens"": 4381, ""input_tokens"": 4328, ""output_tokens"": 53, ""parse_ms"": 0.114, ""planner_total_ms"": 6881.666, ""prompt_build_ms"": 0.509, ""retry_count"": 0, ""retry_reason"": """", ""total_tokens"": 4381}, ""action"": ""qwen_detection"", ""action_input"": {""finish_after_tool"": false, ""label"": ""冰青三辐锁紧轮""}, ""clarification_question"": """", ""decision_type"": ""tool"", ""end_reason"": """", ""final_answer"": """", ""thought"": ""最新状态满足错误重试条件，需要再次使用同一检测器。""}, {""_planner_metrics"": {""api_call_ms"": 7473.594, ""first_api_call_ms"": 7473.594, ""first_finish_reason"": ""stop"", ""first_input_tokens"": 4638, ""first_output_tokens"": 57, ""first_total_tokens"": 4695, ""input_tokens"": 4638, ""output_tokens"": 57, ""parse_ms"": 0.118, ""planner_total_ms"": 7488.953, ""prompt_build_ms"": 0.519, ""retry_count"": 0, ""retry_reason"": """", ""total_tokens"": 4695}, ""action"": ""qwen_detection"", ""action_input"": {""finish_after_tool"": false, ""label"": ""冰青三辐锁紧轮""}, ""clarification_question"": """", ""decision_type"": ""tool"", ""end_reason"": """", ""final_answer"": """", ""thought"": ""最新状态满足错误重试条件，需要再次使用同一检测器取得结构化键值。""}]","step3:action expected 'migration_advisor', got 'qwen_detection' | step3:finish_after_tool expected True, got False | step3:arg 'use_image' expected True, got None | step3:arg 'use_visual_probe' expected True, got None | step3:arg 'user_query' expected to contain ['深水码头输油站稳定状态会签5128号'], got None",6553.875,6540.966,4018,51,0,1,False,True
PROMV12-TA-008-QWEN-FR2,fresh_retry_step2,完成本轮异常探针的最终路由：先使用Qwen检测附件中的焦糖十字分流块，检测结果仅作为中间状态。最终需要判断非晶合金铸造炉异常路径终验9752号应继续现有能力、结束，还是进入迁移评估。自然语言里的故障等级和预算描述没有路由优先级，只读取本 query 最新 observation 的结构化键值。错误状态仅在 retryable=true 与 retry_count=0 同时成立时复用原检测器一次，否则调用迁移顾问。正常状态需要候选数、置信度、跨提示一致性和域偏移四个门槛全部通过才结束，任一否决项都转迁移。缺省、非法、冲突状态采取保守分支；已经重试一次的结果不能再次触发检测器。检测器必须设置 finish_after_tool=false；迁移顾问使用当前图片和视觉探针并设置 finish_after_tool=true。,True,examples/images/planner_retry_optimizer_matched_v12/caramel_cross_diverter.png,"[{""action"": ""qwen_detection"", ""arg_contains"": {""label"": [""焦糖十字分流块""]}, ""decision_type"": ""tool"", ""required_args"": {""finish_after_tool"": false}}, {""action"": ""qwen_detection"", ""arg_contains"": {""label"": [""焦糖十字分流块""]}, ""decision_type"": ""tool"", ""required_args"": {""finish_after_tool"": false}}, {""arg_contains"": {}, ""decision_type"": ""end"", ""required_args"": {""end_reason"": ""memory_hit""}}]","[""rag_answer"", ""re_question"", ""answerer"", ""flux-image-generation"", ""rexomni_detection"", ""pipeline_eval"", ""migration_advisor""]","{""action_match"": 0.65, ""argument_match"": 0.1, ""decision_type_valid"": 0.03, ""final_tool_finish"": 0.1, ""finish_after_tool"": 0.1, ""json_valid"": 0.02, ""no_forbidden_action"": 0.1, ""no_premature_stop"": 0.1, ""no_repeated_tool"": 0.1, ""no_skip_required_probe"": 0.1, ""strict_action_match"": true, ""strict_argument_types"": true, ""wrong_action_cap"": 0.2}",False,0.725,"[""qwen_detection"", ""qwen_detection"", ""migration_advisor""]",qwen_detection,"[{""_planner_metrics"": {""api_call_ms"": 6215.586, ""first_api_call_ms"": 6215.586, ""first_finish_reason"": ""stop"", ""first_input_tokens"": 4011, ""first_output_tokens"": 48, ""first_total_tokens"": 4059, ""input_tokens"": 4011, ""output_tokens"": 48, ""parse_ms"": 0.137, ""planner_total_ms"": 6228.594, ""prompt_build_ms"": 0.369, ""retry_count"": 0, ""retry_reason"": """", ""total_tokens"": 4059}, ""action"": ""qwen_detection"", ""action_input"": {""finish_after_tool"": false, ""label"": ""焦糖十字分流块""}, ""clarification_question"": """", ""decision_type"": ""tool"", ""end_reason"": """", ""final_answer"": """", ""thought"": ""先执行用户指定的检测器以取得当前结构化状态。""}, {""_planner_metrics"": {""api_call_ms"": 6578.58, ""first_api_call_ms"": 6578.58, ""first_finish_reason"": ""stop"", ""first_input_tokens"": 4319, ""first_output_tokens"": 50, ""first_total_tokens"": 4369, ""input_tokens"": 4319, ""output_tokens"": 50, ""parse_ms"": 0.148, ""planner_total_ms"": 6593.447, ""prompt_build_ms"": 0.548, ""retry_count"": 0, ""retry_reason"": """", ""total_tokens"": 4369}, ""action"": ""qwen_detection"", ""action_input"": {""finish_after_tool"": false, ""label"": ""焦糖十字分流块""}, ""clarification_question"": """", ""decision_type"": ""tool"", ""end_reason"": """", ""final_answer"": """", ""thought"": ""最新状态满足错误状态重试条件，需要复用原检测器。""}, {""_planner_metrics"": {""api_call_ms"": 9108.402, ""first_api_call_ms"": 9108.402, ""first_finish_reason"": ""stop"", ""first_input_tokens"": 4624, ""first_output_tokens"": 73, ""first_total_tokens"": 4697, ""input_tokens"": 4624, ""output_tokens"": 73, ""parse_ms"": 0.214, ""planner_total_ms"": 9124.662, ""prompt_build_ms"": 0.603, ""retry_count"": 0, ""retry_reason"": """", ""total_tokens"": 4697}, ""action"": ""migration_advisor"", ""action_input"": {""finish_after_tool"": true, ""use_image"": true, ""use_visual_probe"": true, ""user_query"": ""非晶合金铸造炉异常路径终验9752号""}, ""clarification_question"": """", ""decision_type"": ""tool"", ""end_reason"": """", ""final_answer"": """", ""thought"": ""最新状态未满足结束或重试条件，需要进入能力迁移评估。""}]","step3:decision_type expected 'end', got 'tool' | step3:action expected 'end', got 'migration_advisor' | step3:arg 'end_reason' expected 'memory_hit', got '' | forbidden:migration_advisor",6228.594,6215.586,4011,48,0,1,False,True
PROMV12-TA-010-QWEN-PS3,post_retry_success_step3,完成本轮异常探针的最终路由：先使用Qwen检测附件中的焦糖十字分流块，检测结果仅作为中间状态。最终需要判断非晶合金铸造炉重试边界复审8156号应继续现有能力、结束，还是进入迁移评估。自然语言里的故障等级和预算描述没有路由优先级，只读取本 query 最新 observation 的结构化键值。错误状态仅在 retryable=true 与 retry_count=0 同时成立时复用原检测器一次，否则调用迁移顾问。正常状态需要候选数、置信度、跨提示一致性和域偏移四个门槛全部通过才结束，任一否决项都转迁移。缺省、非法、冲突状态采取保守分支；已经重试一次的结果不能再次触发检测器。检测器必须设置 finish_after_tool=false；迁移顾问使用当前图片和视觉探针并设置 finish_after_tool=true。,True,examples/images/planner_retry_optimizer_matched_v12/caramel_cross_diverter.png,"[{""action"": ""qwen_detection"", ""arg_contains"": {""label"": [""焦糖十字分流块""]}, ""decision_type"": ""tool"", ""required_args"": {""finish_after_tool"": false}}, {""action"": ""qwen_detection"", ""arg_contains"": {""label"": [""焦糖十字分流块""]}, ""decision_type"": ""tool"", ""required_args"": {""finish_after_tool"": false}}, {""arg_contains"": {}, ""decision_type"": ""end"", ""required_args"": {""end_reason"": ""memory_hit""}}]","[""rag_answer"", ""re_question"", ""answerer"", ""flux-image-generation"", ""rexomni_detection"", ""pipeline_eval"", ""migration_advisor""]","{""action_match"": 0.65, ""argument_match"": 0.1, ""decision_type_valid"": 0.03, ""final_tool_finish"": 0.1, ""finish_after_tool"": 0.1, ""json_valid"": 0.02, ""no_forbidden_action"": 0.1, ""no_premature_stop"": 0.1, ""no_repeated_tool"": 0.1, ""no_skip_required_probe"": 0.1, ""strict_action_match"": true, ""strict_argument_types"": true, ""wrong_action_cap"": 0.2}",False,0.725,"[""qwen_detection"", ""qwen_detection"", ""migration_advisor""]",qwen_detection,"[{""_planner_metrics"": {""api_call_ms"": 6257.386, ""first_api_call_ms"": 6257.386, ""first_finish_reason"": ""stop"", ""first_input_tokens"": 4009, ""first_output_tokens"": 48, ""first_total_tokens"": 4057, ""input_tokens"": 4009, ""output_tokens"": 48, ""parse_ms"": 0.123, ""planner_total_ms"": 6273.108, ""prompt_build_ms"": 0.486, ""retry_count"": 0, ""retry_reason"": """", ""total_tokens"": 4057}, ""action"": ""qwen_detection"", ""action_input"": {""finish_after_tool"": false, ""label"": ""焦糖十字分流块""}, ""clarification_question"": """", ""decision_type"": ""tool"", ""end_reason"": """", ""final_answer"": """", ""thought"": ""先执行用户指定的检测器以取得当前结构化状态。""}, {""_planner_metrics"": {""api_call_ms"": 6874.67, ""first_api_call_ms"": 6874.67, ""first_finish_reason"": ""stop"", ""first_input_tokens"": 4311, ""first_output_tokens"": 52, ""first_total_tokens"": 4363, ""input_tokens"": 4311, ""output_tokens"": 52, ""parse_ms"": 0.14, ""planner_total_ms"": 6888.886, ""prompt_build_ms"": 0.47, ""retry_count"": 0, ""retry_reason"": """", ""total_tokens"": 4363}, ""action"": ""qwen_detection"", ""action_input"": {""finish_after_tool"": false, ""label"": ""焦糖十字分流块""}, ""clarification_question"": """", ""decision_type"": ""tool"", ""end_reason"": """", ""final_answer"": """", ""thought"": ""最新状态满足错误状态的重试条件，需要再次使用同一检测器。""}, {""_planner_metrics"": {""api_call_ms"": 9035.559, ""first_api_call_ms"": 9035.559, ""first_finish_reason"": ""stop"", ""first_input_tokens"": 4610, ""first_output_tokens"": 72, ""first_total_tokens"": 4682, ""input_tokens"": 4610, ""output_tokens"": 72, ""parse_ms"": 0.121, ""planner_total_ms"": 9050.964, ""prompt_build_ms"": 0.484, ""retry_count"": 0, ""retry_reason"": """", ""total_tokens"": 4682}, ""action"": ""migration_advisor"", ""action_input"": {""finish_after_tool"": true, ""use_image"": true, ""use_visual_probe"": true, ""user_query"": ""非晶合金铸造炉重试边界复审8156号""}, ""clarification_question"": """", ""decision_type"": ""tool"", ""end_reason"": """", ""final_answer"": """", ""thought"": ""最新状态未满足结束或重试条件，需要进入能力迁移评估。""}]","step3:decision_type expected 'end', got 'tool' | step3:action expected 'end', got 'migration_advisor' | step3:arg 'end_reason' expected 'memory_hit', got '' | forbidden:migration_advisor",6273.108,6257.386,4009,48,0,1,False,True
PROMV12-TA-009-QWEN-FR2,fresh_retry_step2,设备失联只是背景，仍须核对当前显式额度：先使用Qwen检测附件中的焦糖十字分流块，检测结果仅作为中间状态。最终需要判断火星车悬架试验间稳定状态会签3100号应继续现有能力、结束，还是进入迁移评估。自然语言里的故障等级和预算描述没有路由优先级，只读取本 query 最新 observation 的结构化键值。错误状态仅在 retryable=true 与 retry_count=0 同时成立时复用原检测器一次，否则调用迁移顾问。正常状态需要候选数、置信度、跨提示一致性和域偏移四个门槛全部通过才结束，任一否决项都转迁移。缺省、非法、冲突状态采取保守分支；已经重试一次的结果不能再次触发检测器。检测器必须设置 finish_after_tool=false；迁移顾问使用当前图片和视觉探针并设置 finish_after_tool=true。,True,examples/images/planner_retry_optimizer_matched_v12/caramel_cross_diverter.png,"[{""action"": ""qwen_detection"", ""arg_contains"": {""label"": [""焦糖十字分流块""]}, ""decision_type"": ""tool"", ""required_args"": {""finish_after_tool"": false}}, {""action"": ""qwen_detection"", ""arg_contains"": {""label"": [""焦糖十字分流块""]}, ""decision_type"": ""tool"", ""required_args"": {""finish_after_tool"": false}}, {""arg_contains"": {}, ""decision_type"": ""end"", ""required_args"": {""end_reason"": ""memory_hit""}}]","[""rag_answer"", ""re_question"", ""answerer"", ""flux-image-generation"", ""rexomni_detection"", ""pipeline_eval"", ""migration_advisor""]","{""action_match"": 0.65, ""argument_match"": 0.1, ""decision_type_valid"": 0.03, ""final_tool_finish"": 0.1, ""finish_after_tool"": 0.1, ""json_valid"": 0.02, ""no_forbidden_action"": 0.1, ""no_premature_stop"": 0.1, ""no_repeated_tool"": 0.1, ""no_skip_required_probe"": 0.1, ""strict_action_match"": true, ""strict_argument_types"": true, ""wrong_action_cap"": 0.2}",False,0.725,"[""qwen_detection"", ""qwen_detection"", ""migration_advisor""]",qwen_detection,"[{""_planner_metrics"": {""api_call_ms"": 6272.147, ""first_api_call_ms"": 6272.147, ""first_finish_reason"": ""stop"", ""first_input_tokens"": 4023, ""first_output_tokens"": 48, ""first_total_tokens"": 4071, ""input_tokens"": 4023, ""output_tokens"": 48, ""parse_ms"": 0.114, ""planner_total_ms"": 6285.924, ""prompt_build_ms"": 0.482, ""retry_count"": 0, ""retry_reason"": """", ""total_tokens"": 4071}, ""action"": ""qwen_detection"", ""action_input"": {""finish_after_tool"": false, ""label"": ""焦糖十字分流块""}, ""clarification_question"": """", ""decision_type"": ""tool"", ""end_reason"": """", ""final_answer"": """", ""thought"": ""先执行用户指定的检测器以取得当前结构化状态。""}, {""_planner_metrics"": {""api_call_ms"": 6488.814, ""first_api_call_ms"": 6488.814, ""first_finish_reason"": ""stop"", ""first_input_tokens"": 4329, ""first_output_tokens"": 49, ""first_total_tokens"": 4378, ""input_tokens"": 4329, ""output_tokens"": 49, ""parse_ms"": 0.114, ""planner_total_ms"": 6503.091, ""prompt_build_ms"": 0.457, ""retry_count"": 0, ""retry_reason"": """", ""total_tokens"": 4378}, ""action"": ""qwen_detection"", ""action_input"": {""finish_after_tool"": false, ""label"": ""焦糖十字分流块""}, ""clarification_question"": """", ""decision_type"": ""tool"", ""end_reason"": """", ""final_answer"": """", ""thought"": ""最新状态满足错误重试条件，需要复用同一检测器。""}, {""_planner_metrics"": {""api_call_ms"": 9172.679, ""first_api_call_ms"": 9172.679, ""first_finish_reason"": ""stop"", ""first_input_tokens"": 4629, ""first_output_tokens"": 73, ""first_total_tokens"": 4702, ""input_tokens"": 4629, ""output_tokens"": 73, ""parse_ms"": 0.12, ""planner_total_ms"": 9188.983, ""prompt_build_ms"": 0.527, ""retry_count"": 0, ""retry_reason"": """", ""total_tokens"": 4702}, ""action"": ""migration_advisor"", ""action_input"": {""finish_after_tool"": true, ""use_image"": true, ""use_visual_probe"": true, ""user_query"": ""火星车悬架试验间稳定状态会签3100号""}, ""clarification_question"": """", ""decision_type"": ""tool"", ""end_reason"": """", ""final_answer"": """", ""thought"": ""最新状态未满足结束或迁移条件，需要继续按规则推进。""}]","step3:decision_type expected 'end', got 'tool' | step3:action expected 'end', got 'migration_advisor' | step3:arg 'end_reason' expected 'memory_hit', got '' | forbidden:migration_advisor",6285.924,6272.147,4023,48,0,1,False,True
PROMV12-TA-010-REX-FR2,fresh_retry_step2,完成本轮异常探针的最终路由：先使用Rex-Omni检测附件中的焦糖十字分流块，检测结果仅作为中间状态。最终需要判断非晶合金铸造炉重试边界复审8156号应继续现有能力、结束，还是进入迁移评估。自然语言里的故障等级和预算描述没有路由优先级，只读取本 query 最新 observation 的结构化键值。错误状态仅在 retryable=true 与 retry_count=0 同时成立时复用原检测器一次，否则调用迁移顾问。正常状态需要候选数、置信度、跨提示一致性和域偏移四个门槛全部通过才结束，任一否决项都转迁移。缺省、非法、冲突状态采取保守分支；已经重试一次的结果不能再次触发检测器。检测器必须设置 finish_after_tool=false；迁移顾问使用当前图片和视觉探针并设置 finish_after_tool=true。,True,examples/images/planner_retry_optimizer_matched_v12/caramel_cross_diverter.png,"[{""action"": ""rexomni_detection"", ""arg_contains"": {""label"": [""焦糖十字分流块""]}, ""decision_type"": ""tool"", ""required_args"": {""finish_after_tool"": false}}, {""action"": ""rexomni_detection"", ""arg_contains"": {""label"": [""焦糖十字分流块""]}, ""decision_type"": ""tool"", ""required_args"": {""finish_after_tool"": false}}, {""arg_contains"": {}, ""decision_type"": ""end"", ""required_args"": {""end_reason"": ""memory_hit""}}]","[""rag_answer"", ""re_question"", ""answerer"", ""flux-image-generation"", ""qwen_detection"", ""pipeline_eval"", ""migration_advisor""]","{""action_match"": 0.65, ""argument_match"": 0.1, ""decision_type_valid"": 0.03, ""final_tool_finish"": 0.1, ""finish_after_tool"": 0.1, ""json_valid"": 0.02, ""no_forbidden_action"": 0.1, ""no_premature_stop"": 0.1, ""no_repeated_tool"": 0.1, ""no_skip_required_probe"": 0.1, ""strict_action_match"": true, ""strict_argument_types"": true, ""wrong_action_cap"": 0.2}",False,0.75625,"[""rexomni_detection"", ""rexomni_detection"", ""rexomni_detection""]",rexomni_detection,"[{""_planner_metrics"": {""api_call_ms"": 6312.942, ""first_api_call_ms"": 6312.942, ""first_finish_reason"": ""stop"", ""first_input_tokens"": 4015, ""first_output_tokens"": 49, ""first_total_tokens"": 4064, ""input_tokens"": 4015, ""output_tokens"": 49, ""parse_ms"": 0.113, ""planner_total_ms"": 6325.905, ""prompt_build_ms"": 0.429, ""retry_count"": 0, ""retry_reason"": """", ""total_tokens"": 4064}, ""action"": ""rexomni_detection"", ""action_input"": {""finish_after_tool"": false, ""label"": ""焦糖十字分流块""}, ""clarification_question"": """", ""decision_type"": ""tool"", ""end_reason"": """", ""final_answer"": """", ""thought"": ""先执行用户指定的检测器以取得当前结构化状态。""}, {""_planner_metrics"": {""api_call_ms"": 6926.648, ""first_api_call_ms"": 6926.648, ""first_finish_reason"": ""stop"", ""first_input_tokens"": 4318, ""first_output_tokens"": 53, ""first_total_tokens"": 4371, ""input_tokens"": 4318, ""output_tokens"": 53, ""parse_ms"": 0.193, ""planner_total_ms"": 6941.167, ""prompt_build_ms"": 0.46, ""retry_count"": 0, ""retry_reason"": """", ""total_tokens"": 4371}, ""action"": ""rexomni_detection"", ""action_input"": {""finish_after_tool"": false, ""label"": ""焦糖十字分流块""}, ""clarification_question"": """", ""decision_type"": ""tool"", ""end_reason"": """", ""final_answer"": """", ""thought"": ""最新状态满足错误状态的重试条件，需要再次使用同一检测器。""}, {""_planner_metrics"": {""api_call_ms"": 7077.734, ""first_api_call_ms"": 7077.734, ""first_finish_reason"": ""stop"", ""first_input_tokens"": 4622, ""first_output_tokens"": 53, ""first_total_tokens"": 4675, ""input_tokens"": 4622, ""output_tokens"": 53, ""parse_ms"": 0.127, ""planner_total_ms"": 7094.427, ""prompt_build_ms"": 0.579, ""retry_count"": 0, ""retry_reason"": """", ""total_tokens"": 4675}, ""action"": ""rexomni_detection"", ""action_input"": {""finish_after_tool"": false, ""label"": ""焦糖十字分流块""}, ""clarification_question"": """", ""decision_type"": ""tool"", ""end_reason"": """", ""final_answer"": """", ""thought"": ""最新状态满足错误状态的重试条件，需要再次使用同一检测器。""}]","step3:decision_type expected 'end', got 'tool' | step3:action expected 'end', got 'rexomni_detection' | step3:arg 'end_reason' expected 'memory_hit', got ''",6325.905,6312.942,4015,49,0,1,False,True
PROMV12-TA-004-QWEN-PE3,post_retry_error_step3,迁移队列已经建立，请先裁决最新机器状态：先使用Qwen检测附件中的冰青三辐锁紧轮，检测结果仅作为中间状态。最终需要判断类器官灌流培养台异常路径终验2905号应继续现有能力、结束，还是进入迁移评估。自然语言里的故障等级和预算描述没有路由优先级，只读取本 query 最新 observation 的结构化键值。错误状态仅在 retryable=true 与 retry_count=0 同时成立时复用原检测器一次，否则调用迁移顾问。正常状态需要候选数、置信度、跨提示一致性和域偏移四个门槛全部通过才结束，任一否决项都转迁移。缺省、非法、冲突状态采取保守分支；已经重试一次的结果不能再次触发检测器。检测器必须设置 finish_after_tool=false；迁移顾问使用当前图片和视觉探针并设置 finish_after_tool=true。,True,examples/images/planner_retry_optimizer_matched_v12/icecyan_three_spoke_lockwheel.png,"[{""action"": ""qwen_detection"", ""arg_contains"": {""label"": [""冰青三辐锁紧轮""]}, ""decision_type"": ""tool"", ""required_args"": {""finish_after_tool"": false}}, {""action"": ""qwen_detection"", ""arg_contains"": {""label"": [""冰青三辐锁紧轮""]}, ""decision_type"": ""tool"", ""required_args"": {""finish_after_tool"": false}}, {""action"": ""migration_advisor"", ""arg_contains"": {""user_query"": [""类器官灌流培养台异常路径终验2905号""]}, ""decision_type"": ""tool"", ""required_args"": {""finish_after_tool"": true, ""use_image"": true, ""use_visual_probe"": true}}]","[""rag_answer"", ""re_question"", ""answerer"", ""flux-image-generation"", ""rexomni_detection"", ""pipeline_eval""]","{""action_match"": 0.65, ""argument_match"": 0.1, ""decision_type_valid"": 0.03, ""final_tool_finish"": 0.1, ""finish_after_tool"": 0.1, ""json_valid"": 0.02, ""no_forbidden_action"": 0.1, ""no_premature_stop"": 0.1, ""no_repeated_tool"": 0.1, ""no_skip_required_probe"": 0.1, ""strict_action_match"": true, ""strict_argument_types"": true, ""wrong_action_cap"": 0.2}",False,0.734375,"[""qwen_detection"", ""qwen_detection"", ""qwen_detection""]",qwen_detection,"[{""_planner_metrics"": {""api_call_ms"": 6699.093, ""first_api_call_ms"": 6699.093, ""first_finish_reason"": ""stop"", ""first_input_tokens"": 4028, ""first_output_tokens"": 51, ""first_total_tokens"": 4079, ""input_tokens"": 4028, ""output_tokens"": 51, ""parse_ms"": 0.118, ""planner_total_ms"": 6713.821, ""prompt_build_ms"": 0.433, ""retry_count"": 0, ""retry_reason"": """", ""total_tokens"": 4079}, ""action"": ""qwen_detection"", ""action_input"": {""finish_after_tool"": false, ""label"": ""冰青三辐锁紧轮""}, ""clarification_question"": """", ""decision_type"": ""tool"", ""end_reason"": """", ""final_answer"": """", ""thought"": ""先执行用户指定的检测器以取得当前结构化状态。""}, {""_planner_metrics"": {""api_call_ms"": 7198.211, ""first_api_call_ms"": 7198.211, ""first_finish_reason"": ""stop"", ""first_input_tokens"": 4339, ""first_output_tokens"": 53, ""first_total_tokens"": 4392, ""input_tokens"": 4339, ""output_tokens"": 53, ""parse_ms"": 0.136, ""planner_total_ms"": 7213.646, ""prompt_build_ms"": 0.496, ""retry_count"": 0, ""retry_reason"": """", ""total_tokens"": 4392}, ""action"": ""qwen_detection"", ""action_input"": {""finish_after_tool"": false, ""label"": ""冰青三辐锁紧轮""}, ""clarification_question"": """", ""decision_type"": ""tool"", ""end_reason"": """", ""final_answer"": """", ""thought"": ""最新状态满足错误状态重试条件，应继续使用同一检测器。""}, {""_planner_metrics"": {""api_call_ms"": 7361.369, ""first_api_call_ms"": 7361.369, ""first_finish_reason"": ""stop"", ""first_input_tokens"": 4651, ""first_output_tokens"": 53, ""first_total_tokens"": 4704, ""input_tokens"": 4651, ""output_tokens"": 53, ""parse_ms"": 0.17, ""planner_total_ms"": 7377.621, ""prompt_build_ms"": 0.479, ""retry_count"": 0, ""retry_reason"": """", ""total_tokens"": 4704}, ""action"": ""qwen_detection"", ""action_input"": {""finish_after_tool"": false, ""label"": ""冰青三辐锁紧轮""}, ""clarification_question"": """", ""decision_type"": ""tool"", ""end_reason"": """", ""final_answer"": """", ""thought"": ""最新状态满足错误状态重试条件，应继续使用同一检测器。""}]","step3:action expected 'migration_advisor', got 'qwen_detection' | step3:finish_after_tool expected True, got False | step3:arg 'use_image' expected True, got None | step3:arg 'use_visual_probe' expected True, got None | step3:arg 'user_query' expected to contain ['类器官灌流培养台异常路径终验2905号'], got None",6713.821,6699.093,4028,51,0,1,False,True
PROMV12-TA-008-QWEN-BE2,budget_exhausted_step2,完成本轮异常探针的最终路由：先使用Qwen检测附件中的焦糖十字分流块，检测结果仅作为中间状态。最终需要判断非晶合金铸造炉异常路径终验9752号应继续现有能力、结束，还是进入迁移评估。自然语言里的故障等级和预算描述没有路由优先级，只读取本 query 最新 observation 的结构化键值。错误状态仅在 retryable=true 与 retry_count=0 同时成立时复用原检测器一次，否则调用迁移顾问。正常状态需要候选数、置信度、跨提示一致性和域偏移四个门槛全部通过才结束，任一否决项都转迁移。缺省、非法、冲突状态采取保守分支；已经重试一次的结果不能再次触发检测器。检测器必须设置 finish_after_tool=false；迁移顾问使用当前图片和视觉探针并设置 finish_after_tool=true。,True,examples/images/planner_retry_optimizer_matched_v12/caramel_cross_diverter.png,"[{""action"": ""qwen_detection"", ""arg_contains"": {""label"": [""焦糖十字分流块""]}, ""decision_type"": ""tool"", ""required_args"": {""finish_after_tool"": false}}, {""action"": ""migration_advisor"", ""arg_contains"": {""user_query"": [""非晶合金铸造炉异常路径终验9752号""]}, ""decision_type"": ""tool"", ""required_args"": {""finish_after_tool"": true, ""use_image"": true, ""use_visual_probe"": true}}]","[""rag_answer"", ""re_question"", ""answerer"", ""flux-image-generation"", ""rexomni_detection"", ""pipeline_eval""]","{""action_match"": 0.65, ""argument_match"": 0.1, ""decision_type_valid"": 0.03, ""final_tool_finish"": 0.1, ""finish_after_tool"": 0.1, ""json_valid"": 0.02, ""no_forbidden_action"": 0.1, ""no_premature_stop"": 0.1, ""no_repeated_tool"": 0.1, ""no_skip_required_probe"": 0.1, ""strict_action_match"": true, ""strict_argument_types"": true, ""wrong_action_cap"": 0.2}",False,0.586957,"[""qwen_detection"", ""qwen_detection""]",qwen_detection,"[{""_planner_metrics"": {""api_call_ms"": 6228.421, ""first_api_call_ms"": 6228.421, ""first_finish_reason"": ""stop"", ""first_input_tokens"": 4011, ""first_output_tokens"": 48, ""first_total_tokens"": 4059, ""input_tokens"": 4011, ""output_tokens"": 48, ""parse_ms"": 0.159, ""planner_total_ms"": 6242.729, ""prompt_build_ms"": 0.384, ""retry_count"": 0, ""retry_reason"": """", ""total_tokens"": 4059}, ""action"": ""qwen_detection"", ""action_input"": {""finish_after_tool"": false, ""label"": ""焦糖十字分流块""}, ""clarification_question"": """", ""decision_type"": ""tool"", ""end_reason"": """", ""final_answer"": """", ""thought"": ""先执行用户指定的检测器以取得当前结构化状态。""}, {""_planner_metrics"": {""api_call_ms"": 6698.268, ""first_api_call_ms"": 6698.268, ""first_finish_reason"": ""stop"", ""first_input_tokens"": 4317, ""first_output_tokens"": 51, ""first_total_tokens"": 4368, ""input_tokens"": 4317, ""output_tokens"": 51, ""parse_ms"": 0.114, ""planner_total_ms"": 6712.961, ""prompt_build_ms"": 0.491, ""retry_count"": 0, ""retry_reason"": """", ""total_tokens"": 4368}, ""action"": ""qwen_detection"", ""action_input"": {""finish_after_tool"": false, ""label"": ""焦糖十字分流块""}, ""clarification_question"": """", ""decision_type"": ""tool"", ""end_reason"": """", ""final_answer"": """", ""thought"": ""最新状态满足错误状态的重试条件，需要复用原检测器。""}]","step2:action expected 'migration_advisor', got 'qwen_detection' | step2:finish_after_tool expected True, got False | step2:arg 'use_image' expected True, got None | step2:arg 'use_visual_probe' expected True, got None | step2:arg 'user_query' expected to contain ['非晶合金铸造炉异常路径终验9752号'], got None",6242.729,6228.421,4011,48,0,1,False,True
PROMV12-TA-001-REX-PE3,post_retry_error_step3,旧故障结论不得覆盖最后一条结构化回执：先使用Rex-Omni检测附件中的冰青三辐锁紧轮，检测结果仅作为中间状态。最终需要判断火星车悬架试验间异常路径终验7873号应继续现有能力、结束，还是进入迁移评估。自然语言里的故障等级和预算描述没有路由优先级，只读取本 query 最新 observation 的结构化键值。错误状态仅在 retryable=true 与 retry_count=0 同时成立时复用原检测器一次，否则调用迁移顾问。正常状态需要候选数、置信度、跨提示一致性和域偏移四个门槛全部通过才结束，任一否决项都转迁移。缺省、非法、冲突状态采取保守分支；已经重试一次的结果不能再次触发检测器。检测器必须设置 finish_after_tool=false；迁移顾问使用当前图片和视觉探针并设置 finish_after_tool=true。,True,examples/images/planner_retry_optimizer_matched_v12/icecyan_three_spoke_lockwheel.png,"[{""action"": ""rexomni_detection"", ""arg_contains"": {""label"": [""冰青三辐锁紧轮""]}, ""decision_type"": ""tool"", ""required_args"": {""finish_after_tool"": false}}, {""action"": ""rexomni_detection"", ""arg_contains"": {""label"": [""冰青三辐锁紧轮""]}, ""decision_type"": ""tool"", ""required_args"": {""finish_after_tool"": false}}, {""action"": ""migration_advisor"", ""arg_contains"": {""user_query"": [""火星车悬架试验间异常路径终验7873号""]}, ""decision_type"": ""tool"", ""required_args"": {""finish_after_tool"": true, ""use_image"": true, ""use_visual_probe"": true}}]","[""rag_answer"", ""re_question"", ""answerer"", ""flux-image-generation"", ""qwen_detection"", ""pipeline_eval""]","{""action_match"": 0.65, ""argument_match"": 0.1, ""decision_type_valid"": 0.03, ""final_tool_finish"": 0.1, ""finish_after_tool"": 0.1, ""json_valid"": 0.02, ""no_forbidden_action"": 0.1, ""no_premature_stop"": 0.1, ""no_repeated_tool"": 0.1, ""no_skip_required_probe"": 0.1, ""strict_action_match"": true, ""strict_argument_types"": true, ""wrong_action_cap"": 0.2}",False,0.734375,"[""rexomni_detection"", ""rexomni_detection"", ""rexomni_detection""]",rexomni_detection,"[{""_planner_metrics"": {""api_call_ms"": 6589.251, ""first_api_call_ms"": 6589.251, ""first_finish_reason"": ""stop"", ""first_input_tokens"": 4030, ""first_output_tokens"": 52, ""first_total_tokens"": 4082, ""input_tokens"": 4030, ""output_tokens"": 52, ""parse_ms"": 0.118, ""planner_total_ms"": 6602.494, ""prompt_build_ms"": 0.477, ""retry_count"": 0, ""retry_reason"": """", ""total_tokens"": 4082}, ""action"": ""rexomni_detection"", ""action_input"": {""finish_after_tool"": false, ""label"": ""冰青三辐锁紧轮""}, ""clarification_question"": """", ""decision_type"": ""tool"", ""end_reason"": """", ""final_answer"": """", ""thought"": ""先执行用户指定的检测器以取得当前结构化状态。""}, {""_planner_metrics"": {""api_call_ms"": 7286.827, ""first_api_call_ms"": 7286.827, ""first_finish_reason"": ""stop"", ""first_input_tokens"": 4345, ""first_output_tokens"": 57, ""first_total_tokens"": 4402, ""input_tokens"": 4345, ""output_tokens"": 57, ""parse_ms"": 0.226, ""planner_total_ms"": 7301.809, ""prompt_build_ms"": 0.472, ""retry_count"": 0, ""retry_reason"": """", ""total_tokens"": 4402}, ""action"": ""rexomni_detection"", ""action_input"": {""finish_after_tool"": false, ""label"": ""冰青三辐锁紧轮""}, ""clarification_question"": """", ""decision_type"": ""tool"", ""end_reason"": """", ""final_answer"": """", ""thought"": ""最新状态满足错误状态复用检测器的条件，因此下一步继续使用同一检测器。""}, {""_planner_metrics"": {""api_call_ms"": 7671.814, ""first_api_call_ms"": 7671.814, ""first_finish_reason"": ""stop"", ""first_input_tokens"": 4663, ""first_output_tokens"": 59, ""first_total_tokens"": 4722, ""input_tokens"": 4663, ""output_tokens"": 59, ""parse_ms"": 0.116, ""planner_total_ms"": 7689.917, ""prompt_build_ms"": 0.587, ""retry_count"": 0, ""retry_reason"": """", ""total_tokens"": 4722}, ""action"": ""rexomni_detection"", ""action_input"": {""finish_after_tool"": false, ""label"": ""冰青三辐锁紧轮""}, ""clarification_question"": """", ""decision_type"": ""tool"", ""end_reason"": """", ""final_answer"": """", ""thought"": ""最新状态满足错误状态复用检测器的条件，需要继续使用同一检测器取得结构化状态。""}]","step3:action expected 'migration_advisor', got 'rexomni_detection' | step3:finish_after_tool expected True, got False | step3:arg 'use_image' expected True, got None | step3:arg 'use_visual_probe' expected True, got None | step3:arg 'user_query' expected to contain ['火星车悬架试验间异常路径终验7873号'], got None",6602.494,6589.251,4030,52,0,1,False,True
PROMV12-TA-008-REX-PS3,post_retry_success_step3,完成本轮异常探针的最终路由：先使用Rex-Omni检测附件中的焦糖十字分流块，检测结果仅作为中间状态。最终需要判断非晶合金铸造炉异常路径终验9752号应继续现有能力、结束，还是进入迁移评估。自然语言里的故障等级和预算描述没有路由优先级，只读取本 query 最新 observation 的结构化键值。错误状态仅在 retryable=true 与 retry_count=0 同时成立时复用原检测器一次，否则调用迁移顾问。正常状态需要候选数、置信度、跨提示一致性和域偏移四个门槛全部通过才结束，任一否决项都转迁移。缺省、非法、冲突状态采取保守分支；已经重试一次的结果不能再次触发检测器。检测器必须设置 finish_after_tool=false；迁移顾问使用当前图片和视觉探针并设置 finish_after_tool=true。,True,examples/images/planner_retry_optimizer_matched_v12/caramel_cross_diverter.png,"[{""action"": ""rexomni_detection"", ""arg_contains"": {""label"": [""焦糖十字分流块""]}, ""decision_type"": ""tool"", ""required_args"": {""finish_after_tool"": false}}, {""action"": ""rexomni_detection"", ""arg_contains"": {""label"": [""焦糖十字分流块""]}, ""decision_type"": ""tool"", ""required_args"": {""finish_after_tool"": false}}, {""arg_contains"": {}, ""decision_type"": ""end"", ""required_args"": {""end_reason"": ""memory_hit""}}]","[""rag_answer"", ""re_question"", ""answerer"", ""flux-image-generation"", ""qwen_detection"", ""pipeline_eval"", ""migration_advisor""]","{""action_match"": 0.65, ""argument_match"": 0.1, ""decision_type_valid"": 0.03, ""final_tool_finish"": 0.1, ""finish_after_tool"": 0.1, ""json_valid"": 0.02, ""no_forbidden_action"": 0.1, ""no_premature_stop"": 0.1, ""no_repeated_tool"": 0.1, ""no_skip_required_probe"": 0.1, ""strict_action_match"": true, ""strict_argument_types"": true, ""wrong_action_cap"": 0.2}",False,0.725,"[""rexomni_detection"", ""rexomni_detection"", ""migration_advisor""]",rexomni_detection,"[{""_planner_metrics"": {""api_call_ms"": 6322.668, ""first_api_call_ms"": 6322.668, ""first_finish_reason"": ""stop"", ""first_input_tokens"": 4017, ""first_output_tokens"": 49, ""first_total_tokens"": 4066, ""input_tokens"": 4017, ""output_tokens"": 49, ""parse_ms"": 0.111, ""planner_total_ms"": 6336.343, ""prompt_build_ms"": 0.443, ""retry_count"": 0, ""retry_reason"": """", ""total_tokens"": 4066}, ""action"": ""rexomni_detection"", ""action_input"": {""finish_after_tool"": false, ""label"": ""焦糖十字分流块""}, ""clarification_question"": """", ""decision_type"": ""tool"", ""end_reason"": """", ""final_answer"": """", ""thought"": ""先执行用户指定的检测器以取得当前结构化状态。""}, {""_planner_metrics"": {""api_call_ms"": 6730.608, ""first_api_call_ms"": 6730.608, ""first_finish_reason"": ""stop"", ""first_input_tokens"": 4327, ""first_output_tokens"": 51, ""first_total_tokens"": 4378, ""input_tokens"": 4327, ""output_tokens"": 51, ""parse_ms"": 0.116, ""planner_total_ms"": 6744.861, ""prompt_build_ms"": 0.495, ""retry_count"": 0, ""retry_reason"": """", ""total_tokens"": 4378}, ""action"": ""rexomni_detection"", ""action_input"": {""finish_after_tool"": false, ""label"": ""焦糖十字分流块""}, ""clarification_question"": """", ""decision_type"": ""tool"", ""end_reason"": """", ""final_answer"": """", ""thought"": ""最新状态满足错误状态重试条件，应复用原检测器。""}, {""_planner_metrics"": {""api_call_ms"": 9068.233, ""first_api_call_ms"": 9068.233, ""first_finish_reason"": ""stop"", ""first_input_tokens"": 4630, ""first_output_tokens"": 73, ""first_total_tokens"": 4703, ""input_tokens"": 4630, ""output_tokens"": 73, ""parse_ms"": 0.14, ""planner_total_ms"": 9083.239, ""prompt_build_ms"": 0.52, ""retry_count"": 0, ""retry_reason"": """", ""total_tokens"": 4703}, ""action"": ""migration_advisor"", ""action_input"": {""finish_after_tool"": true, ""use_image"": true, ""use_visual_probe"": true, ""user_query"": ""非晶合金铸造炉异常路径终验9752号""}, ""clarification_question"": """", ""decision_type"": ""tool"", ""end_reason"": """", ""final_answer"": """", ""thought"": ""最新状态未满足结束或重试条件，需要进入能力迁移评估。""}]","step3:decision_type expected 'end', got 'tool' | step3:action expected 'end', got 'migration_advisor' | step3:arg 'end_reason' expected 'memory_hit', got '' | forbidden:migration_advisor",6336.343,6322.668,4017,49,0,1,False,True
PROMV12-TA-006-REX-PS3,post_retry_success_step3,设备失联只是背景，仍须核对当前显式额度：先使用Rex-Omni检测附件中的冰青三辐锁紧轮，检测结果仅作为中间状态。最终需要判断深水码头输油站异常路径终验1480号应继续现有能力、结束，还是进入迁移评估。自然语言里的故障等级和预算描述没有路由优先级，只读取本 query 最新 observation 的结构化键值。错误状态仅在 retryable=true 与 retry_count=0 同时成立时复用原检测器一次，否则调用迁移顾问。正常状态需要候选数、置信度、跨提示一致性和域偏移四个门槛全部通过才结束，任一否决项都转迁移。缺省、非法、冲突状态采取保守分支；已经重试一次的结果不能再次触发检测器。检测器必须设置 finish_after_tool=false；迁移顾问使用当前图片和视觉探针并设置 finish_after_tool=true。,True,examples/images/planner_retry_optimizer_matched_v12/icecyan_three_spoke_lockwheel.png,"[{""action"": ""rexomni_detection"", ""arg_contains"": {""label"": [""冰青三辐锁紧轮""]}, ""decision_type"": ""tool"", ""required_args"": {""finish_after_tool"": false}}, {""action"": ""rexomni_detection"", ""arg_contains"": {""label"": [""冰青三辐锁紧轮""]}, ""decision_type"": ""tool"", ""required_args"": {""finish_after_tool"": false}}, {""arg_contains"": {}, ""decision_type"": ""end"", ""required_args"": {""end_reason"": ""memory_hit""}}]","[""rag_answer"", ""re_question"", ""answerer"", ""flux-image-generation"", ""qwen_detection"", ""pipeline_eval"", ""migration_advisor""]","{""action_match"": 0.65, ""argument_match"": 0.1, ""decision_type_valid"": 0.03, ""final_tool_finish"": 0.1, ""finish_after_tool"": 0.1, ""json_valid"": 0.02, ""no_forbidden_action"": 0.1, ""no_premature_stop"": 0.1, ""no_repeated_tool"": 0.1, ""no_skip_required_probe"": 0.1, ""strict_action_match"": true, ""strict_argument_types"": true, ""wrong_action_cap"": 0.2}",False,0.725,"[""rexomni_detection"", ""rexomni_detection"", ""migration_advisor""]",rexomni_detection,"[{""_planner_metrics"": {""api_call_ms"": 6578.657, ""first_api_call_ms"": 6578.657, ""first_finish_reason"": ""stop"", ""first_input_tokens"": 4036, ""first_output_tokens"": 52, ""first_total_tokens"": 4088, ""input_tokens"": 4036, ""output_tokens"": 52, ""parse_ms"": 0.134, ""planner_total_ms"": 6592.935, ""prompt_build_ms"": 0.437, ""retry_count"": 0, ""retry_reason"": """", ""total_tokens"": 4088}, ""action"": ""rexomni_detection"", ""action_input"": {""finish_after_tool"": false, ""label"": ""冰青三辐锁紧轮""}, ""clarification_question"": """", ""decision_type"": ""tool"", ""end_reason"": """", ""final_answer"": """", ""thought"": ""先执行用户指定的检测器以取得当前结构化状态。""}, {""_planner_metrics"": {""api_call_ms"": 7039.98, ""first_api_call_ms"": 7039.98, ""first_finish_reason"": ""stop"", ""first_input_tokens"": 4340, ""first_output_tokens"": 54, ""first_total_tokens"": 4394, ""input_tokens"": 4340, ""output_tokens"": 54, ""parse_ms"": 0.12, ""planner_total_ms"": 7056.255, ""prompt_build_ms"": 0.52, ""retry_count"": 0, ""retry_reason"": """", ""total_tokens"": 4394}, ""action"": ""rexomni_detection"", ""action_input"": {""finish_after_tool"": false, ""label"": ""冰青三辐锁紧轮""}, ""clarification_question"": """", ""decision_type"": ""tool"", ""end_reason"": """", ""final_answer"": """", ""thought"": ""最新状态满足错误状态重试条件，应复用原检测器。""}, {""_planner_metrics"": {""api_call_ms"": 9260.932, ""first_api_call_ms"": 9260.932, ""first_finish_reason"": ""stop"", ""first_input_tokens"": 4643, ""first_output_tokens"": 73, ""first_total_tokens"": 4716, ""input_tokens"": 4643, ""output_tokens"": 73, ""parse_ms"": 0.121, ""planner_total_ms"": 9276.219, ""prompt_build_ms"": 0.501, ""retry_count"": 0, ""retry_reason"": """", ""total_tokens"": 4716}, ""action"": ""migration_advisor"", ""action_input"": {""finish_after_tool"": true, ""use_image"": true, ""use_visual_probe"": true, ""user_query"": ""深水码头输油站异常路径终验1480号""}, ""clarification_question"": """", ""decision_type"": ""tool"", ""end_reason"": """", ""final_answer"": """", ""thought"": ""最新状态未满足结束或迁移条件，需要继续按规则推进。""}]","step3:decision_type expected 'end', got 'tool' | step3:action expected 'end', got 'migration_advisor' | step3:arg 'end_reason' expected 'memory_hit', got '' | forbidden:migration_advisor",6592.935,6578.657,4036,52,0,1,False,True
PROMV12-TA-005-REX-FR2,fresh_retry_step2,设备失联只是背景，仍须核对当前显式额度：先使用Rex-Omni检测附件中的冰青三辐锁紧轮，检测结果仅作为中间状态。最终需要判断类器官灌流培养台重试边界复审5611号应继续现有能力、结束，还是进入迁移评估。自然语言里的故障等级和预算描述没有路由优先级，只读取本 query 最新 observation 的结构化键值。错误状态仅在 retryable=true 与 retry_count=0 同时成立时复用原检测器一次，否则调用迁移顾问。正常状态需要候选数、置信度、跨提示一致性和域偏移四个门槛全部通过才结束，任一否决项都转迁移。缺省、非法、冲突状态采取保守分支；已经重试一次的结果不能再次触发检测器。检测器必须设置 finish_after_tool=false；迁移顾问使用当前图片和视觉探针并设置 finish_after_tool=true。,True,examples/images/planner_retry_optimizer_matched_v12/icecyan_three_spoke_lockwheel.png,"[{""action"": ""rexomni_detection"", ""arg_contains"": {""label"": [""冰青三辐锁紧轮""]}, ""decision_type"": ""tool"", ""required_args"": {""finish_after_tool"": false}}, {""action"": ""rexomni_detection"", ""arg_contains"": {""label"": [""冰青三辐锁紧轮""]}, ""decision_type"": ""tool"", ""required_args"": {""finish_after_tool"": false}}, {""arg_contains"": {}, ""decision_type"": ""end"", ""required_args"": {""end_reason"": ""memory_hit""}}]","[""rag_answer"", ""re_question"", ""answerer"", ""flux-image-generation"", ""qwen_detection"", ""pipeline_eval"", ""migration_advisor""]","{""action_match"": 0.65, ""argument_match"": 0.1, ""decision_type_valid"": 0.03, ""final_tool_finish"": 0.1, ""finish_after_tool"": 0.1, ""json_valid"": 0.02, ""no_forbidden_action"": 0.1, ""no_premature_stop"": 0.1, ""no_repeated_tool"": 0.1, ""no_skip_required_probe"": 0.1, ""strict_action_match"": true, ""strict_argument_types"": true, ""wrong_action_cap"": 0.2}",False,0.725,"[""rexomni_detection"", ""rexomni_detection"", ""migration_advisor""]",rexomni_detection,"[{""_planner_metrics"": {""api_call_ms"": 6677.112, ""first_api_call_ms"": 6677.112, ""first_finish_reason"": ""stop"", ""first_input_tokens"": 4036, ""first_output_tokens"": 52, ""first_total_tokens"": 4088, ""input_tokens"": 4036, ""output_tokens"": 52, ""parse_ms"": 0.112, ""planner_total_ms"": 6690.892, ""prompt_build_ms"": 0.438, ""retry_count"": 0, ""retry_reason"": """", ""total_tokens"": 4088}, ""action"": ""rexomni_detection"", ""action_input"": {""finish_after_tool"": false, ""label"": ""冰青三辐锁紧轮""}, ""clarification_question"": """", ""decision_type"": ""tool"", ""end_reason"": """", ""final_answer"": """", ""thought"": ""先执行用户指定的检测器以取得当前结构化状态。""}, {""_planner_metrics"": {""api_call_ms"": 7035.226, ""first_api_call_ms"": 7035.226, ""first_finish_reason"": ""stop"", ""first_input_tokens"": 4349, ""first_output_tokens"": 54, ""first_total_tokens"": 4403, ""input_tokens"": 4349, ""output_tokens"": 54, ""parse_ms"": 0.149, ""planner_total_ms"": 7049.327, ""prompt_build_ms"": 0.454, ""retry_count"": 0, ""retry_reason"": """", ""total_tokens"": 4403}, ""action"": ""rexomni_detection"", ""action_input"": {""finish_after_tool"": false, ""label"": ""冰青三辐锁紧轮""}, ""clarification_question"": """", ""decision_type"": ""tool"", ""end_reason"": """", ""final_answer"": """", ""thought"": ""最新状态满足错误状态重试条件，应继续使用同一检测器。""}, {""_planner_metrics"": {""api_call_ms"": 9182.132, ""first_api_call_ms"": 9182.132, ""first_finish_reason"": ""stop"", ""first_input_tokens"": 4655, ""first_output_tokens"": 73, ""first_total_tokens"": 4728, ""input_tokens"": 4655, ""output_tokens"": 73, ""parse_ms"": 0.149, ""planner_total_ms"": 9197.612, ""prompt_build_ms"": 0.572, ""retry_count"": 0, ""retry_reason"": """", ""total_tokens"": 4728}, ""action"": ""migration_advisor"", ""action_input"": {""finish_after_tool"": true, ""use_image"": true, ""use_visual_probe"": true, ""user_query"": ""类器官灌流培养台重试边界复审5611号""}, ""clarification_question"": """", ""decision_type"": ""tool"", ""end_reason"": """", ""final_answer"": """", ""thought"": ""最新状态未满足结束或重试条件，需要进入能力迁移评估。""}]","step3:decision_type expected 'end', got 'tool' | step3:action expected 'end', got 'migration_advisor' | step3:arg 'end_reason' expected 'memory_hit', got '' | forbidden:migration_advisor",6690.892,6677.112,4036,52,0,1,False,True
PROMV12-TA-005-REX-PS3,post_retry_success_step3,设备失联只是背景，仍须核对当前显式额度：先使用Rex-Omni检测附件中的冰青三辐锁紧轮，检测结果仅作为中间状态。最终需要判断类器官灌流培养台重试边界复审5611号应继续现有能力、结束，还是进入迁移评估。自然语言里的故障等级和预算描述没有路由优先级，只读取本 query 最新 observation 的结构化键值。错误状态仅在 retryable=true 与 retry_count=0 同时成立时复用原检测器一次，否则调用迁移顾问。正常状态需要候选数、置信度、跨提示一致性和域偏移四个门槛全部通过才结束，任一否决项都转迁移。缺省、非法、冲突状态采取保守分支；已经重试一次的结果不能再次触发检测器。检测器必须设置 finish_after_tool=false；迁移顾问使用当前图片和视觉探针并设置 finish_after_tool=true。,True,examples/images/planner_retry_optimizer_matched_v12/icecyan_three_spoke_lockwheel.png,"[{""action"": ""rexomni_detection"", ""arg_contains"": {""label"": [""冰青三辐锁紧轮""]}, ""decision_type"": ""tool"", ""required_args"": {""finish_after_tool"": false}}, {""action"": ""rexomni_detection"", ""arg_contains"": {""label"": [""冰青三辐锁紧轮""]}, ""decision_type"": ""tool"", ""required_args"": {""finish_after_tool"": false}}, {""arg_contains"": {}, ""decision_type"": ""end"", ""required_args"": {""end_reason"": ""memory_hit""}}]","[""rag_answer"", ""re_question"", ""answerer"", ""flux-image-generation"", ""qwen_detection"", ""pipeline_eval"", ""migration_advisor""]","{""action_match"": 0.65, ""argument_match"": 0.1, ""decision_type_valid"": 0.03, ""final_tool_finish"": 0.1, ""finish_after_tool"": 0.1, ""json_valid"": 0.02, ""no_forbidden_action"": 0.1, ""no_premature_stop"": 0.1, ""no_repeated_tool"": 0.1, ""no_skip_required_probe"": 0.1, ""strict_action_match"": true, ""strict_argument_types"": true, ""wrong_action_cap"": 0.2}",False,0.725,"[""rexomni_detection"", ""rexomni_detection"", ""migration_advisor""]",rexomni_detection,"[{""_planner_metrics"": {""api_call_ms"": 6628.661, ""first_api_call_ms"": 6628.661, ""first_finish_reason"": ""stop"", ""first_input_tokens"": 4036, ""first_output_tokens"": 52, ""first_total_tokens"": 4088, ""input_tokens"": 4036, ""output_tokens"": 52, ""parse_ms"": 0.114, ""planner_total_ms"": 6644.235, ""prompt_build_ms"": 0.414, ""retry_count"": 0, ""retry_reason"": """", ""total_tokens"": 4088}, ""action"": ""rexomni_detection"", ""action_input"": {""finish_after_tool"": false, ""label"": ""冰青三辐锁紧轮""}, ""clarification_question"": """", ""decision_type"": ""tool"", ""end_reason"": """", ""final_answer"": """", ""thought"": ""先执行用户指定的检测器以取得当前结构化状态。""}, {""_planner_metrics"": {""api_call_ms"": 7057.726, ""first_api_call_ms"": 7057.726, ""first_finish_reason"": ""stop"", ""first_input_tokens"": 4349, ""first_output_tokens"": 54, ""first_total_tokens"": 4403, ""input_tokens"": 4349, ""output_tokens"": 54, ""parse_ms"": 0.111, ""planner_total_ms"": 7071.696, ""prompt_build_ms"": 0.481, ""retry_count"": 0, ""retry_reason"": """", ""total_tokens"": 4403}, ""action"": ""rexomni_detection"", ""action_input"": {""finish_after_tool"": false, ""label"": ""冰青三辐锁紧轮""}, ""clarification_question"": """", ""decision_type"": ""tool"", ""end_reason"": """", ""final_answer"": """", ""thought"": ""最新状态满足错误状态重试条件，应继续使用同一检测器。""}, {""_planner_metrics"": {""api_call_ms"": 9173.129, ""first_api_call_ms"": 9173.129, ""first_finish_reason"": ""stop"", ""first_input_tokens"": 4656, ""first_output_tokens"": 73, ""first_total_tokens"": 4729, ""input_tokens"": 4656, ""output_tokens"": 73, ""parse_ms"": 0.137, ""planner_total_ms"": 9189.109, ""prompt_build_ms"": 0.477, ""retry_count"": 0, ""retry_reason"": """", ""total_tokens"": 4729}, ""action"": ""migration_advisor"", ""action_input"": {""finish_after_tool"": true, ""use_image"": true, ""use_visual_probe"": true, ""user_query"": ""类器官灌流培养台重试边界复审5611号""}, ""clarification_question"": """", ""decision_type"": ""tool"", ""end_reason"": """", ""final_answer"": """", ""thought"": ""最新状态未满足结束或重试条件，需要进入能力迁移评估。""}]","step3:decision_type expected 'end', got 'tool' | step3:action expected 'end', got 'migration_advisor' | step3:arg 'end_reason' expected 'memory_hit', got '' | forbidden:migration_advisor",6644.235,6628.661,4036,52,0,1,False,True
PROMV12-TA-008-REX-NR2,nonretryable_step2,完成本轮异常探针的最终路由：先使用Rex-Omni检测附件中的焦糖十字分流块，检测结果仅作为中间状态。最终需要判断非晶合金铸造炉异常路径终验9752号应继续现有能力、结束，还是进入迁移评估。自然语言里的故障等级和预算描述没有路由优先级，只读取本 query 最新 observation 的结构化键值。错误状态仅在 retryable=true 与 retry_count=0 同时成立时复用原检测器一次，否则调用迁移顾问。正常状态需要候选数、置信度、跨提示一致性和域偏移四个门槛全部通过才结束，任一否决项都转迁移。缺省、非法、冲突状态采取保守分支；已经重试一次的结果不能再次触发检测器。检测器必须设置 finish_after_tool=false；迁移顾问使用当前图片和视觉探针并设置 finish_after_tool=true。,True,examples/images/planner_retry_optimizer_matched_v12/caramel_cross_diverter.png,"[{""action"": ""rexomni_detection"", ""arg_contains"": {""label"": [""焦糖十字分流块""]}, ""decision_type"": ""tool"", ""required_args"": {""finish_after_tool"": false}}, {""action"": ""migration_advisor"", ""arg_contains"": {""user_query"": [""非晶合金铸造炉异常路径终验9752号""]}, ""decision_type"": ""tool"", ""required_args"": {""finish_after_tool"": true, ""use_image"": true, ""use_visual_probe"": true}}]","[""rag_answer"", ""re_question"", ""answerer"", ""flux-image-generation"", ""qwen_detection"", ""pipeline_eval""]","{""action_match"": 0.65, ""argument_match"": 0.1, ""decision_type_valid"": 0.03, ""final_tool_finish"": 0.1, ""finish_after_tool"": 0.1, ""json_valid"": 0.02, ""no_forbidden_action"": 0.1, ""no_premature_stop"": 0.1, ""no_repeated_tool"": 0.1, ""no_skip_required_probe"": 0.1, ""strict_action_match"": true, ""strict_argument_types"": true, ""wrong_action_cap"": 0.2}",False,0.586957,"[""rexomni_detection"", ""rexomni_detection""]",rexomni_detection,"[{""_planner_metrics"": {""api_call_ms"": 6466.202, ""first_api_call_ms"": 6466.202, ""first_finish_reason"": ""stop"", ""first_input_tokens"": 4017, ""first_output_tokens"": 49, ""first_total_tokens"": 4066, ""input_tokens"": 4017, ""output_tokens"": 49, ""parse_ms"": 0.111, ""planner_total_ms"": 6479.532, ""prompt_build_ms"": 0.461, ""retry_count"": 0, ""retry_reason"": """", ""total_tokens"": 4066}, ""action"": ""rexomni_detection"", ""action_input"": {""finish_after_tool"": false, ""label"": ""焦糖十字分流块""}, ""clarification_question"": """", ""decision_type"": ""tool"", ""end_reason"": """", ""final_answer"": """", ""thought"": ""先执行用户指定的检测器以取得当前结构化状态。""}, {""_planner_metrics"": {""api_call_ms"": 6584.945, ""first_api_call_ms"": 6584.945, ""first_finish_reason"": ""stop"", ""first_input_tokens"": 4327, ""first_output_tokens"": 49, ""first_total_tokens"": 4376, ""input_tokens"": 4327, ""output_tokens"": 49, ""parse_ms"": 0.149, ""planner_total_ms"": 6600.975, ""prompt_build_ms"": 0.455, ""retry_count"": 0, ""retry_reason"": """", ""total_tokens"": 4376}, ""action"": ""rexomni_detection"", ""action_input"": {""finish_after_tool"": false, ""label"": ""焦糖十字分流块""}, ""clarification_question"": """", ""decision_type"": ""tool"", ""end_reason"": """", ""final_answer"": """", ""thought"": ""先执行用户指定的检测器以取得当前结构化状态。""}]","step2:action expected 'migration_advisor', got 'rexomni_detection' | step2:finish_after_tool expected True, got False | step2:arg 'use_image' expected True, got None | step2:arg 'use_visual_probe' expected True, got None | step2:arg 'user_query' expected to contain ['非晶合金铸造炉异常路径终验9752号'], got None",6479.532,6466.202,4017,49,0,1,False,True
PROMV12-TA-003-REX-PE3,post_retry_error_step3,旧故障结论不得覆盖最后一条结构化回执：先使用Rex-Omni检测附件中的冰青三辐锁紧轮，检测结果仅作为中间状态。最终需要判断深水码头输油站重试边界复审2398号应继续现有能力、结束，还是进入迁移评估。自然语言里的故障等级和预算描述没有路由优先级，只读取本 query 最新 observation 的结构化键值。错误状态仅在 retryable=true 与 retry_count=0 同时成立时复用原检测器一次，否则调用迁移顾问。正常状态需要候选数、置信度、跨提示一致性和域偏移四个门槛全部通过才结束，任一否决项都转迁移。缺省、非法、冲突状态采取保守分支；已经重试一次的结果不能再次触发检测器。检测器必须设置 finish_after_tool=false；迁移顾问使用当前图片和视觉探针并设置 finish_after_tool=true。,True,examples/images/planner_retry_optimizer_matched_v12/icecyan_three_spoke_lockwheel.png,"[{""action"": ""rexomni_detection"", ""arg_contains"": {""label"": [""冰青三辐锁紧轮""]}, ""decision_type"": ""tool"", ""required_args"": {""finish_after_tool"": false}}, {""action"": ""rexomni_detection"", ""arg_contains"": {""label"": [""冰青三辐锁紧轮""]}, ""decision_type"": ""tool"", ""required_args"": {""finish_after_tool"": false}}, {""action"": ""migration_advisor"", ""arg_contains"": {""user_query"": [""深水码头输油站重试边界复审2398号""]}, ""decision_type"": ""tool"", ""required_args"": {""finish_after_tool"": true, ""use_image"": true, ""use_visual_probe"": true}}]","[""rag_answer"", ""re_question"", ""answerer"", ""flux-image-generation"", ""qwen_detection"", ""pipeline_eval""]","{""action_match"": 0.65, ""argument_match"": 0.1, ""decision_type_valid"": 0.03, ""final_tool_finish"": 0.1, ""finish_after_tool"": 0.1, ""json_valid"": 0.02, ""no_forbidden_action"": 0.1, ""no_premature_stop"": 0.1, ""no_repeated_tool"": 0.1, ""no_skip_required_probe"": 0.1, ""strict_action_match"": true, ""strict_argument_types"": true, ""wrong_action_cap"": 0.2}",False,0.428125,"[""rexomni_detection"", ""migration_advisor"", ""final_answer""]",rexomni_detection,"[{""_planner_metrics"": {""api_call_ms"": 6712.088, ""first_api_call_ms"": 6712.088, ""first_finish_reason"": ""stop"", ""first_input_tokens"": 4028, ""first_output_tokens"": 52, ""first_total_tokens"": 4080, ""input_tokens"": 4028, ""output_tokens"": 52, ""parse_ms"": 0.185, ""planner_total_ms"": 6726.496, ""prompt_build_ms"": 0.466, ""retry_count"": 0, ""retry_reason"": """", ""total_tokens"": 4080}, ""action"": ""rexomni_detection"", ""action_input"": {""finish_after_tool"": false, ""label"": ""冰青三辐锁紧轮""}, ""clarification_question"": """", ""decision_type"": ""tool"", ""end_reason"": """", ""final_answer"": """", ""thought"": ""先执行用户指定的检测器以取得当前结构化状态。""}, {""_planner_metrics"": {""api_call_ms"": 9031.508, ""first_api_call_ms"": 9031.508, ""first_finish_reason"": ""stop"", ""first_input_tokens"": 4336, ""first_output_tokens"": 72, ""first_total_tokens"": 4408, ""input_tokens"": 4336, ""output_tokens"": 72, ""parse_ms"": 0.159, ""planner_total_ms"": 9047.42, ""prompt_build_ms"": 0.64, ""retry_count"": 0, ""retry_reason"": """", ""total_tokens"": 4408}, ""action"": ""migration_advisor"", ""action_input"": {""finish_after_tool"": true, ""use_image"": true, ""use_visual_probe"": true, ""user_query"": ""深水码头输油站重试边界复审2398号""}, ""clarification_question"": """", ""decision_type"": ""tool"", ""end_reason"": """", ""final_answer"": """", ""thought"": ""最新状态未满足结束或重试条件，需要进入能力迁移评估。""}, {""_planner_metrics"": {""api_call_ms"": 5117.488, ""first_api_call_ms"": 5117.488, ""first_finish_reason"": ""stop"", ""first_input_tokens"": 4667, ""first_output_tokens"": 32, ""first_total_tokens"": 4699, ""input_tokens"": 4667, ""output_tokens"": 32, ""parse_ms"": 0.106, ""planner_total_ms"": 5136.072, ""prompt_build_ms"": 0.541, ""retry_count"": 0, ""retry_reason"": """", ""total_tokens"": 4699}, ""action"": ""final_answer"", ""action_input"": {}, ""clarification_question"": """", ""decision_type"": ""end"", ""end_reason"": ""recheck_done"", ""final_answer"": """", ""thought"": ""最新状态已满足结束条件，可以收口。""}]","step2:action expected 'rexomni_detection', got 'migration_advisor' | step2:finish_after_tool expected False, got True | step2:arg 'label' expected to contain ['冰青三辐锁紧轮'], got None | step3:decision_type expected 'tool', got 'end' | step3:action expected 'migration_advisor', got 'end' | step3:finish_after_tool expected True, got None | step3:arg 'use_image' expected True, got None | step3:arg 'use_visual_probe' expected True, got None | step3:arg 'user_query' expected to contain ['深水码头输油站重试边界复审2398号'], got None",6726.496,6712.088,4028,52,0,1,False,True
PROMV12-TA-009-REX-FR2,fresh_retry_step2,设备失联只是背景，仍须核对当前显式额度：先使用Rex-Omni检测附件中的焦糖十字分流块，检测结果仅作为中间状态。最终需要判断火星车悬架试验间稳定状态会签3100号应继续现有能力、结束，还是进入迁移评估。自然语言里的故障等级和预算描述没有路由优先级，只读取本 query 最新 observation 的结构化键值。错误状态仅在 retryable=true 与 retry_count=0 同时成立时复用原检测器一次，否则调用迁移顾问。正常状态需要候选数、置信度、跨提示一致性和域偏移四个门槛全部通过才结束，任一否决项都转迁移。缺省、非法、冲突状态采取保守分支；已经重试一次的结果不能再次触发检测器。检测器必须设置 finish_after_tool=false；迁移顾问使用当前图片和视觉探针并设置 finish_after_tool=true。,True,examples/images/planner_retry_optimizer_matched_v12/caramel_cross_diverter.png,"[{""action"": ""rexomni_detection"", ""arg_contains"": {""label"": [""焦糖十字分流块""]}, ""decision_type"": ""tool"", ""required_args"": {""finish_after_tool"": false}}, {""action"": ""rexomni_detection"", ""arg_contains"": {""label"": [""焦糖十字分流块""]}, ""decision_type"": ""tool"", ""required_args"": {""finish_after_tool"": false}}, {""arg_contains"": {}, ""decision_type"": ""end"", ""required_args"": {""end_reason"": ""memory_hit""}}]","[""rag_answer"", ""re_question"", ""answerer"", ""flux-image-generation"", ""qwen_detection"", ""pipeline_eval"", ""migration_advisor""]","{""action_match"": 0.65, ""argument_match"": 0.1, ""decision_type_valid"": 0.03, ""final_tool_finish"": 0.1, ""finish_after_tool"": 0.1, ""json_valid"": 0.02, ""no_forbidden_action"": 0.1, ""no_premature_stop"": 0.1, ""no_repeated_tool"": 0.1, ""no_skip_required_probe"": 0.1, ""strict_action_match"": true, ""strict_argument_types"": true, ""wrong_action_cap"": 0.2}",False,0.725,"[""rexomni_detection"", ""rexomni_detection"", ""migration_advisor""]",rexomni_detection,"[{""_planner_metrics"": {""api_call_ms"": 6647.962, ""first_api_call_ms"": 6647.962, ""first_finish_reason"": ""stop"", ""first_input_tokens"": 4029, ""first_output_tokens"": 49, ""first_total_tokens"": 4078, ""input_tokens"": 4029, ""output_tokens"": 49, ""parse_ms"": 0.134, ""planner_total_ms"": 6662.665, ""prompt_build_ms"": 0.443, ""retry_count"": 0, ""retry_reason"": """", ""total_tokens"": 4078}, ""action"": ""rexomni_detection"", ""action_input"": {""finish_after_tool"": false, ""label"": ""焦糖十字分流块""}, ""clarification_question"": """", ""decision_type"": ""tool"", ""end_reason"": """", ""final_answer"": """", ""thought"": ""先执行用户指定的检测器以取得当前结构化状态。""}, {""_planner_metrics"": {""api_call_ms"": 6717.831, ""first_api_call_ms"": 6717.831, ""first_finish_reason"": ""stop"", ""first_input_tokens"": 4338, ""first_output_tokens"": 51, ""first_total_tokens"": 4389, ""input_tokens"": 4338, ""output_tokens"": 51, ""parse_ms"": 0.127, ""planner_total_ms"": 6735.129, ""prompt_build_ms"": 0.502, ""retry_count"": 0, ""retry_reason"": """", ""total_tokens"": 4389}, ""action"": ""rexomni_detection"", ""action_input"": {""finish_after_tool"": false, ""label"": ""焦糖十字分流块""}, ""clarification_question"": """", ""decision_type"": ""tool"", ""end_reason"": """", ""final_answer"": """", ""thought"": ""最新状态满足错误重试条件，需要再次使用同一检测器。""}, {""_planner_metrics"": {""api_call_ms"": 9218.905, ""first_api_call_ms"": 9218.905, ""first_finish_reason"": ""stop"", ""first_input_tokens"": 4646, ""first_output_tokens"": 73, ""first_total_tokens"": 4719, ""input_tokens"": 4646, ""output_tokens"": 73, ""parse_ms"": 0.121, ""planner_total_ms"": 9234.04, ""prompt_build_ms"": 0.492, ""retry_count"": 0, ""retry_reason"": """", ""total_tokens"": 4719}, ""action"": ""migration_advisor"", ""action_input"": {""finish_after_tool"": true, ""use_image"": true, ""use_visual_probe"": true, ""user_query"": ""火星车悬架试验间稳定状态会签3100号""}, ""clarification_question"": """", ""decision_type"": ""tool"", ""end_reason"": """", ""final_answer"": """", ""thought"": ""最新状态未满足结束或重试条件，需要进入能力迁移评估。""}]","step3:decision_type expected 'end', got 'tool' | step3:action expected 'end', got 'migration_advisor' | step3:arg 'end_reason' expected 'memory_hit', got '' | forbidden:migration_advisor",6662.665,6647.962,4029,49,0,1,False,True
PROMV12-TA-006-QWEN-PV3,post_retry_metric_veto_step3,设备失联只是背景，仍须核对当前显式额度：先使用Qwen检测附件中的冰青三辐锁紧轮，检测结果仅作为中间状态。最终需要判断深水码头输油站异常路径终验1480号应继续现有能力、结束，还是进入迁移评估。自然语言里的故障等级和预算描述没有路由优先级，只读取本 query 最新 observation 的结构化键值。错误状态仅在 retryable=true 与 retry_count=0 同时成立时复用原检测器一次，否则调用迁移顾问。正常状态需要候选数、置信度、跨提示一致性和域偏移四个门槛全部通过才结束，任一否决项都转迁移。缺省、非法、冲突状态采取保守分支；已经重试一次的结果不能再次触发检测器。检测器必须设置 finish_after_tool=false；迁移顾问使用当前图片和视觉探针并设置 finish_after_tool=true。,True,examples/images/planner_retry_optimizer_matched_v12/icecyan_three_spoke_lockwheel.png,"[{""action"": ""qwen_detection"", ""arg_contains"": {""label"": [""冰青三辐锁紧轮""]}, ""decision_type"": ""tool"", ""required_args"": {""finish_after_tool"": false}}, {""action"": ""qwen_detection"", ""arg_contains"": {""label"": [""冰青三辐锁紧轮""]}, ""decision_type"": ""tool"", ""required_args"": {""finish_after_tool"": false}}, {""action"": ""migration_advisor"", ""arg_contains"": {""user_query"": [""深水码头输油站异常路径终验1480号""]}, ""decision_type"": ""tool"", ""required_args"": {""finish_after_tool"": true, ""use_image"": true, ""use_visual_probe"": true}}]","[""rag_answer"", ""re_question"", ""answerer"", ""flux-image-generation"", ""rexomni_detection"", ""pipeline_eval""]","{""action_match"": 0.65, ""argument_match"": 0.1, ""decision_type_valid"": 0.03, ""final_tool_finish"": 0.1, ""finish_after_tool"": 0.1, ""json_valid"": 0.02, ""no_forbidden_action"": 0.1, ""no_premature_stop"": 0.1, ""no_repeated_tool"": 0.1, ""no_skip_required_probe"": 0.1, ""strict_action_match"": true, ""strict_argument_types"": true, ""wrong_action_cap"": 0.2}",False,0.734375,"[""qwen_detection"", ""qwen_detection"", ""qwen_detection""]",qwen_detection,"[{""_planner_metrics"": {""api_call_ms"": 6632.93, ""first_api_call_ms"": 6632.93, ""first_finish_reason"": ""stop"", ""first_input_tokens"": 4030, ""first_output_tokens"": 51, ""first_total_tokens"": 4081, ""input_tokens"": 4030, ""output_tokens"": 51, ""parse_ms"": 0.163, ""planner_total_ms"": 6648.231, ""prompt_build_ms"": 0.517, ""retry_count"": 0, ""retry_reason"": """", ""total_tokens"": 4081}, ""action"": ""qwen_detection"", ""action_input"": {""finish_after_tool"": false, ""label"": ""冰青三辐锁紧轮""}, ""clarification_question"": """", ""decision_type"": ""tool"", ""end_reason"": """", ""final_answer"": """", ""thought"": ""先执行用户指定的检测器以取得当前结构化状态。""}, {""_planner_metrics"": {""api_call_ms"": 6922.298, ""first_api_call_ms"": 6922.298, ""first_finish_reason"": ""stop"", ""first_input_tokens"": 4333, ""first_output_tokens"": 53, ""first_total_tokens"": 4386, ""input_tokens"": 4333, ""output_tokens"": 53, ""parse_ms"": 0.14, ""planner_total_ms"": 6939.464, ""prompt_build_ms"": 0.458, ""retry_count"": 0, ""retry_reason"": """", ""total_tokens"": 4386}, ""action"": ""qwen_detection"", ""action_input"": {""finish_after_tool"": false, ""label"": ""冰青三辐锁紧轮""}, ""clarification_question"": """", ""decision_type"": ""tool"", ""end_reason"": """", ""final_answer"": """", ""thought"": ""最新状态满足错误状态重试条件，需要复用同一检测器。""}, {""_planner_metrics"": {""api_call_ms"": 7202.197, ""first_api_call_ms"": 7202.197, ""first_finish_reason"": ""stop"", ""first_input_tokens"": 4634, ""first_output_tokens"": 54, ""first_total_tokens"": 4688, ""input_tokens"": 4634, ""output_tokens"": 54, ""parse_ms"": 0.114, ""planner_total_ms"": 7217.178, ""prompt_build_ms"": 0.473, ""retry_count"": 0, ""retry_reason"": """", ""total_tokens"": 4688}, ""action"": ""qwen_detection"", ""action_input"": {""finish_after_tool"": false, ""label"": ""冰青三辐锁紧轮""}, ""clarification_question"": """", ""decision_type"": ""tool"", ""end_reason"": """", ""final_answer"": """", ""thought"": ""最新状态未满足结束或迁移条件，需要继续按规则处理。""}]","step3:action expected 'migration_advisor', got 'qwen_detection' | step3:finish_after_tool expected True, got False | step3:arg 'use_image' expected True, got None | step3:arg 'use_visual_probe' expected True, got None | step3:arg 'user_query' expected to contain ['深水码头输油站异常路径终验1480号'], got None",6648.231,6632.93,4030,51,0,1,False,True
PROMV12-TA-005-QWEN-PE3,post_retry_error_step3,设备失联只是背景，仍须核对当前显式额度：先使用Qwen检测附件中的冰青三辐锁紧轮，检测结果仅作为中间状态。最终需要判断类器官灌流培养台重试边界复审5611号应继续现有能力、结束，还是进入迁移评估。自然语言里的故障等级和预算描述没有路由优先级，只读取本 query 最新 observation 的结构化键值。错误状态仅在 retryable=true 与 retry_count=0 同时成立时复用原检测器一次，否则调用迁移顾问。正常状态需要候选数、置信度、跨提示一致性和域偏移四个门槛全部通过才结束，任一否决项都转迁移。缺省、非法、冲突状态采取保守分支；已经重试一次的结果不能再次触发检测器。检测器必须设置 finish_after_tool=false；迁移顾问使用当前图片和视觉探针并设置 finish_after_tool=true。,True,examples/images/planner_retry_optimizer_matched_v12/icecyan_three_spoke_lockwheel.png,"[{""action"": ""qwen_detection"", ""arg_contains"": {""label"": [""冰青三辐锁紧轮""]}, ""decision_type"": ""tool"", ""required_args"": {""finish_after_tool"": false}}, {""action"": ""qwen_detection"", ""arg_contains"": {""label"": [""冰青三辐锁紧轮""]}, ""decision_type"": ""tool"", ""required_args"": {""finish_after_tool"": false}}, {""action"": ""migration_advisor"", ""arg_contains"": {""user_query"": [""类器官灌流培养台重试边界复审5611号""]}, ""decision_type"": ""tool"", ""required_args"": {""finish_after_tool"": true, ""use_image"": true, ""use_visual_probe"": true}}]","[""rag_answer"", ""re_question"", ""answerer"", ""flux-image-generation"", ""rexomni_detection"", ""pipeline_eval""]","{""action_match"": 0.65, ""argument_match"": 0.1, ""decision_type_valid"": 0.03, ""final_tool_finish"": 0.1, ""finish_after_tool"": 0.1, ""json_valid"": 0.02, ""no_forbidden_action"": 0.1, ""no_premature_stop"": 0.1, ""no_repeated_tool"": 0.1, ""no_skip_required_probe"": 0.1, ""strict_action_match"": true, ""strict_argument_types"": true, ""wrong_action_cap"": 0.2}",False,0.734375,"[""qwen_detection"", ""qwen_detection"", ""qwen_detection""]",qwen_detection,"[{""_planner_metrics"": {""api_call_ms"": 6595.894, ""first_api_call_ms"": 6595.894, ""first_finish_reason"": ""stop"", ""first_input_tokens"": 4030, ""first_output_tokens"": 51, ""first_total_tokens"": 4081, ""input_tokens"": 4030, ""output_tokens"": 51, ""parse_ms"": 0.115, ""planner_total_ms"": 6609.204, ""prompt_build_ms"": 0.424, ""retry_count"": 0, ""retry_reason"": """", ""total_tokens"": 4081}, ""action"": ""qwen_detection"", ""action_input"": {""finish_after_tool"": false, ""label"": ""冰青三辐锁紧轮""}, ""clarification_question"": """", ""decision_type"": ""tool"", ""end_reason"": """", ""final_answer"": """", ""thought"": ""先执行用户指定的检测器以取得当前结构化状态。""}, {""_planner_metrics"": {""api_call_ms"": 7143.53, ""first_api_call_ms"": 7143.53, ""first_finish_reason"": ""stop"", ""first_input_tokens"": 4342, ""first_output_tokens"": 55, ""first_total_tokens"": 4397, ""input_tokens"": 4342, ""output_tokens"": 55, ""parse_ms"": 0.114, ""planner_total_ms"": 7158.623, ""prompt_build_ms"": 0.524, ""retry_count"": 0, ""retry_reason"": """", ""total_tokens"": 4397}, ""action"": ""qwen_detection"", ""action_input"": {""finish_after_tool"": false, ""label"": ""冰青三辐锁紧轮""}, ""clarification_question"": """", ""decision_type"": ""tool"", ""end_reason"": """", ""final_answer"": """", ""thought"": ""最新状态满足错误状态的重试条件，需要再次使用同一检测器。""}, {""_planner_metrics"": {""api_call_ms"": 7268.938, ""first_api_call_ms"": 7268.938, ""first_finish_reason"": ""stop"", ""first_input_tokens"": 4652, ""first_output_tokens"": 55, ""first_total_tokens"": 4707, ""input_tokens"": 4652, ""output_tokens"": 55, ""parse_ms"": 0.125, ""planner_total_ms"": 7284.268, ""prompt_build_ms"": 0.526, ""retry_count"": 0, ""retry_reason"": """", ""total_tokens"": 4707}, ""action"": ""qwen_detection"", ""action_input"": {""finish_after_tool"": false, ""label"": ""冰青三辐锁紧轮""}, ""clarification_question"": """", ""decision_type"": ""tool"", ""end_reason"": """", ""final_answer"": """", ""thought"": ""最新状态满足错误状态的重试条件，需要再次使用同一检测器。""}]","step3:action expected 'migration_advisor', got 'qwen_detection' | step3:finish_after_tool expected True, got False | step3:arg 'use_image' expected True, got None | step3:arg 'use_visual_probe' expected True, got None | step3:arg 'user_query' expected to contain ['类器官灌流培养台重试边界复审5611号'], got None",6609.204,6595.894,4030,51,0,1,False,True
PROMV12-TA-001-REX-PV3,post_retry_metric_veto_step3,旧故障结论不得覆盖最后一条结构化回执：先使用Rex-Omni检测附件中的冰青三辐锁紧轮，检测结果仅作为中间状态。最终需要判断火星车悬架试验间异常路径终验7873号应继续现有能力、结束，还是进入迁移评估。自然语言里的故障等级和预算描述没有路由优先级，只读取本 query 最新 observation 的结构化键值。错误状态仅在 retryable=true 与 retry_count=0 同时成立时复用原检测器一次，否则调用迁移顾问。正常状态需要候选数、置信度、跨提示一致性和域偏移四个门槛全部通过才结束，任一否决项都转迁移。缺省、非法、冲突状态采取保守分支；已经重试一次的结果不能再次触发检测器。检测器必须设置 finish_after_tool=false；迁移顾问使用当前图片和视觉探针并设置 finish_after_tool=true。,True,examples/images/planner_retry_optimizer_matched_v12/icecyan_three_spoke_lockwheel.png,"[{""action"": ""rexomni_detection"", ""arg_contains"": {""label"": [""冰青三辐锁紧轮""]}, ""decision_type"": ""tool"", ""required_args"": {""finish_after_tool"": false}}, {""action"": ""rexomni_detection"", ""arg_contains"": {""label"": [""冰青三辐锁紧轮""]}, ""decision_type"": ""tool"", ""required_args"": {""finish_after_tool"": false}}, {""action"": ""migration_advisor"", ""arg_contains"": {""user_query"": [""火星车悬架试验间异常路径终验7873号""]}, ""decision_type"": ""tool"", ""required_args"": {""finish_after_tool"": true, ""use_image"": true, ""use_visual_probe"": true}}]","[""rag_answer"", ""re_question"", ""answerer"", ""flux-image-generation"", ""qwen_detection"", ""pipeline_eval""]","{""action_match"": 0.65, ""argument_match"": 0.1, ""decision_type_valid"": 0.03, ""final_tool_finish"": 0.1, ""finish_after_tool"": 0.1, ""json_valid"": 0.02, ""no_forbidden_action"": 0.1, ""no_premature_stop"": 0.1, ""no_repeated_tool"": 0.1, ""no_skip_required_probe"": 0.1, ""strict_action_match"": true, ""strict_argument_types"": true, ""wrong_action_cap"": 0.2}",False,0.428125,"[""rexomni_detection"", ""migration_advisor"", ""final_answer""]",rexomni_detection,"[{""_planner_metrics"": {""api_call_ms"": 6667.789, ""first_api_call_ms"": 6667.789, ""first_finish_reason"": ""stop"", ""first_input_tokens"": 4030, ""first_output_tokens"": 52, ""first_total_tokens"": 4082, ""input_tokens"": 4030, ""output_tokens"": 52, ""parse_ms"": 0.11, ""planner_total_ms"": 6681.15, ""prompt_build_ms"": 0.417, ""retry_count"": 0, ""retry_reason"": """", ""total_tokens"": 4082}, ""action"": ""rexomni_detection"", ""action_input"": {""finish_after_tool"": false, ""label"": ""冰青三辐锁紧轮""}, ""clarification_question"": """", ""decision_type"": ""tool"", ""end_reason"": """", ""final_answer"": """", ""thought"": ""先执行用户指定的检测器以取得当前结构化状态。""}, {""_planner_metrics"": {""api_call_ms"": 9003.197, ""first_api_call_ms"": 9003.197, ""first_finish_reason"": ""stop"", ""first_input_tokens"": 4346, ""first_output_tokens"": 73, ""first_total_tokens"": 4419, ""input_tokens"": 4346, ""output_tokens"": 73, ""parse_ms"": 0.126, ""planner_total_ms"": 9017.105, ""prompt_build_ms"": 0.437, ""retry_count"": 0, ""retry_reason"": """", ""total_tokens"": 4419}, ""action"": ""migration_advisor"", ""action_input"": {""finish_after_tool"": true, ""use_image"": true, ""use_visual_probe"": true, ""user_query"": ""火星车悬架试验间异常路径终验7873号""}, ""clarification_question"": """", ""decision_type"": ""tool"", ""end_reason"": """", ""final_answer"": """", ""thought"": ""最新状态未满足结束或重试条件，需要进入能力迁移评估。""}, {""_planner_metrics"": {""api_call_ms"": 4891.303, ""first_api_call_ms"": 4891.303, ""first_finish_reason"": ""stop"", ""first_input_tokens"": 4679, ""first_output_tokens"": 32, ""first_total_tokens"": 4711, ""input_tokens"": 4679, ""output_tokens"": 32, ""parse_ms"": 0.131, ""planner_total_ms"": 4906.423, ""prompt_build_ms"": 0.49, ""retry_count"": 0, ""retry_reason"": """", ""total_tokens"": 4711}, ""action"": ""final_answer"", ""action_input"": {}, ""clarification_question"": """", ""decision_type"": ""end"", ""end_reason"": ""memory_hit"", ""final_answer"": """", ""thought"": ""最新状态已满足结束条件，可以终止本轮规划。""}]","step2:action expected 'rexomni_detection', got 'migration_advisor' | step2:finish_after_tool expected False, got True | step2:arg 'label' expected to contain ['冰青三辐锁紧轮'], got None | step3:decision_type expected 'tool', got 'end' | step3:action expected 'migration_advisor', got 'end' | step3:finish_after_tool expected True, got None | step3:arg 'use_image' expected True, got None | step3:arg 'use_visual_probe' expected True, got None | step3:arg 'user_query' expected to contain ['火星车悬架试验间异常路径终验7873号'], got None",6681.15,6667.789,4030,52,0,1,False,True
PROMV12-TA-007-QWEN-PE3,post_retry_error_step3,旧故障结论不得覆盖最后一条结构化回执：先使用Qwen检测附件中的焦糖十字分流块，检测结果仅作为中间状态。最终需要判断类器官灌流培养台稳定状态会签3047号应继续现有能力、结束，还是进入迁移评估。自然语言里的故障等级和预算描述没有路由优先级，只读取本 query 最新 observation 的结构化键值。错误状态仅在 retryable=true 与 retry_count=0 同时成立时复用原检测器一次，否则调用迁移顾问。正常状态需要候选数、置信度、跨提示一致性和域偏移四个门槛全部通过才结束，任一否决项都转迁移。缺省、非法、冲突状态采取保守分支；已经重试一次的结果不能再次触发检测器。检测器必须设置 finish_after_tool=false；迁移顾问使用当前图片和视觉探针并设置 finish_after_tool=true。,True,examples/images/planner_retry_optimizer_matched_v12/caramel_cross_diverter.png,"[{""action"": ""qwen_detection"", ""arg_contains"": {""label"": [""焦糖十字分流块""]}, ""decision_type"": ""tool"", ""required_args"": {""finish_after_tool"": false}}, {""action"": ""qwen_detection"", ""arg_contains"": {""label"": [""焦糖十字分流块""]}, ""decision_type"": ""tool"", ""required_args"": {""finish_after_tool"": false}}, {""action"": ""migration_advisor"", ""arg_contains"": {""user_query"": [""类器官灌流培养台稳定状态会签3047号""]}, ""decision_type"": ""tool"", ""required_args"": {""finish_after_tool"": true, ""use_image"": true, ""use_visual_probe"": true}}]","[""rag_answer"", ""re_question"", ""answerer"", ""flux-image-generation"", ""rexomni_detection"", ""pipeline_eval""]","{""action_match"": 0.65, ""argument_match"": 0.1, ""decision_type_valid"": 0.03, ""final_tool_finish"": 0.1, ""finish_after_tool"": 0.1, ""json_valid"": 0.02, ""no_forbidden_action"": 0.1, ""no_premature_stop"": 0.1, ""no_repeated_tool"": 0.1, ""no_skip_required_probe"": 0.1, ""strict_action_match"": true, ""strict_argument_types"": true, ""wrong_action_cap"": 0.2}",False,0.4375,"[""qwen_detection"", ""migration_advisor"", ""qwen_detection""]",qwen_detection,"[{""_planner_metrics"": {""api_call_ms"": 6299.51, ""first_api_call_ms"": 6299.51, ""first_finish_reason"": ""stop"", ""first_input_tokens"": 4019, ""first_output_tokens"": 48, ""first_total_tokens"": 4067, ""input_tokens"": 4019, ""output_tokens"": 48, ""parse_ms"": 0.176, ""planner_total_ms"": 6313.25, ""prompt_build_ms"": 0.457, ""retry_count"": 0, ""retry_reason"": """", ""total_tokens"": 4067}, ""action"": ""qwen_detection"", ""action_input"": {""finish_after_tool"": false, ""label"": ""焦糖十字分流块""}, ""clarification_question"": """", ""decision_type"": ""tool"", ""end_reason"": """", ""final_answer"": """", ""thought"": ""先执行用户指定的检测器以取得当前结构化状态。""}, {""_planner_metrics"": {""api_call_ms"": 9197.103, ""first_api_call_ms"": 9197.103, ""first_finish_reason"": ""stop"", ""first_input_tokens"": 4327, ""first_output_tokens"": 74, ""first_total_tokens"": 4401, ""input_tokens"": 4327, ""output_tokens"": 74, ""parse_ms"": 0.141, ""planner_total_ms"": 9212.252, ""prompt_build_ms"": 0.544, ""retry_count"": 0, ""retry_reason"": """", ""total_tokens"": 4401}, ""action"": ""migration_advisor"", ""action_input"": {""finish_after_tool"": true, ""use_image"": true, ""use_visual_probe"": true, ""user_query"": ""类器官灌流培养台稳定状态会签3047号""}, ""clarification_question"": """", ""decision_type"": ""tool"", ""end_reason"": """", ""final_answer"": """", ""thought"": ""最新状态未满足结束或迁移条件，需要继续按规则推进。""}, {""_planner_metrics"": {""api_call_ms"": 6990.733, ""first_api_call_ms"": 6990.733, ""first_finish_reason"": ""stop"", ""first_input_tokens"": 4663, ""first_output_tokens"": 52, ""first_total_tokens"": 4715, ""input_tokens"": 4663, ""output_tokens"": 52, ""parse_ms"": 0.112, ""planner_total_ms"": 7008.643, ""prompt_build_ms"": 0.472, ""retry_count"": 0, ""retry_reason"": """", ""total_tokens"": 4715}, ""action"": ""qwen_detection"", ""action_input"": {""finish_after_tool"": false, ""label"": ""焦糖十字分流块""}, ""clarification_question"": """", ""decision_type"": ""tool"", ""end_reason"": """", ""final_answer"": """", ""thought"": ""最新状态仍未满足结束或迁移条件，需要继续按规则推进。""}]","step2:action expected 'qwen_detection', got 'migration_advisor' | step2:finish_after_tool expected False, got True | step2:arg 'label' expected to contain ['焦糖十字分流块'], got None | step3:action expected 'migration_advisor', got 'qwen_detection' | step3:finish_after_tool expected True, got False | step3:arg 'use_image' expected True, got None | step3:arg 'use_visual_probe' expected True, got None | step3:arg 'user_query' expected to contain ['类器官灌流培养台稳定状态会签3047号'], got None",6313.25,6299.51,4019,48,0,1,False,True
PROMV12-TA-007-QWEN-PS3,post_retry_success_step3,旧故障结论不得覆盖最后一条结构化回执：先使用Qwen检测附件中的焦糖十字分流块，检测结果仅作为中间状态。最终需要判断类器官灌流培养台稳定状态会签3047号应继续现有能力、结束，还是进入迁移评估。自然语言里的故障等级和预算描述没有路由优先级，只读取本 query 最新 observation 的结构化键值。错误状态仅在 retryable=true 与 retry_count=0 同时成立时复用原检测器一次，否则调用迁移顾问。正常状态需要候选数、置信度、跨提示一致性和域偏移四个门槛全部通过才结束，任一否决项都转迁移。缺省、非法、冲突状态采取保守分支；已经重试一次的结果不能再次触发检测器。检测器必须设置 finish_after_tool=false；迁移顾问使用当前图片和视觉探针并设置 finish_after_tool=true。,True,examples/images/planner_retry_optimizer_matched_v12/caramel_cross_diverter.png,"[{""action"": ""qwen_detection"", ""arg_contains"": {""label"": [""焦糖十字分流块""]}, ""decision_type"": ""tool"", ""required_args"": {""finish_after_tool"": false}}, {""action"": ""qwen_detection"", ""arg_contains"": {""label"": [""焦糖十字分流块""]}, ""decision_type"": ""tool"", ""required_args"": {""finish_after_tool"": false}}, {""arg_contains"": {}, ""decision_type"": ""end"", ""required_args"": {""end_reason"": ""memory_hit""}}]","[""rag_answer"", ""re_question"", ""answerer"", ""flux-image-generation"", ""rexomni_detection"", ""pipeline_eval"", ""migration_advisor""]","{""action_match"": 0.65, ""argument_match"": 0.1, ""decision_type_valid"": 0.03, ""final_tool_finish"": 0.1, ""finish_after_tool"": 0.1, ""json_valid"": 0.02, ""no_forbidden_action"": 0.1, ""no_premature_stop"": 0.1, ""no_repeated_tool"": 0.1, ""no_skip_required_probe"": 0.1, ""strict_action_match"": true, ""strict_argument_types"": true, ""wrong_action_cap"": 0.2}",False,0.428125,"[""qwen_detection"", ""migration_advisor"", ""qwen_detection""]",qwen_detection,"[{""_planner_metrics"": {""api_call_ms"": 6285.705, ""first_api_call_ms"": 6285.705, ""first_finish_reason"": ""stop"", ""first_input_tokens"": 4019, ""first_output_tokens"": 48, ""first_total_tokens"": 4067, ""input_tokens"": 4019, ""output_tokens"": 48, ""parse_ms"": 0.121, ""planner_total_ms"": 6299.826, ""prompt_build_ms"": 0.428, ""retry_count"": 0, ""retry_reason"": """", ""total_tokens"": 4067}, ""action"": ""qwen_detection"", ""action_input"": {""finish_after_tool"": false, ""label"": ""焦糖十字分流块""}, ""clarification_question"": """", ""decision_type"": ""tool"", ""end_reason"": """", ""final_answer"": """", ""thought"": ""先执行用户指定的检测器以取得当前结构化状态。""}, {""_planner_metrics"": {""api_call_ms"": 9075.758, ""first_api_call_ms"": 9075.758, ""first_finish_reason"": ""stop"", ""first_input_tokens"": 4327, ""first_output_tokens"": 74, ""first_total_tokens"": 4401, ""input_tokens"": 4327, ""output_tokens"": 74, ""parse_ms"": 0.121, ""planner_total_ms"": 9089.563, ""prompt_build_ms"": 0.44, ""retry_count"": 0, ""retry_reason"": """", ""total_tokens"": 4401}, ""action"": ""migration_advisor"", ""action_input"": {""finish_after_tool"": true, ""use_image"": true, ""use_visual_probe"": true, ""user_query"": ""类器官灌流培养台稳定状态会签3047号""}, ""clarification_question"": """", ""decision_type"": ""tool"", ""end_reason"": """", ""final_answer"": """", ""thought"": ""最新状态未满足结束或迁移条件，需要继续按规则推进。""}, {""_planner_metrics"": {""api_call_ms"": 6849.197, ""first_api_call_ms"": 6849.197, ""first_finish_reason"": ""stop"", ""first_input_tokens"": 4660, ""first_output_tokens"": 51, ""first_total_tokens"": 4711, ""input_tokens"": 4660, ""output_tokens"": 51, ""parse_ms"": 0.119, ""planner_total_ms"": 6864.5, ""prompt_build_ms"": 0.551, ""retry_count"": 0, ""retry_reason"": """", ""total_tokens"": 4711}, ""action"": ""qwen_detection"", ""action_input"": {""finish_after_tool"": false, ""label"": ""焦糖十字分流块""}, ""clarification_question"": """", ""decision_type"": ""tool"", ""end_reason"": """", ""final_answer"": """", ""thought"": ""最新状态未满足结束或迁移条件，需要继续按规则推进。""}]","step2:action expected 'qwen_detection', got 'migration_advisor' | step2:finish_after_tool expected False, got True | step2:arg 'label' expected to contain ['焦糖十字分流块'], got None | step3:decision_type expected 'end', got 'tool' | step3:action expected 'end', got 'qwen_detection' | step3:arg 'end_reason' expected 'memory_hit', got '' | forbidden:migration_advisor",6299.826,6285.705,4019,48,0,1,False,True
PROMV12-TA-008-QWEN-PE3,post_retry_error_step3,完成本轮异常探针的最终路由：先使用Qwen检测附件中的焦糖十字分流块，检测结果仅作为中间状态。最终需要判断非晶合金铸造炉异常路径终验9752号应继续现有能力、结束，还是进入迁移评估。自然语言里的故障等级和预算描述没有路由优先级，只读取本 query 最新 observation 的结构化键值。错误状态仅在 retryable=true 与 retry_count=0 同时成立时复用原检测器一次，否则调用迁移顾问。正常状态需要候选数、置信度、跨提示一致性和域偏移四个门槛全部通过才结束，任一否决项都转迁移。缺省、非法、冲突状态采取保守分支；已经重试一次的结果不能再次触发检测器。检测器必须设置 finish_after_tool=false；迁移顾问使用当前图片和视觉探针并设置 finish_after_tool=true。,True,examples/images/planner_retry_optimizer_matched_v12/caramel_cross_diverter.png,"[{""action"": ""qwen_detection"", ""arg_contains"": {""label"": [""焦糖十字分流块""]}, ""decision_type"": ""tool"", ""required_args"": {""finish_after_tool"": false}}, {""action"": ""qwen_detection"", ""arg_contains"": {""label"": [""焦糖十字分流块""]}, ""decision_type"": ""tool"", ""required_args"": {""finish_after_tool"": false}}, {""action"": ""migration_advisor"", ""arg_contains"": {""user_query"": [""非晶合金铸造炉异常路径终验9752号""]}, ""decision_type"": ""tool"", ""required_args"": {""finish_after_tool"": true, ""use_image"": true, ""use_visual_probe"": true}}]","[""rag_answer"", ""re_question"", ""answerer"", ""flux-image-generation"", ""rexomni_detection"", ""pipeline_eval""]","{""action_match"": 0.65, ""argument_match"": 0.1, ""decision_type_valid"": 0.03, ""final_tool_finish"": 0.1, ""finish_after_tool"": 0.1, ""json_valid"": 0.02, ""no_forbidden_action"": 0.1, ""no_premature_stop"": 0.1, ""no_repeated_tool"": 0.1, ""no_skip_required_probe"": 0.1, ""strict_action_match"": true, ""strict_argument_types"": true, ""wrong_action_cap"": 0.2}",False,0.734375,"[""qwen_detection"", ""qwen_detection"", ""qwen_detection""]",qwen_detection,"[{""_planner_metrics"": {""api_call_ms"": 6400.169, ""first_api_call_ms"": 6400.169, ""first_finish_reason"": ""stop"", ""first_input_tokens"": 4011, ""first_output_tokens"": 48, ""first_total_tokens"": 4059, ""input_tokens"": 4011, ""output_tokens"": 48, ""parse_ms"": 0.154, ""planner_total_ms"": 6414.721, ""prompt_build_ms"": 0.471, ""retry_count"": 0, ""retry_reason"": """", ""total_tokens"": 4059}, ""action"": ""qwen_detection"", ""action_input"": {""finish_after_tool"": false, ""label"": ""焦糖十字分流块""}, ""clarification_question"": """", ""decision_type"": ""tool"", ""end_reason"": """", ""final_answer"": """", ""thought"": ""先执行用户指定的检测器以取得当前结构化状态。""}, {""_planner_metrics"": {""api_call_ms"": 6678.746, ""first_api_call_ms"": 6678.746, ""first_finish_reason"": ""stop"", ""first_input_tokens"": 4319, ""first_output_tokens"": 50, ""first_total_tokens"": 4369, ""input_tokens"": 4319, ""output_tokens"": 50, ""parse_ms"": 0.112, ""planner_total_ms"": 6695.271, ""prompt_build_ms"": 0.533, ""retry_count"": 0, ""retry_reason"": """", ""total_tokens"": 4369}, ""action"": ""qwen_detection"", ""action_input"": {""finish_after_tool"": false, ""label"": ""焦糖十字分流块""}, ""clarification_question"": """", ""decision_type"": ""tool"", ""end_reason"": """", ""final_answer"": """", ""thought"": ""最新状态满足错误状态重试条件，需要复用原检测器。""}, {""_planner_metrics"": {""api_call_ms"": 6764.85, ""first_api_call_ms"": 6764.85, ""first_finish_reason"": ""stop"", ""first_input_tokens"": 4626, ""first_output_tokens"": 50, ""first_total_tokens"": 4676, ""input_tokens"": 4626, ""output_tokens"": 50, ""parse_ms"": 0.129, ""planner_total_ms"": 6780.259, ""prompt_build_ms"": 0.504, ""retry_count"": 0, ""retry_reason"": """", ""total_tokens"": 4676}, ""action"": ""qwen_detection"", ""action_input"": {""finish_after_tool"": false, ""label"": ""焦糖十字分流块""}, ""clarification_question"": """", ""decision_type"": ""tool"", ""end_reason"": """", ""final_answer"": """", ""thought"": ""最新状态满足错误状态重试条件，需要复用原检测器。""}]","step3:action expected 'migration_advisor', got 'qwen_detection' | step3:finish_after_tool expected True, got False | step3:arg 'use_image' expected True, got None | step3:arg 'use_visual_probe' expected True, got None | step3:arg 'user_query' expected to contain ['非晶合金铸造炉异常路径终验9752号'], got None",6414.721,6400.169,4011,48,0,1,False,True
PROMV12-TA-003-QWEN-PS3,post_retry_success_step3,旧故障结论不得覆盖最后一条结构化回执：先使用Qwen检测附件中的冰青三辐锁紧轮，检测结果仅作为中间状态。最终需要判断深水码头输油站重试边界复审2398号应继续现有能力、结束，还是进入迁移评估。自然语言里的故障等级和预算描述没有路由优先级，只读取本 query 最新 observation 的结构化键值。错误状态仅在 retryable=true 与 retry_count=0 同时成立时复用原检测器一次，否则调用迁移顾问。正常状态需要候选数、置信度、跨提示一致性和域偏移四个门槛全部通过才结束，任一否决项都转迁移。缺省、非法、冲突状态采取保守分支；已经重试一次的结果不能再次触发检测器。检测器必须设置 finish_after_tool=false；迁移顾问使用当前图片和视觉探针并设置 finish_after_tool=true。,True,examples/images/planner_retry_optimizer_matched_v12/icecyan_three_spoke_lockwheel.png,"[{""action"": ""qwen_detection"", ""arg_contains"": {""label"": [""冰青三辐锁紧轮""]}, ""decision_type"": ""tool"", ""required_args"": {""finish_after_tool"": false}}, {""action"": ""qwen_detection"", ""arg_contains"": {""label"": [""冰青三辐锁紧轮""]}, ""decision_type"": ""tool"", ""required_args"": {""finish_after_tool"": false}}, {""arg_contains"": {}, ""decision_type"": ""end"", ""required_args"": {""end_reason"": ""memory_hit""}}]","[""rag_answer"", ""re_question"", ""answerer"", ""flux-image-generation"", ""rexomni_detection"", ""pipeline_eval"", ""migration_advisor""]","{""action_match"": 0.65, ""argument_match"": 0.1, ""decision_type_valid"": 0.03, ""final_tool_finish"": 0.1, ""finish_after_tool"": 0.1, ""json_valid"": 0.02, ""no_forbidden_action"": 0.1, ""no_premature_stop"": 0.1, ""no_repeated_tool"": 0.1, ""no_skip_required_probe"": 0.1, ""strict_action_match"": true, ""strict_argument_types"": true, ""wrong_action_cap"": 0.2}",False,0.671875,"[""qwen_detection"", ""migration_advisor"", ""final_answer""]",qwen_detection,"[{""_planner_metrics"": {""api_call_ms"": 6604.678, ""first_api_call_ms"": 6604.678, ""first_finish_reason"": ""stop"", ""first_input_tokens"": 4022, ""first_output_tokens"": 51, ""first_total_tokens"": 4073, ""input_tokens"": 4022, ""output_tokens"": 51, ""parse_ms"": 0.149, ""planner_total_ms"": 6618.706, ""prompt_build_ms"": 0.444, ""retry_count"": 0, ""retry_reason"": """", ""total_tokens"": 4073}, ""action"": ""qwen_detection"", ""action_input"": {""finish_after_tool"": false, ""label"": ""冰青三辐锁紧轮""}, ""clarification_question"": """", ""decision_type"": ""tool"", ""end_reason"": """", ""final_answer"": """", ""thought"": ""先执行用户指定的检测器以取得当前结构化状态。""}, {""_planner_metrics"": {""api_call_ms"": 8910.19, ""first_api_call_ms"": 8910.19, ""first_finish_reason"": ""stop"", ""first_input_tokens"": 4326, ""first_output_tokens"": 72, ""first_total_tokens"": 4398, ""input_tokens"": 4326, ""output_tokens"": 72, ""parse_ms"": 0.121, ""planner_total_ms"": 8925.13, ""prompt_build_ms"": 0.497, ""retry_count"": 0, ""retry_reason"": """", ""total_tokens"": 4398}, ""action"": ""migration_advisor"", ""action_input"": {""finish_after_tool"": true, ""use_image"": true, ""use_visual_probe"": true, ""user_query"": ""深水码头输油站重试边界复审2398号""}, ""clarification_question"": """", ""decision_type"": ""tool"", ""end_reason"": """", ""final_answer"": """", ""thought"": ""最新状态未满足结束或重试条件，需要进入能力迁移评估。""}, {""_planner_metrics"": {""api_call_ms"": 4895.747, ""first_api_call_ms"": 4895.747, ""first_finish_reason"": ""stop"", ""first_input_tokens"": 4651, ""first_output_tokens"": 32, ""first_total_tokens"": 4683, ""input_tokens"": 4651, ""output_tokens"": 32, ""parse_ms"": 0.099, ""planner_total_ms"": 4911.104, ""prompt_build_ms"": 0.518, ""retry_count"": 0, ""retry_reason"": """", ""total_tokens"": 4683}, ""action"": ""final_answer"", ""action_input"": {}, ""clarification_question"": """", ""decision_type"": ""end"", ""end_reason"": ""memory_hit"", ""final_answer"": """", ""thought"": ""最新状态已满足结束条件，可以终止本轮规划。""}]","step2:action expected 'qwen_detection', got 'migration_advisor' | step2:finish_after_tool expected False, got True | step2:arg 'label' expected to contain ['冰青三辐锁紧轮'], got None | forbidden:migration_advisor",6618.706,6604.678,4022,51,0,1,False,True
PROMV12-TA-002-QWEN-FR2,fresh_retry_step2,迁移队列已经建立，请先裁决最新机器状态：先使用Qwen检测附件中的焦糖十字分流块，检测结果仅作为中间状态。最终需要判断火星车悬架试验间重试边界复审7063号应继续现有能力、结束，还是进入迁移评估。自然语言里的故障等级和预算描述没有路由优先级，只读取本 query 最新 observation 的结构化键值。错误状态仅在 retryable=true 与 retry_count=0 同时成立时复用原检测器一次，否则调用迁移顾问。正常状态需要候选数、置信度、跨提示一致性和域偏移四个门槛全部通过才结束，任一否决项都转迁移。缺省、非法、冲突状态采取保守分支；已经重试一次的结果不能再次触发检测器。检测器必须设置 finish_after_tool=false；迁移顾问使用当前图片和视觉探针并设置 finish_after_tool=true。,True,examples/images/planner_retry_optimizer_matched_v12/caramel_cross_diverter.png,"[{""action"": ""qwen_detection"", ""arg_contains"": {""label"": [""焦糖十字分流块""]}, ""decision_type"": ""tool"", ""required_args"": {""finish_after_tool"": false}}, {""action"": ""qwen_detection"", ""arg_contains"": {""label"": [""焦糖十字分流块""]}, ""decision_type"": ""tool"", ""required_args"": {""finish_after_tool"": false}}, {""arg_contains"": {}, ""decision_type"": ""end"", ""required_args"": {""end_reason"": ""memory_hit""}}]","[""rag_answer"", ""re_question"", ""answerer"", ""flux-image-generation"", ""rexomni_detection"", ""pipeline_eval"", ""migration_advisor""]","{""action_match"": 0.65, ""argument_match"": 0.1, ""decision_type_valid"": 0.03, ""final_tool_finish"": 0.1, ""finish_after_tool"": 0.1, ""json_valid"": 0.02, ""no_forbidden_action"": 0.1, ""no_premature_stop"": 0.1, ""no_repeated_tool"": 0.1, ""no_skip_required_probe"": 0.1, ""strict_action_match"": true, ""strict_argument_types"": true, ""wrong_action_cap"": 0.2}",False,0.725,"[""qwen_detection"", ""qwen_detection"", ""migration_advisor""]",qwen_detection,"[{""_planner_metrics"": {""api_call_ms"": 6250.873, ""first_api_call_ms"": 6250.873, ""first_finish_reason"": ""stop"", ""first_input_tokens"": 4017, ""first_output_tokens"": 48, ""first_total_tokens"": 4065, ""input_tokens"": 4017, ""output_tokens"": 48, ""parse_ms"": 0.131, ""planner_total_ms"": 6264.051, ""prompt_build_ms"": 0.458, ""retry_count"": 0, ""retry_reason"": """", ""total_tokens"": 4065}, ""action"": ""qwen_detection"", ""action_input"": {""finish_after_tool"": false, ""label"": ""焦糖十字分流块""}, ""clarification_question"": """", ""decision_type"": ""tool"", ""end_reason"": """", ""final_answer"": """", ""thought"": ""先执行用户指定的检测器以取得当前结构化状态。""}, {""_planner_metrics"": {""api_call_ms"": 6741.301, ""first_api_call_ms"": 6741.301, ""first_finish_reason"": ""stop"", ""first_input_tokens"": 4323, ""first_output_tokens"": 51, ""first_total_tokens"": 4374, ""input_tokens"": 4323, ""output_tokens"": 51, ""parse_ms"": 0.112, ""planner_total_ms"": 6755.691, ""prompt_build_ms"": 0.479, ""retry_count"": 0, ""retry_reason"": """", ""total_tokens"": 4374}, ""action"": ""qwen_detection"", ""action_input"": {""finish_after_tool"": false, ""label"": ""焦糖十字分流块""}, ""clarification_question"": """", ""decision_type"": ""tool"", ""end_reason"": """", ""final_answer"": """", ""thought"": ""最新状态满足错误状态重试条件，需要再次调用同一检测器。""}, {""_planner_metrics"": {""api_call_ms"": 8995.205, ""first_api_call_ms"": 8995.205, ""first_finish_reason"": ""stop"", ""first_input_tokens"": 4628, ""first_output_tokens"": 72, ""first_total_tokens"": 4700, ""input_tokens"": 4628, ""output_tokens"": 72, ""parse_ms"": 0.134, ""planner_total_ms"": 9010.875, ""prompt_build_ms"": 0.502, ""retry_count"": 0, ""retry_reason"": """", ""total_tokens"": 4700}, ""action"": ""migration_advisor"", ""action_input"": {""finish_after_tool"": true, ""use_image"": true, ""use_visual_probe"": true, ""user_query"": ""火星车悬架试验间重试边界复审7063号""}, ""clarification_question"": """", ""decision_type"": ""tool"", ""end_reason"": """", ""final_answer"": """", ""thought"": ""最新状态未满足结束或重试条件，需要进入能力迁移评估。""}]","step3:decision_type expected 'end', got 'tool' | step3:action expected 'end', got 'migration_advisor' | step3:arg 'end_reason' expected 'memory_hit', got '' | forbidden:migration_advisor",6264.051,6250.873,4017,48,0,1,False,True
PROMV12-TA-007-REX-PE3,post_retry_error_step3,旧故障结论不得覆盖最后一条结构化回执：先使用Rex-Omni检测附件中的焦糖十字分流块，检测结果仅作为中间状态。最终需要判断类器官灌流培养台稳定状态会签3047号应继续现有能力、结束，还是进入迁移评估。自然语言里的故障等级和预算描述没有路由优先级，只读取本 query 最新 observation 的结构化键值。错误状态仅在 retryable=true 与 retry_count=0 同时成立时复用原检测器一次，否则调用迁移顾问。正常状态需要候选数、置信度、跨提示一致性和域偏移四个门槛全部通过才结束，任一否决项都转迁移。缺省、非法、冲突状态采取保守分支；已经重试一次的结果不能再次触发检测器。检测器必须设置 finish_after_tool=false；迁移顾问使用当前图片和视觉探针并设置 finish_after_tool=true。,True,examples/images/planner_retry_optimizer_matched_v12/caramel_cross_diverter.png,"[{""action"": ""rexomni_detection"", ""arg_contains"": {""label"": [""焦糖十字分流块""]}, ""decision_type"": ""tool"", ""required_args"": {""finish_after_tool"": false}}, {""action"": ""rexomni_detection"", ""arg_contains"": {""label"": [""焦糖十字分流块""]}, ""decision_type"": ""tool"", ""required_args"": {""finish_after_tool"": false}}, {""action"": ""migration_advisor"", ""arg_contains"": {""user_query"": [""类器官灌流培养台稳定状态会签3047号""]}, ""decision_type"": ""tool"", ""required_args"": {""finish_after_tool"": true, ""use_image"": true, ""use_visual_probe"": true}}]","[""rag_answer"", ""re_question"", ""answerer"", ""flux-image-generation"", ""qwen_detection"", ""pipeline_eval""]","{""action_match"": 0.65, ""argument_match"": 0.1, ""decision_type_valid"": 0.03, ""final_tool_finish"": 0.1, ""finish_after_tool"": 0.1, ""json_valid"": 0.02, ""no_forbidden_action"": 0.1, ""no_premature_stop"": 0.1, ""no_repeated_tool"": 0.1, ""no_skip_required_probe"": 0.1, ""strict_action_match"": true, ""strict_argument_types"": true, ""wrong_action_cap"": 0.2}",False,0.703125,"[""rexomni_detection"", ""migration_advisor"", ""migration_advisor""]",rexomni_detection,"[{""_planner_metrics"": {""api_call_ms"": 6383.571, ""first_api_call_ms"": 6383.571, ""first_finish_reason"": ""stop"", ""first_input_tokens"": 4025, ""first_output_tokens"": 49, ""first_total_tokens"": 4074, ""input_tokens"": 4025, ""output_tokens"": 49, ""parse_ms"": 0.149, ""planner_total_ms"": 6398.849, ""prompt_build_ms"": 0.489, ""retry_count"": 0, ""retry_reason"": """", ""total_tokens"": 4074}, ""action"": ""rexomni_detection"", ""action_input"": {""finish_after_tool"": false, ""label"": ""焦糖十字分流块""}, ""clarification_question"": """", ""decision_type"": ""tool"", ""end_reason"": """", ""final_answer"": """", ""thought"": ""先执行用户指定的检测器以取得当前结构化状态。""}, {""_planner_metrics"": {""api_call_ms"": 9124.963, ""first_api_call_ms"": 9124.963, ""first_finish_reason"": ""stop"", ""first_input_tokens"": 4332, ""first_output_tokens"": 74, ""first_total_tokens"": 4406, ""input_tokens"": 4332, ""output_tokens"": 74, ""parse_ms"": 0.124, ""planner_total_ms"": 9140.002, ""prompt_build_ms"": 0.405, ""retry_count"": 0, ""retry_reason"": """", ""total_tokens"": 4406}, ""action"": ""migration_advisor"", ""action_input"": {""finish_after_tool"": true, ""use_image"": true, ""use_visual_probe"": true, ""user_query"": ""类器官灌流培养台稳定状态会签3047号""}, ""clarification_question"": """", ""decision_type"": ""tool"", ""end_reason"": """", ""final_answer"": """", ""thought"": ""最新状态未满足结束或重试条件，需要进入能力迁移评估。""}, {""_planner_metrics"": {""api_call_ms"": 9281.016, ""first_api_call_ms"": 9281.016, ""first_finish_reason"": ""stop"", ""first_input_tokens"": 4667, ""first_output_tokens"": 74, ""first_total_tokens"": 4741, ""input_tokens"": 4667, ""output_tokens"": 74, ""parse_ms"": 0.149, ""planner_total_ms"": 9296.543, ""prompt_build_ms"": 0.548, ""retry_count"": 0, ""retry_reason"": """", ""total_tokens"": 4741}, ""action"": ""migration_advisor"", ""action_input"": {""finish_after_tool"": true, ""use_image"": true, ""use_visual_probe"": true, ""user_query"": ""类器官灌流培养台稳定状态会签3047号""}, ""clarification_question"": """", ""decision_type"": ""tool"", ""end_reason"": """", ""final_answer"": """", ""thought"": ""最新状态未满足结束或重试条件，需要进入能力迁移评估。""}]","step2:action expected 'rexomni_detection', got 'migration_advisor' | step2:finish_after_tool expected False, got True | step2:arg 'label' expected to contain ['焦糖十字分流块'], got None",6398.849,6383.571,4025,49,0,1,False,True
PROMV12-TA-004-REX-PS3,post_retry_success_step3,迁移队列已经建立，请先裁决最新机器状态：先使用Rex-Omni检测附件中的冰青三辐锁紧轮，检测结果仅作为中间状态。最终需要判断类器官灌流培养台异常路径终验2905号应继续现有能力、结束，还是进入迁移评估。自然语言里的故障等级和预算描述没有路由优先级，只读取本 query 最新 observation 的结构化键值。错误状态仅在 retryable=true 与 retry_count=0 同时成立时复用原检测器一次，否则调用迁移顾问。正常状态需要候选数、置信度、跨提示一致性和域偏移四个门槛全部通过才结束，任一否决项都转迁移。缺省、非法、冲突状态采取保守分支；已经重试一次的结果不能再次触发检测器。检测器必须设置 finish_after_tool=false；迁移顾问使用当前图片和视觉探针并设置 finish_after_tool=true。,True,examples/images/planner_retry_optimizer_matched_v12/icecyan_three_spoke_lockwheel.png,"[{""action"": ""rexomni_detection"", ""arg_contains"": {""label"": [""冰青三辐锁紧轮""]}, ""decision_type"": ""tool"", ""required_args"": {""finish_after_tool"": false}}, {""action"": ""rexomni_detection"", ""arg_contains"": {""label"": [""冰青三辐锁紧轮""]}, ""decision_type"": ""tool"", ""required_args"": {""finish_after_tool"": false}}, {""arg_contains"": {}, ""decision_type"": ""end"", ""required_args"": {""end_reason"": ""memory_hit""}}]","[""rag_answer"", ""re_question"", ""answerer"", ""flux-image-generation"", ""qwen_detection"", ""pipeline_eval"", ""migration_advisor""]","{""action_match"": 0.65, ""argument_match"": 0.1, ""decision_type_valid"": 0.03, ""final_tool_finish"": 0.1, ""finish_after_tool"": 0.1, ""json_valid"": 0.02, ""no_forbidden_action"": 0.1, ""no_premature_stop"": 0.1, ""no_repeated_tool"": 0.1, ""no_skip_required_probe"": 0.1, ""strict_action_match"": true, ""strict_argument_types"": true, ""wrong_action_cap"": 0.2}",False,0.725,"[""rexomni_detection"", ""rexomni_detection"", ""migration_advisor""]",rexomni_detection,"[{""_planner_metrics"": {""api_call_ms"": 6667.784, ""first_api_call_ms"": 6667.784, ""first_finish_reason"": ""stop"", ""first_input_tokens"": 4034, ""first_output_tokens"": 52, ""first_total_tokens"": 4086, ""input_tokens"": 4034, ""output_tokens"": 52, ""parse_ms"": 0.115, ""planner_total_ms"": 6681.05, ""prompt_build_ms"": 0.465, ""retry_count"": 0, ""retry_reason"": """", ""total_tokens"": 4086}, ""action"": ""rexomni_detection"", ""action_input"": {""finish_after_tool"": false, ""label"": ""冰青三辐锁紧轮""}, ""clarification_question"": """", ""decision_type"": ""tool"", ""end_reason"": """", ""final_answer"": """", ""thought"": ""先执行用户指定的检测器以取得当前结构化状态。""}, {""_planner_metrics"": {""api_call_ms"": 6893.279, ""first_api_call_ms"": 6893.279, ""first_finish_reason"": ""stop"", ""first_input_tokens"": 4350, ""first_output_tokens"": 53, ""first_total_tokens"": 4403, ""input_tokens"": 4350, ""output_tokens"": 53, ""parse_ms"": 0.12, ""planner_total_ms"": 6908.214, ""prompt_build_ms"": 0.489, ""retry_count"": 0, ""retry_reason"": """", ""total_tokens"": 4403}, ""action"": ""rexomni_detection"", ""action_input"": {""finish_after_tool"": false, ""label"": ""冰青三辐锁紧轮""}, ""clarification_question"": """", ""decision_type"": ""tool"", ""end_reason"": """", ""final_answer"": """", ""thought"": ""最新状态满足错误状态条件，需要复用同一检测器。""}, {""_planner_metrics"": {""api_call_ms"": 9287.185, ""first_api_call_ms"": 9287.185, ""first_finish_reason"": ""stop"", ""first_input_tokens"": 4659, ""first_output_tokens"": 74, ""first_total_tokens"": 4733, ""input_tokens"": 4659, ""output_tokens"": 74, ""parse_ms"": 0.221, ""planner_total_ms"": 9302.255, ""prompt_build_ms"": 0.487, ""retry_count"": 0, ""retry_reason"": """", ""total_tokens"": 4733}, ""action"": ""migration_advisor"", ""action_input"": {""finish_after_tool"": true, ""use_image"": true, ""use_visual_probe"": true, ""user_query"": ""类器官灌流培养台异常路径终验2905号""}, ""clarification_question"": """", ""decision_type"": ""tool"", ""end_reason"": """", ""final_answer"": """", ""thought"": ""最新状态未满足结束或迁移条件，需要进入保守分支处理。""}]","step3:decision_type expected 'end', got 'tool' | step3:action expected 'end', got 'migration_advisor' | step3:arg 'end_reason' expected 'memory_hit', got '' | forbidden:migration_advisor",6681.05,6667.784,4034,52,0,1,False,True
PROMV12-TA-011-REX-FR2,fresh_retry_step2,迁移队列已经建立，请先裁决最新机器状态：先使用Rex-Omni检测附件中的焦糖十字分流块，检测结果仅作为中间状态。最终需要判断非晶合金铸造炉稳定状态会签6874号应继续现有能力、结束，还是进入迁移评估。自然语言里的故障等级和预算描述没有路由优先级，只读取本 query 最新 observation 的结构化键值。错误状态仅在 retryable=true 与 retry_count=0 同时成立时复用原检测器一次，否则调用迁移顾问。正常状态需要候选数、置信度、跨提示一致性和域偏移四个门槛全部通过才结束，任一否决项都转迁移。缺省、非法、冲突状态采取保守分支；已经重试一次的结果不能再次触发检测器。检测器必须设置 finish_after_tool=false；迁移顾问使用当前图片和视觉探针并设置 finish_after_tool=true。,True,examples/images/planner_retry_optimizer_matched_v12/caramel_cross_diverter.png,"[{""action"": ""rexomni_detection"", ""arg_contains"": {""label"": [""焦糖十字分流块""]}, ""decision_type"": ""tool"", ""required_args"": {""finish_after_tool"": false}}, {""action"": ""rexomni_detection"", ""arg_contains"": {""label"": [""焦糖十字分流块""]}, ""decision_type"": ""tool"", ""required_args"": {""finish_after_tool"": false}}, {""arg_contains"": {}, ""decision_type"": ""end"", ""required_args"": {""end_reason"": ""memory_hit""}}]","[""rag_answer"", ""re_question"", ""answerer"", ""flux-image-generation"", ""qwen_detection"", ""pipeline_eval"", ""migration_advisor""]","{""action_match"": 0.65, ""argument_match"": 0.1, ""decision_type_valid"": 0.03, ""final_tool_finish"": 0.1, ""finish_after_tool"": 0.1, ""json_valid"": 0.02, ""no_forbidden_action"": 0.1, ""no_premature_stop"": 0.1, ""no_repeated_tool"": 0.1, ""no_skip_required_probe"": 0.1, ""strict_action_match"": true, ""strict_argument_types"": true, ""wrong_action_cap"": 0.2}",False,0.725,"[""rexomni_detection"", ""rexomni_detection"", ""migration_advisor""]",rexomni_detection,"[{""_planner_metrics"": {""api_call_ms"": 6358.453, ""first_api_call_ms"": 6358.453, ""first_finish_reason"": ""stop"", ""first_input_tokens"": 4025, ""first_output_tokens"": 49, ""first_total_tokens"": 4074, ""input_tokens"": 4025, ""output_tokens"": 49, ""parse_ms"": 0.13, ""planner_total_ms"": 6372.585, ""prompt_build_ms"": 0.419, ""retry_count"": 0, ""retry_reason"": """", ""total_tokens"": 4074}, ""action"": ""rexomni_detection"", ""action_input"": {""finish_after_tool"": false, ""label"": ""焦糖十字分流块""}, ""clarification_question"": """", ""decision_type"": ""tool"", ""end_reason"": """", ""final_answer"": """", ""thought"": ""先执行用户指定的检测器以取得当前结构化状态。""}, {""_planner_metrics"": {""api_call_ms"": 6827.663, ""first_api_call_ms"": 6827.663, ""first_finish_reason"": ""stop"", ""first_input_tokens"": 4327, ""first_output_tokens"": 52, ""first_total_tokens"": 4379, ""input_tokens"": 4327, ""output_tokens"": 52, ""parse_ms"": 0.116, ""planner_total_ms"": 6844.075, ""prompt_build_ms"": 0.47, ""retry_count"": 0, ""retry_reason"": """", ""total_tokens"": 4379}, ""action"": ""rexomni_detection"", ""action_input"": {""finish_after_tool"": false, ""label"": ""焦糖十字分流块""}, ""clarification_question"": """", ""decision_type"": ""tool"", ""end_reason"": """", ""final_answer"": """", ""thought"": ""最新状态满足错误状态重试条件，需要再次使用同一检测器。""}, {""_planner_metrics"": {""api_call_ms"": 9159.167, ""first_api_call_ms"": 9159.167, ""first_finish_reason"": ""stop"", ""first_input_tokens"": 4625, ""first_output_tokens"": 73, ""first_total_tokens"": 4698, ""input_tokens"": 4625, ""output_tokens"": 73, ""parse_ms"": 0.147, ""planner_total_ms"": 9174.482, ""prompt_build_ms"": 0.492, ""retry_count"": 0, ""retry_reason"": """", ""total_tokens"": 4698}, ""action"": ""migration_advisor"", ""action_input"": {""finish_after_tool"": true, ""use_image"": true, ""use_visual_probe"": true, ""user_query"": ""非晶合金铸造炉稳定状态会签6874号""}, ""clarification_question"": """", ""decision_type"": ""tool"", ""end_reason"": """", ""final_answer"": """", ""thought"": ""最新状态未满足结束或迁移条件，需要继续按规则处理。""}]","step3:decision_type expected 'end', got 'tool' | step3:action expected 'end', got 'migration_advisor' | step3:arg 'end_reason' expected 'memory_hit', got '' | forbidden:migration_advisor",6372.585,6358.453,4025,49,0,1,False,True
PROMV12-TA-005-REX-CS2,current_success_step2,设备失联只是背景，仍须核对当前显式额度：先使用Rex-Omni检测附件中的冰青三辐锁紧轮，检测结果仅作为中间状态。最终需要判断类器官灌流培养台重试边界复审5611号应继续现有能力、结束，还是进入迁移评估。自然语言里的故障等级和预算描述没有路由优先级，只读取本 query 最新 observation 的结构化键值。错误状态仅在 retryable=true 与 retry_count=0 同时成立时复用原检测器一次，否则调用迁移顾问。正常状态需要候选数、置信度、跨提示一致性和域偏移四个门槛全部通过才结束，任一否决项都转迁移。缺省、非法、冲突状态采取保守分支；已经重试一次的结果不能再次触发检测器。检测器必须设置 finish_after_tool=false；迁移顾问使用当前图片和视觉探针并设置 finish_after_tool=true。,True,examples/images/planner_retry_optimizer_matched_v12/icecyan_three_spoke_lockwheel.png,"[{""action"": ""rexomni_detection"", ""arg_contains"": {""label"": [""冰青三辐锁紧轮""]}, ""decision_type"": ""tool"", ""required_args"": {""finish_after_tool"": false}}, {""arg_contains"": {}, ""decision_type"": ""end"", ""required_args"": {""end_reason"": ""memory_hit""}}]","[""rag_answer"", ""re_question"", ""answerer"", ""flux-image-generation"", ""qwen_detection"", ""pipeline_eval"", ""migration_advisor""]","{""action_match"": 0.65, ""argument_match"": 0.1, ""decision_type_valid"": 0.03, ""final_tool_finish"": 0.1, ""finish_after_tool"": 0.1, ""json_valid"": 0.02, ""no_forbidden_action"": 0.1, ""no_premature_stop"": 0.1, ""no_repeated_tool"": 0.1, ""no_skip_required_probe"": 0.1, ""strict_action_match"": true, ""strict_argument_types"": true, ""wrong_action_cap"": 0.2}",False,0.617391,"[""rexomni_detection"", ""migration_advisor""]",rexomni_detection,"[{""_planner_metrics"": {""api_call_ms"": 6689.008, ""first_api_call_ms"": 6689.008, ""first_finish_reason"": ""stop"", ""first_input_tokens"": 4033, ""first_output_tokens"": 52, ""first_total_tokens"": 4085, ""input_tokens"": 4033, ""output_tokens"": 52, ""parse_ms"": 0.11, ""planner_total_ms"": 6703.439, ""prompt_build_ms"": 0.435, ""retry_count"": 0, ""retry_reason"": """", ""total_tokens"": 4085}, ""action"": ""rexomni_detection"", ""action_input"": {""finish_after_tool"": false, ""label"": ""冰青三辐锁紧轮""}, ""clarification_question"": """", ""decision_type"": ""tool"", ""end_reason"": """", ""final_answer"": """", ""thought"": ""先执行用户指定的检测器以取得当前结构化状态。""}, {""_planner_metrics"": {""api_call_ms"": 9095.772, ""first_api_call_ms"": 9095.772, ""first_finish_reason"": ""stop"", ""first_input_tokens"": 4344, ""first_output_tokens"": 74, ""first_total_tokens"": 4418, ""input_tokens"": 4344, ""output_tokens"": 74, ""parse_ms"": 0.123, ""planner_total_ms"": 9110.326, ""prompt_build_ms"": 0.471, ""retry_count"": 0, ""retry_reason"": """", ""total_tokens"": 4418}, ""action"": ""migration_advisor"", ""action_input"": {""finish_after_tool"": true, ""use_image"": true, ""use_visual_probe"": true, ""user_query"": ""类器官灌流培养台重试边界复审5611号""}, ""clarification_question"": """", ""decision_type"": ""tool"", ""end_reason"": """", ""final_answer"": """", ""thought"": ""最新结构化状态未满足结束或重试条件，需要进入能力迁移评估。""}]","step2:decision_type expected 'end', got 'tool' | step2:action expected 'end', got 'migration_advisor' | step2:arg 'end_reason' expected 'memory_hit', got '' | forbidden:migration_advisor",6703.439,6689.008,4033,52,0,1,False,True
PROMV12-TA-012-REX-PE3,post_retry_error_step3,完成本轮异常探针的最终路由：先使用Rex-Omni检测附件中的冰青三辐锁紧轮，检测结果仅作为中间状态。最终需要判断深水码头输油站稳定状态会签5128号应继续现有能力、结束，还是进入迁移评估。自然语言里的故障等级和预算描述没有路由优先级，只读取本 query 最新 observation 的结构化键值。错误状态仅在 retryable=true 与 retry_count=0 同时成立时复用原检测器一次，否则调用迁移顾问。正常状态需要候选数、置信度、跨提示一致性和域偏移四个门槛全部通过才结束，任一否决项都转迁移。缺省、非法、冲突状态采取保守分支；已经重试一次的结果不能再次触发检测器。检测器必须设置 finish_after_tool=false；迁移顾问使用当前图片和视觉探针并设置 finish_after_tool=true。,True,examples/images/planner_retry_optimizer_matched_v12/icecyan_three_spoke_lockwheel.png,"[{""action"": ""rexomni_detection"", ""arg_contains"": {""label"": [""冰青三辐锁紧轮""]}, ""decision_type"": ""tool"", ""required_args"": {""finish_after_tool"": false}}, {""action"": ""rexomni_detection"", ""arg_contains"": {""label"": [""冰青三辐锁紧轮""]}, ""decision_type"": ""tool"", ""required_args"": {""finish_after_tool"": false}}, {""action"": ""migration_advisor"", ""arg_contains"": {""user_query"": [""深水码头输油站稳定状态会签5128号""]}, ""decision_type"": ""tool"", ""required_args"": {""finish_after_tool"": true, ""use_image"": true, ""use_visual_probe"": true}}]","[""rag_answer"", ""re_question"", ""answerer"", ""flux-image-generation"", ""qwen_detection"", ""pipeline_eval""]","{""action_match"": 0.65, ""argument_match"": 0.1, ""decision_type_valid"": 0.03, ""final_tool_finish"": 0.1, ""finish_after_tool"": 0.1, ""json_valid"": 0.02, ""no_forbidden_action"": 0.1, ""no_premature_stop"": 0.1, ""no_repeated_tool"": 0.1, ""no_skip_required_probe"": 0.1, ""strict_action_match"": true, ""strict_argument_types"": true, ""wrong_action_cap"": 0.2}",False,0.734375,"[""rexomni_detection"", ""rexomni_detection"", ""rexomni_detection""]",rexomni_detection,"[{""_planner_metrics"": {""api_call_ms"": 6622.914, ""first_api_call_ms"": 6622.914, ""first_finish_reason"": ""stop"", ""first_input_tokens"": 4024, ""first_output_tokens"": 52, ""first_total_tokens"": 4076, ""input_tokens"": 4024, ""output_tokens"": 52, ""parse_ms"": 0.113, ""planner_total_ms"": 6636.812, ""prompt_build_ms"": 0.45, ""retry_count"": 0, ""retry_reason"": """", ""total_tokens"": 4076}, ""action"": ""rexomni_detection"", ""action_input"": {""finish_after_tool"": false, ""label"": ""冰青三辐锁紧轮""}, ""clarification_question"": """", ""decision_type"": ""tool"", ""end_reason"": """", ""final_answer"": """", ""thought"": ""先执行用户指定的检测器以取得当前结构化状态。""}, {""_planner_metrics"": {""api_call_ms"": 7054.907, ""first_api_call_ms"": 7054.907, ""first_finish_reason"": ""stop"", ""first_input_tokens"": 4337, ""first_output_tokens"": 54, ""first_total_tokens"": 4391, ""input_tokens"": 4337, ""output_tokens"": 54, ""parse_ms"": 0.113, ""planner_total_ms"": 7069.422, ""prompt_build_ms"": 0.417, ""retry_count"": 0, ""retry_reason"": """", ""total_tokens"": 4391}, ""action"": ""rexomni_detection"", ""action_input"": {""finish_after_tool"": false, ""label"": ""冰青三辐锁紧轮""}, ""clarification_question"": """", ""decision_type"": ""tool"", ""end_reason"": """", ""final_answer"": """", ""thought"": ""最新状态满足错误重试条件，需要再次使用同一检测器。""}, {""_planner_metrics"": {""api_call_ms"": 7179.537, ""first_api_call_ms"": 7179.537, ""first_finish_reason"": ""stop"", ""first_input_tokens"": 4643, ""first_output_tokens"": 54, ""first_total_tokens"": 4697, ""input_tokens"": 4643, ""output_tokens"": 54, ""parse_ms"": 0.118, ""planner_total_ms"": 7194.312, ""prompt_build_ms"": 0.485, ""retry_count"": 0, ""retry_reason"": """", ""total_tokens"": 4697}, ""action"": ""rexomni_detection"", ""action_input"": {""finish_after_tool"": false, ""label"": ""冰青三辐锁紧轮""}, ""clarification_question"": """", ""decision_type"": ""tool"", ""end_reason"": """", ""final_answer"": """", ""thought"": ""最新状态满足错误重试条件，需要再次使用同一检测器。""}]","step3:action expected 'migration_advisor', got 'rexomni_detection' | step3:finish_after_tool expected True, got False | step3:arg 'use_image' expected True, got None | step3:arg 'use_visual_probe' expected True, got None | step3:arg 'user_query' expected to contain ['深水码头输油站稳定状态会签5128号'], got None",6636.812,6622.914,4024,52,0,1,False,True
PROMV12-TA-004-REX-PE3,post_retry_error_step3,迁移队列已经建立，请先裁决最新机器状态：先使用Rex-Omni检测附件中的冰青三辐锁紧轮，检测结果仅作为中间状态。最终需要判断类器官灌流培养台异常路径终验2905号应继续现有能力、结束，还是进入迁移评估。自然语言里的故障等级和预算描述没有路由优先级，只读取本 query 最新 observation 的结构化键值。错误状态仅在 retryable=true 与 retry_count=0 同时成立时复用原检测器一次，否则调用迁移顾问。正常状态需要候选数、置信度、跨提示一致性和域偏移四个门槛全部通过才结束，任一否决项都转迁移。缺省、非法、冲突状态采取保守分支；已经重试一次的结果不能再次触发检测器。检测器必须设置 finish_after_tool=false；迁移顾问使用当前图片和视觉探针并设置 finish_after_tool=true。,True,examples/images/planner_retry_optimizer_matched_v12/icecyan_three_spoke_lockwheel.png,"[{""action"": ""rexomni_detection"", ""arg_contains"": {""label"": [""冰青三辐锁紧轮""]}, ""decision_type"": ""tool"", ""required_args"": {""finish_after_tool"": false}}, {""action"": ""rexomni_detection"", ""arg_contains"": {""label"": [""冰青三辐锁紧轮""]}, ""decision_type"": ""tool"", ""required_args"": {""finish_after_tool"": false}}, {""action"": ""migration_advisor"", ""arg_contains"": {""user_query"": [""类器官灌流培养台异常路径终验2905号""]}, ""decision_type"": ""tool"", ""required_args"": {""finish_after_tool"": true, ""use_image"": true, ""use_visual_probe"": true}}]","[""rag_answer"", ""re_question"", ""answerer"", ""flux-image-generation"", ""qwen_detection"", ""pipeline_eval""]","{""action_match"": 0.65, ""argument_match"": 0.1, ""decision_type_valid"": 0.03, ""final_tool_finish"": 0.1, ""finish_after_tool"": 0.1, ""json_valid"": 0.02, ""no_forbidden_action"": 0.1, ""no_premature_stop"": 0.1, ""no_repeated_tool"": 0.1, ""no_skip_required_probe"": 0.1, ""strict_action_match"": true, ""strict_argument_types"": true, ""wrong_action_cap"": 0.2}",False,0.703125,"[""rexomni_detection"", ""migration_advisor"", ""migration_advisor""]",rexomni_detection,"[{""_planner_metrics"": {""api_call_ms"": 6656.729, ""first_api_call_ms"": 6656.729, ""first_finish_reason"": ""stop"", ""first_input_tokens"": 4034, ""first_output_tokens"": 52, ""first_total_tokens"": 4086, ""input_tokens"": 4034, ""output_tokens"": 52, ""parse_ms"": 0.122, ""planner_total_ms"": 6673.08, ""prompt_build_ms"": 0.463, ""retry_count"": 0, ""retry_reason"": """", ""total_tokens"": 4086}, ""action"": ""rexomni_detection"", ""action_input"": {""finish_after_tool"": false, ""label"": ""冰青三辐锁紧轮""}, ""clarification_question"": """", ""decision_type"": ""tool"", ""end_reason"": """", ""final_answer"": """", ""thought"": ""先执行用户指定的检测器以取得当前结构化状态。""}, {""_planner_metrics"": {""api_call_ms"": 9335.334, ""first_api_call_ms"": 9335.334, ""first_finish_reason"": ""stop"", ""first_input_tokens"": 4350, ""first_output_tokens"": 75, ""first_total_tokens"": 4425, ""input_tokens"": 4350, ""output_tokens"": 75, ""parse_ms"": 0.131, ""planner_total_ms"": 9349.797, ""prompt_build_ms"": 0.455, ""retry_count"": 0, ""retry_reason"": """", ""total_tokens"": 4425}, ""action"": ""migration_advisor"", ""action_input"": {""finish_after_tool"": true, ""use_image"": true, ""use_visual_probe"": true, ""user_query"": ""类器官灌流培养台异常路径终验2905号""}, ""clarification_question"": """", ""decision_type"": ""tool"", ""end_reason"": """", ""final_answer"": """", ""thought"": ""最新状态满足错误状态条件，需要调用迁移顾问进行能力边界评估。""}, {""_planner_metrics"": {""api_call_ms"": 9588.817, ""first_api_call_ms"": 9588.817, ""first_finish_reason"": ""stop"", ""first_input_tokens"": 4693, ""first_output_tokens"": 75, ""first_total_tokens"": 4768, ""input_tokens"": 4693, ""output_tokens"": 75, ""parse_ms"": 0.139, ""planner_total_ms"": 9605.235, ""prompt_build_ms"": 0.565, ""retry_count"": 0, ""retry_reason"": """", ""total_tokens"": 4768}, ""action"": ""migration_advisor"", ""action_input"": {""finish_after_tool"": true, ""use_image"": true, ""use_visual_probe"": true, ""user_query"": ""类器官灌流培养台异常路径终验2905号""}, ""clarification_question"": """", ""decision_type"": ""tool"", ""end_reason"": """", ""final_answer"": """", ""thought"": ""最新状态满足错误状态条件，需要调用迁移顾问进行能力边界评估。""}]","step2:action expected 'rexomni_detection', got 'migration_advisor' | step2:finish_after_tool expected False, got True | step2:arg 'label' expected to contain ['冰青三辐锁紧轮'], got None",6673.08,6656.729,4034,52,0,1,False,True
PROMV12-TA-012-QWEN-MS2,missing_required_state_step2,完成本轮异常探针的最终路由：先使用Qwen检测附件中的冰青三辐锁紧轮，检测结果仅作为中间状态。最终需要判断深水码头输油站稳定状态会签5128号应继续现有能力、结束，还是进入迁移评估。自然语言里的故障等级和预算描述没有路由优先级，只读取本 query 最新 observation 的结构化键值。错误状态仅在 retryable=true 与 retry_count=0 同时成立时复用原检测器一次，否则调用迁移顾问。正常状态需要候选数、置信度、跨提示一致性和域偏移四个门槛全部通过才结束，任一否决项都转迁移。缺省、非法、冲突状态采取保守分支；已经重试一次的结果不能再次触发检测器。检测器必须设置 finish_after_tool=false；迁移顾问使用当前图片和视觉探针并设置 finish_after_tool=true。,True,examples/images/planner_retry_optimizer_matched_v12/icecyan_three_spoke_lockwheel.png,"[{""action"": ""qwen_detection"", ""arg_contains"": {""label"": [""冰青三辐锁紧轮""]}, ""decision_type"": ""tool"", ""required_args"": {""finish_after_tool"": false}}, {""action"": ""migration_advisor"", ""arg_contains"": {""user_query"": [""深水码头输油站稳定状态会签5128号""]}, ""decision_type"": ""tool"", ""required_args"": {""finish_after_tool"": true, ""use_image"": true, ""use_visual_probe"": true}}]","[""rag_answer"", ""re_question"", ""answerer"", ""flux-image-generation"", ""rexomni_detection"", ""pipeline_eval""]","{""action_match"": 0.65, ""argument_match"": 0.1, ""decision_type_valid"": 0.03, ""final_tool_finish"": 0.1, ""finish_after_tool"": 0.1, ""json_valid"": 0.02, ""no_forbidden_action"": 0.1, ""no_premature_stop"": 0.1, ""no_repeated_tool"": 0.1, ""no_skip_required_probe"": 0.1, ""strict_action_match"": true, ""strict_argument_types"": true, ""wrong_action_cap"": 0.2}",False,0.586957,"[""qwen_detection"", ""qwen_detection""]",qwen_detection,"[{""_planner_metrics"": {""api_call_ms"": 6652.188, ""first_api_call_ms"": 6652.188, ""first_finish_reason"": ""stop"", ""first_input_tokens"": 4018, ""first_output_tokens"": 51, ""first_total_tokens"": 4069, ""input_tokens"": 4018, ""output_tokens"": 51, ""parse_ms"": 0.196, ""planner_total_ms"": 6666.976, ""prompt_build_ms"": 0.444, ""retry_count"": 0, ""retry_reason"": """", ""total_tokens"": 4069}, ""action"": ""qwen_detection"", ""action_input"": {""finish_after_tool"": false, ""label"": ""冰青三辐锁紧轮""}, ""clarification_question"": """", ""decision_type"": ""tool"", ""end_reason"": """", ""final_answer"": """", ""thought"": ""先执行用户指定的检测器以取得当前结构化状态。""}, {""_planner_metrics"": {""api_call_ms"": 6791.412, ""first_api_call_ms"": 6791.412, ""first_finish_reason"": ""stop"", ""first_input_tokens"": 4325, ""first_output_tokens"": 51, ""first_total_tokens"": 4376, ""input_tokens"": 4325, ""output_tokens"": 51, ""parse_ms"": 0.129, ""planner_total_ms"": 6806.016, ""prompt_build_ms"": 0.602, ""retry_count"": 0, ""retry_reason"": """", ""total_tokens"": 4376}, ""action"": ""qwen_detection"", ""action_input"": {""finish_after_tool"": false, ""label"": ""冰青三辐锁紧轮""}, ""clarification_question"": """", ""decision_type"": ""tool"", ""end_reason"": """", ""final_answer"": """", ""thought"": ""先执行用户指定的检测器以取得当前结构化状态。""}]","step2:action expected 'migration_advisor', got 'qwen_detection' | step2:finish_after_tool expected True, got False | step2:arg 'use_image' expected True, got None | step2:arg 'use_visual_probe' expected True, got None | step2:arg 'user_query' expected to contain ['深水码头输油站稳定状态会签5128号'], got None",6666.976,6652.188,4018,51,0,1,False,True
PROMV12-TA-006-QWEN-PS3,post_retry_success_step3,设备失联只是背景，仍须核对当前显式额度：先使用Qwen检测附件中的冰青三辐锁紧轮，检测结果仅作为中间状态。最终需要判断深水码头输油站异常路径终验1480号应继续现有能力、结束，还是进入迁移评估。自然语言里的故障等级和预算描述没有路由优先级，只读取本 query 最新 observation 的结构化键值。错误状态仅在 retryable=true 与 retry_count=0 同时成立时复用原检测器一次，否则调用迁移顾问。正常状态需要候选数、置信度、跨提示一致性和域偏移四个门槛全部通过才结束，任一否决项都转迁移。缺省、非法、冲突状态采取保守分支；已经重试一次的结果不能再次触发检测器。检测器必须设置 finish_after_tool=false；迁移顾问使用当前图片和视觉探针并设置 finish_after_tool=true。,True,examples/images/planner_retry_optimizer_matched_v12/icecyan_three_spoke_lockwheel.png,"[{""action"": ""qwen_detection"", ""arg_contains"": {""label"": [""冰青三辐锁紧轮""]}, ""decision_type"": ""tool"", ""required_args"": {""finish_after_tool"": false}}, {""action"": ""qwen_detection"", ""arg_contains"": {""label"": [""冰青三辐锁紧轮""]}, ""decision_type"": ""tool"", ""required_args"": {""finish_after_tool"": false}}, {""arg_contains"": {}, ""decision_type"": ""end"", ""required_args"": {""end_reason"": ""memory_hit""}}]","[""rag_answer"", ""re_question"", ""answerer"", ""flux-image-generation"", ""rexomni_detection"", ""pipeline_eval"", ""migration_advisor""]","{""action_match"": 0.65, ""argument_match"": 0.1, ""decision_type_valid"": 0.03, ""final_tool_finish"": 0.1, ""finish_after_tool"": 0.1, ""json_valid"": 0.02, ""no_forbidden_action"": 0.1, ""no_premature_stop"": 0.1, ""no_repeated_tool"": 0.1, ""no_skip_required_probe"": 0.1, ""strict_action_match"": true, ""strict_argument_types"": true, ""wrong_action_cap"": 0.2}",False,0.75625,"[""qwen_detection"", ""qwen_detection"", ""qwen_detection""]",qwen_detection,"[{""_planner_metrics"": {""api_call_ms"": 6613.028, ""first_api_call_ms"": 6613.028, ""first_finish_reason"": ""stop"", ""first_input_tokens"": 4030, ""first_output_tokens"": 51, ""first_total_tokens"": 4081, ""input_tokens"": 4030, ""output_tokens"": 51, ""parse_ms"": 0.128, ""planner_total_ms"": 6627.904, ""prompt_build_ms"": 0.452, ""retry_count"": 0, ""retry_reason"": """", ""total_tokens"": 4081}, ""action"": ""qwen_detection"", ""action_input"": {""finish_after_tool"": false, ""label"": ""冰青三辐锁紧轮""}, ""clarification_question"": """", ""decision_type"": ""tool"", ""end_reason"": """", ""final_answer"": """", ""thought"": ""先执行用户指定的检测器以取得当前结构化状态。""}, {""_planner_metrics"": {""api_call_ms"": 6894.473, ""first_api_call_ms"": 6894.473, ""first_finish_reason"": ""stop"", ""first_input_tokens"": 4335, ""first_output_tokens"": 53, ""first_total_tokens"": 4388, ""input_tokens"": 4335, ""output_tokens"": 53, ""parse_ms"": 0.114, ""planner_total_ms"": 6908.061, ""prompt_build_ms"": 0.463, ""retry_count"": 0, ""retry_reason"": """", ""total_tokens"": 4388}, ""action"": ""qwen_detection"", ""action_input"": {""finish_after_tool"": false, ""label"": ""冰青三辐锁紧轮""}, ""clarification_question"": """", ""decision_type"": ""tool"", ""end_reason"": """", ""final_answer"": """", ""thought"": ""最新状态满足错误状态重试条件，需要复用同一检测器。""}, {""_planner_metrics"": {""api_call_ms"": 7159.375, ""first_api_call_ms"": 7159.375, ""first_finish_reason"": ""stop"", ""first_input_tokens"": 4636, ""first_output_tokens"": 54, ""first_total_tokens"": 4690, ""input_tokens"": 4636, ""output_tokens"": 54, ""parse_ms"": 0.113, ""planner_total_ms"": 7175.26, ""prompt_build_ms"": 0.52, ""retry_count"": 0, ""retry_reason"": """", ""total_tokens"": 4690}, ""action"": ""qwen_detection"", ""action_input"": {""finish_after_tool"": false, ""label"": ""冰青三辐锁紧轮""}, ""clarification_question"": """", ""decision_type"": ""tool"", ""end_reason"": """", ""final_answer"": """", ""thought"": ""最新状态未满足结束或迁移条件，需要继续按规则推进。""}]","step3:decision_type expected 'end', got 'tool' | step3:action expected 'end', got 'qwen_detection' | step3:arg 'end_reason' expected 'memory_hit', got ''",6627.904,6613.028,4030,51,0,1,False,True
PROMV12-TA-010-REX-BE2,budget_exhausted_step2,完成本轮异常探针的最终路由：先使用Rex-Omni检测附件中的焦糖十字分流块，检测结果仅作为中间状态。最终需要判断非晶合金铸造炉重试边界复审8156号应继续现有能力、结束，还是进入迁移评估。自然语言里的故障等级和预算描述没有路由优先级，只读取本 query 最新 observation 的结构化键值。错误状态仅在 retryable=true 与 retry_count=0 同时成立时复用原检测器一次，否则调用迁移顾问。正常状态需要候选数、置信度、跨提示一致性和域偏移四个门槛全部通过才结束，任一否决项都转迁移。缺省、非法、冲突状态采取保守分支；已经重试一次的结果不能再次触发检测器。检测器必须设置 finish_after_tool=false；迁移顾问使用当前图片和视觉探针并设置 finish_after_tool=true。,True,examples/images/planner_retry_optimizer_matched_v12/caramel_cross_diverter.png,"[{""action"": ""rexomni_detection"", ""arg_contains"": {""label"": [""焦糖十字分流块""]}, ""decision_type"": ""tool"", ""required_args"": {""finish_after_tool"": false}}, {""action"": ""migration_advisor"", ""arg_contains"": {""user_query"": [""非晶合金铸造炉重试边界复审8156号""]}, ""decision_type"": ""tool"", ""required_args"": {""finish_after_tool"": true, ""use_image"": true, ""use_visual_probe"": true}}]","[""rag_answer"", ""re_question"", ""answerer"", ""flux-image-generation"", ""qwen_detection"", ""pipeline_eval""]","{""action_match"": 0.65, ""argument_match"": 0.1, ""decision_type_valid"": 0.03, ""final_tool_finish"": 0.1, ""finish_after_tool"": 0.1, ""json_valid"": 0.02, ""no_forbidden_action"": 0.1, ""no_premature_stop"": 0.1, ""no_repeated_tool"": 0.1, ""no_skip_required_probe"": 0.1, ""strict_action_match"": true, ""strict_argument_types"": true, ""wrong_action_cap"": 0.2}",False,0.586957,"[""rexomni_detection"", ""rexomni_detection""]",rexomni_detection,"[{""_planner_metrics"": {""api_call_ms"": 6377.21, ""first_api_call_ms"": 6377.21, ""first_finish_reason"": ""stop"", ""first_input_tokens"": 4015, ""first_output_tokens"": 49, ""first_total_tokens"": 4064, ""input_tokens"": 4015, ""output_tokens"": 49, ""parse_ms"": 0.114, ""planner_total_ms"": 6390.639, ""prompt_build_ms"": 0.414, ""retry_count"": 0, ""retry_reason"": """", ""total_tokens"": 4064}, ""action"": ""rexomni_detection"", ""action_input"": {""finish_after_tool"": false, ""label"": ""焦糖十字分流块""}, ""clarification_question"": """", ""decision_type"": ""tool"", ""end_reason"": """", ""final_answer"": """", ""thought"": ""先执行用户指定的检测器以取得当前结构化状态。""}, {""_planner_metrics"": {""api_call_ms"": 6951.947, ""first_api_call_ms"": 6951.947, ""first_finish_reason"": ""stop"", ""first_input_tokens"": 4317, ""first_output_tokens"": 53, ""first_total_tokens"": 4370, ""input_tokens"": 4317, ""output_tokens"": 53, ""parse_ms"": 0.116, ""planner_total_ms"": 6966.309, ""prompt_build_ms"": 0.458, ""retry_count"": 0, ""retry_reason"": """", ""total_tokens"": 4370}, ""action"": ""rexomni_detection"", ""action_input"": {""finish_after_tool"": false, ""label"": ""焦糖十字分流块""}, ""clarification_question"": """", ""decision_type"": ""tool"", ""end_reason"": """", ""final_answer"": """", ""thought"": ""最新状态满足错误状态的重试条件，需要再次使用同一检测器。""}]","step2:action expected 'migration_advisor', got 'rexomni_detection' | step2:finish_after_tool expected True, got False | step2:arg 'use_image' expected True, got None | step2:arg 'use_visual_probe' expected True, got None | step2:arg 'user_query' expected to contain ['非晶合金铸造炉重试边界复审8156号'], got None",6390.639,6377.21,4015,49,0,1,False,True
PROMV12-TA-006-QWEN-PE3,post_retry_error_step3,设备失联只是背景，仍须核对当前显式额度：先使用Qwen检测附件中的冰青三辐锁紧轮，检测结果仅作为中间状态。最终需要判断深水码头输油站异常路径终验1480号应继续现有能力、结束，还是进入迁移评估。自然语言里的故障等级和预算描述没有路由优先级，只读取本 query 最新 observation 的结构化键值。错误状态仅在 retryable=true 与 retry_count=0 同时成立时复用原检测器一次，否则调用迁移顾问。正常状态需要候选数、置信度、跨提示一致性和域偏移四个门槛全部通过才结束，任一否决项都转迁移。缺省、非法、冲突状态采取保守分支；已经重试一次的结果不能再次触发检测器。检测器必须设置 finish_after_tool=false；迁移顾问使用当前图片和视觉探针并设置 finish_after_tool=true。,True,examples/images/planner_retry_optimizer_matched_v12/icecyan_three_spoke_lockwheel.png,"[{""action"": ""qwen_detection"", ""arg_contains"": {""label"": [""冰青三辐锁紧轮""]}, ""decision_type"": ""tool"", ""required_args"": {""finish_after_tool"": false}}, {""action"": ""qwen_detection"", ""arg_contains"": {""label"": [""冰青三辐锁紧轮""]}, ""decision_type"": ""tool"", ""required_args"": {""finish_after_tool"": false}}, {""action"": ""migration_advisor"", ""arg_contains"": {""user_query"": [""深水码头输油站异常路径终验1480号""]}, ""decision_type"": ""tool"", ""required_args"": {""finish_after_tool"": true, ""use_image"": true, ""use_visual_probe"": true}}]","[""rag_answer"", ""re_question"", ""answerer"", ""flux-image-generation"", ""rexomni_detection"", ""pipeline_eval""]","{""action_match"": 0.65, ""argument_match"": 0.1, ""decision_type_valid"": 0.03, ""final_tool_finish"": 0.1, ""finish_after_tool"": 0.1, ""json_valid"": 0.02, ""no_forbidden_action"": 0.1, ""no_premature_stop"": 0.1, ""no_repeated_tool"": 0.1, ""no_skip_required_probe"": 0.1, ""strict_action_match"": true, ""strict_argument_types"": true, ""wrong_action_cap"": 0.2}",False,0.734375,"[""qwen_detection"", ""qwen_detection"", ""qwen_detection""]",qwen_detection,"[{""_planner_metrics"": {""api_call_ms"": 6613.151, ""first_api_call_ms"": 6613.151, ""first_finish_reason"": ""stop"", ""first_input_tokens"": 4030, ""first_output_tokens"": 51, ""first_total_tokens"": 4081, ""input_tokens"": 4030, ""output_tokens"": 51, ""parse_ms"": 0.14, ""planner_total_ms"": 6626.39, ""prompt_build_ms"": 0.424, ""retry_count"": 0, ""retry_reason"": """", ""total_tokens"": 4081}, ""action"": ""qwen_detection"", ""action_input"": {""finish_after_tool"": false, ""label"": ""冰青三辐锁紧轮""}, ""clarification_question"": """", ""decision_type"": ""tool"", ""end_reason"": """", ""final_answer"": """", ""thought"": ""先执行用户指定的检测器以取得当前结构化状态。""}, {""_planner_metrics"": {""api_call_ms"": 6935.471, ""first_api_call_ms"": 6935.471, ""first_finish_reason"": ""stop"", ""first_input_tokens"": 4335, ""first_output_tokens"": 53, ""first_total_tokens"": 4388, ""input_tokens"": 4335, ""output_tokens"": 53, ""parse_ms"": 0.131, ""planner_total_ms"": 6950.367, ""prompt_build_ms"": 0.487, ""retry_count"": 0, ""retry_reason"": """", ""total_tokens"": 4388}, ""action"": ""qwen_detection"", ""action_input"": {""finish_after_tool"": false, ""label"": ""冰青三辐锁紧轮""}, ""clarification_question"": """", ""decision_type"": ""tool"", ""end_reason"": """", ""final_answer"": """", ""thought"": ""最新状态满足错误状态重试条件，需要复用同一检测器。""}, {""_planner_metrics"": {""api_call_ms"": 7082.189, ""first_api_call_ms"": 7082.189, ""first_finish_reason"": ""stop"", ""first_input_tokens"": 4641, ""first_output_tokens"": 53, ""first_total_tokens"": 4694, ""input_tokens"": 4641, ""output_tokens"": 53, ""parse_ms"": 0.115, ""planner_total_ms"": 7096.357, ""prompt_build_ms"": 0.421, ""retry_count"": 0, ""retry_reason"": """", ""total_tokens"": 4694}, ""action"": ""qwen_detection"", ""action_input"": {""finish_after_tool"": false, ""label"": ""冰青三辐锁紧轮""}, ""clarification_question"": """", ""decision_type"": ""tool"", ""end_reason"": """", ""final_answer"": """", ""thought"": ""最新状态满足错误状态重试条件，需要复用同一检测器。""}]","step3:action expected 'migration_advisor', got 'qwen_detection' | step3:finish_after_tool expected True, got False | step3:arg 'use_image' expected True, got None | step3:arg 'use_visual_probe' expected True, got None | step3:arg 'user_query' expected to contain ['深水码头输油站异常路径终验1480号'], got None",6626.39,6613.151,4030,51,0,1,False,True
PROMV12-TA-006-QWEN-FR2,fresh_retry_step2,设备失联只是背景，仍须核对当前显式额度：先使用Qwen检测附件中的冰青三辐锁紧轮，检测结果仅作为中间状态。最终需要判断深水码头输油站异常路径终验1480号应继续现有能力、结束，还是进入迁移评估。自然语言里的故障等级和预算描述没有路由优先级，只读取本 query 最新 observation 的结构化键值。错误状态仅在 retryable=true 与 retry_count=0 同时成立时复用原检测器一次，否则调用迁移顾问。正常状态需要候选数、置信度、跨提示一致性和域偏移四个门槛全部通过才结束，任一否决项都转迁移。缺省、非法、冲突状态采取保守分支；已经重试一次的结果不能再次触发检测器。检测器必须设置 finish_after_tool=false；迁移顾问使用当前图片和视觉探针并设置 finish_after_tool=true。,True,examples/images/planner_retry_optimizer_matched_v12/icecyan_three_spoke_lockwheel.png,"[{""action"": ""qwen_detection"", ""arg_contains"": {""label"": [""冰青三辐锁紧轮""]}, ""decision_type"": ""tool"", ""required_args"": {""finish_after_tool"": false}}, {""action"": ""qwen_detection"", ""arg_contains"": {""label"": [""冰青三辐锁紧轮""]}, ""decision_type"": ""tool"", ""required_args"": {""finish_after_tool"": false}}, {""arg_contains"": {}, ""decision_type"": ""end"", ""required_args"": {""end_reason"": ""memory_hit""}}]","[""rag_answer"", ""re_question"", ""answerer"", ""flux-image-generation"", ""rexomni_detection"", ""pipeline_eval"", ""migration_advisor""]","{""action_match"": 0.65, ""argument_match"": 0.1, ""decision_type_valid"": 0.03, ""final_tool_finish"": 0.1, ""finish_after_tool"": 0.1, ""json_valid"": 0.02, ""no_forbidden_action"": 0.1, ""no_premature_stop"": 0.1, ""no_repeated_tool"": 0.1, ""no_skip_required_probe"": 0.1, ""strict_action_match"": true, ""strict_argument_types"": true, ""wrong_action_cap"": 0.2}",False,0.75625,"[""qwen_detection"", ""qwen_detection"", ""qwen_detection""]",qwen_detection,"[{""_planner_metrics"": {""api_call_ms"": 6585.264, ""first_api_call_ms"": 6585.264, ""first_finish_reason"": ""stop"", ""first_input_tokens"": 4030, ""first_output_tokens"": 51, ""first_total_tokens"": 4081, ""input_tokens"": 4030, ""output_tokens"": 51, ""parse_ms"": 0.113, ""planner_total_ms"": 6598.472, ""prompt_build_ms"": 0.432, ""retry_count"": 0, ""retry_reason"": """", ""total_tokens"": 4081}, ""action"": ""qwen_detection"", ""action_input"": {""finish_after_tool"": false, ""label"": ""冰青三辐锁紧轮""}, ""clarification_question"": """", ""decision_type"": ""tool"", ""end_reason"": """", ""final_answer"": """", ""thought"": ""先执行用户指定的检测器以取得当前结构化状态。""}, {""_planner_metrics"": {""api_call_ms"": 6932.944, ""first_api_call_ms"": 6932.944, ""first_finish_reason"": ""stop"", ""first_input_tokens"": 4334, ""first_output_tokens"": 53, ""first_total_tokens"": 4387, ""input_tokens"": 4334, ""output_tokens"": 53, ""parse_ms"": 0.123, ""planner_total_ms"": 6947.753, ""prompt_build_ms"": 0.498, ""retry_count"": 0, ""retry_reason"": """", ""total_tokens"": 4387}, ""action"": ""qwen_detection"", ""action_input"": {""finish_after_tool"": false, ""label"": ""冰青三辐锁紧轮""}, ""clarification_question"": """", ""decision_type"": ""tool"", ""end_reason"": """", ""final_answer"": """", ""thought"": ""最新状态满足错误状态重试条件，需要复用同一检测器。""}, {""_planner_metrics"": {""api_call_ms"": 7201.366, ""first_api_call_ms"": 7201.366, ""first_finish_reason"": ""stop"", ""first_input_tokens"": 4635, ""first_output_tokens"": 54, ""first_total_tokens"": 4689, ""input_tokens"": 4635, ""output_tokens"": 54, ""parse_ms"": 0.113, ""planner_total_ms"": 7217.19, ""prompt_build_ms"": 0.508, ""retry_count"": 0, ""retry_reason"": """", ""total_tokens"": 4689}, ""action"": ""qwen_detection"", ""action_input"": {""finish_after_tool"": false, ""label"": ""冰青三辐锁紧轮""}, ""clarification_question"": """", ""decision_type"": ""tool"", ""end_reason"": """", ""final_answer"": """", ""thought"": ""最新状态未满足结束或迁移条件，需要继续按规则处理。""}]","step3:decision_type expected 'end', got 'tool' | step3:action expected 'end', got 'qwen_detection' | step3:arg 'end_reason' expected 'memory_hit', got ''",6598.472,6585.264,4030,51,0,1,False,True
PROMV12-TA-008-QWEN-CF2,conflicting_state_step2,完成本轮异常探针的最终路由：先使用Qwen检测附件中的焦糖十字分流块，检测结果仅作为中间状态。最终需要判断非晶合金铸造炉异常路径终验9752号应继续现有能力、结束，还是进入迁移评估。自然语言里的故障等级和预算描述没有路由优先级，只读取本 query 最新 observation 的结构化键值。错误状态仅在 retryable=true 与 retry_count=0 同时成立时复用原检测器一次，否则调用迁移顾问。正常状态需要候选数、置信度、跨提示一致性和域偏移四个门槛全部通过才结束，任一否决项都转迁移。缺省、非法、冲突状态采取保守分支；已经重试一次的结果不能再次触发检测器。检测器必须设置 finish_after_tool=false；迁移顾问使用当前图片和视觉探针并设置 finish_after_tool=true。,True,examples/images/planner_retry_optimizer_matched_v12/caramel_cross_diverter.png,"[{""action"": ""qwen_detection"", ""arg_contains"": {""label"": [""焦糖十字分流块""]}, ""decision_type"": ""tool"", ""required_args"": {""finish_after_tool"": false}}, {""action"": ""migration_advisor"", ""arg_contains"": {""user_query"": [""非晶合金铸造炉异常路径终验9752号""]}, ""decision_type"": ""tool"", ""required_args"": {""finish_after_tool"": true, ""use_image"": true, ""use_visual_probe"": true}}]","[""rag_answer"", ""re_question"", ""answerer"", ""flux-image-generation"", ""rexomni_detection"", ""pipeline_eval""]","{""action_match"": 0.65, ""argument_match"": 0.1, ""decision_type_valid"": 0.03, ""final_tool_finish"": 0.1, ""finish_after_tool"": 0.1, ""json_valid"": 0.02, ""no_forbidden_action"": 0.1, ""no_premature_stop"": 0.1, ""no_repeated_tool"": 0.1, ""no_skip_required_probe"": 0.1, ""strict_action_match"": true, ""strict_argument_types"": true, ""wrong_action_cap"": 0.2}",False,0.586957,"[""qwen_detection"", ""qwen_detection""]",qwen_detection,"[{""_planner_metrics"": {""api_call_ms"": 6247.478, ""first_api_call_ms"": 6247.478, ""first_finish_reason"": ""stop"", ""first_input_tokens"": 4011, ""first_output_tokens"": 48, ""first_total_tokens"": 4059, ""input_tokens"": 4011, ""output_tokens"": 48, ""parse_ms"": 0.111, ""planner_total_ms"": 6261.255, ""prompt_build_ms"": 0.416, ""retry_count"": 0, ""retry_reason"": """", ""total_tokens"": 4059}, ""action"": ""qwen_detection"", ""action_input"": {""finish_after_tool"": false, ""label"": ""焦糖十字分流块""}, ""clarification_question"": """", ""decision_type"": ""tool"", ""end_reason"": """", ""final_answer"": """", ""thought"": ""先执行用户指定的检测器以取得当前结构化状态。""}, {""_planner_metrics"": {""api_call_ms"": 6824.576, ""first_api_call_ms"": 6824.576, ""first_finish_reason"": ""stop"", ""first_input_tokens"": 4311, ""first_output_tokens"": 52, ""first_total_tokens"": 4363, ""input_tokens"": 4311, ""output_tokens"": 52, ""parse_ms"": 0.116, ""planner_total_ms"": 6838.856, ""prompt_build_ms"": 0.478, ""retry_count"": 0, ""retry_reason"": """", ""total_tokens"": 4363}, ""action"": ""qwen_detection"", ""action_input"": {""finish_after_tool"": false, ""label"": ""焦糖十字分流块""}, ""clarification_question"": """", ""decision_type"": ""tool"", ""end_reason"": """", ""final_answer"": """", ""thought"": ""最新状态满足错误状态且未重试过，应复用原检测器。""}]","step2:action expected 'migration_advisor', got 'qwen_detection' | step2:finish_after_tool expected True, got False | step2:arg 'use_image' expected True, got None | step2:arg 'use_visual_probe' expected True, got None | step2:arg 'user_query' expected to contain ['非晶合金铸造炉异常路径终验9752号'], got None",6261.255,6247.478,4011,48,0,1,False,True
PROMV12-TA-008-QWEN-PS3,post_retry_success_step3,完成本轮异常探针的最终路由：先使用Qwen检测附件中的焦糖十字分流块，检测结果仅作为中间状态。最终需要判断非晶合金铸造炉异常路径终验9752号应继续现有能力、结束，还是进入迁移评估。自然语言里的故障等级和预算描述没有路由优先级，只读取本 query 最新 observation 的结构化键值。错误状态仅在 retryable=true 与 retry_count=0 同时成立时复用原检测器一次，否则调用迁移顾问。正常状态需要候选数、置信度、跨提示一致性和域偏移四个门槛全部通过才结束，任一否决项都转迁移。缺省、非法、冲突状态采取保守分支；已经重试一次的结果不能再次触发检测器。检测器必须设置 finish_after_tool=false；迁移顾问使用当前图片和视觉探针并设置 finish_after_tool=true。,True,examples/images/planner_retry_optimizer_matched_v12/caramel_cross_diverter.png,"[{""action"": ""qwen_detection"", ""arg_contains"": {""label"": [""焦糖十字分流块""]}, ""decision_type"": ""tool"", ""required_args"": {""finish_after_tool"": false}}, {""action"": ""qwen_detection"", ""arg_contains"": {""label"": [""焦糖十字分流块""]}, ""decision_type"": ""tool"", ""required_args"": {""finish_after_tool"": false}}, {""arg_contains"": {}, ""decision_type"": ""end"", ""required_args"": {""end_reason"": ""memory_hit""}}]","[""rag_answer"", ""re_question"", ""answerer"", ""flux-image-generation"", ""rexomni_detection"", ""pipeline_eval"", ""migration_advisor""]","{""action_match"": 0.65, ""argument_match"": 0.1, ""decision_type_valid"": 0.03, ""final_tool_finish"": 0.1, ""finish_after_tool"": 0.1, ""json_valid"": 0.02, ""no_forbidden_action"": 0.1, ""no_premature_stop"": 0.1, ""no_repeated_tool"": 0.1, ""no_skip_required_probe"": 0.1, ""strict_action_match"": true, ""strict_argument_types"": true, ""wrong_action_cap"": 0.2}",False,0.725,"[""qwen_detection"", ""qwen_detection"", ""migration_advisor""]",qwen_detection,"[{""_planner_metrics"": {""api_call_ms"": 6293.689, ""first_api_call_ms"": 6293.689, ""first_finish_reason"": ""stop"", ""first_input_tokens"": 4011, ""first_output_tokens"": 48, ""first_total_tokens"": 4059, ""input_tokens"": 4011, ""output_tokens"": 48, ""parse_ms"": 0.123, ""planner_total_ms"": 6309.614, ""prompt_build_ms"": 0.48, ""retry_count"": 0, ""retry_reason"": """", ""total_tokens"": 4059}, ""action"": ""qwen_detection"", ""action_input"": {""finish_after_tool"": false, ""label"": ""焦糖十字分流块""}, ""clarification_question"": """", ""decision_type"": ""tool"", ""end_reason"": """", ""final_answer"": """", ""thought"": ""先执行用户指定的检测器以取得当前结构化状态。""}, {""_planner_metrics"": {""api_call_ms"": 6615.832, ""first_api_call_ms"": 6615.832, ""first_finish_reason"": ""stop"", ""first_input_tokens"": 4321, ""first_output_tokens"": 50, ""first_total_tokens"": 4371, ""input_tokens"": 4321, ""output_tokens"": 50, ""parse_ms"": 0.114, ""planner_total_ms"": 6630.032, ""prompt_build_ms"": 0.468, ""retry_count"": 0, ""retry_reason"": """", ""total_tokens"": 4371}, ""action"": ""qwen_detection"", ""action_input"": {""finish_after_tool"": false, ""label"": ""焦糖十字分流块""}, ""clarification_question"": """", ""decision_type"": ""tool"", ""end_reason"": """", ""final_answer"": """", ""thought"": ""最新状态满足错误状态重试条件，需要复用原检测器。""}, {""_planner_metrics"": {""api_call_ms"": 9134.423, ""first_api_call_ms"": 9134.423, ""first_finish_reason"": ""stop"", ""first_input_tokens"": 4625, ""first_output_tokens"": 73, ""first_total_tokens"": 4698, ""input_tokens"": 4625, ""output_tokens"": 73, ""parse_ms"": 0.126, ""planner_total_ms"": 9149.722, ""prompt_build_ms"": 0.548, ""retry_count"": 0, ""retry_reason"": """", ""total_tokens"": 4698}, ""action"": ""migration_advisor"", ""action_input"": {""finish_after_tool"": true, ""use_image"": true, ""use_visual_probe"": true, ""user_query"": ""非晶合金铸造炉异常路径终验9752号""}, ""clarification_question"": """", ""decision_type"": ""tool"", ""end_reason"": """", ""final_answer"": """", ""thought"": ""最新状态未满足结束或重试条件，需要进入能力迁移评估。""}]","step3:decision_type expected 'end', got 'tool' | step3:action expected 'end', got 'migration_advisor' | step3:arg 'end_reason' expected 'memory_hit', got '' | forbidden:migration_advisor",6309.614,6293.689,4011,48,0,1,False,True
PROMV12-TA-002-QWEN-PE3,post_retry_error_step3,迁移队列已经建立，请先裁决最新机器状态：先使用Qwen检测附件中的焦糖十字分流块，检测结果仅作为中间状态。最终需要判断火星车悬架试验间重试边界复审7063号应继续现有能力、结束，还是进入迁移评估。自然语言里的故障等级和预算描述没有路由优先级，只读取本 query 最新 observation 的结构化键值。错误状态仅在 retryable=true 与 retry_count=0 同时成立时复用原检测器一次，否则调用迁移顾问。正常状态需要候选数、置信度、跨提示一致性和域偏移四个门槛全部通过才结束，任一否决项都转迁移。缺省、非法、冲突状态采取保守分支；已经重试一次的结果不能再次触发检测器。检测器必须设置 finish_after_tool=false；迁移顾问使用当前图片和视觉探针并设置 finish_after_tool=true。,True,examples/images/planner_retry_optimizer_matched_v12/caramel_cross_diverter.png,"[{""action"": ""qwen_detection"", ""arg_contains"": {""label"": [""焦糖十字分流块""]}, ""decision_type"": ""tool"", ""required_args"": {""finish_after_tool"": false}}, {""action"": ""qwen_detection"", ""arg_contains"": {""label"": [""焦糖十字分流块""]}, ""decision_type"": ""tool"", ""required_args"": {""finish_after_tool"": false}}, {""action"": ""migration_advisor"", ""arg_contains"": {""user_query"": [""火星车悬架试验间重试边界复审7063号""]}, ""decision_type"": ""tool"", ""required_args"": {""finish_after_tool"": true, ""use_image"": true, ""use_visual_probe"": true}}]","[""rag_answer"", ""re_question"", ""answerer"", ""flux-image-generation"", ""rexomni_detection"", ""pipeline_eval""]","{""action_match"": 0.65, ""argument_match"": 0.1, ""decision_type_valid"": 0.03, ""final_tool_finish"": 0.1, ""finish_after_tool"": 0.1, ""json_valid"": 0.02, ""no_forbidden_action"": 0.1, ""no_premature_stop"": 0.1, ""no_repeated_tool"": 0.1, ""no_skip_required_probe"": 0.1, ""strict_action_match"": true, ""strict_argument_types"": true, ""wrong_action_cap"": 0.2}",False,0.734375,"[""qwen_detection"", ""qwen_detection"", ""qwen_detection""]",qwen_detection,"[{""_planner_metrics"": {""api_call_ms"": 6245.428, ""first_api_call_ms"": 6245.428, ""first_finish_reason"": ""stop"", ""first_input_tokens"": 4017, ""first_output_tokens"": 48, ""first_total_tokens"": 4065, ""input_tokens"": 4017, ""output_tokens"": 48, ""parse_ms"": 0.175, ""planner_total_ms"": 6258.659, ""prompt_build_ms"": 0.392, ""retry_count"": 0, ""retry_reason"": """", ""total_tokens"": 4065}, ""action"": ""qwen_detection"", ""action_input"": {""finish_after_tool"": false, ""label"": ""焦糖十字分流块""}, ""clarification_question"": """", ""decision_type"": ""tool"", ""end_reason"": """", ""final_answer"": """", ""thought"": ""先执行用户指定的检测器以取得当前结构化状态。""}, {""_planner_metrics"": {""api_call_ms"": 6692.752, ""first_api_call_ms"": 6692.752, ""first_finish_reason"": ""stop"", ""first_input_tokens"": 4325, ""first_output_tokens"": 51, ""first_total_tokens"": 4376, ""input_tokens"": 4325, ""output_tokens"": 51, ""parse_ms"": 0.132, ""planner_total_ms"": 6707.887, ""prompt_build_ms"": 0.591, ""retry_count"": 0, ""retry_reason"": """", ""total_tokens"": 4376}, ""action"": ""qwen_detection"", ""action_input"": {""finish_after_tool"": false, ""label"": ""焦糖十字分流块""}, ""clarification_question"": """", ""decision_type"": ""tool"", ""end_reason"": """", ""final_answer"": """", ""thought"": ""最新状态满足错误状态重试条件，需要再次使用同一检测器。""}, {""_planner_metrics"": {""api_call_ms"": 6861.421, ""first_api_call_ms"": 6861.421, ""first_finish_reason"": ""stop"", ""first_input_tokens"": 4631, ""first_output_tokens"": 51, ""first_total_tokens"": 4682, ""input_tokens"": 4631, ""output_tokens"": 51, ""parse_ms"": 0.11, ""planner_total_ms"": 6877.912, ""prompt_build_ms"": 0.569, ""retry_count"": 0, ""retry_reason"": """", ""total_tokens"": 4682}, ""action"": ""qwen_detection"", ""action_input"": {""finish_after_tool"": false, ""label"": ""焦糖十字分流块""}, ""clarification_question"": """", ""decision_type"": ""tool"", ""end_reason"": """", ""final_answer"": """", ""thought"": ""最新状态满足错误状态重试条件，需要再次使用同一检测器。""}]","step3:action expected 'migration_advisor', got 'qwen_detection' | step3:finish_after_tool expected True, got False | step3:arg 'use_image' expected True, got None | step3:arg 'use_visual_probe' expected True, got None | step3:arg 'user_query' expected to contain ['火星车悬架试验间重试边界复审7063号'], got None",6258.659,6245.428,4017,48,0,1,False,True
PROMV12-TA-002-REX-PE3,post_retry_error_step3,迁移队列已经建立，请先裁决最新机器状态：先使用Rex-Omni检测附件中的焦糖十字分流块，检测结果仅作为中间状态。最终需要判断火星车悬架试验间重试边界复审7063号应继续现有能力、结束，还是进入迁移评估。自然语言里的故障等级和预算描述没有路由优先级，只读取本 query 最新 observation 的结构化键值。错误状态仅在 retryable=true 与 retry_count=0 同时成立时复用原检测器一次，否则调用迁移顾问。正常状态需要候选数、置信度、跨提示一致性和域偏移四个门槛全部通过才结束，任一否决项都转迁移。缺省、非法、冲突状态采取保守分支；已经重试一次的结果不能再次触发检测器。检测器必须设置 finish_after_tool=false；迁移顾问使用当前图片和视觉探针并设置 finish_after_tool=true。,True,examples/images/planner_retry_optimizer_matched_v12/caramel_cross_diverter.png,"[{""action"": ""rexomni_detection"", ""arg_contains"": {""label"": [""焦糖十字分流块""]}, ""decision_type"": ""tool"", ""required_args"": {""finish_after_tool"": false}}, {""action"": ""rexomni_detection"", ""arg_contains"": {""label"": [""焦糖十字分流块""]}, ""decision_type"": ""tool"", ""required_args"": {""finish_after_tool"": false}}, {""action"": ""migration_advisor"", ""arg_contains"": {""user_query"": [""火星车悬架试验间重试边界复审7063号""]}, ""decision_type"": ""tool"", ""required_args"": {""finish_after_tool"": true, ""use_image"": true, ""use_visual_probe"": true}}]","[""rag_answer"", ""re_question"", ""answerer"", ""flux-image-generation"", ""qwen_detection"", ""pipeline_eval""]","{""action_match"": 0.65, ""argument_match"": 0.1, ""decision_type_valid"": 0.03, ""final_tool_finish"": 0.1, ""finish_after_tool"": 0.1, ""json_valid"": 0.02, ""no_forbidden_action"": 0.1, ""no_premature_stop"": 0.1, ""no_repeated_tool"": 0.1, ""no_skip_required_probe"": 0.1, ""strict_action_match"": true, ""strict_argument_types"": true, ""wrong_action_cap"": 0.2}",False,0.734375,"[""rexomni_detection"", ""rexomni_detection"", ""rexomni_detection""]",rexomni_detection,"[{""_planner_metrics"": {""api_call_ms"": 6362.458, ""first_api_call_ms"": 6362.458, ""first_finish_reason"": ""stop"", ""first_input_tokens"": 4023, ""first_output_tokens"": 49, ""first_total_tokens"": 4072, ""input_tokens"": 4023, ""output_tokens"": 49, ""parse_ms"": 0.121, ""planner_total_ms"": 6375.669, ""prompt_build_ms"": 0.423, ""retry_count"": 0, ""retry_reason"": """", ""total_tokens"": 4072}, ""action"": ""rexomni_detection"", ""action_input"": {""finish_after_tool"": false, ""label"": ""焦糖十字分流块""}, ""clarification_question"": """", ""decision_type"": ""tool"", ""end_reason"": """", ""final_answer"": """", ""thought"": ""先执行用户指定的检测器以取得当前结构化状态。""}, {""_planner_metrics"": {""api_call_ms"": 6807.992, ""first_api_call_ms"": 6807.992, ""first_finish_reason"": ""stop"", ""first_input_tokens"": 4331, ""first_output_tokens"": 52, ""first_total_tokens"": 4383, ""input_tokens"": 4331, ""output_tokens"": 52, ""parse_ms"": 0.125, ""planner_total_ms"": 6822.258, ""prompt_build_ms"": 0.484, ""retry_count"": 0, ""retry_reason"": """", ""total_tokens"": 4383}, ""action"": ""rexomni_detection"", ""action_input"": {""finish_after_tool"": false, ""label"": ""焦糖十字分流块""}, ""clarification_question"": """", ""decision_type"": ""tool"", ""end_reason"": """", ""final_answer"": """", ""thought"": ""最新状态满足错误状态重试条件，需要再次调用同一检测器。""}, {""_planner_metrics"": {""api_call_ms"": 6926.515, ""first_api_call_ms"": 6926.515, ""first_finish_reason"": ""stop"", ""first_input_tokens"": 4641, ""first_output_tokens"": 52, ""first_total_tokens"": 4693, ""input_tokens"": 4641, ""output_tokens"": 52, ""parse_ms"": 0.142, ""planner_total_ms"": 6941.611, ""prompt_build_ms"": 0.517, ""retry_count"": 0, ""retry_reason"": """", ""total_tokens"": 4693}, ""action"": ""rexomni_detection"", ""action_input"": {""finish_after_tool"": false, ""label"": ""焦糖十字分流块""}, ""clarification_question"": """", ""decision_type"": ""tool"", ""end_reason"": """", ""final_answer"": """", ""thought"": ""最新状态满足错误状态重试条件，需要再次调用同一检测器。""}]","step3:action expected 'migration_advisor', got 'rexomni_detection' | step3:finish_after_tool expected True, got False | step3:arg 'use_image' expected True, got None | step3:arg 'use_visual_probe' expected True, got None | step3:arg 'user_query' expected to contain ['火星车悬架试验间重试边界复审7063号'], got None",6375.669,6362.458,4023,49,0,1,False,True
PROMV12-TA-002-REX-FR2,fresh_retry_step2,迁移队列已经建立，请先裁决最新机器状态：先使用Rex-Omni检测附件中的焦糖十字分流块，检测结果仅作为中间状态。最终需要判断火星车悬架试验间重试边界复审7063号应继续现有能力、结束，还是进入迁移评估。自然语言里的故障等级和预算描述没有路由优先级，只读取本 query 最新 observation 的结构化键值。错误状态仅在 retryable=true 与 retry_count=0 同时成立时复用原检测器一次，否则调用迁移顾问。正常状态需要候选数、置信度、跨提示一致性和域偏移四个门槛全部通过才结束，任一否决项都转迁移。缺省、非法、冲突状态采取保守分支；已经重试一次的结果不能再次触发检测器。检测器必须设置 finish_after_tool=false；迁移顾问使用当前图片和视觉探针并设置 finish_after_tool=true。,True,examples/images/planner_retry_optimizer_matched_v12/caramel_cross_diverter.png,"[{""action"": ""rexomni_detection"", ""arg_contains"": {""label"": [""焦糖十字分流块""]}, ""decision_type"": ""tool"", ""required_args"": {""finish_after_tool"": false}}, {""action"": ""rexomni_detection"", ""arg_contains"": {""label"": [""焦糖十字分流块""]}, ""decision_type"": ""tool"", ""required_args"": {""finish_after_tool"": false}}, {""arg_contains"": {}, ""decision_type"": ""end"", ""required_args"": {""end_reason"": ""memory_hit""}}]","[""rag_answer"", ""re_question"", ""answerer"", ""flux-image-generation"", ""qwen_detection"", ""pipeline_eval"", ""migration_advisor""]","{""action_match"": 0.65, ""argument_match"": 0.1, ""decision_type_valid"": 0.03, ""final_tool_finish"": 0.1, ""finish_after_tool"": 0.1, ""json_valid"": 0.02, ""no_forbidden_action"": 0.1, ""no_premature_stop"": 0.1, ""no_repeated_tool"": 0.1, ""no_skip_required_probe"": 0.1, ""strict_action_match"": true, ""strict_argument_types"": true, ""wrong_action_cap"": 0.2}",False,0.725,"[""rexomni_detection"", ""rexomni_detection"", ""migration_advisor""]",rexomni_detection,"[{""_planner_metrics"": {""api_call_ms"": 6371.334, ""first_api_call_ms"": 6371.334, ""first_finish_reason"": ""stop"", ""first_input_tokens"": 4023, ""first_output_tokens"": 49, ""first_total_tokens"": 4072, ""input_tokens"": 4023, ""output_tokens"": 49, ""parse_ms"": 0.114, ""planner_total_ms"": 6384.763, ""prompt_build_ms"": 0.403, ""retry_count"": 0, ""retry_reason"": """", ""total_tokens"": 4072}, ""action"": ""rexomni_detection"", ""action_input"": {""finish_after_tool"": false, ""label"": ""焦糖十字分流块""}, ""clarification_question"": """", ""decision_type"": ""tool"", ""end_reason"": """", ""final_answer"": """", ""thought"": ""先执行用户指定的检测器以取得当前结构化状态。""}, {""_planner_metrics"": {""api_call_ms"": 6904.279, ""first_api_call_ms"": 6904.279, ""first_finish_reason"": ""stop"", ""first_input_tokens"": 4331, ""first_output_tokens"": 52, ""first_total_tokens"": 4383, ""input_tokens"": 4331, ""output_tokens"": 52, ""parse_ms"": 0.13, ""planner_total_ms"": 6919.163, ""prompt_build_ms"": 0.467, ""retry_count"": 0, ""retry_reason"": """", ""total_tokens"": 4383}, ""action"": ""rexomni_detection"", ""action_input"": {""finish_after_tool"": false, ""label"": ""焦糖十字分流块""}, ""clarification_question"": """", ""decision_type"": ""tool"", ""end_reason"": """", ""final_answer"": """", ""thought"": ""最新状态满足错误状态重试条件，需要再次调用同一检测器。""}, {""_planner_metrics"": {""api_call_ms"": 9405.883, ""first_api_call_ms"": 9405.883, ""first_finish_reason"": ""stop"", ""first_input_tokens"": 4639, ""first_output_tokens"": 72, ""first_total_tokens"": 4711, ""input_tokens"": 4639, ""output_tokens"": 72, ""parse_ms"": 0.221, ""planner_total_ms"": 9421.731, ""prompt_build_ms"": 0.454, ""retry_count"": 0, ""retry_reason"": """", ""total_tokens"": 4711}, ""action"": ""migration_advisor"", ""action_input"": {""finish_after_tool"": true, ""use_image"": true, ""use_visual_probe"": true, ""user_query"": ""火星车悬架试验间重试边界复审7063号""}, ""clarification_question"": """", ""decision_type"": ""tool"", ""end_reason"": """", ""final_answer"": """", ""thought"": ""最新状态未满足结束或重试条件，需要进入能力迁移评估。""}]","step3:decision_type expected 'end', got 'tool' | step3:action expected 'end', got 'migration_advisor' | step3:arg 'end_reason' expected 'memory_hit', got '' | forbidden:migration_advisor",6384.763,6371.334,4023,49,0,1,False,True
PROMV12-TA-012-REX-FR2,fresh_retry_step2,完成本轮异常探针的最终路由：先使用Rex-Omni检测附件中的冰青三辐锁紧轮，检测结果仅作为中间状态。最终需要判断深水码头输油站稳定状态会签5128号应继续现有能力、结束，还是进入迁移评估。自然语言里的故障等级和预算描述没有路由优先级，只读取本 query 最新 observation 的结构化键值。错误状态仅在 retryable=true 与 retry_count=0 同时成立时复用原检测器一次，否则调用迁移顾问。正常状态需要候选数、置信度、跨提示一致性和域偏移四个门槛全部通过才结束，任一否决项都转迁移。缺省、非法、冲突状态采取保守分支；已经重试一次的结果不能再次触发检测器。检测器必须设置 finish_after_tool=false；迁移顾问使用当前图片和视觉探针并设置 finish_after_tool=true。,True,examples/images/planner_retry_optimizer_matched_v12/icecyan_three_spoke_lockwheel.png,"[{""action"": ""rexomni_detection"", ""arg_contains"": {""label"": [""冰青三辐锁紧轮""]}, ""decision_type"": ""tool"", ""required_args"": {""finish_after_tool"": false}}, {""action"": ""rexomni_detection"", ""arg_contains"": {""label"": [""冰青三辐锁紧轮""]}, ""decision_type"": ""tool"", ""required_args"": {""finish_after_tool"": false}}, {""arg_contains"": {}, ""decision_type"": ""end"", ""required_args"": {""end_reason"": ""memory_hit""}}]","[""rag_answer"", ""re_question"", ""answerer"", ""flux-image-generation"", ""qwen_detection"", ""pipeline_eval"", ""migration_advisor""]","{""action_match"": 0.65, ""argument_match"": 0.1, ""decision_type_valid"": 0.03, ""final_tool_finish"": 0.1, ""finish_after_tool"": 0.1, ""json_valid"": 0.02, ""no_forbidden_action"": 0.1, ""no_premature_stop"": 0.1, ""no_repeated_tool"": 0.1, ""no_skip_required_probe"": 0.1, ""strict_action_match"": true, ""strict_argument_types"": true, ""wrong_action_cap"": 0.2}",False,0.725,"[""rexomni_detection"", ""rexomni_detection"", ""migration_advisor""]",rexomni_detection,"[{""_planner_metrics"": {""api_call_ms"": 6728.799, ""first_api_call_ms"": 6728.799, ""first_finish_reason"": ""stop"", ""first_input_tokens"": 4024, ""first_output_tokens"": 52, ""first_total_tokens"": 4076, ""input_tokens"": 4024, ""output_tokens"": 52, ""parse_ms"": 0.122, ""planner_total_ms"": 6742.507, ""prompt_build_ms"": 0.388, ""retry_count"": 0, ""retry_reason"": """", ""total_tokens"": 4076}, ""action"": ""rexomni_detection"", ""action_input"": {""finish_after_tool"": false, ""label"": ""冰青三辐锁紧轮""}, ""clarification_question"": """", ""decision_type"": ""tool"", ""end_reason"": """", ""final_answer"": """", ""thought"": ""先执行用户指定的检测器以取得当前结构化状态。""}, {""_planner_metrics"": {""api_call_ms"": 7120.588, ""first_api_call_ms"": 7120.588, ""first_finish_reason"": ""stop"", ""first_input_tokens"": 4338, ""first_output_tokens"": 54, ""first_total_tokens"": 4392, ""input_tokens"": 4338, ""output_tokens"": 54, ""parse_ms"": 0.11, ""planner_total_ms"": 7135.15, ""prompt_build_ms"": 0.471, ""retry_count"": 0, ""retry_reason"": """", ""total_tokens"": 4392}, ""action"": ""rexomni_detection"", ""action_input"": {""finish_after_tool"": false, ""label"": ""冰青三辐锁紧轮""}, ""clarification_question"": """", ""decision_type"": ""tool"", ""end_reason"": """", ""final_answer"": """", ""thought"": ""最新状态满足错误重试条件，需要再次使用同一检测器。""}, {""_planner_metrics"": {""api_call_ms"": 9252.065, ""first_api_call_ms"": 9252.065, ""first_finish_reason"": ""stop"", ""first_input_tokens"": 4645, ""first_output_tokens"": 73, ""first_total_tokens"": 4718, ""input_tokens"": 4645, ""output_tokens"": 73, ""parse_ms"": 0.141, ""planner_total_ms"": 9267.604, ""prompt_build_ms"": 0.478, ""retry_count"": 0, ""retry_reason"": """", ""total_tokens"": 4718}, ""action"": ""migration_advisor"", ""action_input"": {""finish_after_tool"": true, ""use_image"": true, ""use_visual_probe"": true, ""user_query"": ""深水码头输油站稳定状态会签5128号""}, ""clarification_question"": """", ""decision_type"": ""tool"", ""end_reason"": """", ""final_answer"": """", ""thought"": ""最新状态未满足结束或重试条件，需要进入能力迁移评估。""}]","step3:decision_type expected 'end', got 'tool' | step3:action expected 'end', got 'migration_advisor' | step3:arg 'end_reason' expected 'memory_hit', got '' | forbidden:migration_advisor",6742.507,6728.799,4024,52,0,1,False,True
PROMV12-TA-012-QWEN-PS3,post_retry_success_step3,完成本轮异常探针的最终路由：先使用Qwen检测附件中的冰青三辐锁紧轮，检测结果仅作为中间状态。最终需要判断深水码头输油站稳定状态会签5128号应继续现有能力、结束，还是进入迁移评估。自然语言里的故障等级和预算描述没有路由优先级，只读取本 query 最新 observation 的结构化键值。错误状态仅在 retryable=true 与 retry_count=0 同时成立时复用原检测器一次，否则调用迁移顾问。正常状态需要候选数、置信度、跨提示一致性和域偏移四个门槛全部通过才结束，任一否决项都转迁移。缺省、非法、冲突状态采取保守分支；已经重试一次的结果不能再次触发检测器。检测器必须设置 finish_after_tool=false；迁移顾问使用当前图片和视觉探针并设置 finish_after_tool=true。,True,examples/images/planner_retry_optimizer_matched_v12/icecyan_three_spoke_lockwheel.png,"[{""action"": ""qwen_detection"", ""arg_contains"": {""label"": [""冰青三辐锁紧轮""]}, ""decision_type"": ""tool"", ""required_args"": {""finish_after_tool"": false}}, {""action"": ""qwen_detection"", ""arg_contains"": {""label"": [""冰青三辐锁紧轮""]}, ""decision_type"": ""tool"", ""required_args"": {""finish_after_tool"": false}}, {""arg_contains"": {}, ""decision_type"": ""end"", ""required_args"": {""end_reason"": ""memory_hit""}}]","[""rag_answer"", ""re_question"", ""answerer"", ""flux-image-generation"", ""rexomni_detection"", ""pipeline_eval"", ""migration_advisor""]","{""action_match"": 0.65, ""argument_match"": 0.1, ""decision_type_valid"": 0.03, ""final_tool_finish"": 0.1, ""finish_after_tool"": 0.1, ""json_valid"": 0.02, ""no_forbidden_action"": 0.1, ""no_premature_stop"": 0.1, ""no_repeated_tool"": 0.1, ""no_skip_required_probe"": 0.1, ""strict_action_match"": true, ""strict_argument_types"": true, ""wrong_action_cap"": 0.2}",False,0.725,"[""qwen_detection"", ""qwen_detection"", ""migration_advisor""]",qwen_detection,"[{""_planner_metrics"": {""api_call_ms"": 6628.788, ""first_api_call_ms"": 6628.788, ""first_finish_reason"": ""stop"", ""first_input_tokens"": 4018, ""first_output_tokens"": 51, ""first_total_tokens"": 4069, ""input_tokens"": 4018, ""output_tokens"": 51, ""parse_ms"": 0.114, ""planner_total_ms"": 6641.558, ""prompt_build_ms"": 0.437, ""retry_count"": 0, ""retry_reason"": """", ""total_tokens"": 4069}, ""action"": ""qwen_detection"", ""action_input"": {""finish_after_tool"": false, ""label"": ""冰青三辐锁紧轮""}, ""clarification_question"": """", ""decision_type"": ""tool"", ""end_reason"": """", ""final_answer"": """", ""thought"": ""先执行用户指定的检测器以取得当前结构化状态。""}, {""_planner_metrics"": {""api_call_ms"": 6923.913, ""first_api_call_ms"": 6923.913, ""first_finish_reason"": ""stop"", ""first_input_tokens"": 4328, ""first_output_tokens"": 53, ""first_total_tokens"": 4381, ""input_tokens"": 4328, ""output_tokens"": 53, ""parse_ms"": 0.205, ""planner_total_ms"": 6938.242, ""prompt_build_ms"": 0.46, ""retry_count"": 0, ""retry_reason"": """", ""total_tokens"": 4381}, ""action"": ""qwen_detection"", ""action_input"": {""finish_after_tool"": false, ""label"": ""冰青三辐锁紧轮""}, ""clarification_question"": """", ""decision_type"": ""tool"", ""end_reason"": """", ""final_answer"": """", ""thought"": ""最新状态满足错误重试条件，需要再次使用同一检测器。""}, {""_planner_metrics"": {""api_call_ms"": 9121.771, ""first_api_call_ms"": 9121.771, ""first_finish_reason"": ""stop"", ""first_input_tokens"": 4636, ""first_output_tokens"": 73, ""first_total_tokens"": 4709, ""input_tokens"": 4636, ""output_tokens"": 73, ""parse_ms"": 0.138, ""planner_total_ms"": 9138.124, ""prompt_build_ms"": 0.6, ""retry_count"": 0, ""retry_reason"": """", ""total_tokens"": 4709}, ""action"": ""migration_advisor"", ""action_input"": {""finish_after_tool"": true, ""use_image"": true, ""use_visual_probe"": true, ""user_query"": ""深水码头输油站稳定状态会签5128号""}, ""clarification_question"": """", ""decision_type"": ""tool"", ""end_reason"": """", ""final_answer"": """", ""thought"": ""最新状态未满足结束或重试条件，需要进入能力迁移评估。""}]","step3:decision_type expected 'end', got 'tool' | step3:action expected 'end', got 'migration_advisor' | step3:arg 'end_reason' expected 'memory_hit', got '' | forbidden:migration_advisor",6641.558,6628.788,4018,51,0,1,False,True
