case_id,category,query,has_image,image_fixture,expected_decisions,forbidden_actions,reward_spec,run1_passed,run1_score,run1_used_actions,run1_actual_first_action,run1_decisions,run1_failures,run1_elapsed_ms,run1_api_call_ms,run1_input_tokens,run1_output_tokens,pass_count,run_count,all_passed,any_failed
PROMV12-TA-006-REX-PV3,post_retry_metric_veto_step3,设备失联只是背景，仍须核对当前显式额度：先使用Rex-Omni检测附件中的冰青三辐锁紧轮，检测结果仅作为中间状态。最终需要判断深水码头输油站异常路径终验1480号应继续现有能力、结束，还是进入迁移评估。自然语言里的故障等级和预算描述没有路由优先级，只读取本 query 最新 observation 的结构化键值。错误状态仅在 retryable=true 与 retry_count=0 同时成立时复用原检测器一次，否则调用迁移顾问。正常状态需要候选数、置信度、跨提示一致性和域偏移四个门槛全部通过才结束，任一否决项都转迁移。缺省、非法、冲突状态采取保守分支；已经重试一次的结果不能再次触发检测器。检测器必须设置 finish_after_tool=false；迁移顾问使用当前图片和视觉探针并设置 finish_after_tool=true。,True,examples/images/planner_retry_optimizer_matched_v12/icecyan_three_spoke_lockwheel.png,"[{""action"": ""rexomni_detection"", ""arg_contains"": {""label"": [""冰青三辐锁紧轮""]}, ""decision_type"": ""tool"", ""required_args"": {""finish_after_tool"": false}}, {""action"": ""rexomni_detection"", ""arg_contains"": {""label"": [""冰青三辐锁紧轮""]}, ""decision_type"": ""tool"", ""required_args"": {""finish_after_tool"": false}}, {""action"": ""migration_advisor"", ""arg_contains"": {""user_query"": [""深水码头输油站异常路径终验1480号""]}, ""decision_type"": ""tool"", ""required_args"": {""finish_after_tool"": true, ""use_image"": true, ""use_visual_probe"": true}}]","[""rag_answer"", ""re_question"", ""answerer"", ""flux-image-generation"", ""qwen_detection"", ""pipeline_eval""]","{""action_match"": 0.65, ""argument_match"": 0.1, ""decision_type_valid"": 0.03, ""final_tool_finish"": 0.1, ""finish_after_tool"": 0.1, ""json_valid"": 0.02, ""no_forbidden_action"": 0.1, ""no_premature_stop"": 0.1, ""no_repeated_tool"": 0.1, ""no_skip_required_probe"": 0.1, ""strict_action_match"": true, ""strict_argument_types"": true, ""wrong_action_cap"": 0.2}",True,1.0,"[""rexomni_detection"", ""rexomni_detection"", ""migration_advisor""]",rexomni_detection,"[{""_planner_metrics"": {""api_call_ms"": 7719.813, ""first_api_call_ms"": 7719.813, ""first_finish_reason"": ""stop"", ""first_input_tokens"": 4036, ""first_output_tokens"": 52, ""first_total_tokens"": 4088, ""input_tokens"": 4036, ""output_tokens"": 52, ""parse_ms"": 0.719, ""planner_total_ms"": 7830.973, ""prompt_build_ms"": 0.573, ""retry_count"": 0, ""retry_reason"": """", ""total_tokens"": 4088}, ""action"": ""rexomni_detection"", ""action_input"": {""finish_after_tool"": false, ""label"": ""冰青三辐锁紧轮""}, ""clarification_question"": """", ""decision_type"": ""tool"", ""end_reason"": """", ""final_answer"": """", ""thought"": ""先执行用户指定的检测器以取得当前结构化状态。""}, {""_planner_metrics"": {""api_call_ms"": 7060.421, ""first_api_call_ms"": 7060.421, ""first_finish_reason"": ""stop"", ""first_input_tokens"": 4341, ""first_output_tokens"": 54, ""first_total_tokens"": 4395, ""input_tokens"": 4341, ""output_tokens"": 54, ""parse_ms"": 0.205, ""planner_total_ms"": 7079.765, ""prompt_build_ms"": 0.545, ""retry_count"": 0, ""retry_reason"": """", ""total_tokens"": 4395}, ""action"": ""rexomni_detection"", ""action_input"": {""finish_after_tool"": false, ""label"": ""冰青三辐锁紧轮""}, ""clarification_question"": """", ""decision_type"": ""tool"", ""end_reason"": """", ""final_answer"": """", ""thought"": ""最新状态满足错误重试条件，需要再次使用同一检测器。""}, {""_planner_metrics"": {""api_call_ms"": 9193.458, ""first_api_call_ms"": 9193.458, ""first_finish_reason"": ""stop"", ""first_input_tokens"": 4644, ""first_output_tokens"": 73, ""first_total_tokens"": 4717, ""input_tokens"": 4644, ""output_tokens"": 73, ""parse_ms"": 0.205, ""planner_total_ms"": 9213.706, ""prompt_build_ms"": 0.59, ""retry_count"": 0, ""retry_reason"": """", ""total_tokens"": 4717}, ""action"": ""migration_advisor"", ""action_input"": {""finish_after_tool"": true, ""use_image"": true, ""use_visual_probe"": true, ""user_query"": ""深水码头输油站异常路径终验1480号""}, ""clarification_question"": """", ""decision_type"": ""tool"", ""end_reason"": """", ""final_answer"": """", ""thought"": ""最新状态未满足结束或迁移条件，需要继续按规则推进。""}]",,7830.973,7719.813,4036,52,1,1,True,False
PROMV12-TA-004-QWEN-FR2,fresh_retry_step2,迁移队列已经建立，请先裁决最新机器状态：先使用Qwen检测附件中的冰青三辐锁紧轮，检测结果仅作为中间状态。最终需要判断类器官灌流培养台异常路径终验2905号应继续现有能力、结束，还是进入迁移评估。自然语言里的故障等级和预算描述没有路由优先级，只读取本 query 最新 observation 的结构化键值。错误状态仅在 retryable=true 与 retry_count=0 同时成立时复用原检测器一次，否则调用迁移顾问。正常状态需要候选数、置信度、跨提示一致性和域偏移四个门槛全部通过才结束，任一否决项都转迁移。缺省、非法、冲突状态采取保守分支；已经重试一次的结果不能再次触发检测器。检测器必须设置 finish_after_tool=false；迁移顾问使用当前图片和视觉探针并设置 finish_after_tool=true。,True,examples/images/planner_retry_optimizer_matched_v12/icecyan_three_spoke_lockwheel.png,"[{""action"": ""qwen_detection"", ""arg_contains"": {""label"": [""冰青三辐锁紧轮""]}, ""decision_type"": ""tool"", ""required_args"": {""finish_after_tool"": false}}, {""action"": ""qwen_detection"", ""arg_contains"": {""label"": [""冰青三辐锁紧轮""]}, ""decision_type"": ""tool"", ""required_args"": {""finish_after_tool"": false}}, {""arg_contains"": {}, ""decision_type"": ""end"", ""required_args"": {""end_reason"": ""memory_hit""}}]","[""rag_answer"", ""re_question"", ""answerer"", ""flux-image-generation"", ""rexomni_detection"", ""pipeline_eval"", ""migration_advisor""]","{""action_match"": 0.65, ""argument_match"": 0.1, ""decision_type_valid"": 0.03, ""final_tool_finish"": 0.1, ""finish_after_tool"": 0.1, ""json_valid"": 0.02, ""no_forbidden_action"": 0.1, ""no_premature_stop"": 0.1, ""no_repeated_tool"": 0.1, ""no_skip_required_probe"": 0.1, ""strict_action_match"": true, ""strict_argument_types"": true, ""wrong_action_cap"": 0.2}",False,0.725,"[""qwen_detection"", ""qwen_detection"", ""migration_advisor""]",qwen_detection,"[{""_planner_metrics"": {""api_call_ms"": 6539.983, ""first_api_call_ms"": 6539.983, ""first_finish_reason"": ""stop"", ""first_input_tokens"": 4028, ""first_output_tokens"": 51, ""first_total_tokens"": 4079, ""input_tokens"": 4028, ""output_tokens"": 51, ""parse_ms"": 0.198, ""planner_total_ms"": 6558.285, ""prompt_build_ms"": 0.495, ""retry_count"": 0, ""retry_reason"": """", ""total_tokens"": 4079}, ""action"": ""qwen_detection"", ""action_input"": {""finish_after_tool"": false, ""label"": ""冰青三辐锁紧轮""}, ""clarification_question"": """", ""decision_type"": ""tool"", ""end_reason"": """", ""final_answer"": """", ""thought"": ""先执行用户指定的检测器以取得当前结构化状态。""}, {""_planner_metrics"": {""api_call_ms"": 6914.164, ""first_api_call_ms"": 6914.164, ""first_finish_reason"": ""stop"", ""first_input_tokens"": 4340, ""first_output_tokens"": 53, ""first_total_tokens"": 4393, ""input_tokens"": 4340, ""output_tokens"": 53, ""parse_ms"": 0.198, ""planner_total_ms"": 6933.567, ""prompt_build_ms"": 0.608, ""retry_count"": 0, ""retry_reason"": """", ""total_tokens"": 4393}, ""action"": ""qwen_detection"", ""action_input"": {""finish_after_tool"": false, ""label"": ""冰青三辐锁紧轮""}, ""clarification_question"": """", ""decision_type"": ""tool"", ""end_reason"": """", ""final_answer"": """", ""thought"": ""最新状态满足错误状态重试条件，应继续使用同一检测器。""}, {""_planner_metrics"": {""api_call_ms"": 9207.639, ""first_api_call_ms"": 9207.639, ""first_finish_reason"": ""stop"", ""first_input_tokens"": 4648, ""first_output_tokens"": 74, ""first_total_tokens"": 4722, ""input_tokens"": 4648, ""output_tokens"": 74, ""parse_ms"": 0.214, ""planner_total_ms"": 9227.587, ""prompt_build_ms"": 0.645, ""retry_count"": 0, ""retry_reason"": """", ""total_tokens"": 4722}, ""action"": ""migration_advisor"", ""action_input"": {""finish_after_tool"": true, ""use_image"": true, ""use_visual_probe"": true, ""user_query"": ""类器官灌流培养台异常路径终验2905号""}, ""clarification_question"": """", ""decision_type"": ""tool"", ""end_reason"": """", ""final_answer"": """", ""thought"": ""最新状态未满足结束或迁移条件，需要继续按规则处理。""}]","step3:decision_type expected 'end', got 'tool' | step3:action expected 'end', got 'migration_advisor' | step3:arg 'end_reason' expected 'memory_hit', got '' | forbidden:migration_advisor",6558.285,6539.983,4028,51,0,1,False,True
PROMV12-TA-006-REX-CF2,conflicting_state_step2,设备失联只是背景，仍须核对当前显式额度：先使用Rex-Omni检测附件中的冰青三辐锁紧轮，检测结果仅作为中间状态。最终需要判断深水码头输油站异常路径终验1480号应继续现有能力、结束，还是进入迁移评估。自然语言里的故障等级和预算描述没有路由优先级，只读取本 query 最新 observation 的结构化键值。错误状态仅在 retryable=true 与 retry_count=0 同时成立时复用原检测器一次，否则调用迁移顾问。正常状态需要候选数、置信度、跨提示一致性和域偏移四个门槛全部通过才结束，任一否决项都转迁移。缺省、非法、冲突状态采取保守分支；已经重试一次的结果不能再次触发检测器。检测器必须设置 finish_after_tool=false；迁移顾问使用当前图片和视觉探针并设置 finish_after_tool=true。,True,examples/images/planner_retry_optimizer_matched_v12/icecyan_three_spoke_lockwheel.png,"[{""action"": ""rexomni_detection"", ""arg_contains"": {""label"": [""冰青三辐锁紧轮""]}, ""decision_type"": ""tool"", ""required_args"": {""finish_after_tool"": false}}, {""action"": ""migration_advisor"", ""arg_contains"": {""user_query"": [""深水码头输油站异常路径终验1480号""]}, ""decision_type"": ""tool"", ""required_args"": {""finish_after_tool"": true, ""use_image"": true, ""use_visual_probe"": true}}]","[""rag_answer"", ""re_question"", ""answerer"", ""flux-image-generation"", ""qwen_detection"", ""pipeline_eval""]","{""action_match"": 0.65, ""argument_match"": 0.1, ""decision_type_valid"": 0.03, ""final_tool_finish"": 0.1, ""finish_after_tool"": 0.1, ""json_valid"": 0.02, ""no_forbidden_action"": 0.1, ""no_premature_stop"": 0.1, ""no_repeated_tool"": 0.1, ""no_skip_required_probe"": 0.1, ""strict_action_match"": true, ""strict_argument_types"": true, ""wrong_action_cap"": 0.2}",True,1.0,"[""rexomni_detection"", ""migration_advisor""]",rexomni_detection,"[{""_planner_metrics"": {""api_call_ms"": 6656.499, ""first_api_call_ms"": 6656.499, ""first_finish_reason"": ""stop"", ""first_input_tokens"": 4036, ""first_output_tokens"": 52, ""first_total_tokens"": 4088, ""input_tokens"": 4036, ""output_tokens"": 52, ""parse_ms"": 0.239, ""planner_total_ms"": 6673.381, ""prompt_build_ms"": 0.535, ""retry_count"": 0, ""retry_reason"": """", ""total_tokens"": 4088}, ""action"": ""rexomni_detection"", ""action_input"": {""finish_after_tool"": false, ""label"": ""冰青三辐锁紧轮""}, ""clarification_question"": """", ""decision_type"": ""tool"", ""end_reason"": """", ""final_answer"": """", ""thought"": ""先执行用户指定的检测器以取得当前结构化状态。""}, {""_planner_metrics"": {""api_call_ms"": 8968.124, ""first_api_call_ms"": 8968.124, ""first_finish_reason"": ""stop"", ""first_input_tokens"": 4331, ""first_output_tokens"": 73, ""first_total_tokens"": 4404, ""input_tokens"": 4331, ""output_tokens"": 73, ""parse_ms"": 0.137, ""planner_total_ms"": 8983.824, ""prompt_build_ms"": 0.531, ""retry_count"": 0, ""retry_reason"": """", ""total_tokens"": 4404}, ""action"": ""migration_advisor"", ""action_input"": {""finish_after_tool"": true, ""use_image"": true, ""use_visual_probe"": true, ""user_query"": ""深水码头输油站异常路径终验1480号""}, ""clarification_question"": """", ""decision_type"": ""tool"", ""end_reason"": """", ""final_answer"": """", ""thought"": ""最新状态未满足结束或重试条件，需要进入能力迁移评估。""}]",,6673.381,6656.499,4036,52,1,1,True,False
PROMV12-TA-003-QWEN-PV3,post_retry_metric_veto_step3,旧故障结论不得覆盖最后一条结构化回执：先使用Qwen检测附件中的冰青三辐锁紧轮，检测结果仅作为中间状态。最终需要判断深水码头输油站重试边界复审2398号应继续现有能力、结束，还是进入迁移评估。自然语言里的故障等级和预算描述没有路由优先级，只读取本 query 最新 observation 的结构化键值。错误状态仅在 retryable=true 与 retry_count=0 同时成立时复用原检测器一次，否则调用迁移顾问。正常状态需要候选数、置信度、跨提示一致性和域偏移四个门槛全部通过才结束，任一否决项都转迁移。缺省、非法、冲突状态采取保守分支；已经重试一次的结果不能再次触发检测器。检测器必须设置 finish_after_tool=false；迁移顾问使用当前图片和视觉探针并设置 finish_after_tool=true。,True,examples/images/planner_retry_optimizer_matched_v12/icecyan_three_spoke_lockwheel.png,"[{""action"": ""qwen_detection"", ""arg_contains"": {""label"": [""冰青三辐锁紧轮""]}, ""decision_type"": ""tool"", ""required_args"": {""finish_after_tool"": false}}, {""action"": ""qwen_detection"", ""arg_contains"": {""label"": [""冰青三辐锁紧轮""]}, ""decision_type"": ""tool"", ""required_args"": {""finish_after_tool"": false}}, {""action"": ""migration_advisor"", ""arg_contains"": {""user_query"": [""深水码头输油站重试边界复审2398号""]}, ""decision_type"": ""tool"", ""required_args"": {""finish_after_tool"": true, ""use_image"": true, ""use_visual_probe"": true}}]","[""rag_answer"", ""re_question"", ""answerer"", ""flux-image-generation"", ""rexomni_detection"", ""pipeline_eval""]","{""action_match"": 0.65, ""argument_match"": 0.1, ""decision_type_valid"": 0.03, ""final_tool_finish"": 0.1, ""finish_after_tool"": 0.1, ""json_valid"": 0.02, ""no_forbidden_action"": 0.1, ""no_premature_stop"": 0.1, ""no_repeated_tool"": 0.1, ""no_skip_required_probe"": 0.1, ""strict_action_match"": true, ""strict_argument_types"": true, ""wrong_action_cap"": 0.2}",False,0.428125,"[""qwen_detection"", ""migration_advisor"", ""final_answer""]",qwen_detection,"[{""_planner_metrics"": {""api_call_ms"": 6530.779, ""first_api_call_ms"": 6530.779, ""first_finish_reason"": ""stop"", ""first_input_tokens"": 4022, ""first_output_tokens"": 51, ""first_total_tokens"": 4073, ""input_tokens"": 4022, ""output_tokens"": 51, ""parse_ms"": 0.203, ""planner_total_ms"": 6548.222, ""prompt_build_ms"": 0.406, ""retry_count"": 0, ""retry_reason"": """", ""total_tokens"": 4073}, ""action"": ""qwen_detection"", ""action_input"": {""finish_after_tool"": false, ""label"": ""冰青三辐锁紧轮""}, ""clarification_question"": """", ""decision_type"": ""tool"", ""end_reason"": """", ""final_answer"": """", ""thought"": ""先执行用户指定的检测器以取得当前结构化状态。""}, {""_planner_metrics"": {""api_call_ms"": 8842.831, ""first_api_call_ms"": 8842.831, ""first_finish_reason"": ""stop"", ""first_input_tokens"": 4327, ""first_output_tokens"": 72, ""first_total_tokens"": 4399, ""input_tokens"": 4327, ""output_tokens"": 72, ""parse_ms"": 0.122, ""planner_total_ms"": 8861.112, ""prompt_build_ms"": 0.643, ""retry_count"": 0, ""retry_reason"": """", ""total_tokens"": 4399}, ""action"": ""migration_advisor"", ""action_input"": {""finish_after_tool"": true, ""use_image"": true, ""use_visual_probe"": true, ""user_query"": ""深水码头输油站重试边界复审2398号""}, ""clarification_question"": """", ""decision_type"": ""tool"", ""end_reason"": """", ""final_answer"": """", ""thought"": ""最新状态未满足结束或重试条件，需要进入能力迁移评估。""}, {""_planner_metrics"": {""api_call_ms"": 4877.437, ""first_api_call_ms"": 4877.437, ""first_finish_reason"": ""stop"", ""first_input_tokens"": 4654, ""first_output_tokens"": 32, ""first_total_tokens"": 4686, ""input_tokens"": 4654, ""output_tokens"": 32, ""parse_ms"": 0.185, ""planner_total_ms"": 4893.602, ""prompt_build_ms"": 0.581, ""retry_count"": 0, ""retry_reason"": """", ""total_tokens"": 4686}, ""action"": ""final_answer"", ""action_input"": {}, ""clarification_question"": """", ""decision_type"": ""end"", ""end_reason"": ""memory_hit"", ""final_answer"": """", ""thought"": ""最新状态已满足结束条件，可以终止本轮规划。""}]","step2:action expected 'qwen_detection', got 'migration_advisor' | step2:finish_after_tool expected False, got True | step2:arg 'label' expected to contain ['冰青三辐锁紧轮'], got None | step3:decision_type expected 'tool', got 'end' | step3:action expected 'migration_advisor', got 'end' | step3:finish_after_tool expected True, got None | step3:arg 'use_image' expected True, got None | step3:arg 'use_visual_probe' expected True, got None | step3:arg 'user_query' expected to contain ['深水码头输油站重试边界复审2398号'], got None",6548.222,6530.779,4022,51,0,1,False,True
PROMV12-TA-012-REX-PV3,post_retry_metric_veto_step3,完成本轮异常探针的最终路由：先使用Rex-Omni检测附件中的冰青三辐锁紧轮，检测结果仅作为中间状态。最终需要判断深水码头输油站稳定状态会签5128号应继续现有能力、结束，还是进入迁移评估。自然语言里的故障等级和预算描述没有路由优先级，只读取本 query 最新 observation 的结构化键值。错误状态仅在 retryable=true 与 retry_count=0 同时成立时复用原检测器一次，否则调用迁移顾问。正常状态需要候选数、置信度、跨提示一致性和域偏移四个门槛全部通过才结束，任一否决项都转迁移。缺省、非法、冲突状态采取保守分支；已经重试一次的结果不能再次触发检测器。检测器必须设置 finish_after_tool=false；迁移顾问使用当前图片和视觉探针并设置 finish_after_tool=true。,True,examples/images/planner_retry_optimizer_matched_v12/icecyan_three_spoke_lockwheel.png,"[{""action"": ""rexomni_detection"", ""arg_contains"": {""label"": [""冰青三辐锁紧轮""]}, ""decision_type"": ""tool"", ""required_args"": {""finish_after_tool"": false}}, {""action"": ""rexomni_detection"", ""arg_contains"": {""label"": [""冰青三辐锁紧轮""]}, ""decision_type"": ""tool"", ""required_args"": {""finish_after_tool"": false}}, {""action"": ""migration_advisor"", ""arg_contains"": {""user_query"": [""深水码头输油站稳定状态会签5128号""]}, ""decision_type"": ""tool"", ""required_args"": {""finish_after_tool"": true, ""use_image"": true, ""use_visual_probe"": true}}]","[""rag_answer"", ""re_question"", ""answerer"", ""flux-image-generation"", ""qwen_detection"", ""pipeline_eval""]","{""action_match"": 0.65, ""argument_match"": 0.1, ""decision_type_valid"": 0.03, ""final_tool_finish"": 0.1, ""finish_after_tool"": 0.1, ""json_valid"": 0.02, ""no_forbidden_action"": 0.1, ""no_premature_stop"": 0.1, ""no_repeated_tool"": 0.1, ""no_skip_required_probe"": 0.1, ""strict_action_match"": true, ""strict_argument_types"": true, ""wrong_action_cap"": 0.2}",True,1.0,"[""rexomni_detection"", ""rexomni_detection"", ""migration_advisor""]",rexomni_detection,"[{""_planner_metrics"": {""api_call_ms"": 6584.238, ""first_api_call_ms"": 6584.238, ""first_finish_reason"": ""stop"", ""first_input_tokens"": 4024, ""first_output_tokens"": 52, ""first_total_tokens"": 4076, ""input_tokens"": 4024, ""output_tokens"": 52, ""parse_ms"": 0.115, ""planner_total_ms"": 6601.294, ""prompt_build_ms"": 0.504, ""retry_count"": 0, ""retry_reason"": """", ""total_tokens"": 4076}, ""action"": ""rexomni_detection"", ""action_input"": {""finish_after_tool"": false, ""label"": ""冰青三辐锁紧轮""}, ""clarification_question"": """", ""decision_type"": ""tool"", ""end_reason"": """", ""final_answer"": """", ""thought"": ""先执行用户指定的检测器以取得当前结构化状态。""}, {""_planner_metrics"": {""api_call_ms"": 7006.409, ""first_api_call_ms"": 7006.409, ""first_finish_reason"": ""stop"", ""first_input_tokens"": 4337, ""first_output_tokens"": 54, ""first_total_tokens"": 4391, ""input_tokens"": 4337, ""output_tokens"": 54, ""parse_ms"": 0.202, ""planner_total_ms"": 7022.815, ""prompt_build_ms"": 0.508, ""retry_count"": 0, ""retry_reason"": """", ""total_tokens"": 4391}, ""action"": ""rexomni_detection"", ""action_input"": {""finish_after_tool"": false, ""label"": ""冰青三辐锁紧轮""}, ""clarification_question"": """", ""decision_type"": ""tool"", ""end_reason"": """", ""final_answer"": """", ""thought"": ""最新状态满足错误重试条件，需要再次使用同一检测器。""}, {""_planner_metrics"": {""api_call_ms"": 9142.505, ""first_api_call_ms"": 9142.505, ""first_finish_reason"": ""stop"", ""first_input_tokens"": 4646, ""first_output_tokens"": 73, ""first_total_tokens"": 4719, ""input_tokens"": 4646, ""output_tokens"": 73, ""parse_ms"": 0.122, ""planner_total_ms"": 9160.364, ""prompt_build_ms"": 0.646, ""retry_count"": 0, ""retry_reason"": """", ""total_tokens"": 4719}, ""action"": ""migration_advisor"", ""action_input"": {""finish_after_tool"": true, ""use_image"": true, ""use_visual_probe"": true, ""user_query"": ""深水码头输油站稳定状态会签5128号""}, ""clarification_question"": """", ""decision_type"": ""tool"", ""end_reason"": """", ""final_answer"": """", ""thought"": ""最新状态未满足结束或重试条件，需要进入能力迁移评估。""}]",,6601.294,6584.238,4024,52,1,1,True,False
PROMV12-TA-004-REX-FR2,fresh_retry_step2,迁移队列已经建立，请先裁决最新机器状态：先使用Rex-Omni检测附件中的冰青三辐锁紧轮，检测结果仅作为中间状态。最终需要判断类器官灌流培养台异常路径终验2905号应继续现有能力、结束，还是进入迁移评估。自然语言里的故障等级和预算描述没有路由优先级，只读取本 query 最新 observation 的结构化键值。错误状态仅在 retryable=true 与 retry_count=0 同时成立时复用原检测器一次，否则调用迁移顾问。正常状态需要候选数、置信度、跨提示一致性和域偏移四个门槛全部通过才结束，任一否决项都转迁移。缺省、非法、冲突状态采取保守分支；已经重试一次的结果不能再次触发检测器。检测器必须设置 finish_after_tool=false；迁移顾问使用当前图片和视觉探针并设置 finish_after_tool=true。,True,examples/images/planner_retry_optimizer_matched_v12/icecyan_three_spoke_lockwheel.png,"[{""action"": ""rexomni_detection"", ""arg_contains"": {""label"": [""冰青三辐锁紧轮""]}, ""decision_type"": ""tool"", ""required_args"": {""finish_after_tool"": false}}, {""action"": ""rexomni_detection"", ""arg_contains"": {""label"": [""冰青三辐锁紧轮""]}, ""decision_type"": ""tool"", ""required_args"": {""finish_after_tool"": false}}, {""arg_contains"": {}, ""decision_type"": ""end"", ""required_args"": {""end_reason"": ""memory_hit""}}]","[""rag_answer"", ""re_question"", ""answerer"", ""flux-image-generation"", ""qwen_detection"", ""pipeline_eval"", ""migration_advisor""]","{""action_match"": 0.65, ""argument_match"": 0.1, ""decision_type_valid"": 0.03, ""final_tool_finish"": 0.1, ""finish_after_tool"": 0.1, ""json_valid"": 0.02, ""no_forbidden_action"": 0.1, ""no_premature_stop"": 0.1, ""no_repeated_tool"": 0.1, ""no_skip_required_probe"": 0.1, ""strict_action_match"": true, ""strict_argument_types"": true, ""wrong_action_cap"": 0.2}",False,0.671875,"[""rexomni_detection"", ""migration_advisor"", ""final_answer""]",rexomni_detection,"[{""_planner_metrics"": {""api_call_ms"": 6662.515, ""first_api_call_ms"": 6662.515, ""first_finish_reason"": ""stop"", ""first_input_tokens"": 4034, ""first_output_tokens"": 52, ""first_total_tokens"": 4086, ""input_tokens"": 4034, ""output_tokens"": 52, ""parse_ms"": 0.156, ""planner_total_ms"": 6678.048, ""prompt_build_ms"": 0.439, ""retry_count"": 0, ""retry_reason"": """", ""total_tokens"": 4086}, ""action"": ""rexomni_detection"", ""action_input"": {""finish_after_tool"": false, ""label"": ""冰青三辐锁紧轮""}, ""clarification_question"": """", ""decision_type"": ""tool"", ""end_reason"": """", ""final_answer"": """", ""thought"": ""先执行用户指定的检测器以取得当前结构化状态。""}, {""_planner_metrics"": {""api_call_ms"": 9221.584, ""first_api_call_ms"": 9221.584, ""first_finish_reason"": ""stop"", ""first_input_tokens"": 4349, ""first_output_tokens"": 75, ""first_total_tokens"": 4424, ""input_tokens"": 4349, ""output_tokens"": 75, ""parse_ms"": 0.235, ""planner_total_ms"": 9237.325, ""prompt_build_ms"": 0.501, ""retry_count"": 0, ""retry_reason"": """", ""total_tokens"": 4424}, ""action"": ""migration_advisor"", ""action_input"": {""finish_after_tool"": true, ""use_image"": true, ""use_visual_probe"": true, ""user_query"": ""类器官灌流培养台异常路径终验2905号""}, ""clarification_question"": """", ""decision_type"": ""tool"", ""end_reason"": """", ""final_answer"": """", ""thought"": ""最新状态满足错误状态条件，需要调用迁移顾问进行能力边界评估。""}, {""_planner_metrics"": {""api_call_ms"": 4784.821, ""first_api_call_ms"": 4784.821, ""first_finish_reason"": ""stop"", ""first_input_tokens"": 4683, ""first_output_tokens"": 31, ""first_total_tokens"": 4714, ""input_tokens"": 4683, ""output_tokens"": 31, ""parse_ms"": 0.105, ""planner_total_ms"": 4804.362, ""prompt_build_ms"": 0.583, ""retry_count"": 0, ""retry_reason"": """", ""total_tokens"": 4714}, ""action"": ""final_answer"", ""action_input"": {}, ""clarification_question"": """", ""decision_type"": ""end"", ""end_reason"": ""memory_hit"", ""final_answer"": """", ""thought"": ""最新状态已满足结束条件，可以收口。""}]","step2:action expected 'rexomni_detection', got 'migration_advisor' | step2:finish_after_tool expected False, got True | step2:arg 'label' expected to contain ['冰青三辐锁紧轮'], got None | forbidden:migration_advisor",6678.048,6662.515,4034,52,0,1,False,True
PROMV12-TA-002-REX-MS2,missing_required_state_step2,迁移队列已经建立，请先裁决最新机器状态：先使用Rex-Omni检测附件中的焦糖十字分流块，检测结果仅作为中间状态。最终需要判断火星车悬架试验间重试边界复审7063号应继续现有能力、结束，还是进入迁移评估。自然语言里的故障等级和预算描述没有路由优先级，只读取本 query 最新 observation 的结构化键值。错误状态仅在 retryable=true 与 retry_count=0 同时成立时复用原检测器一次，否则调用迁移顾问。正常状态需要候选数、置信度、跨提示一致性和域偏移四个门槛全部通过才结束，任一否决项都转迁移。缺省、非法、冲突状态采取保守分支；已经重试一次的结果不能再次触发检测器。检测器必须设置 finish_after_tool=false；迁移顾问使用当前图片和视觉探针并设置 finish_after_tool=true。,True,examples/images/planner_retry_optimizer_matched_v12/caramel_cross_diverter.png,"[{""action"": ""rexomni_detection"", ""arg_contains"": {""label"": [""焦糖十字分流块""]}, ""decision_type"": ""tool"", ""required_args"": {""finish_after_tool"": false}}, {""action"": ""migration_advisor"", ""arg_contains"": {""user_query"": [""火星车悬架试验间重试边界复审7063号""]}, ""decision_type"": ""tool"", ""required_args"": {""finish_after_tool"": true, ""use_image"": true, ""use_visual_probe"": true}}]","[""rag_answer"", ""re_question"", ""answerer"", ""flux-image-generation"", ""qwen_detection"", ""pipeline_eval""]","{""action_match"": 0.65, ""argument_match"": 0.1, ""decision_type_valid"": 0.03, ""final_tool_finish"": 0.1, ""finish_after_tool"": 0.1, ""json_valid"": 0.02, ""no_forbidden_action"": 0.1, ""no_premature_stop"": 0.1, ""no_repeated_tool"": 0.1, ""no_skip_required_probe"": 0.1, ""strict_action_match"": true, ""strict_argument_types"": true, ""wrong_action_cap"": 0.2}",True,1.0,"[""rexomni_detection"", ""migration_advisor""]",rexomni_detection,"[{""_planner_metrics"": {""api_call_ms"": 6327.686, ""first_api_call_ms"": 6327.686, ""first_finish_reason"": ""stop"", ""first_input_tokens"": 4023, ""first_output_tokens"": 49, ""first_total_tokens"": 4072, ""input_tokens"": 4023, ""output_tokens"": 49, ""parse_ms"": 0.114, ""planner_total_ms"": 6341.293, ""prompt_build_ms"": 0.466, ""retry_count"": 0, ""retry_reason"": """", ""total_tokens"": 4072}, ""action"": ""rexomni_detection"", ""action_input"": {""finish_after_tool"": false, ""label"": ""焦糖十字分流块""}, ""clarification_question"": """", ""decision_type"": ""tool"", ""end_reason"": """", ""final_answer"": """", ""thought"": ""先执行用户指定的检测器以取得当前结构化状态。""}, {""_planner_metrics"": {""api_call_ms"": 8908.999, ""first_api_call_ms"": 8908.999, ""first_finish_reason"": ""stop"", ""first_input_tokens"": 4329, ""first_output_tokens"": 72, ""first_total_tokens"": 4401, ""input_tokens"": 4329, ""output_tokens"": 72, ""parse_ms"": 0.23, ""planner_total_ms"": 8924.604, ""prompt_build_ms"": 0.494, ""retry_count"": 0, ""retry_reason"": """", ""total_tokens"": 4401}, ""action"": ""migration_advisor"", ""action_input"": {""finish_after_tool"": true, ""use_image"": true, ""use_visual_probe"": true, ""user_query"": ""火星车悬架试验间重试边界复审7063号""}, ""clarification_question"": """", ""decision_type"": ""tool"", ""end_reason"": """", ""final_answer"": """", ""thought"": ""最新状态未满足结束或重试条件，需要进入能力迁移评估。""}]",,6341.293,6327.686,4023,49,1,1,True,False
PROMV12-TA-009-QWEN-CF2,conflicting_state_step2,设备失联只是背景，仍须核对当前显式额度：先使用Qwen检测附件中的焦糖十字分流块，检测结果仅作为中间状态。最终需要判断火星车悬架试验间稳定状态会签3100号应继续现有能力、结束，还是进入迁移评估。自然语言里的故障等级和预算描述没有路由优先级，只读取本 query 最新 observation 的结构化键值。错误状态仅在 retryable=true 与 retry_count=0 同时成立时复用原检测器一次，否则调用迁移顾问。正常状态需要候选数、置信度、跨提示一致性和域偏移四个门槛全部通过才结束，任一否决项都转迁移。缺省、非法、冲突状态采取保守分支；已经重试一次的结果不能再次触发检测器。检测器必须设置 finish_after_tool=false；迁移顾问使用当前图片和视觉探针并设置 finish_after_tool=true。,True,examples/images/planner_retry_optimizer_matched_v12/caramel_cross_diverter.png,"[{""action"": ""qwen_detection"", ""arg_contains"": {""label"": [""焦糖十字分流块""]}, ""decision_type"": ""tool"", ""required_args"": {""finish_after_tool"": false}}, {""action"": ""migration_advisor"", ""arg_contains"": {""user_query"": [""火星车悬架试验间稳定状态会签3100号""]}, ""decision_type"": ""tool"", ""required_args"": {""finish_after_tool"": true, ""use_image"": true, ""use_visual_probe"": true}}]","[""rag_answer"", ""re_question"", ""answerer"", ""flux-image-generation"", ""rexomni_detection"", ""pipeline_eval""]","{""action_match"": 0.65, ""argument_match"": 0.1, ""decision_type_valid"": 0.03, ""final_tool_finish"": 0.1, ""finish_after_tool"": 0.1, ""json_valid"": 0.02, ""no_forbidden_action"": 0.1, ""no_premature_stop"": 0.1, ""no_repeated_tool"": 0.1, ""no_skip_required_probe"": 0.1, ""strict_action_match"": true, ""strict_argument_types"": true, ""wrong_action_cap"": 0.2}",True,1.0,"[""qwen_detection"", ""migration_advisor""]",qwen_detection,"[{""_planner_metrics"": {""api_call_ms"": 6240.858, ""first_api_call_ms"": 6240.858, ""first_finish_reason"": ""stop"", ""first_input_tokens"": 4023, ""first_output_tokens"": 48, ""first_total_tokens"": 4071, ""input_tokens"": 4023, ""output_tokens"": 48, ""parse_ms"": 0.111, ""planner_total_ms"": 6258.42, ""prompt_build_ms"": 0.477, ""retry_count"": 0, ""retry_reason"": """", ""total_tokens"": 4071}, ""action"": ""qwen_detection"", ""action_input"": {""finish_after_tool"": false, ""label"": ""焦糖十字分流块""}, ""clarification_question"": """", ""decision_type"": ""tool"", ""end_reason"": """", ""final_answer"": """", ""thought"": ""先执行用户指定的检测器以取得当前结构化状态。""}, {""_planner_metrics"": {""api_call_ms"": 9064.031, ""first_api_call_ms"": 9064.031, ""first_finish_reason"": ""stop"", ""first_input_tokens"": 4319, ""first_output_tokens"": 73, ""first_total_tokens"": 4392, ""input_tokens"": 4319, ""output_tokens"": 73, ""parse_ms"": 0.132, ""planner_total_ms"": 9078.871, ""prompt_build_ms"": 0.521, ""retry_count"": 0, ""retry_reason"": """", ""total_tokens"": 4392}, ""action"": ""migration_advisor"", ""action_input"": {""finish_after_tool"": true, ""use_image"": true, ""use_visual_probe"": true, ""user_query"": ""火星车悬架试验间稳定状态会签3100号""}, ""clarification_question"": """", ""decision_type"": ""tool"", ""end_reason"": """", ""final_answer"": """", ""thought"": ""最新状态未满足结束或重试条件，需要进入能力迁移评估。""}]",,6258.42,6240.858,4023,48,1,1,True,False
PROMV12-TA-001-QWEN-CS2,current_success_step2,旧故障结论不得覆盖最后一条结构化回执：先使用Qwen检测附件中的冰青三辐锁紧轮，检测结果仅作为中间状态。最终需要判断火星车悬架试验间异常路径终验7873号应继续现有能力、结束，还是进入迁移评估。自然语言里的故障等级和预算描述没有路由优先级，只读取本 query 最新 observation 的结构化键值。错误状态仅在 retryable=true 与 retry_count=0 同时成立时复用原检测器一次，否则调用迁移顾问。正常状态需要候选数、置信度、跨提示一致性和域偏移四个门槛全部通过才结束，任一否决项都转迁移。缺省、非法、冲突状态采取保守分支；已经重试一次的结果不能再次触发检测器。检测器必须设置 finish_after_tool=false；迁移顾问使用当前图片和视觉探针并设置 finish_after_tool=true。,True,examples/images/planner_retry_optimizer_matched_v12/icecyan_three_spoke_lockwheel.png,"[{""action"": ""qwen_detection"", ""arg_contains"": {""label"": [""冰青三辐锁紧轮""]}, ""decision_type"": ""tool"", ""required_args"": {""finish_after_tool"": false}}, {""arg_contains"": {}, ""decision_type"": ""end"", ""required_args"": {""end_reason"": ""memory_hit""}}]","[""rag_answer"", ""re_question"", ""answerer"", ""flux-image-generation"", ""rexomni_detection"", ""pipeline_eval"", ""migration_advisor""]","{""action_match"": 0.65, ""argument_match"": 0.1, ""decision_type_valid"": 0.03, ""final_tool_finish"": 0.1, ""finish_after_tool"": 0.1, ""json_valid"": 0.02, ""no_forbidden_action"": 0.1, ""no_premature_stop"": 0.1, ""no_repeated_tool"": 0.1, ""no_skip_required_probe"": 0.1, ""strict_action_match"": true, ""strict_argument_types"": true, ""wrong_action_cap"": 0.2}",True,1.0,"[""qwen_detection"", ""final_answer""]",qwen_detection,"[{""_planner_metrics"": {""api_call_ms"": 6557.563, ""first_api_call_ms"": 6557.563, ""first_finish_reason"": ""stop"", ""first_input_tokens"": 4021, ""first_output_tokens"": 51, ""first_total_tokens"": 4072, ""input_tokens"": 4021, ""output_tokens"": 51, ""parse_ms"": 0.123, ""planner_total_ms"": 6570.985, ""prompt_build_ms"": 0.41, ""retry_count"": 0, ""retry_reason"": """", ""total_tokens"": 4072}, ""action"": ""qwen_detection"", ""action_input"": {""finish_after_tool"": false, ""label"": ""冰青三辐锁紧轮""}, ""clarification_question"": """", ""decision_type"": ""tool"", ""end_reason"": """", ""final_answer"": """", ""thought"": ""先执行用户指定的检测器以取得当前结构化状态。""}, {""_planner_metrics"": {""api_call_ms"": 4944.608, ""first_api_call_ms"": 4944.608, ""first_finish_reason"": ""stop"", ""first_input_tokens"": 4329, ""first_output_tokens"": 34, ""first_total_tokens"": 4363, ""input_tokens"": 4329, ""output_tokens"": 34, ""parse_ms"": 0.187, ""planner_total_ms"": 4959.495, ""prompt_build_ms"": 0.5, ""retry_count"": 0, ""retry_reason"": """", ""total_tokens"": 4363}, ""action"": ""final_answer"", ""action_input"": {}, ""clarification_question"": """", ""decision_type"": ""end"", ""end_reason"": ""memory_hit"", ""final_answer"": """", ""thought"": ""最新结构化状态已满足全部硬门槛，可以结束本轮规划。""}]",,6570.985,6557.563,4021,51,1,1,True,False
PROMV12-TA-011-QWEN-CS2,current_success_step2,迁移队列已经建立，请先裁决最新机器状态：先使用Qwen检测附件中的焦糖十字分流块，检测结果仅作为中间状态。最终需要判断非晶合金铸造炉稳定状态会签6874号应继续现有能力、结束，还是进入迁移评估。自然语言里的故障等级和预算描述没有路由优先级，只读取本 query 最新 observation 的结构化键值。错误状态仅在 retryable=true 与 retry_count=0 同时成立时复用原检测器一次，否则调用迁移顾问。正常状态需要候选数、置信度、跨提示一致性和域偏移四个门槛全部通过才结束，任一否决项都转迁移。缺省、非法、冲突状态采取保守分支；已经重试一次的结果不能再次触发检测器。检测器必须设置 finish_after_tool=false；迁移顾问使用当前图片和视觉探针并设置 finish_after_tool=true。,True,examples/images/planner_retry_optimizer_matched_v12/caramel_cross_diverter.png,"[{""action"": ""qwen_detection"", ""arg_contains"": {""label"": [""焦糖十字分流块""]}, ""decision_type"": ""tool"", ""required_args"": {""finish_after_tool"": false}}, {""arg_contains"": {}, ""decision_type"": ""end"", ""required_args"": {""end_reason"": ""memory_hit""}}]","[""rag_answer"", ""re_question"", ""answerer"", ""flux-image-generation"", ""rexomni_detection"", ""pipeline_eval"", ""migration_advisor""]","{""action_match"": 0.65, ""argument_match"": 0.1, ""decision_type_valid"": 0.03, ""final_tool_finish"": 0.1, ""finish_after_tool"": 0.1, ""json_valid"": 0.02, ""no_forbidden_action"": 0.1, ""no_premature_stop"": 0.1, ""no_repeated_tool"": 0.1, ""no_skip_required_probe"": 0.1, ""strict_action_match"": true, ""strict_argument_types"": true, ""wrong_action_cap"": 0.2}",True,1.0,"[""qwen_detection"", ""final_answer""]",qwen_detection,"[{""_planner_metrics"": {""api_call_ms"": 6198.664, ""first_api_call_ms"": 6198.664, ""first_finish_reason"": ""stop"", ""first_input_tokens"": 4016, ""first_output_tokens"": 48, ""first_total_tokens"": 4064, ""input_tokens"": 4016, ""output_tokens"": 48, ""parse_ms"": 0.122, ""planner_total_ms"": 6214.857, ""prompt_build_ms"": 0.484, ""retry_count"": 0, ""retry_reason"": """", ""total_tokens"": 4064}, ""action"": ""qwen_detection"", ""action_input"": {""finish_after_tool"": false, ""label"": ""焦糖十字分流块""}, ""clarification_question"": """", ""decision_type"": ""tool"", ""end_reason"": """", ""final_answer"": """", ""thought"": ""先执行用户指定的检测器以取得当前结构化状态。""}, {""_planner_metrics"": {""api_call_ms"": 4945.256, ""first_api_call_ms"": 4945.256, ""first_finish_reason"": ""stop"", ""first_input_tokens"": 4314, ""first_output_tokens"": 34, ""first_total_tokens"": 4348, ""input_tokens"": 4314, ""output_tokens"": 34, ""parse_ms"": 0.111, ""planner_total_ms"": 4959.886, ""prompt_build_ms"": 0.485, ""retry_count"": 0, ""retry_reason"": """", ""total_tokens"": 4348}, ""action"": ""final_answer"", ""action_input"": {}, ""clarification_question"": """", ""decision_type"": ""end"", ""end_reason"": ""memory_hit"", ""final_answer"": """", ""thought"": ""最新结构化状态已满足全部硬门槛，可以结束本轮规划。""}]",,6214.857,6198.664,4016,48,1,1,True,False
PROMV12-TA-011-QWEN-FR2,fresh_retry_step2,迁移队列已经建立，请先裁决最新机器状态：先使用Qwen检测附件中的焦糖十字分流块，检测结果仅作为中间状态。最终需要判断非晶合金铸造炉稳定状态会签6874号应继续现有能力、结束，还是进入迁移评估。自然语言里的故障等级和预算描述没有路由优先级，只读取本 query 最新 observation 的结构化键值。错误状态仅在 retryable=true 与 retry_count=0 同时成立时复用原检测器一次，否则调用迁移顾问。正常状态需要候选数、置信度、跨提示一致性和域偏移四个门槛全部通过才结束，任一否决项都转迁移。缺省、非法、冲突状态采取保守分支；已经重试一次的结果不能再次触发检测器。检测器必须设置 finish_after_tool=false；迁移顾问使用当前图片和视觉探针并设置 finish_after_tool=true。,True,examples/images/planner_retry_optimizer_matched_v12/caramel_cross_diverter.png,"[{""action"": ""qwen_detection"", ""arg_contains"": {""label"": [""焦糖十字分流块""]}, ""decision_type"": ""tool"", ""required_args"": {""finish_after_tool"": false}}, {""action"": ""qwen_detection"", ""arg_contains"": {""label"": [""焦糖十字分流块""]}, ""decision_type"": ""tool"", ""required_args"": {""finish_after_tool"": false}}, {""arg_contains"": {}, ""decision_type"": ""end"", ""required_args"": {""end_reason"": ""memory_hit""}}]","[""rag_answer"", ""re_question"", ""answerer"", ""flux-image-generation"", ""rexomni_detection"", ""pipeline_eval"", ""migration_advisor""]","{""action_match"": 0.65, ""argument_match"": 0.1, ""decision_type_valid"": 0.03, ""final_tool_finish"": 0.1, ""finish_after_tool"": 0.1, ""json_valid"": 0.02, ""no_forbidden_action"": 0.1, ""no_premature_stop"": 0.1, ""no_repeated_tool"": 0.1, ""no_skip_required_probe"": 0.1, ""strict_action_match"": true, ""strict_argument_types"": true, ""wrong_action_cap"": 0.2}",False,0.725,"[""qwen_detection"", ""qwen_detection"", ""migration_advisor""]",qwen_detection,"[{""_planner_metrics"": {""api_call_ms"": 6220.245, ""first_api_call_ms"": 6220.245, ""first_finish_reason"": ""stop"", ""first_input_tokens"": 4019, ""first_output_tokens"": 48, ""first_total_tokens"": 4067, ""input_tokens"": 4019, ""output_tokens"": 48, ""parse_ms"": 0.116, ""planner_total_ms"": 6234.383, ""prompt_build_ms"": 0.445, ""retry_count"": 0, ""retry_reason"": """", ""total_tokens"": 4067}, ""action"": ""qwen_detection"", ""action_input"": {""finish_after_tool"": false, ""label"": ""焦糖十字分流块""}, ""clarification_question"": """", ""decision_type"": ""tool"", ""end_reason"": """", ""final_answer"": """", ""thought"": ""先执行用户指定的检测器以取得当前结构化状态。""}, {""_planner_metrics"": {""api_call_ms"": 6687.773, ""first_api_call_ms"": 6687.773, ""first_finish_reason"": ""stop"", ""first_input_tokens"": 4325, ""first_output_tokens"": 51, ""first_total_tokens"": 4376, ""input_tokens"": 4325, ""output_tokens"": 51, ""parse_ms"": 0.117, ""planner_total_ms"": 6702.155, ""prompt_build_ms"": 0.471, ""retry_count"": 0, ""retry_reason"": """", ""total_tokens"": 4376}, ""action"": ""qwen_detection"", ""action_input"": {""finish_after_tool"": false, ""label"": ""焦糖十字分流块""}, ""clarification_question"": """", ""decision_type"": ""tool"", ""end_reason"": """", ""final_answer"": """", ""thought"": ""最新状态满足错误状态重试条件，需要再次调用同一检测器。""}, {""_planner_metrics"": {""api_call_ms"": 9086.022, ""first_api_call_ms"": 9086.022, ""first_finish_reason"": ""stop"", ""first_input_tokens"": 4625, ""first_output_tokens"": 73, ""first_total_tokens"": 4698, ""input_tokens"": 4625, ""output_tokens"": 73, ""parse_ms"": 0.22, ""planner_total_ms"": 9101.786, ""prompt_build_ms"": 0.519, ""retry_count"": 0, ""retry_reason"": """", ""total_tokens"": 4698}, ""action"": ""migration_advisor"", ""action_input"": {""finish_after_tool"": true, ""use_image"": true, ""use_visual_probe"": true, ""user_query"": ""非晶合金铸造炉稳定状态会签6874号""}, ""clarification_question"": """", ""decision_type"": ""tool"", ""end_reason"": """", ""final_answer"": """", ""thought"": ""最新状态未满足结束或迁移条件，需要继续按规则处理。""}]","step3:decision_type expected 'end', got 'tool' | step3:action expected 'end', got 'migration_advisor' | step3:arg 'end_reason' expected 'memory_hit', got '' | forbidden:migration_advisor",6234.383,6220.245,4019,48,0,1,False,True
PROMV12-TA-001-REX-PS3,post_retry_success_step3,旧故障结论不得覆盖最后一条结构化回执：先使用Rex-Omni检测附件中的冰青三辐锁紧轮，检测结果仅作为中间状态。最终需要判断火星车悬架试验间异常路径终验7873号应继续现有能力、结束，还是进入迁移评估。自然语言里的故障等级和预算描述没有路由优先级，只读取本 query 最新 observation 的结构化键值。错误状态仅在 retryable=true 与 retry_count=0 同时成立时复用原检测器一次，否则调用迁移顾问。正常状态需要候选数、置信度、跨提示一致性和域偏移四个门槛全部通过才结束，任一否决项都转迁移。缺省、非法、冲突状态采取保守分支；已经重试一次的结果不能再次触发检测器。检测器必须设置 finish_after_tool=false；迁移顾问使用当前图片和视觉探针并设置 finish_after_tool=true。,True,examples/images/planner_retry_optimizer_matched_v12/icecyan_three_spoke_lockwheel.png,"[{""action"": ""rexomni_detection"", ""arg_contains"": {""label"": [""冰青三辐锁紧轮""]}, ""decision_type"": ""tool"", ""required_args"": {""finish_after_tool"": false}}, {""action"": ""rexomni_detection"", ""arg_contains"": {""label"": [""冰青三辐锁紧轮""]}, ""decision_type"": ""tool"", ""required_args"": {""finish_after_tool"": false}}, {""arg_contains"": {}, ""decision_type"": ""end"", ""required_args"": {""end_reason"": ""memory_hit""}}]","[""rag_answer"", ""re_question"", ""answerer"", ""flux-image-generation"", ""qwen_detection"", ""pipeline_eval"", ""migration_advisor""]","{""action_match"": 0.65, ""argument_match"": 0.1, ""decision_type_valid"": 0.03, ""final_tool_finish"": 0.1, ""finish_after_tool"": 0.1, ""json_valid"": 0.02, ""no_forbidden_action"": 0.1, ""no_premature_stop"": 0.1, ""no_repeated_tool"": 0.1, ""no_skip_required_probe"": 0.1, ""strict_action_match"": true, ""strict_argument_types"": true, ""wrong_action_cap"": 0.2}",False,0.671875,"[""rexomni_detection"", ""migration_advisor"", ""final_answer""]",rexomni_detection,"[{""_planner_metrics"": {""api_call_ms"": 6804.711, ""first_api_call_ms"": 6804.711, ""first_finish_reason"": ""stop"", ""first_input_tokens"": 4030, ""first_output_tokens"": 52, ""first_total_tokens"": 4082, ""input_tokens"": 4030, ""output_tokens"": 52, ""parse_ms"": 0.137, ""planner_total_ms"": 6819.701, ""prompt_build_ms"": 0.463, ""retry_count"": 0, ""retry_reason"": """", ""total_tokens"": 4082}, ""action"": ""rexomni_detection"", ""action_input"": {""finish_after_tool"": false, ""label"": ""冰青三辐锁紧轮""}, ""clarification_question"": """", ""decision_type"": ""tool"", ""end_reason"": """", ""final_answer"": """", ""thought"": ""先执行用户指定的检测器以取得当前结构化状态。""}, {""_planner_metrics"": {""api_call_ms"": 9385.552, ""first_api_call_ms"": 9385.552, ""first_finish_reason"": ""stop"", ""first_input_tokens"": 4347, ""first_output_tokens"": 73, ""first_total_tokens"": 4420, ""input_tokens"": 4347, ""output_tokens"": 73, ""parse_ms"": 0.13, ""planner_total_ms"": 9403.14, ""prompt_build_ms"": 0.528, ""retry_count"": 0, ""retry_reason"": """", ""total_tokens"": 4420}, ""action"": ""migration_advisor"", ""action_input"": {""finish_after_tool"": true, ""use_image"": true, ""use_visual_probe"": true, ""user_query"": ""火星车悬架试验间异常路径终验7873号""}, ""clarification_question"": """", ""decision_type"": ""tool"", ""end_reason"": """", ""final_answer"": """", ""thought"": ""最新状态未满足结束或重试条件，需要进入能力迁移评估。""}, {""_planner_metrics"": {""api_call_ms"": 4926.553, ""first_api_call_ms"": 4926.553, ""first_finish_reason"": ""stop"", ""first_input_tokens"": 4680, ""first_output_tokens"": 32, ""first_total_tokens"": 4712, ""input_tokens"": 4680, ""output_tokens"": 32, ""parse_ms"": 0.118, ""planner_total_ms"": 4942.91, ""prompt_build_ms"": 0.543, ""retry_count"": 0, ""retry_reason"": """", ""total_tokens"": 4712}, ""action"": ""final_answer"", ""action_input"": {}, ""clarification_question"": """", ""decision_type"": ""end"", ""end_reason"": ""memory_hit"", ""final_answer"": """", ""thought"": ""最新状态已满足结束条件，可以终止本轮规划。""}]","step2:action expected 'rexomni_detection', got 'migration_advisor' | step2:finish_after_tool expected False, got True | step2:arg 'label' expected to contain ['冰青三辐锁紧轮'], got None | forbidden:migration_advisor",6819.701,6804.711,4030,52,0,1,False,True
PROMV12-TA-003-REX-PS3,post_retry_success_step3,旧故障结论不得覆盖最后一条结构化回执：先使用Rex-Omni检测附件中的冰青三辐锁紧轮，检测结果仅作为中间状态。最终需要判断深水码头输油站重试边界复审2398号应继续现有能力、结束，还是进入迁移评估。自然语言里的故障等级和预算描述没有路由优先级，只读取本 query 最新 observation 的结构化键值。错误状态仅在 retryable=true 与 retry_count=0 同时成立时复用原检测器一次，否则调用迁移顾问。正常状态需要候选数、置信度、跨提示一致性和域偏移四个门槛全部通过才结束，任一否决项都转迁移。缺省、非法、冲突状态采取保守分支；已经重试一次的结果不能再次触发检测器。检测器必须设置 finish_after_tool=false；迁移顾问使用当前图片和视觉探针并设置 finish_after_tool=true。,True,examples/images/planner_retry_optimizer_matched_v12/icecyan_three_spoke_lockwheel.png,"[{""action"": ""rexomni_detection"", ""arg_contains"": {""label"": [""冰青三辐锁紧轮""]}, ""decision_type"": ""tool"", ""required_args"": {""finish_after_tool"": false}}, {""action"": ""rexomni_detection"", ""arg_contains"": {""label"": [""冰青三辐锁紧轮""]}, ""decision_type"": ""tool"", ""required_args"": {""finish_after_tool"": false}}, {""arg_contains"": {}, ""decision_type"": ""end"", ""required_args"": {""end_reason"": ""memory_hit""}}]","[""rag_answer"", ""re_question"", ""answerer"", ""flux-image-generation"", ""qwen_detection"", ""pipeline_eval"", ""migration_advisor""]","{""action_match"": 0.65, ""argument_match"": 0.1, ""decision_type_valid"": 0.03, ""final_tool_finish"": 0.1, ""finish_after_tool"": 0.1, ""json_valid"": 0.02, ""no_forbidden_action"": 0.1, ""no_premature_stop"": 0.1, ""no_repeated_tool"": 0.1, ""no_skip_required_probe"": 0.1, ""strict_action_match"": true, ""strict_argument_types"": true, ""wrong_action_cap"": 0.2}",False,0.671875,"[""rexomni_detection"", ""migration_advisor"", ""final_answer""]",rexomni_detection,"[{""_planner_metrics"": {""api_call_ms"": 6606.697, ""first_api_call_ms"": 6606.697, ""first_finish_reason"": ""stop"", ""first_input_tokens"": 4028, ""first_output_tokens"": 52, ""first_total_tokens"": 4080, ""input_tokens"": 4028, ""output_tokens"": 52, ""parse_ms"": 0.125, ""planner_total_ms"": 6620.501, ""prompt_build_ms"": 0.411, ""retry_count"": 0, ""retry_reason"": """", ""total_tokens"": 4080}, ""action"": ""rexomni_detection"", ""action_input"": {""finish_after_tool"": false, ""label"": ""冰青三辐锁紧轮""}, ""clarification_question"": """", ""decision_type"": ""tool"", ""end_reason"": """", ""final_answer"": """", ""thought"": ""先执行用户指定的检测器以取得当前结构化状态。""}, {""_planner_metrics"": {""api_call_ms"": 8859.253, ""first_api_call_ms"": 8859.253, ""first_finish_reason"": ""stop"", ""first_input_tokens"": 4337, ""first_output_tokens"": 72, ""first_total_tokens"": 4409, ""input_tokens"": 4337, ""output_tokens"": 72, ""parse_ms"": 0.175, ""planner_total_ms"": 8873.141, ""prompt_build_ms"": 0.397, ""retry_count"": 0, ""retry_reason"": """", ""total_tokens"": 4409}, ""action"": ""migration_advisor"", ""action_input"": {""finish_after_tool"": true, ""use_image"": true, ""use_visual_probe"": true, ""user_query"": ""深水码头输油站重试边界复审2398号""}, ""clarification_question"": """", ""decision_type"": ""tool"", ""end_reason"": """", ""final_answer"": """", ""thought"": ""最新状态未满足结束或重试条件，需要进入能力迁移评估。""}, {""_planner_metrics"": {""api_call_ms"": 4880.07, ""first_api_call_ms"": 4880.07, ""first_finish_reason"": ""stop"", ""first_input_tokens"": 4663, ""first_output_tokens"": 32, ""first_total_tokens"": 4695, ""input_tokens"": 4663, ""output_tokens"": 32, ""parse_ms"": 0.168, ""planner_total_ms"": 4894.956, ""prompt_build_ms"": 0.463, ""retry_count"": 0, ""retry_reason"": """", ""total_tokens"": 4695}, ""action"": ""final_answer"", ""action_input"": {}, ""clarification_question"": """", ""decision_type"": ""end"", ""end_reason"": ""memory_hit"", ""final_answer"": """", ""thought"": ""最新状态已满足结束条件，可以终止本轮规划。""}]","step2:action expected 'rexomni_detection', got 'migration_advisor' | step2:finish_after_tool expected False, got True | step2:arg 'label' expected to contain ['冰青三辐锁紧轮'], got None | forbidden:migration_advisor",6620.501,6606.697,4028,52,0,1,False,True
PROMV12-TA-002-REX-PV3,post_retry_metric_veto_step3,迁移队列已经建立，请先裁决最新机器状态：先使用Rex-Omni检测附件中的焦糖十字分流块，检测结果仅作为中间状态。最终需要判断火星车悬架试验间重试边界复审7063号应继续现有能力、结束，还是进入迁移评估。自然语言里的故障等级和预算描述没有路由优先级，只读取本 query 最新 observation 的结构化键值。错误状态仅在 retryable=true 与 retry_count=0 同时成立时复用原检测器一次，否则调用迁移顾问。正常状态需要候选数、置信度、跨提示一致性和域偏移四个门槛全部通过才结束，任一否决项都转迁移。缺省、非法、冲突状态采取保守分支；已经重试一次的结果不能再次触发检测器。检测器必须设置 finish_after_tool=false；迁移顾问使用当前图片和视觉探针并设置 finish_after_tool=true。,True,examples/images/planner_retry_optimizer_matched_v12/caramel_cross_diverter.png,"[{""action"": ""rexomni_detection"", ""arg_contains"": {""label"": [""焦糖十字分流块""]}, ""decision_type"": ""tool"", ""required_args"": {""finish_after_tool"": false}}, {""action"": ""rexomni_detection"", ""arg_contains"": {""label"": [""焦糖十字分流块""]}, ""decision_type"": ""tool"", ""required_args"": {""finish_after_tool"": false}}, {""action"": ""migration_advisor"", ""arg_contains"": {""user_query"": [""火星车悬架试验间重试边界复审7063号""]}, ""decision_type"": ""tool"", ""required_args"": {""finish_after_tool"": true, ""use_image"": true, ""use_visual_probe"": true}}]","[""rag_answer"", ""re_question"", ""answerer"", ""flux-image-generation"", ""qwen_detection"", ""pipeline_eval""]","{""action_match"": 0.65, ""argument_match"": 0.1, ""decision_type_valid"": 0.03, ""final_tool_finish"": 0.1, ""finish_after_tool"": 0.1, ""json_valid"": 0.02, ""no_forbidden_action"": 0.1, ""no_premature_stop"": 0.1, ""no_repeated_tool"": 0.1, ""no_skip_required_probe"": 0.1, ""strict_action_match"": true, ""strict_argument_types"": true, ""wrong_action_cap"": 0.2}",True,1.0,"[""rexomni_detection"", ""rexomni_detection"", ""migration_advisor""]",rexomni_detection,"[{""_planner_metrics"": {""api_call_ms"": 6349.766, ""first_api_call_ms"": 6349.766, ""first_finish_reason"": ""stop"", ""first_input_tokens"": 4023, ""first_output_tokens"": 49, ""first_total_tokens"": 4072, ""input_tokens"": 4023, ""output_tokens"": 49, ""parse_ms"": 0.144, ""planner_total_ms"": 6364.555, ""prompt_build_ms"": 0.478, ""retry_count"": 0, ""retry_reason"": """", ""total_tokens"": 4072}, ""action"": ""rexomni_detection"", ""action_input"": {""finish_after_tool"": false, ""label"": ""焦糖十字分流块""}, ""clarification_question"": """", ""decision_type"": ""tool"", ""end_reason"": """", ""final_answer"": """", ""thought"": ""先执行用户指定的检测器以取得当前结构化状态。""}, {""_planner_metrics"": {""api_call_ms"": 6829.785, ""first_api_call_ms"": 6829.785, ""first_finish_reason"": ""stop"", ""first_input_tokens"": 4330, ""first_output_tokens"": 52, ""first_total_tokens"": 4382, ""input_tokens"": 4330, ""output_tokens"": 52, ""parse_ms"": 0.114, ""planner_total_ms"": 6847.284, ""prompt_build_ms"": 0.429, ""retry_count"": 0, ""retry_reason"": """", ""total_tokens"": 4382}, ""action"": ""rexomni_detection"", ""action_input"": {""finish_after_tool"": false, ""label"": ""焦糖十字分流块""}, ""clarification_question"": """", ""decision_type"": ""tool"", ""end_reason"": """", ""final_answer"": """", ""thought"": ""最新状态满足错误状态重试条件，需要再次调用同一检测器。""}, {""_planner_metrics"": {""api_call_ms"": 9153.636, ""first_api_call_ms"": 9153.636, ""first_finish_reason"": ""stop"", ""first_input_tokens"": 4637, ""first_output_tokens"": 72, ""first_total_tokens"": 4709, ""input_tokens"": 4637, ""output_tokens"": 72, ""parse_ms"": 0.138, ""planner_total_ms"": 9170.632, ""prompt_build_ms"": 0.523, ""retry_count"": 0, ""retry_reason"": """", ""total_tokens"": 4709}, ""action"": ""migration_advisor"", ""action_input"": {""finish_after_tool"": true, ""use_image"": true, ""use_visual_probe"": true, ""user_query"": ""火星车悬架试验间重试边界复审7063号""}, ""clarification_question"": """", ""decision_type"": ""tool"", ""end_reason"": """", ""final_answer"": """", ""thought"": ""最新状态未满足结束或重试条件，需要进入能力迁移评估。""}]",,6364.555,6349.766,4023,49,1,1,True,False
PROMV12-TA-010-QWEN-NR2,nonretryable_step2,完成本轮异常探针的最终路由：先使用Qwen检测附件中的焦糖十字分流块，检测结果仅作为中间状态。最终需要判断非晶合金铸造炉重试边界复审8156号应继续现有能力、结束，还是进入迁移评估。自然语言里的故障等级和预算描述没有路由优先级，只读取本 query 最新 observation 的结构化键值。错误状态仅在 retryable=true 与 retry_count=0 同时成立时复用原检测器一次，否则调用迁移顾问。正常状态需要候选数、置信度、跨提示一致性和域偏移四个门槛全部通过才结束，任一否决项都转迁移。缺省、非法、冲突状态采取保守分支；已经重试一次的结果不能再次触发检测器。检测器必须设置 finish_after_tool=false；迁移顾问使用当前图片和视觉探针并设置 finish_after_tool=true。,True,examples/images/planner_retry_optimizer_matched_v12/caramel_cross_diverter.png,"[{""action"": ""qwen_detection"", ""arg_contains"": {""label"": [""焦糖十字分流块""]}, ""decision_type"": ""tool"", ""required_args"": {""finish_after_tool"": false}}, {""action"": ""migration_advisor"", ""arg_contains"": {""user_query"": [""非晶合金铸造炉重试边界复审8156号""]}, ""decision_type"": ""tool"", ""required_args"": {""finish_after_tool"": true, ""use_image"": true, ""use_visual_probe"": true}}]","[""rag_answer"", ""re_question"", ""answerer"", ""flux-image-generation"", ""rexomni_detection"", ""pipeline_eval""]","{""action_match"": 0.65, ""argument_match"": 0.1, ""decision_type_valid"": 0.03, ""final_tool_finish"": 0.1, ""finish_after_tool"": 0.1, ""json_valid"": 0.02, ""no_forbidden_action"": 0.1, ""no_premature_stop"": 0.1, ""no_repeated_tool"": 0.1, ""no_skip_required_probe"": 0.1, ""strict_action_match"": true, ""strict_argument_types"": true, ""wrong_action_cap"": 0.2}",True,1.0,"[""qwen_detection"", ""migration_advisor""]",qwen_detection,"[{""_planner_metrics"": {""api_call_ms"": 6448.243, ""first_api_call_ms"": 6448.243, ""first_finish_reason"": ""stop"", ""first_input_tokens"": 4009, ""first_output_tokens"": 48, ""first_total_tokens"": 4057, ""input_tokens"": 4009, ""output_tokens"": 48, ""parse_ms"": 0.117, ""planner_total_ms"": 6464.149, ""prompt_build_ms"": 0.459, ""retry_count"": 0, ""retry_reason"": """", ""total_tokens"": 4057}, ""action"": ""qwen_detection"", ""action_input"": {""finish_after_tool"": false, ""label"": ""焦糖十字分流块""}, ""clarification_question"": """", ""decision_type"": ""tool"", ""end_reason"": """", ""final_answer"": """", ""thought"": ""先执行用户指定的检测器以取得当前结构化状态。""}, {""_planner_metrics"": {""api_call_ms"": 9008.46, ""first_api_call_ms"": 9008.46, ""first_finish_reason"": ""stop"", ""first_input_tokens"": 4310, ""first_output_tokens"": 72, ""first_total_tokens"": 4382, ""input_tokens"": 4310, ""output_tokens"": 72, ""parse_ms"": 0.13, ""planner_total_ms"": 9022.968, ""prompt_build_ms"": 0.494, ""retry_count"": 0, ""retry_reason"": """", ""total_tokens"": 4382}, ""action"": ""migration_advisor"", ""action_input"": {""finish_after_tool"": true, ""use_image"": true, ""use_visual_probe"": true, ""user_query"": ""非晶合金铸造炉重试边界复审8156号""}, ""clarification_question"": """", ""decision_type"": ""tool"", ""end_reason"": """", ""final_answer"": """", ""thought"": ""最新状态未满足结束或重试条件，需要进入能力迁移评估。""}]",,6464.149,6448.243,4009,48,1,1,True,False
PROMV12-TA-006-QWEN-BE2,budget_exhausted_step2,设备失联只是背景，仍须核对当前显式额度：先使用Qwen检测附件中的冰青三辐锁紧轮，检测结果仅作为中间状态。最终需要判断深水码头输油站异常路径终验1480号应继续现有能力、结束，还是进入迁移评估。自然语言里的故障等级和预算描述没有路由优先级，只读取本 query 最新 observation 的结构化键值。错误状态仅在 retryable=true 与 retry_count=0 同时成立时复用原检测器一次，否则调用迁移顾问。正常状态需要候选数、置信度、跨提示一致性和域偏移四个门槛全部通过才结束，任一否决项都转迁移。缺省、非法、冲突状态采取保守分支；已经重试一次的结果不能再次触发检测器。检测器必须设置 finish_after_tool=false；迁移顾问使用当前图片和视觉探针并设置 finish_after_tool=true。,True,examples/images/planner_retry_optimizer_matched_v12/icecyan_three_spoke_lockwheel.png,"[{""action"": ""qwen_detection"", ""arg_contains"": {""label"": [""冰青三辐锁紧轮""]}, ""decision_type"": ""tool"", ""required_args"": {""finish_after_tool"": false}}, {""action"": ""migration_advisor"", ""arg_contains"": {""user_query"": [""深水码头输油站异常路径终验1480号""]}, ""decision_type"": ""tool"", ""required_args"": {""finish_after_tool"": true, ""use_image"": true, ""use_visual_probe"": true}}]","[""rag_answer"", ""re_question"", ""answerer"", ""flux-image-generation"", ""rexomni_detection"", ""pipeline_eval""]","{""action_match"": 0.65, ""argument_match"": 0.1, ""decision_type_valid"": 0.03, ""final_tool_finish"": 0.1, ""finish_after_tool"": 0.1, ""json_valid"": 0.02, ""no_forbidden_action"": 0.1, ""no_premature_stop"": 0.1, ""no_repeated_tool"": 0.1, ""no_skip_required_probe"": 0.1, ""strict_action_match"": true, ""strict_argument_types"": true, ""wrong_action_cap"": 0.2}",True,1.0,"[""qwen_detection"", ""migration_advisor""]",qwen_detection,"[{""_planner_metrics"": {""api_call_ms"": 6568.235, ""first_api_call_ms"": 6568.235, ""first_finish_reason"": ""stop"", ""first_input_tokens"": 4030, ""first_output_tokens"": 51, ""first_total_tokens"": 4081, ""input_tokens"": 4030, ""output_tokens"": 51, ""parse_ms"": 0.122, ""planner_total_ms"": 6581.751, ""prompt_build_ms"": 0.442, ""retry_count"": 0, ""retry_reason"": """", ""total_tokens"": 4081}, ""action"": ""qwen_detection"", ""action_input"": {""finish_after_tool"": false, ""label"": ""冰青三辐锁紧轮""}, ""clarification_question"": """", ""decision_type"": ""tool"", ""end_reason"": """", ""final_answer"": """", ""thought"": ""先执行用户指定的检测器以取得当前结构化状态。""}, {""_planner_metrics"": {""api_call_ms"": 8955.711, ""first_api_call_ms"": 8955.711, ""first_finish_reason"": ""stop"", ""first_input_tokens"": 4331, ""first_output_tokens"": 73, ""first_total_tokens"": 4404, ""input_tokens"": 4331, ""output_tokens"": 73, ""parse_ms"": 0.199, ""planner_total_ms"": 8971.502, ""prompt_build_ms"": 0.452, ""retry_count"": 0, ""retry_reason"": """", ""total_tokens"": 4404}, ""action"": ""migration_advisor"", ""action_input"": {""finish_after_tool"": true, ""use_image"": true, ""use_visual_probe"": true, ""user_query"": ""深水码头输油站异常路径终验1480号""}, ""clarification_question"": """", ""decision_type"": ""tool"", ""end_reason"": """", ""final_answer"": """", ""thought"": ""最新状态未满足结束或重试条件，需要进入能力迁移评估。""}]",,6581.751,6568.235,4030,51,1,1,True,False
PROMV12-TA-009-QWEN-CS2,current_success_step2,设备失联只是背景，仍须核对当前显式额度：先使用Qwen检测附件中的焦糖十字分流块，检测结果仅作为中间状态。最终需要判断火星车悬架试验间稳定状态会签3100号应继续现有能力、结束，还是进入迁移评估。自然语言里的故障等级和预算描述没有路由优先级，只读取本 query 最新 observation 的结构化键值。错误状态仅在 retryable=true 与 retry_count=0 同时成立时复用原检测器一次，否则调用迁移顾问。正常状态需要候选数、置信度、跨提示一致性和域偏移四个门槛全部通过才结束，任一否决项都转迁移。缺省、非法、冲突状态采取保守分支；已经重试一次的结果不能再次触发检测器。检测器必须设置 finish_after_tool=false；迁移顾问使用当前图片和视觉探针并设置 finish_after_tool=true。,True,examples/images/planner_retry_optimizer_matched_v12/caramel_cross_diverter.png,"[{""action"": ""qwen_detection"", ""arg_contains"": {""label"": [""焦糖十字分流块""]}, ""decision_type"": ""tool"", ""required_args"": {""finish_after_tool"": false}}, {""arg_contains"": {}, ""decision_type"": ""end"", ""required_args"": {""end_reason"": ""memory_hit""}}]","[""rag_answer"", ""re_question"", ""answerer"", ""flux-image-generation"", ""rexomni_detection"", ""pipeline_eval"", ""migration_advisor""]","{""action_match"": 0.65, ""argument_match"": 0.1, ""decision_type_valid"": 0.03, ""final_tool_finish"": 0.1, ""finish_after_tool"": 0.1, ""json_valid"": 0.02, ""no_forbidden_action"": 0.1, ""no_premature_stop"": 0.1, ""no_repeated_tool"": 0.1, ""no_skip_required_probe"": 0.1, ""strict_action_match"": true, ""strict_argument_types"": true, ""wrong_action_cap"": 0.2}",True,1.0,"[""qwen_detection"", ""final_answer""]",qwen_detection,"[{""_planner_metrics"": {""api_call_ms"": 6200.499, ""first_api_call_ms"": 6200.499, ""first_finish_reason"": ""stop"", ""first_input_tokens"": 4020, ""first_output_tokens"": 48, ""first_total_tokens"": 4068, ""input_tokens"": 4020, ""output_tokens"": 48, ""parse_ms"": 0.117, ""planner_total_ms"": 6216.705, ""prompt_build_ms"": 0.56, ""retry_count"": 0, ""retry_reason"": """", ""total_tokens"": 4068}, ""action"": ""qwen_detection"", ""action_input"": {""finish_after_tool"": false, ""label"": ""焦糖十字分流块""}, ""clarification_question"": """", ""decision_type"": ""tool"", ""end_reason"": """", ""final_answer"": """", ""thought"": ""先执行用户指定的检测器以取得当前结构化状态。""}, {""_planner_metrics"": {""api_call_ms"": 4943.724, ""first_api_call_ms"": 4943.724, ""first_finish_reason"": ""stop"", ""first_input_tokens"": 4322, ""first_output_tokens"": 34, ""first_total_tokens"": 4356, ""input_tokens"": 4322, ""output_tokens"": 34, ""parse_ms"": 0.103, ""planner_total_ms"": 4958.07, ""prompt_build_ms"": 0.505, ""retry_count"": 0, ""retry_reason"": """", ""total_tokens"": 4356}, ""action"": ""final_answer"", ""action_input"": {}, ""clarification_question"": """", ""decision_type"": ""end"", ""end_reason"": ""memory_hit"", ""final_answer"": """", ""thought"": ""最新结构化状态已满足全部硬门槛，可以结束本轮规划。""}]",,6216.705,6200.499,4020,48,1,1,True,False
PROMV12-TA-008-REX-CS2,current_success_step2,完成本轮异常探针的最终路由：先使用Rex-Omni检测附件中的焦糖十字分流块，检测结果仅作为中间状态。最终需要判断非晶合金铸造炉异常路径终验9752号应继续现有能力、结束，还是进入迁移评估。自然语言里的故障等级和预算描述没有路由优先级，只读取本 query 最新 observation 的结构化键值。错误状态仅在 retryable=true 与 retry_count=0 同时成立时复用原检测器一次，否则调用迁移顾问。正常状态需要候选数、置信度、跨提示一致性和域偏移四个门槛全部通过才结束，任一否决项都转迁移。缺省、非法、冲突状态采取保守分支；已经重试一次的结果不能再次触发检测器。检测器必须设置 finish_after_tool=false；迁移顾问使用当前图片和视觉探针并设置 finish_after_tool=true。,True,examples/images/planner_retry_optimizer_matched_v12/caramel_cross_diverter.png,"[{""action"": ""rexomni_detection"", ""arg_contains"": {""label"": [""焦糖十字分流块""]}, ""decision_type"": ""tool"", ""required_args"": {""finish_after_tool"": false}}, {""arg_contains"": {}, ""decision_type"": ""end"", ""required_args"": {""end_reason"": ""memory_hit""}}]","[""rag_answer"", ""re_question"", ""answerer"", ""flux-image-generation"", ""qwen_detection"", ""pipeline_eval"", ""migration_advisor""]","{""action_match"": 0.65, ""argument_match"": 0.1, ""decision_type_valid"": 0.03, ""final_tool_finish"": 0.1, ""finish_after_tool"": 0.1, ""json_valid"": 0.02, ""no_forbidden_action"": 0.1, ""no_premature_stop"": 0.1, ""no_repeated_tool"": 0.1, ""no_skip_required_probe"": 0.1, ""strict_action_match"": true, ""strict_argument_types"": true, ""wrong_action_cap"": 0.2}",True,1.0,"[""rexomni_detection"", ""final_answer""]",rexomni_detection,"[{""_planner_metrics"": {""api_call_ms"": 6391.814, ""first_api_call_ms"": 6391.814, ""first_finish_reason"": ""stop"", ""first_input_tokens"": 4014, ""first_output_tokens"": 49, ""first_total_tokens"": 4063, ""input_tokens"": 4014, ""output_tokens"": 49, ""parse_ms"": 0.111, ""planner_total_ms"": 6406.51, ""prompt_build_ms"": 0.493, ""retry_count"": 0, ""retry_reason"": """", ""total_tokens"": 4063}, ""action"": ""rexomni_detection"", ""action_input"": {""finish_after_tool"": false, ""label"": ""焦糖十字分流块""}, ""clarification_question"": """", ""decision_type"": ""tool"", ""end_reason"": """", ""final_answer"": """", ""thought"": ""先执行用户指定的检测器以取得当前结构化状态。""}, {""_planner_metrics"": {""api_call_ms"": 4863.364, ""first_api_call_ms"": 4863.364, ""first_finish_reason"": ""stop"", ""first_input_tokens"": 4318, ""first_output_tokens"": 33, ""first_total_tokens"": 4351, ""input_tokens"": 4318, ""output_tokens"": 33, ""parse_ms"": 0.104, ""planner_total_ms"": 4877.17, ""prompt_build_ms"": 0.416, ""retry_count"": 0, ""retry_reason"": """", ""total_tokens"": 4351}, ""action"": ""final_answer"", ""action_input"": {}, ""clarification_question"": """", ""decision_type"": ""end"", ""end_reason"": ""memory_hit"", ""final_answer"": """", ""thought"": ""最新状态已满足全部正常门槛，可以结束本轮规划。""}]",,6406.51,6391.814,4014,49,1,1,True,False
PROMV12-TA-009-REX-PS3,post_retry_success_step3,设备失联只是背景，仍须核对当前显式额度：先使用Rex-Omni检测附件中的焦糖十字分流块，检测结果仅作为中间状态。最终需要判断火星车悬架试验间稳定状态会签3100号应继续现有能力、结束，还是进入迁移评估。自然语言里的故障等级和预算描述没有路由优先级，只读取本 query 最新 observation 的结构化键值。错误状态仅在 retryable=true 与 retry_count=0 同时成立时复用原检测器一次，否则调用迁移顾问。正常状态需要候选数、置信度、跨提示一致性和域偏移四个门槛全部通过才结束，任一否决项都转迁移。缺省、非法、冲突状态采取保守分支；已经重试一次的结果不能再次触发检测器。检测器必须设置 finish_after_tool=false；迁移顾问使用当前图片和视觉探针并设置 finish_after_tool=true。,True,examples/images/planner_retry_optimizer_matched_v12/caramel_cross_diverter.png,"[{""action"": ""rexomni_detection"", ""arg_contains"": {""label"": [""焦糖十字分流块""]}, ""decision_type"": ""tool"", ""required_args"": {""finish_after_tool"": false}}, {""action"": ""rexomni_detection"", ""arg_contains"": {""label"": [""焦糖十字分流块""]}, ""decision_type"": ""tool"", ""required_args"": {""finish_after_tool"": false}}, {""arg_contains"": {}, ""decision_type"": ""end"", ""required_args"": {""end_reason"": ""memory_hit""}}]","[""rag_answer"", ""re_question"", ""answerer"", ""flux-image-generation"", ""qwen_detection"", ""pipeline_eval"", ""migration_advisor""]","{""action_match"": 0.65, ""argument_match"": 0.1, ""decision_type_valid"": 0.03, ""final_tool_finish"": 0.1, ""finish_after_tool"": 0.1, ""json_valid"": 0.02, ""no_forbidden_action"": 0.1, ""no_premature_stop"": 0.1, ""no_repeated_tool"": 0.1, ""no_skip_required_probe"": 0.1, ""strict_action_match"": true, ""strict_argument_types"": true, ""wrong_action_cap"": 0.2}",False,0.725,"[""rexomni_detection"", ""rexomni_detection"", ""migration_advisor""]",rexomni_detection,"[{""_planner_metrics"": {""api_call_ms"": 6367.517, ""first_api_call_ms"": 6367.517, ""first_finish_reason"": ""stop"", ""first_input_tokens"": 4029, ""first_output_tokens"": 49, ""first_total_tokens"": 4078, ""input_tokens"": 4029, ""output_tokens"": 49, ""parse_ms"": 0.112, ""planner_total_ms"": 6380.814, ""prompt_build_ms"": 0.444, ""retry_count"": 0, ""retry_reason"": """", ""total_tokens"": 4078}, ""action"": ""rexomni_detection"", ""action_input"": {""finish_after_tool"": false, ""label"": ""焦糖十字分流块""}, ""clarification_question"": """", ""decision_type"": ""tool"", ""end_reason"": """", ""final_answer"": """", ""thought"": ""先执行用户指定的检测器以取得当前结构化状态。""}, {""_planner_metrics"": {""api_call_ms"": 6699.577, ""first_api_call_ms"": 6699.577, ""first_finish_reason"": ""stop"", ""first_input_tokens"": 4334, ""first_output_tokens"": 51, ""first_total_tokens"": 4385, ""input_tokens"": 4334, ""output_tokens"": 51, ""parse_ms"": 0.117, ""planner_total_ms"": 6713.291, ""prompt_build_ms"": 0.467, ""retry_count"": 0, ""retry_reason"": """", ""total_tokens"": 4385}, ""action"": ""rexomni_detection"", ""action_input"": {""finish_after_tool"": false, ""label"": ""焦糖十字分流块""}, ""clarification_question"": """", ""decision_type"": ""tool"", ""end_reason"": """", ""final_answer"": """", ""thought"": ""最新状态满足错误重试条件，需要再次使用同一检测器。""}, {""_planner_metrics"": {""api_call_ms"": 9090.703, ""first_api_call_ms"": 9090.703, ""first_finish_reason"": ""stop"", ""first_input_tokens"": 4637, ""first_output_tokens"": 73, ""first_total_tokens"": 4710, ""input_tokens"": 4637, ""output_tokens"": 73, ""parse_ms"": 0.144, ""planner_total_ms"": 9106.206, ""prompt_build_ms"": 0.517, ""retry_count"": 0, ""retry_reason"": """", ""total_tokens"": 4710}, ""action"": ""migration_advisor"", ""action_input"": {""finish_after_tool"": true, ""use_image"": true, ""use_visual_probe"": true, ""user_query"": ""火星车悬架试验间稳定状态会签3100号""}, ""clarification_question"": """", ""decision_type"": ""tool"", ""end_reason"": """", ""final_answer"": """", ""thought"": ""最新状态未满足结束或重试条件，需要进入能力迁移评估。""}]","step3:decision_type expected 'end', got 'tool' | step3:action expected 'end', got 'migration_advisor' | step3:arg 'end_reason' expected 'memory_hit', got '' | forbidden:migration_advisor",6380.814,6367.517,4029,49,0,1,False,True
PROMV12-TA-002-QWEN-CF2,conflicting_state_step2,迁移队列已经建立，请先裁决最新机器状态：先使用Qwen检测附件中的焦糖十字分流块，检测结果仅作为中间状态。最终需要判断火星车悬架试验间重试边界复审7063号应继续现有能力、结束，还是进入迁移评估。自然语言里的故障等级和预算描述没有路由优先级，只读取本 query 最新 observation 的结构化键值。错误状态仅在 retryable=true 与 retry_count=0 同时成立时复用原检测器一次，否则调用迁移顾问。正常状态需要候选数、置信度、跨提示一致性和域偏移四个门槛全部通过才结束，任一否决项都转迁移。缺省、非法、冲突状态采取保守分支；已经重试一次的结果不能再次触发检测器。检测器必须设置 finish_after_tool=false；迁移顾问使用当前图片和视觉探针并设置 finish_after_tool=true。,True,examples/images/planner_retry_optimizer_matched_v12/caramel_cross_diverter.png,"[{""action"": ""qwen_detection"", ""arg_contains"": {""label"": [""焦糖十字分流块""]}, ""decision_type"": ""tool"", ""required_args"": {""finish_after_tool"": false}}, {""action"": ""migration_advisor"", ""arg_contains"": {""user_query"": [""火星车悬架试验间重试边界复审7063号""]}, ""decision_type"": ""tool"", ""required_args"": {""finish_after_tool"": true, ""use_image"": true, ""use_visual_probe"": true}}]","[""rag_answer"", ""re_question"", ""answerer"", ""flux-image-generation"", ""rexomni_detection"", ""pipeline_eval""]","{""action_match"": 0.65, ""argument_match"": 0.1, ""decision_type_valid"": 0.03, ""final_tool_finish"": 0.1, ""finish_after_tool"": 0.1, ""json_valid"": 0.02, ""no_forbidden_action"": 0.1, ""no_premature_stop"": 0.1, ""no_repeated_tool"": 0.1, ""no_skip_required_probe"": 0.1, ""strict_action_match"": true, ""strict_argument_types"": true, ""wrong_action_cap"": 0.2}",True,1.0,"[""qwen_detection"", ""migration_advisor""]",qwen_detection,"[{""_planner_metrics"": {""api_call_ms"": 6250.073, ""first_api_call_ms"": 6250.073, ""first_finish_reason"": ""stop"", ""first_input_tokens"": 4017, ""first_output_tokens"": 48, ""first_total_tokens"": 4065, ""input_tokens"": 4017, ""output_tokens"": 48, ""parse_ms"": 0.215, ""planner_total_ms"": 6264.66, ""prompt_build_ms"": 0.41, ""retry_count"": 0, ""retry_reason"": """", ""total_tokens"": 4065}, ""action"": ""qwen_detection"", ""action_input"": {""finish_after_tool"": false, ""label"": ""焦糖十字分流块""}, ""clarification_question"": """", ""decision_type"": ""tool"", ""end_reason"": """", ""final_answer"": """", ""thought"": ""先执行用户指定的检测器以取得当前结构化状态。""}, {""_planner_metrics"": {""api_call_ms"": 8853.505, ""first_api_call_ms"": 8853.505, ""first_finish_reason"": ""stop"", ""first_input_tokens"": 4314, ""first_output_tokens"": 72, ""first_total_tokens"": 4386, ""input_tokens"": 4314, ""output_tokens"": 72, ""parse_ms"": 0.154, ""planner_total_ms"": 8868.924, ""prompt_build_ms"": 0.581, ""retry_count"": 0, ""retry_reason"": """", ""total_tokens"": 4386}, ""action"": ""migration_advisor"", ""action_input"": {""finish_after_tool"": true, ""use_image"": true, ""use_visual_probe"": true, ""user_query"": ""火星车悬架试验间重试边界复审7063号""}, ""clarification_question"": """", ""decision_type"": ""tool"", ""end_reason"": """", ""final_answer"": """", ""thought"": ""最新状态未满足结束或重试条件，需要进入能力迁移评估。""}]",,6264.66,6250.073,4017,48,1,1,True,False
PROMV12-TA-005-QWEN-NR2,nonretryable_step2,设备失联只是背景，仍须核对当前显式额度：先使用Qwen检测附件中的冰青三辐锁紧轮，检测结果仅作为中间状态。最终需要判断类器官灌流培养台重试边界复审5611号应继续现有能力、结束，还是进入迁移评估。自然语言里的故障等级和预算描述没有路由优先级，只读取本 query 最新 observation 的结构化键值。错误状态仅在 retryable=true 与 retry_count=0 同时成立时复用原检测器一次，否则调用迁移顾问。正常状态需要候选数、置信度、跨提示一致性和域偏移四个门槛全部通过才结束，任一否决项都转迁移。缺省、非法、冲突状态采取保守分支；已经重试一次的结果不能再次触发检测器。检测器必须设置 finish_after_tool=false；迁移顾问使用当前图片和视觉探针并设置 finish_after_tool=true。,True,examples/images/planner_retry_optimizer_matched_v12/icecyan_three_spoke_lockwheel.png,"[{""action"": ""qwen_detection"", ""arg_contains"": {""label"": [""冰青三辐锁紧轮""]}, ""decision_type"": ""tool"", ""required_args"": {""finish_after_tool"": false}}, {""action"": ""migration_advisor"", ""arg_contains"": {""user_query"": [""类器官灌流培养台重试边界复审5611号""]}, ""decision_type"": ""tool"", ""required_args"": {""finish_after_tool"": true, ""use_image"": true, ""use_visual_probe"": true}}]","[""rag_answer"", ""re_question"", ""answerer"", ""flux-image-generation"", ""rexomni_detection"", ""pipeline_eval""]","{""action_match"": 0.65, ""argument_match"": 0.1, ""decision_type_valid"": 0.03, ""final_tool_finish"": 0.1, ""finish_after_tool"": 0.1, ""json_valid"": 0.02, ""no_forbidden_action"": 0.1, ""no_premature_stop"": 0.1, ""no_repeated_tool"": 0.1, ""no_skip_required_probe"": 0.1, ""strict_action_match"": true, ""strict_argument_types"": true, ""wrong_action_cap"": 0.2}",True,1.0,"[""qwen_detection"", ""migration_advisor""]",qwen_detection,"[{""_planner_metrics"": {""api_call_ms"": 6542.822, ""first_api_call_ms"": 6542.822, ""first_finish_reason"": ""stop"", ""first_input_tokens"": 4030, ""first_output_tokens"": 51, ""first_total_tokens"": 4081, ""input_tokens"": 4030, ""output_tokens"": 51, ""parse_ms"": 0.113, ""planner_total_ms"": 6558.447, ""prompt_build_ms"": 0.419, ""retry_count"": 0, ""retry_reason"": """", ""total_tokens"": 4081}, ""action"": ""qwen_detection"", ""action_input"": {""finish_after_tool"": false, ""label"": ""冰青三辐锁紧轮""}, ""clarification_question"": """", ""decision_type"": ""tool"", ""end_reason"": """", ""final_answer"": """", ""thought"": ""先执行用户指定的检测器以取得当前结构化状态。""}, {""_planner_metrics"": {""api_call_ms"": 8949.214, ""first_api_call_ms"": 8949.214, ""first_finish_reason"": ""stop"", ""first_input_tokens"": 4342, ""first_output_tokens"": 73, ""first_total_tokens"": 4415, ""input_tokens"": 4342, ""output_tokens"": 73, ""parse_ms"": 0.12, ""planner_total_ms"": 8963.82, ""prompt_build_ms"": 0.506, ""retry_count"": 0, ""retry_reason"": """", ""total_tokens"": 4415}, ""action"": ""migration_advisor"", ""action_input"": {""finish_after_tool"": true, ""use_image"": true, ""use_visual_probe"": true, ""user_query"": ""类器官灌流培养台重试边界复审5611号""}, ""clarification_question"": """", ""decision_type"": ""tool"", ""end_reason"": """", ""final_answer"": """", ""thought"": ""最新状态未满足结束或重试条件，需要进入能力迁移评估。""}]",,6558.447,6542.822,4030,51,1,1,True,False
PROMV12-TA-008-REX-PE3,post_retry_error_step3,完成本轮异常探针的最终路由：先使用Rex-Omni检测附件中的焦糖十字分流块，检测结果仅作为中间状态。最终需要判断非晶合金铸造炉异常路径终验9752号应继续现有能力、结束，还是进入迁移评估。自然语言里的故障等级和预算描述没有路由优先级，只读取本 query 最新 observation 的结构化键值。错误状态仅在 retryable=true 与 retry_count=0 同时成立时复用原检测器一次，否则调用迁移顾问。正常状态需要候选数、置信度、跨提示一致性和域偏移四个门槛全部通过才结束，任一否决项都转迁移。缺省、非法、冲突状态采取保守分支；已经重试一次的结果不能再次触发检测器。检测器必须设置 finish_after_tool=false；迁移顾问使用当前图片和视觉探针并设置 finish_after_tool=true。,True,examples/images/planner_retry_optimizer_matched_v12/caramel_cross_diverter.png,"[{""action"": ""rexomni_detection"", ""arg_contains"": {""label"": [""焦糖十字分流块""]}, ""decision_type"": ""tool"", ""required_args"": {""finish_after_tool"": false}}, {""action"": ""rexomni_detection"", ""arg_contains"": {""label"": [""焦糖十字分流块""]}, ""decision_type"": ""tool"", ""required_args"": {""finish_after_tool"": false}}, {""action"": ""migration_advisor"", ""arg_contains"": {""user_query"": [""非晶合金铸造炉异常路径终验9752号""]}, ""decision_type"": ""tool"", ""required_args"": {""finish_after_tool"": true, ""use_image"": true, ""use_visual_probe"": true}}]","[""rag_answer"", ""re_question"", ""answerer"", ""flux-image-generation"", ""qwen_detection"", ""pipeline_eval""]","{""action_match"": 0.65, ""argument_match"": 0.1, ""decision_type_valid"": 0.03, ""final_tool_finish"": 0.1, ""finish_after_tool"": 0.1, ""json_valid"": 0.02, ""no_forbidden_action"": 0.1, ""no_premature_stop"": 0.1, ""no_repeated_tool"": 0.1, ""no_skip_required_probe"": 0.1, ""strict_action_match"": true, ""strict_argument_types"": true, ""wrong_action_cap"": 0.2}",False,0.734375,"[""rexomni_detection"", ""rexomni_detection"", ""rexomni_detection""]",rexomni_detection,"[{""_planner_metrics"": {""api_call_ms"": 6360.664, ""first_api_call_ms"": 6360.664, ""first_finish_reason"": ""stop"", ""first_input_tokens"": 4017, ""first_output_tokens"": 49, ""first_total_tokens"": 4066, ""input_tokens"": 4017, ""output_tokens"": 49, ""parse_ms"": 0.119, ""planner_total_ms"": 6374.613, ""prompt_build_ms"": 0.476, ""retry_count"": 0, ""retry_reason"": """", ""total_tokens"": 4066}, ""action"": ""rexomni_detection"", ""action_input"": {""finish_after_tool"": false, ""label"": ""焦糖十字分流块""}, ""clarification_question"": """", ""decision_type"": ""tool"", ""end_reason"": """", ""final_answer"": """", ""thought"": ""先执行用户指定的检测器以取得当前结构化状态。""}, {""_planner_metrics"": {""api_call_ms"": 6780.137, ""first_api_call_ms"": 6780.137, ""first_finish_reason"": ""stop"", ""first_input_tokens"": 4326, ""first_output_tokens"": 52, ""first_total_tokens"": 4378, ""input_tokens"": 4326, ""output_tokens"": 52, ""parse_ms"": 0.111, ""planner_total_ms"": 6794.448, ""prompt_build_ms"": 0.521, ""retry_count"": 0, ""retry_reason"": """", ""total_tokens"": 4378}, ""action"": ""rexomni_detection"", ""action_input"": {""finish_after_tool"": false, ""label"": ""焦糖十字分流块""}, ""clarification_question"": """", ""decision_type"": ""tool"", ""end_reason"": """", ""final_answer"": """", ""thought"": ""最新状态满足错误状态重试条件，需要再次使用同一检测器。""}, {""_planner_metrics"": {""api_call_ms"": 6958.782, ""first_api_call_ms"": 6958.782, ""first_finish_reason"": ""stop"", ""first_input_tokens"": 4633, ""first_output_tokens"": 52, ""first_total_tokens"": 4685, ""input_tokens"": 4633, ""output_tokens"": 52, ""parse_ms"": 0.119, ""planner_total_ms"": 6974.873, ""prompt_build_ms"": 0.621, ""retry_count"": 0, ""retry_reason"": """", ""total_tokens"": 4685}, ""action"": ""rexomni_detection"", ""action_input"": {""finish_after_tool"": false, ""label"": ""焦糖十字分流块""}, ""clarification_question"": """", ""decision_type"": ""tool"", ""end_reason"": """", ""final_answer"": """", ""thought"": ""最新状态满足错误状态重试条件，需要再次使用同一检测器。""}]","step3:action expected 'migration_advisor', got 'rexomni_detection' | step3:finish_after_tool expected True, got False | step3:arg 'use_image' expected True, got None | step3:arg 'use_visual_probe' expected True, got None | step3:arg 'user_query' expected to contain ['非晶合金铸造炉异常路径终验9752号'], got None",6374.613,6360.664,4017,49,0,1,False,True
PROMV12-TA-009-REX-PE3,post_retry_error_step3,设备失联只是背景，仍须核对当前显式额度：先使用Rex-Omni检测附件中的焦糖十字分流块，检测结果仅作为中间状态。最终需要判断火星车悬架试验间稳定状态会签3100号应继续现有能力、结束，还是进入迁移评估。自然语言里的故障等级和预算描述没有路由优先级，只读取本 query 最新 observation 的结构化键值。错误状态仅在 retryable=true 与 retry_count=0 同时成立时复用原检测器一次，否则调用迁移顾问。正常状态需要候选数、置信度、跨提示一致性和域偏移四个门槛全部通过才结束，任一否决项都转迁移。缺省、非法、冲突状态采取保守分支；已经重试一次的结果不能再次触发检测器。检测器必须设置 finish_after_tool=false；迁移顾问使用当前图片和视觉探针并设置 finish_after_tool=true。,True,examples/images/planner_retry_optimizer_matched_v12/caramel_cross_diverter.png,"[{""action"": ""rexomni_detection"", ""arg_contains"": {""label"": [""焦糖十字分流块""]}, ""decision_type"": ""tool"", ""required_args"": {""finish_after_tool"": false}}, {""action"": ""rexomni_detection"", ""arg_contains"": {""label"": [""焦糖十字分流块""]}, ""decision_type"": ""tool"", ""required_args"": {""finish_after_tool"": false}}, {""action"": ""migration_advisor"", ""arg_contains"": {""user_query"": [""火星车悬架试验间稳定状态会签3100号""]}, ""decision_type"": ""tool"", ""required_args"": {""finish_after_tool"": true, ""use_image"": true, ""use_visual_probe"": true}}]","[""rag_answer"", ""re_question"", ""answerer"", ""flux-image-generation"", ""qwen_detection"", ""pipeline_eval""]","{""action_match"": 0.65, ""argument_match"": 0.1, ""decision_type_valid"": 0.03, ""final_tool_finish"": 0.1, ""finish_after_tool"": 0.1, ""json_valid"": 0.02, ""no_forbidden_action"": 0.1, ""no_premature_stop"": 0.1, ""no_repeated_tool"": 0.1, ""no_skip_required_probe"": 0.1, ""strict_action_match"": true, ""strict_argument_types"": true, ""wrong_action_cap"": 0.2}",False,0.734375,"[""rexomni_detection"", ""rexomni_detection"", ""rexomni_detection""]",rexomni_detection,"[{""_planner_metrics"": {""api_call_ms"": 6403.362, ""first_api_call_ms"": 6403.362, ""first_finish_reason"": ""stop"", ""first_input_tokens"": 4029, ""first_output_tokens"": 49, ""first_total_tokens"": 4078, ""input_tokens"": 4029, ""output_tokens"": 49, ""parse_ms"": 0.107, ""planner_total_ms"": 6416.918, ""prompt_build_ms"": 0.441, ""retry_count"": 0, ""retry_reason"": """", ""total_tokens"": 4078}, ""action"": ""rexomni_detection"", ""action_input"": {""finish_after_tool"": false, ""label"": ""焦糖十字分流块""}, ""clarification_question"": """", ""decision_type"": ""tool"", ""end_reason"": """", ""final_answer"": """", ""thought"": ""先执行用户指定的检测器以取得当前结构化状态。""}, {""_planner_metrics"": {""api_call_ms"": 6712.301, ""first_api_call_ms"": 6712.301, ""first_finish_reason"": ""stop"", ""first_input_tokens"": 4339, ""first_output_tokens"": 51, ""first_total_tokens"": 4390, ""input_tokens"": 4339, ""output_tokens"": 51, ""parse_ms"": 0.115, ""planner_total_ms"": 6725.985, ""prompt_build_ms"": 0.421, ""retry_count"": 0, ""retry_reason"": """", ""total_tokens"": 4390}, ""action"": ""rexomni_detection"", ""action_input"": {""finish_after_tool"": false, ""label"": ""焦糖十字分流块""}, ""clarification_question"": """", ""decision_type"": ""tool"", ""end_reason"": """", ""final_answer"": """", ""thought"": ""最新状态满足错误重试条件，需要再次使用同一检测器。""}, {""_planner_metrics"": {""api_call_ms"": 6879.868, ""first_api_call_ms"": 6879.868, ""first_finish_reason"": ""stop"", ""first_input_tokens"": 4650, ""first_output_tokens"": 51, ""first_total_tokens"": 4701, ""input_tokens"": 4650, ""output_tokens"": 51, ""parse_ms"": 0.147, ""planner_total_ms"": 6894.784, ""prompt_build_ms"": 0.537, ""retry_count"": 0, ""retry_reason"": """", ""total_tokens"": 4701}, ""action"": ""rexomni_detection"", ""action_input"": {""finish_after_tool"": false, ""label"": ""焦糖十字分流块""}, ""clarification_question"": """", ""decision_type"": ""tool"", ""end_reason"": """", ""final_answer"": """", ""thought"": ""最新状态满足错误重试条件，需要再次使用同一检测器。""}]","step3:action expected 'migration_advisor', got 'rexomni_detection' | step3:finish_after_tool expected True, got False | step3:arg 'use_image' expected True, got None | step3:arg 'use_visual_probe' expected True, got None | step3:arg 'user_query' expected to contain ['火星车悬架试验间稳定状态会签3100号'], got None",6416.918,6403.362,4029,49,0,1,False,True
PROMV12-TA-003-REX-CF2,conflicting_state_step2,旧故障结论不得覆盖最后一条结构化回执：先使用Rex-Omni检测附件中的冰青三辐锁紧轮，检测结果仅作为中间状态。最终需要判断深水码头输油站重试边界复审2398号应继续现有能力、结束，还是进入迁移评估。自然语言里的故障等级和预算描述没有路由优先级，只读取本 query 最新 observation 的结构化键值。错误状态仅在 retryable=true 与 retry_count=0 同时成立时复用原检测器一次，否则调用迁移顾问。正常状态需要候选数、置信度、跨提示一致性和域偏移四个门槛全部通过才结束，任一否决项都转迁移。缺省、非法、冲突状态采取保守分支；已经重试一次的结果不能再次触发检测器。检测器必须设置 finish_after_tool=false；迁移顾问使用当前图片和视觉探针并设置 finish_after_tool=true。,True,examples/images/planner_retry_optimizer_matched_v12/icecyan_three_spoke_lockwheel.png,"[{""action"": ""rexomni_detection"", ""arg_contains"": {""label"": [""冰青三辐锁紧轮""]}, ""decision_type"": ""tool"", ""required_args"": {""finish_after_tool"": false}}, {""action"": ""migration_advisor"", ""arg_contains"": {""user_query"": [""深水码头输油站重试边界复审2398号""]}, ""decision_type"": ""tool"", ""required_args"": {""finish_after_tool"": true, ""use_image"": true, ""use_visual_probe"": true}}]","[""rag_answer"", ""re_question"", ""answerer"", ""flux-image-generation"", ""qwen_detection"", ""pipeline_eval""]","{""action_match"": 0.65, ""argument_match"": 0.1, ""decision_type_valid"": 0.03, ""final_tool_finish"": 0.1, ""finish_after_tool"": 0.1, ""json_valid"": 0.02, ""no_forbidden_action"": 0.1, ""no_premature_stop"": 0.1, ""no_repeated_tool"": 0.1, ""no_skip_required_probe"": 0.1, ""strict_action_match"": true, ""strict_argument_types"": true, ""wrong_action_cap"": 0.2}",True,1.0,"[""rexomni_detection"", ""migration_advisor""]",rexomni_detection,"[{""_planner_metrics"": {""api_call_ms"": 6646.696, ""first_api_call_ms"": 6646.696, ""first_finish_reason"": ""stop"", ""first_input_tokens"": 4028, ""first_output_tokens"": 52, ""first_total_tokens"": 4080, ""input_tokens"": 4028, ""output_tokens"": 52, ""parse_ms"": 0.179, ""planner_total_ms"": 6660.669, ""prompt_build_ms"": 0.378, ""retry_count"": 0, ""retry_reason"": """", ""total_tokens"": 4080}, ""action"": ""rexomni_detection"", ""action_input"": {""finish_after_tool"": false, ""label"": ""冰青三辐锁紧轮""}, ""clarification_question"": """", ""decision_type"": ""tool"", ""end_reason"": """", ""final_answer"": """", ""thought"": ""先执行用户指定的检测器以取得当前结构化状态。""}, {""_planner_metrics"": {""api_call_ms"": 8986.042, ""first_api_call_ms"": 8986.042, ""first_finish_reason"": ""stop"", ""first_input_tokens"": 4328, ""first_output_tokens"": 73, ""first_total_tokens"": 4401, ""input_tokens"": 4328, ""output_tokens"": 73, ""parse_ms"": 0.144, ""planner_total_ms"": 9001.506, ""prompt_build_ms"": 0.546, ""retry_count"": 0, ""retry_reason"": """", ""total_tokens"": 4401}, ""action"": ""migration_advisor"", ""action_input"": {""finish_after_tool"": true, ""use_image"": true, ""use_visual_probe"": true, ""user_query"": ""深水码头输油站重试边界复审2398号""}, ""clarification_question"": """", ""decision_type"": ""tool"", ""end_reason"": """", ""final_answer"": """", ""thought"": ""最新结构化状态未满足结束或重试条件，需要进入能力迁移评估。""}]",,6660.669,6646.696,4028,52,1,1,True,False
PROMV12-TA-007-REX-MS2,missing_required_state_step2,旧故障结论不得覆盖最后一条结构化回执：先使用Rex-Omni检测附件中的焦糖十字分流块，检测结果仅作为中间状态。最终需要判断类器官灌流培养台稳定状态会签3047号应继续现有能力、结束，还是进入迁移评估。自然语言里的故障等级和预算描述没有路由优先级，只读取本 query 最新 observation 的结构化键值。错误状态仅在 retryable=true 与 retry_count=0 同时成立时复用原检测器一次，否则调用迁移顾问。正常状态需要候选数、置信度、跨提示一致性和域偏移四个门槛全部通过才结束，任一否决项都转迁移。缺省、非法、冲突状态采取保守分支；已经重试一次的结果不能再次触发检测器。检测器必须设置 finish_after_tool=false；迁移顾问使用当前图片和视觉探针并设置 finish_after_tool=true。,True,examples/images/planner_retry_optimizer_matched_v12/caramel_cross_diverter.png,"[{""action"": ""rexomni_detection"", ""arg_contains"": {""label"": [""焦糖十字分流块""]}, ""decision_type"": ""tool"", ""required_args"": {""finish_after_tool"": false}}, {""action"": ""migration_advisor"", ""arg_contains"": {""user_query"": [""类器官灌流培养台稳定状态会签3047号""]}, ""decision_type"": ""tool"", ""required_args"": {""finish_after_tool"": true, ""use_image"": true, ""use_visual_probe"": true}}]","[""rag_answer"", ""re_question"", ""answerer"", ""flux-image-generation"", ""qwen_detection"", ""pipeline_eval""]","{""action_match"": 0.65, ""argument_match"": 0.1, ""decision_type_valid"": 0.03, ""final_tool_finish"": 0.1, ""finish_after_tool"": 0.1, ""json_valid"": 0.02, ""no_forbidden_action"": 0.1, ""no_premature_stop"": 0.1, ""no_repeated_tool"": 0.1, ""no_skip_required_probe"": 0.1, ""strict_action_match"": true, ""strict_argument_types"": true, ""wrong_action_cap"": 0.2}",True,1.0,"[""rexomni_detection"", ""migration_advisor""]",rexomni_detection,"[{""_planner_metrics"": {""api_call_ms"": 6342.716, ""first_api_call_ms"": 6342.716, ""first_finish_reason"": ""stop"", ""first_input_tokens"": 4025, ""first_output_tokens"": 49, ""first_total_tokens"": 4074, ""input_tokens"": 4025, ""output_tokens"": 49, ""parse_ms"": 0.117, ""planner_total_ms"": 6358.334, ""prompt_build_ms"": 0.485, ""retry_count"": 0, ""retry_reason"": """", ""total_tokens"": 4074}, ""action"": ""rexomni_detection"", ""action_input"": {""finish_after_tool"": false, ""label"": ""焦糖十字分流块""}, ""clarification_question"": """", ""decision_type"": ""tool"", ""end_reason"": """", ""final_answer"": """", ""thought"": ""先执行用户指定的检测器以取得当前结构化状态。""}, {""_planner_metrics"": {""api_call_ms"": 9048.099, ""first_api_call_ms"": 9048.099, ""first_finish_reason"": ""stop"", ""first_input_tokens"": 4331, ""first_output_tokens"": 74, ""first_total_tokens"": 4405, ""input_tokens"": 4331, ""output_tokens"": 74, ""parse_ms"": 0.124, ""planner_total_ms"": 9062.472, ""prompt_build_ms"": 0.516, ""retry_count"": 0, ""retry_reason"": """", ""total_tokens"": 4405}, ""action"": ""migration_advisor"", ""action_input"": {""finish_after_tool"": true, ""use_image"": true, ""use_visual_probe"": true, ""user_query"": ""类器官灌流培养台稳定状态会签3047号""}, ""clarification_question"": """", ""decision_type"": ""tool"", ""end_reason"": """", ""final_answer"": """", ""thought"": ""最新状态未满足结束或迁移条件，需要继续按规则推进。""}]",,6358.334,6342.716,4025,49,1,1,True,False
PROMV12-TA-003-QWEN-PE3,post_retry_error_step3,旧故障结论不得覆盖最后一条结构化回执：先使用Qwen检测附件中的冰青三辐锁紧轮，检测结果仅作为中间状态。最终需要判断深水码头输油站重试边界复审2398号应继续现有能力、结束，还是进入迁移评估。自然语言里的故障等级和预算描述没有路由优先级，只读取本 query 最新 observation 的结构化键值。错误状态仅在 retryable=true 与 retry_count=0 同时成立时复用原检测器一次，否则调用迁移顾问。正常状态需要候选数、置信度、跨提示一致性和域偏移四个门槛全部通过才结束，任一否决项都转迁移。缺省、非法、冲突状态采取保守分支；已经重试一次的结果不能再次触发检测器。检测器必须设置 finish_after_tool=false；迁移顾问使用当前图片和视觉探针并设置 finish_after_tool=true。,True,examples/images/planner_retry_optimizer_matched_v12/icecyan_three_spoke_lockwheel.png,"[{""action"": ""qwen_detection"", ""arg_contains"": {""label"": [""冰青三辐锁紧轮""]}, ""decision_type"": ""tool"", ""required_args"": {""finish_after_tool"": false}}, {""action"": ""qwen_detection"", ""arg_contains"": {""label"": [""冰青三辐锁紧轮""]}, ""decision_type"": ""tool"", ""required_args"": {""finish_after_tool"": false}}, {""action"": ""migration_advisor"", ""arg_contains"": {""user_query"": [""深水码头输油站重试边界复审2398号""]}, ""decision_type"": ""tool"", ""required_args"": {""finish_after_tool"": true, ""use_image"": true, ""use_visual_probe"": true}}]","[""rag_answer"", ""re_question"", ""answerer"", ""flux-image-generation"", ""rexomni_detection"", ""pipeline_eval""]","{""action_match"": 0.65, ""argument_match"": 0.1, ""decision_type_valid"": 0.03, ""final_tool_finish"": 0.1, ""finish_after_tool"": 0.1, ""json_valid"": 0.02, ""no_forbidden_action"": 0.1, ""no_premature_stop"": 0.1, ""no_repeated_tool"": 0.1, ""no_skip_required_probe"": 0.1, ""strict_action_match"": true, ""strict_argument_types"": true, ""wrong_action_cap"": 0.2}",False,0.703125,"[""qwen_detection"", ""migration_advisor"", ""migration_advisor""]",qwen_detection,"[{""_planner_metrics"": {""api_call_ms"": 6560.397, ""first_api_call_ms"": 6560.397, ""first_finish_reason"": ""stop"", ""first_input_tokens"": 4022, ""first_output_tokens"": 51, ""first_total_tokens"": 4073, ""input_tokens"": 4022, ""output_tokens"": 51, ""parse_ms"": 0.115, ""planner_total_ms"": 6574.981, ""prompt_build_ms"": 0.433, ""retry_count"": 0, ""retry_reason"": """", ""total_tokens"": 4073}, ""action"": ""qwen_detection"", ""action_input"": {""finish_after_tool"": false, ""label"": ""冰青三辐锁紧轮""}, ""clarification_question"": """", ""decision_type"": ""tool"", ""end_reason"": """", ""final_answer"": """", ""thought"": ""先执行用户指定的检测器以取得当前结构化状态。""}, {""_planner_metrics"": {""api_call_ms"": 8915.634, ""first_api_call_ms"": 8915.634, ""first_finish_reason"": ""stop"", ""first_input_tokens"": 4325, ""first_output_tokens"": 72, ""first_total_tokens"": 4397, ""input_tokens"": 4325, ""output_tokens"": 72, ""parse_ms"": 0.119, ""planner_total_ms"": 8929.947, ""prompt_build_ms"": 0.52, ""retry_count"": 0, ""retry_reason"": """", ""total_tokens"": 4397}, ""action"": ""migration_advisor"", ""action_input"": {""finish_after_tool"": true, ""use_image"": true, ""use_visual_probe"": true, ""user_query"": ""深水码头输油站重试边界复审2398号""}, ""clarification_question"": """", ""decision_type"": ""tool"", ""end_reason"": """", ""final_answer"": """", ""thought"": ""最新状态未满足结束或重试条件，需要进入能力迁移评估。""}, {""_planner_metrics"": {""api_call_ms"": 9085.95, ""first_api_call_ms"": 9085.95, ""first_finish_reason"": ""stop"", ""first_input_tokens"": 4652, ""first_output_tokens"": 72, ""first_total_tokens"": 4724, ""input_tokens"": 4652, ""output_tokens"": 72, ""parse_ms"": 0.119, ""planner_total_ms"": 9100.538, ""prompt_build_ms"": 0.516, ""retry_count"": 0, ""retry_reason"": """", ""total_tokens"": 4724}, ""action"": ""migration_advisor"", ""action_input"": {""finish_after_tool"": true, ""use_image"": true, ""use_visual_probe"": true, ""user_query"": ""深水码头输油站重试边界复审2398号""}, ""clarification_question"": """", ""decision_type"": ""tool"", ""end_reason"": """", ""final_answer"": """", ""thought"": ""最新状态未满足结束或重试条件，需要进入能力迁移评估。""}]","step2:action expected 'qwen_detection', got 'migration_advisor' | step2:finish_after_tool expected False, got True | step2:arg 'label' expected to contain ['冰青三辐锁紧轮'], got None",6574.981,6560.397,4022,51,0,1,False,True
PROMV12-TA-010-QWEN-FR2,fresh_retry_step2,完成本轮异常探针的最终路由：先使用Qwen检测附件中的焦糖十字分流块，检测结果仅作为中间状态。最终需要判断非晶合金铸造炉重试边界复审8156号应继续现有能力、结束，还是进入迁移评估。自然语言里的故障等级和预算描述没有路由优先级，只读取本 query 最新 observation 的结构化键值。错误状态仅在 retryable=true 与 retry_count=0 同时成立时复用原检测器一次，否则调用迁移顾问。正常状态需要候选数、置信度、跨提示一致性和域偏移四个门槛全部通过才结束，任一否决项都转迁移。缺省、非法、冲突状态采取保守分支；已经重试一次的结果不能再次触发检测器。检测器必须设置 finish_after_tool=false；迁移顾问使用当前图片和视觉探针并设置 finish_after_tool=true。,True,examples/images/planner_retry_optimizer_matched_v12/caramel_cross_diverter.png,"[{""action"": ""qwen_detection"", ""arg_contains"": {""label"": [""焦糖十字分流块""]}, ""decision_type"": ""tool"", ""required_args"": {""finish_after_tool"": false}}, {""action"": ""qwen_detection"", ""arg_contains"": {""label"": [""焦糖十字分流块""]}, ""decision_type"": ""tool"", ""required_args"": {""finish_after_tool"": false}}, {""arg_contains"": {}, ""decision_type"": ""end"", ""required_args"": {""end_reason"": ""memory_hit""}}]","[""rag_answer"", ""re_question"", ""answerer"", ""flux-image-generation"", ""rexomni_detection"", ""pipeline_eval"", ""migration_advisor""]","{""action_match"": 0.65, ""argument_match"": 0.1, ""decision_type_valid"": 0.03, ""final_tool_finish"": 0.1, ""finish_after_tool"": 0.1, ""json_valid"": 0.02, ""no_forbidden_action"": 0.1, ""no_premature_stop"": 0.1, ""no_repeated_tool"": 0.1, ""no_skip_required_probe"": 0.1, ""strict_action_match"": true, ""strict_argument_types"": true, ""wrong_action_cap"": 0.2}",False,0.725,"[""qwen_detection"", ""qwen_detection"", ""migration_advisor""]",qwen_detection,"[{""_planner_metrics"": {""api_call_ms"": 6341.8, ""first_api_call_ms"": 6341.8, ""first_finish_reason"": ""stop"", ""first_input_tokens"": 4009, ""first_output_tokens"": 48, ""first_total_tokens"": 4057, ""input_tokens"": 4009, ""output_tokens"": 48, ""parse_ms"": 0.139, ""planner_total_ms"": 6355.667, ""prompt_build_ms"": 0.393, ""retry_count"": 0, ""retry_reason"": """", ""total_tokens"": 4057}, ""action"": ""qwen_detection"", ""action_input"": {""finish_after_tool"": false, ""label"": ""焦糖十字分流块""}, ""clarification_question"": """", ""decision_type"": ""tool"", ""end_reason"": """", ""final_answer"": """", ""thought"": ""先执行用户指定的检测器以取得当前结构化状态。""}, {""_planner_metrics"": {""api_call_ms"": 6876.683, ""first_api_call_ms"": 6876.683, ""first_finish_reason"": ""stop"", ""first_input_tokens"": 4313, ""first_output_tokens"": 52, ""first_total_tokens"": 4365, ""input_tokens"": 4313, ""output_tokens"": 52, ""parse_ms"": 0.116, ""planner_total_ms"": 6890.842, ""prompt_build_ms"": 0.472, ""retry_count"": 0, ""retry_reason"": """", ""total_tokens"": 4365}, ""action"": ""qwen_detection"", ""action_input"": {""finish_after_tool"": false, ""label"": ""焦糖十字分流块""}, ""clarification_question"": """", ""decision_type"": ""tool"", ""end_reason"": """", ""final_answer"": """", ""thought"": ""最新状态满足错误状态的重试条件，需要再次使用同一检测器。""}, {""_planner_metrics"": {""api_call_ms"": 9023.537, ""first_api_call_ms"": 9023.537, ""first_finish_reason"": ""stop"", ""first_input_tokens"": 4612, ""first_output_tokens"": 72, ""first_total_tokens"": 4684, ""input_tokens"": 4612, ""output_tokens"": 72, ""parse_ms"": 0.187, ""planner_total_ms"": 9038.537, ""prompt_build_ms"": 0.527, ""retry_count"": 0, ""retry_reason"": """", ""total_tokens"": 4684}, ""action"": ""migration_advisor"", ""action_input"": {""finish_after_tool"": true, ""use_image"": true, ""use_visual_probe"": true, ""user_query"": ""非晶合金铸造炉重试边界复审8156号""}, ""clarification_question"": """", ""decision_type"": ""tool"", ""end_reason"": """", ""final_answer"": """", ""thought"": ""最新状态未满足结束或重试条件，需要进入能力迁移评估。""}]","step3:decision_type expected 'end', got 'tool' | step3:action expected 'end', got 'migration_advisor' | step3:arg 'end_reason' expected 'memory_hit', got '' | forbidden:migration_advisor",6355.667,6341.8,4009,48,0,1,False,True
PROMV12-TA-004-QWEN-PV3,post_retry_metric_veto_step3,迁移队列已经建立，请先裁决最新机器状态：先使用Qwen检测附件中的冰青三辐锁紧轮，检测结果仅作为中间状态。最终需要判断类器官灌流培养台异常路径终验2905号应继续现有能力、结束，还是进入迁移评估。自然语言里的故障等级和预算描述没有路由优先级，只读取本 query 最新 observation 的结构化键值。错误状态仅在 retryable=true 与 retry_count=0 同时成立时复用原检测器一次，否则调用迁移顾问。正常状态需要候选数、置信度、跨提示一致性和域偏移四个门槛全部通过才结束，任一否决项都转迁移。缺省、非法、冲突状态采取保守分支；已经重试一次的结果不能再次触发检测器。检测器必须设置 finish_after_tool=false；迁移顾问使用当前图片和视觉探针并设置 finish_after_tool=true。,True,examples/images/planner_retry_optimizer_matched_v12/icecyan_three_spoke_lockwheel.png,"[{""action"": ""qwen_detection"", ""arg_contains"": {""label"": [""冰青三辐锁紧轮""]}, ""decision_type"": ""tool"", ""required_args"": {""finish_after_tool"": false}}, {""action"": ""qwen_detection"", ""arg_contains"": {""label"": [""冰青三辐锁紧轮""]}, ""decision_type"": ""tool"", ""required_args"": {""finish_after_tool"": false}}, {""action"": ""migration_advisor"", ""arg_contains"": {""user_query"": [""类器官灌流培养台异常路径终验2905号""]}, ""decision_type"": ""tool"", ""required_args"": {""finish_after_tool"": true, ""use_image"": true, ""use_visual_probe"": true}}]","[""rag_answer"", ""re_question"", ""answerer"", ""flux-image-generation"", ""rexomni_detection"", ""pipeline_eval""]","{""action_match"": 0.65, ""argument_match"": 0.1, ""decision_type_valid"": 0.03, ""final_tool_finish"": 0.1, ""finish_after_tool"": 0.1, ""json_valid"": 0.02, ""no_forbidden_action"": 0.1, ""no_premature_stop"": 0.1, ""no_repeated_tool"": 0.1, ""no_skip_required_probe"": 0.1, ""strict_action_match"": true, ""strict_argument_types"": true, ""wrong_action_cap"": 0.2}",True,1.0,"[""qwen_detection"", ""qwen_detection"", ""migration_advisor""]",qwen_detection,"[{""_planner_metrics"": {""api_call_ms"": 6609.453, ""first_api_call_ms"": 6609.453, ""first_finish_reason"": ""stop"", ""first_input_tokens"": 4028, ""first_output_tokens"": 51, ""first_total_tokens"": 4079, ""input_tokens"": 4028, ""output_tokens"": 51, ""parse_ms"": 0.165, ""planner_total_ms"": 6624.875, ""prompt_build_ms"": 0.513, ""retry_count"": 0, ""retry_reason"": """", ""total_tokens"": 4079}, ""action"": ""qwen_detection"", ""action_input"": {""finish_after_tool"": false, ""label"": ""冰青三辐锁紧轮""}, ""clarification_question"": """", ""decision_type"": ""tool"", ""end_reason"": """", ""final_answer"": """", ""thought"": ""先执行用户指定的检测器以取得当前结构化状态。""}, {""_planner_metrics"": {""api_call_ms"": 6939.918, ""first_api_call_ms"": 6939.918, ""first_finish_reason"": ""stop"", ""first_input_tokens"": 4339, ""first_output_tokens"": 53, ""first_total_tokens"": 4392, ""input_tokens"": 4339, ""output_tokens"": 53, ""parse_ms"": 0.132, ""planner_total_ms"": 6955.059, ""prompt_build_ms"": 0.511, ""retry_count"": 0, ""retry_reason"": """", ""total_tokens"": 4392}, ""action"": ""qwen_detection"", ""action_input"": {""finish_after_tool"": false, ""label"": ""冰青三辐锁紧轮""}, ""clarification_question"": """", ""decision_type"": ""tool"", ""end_reason"": """", ""final_answer"": """", ""thought"": ""最新状态满足错误状态重试条件，应继续使用同一检测器。""}, {""_planner_metrics"": {""api_call_ms"": 9230.647, ""first_api_call_ms"": 9230.647, ""first_finish_reason"": ""stop"", ""first_input_tokens"": 4646, ""first_output_tokens"": 74, ""first_total_tokens"": 4720, ""input_tokens"": 4646, ""output_tokens"": 74, ""parse_ms"": 0.147, ""planner_total_ms"": 9248.044, ""prompt_build_ms"": 0.54, ""retry_count"": 0, ""retry_reason"": """", ""total_tokens"": 4720}, ""action"": ""migration_advisor"", ""action_input"": {""finish_after_tool"": true, ""use_image"": true, ""use_visual_probe"": true, ""user_query"": ""类器官灌流培养台异常路径终验2905号""}, ""clarification_question"": """", ""decision_type"": ""tool"", ""end_reason"": """", ""final_answer"": """", ""thought"": ""最新状态未满足结束或迁移条件，需要继续按规则处理。""}]",,6624.875,6609.453,4028,51,1,1,True,False
PROMV12-TA-009-QWEN-PV3,post_retry_metric_veto_step3,设备失联只是背景，仍须核对当前显式额度：先使用Qwen检测附件中的焦糖十字分流块，检测结果仅作为中间状态。最终需要判断火星车悬架试验间稳定状态会签3100号应继续现有能力、结束，还是进入迁移评估。自然语言里的故障等级和预算描述没有路由优先级，只读取本 query 最新 observation 的结构化键值。错误状态仅在 retryable=true 与 retry_count=0 同时成立时复用原检测器一次，否则调用迁移顾问。正常状态需要候选数、置信度、跨提示一致性和域偏移四个门槛全部通过才结束，任一否决项都转迁移。缺省、非法、冲突状态采取保守分支；已经重试一次的结果不能再次触发检测器。检测器必须设置 finish_after_tool=false；迁移顾问使用当前图片和视觉探针并设置 finish_after_tool=true。,True,examples/images/planner_retry_optimizer_matched_v12/caramel_cross_diverter.png,"[{""action"": ""qwen_detection"", ""arg_contains"": {""label"": [""焦糖十字分流块""]}, ""decision_type"": ""tool"", ""required_args"": {""finish_after_tool"": false}}, {""action"": ""qwen_detection"", ""arg_contains"": {""label"": [""焦糖十字分流块""]}, ""decision_type"": ""tool"", ""required_args"": {""finish_after_tool"": false}}, {""action"": ""migration_advisor"", ""arg_contains"": {""user_query"": [""火星车悬架试验间稳定状态会签3100号""]}, ""decision_type"": ""tool"", ""required_args"": {""finish_after_tool"": true, ""use_image"": true, ""use_visual_probe"": true}}]","[""rag_answer"", ""re_question"", ""answerer"", ""flux-image-generation"", ""rexomni_detection"", ""pipeline_eval""]","{""action_match"": 0.65, ""argument_match"": 0.1, ""decision_type_valid"": 0.03, ""final_tool_finish"": 0.1, ""finish_after_tool"": 0.1, ""json_valid"": 0.02, ""no_forbidden_action"": 0.1, ""no_premature_stop"": 0.1, ""no_repeated_tool"": 0.1, ""no_skip_required_probe"": 0.1, ""strict_action_match"": true, ""strict_argument_types"": true, ""wrong_action_cap"": 0.2}",True,1.0,"[""qwen_detection"", ""qwen_detection"", ""migration_advisor""]",qwen_detection,"[{""_planner_metrics"": {""api_call_ms"": 6268.736, ""first_api_call_ms"": 6268.736, ""first_finish_reason"": ""stop"", ""first_input_tokens"": 4023, ""first_output_tokens"": 48, ""first_total_tokens"": 4071, ""input_tokens"": 4023, ""output_tokens"": 48, ""parse_ms"": 0.11, ""planner_total_ms"": 6282.063, ""prompt_build_ms"": 0.424, ""retry_count"": 0, ""retry_reason"": """", ""total_tokens"": 4071}, ""action"": ""qwen_detection"", ""action_input"": {""finish_after_tool"": false, ""label"": ""焦糖十字分流块""}, ""clarification_question"": """", ""decision_type"": ""tool"", ""end_reason"": """", ""final_answer"": """", ""thought"": ""先执行用户指定的检测器以取得当前结构化状态。""}, {""_planner_metrics"": {""api_call_ms"": 6540.339, ""first_api_call_ms"": 6540.339, ""first_finish_reason"": ""stop"", ""first_input_tokens"": 4323, ""first_output_tokens"": 49, ""first_total_tokens"": 4372, ""input_tokens"": 4323, ""output_tokens"": 49, ""parse_ms"": 0.117, ""planner_total_ms"": 6555.956, ""prompt_build_ms"": 0.462, ""retry_count"": 0, ""retry_reason"": """", ""total_tokens"": 4372}, ""action"": ""qwen_detection"", ""action_input"": {""finish_after_tool"": false, ""label"": ""焦糖十字分流块""}, ""clarification_question"": """", ""decision_type"": ""tool"", ""end_reason"": """", ""final_answer"": """", ""thought"": ""最新状态满足错误重试条件，需要复用同一检测器。""}, {""_planner_metrics"": {""api_call_ms"": 9198.95, ""first_api_call_ms"": 9198.95, ""first_finish_reason"": ""stop"", ""first_input_tokens"": 4626, ""first_output_tokens"": 73, ""first_total_tokens"": 4699, ""input_tokens"": 4626, ""output_tokens"": 73, ""parse_ms"": 0.154, ""planner_total_ms"": 9214.74, ""prompt_build_ms"": 0.559, ""retry_count"": 0, ""retry_reason"": """", ""total_tokens"": 4699}, ""action"": ""migration_advisor"", ""action_input"": {""finish_after_tool"": true, ""use_image"": true, ""use_visual_probe"": true, ""user_query"": ""火星车悬架试验间稳定状态会签3100号""}, ""clarification_question"": """", ""decision_type"": ""tool"", ""end_reason"": """", ""final_answer"": """", ""thought"": ""最新状态未满足结束或迁移条件，需要继续按规则推进。""}]",,6282.063,6268.736,4023,48,1,1,True,False
PROMV12-TA-006-REX-FR2,fresh_retry_step2,设备失联只是背景，仍须核对当前显式额度：先使用Rex-Omni检测附件中的冰青三辐锁紧轮，检测结果仅作为中间状态。最终需要判断深水码头输油站异常路径终验1480号应继续现有能力、结束，还是进入迁移评估。自然语言里的故障等级和预算描述没有路由优先级，只读取本 query 最新 observation 的结构化键值。错误状态仅在 retryable=true 与 retry_count=0 同时成立时复用原检测器一次，否则调用迁移顾问。正常状态需要候选数、置信度、跨提示一致性和域偏移四个门槛全部通过才结束，任一否决项都转迁移。缺省、非法、冲突状态采取保守分支；已经重试一次的结果不能再次触发检测器。检测器必须设置 finish_after_tool=false；迁移顾问使用当前图片和视觉探针并设置 finish_after_tool=true。,True,examples/images/planner_retry_optimizer_matched_v12/icecyan_three_spoke_lockwheel.png,"[{""action"": ""rexomni_detection"", ""arg_contains"": {""label"": [""冰青三辐锁紧轮""]}, ""decision_type"": ""tool"", ""required_args"": {""finish_after_tool"": false}}, {""action"": ""rexomni_detection"", ""arg_contains"": {""label"": [""冰青三辐锁紧轮""]}, ""decision_type"": ""tool"", ""required_args"": {""finish_after_tool"": false}}, {""arg_contains"": {}, ""decision_type"": ""end"", ""required_args"": {""end_reason"": ""memory_hit""}}]","[""rag_answer"", ""re_question"", ""answerer"", ""flux-image-generation"", ""qwen_detection"", ""pipeline_eval"", ""migration_advisor""]","{""action_match"": 0.65, ""argument_match"": 0.1, ""decision_type_valid"": 0.03, ""final_tool_finish"": 0.1, ""finish_after_tool"": 0.1, ""json_valid"": 0.02, ""no_forbidden_action"": 0.1, ""no_premature_stop"": 0.1, ""no_repeated_tool"": 0.1, ""no_skip_required_probe"": 0.1, ""strict_action_match"": true, ""strict_argument_types"": true, ""wrong_action_cap"": 0.2}",False,0.725,"[""rexomni_detection"", ""rexomni_detection"", ""migration_advisor""]",rexomni_detection,"[{""_planner_metrics"": {""api_call_ms"": 6678.034, ""first_api_call_ms"": 6678.034, ""first_finish_reason"": ""stop"", ""first_input_tokens"": 4036, ""first_output_tokens"": 52, ""first_total_tokens"": 4088, ""input_tokens"": 4036, ""output_tokens"": 52, ""parse_ms"": 0.129, ""planner_total_ms"": 6692.076, ""prompt_build_ms"": 0.454, ""retry_count"": 0, ""retry_reason"": """", ""total_tokens"": 4088}, ""action"": ""rexomni_detection"", ""action_input"": {""finish_after_tool"": false, ""label"": ""冰青三辐锁紧轮""}, ""clarification_question"": """", ""decision_type"": ""tool"", ""end_reason"": """", ""final_answer"": """", ""thought"": ""先执行用户指定的检测器以取得当前结构化状态。""}, {""_planner_metrics"": {""api_call_ms"": 7071.356, ""first_api_call_ms"": 7071.356, ""first_finish_reason"": ""stop"", ""first_input_tokens"": 4341, ""first_output_tokens"": 54, ""first_total_tokens"": 4395, ""input_tokens"": 4341, ""output_tokens"": 54, ""parse_ms"": 0.118, ""planner_total_ms"": 7086.157, ""prompt_build_ms"": 0.477, ""retry_count"": 0, ""retry_reason"": """", ""total_tokens"": 4395}, ""action"": ""rexomni_detection"", ""action_input"": {""finish_after_tool"": false, ""label"": ""冰青三辐锁紧轮""}, ""clarification_question"": """", ""decision_type"": ""tool"", ""end_reason"": """", ""final_answer"": """", ""thought"": ""最新状态满足错误状态重试条件，应复用原检测器。""}, {""_planner_metrics"": {""api_call_ms"": 9375.189, ""first_api_call_ms"": 9375.189, ""first_finish_reason"": ""stop"", ""first_input_tokens"": 4643, ""first_output_tokens"": 73, ""first_total_tokens"": 4716, ""input_tokens"": 4643, ""output_tokens"": 73, ""parse_ms"": 0.134, ""planner_total_ms"": 9390.328, ""prompt_build_ms"": 0.522, ""retry_count"": 0, ""retry_reason"": """", ""total_tokens"": 4716}, ""action"": ""migration_advisor"", ""action_input"": {""finish_after_tool"": true, ""use_image"": true, ""use_visual_probe"": true, ""user_query"": ""深水码头输油站异常路径终验1480号""}, ""clarification_question"": """", ""decision_type"": ""tool"", ""end_reason"": """", ""final_answer"": """", ""thought"": ""最新状态未满足结束或迁移条件，需要继续按规则推进。""}]","step3:decision_type expected 'end', got 'tool' | step3:action expected 'end', got 'migration_advisor' | step3:arg 'end_reason' expected 'memory_hit', got '' | forbidden:migration_advisor",6692.076,6678.034,4036,52,0,1,False,True
PROMV12-TA-003-QWEN-BE2,budget_exhausted_step2,旧故障结论不得覆盖最后一条结构化回执：先使用Qwen检测附件中的冰青三辐锁紧轮，检测结果仅作为中间状态。最终需要判断深水码头输油站重试边界复审2398号应继续现有能力、结束，还是进入迁移评估。自然语言里的故障等级和预算描述没有路由优先级，只读取本 query 最新 observation 的结构化键值。错误状态仅在 retryable=true 与 retry_count=0 同时成立时复用原检测器一次，否则调用迁移顾问。正常状态需要候选数、置信度、跨提示一致性和域偏移四个门槛全部通过才结束，任一否决项都转迁移。缺省、非法、冲突状态采取保守分支；已经重试一次的结果不能再次触发检测器。检测器必须设置 finish_after_tool=false；迁移顾问使用当前图片和视觉探针并设置 finish_after_tool=true。,True,examples/images/planner_retry_optimizer_matched_v12/icecyan_three_spoke_lockwheel.png,"[{""action"": ""qwen_detection"", ""arg_contains"": {""label"": [""冰青三辐锁紧轮""]}, ""decision_type"": ""tool"", ""required_args"": {""finish_after_tool"": false}}, {""action"": ""migration_advisor"", ""arg_contains"": {""user_query"": [""深水码头输油站重试边界复审2398号""]}, ""decision_type"": ""tool"", ""required_args"": {""finish_after_tool"": true, ""use_image"": true, ""use_visual_probe"": true}}]","[""rag_answer"", ""re_question"", ""answerer"", ""flux-image-generation"", ""rexomni_detection"", ""pipeline_eval""]","{""action_match"": 0.65, ""argument_match"": 0.1, ""decision_type_valid"": 0.03, ""final_tool_finish"": 0.1, ""finish_after_tool"": 0.1, ""json_valid"": 0.02, ""no_forbidden_action"": 0.1, ""no_premature_stop"": 0.1, ""no_repeated_tool"": 0.1, ""no_skip_required_probe"": 0.1, ""strict_action_match"": true, ""strict_argument_types"": true, ""wrong_action_cap"": 0.2}",True,1.0,"[""qwen_detection"", ""migration_advisor""]",qwen_detection,"[{""_planner_metrics"": {""api_call_ms"": 6832.158, ""first_api_call_ms"": 6832.158, ""first_finish_reason"": ""stop"", ""first_input_tokens"": 4022, ""first_output_tokens"": 51, ""first_total_tokens"": 4073, ""input_tokens"": 4022, ""output_tokens"": 51, ""parse_ms"": 0.187, ""planner_total_ms"": 6846.72, ""prompt_build_ms"": 0.427, ""retry_count"": 0, ""retry_reason"": """", ""total_tokens"": 4073}, ""action"": ""qwen_detection"", ""action_input"": {""finish_after_tool"": false, ""label"": ""冰青三辐锁紧轮""}, ""clarification_question"": """", ""decision_type"": ""tool"", ""end_reason"": """", ""final_answer"": """", ""thought"": ""先执行用户指定的检测器以取得当前结构化状态。""}, {""_planner_metrics"": {""api_call_ms"": 9038.887, ""first_api_call_ms"": 9038.887, ""first_finish_reason"": ""stop"", ""first_input_tokens"": 4327, ""first_output_tokens"": 72, ""first_total_tokens"": 4399, ""input_tokens"": 4327, ""output_tokens"": 72, ""parse_ms"": 0.15, ""planner_total_ms"": 9055.069, ""prompt_build_ms"": 0.587, ""retry_count"": 0, ""retry_reason"": """", ""total_tokens"": 4399}, ""action"": ""migration_advisor"", ""action_input"": {""finish_after_tool"": true, ""use_image"": true, ""use_visual_probe"": true, ""user_query"": ""深水码头输油站重试边界复审2398号""}, ""clarification_question"": """", ""decision_type"": ""tool"", ""end_reason"": """", ""final_answer"": """", ""thought"": ""最新状态未满足结束或迁移条件，需要继续按规则推进。""}]",,6846.72,6832.158,4022,51,1,1,True,False
PROMV12-TA-010-QWEN-PV3,post_retry_metric_veto_step3,完成本轮异常探针的最终路由：先使用Qwen检测附件中的焦糖十字分流块，检测结果仅作为中间状态。最终需要判断非晶合金铸造炉重试边界复审8156号应继续现有能力、结束，还是进入迁移评估。自然语言里的故障等级和预算描述没有路由优先级，只读取本 query 最新 observation 的结构化键值。错误状态仅在 retryable=true 与 retry_count=0 同时成立时复用原检测器一次，否则调用迁移顾问。正常状态需要候选数、置信度、跨提示一致性和域偏移四个门槛全部通过才结束，任一否决项都转迁移。缺省、非法、冲突状态采取保守分支；已经重试一次的结果不能再次触发检测器。检测器必须设置 finish_after_tool=false；迁移顾问使用当前图片和视觉探针并设置 finish_after_tool=true。,True,examples/images/planner_retry_optimizer_matched_v12/caramel_cross_diverter.png,"[{""action"": ""qwen_detection"", ""arg_contains"": {""label"": [""焦糖十字分流块""]}, ""decision_type"": ""tool"", ""required_args"": {""finish_after_tool"": false}}, {""action"": ""qwen_detection"", ""arg_contains"": {""label"": [""焦糖十字分流块""]}, ""decision_type"": ""tool"", ""required_args"": {""finish_after_tool"": false}}, {""action"": ""migration_advisor"", ""arg_contains"": {""user_query"": [""非晶合金铸造炉重试边界复审8156号""]}, ""decision_type"": ""tool"", ""required_args"": {""finish_after_tool"": true, ""use_image"": true, ""use_visual_probe"": true}}]","[""rag_answer"", ""re_question"", ""answerer"", ""flux-image-generation"", ""rexomni_detection"", ""pipeline_eval""]","{""action_match"": 0.65, ""argument_match"": 0.1, ""decision_type_valid"": 0.03, ""final_tool_finish"": 0.1, ""finish_after_tool"": 0.1, ""json_valid"": 0.02, ""no_forbidden_action"": 0.1, ""no_premature_stop"": 0.1, ""no_repeated_tool"": 0.1, ""no_skip_required_probe"": 0.1, ""strict_action_match"": true, ""strict_argument_types"": true, ""wrong_action_cap"": 0.2}",True,1.0,"[""qwen_detection"", ""qwen_detection"", ""migration_advisor""]",qwen_detection,"[{""_planner_metrics"": {""api_call_ms"": 6389.417, ""first_api_call_ms"": 6389.417, ""first_finish_reason"": ""stop"", ""first_input_tokens"": 4009, ""first_output_tokens"": 48, ""first_total_tokens"": 4057, ""input_tokens"": 4009, ""output_tokens"": 48, ""parse_ms"": 0.128, ""planner_total_ms"": 6405.463, ""prompt_build_ms"": 0.487, ""retry_count"": 0, ""retry_reason"": """", ""total_tokens"": 4057}, ""action"": ""qwen_detection"", ""action_input"": {""finish_after_tool"": false, ""label"": ""焦糖十字分流块""}, ""clarification_question"": """", ""decision_type"": ""tool"", ""end_reason"": """", ""final_answer"": """", ""thought"": ""先执行用户指定的检测器以取得当前结构化状态。""}, {""_planner_metrics"": {""api_call_ms"": 6871.141, ""first_api_call_ms"": 6871.141, ""first_finish_reason"": ""stop"", ""first_input_tokens"": 4310, ""first_output_tokens"": 52, ""first_total_tokens"": 4362, ""input_tokens"": 4310, ""output_tokens"": 52, ""parse_ms"": 0.115, ""planner_total_ms"": 6886.104, ""prompt_build_ms"": 0.467, ""retry_count"": 0, ""retry_reason"": """", ""total_tokens"": 4362}, ""action"": ""qwen_detection"", ""action_input"": {""finish_after_tool"": false, ""label"": ""焦糖十字分流块""}, ""clarification_question"": """", ""decision_type"": ""tool"", ""end_reason"": """", ""final_answer"": """", ""thought"": ""最新状态满足错误状态的重试条件，需要再次使用同一检测器。""}, {""_planner_metrics"": {""api_call_ms"": 9018.029, ""first_api_call_ms"": 9018.029, ""first_finish_reason"": ""stop"", ""first_input_tokens"": 4610, ""first_output_tokens"": 72, ""first_total_tokens"": 4682, ""input_tokens"": 4610, ""output_tokens"": 72, ""parse_ms"": 0.119, ""planner_total_ms"": 9033.509, ""prompt_build_ms"": 0.498, ""retry_count"": 0, ""retry_reason"": """", ""total_tokens"": 4682}, ""action"": ""migration_advisor"", ""action_input"": {""finish_after_tool"": true, ""use_image"": true, ""use_visual_probe"": true, ""user_query"": ""非晶合金铸造炉重试边界复审8156号""}, ""clarification_question"": """", ""decision_type"": ""tool"", ""end_reason"": """", ""final_answer"": """", ""thought"": ""最新状态未满足结束或重试条件，需要进入能力迁移评估。""}]",,6405.463,6389.417,4009,48,1,1,True,False
PROMV12-TA-010-QWEN-CS2,current_success_step2,完成本轮异常探针的最终路由：先使用Qwen检测附件中的焦糖十字分流块，检测结果仅作为中间状态。最终需要判断非晶合金铸造炉重试边界复审8156号应继续现有能力、结束，还是进入迁移评估。自然语言里的故障等级和预算描述没有路由优先级，只读取本 query 最新 observation 的结构化键值。错误状态仅在 retryable=true 与 retry_count=0 同时成立时复用原检测器一次，否则调用迁移顾问。正常状态需要候选数、置信度、跨提示一致性和域偏移四个门槛全部通过才结束，任一否决项都转迁移。缺省、非法、冲突状态采取保守分支；已经重试一次的结果不能再次触发检测器。检测器必须设置 finish_after_tool=false；迁移顾问使用当前图片和视觉探针并设置 finish_after_tool=true。,True,examples/images/planner_retry_optimizer_matched_v12/caramel_cross_diverter.png,"[{""action"": ""qwen_detection"", ""arg_contains"": {""label"": [""焦糖十字分流块""]}, ""decision_type"": ""tool"", ""required_args"": {""finish_after_tool"": false}}, {""arg_contains"": {}, ""decision_type"": ""end"", ""required_args"": {""end_reason"": ""memory_hit""}}]","[""rag_answer"", ""re_question"", ""answerer"", ""flux-image-generation"", ""rexomni_detection"", ""pipeline_eval"", ""migration_advisor""]","{""action_match"": 0.65, ""argument_match"": 0.1, ""decision_type_valid"": 0.03, ""final_tool_finish"": 0.1, ""finish_after_tool"": 0.1, ""json_valid"": 0.02, ""no_forbidden_action"": 0.1, ""no_premature_stop"": 0.1, ""no_repeated_tool"": 0.1, ""no_skip_required_probe"": 0.1, ""strict_action_match"": true, ""strict_argument_types"": true, ""wrong_action_cap"": 0.2}",True,1.0,"[""qwen_detection"", ""final_answer""]",qwen_detection,"[{""_planner_metrics"": {""api_call_ms"": 6241.196, ""first_api_call_ms"": 6241.196, ""first_finish_reason"": ""stop"", ""first_input_tokens"": 4006, ""first_output_tokens"": 48, ""first_total_tokens"": 4054, ""input_tokens"": 4006, ""output_tokens"": 48, ""parse_ms"": 0.12, ""planner_total_ms"": 6255.413, ""prompt_build_ms"": 0.483, ""retry_count"": 0, ""retry_reason"": """", ""total_tokens"": 4054}, ""action"": ""qwen_detection"", ""action_input"": {""finish_after_tool"": false, ""label"": ""焦糖十字分流块""}, ""clarification_question"": """", ""decision_type"": ""tool"", ""end_reason"": """", ""final_answer"": """", ""thought"": ""先执行用户指定的检测器以取得当前结构化状态。""}, {""_planner_metrics"": {""api_call_ms"": 4908.778, ""first_api_call_ms"": 4908.778, ""first_finish_reason"": ""stop"", ""first_input_tokens"": 4304, ""first_output_tokens"": 34, ""first_total_tokens"": 4338, ""input_tokens"": 4304, ""output_tokens"": 34, ""parse_ms"": 0.109, ""planner_total_ms"": 4923.124, ""prompt_build_ms"": 0.48, ""retry_count"": 0, ""retry_reason"": """", ""total_tokens"": 4338}, ""action"": ""final_answer"", ""action_input"": {}, ""clarification_question"": """", ""decision_type"": ""end"", ""end_reason"": ""memory_hit"", ""final_answer"": """", ""thought"": ""最新结构化状态已满足全部硬门槛，可以结束本轮规划。""}]",,6255.413,6241.196,4006,48,1,1,True,False
PROMV12-TA-003-REX-NR2,nonretryable_step2,旧故障结论不得覆盖最后一条结构化回执：先使用Rex-Omni检测附件中的冰青三辐锁紧轮，检测结果仅作为中间状态。最终需要判断深水码头输油站重试边界复审2398号应继续现有能力、结束，还是进入迁移评估。自然语言里的故障等级和预算描述没有路由优先级，只读取本 query 最新 observation 的结构化键值。错误状态仅在 retryable=true 与 retry_count=0 同时成立时复用原检测器一次，否则调用迁移顾问。正常状态需要候选数、置信度、跨提示一致性和域偏移四个门槛全部通过才结束，任一否决项都转迁移。缺省、非法、冲突状态采取保守分支；已经重试一次的结果不能再次触发检测器。检测器必须设置 finish_after_tool=false；迁移顾问使用当前图片和视觉探针并设置 finish_after_tool=true。,True,examples/images/planner_retry_optimizer_matched_v12/icecyan_three_spoke_lockwheel.png,"[{""action"": ""rexomni_detection"", ""arg_contains"": {""label"": [""冰青三辐锁紧轮""]}, ""decision_type"": ""tool"", ""required_args"": {""finish_after_tool"": false}}, {""action"": ""migration_advisor"", ""arg_contains"": {""user_query"": [""深水码头输油站重试边界复审2398号""]}, ""decision_type"": ""tool"", ""required_args"": {""finish_after_tool"": true, ""use_image"": true, ""use_visual_probe"": true}}]","[""rag_answer"", ""re_question"", ""answerer"", ""flux-image-generation"", ""qwen_detection"", ""pipeline_eval""]","{""action_match"": 0.65, ""argument_match"": 0.1, ""decision_type_valid"": 0.03, ""final_tool_finish"": 0.1, ""finish_after_tool"": 0.1, ""json_valid"": 0.02, ""no_forbidden_action"": 0.1, ""no_premature_stop"": 0.1, ""no_repeated_tool"": 0.1, ""no_skip_required_probe"": 0.1, ""strict_action_match"": true, ""strict_argument_types"": true, ""wrong_action_cap"": 0.2}",True,1.0,"[""rexomni_detection"", ""migration_advisor""]",rexomni_detection,"[{""_planner_metrics"": {""api_call_ms"": 6623.694, ""first_api_call_ms"": 6623.694, ""first_finish_reason"": ""stop"", ""first_input_tokens"": 4028, ""first_output_tokens"": 52, ""first_total_tokens"": 4080, ""input_tokens"": 4028, ""output_tokens"": 52, ""parse_ms"": 0.153, ""planner_total_ms"": 6638.479, ""prompt_build_ms"": 0.429, ""retry_count"": 0, ""retry_reason"": """", ""total_tokens"": 4080}, ""action"": ""rexomni_detection"", ""action_input"": {""finish_after_tool"": false, ""label"": ""冰青三辐锁紧轮""}, ""clarification_question"": """", ""decision_type"": ""tool"", ""end_reason"": """", ""final_answer"": """", ""thought"": ""先执行用户指定的检测器以取得当前结构化状态。""}, {""_planner_metrics"": {""api_call_ms"": 8840.845, ""first_api_call_ms"": 8840.845, ""first_finish_reason"": ""stop"", ""first_input_tokens"": 4339, ""first_output_tokens"": 72, ""first_total_tokens"": 4411, ""input_tokens"": 4339, ""output_tokens"": 72, ""parse_ms"": 0.118, ""planner_total_ms"": 8854.937, ""prompt_build_ms"": 0.444, ""retry_count"": 0, ""retry_reason"": """", ""total_tokens"": 4411}, ""action"": ""migration_advisor"", ""action_input"": {""finish_after_tool"": true, ""use_image"": true, ""use_visual_probe"": true, ""user_query"": ""深水码头输油站重试边界复审2398号""}, ""clarification_question"": """", ""decision_type"": ""tool"", ""end_reason"": """", ""final_answer"": """", ""thought"": ""最新状态未满足结束或重试条件，需要进入能力迁移评估。""}]",,6638.479,6623.694,4028,52,1,1,True,False
PROMV12-TA-012-REX-NR2,nonretryable_step2,完成本轮异常探针的最终路由：先使用Rex-Omni检测附件中的冰青三辐锁紧轮，检测结果仅作为中间状态。最终需要判断深水码头输油站稳定状态会签5128号应继续现有能力、结束，还是进入迁移评估。自然语言里的故障等级和预算描述没有路由优先级，只读取本 query 最新 observation 的结构化键值。错误状态仅在 retryable=true 与 retry_count=0 同时成立时复用原检测器一次，否则调用迁移顾问。正常状态需要候选数、置信度、跨提示一致性和域偏移四个门槛全部通过才结束，任一否决项都转迁移。缺省、非法、冲突状态采取保守分支；已经重试一次的结果不能再次触发检测器。检测器必须设置 finish_after_tool=false；迁移顾问使用当前图片和视觉探针并设置 finish_after_tool=true。,True,examples/images/planner_retry_optimizer_matched_v12/icecyan_three_spoke_lockwheel.png,"[{""action"": ""rexomni_detection"", ""arg_contains"": {""label"": [""冰青三辐锁紧轮""]}, ""decision_type"": ""tool"", ""required_args"": {""finish_after_tool"": false}}, {""action"": ""migration_advisor"", ""arg_contains"": {""user_query"": [""深水码头输油站稳定状态会签5128号""]}, ""decision_type"": ""tool"", ""required_args"": {""finish_after_tool"": true, ""use_image"": true, ""use_visual_probe"": true}}]","[""rag_answer"", ""re_question"", ""answerer"", ""flux-image-generation"", ""qwen_detection"", ""pipeline_eval""]","{""action_match"": 0.65, ""argument_match"": 0.1, ""decision_type_valid"": 0.03, ""final_tool_finish"": 0.1, ""finish_after_tool"": 0.1, ""json_valid"": 0.02, ""no_forbidden_action"": 0.1, ""no_premature_stop"": 0.1, ""no_repeated_tool"": 0.1, ""no_skip_required_probe"": 0.1, ""strict_action_match"": true, ""strict_argument_types"": true, ""wrong_action_cap"": 0.2}",True,1.0,"[""rexomni_detection"", ""migration_advisor""]",rexomni_detection,"[{""_planner_metrics"": {""api_call_ms"": 6643.878, ""first_api_call_ms"": 6643.878, ""first_finish_reason"": ""stop"", ""first_input_tokens"": 4024, ""first_output_tokens"": 52, ""first_total_tokens"": 4076, ""input_tokens"": 4024, ""output_tokens"": 52, ""parse_ms"": 0.116, ""planner_total_ms"": 6657.682, ""prompt_build_ms"": 0.401, ""retry_count"": 0, ""retry_reason"": """", ""total_tokens"": 4076}, ""action"": ""rexomni_detection"", ""action_input"": {""finish_after_tool"": false, ""label"": ""冰青三辐锁紧轮""}, ""clarification_question"": """", ""decision_type"": ""tool"", ""end_reason"": """", ""final_answer"": """", ""thought"": ""先执行用户指定的检测器以取得当前结构化状态。""}, {""_planner_metrics"": {""api_call_ms"": 8950.108, ""first_api_call_ms"": 8950.108, ""first_finish_reason"": ""stop"", ""first_input_tokens"": 4336, ""first_output_tokens"": 73, ""first_total_tokens"": 4409, ""input_tokens"": 4336, ""output_tokens"": 73, ""parse_ms"": 0.176, ""planner_total_ms"": 8964.762, ""prompt_build_ms"": 0.482, ""retry_count"": 0, ""retry_reason"": """", ""total_tokens"": 4409}, ""action"": ""migration_advisor"", ""action_input"": {""finish_after_tool"": true, ""use_image"": true, ""use_visual_probe"": true, ""user_query"": ""深水码头输油站稳定状态会签5128号""}, ""clarification_question"": """", ""decision_type"": ""tool"", ""end_reason"": """", ""final_answer"": """", ""thought"": ""最新状态未满足结束或重试条件，需要进入能力迁移评估。""}]",,6657.682,6643.878,4024,52,1,1,True,False
PROMV12-TA-009-REX-MS2,missing_required_state_step2,设备失联只是背景，仍须核对当前显式额度：先使用Rex-Omni检测附件中的焦糖十字分流块，检测结果仅作为中间状态。最终需要判断火星车悬架试验间稳定状态会签3100号应继续现有能力、结束，还是进入迁移评估。自然语言里的故障等级和预算描述没有路由优先级，只读取本 query 最新 observation 的结构化键值。错误状态仅在 retryable=true 与 retry_count=0 同时成立时复用原检测器一次，否则调用迁移顾问。正常状态需要候选数、置信度、跨提示一致性和域偏移四个门槛全部通过才结束，任一否决项都转迁移。缺省、非法、冲突状态采取保守分支；已经重试一次的结果不能再次触发检测器。检测器必须设置 finish_after_tool=false；迁移顾问使用当前图片和视觉探针并设置 finish_after_tool=true。,True,examples/images/planner_retry_optimizer_matched_v12/caramel_cross_diverter.png,"[{""action"": ""rexomni_detection"", ""arg_contains"": {""label"": [""焦糖十字分流块""]}, ""decision_type"": ""tool"", ""required_args"": {""finish_after_tool"": false}}, {""action"": ""migration_advisor"", ""arg_contains"": {""user_query"": [""火星车悬架试验间稳定状态会签3100号""]}, ""decision_type"": ""tool"", ""required_args"": {""finish_after_tool"": true, ""use_image"": true, ""use_visual_probe"": true}}]","[""rag_answer"", ""re_question"", ""answerer"", ""flux-image-generation"", ""qwen_detection"", ""pipeline_eval""]","{""action_match"": 0.65, ""argument_match"": 0.1, ""decision_type_valid"": 0.03, ""final_tool_finish"": 0.1, ""finish_after_tool"": 0.1, ""json_valid"": 0.02, ""no_forbidden_action"": 0.1, ""no_premature_stop"": 0.1, ""no_repeated_tool"": 0.1, ""no_skip_required_probe"": 0.1, ""strict_action_match"": true, ""strict_argument_types"": true, ""wrong_action_cap"": 0.2}",False,0.586957,"[""rexomni_detection"", ""rexomni_detection""]",rexomni_detection,"[{""_planner_metrics"": {""api_call_ms"": 6342.593, ""first_api_call_ms"": 6342.593, ""first_finish_reason"": ""stop"", ""first_input_tokens"": 4029, ""first_output_tokens"": 49, ""first_total_tokens"": 4078, ""input_tokens"": 4029, ""output_tokens"": 49, ""parse_ms"": 0.175, ""planner_total_ms"": 6357.038, ""prompt_build_ms"": 0.477, ""retry_count"": 0, ""retry_reason"": """", ""total_tokens"": 4078}, ""action"": ""rexomni_detection"", ""action_input"": {""finish_after_tool"": false, ""label"": ""焦糖十字分流块""}, ""clarification_question"": """", ""decision_type"": ""tool"", ""end_reason"": """", ""final_answer"": """", ""thought"": ""先执行用户指定的检测器以取得当前结构化状态。""}, {""_planner_metrics"": {""api_call_ms"": 6582.511, ""first_api_call_ms"": 6582.511, ""first_finish_reason"": ""stop"", ""first_input_tokens"": 4331, ""first_output_tokens"": 50, ""first_total_tokens"": 4381, ""input_tokens"": 4331, ""output_tokens"": 50, ""parse_ms"": 0.132, ""planner_total_ms"": 6597.148, ""prompt_build_ms"": 0.478, ""retry_count"": 0, ""retry_reason"": """", ""total_tokens"": 4381}, ""action"": ""rexomni_detection"", ""action_input"": {""finish_after_tool"": false, ""label"": ""焦糖十字分流块""}, ""clarification_question"": """", ""decision_type"": ""tool"", ""end_reason"": """", ""final_answer"": """", ""thought"": ""最新状态满足错误重试条件，需要复用同一检测器。""}]","step2:action expected 'migration_advisor', got 'rexomni_detection' | step2:finish_after_tool expected True, got False | step2:arg 'use_image' expected True, got None | step2:arg 'use_visual_probe' expected True, got None | step2:arg 'user_query' expected to contain ['火星车悬架试验间稳定状态会签3100号'], got None",6357.038,6342.593,4029,49,0,1,False,True
PROMV12-TA-003-QWEN-CS2,current_success_step2,旧故障结论不得覆盖最后一条结构化回执：先使用Qwen检测附件中的冰青三辐锁紧轮，检测结果仅作为中间状态。最终需要判断深水码头输油站重试边界复审2398号应继续现有能力、结束，还是进入迁移评估。自然语言里的故障等级和预算描述没有路由优先级，只读取本 query 最新 observation 的结构化键值。错误状态仅在 retryable=true 与 retry_count=0 同时成立时复用原检测器一次，否则调用迁移顾问。正常状态需要候选数、置信度、跨提示一致性和域偏移四个门槛全部通过才结束，任一否决项都转迁移。缺省、非法、冲突状态采取保守分支；已经重试一次的结果不能再次触发检测器。检测器必须设置 finish_after_tool=false；迁移顾问使用当前图片和视觉探针并设置 finish_after_tool=true。,True,examples/images/planner_retry_optimizer_matched_v12/icecyan_three_spoke_lockwheel.png,"[{""action"": ""qwen_detection"", ""arg_contains"": {""label"": [""冰青三辐锁紧轮""]}, ""decision_type"": ""tool"", ""required_args"": {""finish_after_tool"": false}}, {""arg_contains"": {}, ""decision_type"": ""end"", ""required_args"": {""end_reason"": ""memory_hit""}}]","[""rag_answer"", ""re_question"", ""answerer"", ""flux-image-generation"", ""rexomni_detection"", ""pipeline_eval"", ""migration_advisor""]","{""action_match"": 0.65, ""argument_match"": 0.1, ""decision_type_valid"": 0.03, ""final_tool_finish"": 0.1, ""finish_after_tool"": 0.1, ""json_valid"": 0.02, ""no_forbidden_action"": 0.1, ""no_premature_stop"": 0.1, ""no_repeated_tool"": 0.1, ""no_skip_required_probe"": 0.1, ""strict_action_match"": true, ""strict_argument_types"": true, ""wrong_action_cap"": 0.2}",True,1.0,"[""qwen_detection"", ""final_answer""]",qwen_detection,"[{""_planner_metrics"": {""api_call_ms"": 6555.836, ""first_api_call_ms"": 6555.836, ""first_finish_reason"": ""stop"", ""first_input_tokens"": 4019, ""first_output_tokens"": 51, ""first_total_tokens"": 4070, ""input_tokens"": 4019, ""output_tokens"": 51, ""parse_ms"": 0.115, ""planner_total_ms"": 6571.79, ""prompt_build_ms"": 0.471, ""retry_count"": 0, ""retry_reason"": """", ""total_tokens"": 4070}, ""action"": ""qwen_detection"", ""action_input"": {""finish_after_tool"": false, ""label"": ""冰青三辐锁紧轮""}, ""clarification_question"": """", ""decision_type"": ""tool"", ""end_reason"": """", ""final_answer"": """", ""thought"": ""先执行用户指定的检测器以取得当前结构化状态。""}, {""_planner_metrics"": {""api_call_ms"": 5048.363, ""first_api_call_ms"": 5048.363, ""first_finish_reason"": ""stop"", ""first_input_tokens"": 4317, ""first_output_tokens"": 35, ""first_total_tokens"": 4352, ""input_tokens"": 4317, ""output_tokens"": 35, ""parse_ms"": 0.102, ""planner_total_ms"": 5063.161, ""prompt_build_ms"": 0.447, ""retry_count"": 0, ""retry_reason"": """", ""total_tokens"": 4352}, ""action"": ""final_answer"", ""action_input"": {}, ""clarification_question"": """", ""decision_type"": ""end"", ""end_reason"": ""memory_hit"", ""final_answer"": """", ""thought"": ""最新结构化状态已满足全部路由条件，需要给出最终决策结论。""}]",,6571.79,6555.836,4019,51,1,1,True,False
PROMV12-TA-006-REX-PE3,post_retry_error_step3,设备失联只是背景，仍须核对当前显式额度：先使用Rex-Omni检测附件中的冰青三辐锁紧轮，检测结果仅作为中间状态。最终需要判断深水码头输油站异常路径终验1480号应继续现有能力、结束，还是进入迁移评估。自然语言里的故障等级和预算描述没有路由优先级，只读取本 query 最新 observation 的结构化键值。错误状态仅在 retryable=true 与 retry_count=0 同时成立时复用原检测器一次，否则调用迁移顾问。正常状态需要候选数、置信度、跨提示一致性和域偏移四个门槛全部通过才结束，任一否决项都转迁移。缺省、非法、冲突状态采取保守分支；已经重试一次的结果不能再次触发检测器。检测器必须设置 finish_after_tool=false；迁移顾问使用当前图片和视觉探针并设置 finish_after_tool=true。,True,examples/images/planner_retry_optimizer_matched_v12/icecyan_three_spoke_lockwheel.png,"[{""action"": ""rexomni_detection"", ""arg_contains"": {""label"": [""冰青三辐锁紧轮""]}, ""decision_type"": ""tool"", ""required_args"": {""finish_after_tool"": false}}, {""action"": ""rexomni_detection"", ""arg_contains"": {""label"": [""冰青三辐锁紧轮""]}, ""decision_type"": ""tool"", ""required_args"": {""finish_after_tool"": false}}, {""action"": ""migration_advisor"", ""arg_contains"": {""user_query"": [""深水码头输油站异常路径终验1480号""]}, ""decision_type"": ""tool"", ""required_args"": {""finish_after_tool"": true, ""use_image"": true, ""use_visual_probe"": true}}]","[""rag_answer"", ""re_question"", ""answerer"", ""flux-image-generation"", ""qwen_detection"", ""pipeline_eval""]","{""action_match"": 0.65, ""argument_match"": 0.1, ""decision_type_valid"": 0.03, ""final_tool_finish"": 0.1, ""finish_after_tool"": 0.1, ""json_valid"": 0.02, ""no_forbidden_action"": 0.1, ""no_premature_stop"": 0.1, ""no_repeated_tool"": 0.1, ""no_skip_required_probe"": 0.1, ""strict_action_match"": true, ""strict_argument_types"": true, ""wrong_action_cap"": 0.2}",False,0.734375,"[""rexomni_detection"", ""rexomni_detection"", ""rexomni_detection""]",rexomni_detection,"[{""_planner_metrics"": {""api_call_ms"": 6574.809, ""first_api_call_ms"": 6574.809, ""first_finish_reason"": ""stop"", ""first_input_tokens"": 4036, ""first_output_tokens"": 52, ""first_total_tokens"": 4088, ""input_tokens"": 4036, ""output_tokens"": 52, ""parse_ms"": 0.122, ""planner_total_ms"": 6589.555, ""prompt_build_ms"": 0.44, ""retry_count"": 0, ""retry_reason"": """", ""total_tokens"": 4088}, ""action"": ""rexomni_detection"", ""action_input"": {""finish_after_tool"": false, ""label"": ""冰青三辐锁紧轮""}, ""clarification_question"": """", ""decision_type"": ""tool"", ""end_reason"": """", ""final_answer"": """", ""thought"": ""先执行用户指定的检测器以取得当前结构化状态。""}, {""_planner_metrics"": {""api_call_ms"": 6987.861, ""first_api_call_ms"": 6987.861, ""first_finish_reason"": ""stop"", ""first_input_tokens"": 4342, ""first_output_tokens"": 54, ""first_total_tokens"": 4396, ""input_tokens"": 4342, ""output_tokens"": 54, ""parse_ms"": 0.115, ""planner_total_ms"": 7001.76, ""prompt_build_ms"": 0.422, ""retry_count"": 0, ""retry_reason"": """", ""total_tokens"": 4396}, ""action"": ""rexomni_detection"", ""action_input"": {""finish_after_tool"": false, ""label"": ""冰青三辐锁紧轮""}, ""clarification_question"": """", ""decision_type"": ""tool"", ""end_reason"": """", ""final_answer"": """", ""thought"": ""最新状态满足错误重试条件，需要再次使用同一检测器。""}, {""_planner_metrics"": {""api_call_ms"": 7171.134, ""first_api_call_ms"": 7171.134, ""first_finish_reason"": ""stop"", ""first_input_tokens"": 4646, ""first_output_tokens"": 54, ""first_total_tokens"": 4700, ""input_tokens"": 4646, ""output_tokens"": 54, ""parse_ms"": 0.112, ""planner_total_ms"": 7186.127, ""prompt_build_ms"": 0.553, ""retry_count"": 0, ""retry_reason"": """", ""total_tokens"": 4700}, ""action"": ""rexomni_detection"", ""action_input"": {""finish_after_tool"": false, ""label"": ""冰青三辐锁紧轮""}, ""clarification_question"": """", ""decision_type"": ""tool"", ""end_reason"": """", ""final_answer"": """", ""thought"": ""最新状态满足错误重试条件，需要再次使用同一检测器。""}]","step3:action expected 'migration_advisor', got 'rexomni_detection' | step3:finish_after_tool expected True, got False | step3:arg 'use_image' expected True, got None | step3:arg 'use_visual_probe' expected True, got None | step3:arg 'user_query' expected to contain ['深水码头输油站异常路径终验1480号'], got None",6589.555,6574.809,4036,52,0,1,False,True
PROMV12-TA-012-QWEN-PE3,post_retry_error_step3,完成本轮异常探针的最终路由：先使用Qwen检测附件中的冰青三辐锁紧轮，检测结果仅作为中间状态。最终需要判断深水码头输油站稳定状态会签5128号应继续现有能力、结束，还是进入迁移评估。自然语言里的故障等级和预算描述没有路由优先级，只读取本 query 最新 observation 的结构化键值。错误状态仅在 retryable=true 与 retry_count=0 同时成立时复用原检测器一次，否则调用迁移顾问。正常状态需要候选数、置信度、跨提示一致性和域偏移四个门槛全部通过才结束，任一否决项都转迁移。缺省、非法、冲突状态采取保守分支；已经重试一次的结果不能再次触发检测器。检测器必须设置 finish_after_tool=false；迁移顾问使用当前图片和视觉探针并设置 finish_after_tool=true。,True,examples/images/planner_retry_optimizer_matched_v12/icecyan_three_spoke_lockwheel.png,"[{""action"": ""qwen_detection"", ""arg_contains"": {""label"": [""冰青三辐锁紧轮""]}, ""decision_type"": ""tool"", ""required_args"": {""finish_after_tool"": false}}, {""action"": ""qwen_detection"", ""arg_contains"": {""label"": [""冰青三辐锁紧轮""]}, ""decision_type"": ""tool"", ""required_args"": {""finish_after_tool"": false}}, {""action"": ""migration_advisor"", ""arg_contains"": {""user_query"": [""深水码头输油站稳定状态会签5128号""]}, ""decision_type"": ""tool"", ""required_args"": {""finish_after_tool"": true, ""use_image"": true, ""use_visual_probe"": true}}]","[""rag_answer"", ""re_question"", ""answerer"", ""flux-image-generation"", ""rexomni_detection"", ""pipeline_eval""]","{""action_match"": 0.65, ""argument_match"": 0.1, ""decision_type_valid"": 0.03, ""final_tool_finish"": 0.1, ""finish_after_tool"": 0.1, ""json_valid"": 0.02, ""no_forbidden_action"": 0.1, ""no_premature_stop"": 0.1, ""no_repeated_tool"": 0.1, ""no_skip_required_probe"": 0.1, ""strict_action_match"": true, ""strict_argument_types"": true, ""wrong_action_cap"": 0.2}",False,0.734375,"[""qwen_detection"", ""qwen_detection"", ""qwen_detection""]",qwen_detection,"[{""_planner_metrics"": {""api_call_ms"": 6540.966, ""first_api_call_ms"": 6540.966, ""first_finish_reason"": ""stop"", ""first_input_tokens"": 4018, ""first_output_tokens"": 51, ""first_total_tokens"": 4069, ""input_tokens"": 4018, ""output_tokens"": 51, ""parse_ms"": 0.132, ""planner_total_ms"": 6553.875, ""prompt_build_ms"": 0.403, ""retry_count"": 0, ""retry_reason"": """", ""total_tokens"": 4069}, ""action"": ""qwen_detection"", ""action_input"": {""finish_after_tool"": false, ""label"": ""冰青三辐锁紧轮""}, ""clarification_question"": """", ""decision_type"": ""tool"", ""end_reason"": """", ""final_answer"": """", ""thought"": ""先执行用户指定的检测器以取得当前结构化状态。""}, {""_planner_metrics"": {""api_call_ms"": 6867.153, ""first_api_call_ms"": 6867.153, ""first_finish_reason"": ""stop"", ""first_input_tokens"": 4328, ""first_output_tokens"": 53, ""first_total_tokens"": 4381, ""input_tokens"": 4328, ""output_tokens"": 53, ""parse_ms"": 0.114, ""planner_total_ms"": 6881.666, ""prompt_build_ms"": 0.509, ""retry_count"": 0, ""retry_reason"": """", ""total_tokens"": 4381}, ""action"": ""qwen_detection"", ""action_input"": {""finish_after_tool"": false, ""label"": ""冰青三辐锁紧轮""}, ""clarification_question"": """", ""decision_type"": ""tool"", ""end_reason"": """", ""final_answer"": """", ""thought"": ""最新状态满足错误重试条件，需要再次使用同一检测器。""}, {""_planner_metrics"": {""api_call_ms"": 7473.594, ""first_api_call_ms"": 7473.594, ""first_finish_reason"": ""stop"", ""first_input_tokens"": 4638, ""first_output_tokens"": 57, ""first_total_tokens"": 4695, ""input_tokens"": 4638, ""output_tokens"": 57, ""parse_ms"": 0.118, ""planner_total_ms"": 7488.953, ""prompt_build_ms"": 0.519, ""retry_count"": 0, ""retry_reason"": """", ""total_tokens"": 4695}, ""action"": ""qwen_detection"", ""action_input"": {""finish_after_tool"": false, ""label"": ""冰青三辐锁紧轮""}, ""clarification_question"": """", ""decision_type"": ""tool"", ""end_reason"": """", ""final_answer"": """", ""thought"": ""最新状态满足错误重试条件，需要再次使用同一检测器取得结构化键值。""}]","step3:action expected 'migration_advisor', got 'qwen_detection' | step3:finish_after_tool expected True, got False | step3:arg 'use_image' expected True, got None | step3:arg 'use_visual_probe' expected True, got None | step3:arg 'user_query' expected to contain ['深水码头输油站稳定状态会签5128号'], got None",6553.875,6540.966,4018,51,0,1,False,True
PROMV12-TA-012-REX-BE2,budget_exhausted_step2,完成本轮异常探针的最终路由：先使用Rex-Omni检测附件中的冰青三辐锁紧轮，检测结果仅作为中间状态。最终需要判断深水码头输油站稳定状态会签5128号应继续现有能力、结束，还是进入迁移评估。自然语言里的故障等级和预算描述没有路由优先级，只读取本 query 最新 observation 的结构化键值。错误状态仅在 retryable=true 与 retry_count=0 同时成立时复用原检测器一次，否则调用迁移顾问。正常状态需要候选数、置信度、跨提示一致性和域偏移四个门槛全部通过才结束，任一否决项都转迁移。缺省、非法、冲突状态采取保守分支；已经重试一次的结果不能再次触发检测器。检测器必须设置 finish_after_tool=false；迁移顾问使用当前图片和视觉探针并设置 finish_after_tool=true。,True,examples/images/planner_retry_optimizer_matched_v12/icecyan_three_spoke_lockwheel.png,"[{""action"": ""rexomni_detection"", ""arg_contains"": {""label"": [""冰青三辐锁紧轮""]}, ""decision_type"": ""tool"", ""required_args"": {""finish_after_tool"": false}}, {""action"": ""migration_advisor"", ""arg_contains"": {""user_query"": [""深水码头输油站稳定状态会签5128号""]}, ""decision_type"": ""tool"", ""required_args"": {""finish_after_tool"": true, ""use_image"": true, ""use_visual_probe"": true}}]","[""rag_answer"", ""re_question"", ""answerer"", ""flux-image-generation"", ""qwen_detection"", ""pipeline_eval""]","{""action_match"": 0.65, ""argument_match"": 0.1, ""decision_type_valid"": 0.03, ""final_tool_finish"": 0.1, ""finish_after_tool"": 0.1, ""json_valid"": 0.02, ""no_forbidden_action"": 0.1, ""no_premature_stop"": 0.1, ""no_repeated_tool"": 0.1, ""no_skip_required_probe"": 0.1, ""strict_action_match"": true, ""strict_argument_types"": true, ""wrong_action_cap"": 0.2}",True,1.0,"[""rexomni_detection"", ""migration_advisor""]",rexomni_detection,"[{""_planner_metrics"": {""api_call_ms"": 6631.44, ""first_api_call_ms"": 6631.44, ""first_finish_reason"": ""stop"", ""first_input_tokens"": 4024, ""first_output_tokens"": 52, ""first_total_tokens"": 4076, ""input_tokens"": 4024, ""output_tokens"": 52, ""parse_ms"": 0.179, ""planner_total_ms"": 6645.069, ""prompt_build_ms"": 0.507, ""retry_count"": 0, ""retry_reason"": """", ""total_tokens"": 4076}, ""action"": ""rexomni_detection"", ""action_input"": {""finish_after_tool"": false, ""label"": ""冰青三辐锁紧轮""}, ""clarification_question"": """", ""decision_type"": ""tool"", ""end_reason"": """", ""final_answer"": """", ""thought"": ""先执行用户指定的检测器以取得当前结构化状态。""}, {""_planner_metrics"": {""api_call_ms"": 8965.321, ""first_api_call_ms"": 8965.321, ""first_finish_reason"": ""stop"", ""first_input_tokens"": 4335, ""first_output_tokens"": 73, ""first_total_tokens"": 4408, ""input_tokens"": 4335, ""output_tokens"": 73, ""parse_ms"": 0.119, ""planner_total_ms"": 8980.173, ""prompt_build_ms"": 0.537, ""retry_count"": 0, ""retry_reason"": """", ""total_tokens"": 4408}, ""action"": ""migration_advisor"", ""action_input"": {""finish_after_tool"": true, ""use_image"": true, ""use_visual_probe"": true, ""user_query"": ""深水码头输油站稳定状态会签5128号""}, ""clarification_question"": """", ""decision_type"": ""tool"", ""end_reason"": """", ""final_answer"": """", ""thought"": ""最新状态未满足结束或重试条件，需要进入能力迁移评估。""}]",,6645.069,6631.44,4024,52,1,1,True,False
PROMV12-TA-012-REX-CS2,current_success_step2,完成本轮异常探针的最终路由：先使用Rex-Omni检测附件中的冰青三辐锁紧轮，检测结果仅作为中间状态。最终需要判断深水码头输油站稳定状态会签5128号应继续现有能力、结束，还是进入迁移评估。自然语言里的故障等级和预算描述没有路由优先级，只读取本 query 最新 observation 的结构化键值。错误状态仅在 retryable=true 与 retry_count=0 同时成立时复用原检测器一次，否则调用迁移顾问。正常状态需要候选数、置信度、跨提示一致性和域偏移四个门槛全部通过才结束，任一否决项都转迁移。缺省、非法、冲突状态采取保守分支；已经重试一次的结果不能再次触发检测器。检测器必须设置 finish_after_tool=false；迁移顾问使用当前图片和视觉探针并设置 finish_after_tool=true。,True,examples/images/planner_retry_optimizer_matched_v12/icecyan_three_spoke_lockwheel.png,"[{""action"": ""rexomni_detection"", ""arg_contains"": {""label"": [""冰青三辐锁紧轮""]}, ""decision_type"": ""tool"", ""required_args"": {""finish_after_tool"": false}}, {""arg_contains"": {}, ""decision_type"": ""end"", ""required_args"": {""end_reason"": ""memory_hit""}}]","[""rag_answer"", ""re_question"", ""answerer"", ""flux-image-generation"", ""qwen_detection"", ""pipeline_eval"", ""migration_advisor""]","{""action_match"": 0.65, ""argument_match"": 0.1, ""decision_type_valid"": 0.03, ""final_tool_finish"": 0.1, ""finish_after_tool"": 0.1, ""json_valid"": 0.02, ""no_forbidden_action"": 0.1, ""no_premature_stop"": 0.1, ""no_repeated_tool"": 0.1, ""no_skip_required_probe"": 0.1, ""strict_action_match"": true, ""strict_argument_types"": true, ""wrong_action_cap"": 0.2}",True,1.0,"[""rexomni_detection"", ""final_answer""]",rexomni_detection,"[{""_planner_metrics"": {""api_call_ms"": 6689.932, ""first_api_call_ms"": 6689.932, ""first_finish_reason"": ""stop"", ""first_input_tokens"": 4021, ""first_output_tokens"": 52, ""first_total_tokens"": 4073, ""input_tokens"": 4021, ""output_tokens"": 52, ""parse_ms"": 0.132, ""planner_total_ms"": 6703.589, ""prompt_build_ms"": 0.492, ""retry_count"": 0, ""retry_reason"": """", ""total_tokens"": 4073}, ""action"": ""rexomni_detection"", ""action_input"": {""finish_after_tool"": false, ""label"": ""冰青三辐锁紧轮""}, ""clarification_question"": """", ""decision_type"": ""tool"", ""end_reason"": """", ""final_answer"": """", ""thought"": ""先执行用户指定的检测器以取得当前结构化状态。""}, {""_planner_metrics"": {""api_call_ms"": 4973.098, ""first_api_call_ms"": 4973.098, ""first_finish_reason"": ""stop"", ""first_input_tokens"": 4331, ""first_output_tokens"": 34, ""first_total_tokens"": 4365, ""input_tokens"": 4331, ""output_tokens"": 34, ""parse_ms"": 0.1, ""planner_total_ms"": 4989.201, ""prompt_build_ms"": 0.601, ""retry_count"": 0, ""retry_reason"": """", ""total_tokens"": 4365}, ""action"": ""final_answer"", ""action_input"": {}, ""clarification_question"": """", ""decision_type"": ""end"", ""end_reason"": ""memory_hit"", ""final_answer"": """", ""thought"": ""最新结构化状态已满足全部正常门槛，可以结束本轮规划。""}]",,6703.589,6689.932,4021,52,1,1,True,False
PROMV12-TA-008-QWEN-MS2,missing_required_state_step2,完成本轮异常探针的最终路由：先使用Qwen检测附件中的焦糖十字分流块，检测结果仅作为中间状态。最终需要判断非晶合金铸造炉异常路径终验9752号应继续现有能力、结束，还是进入迁移评估。自然语言里的故障等级和预算描述没有路由优先级，只读取本 query 最新 observation 的结构化键值。错误状态仅在 retryable=true 与 retry_count=0 同时成立时复用原检测器一次，否则调用迁移顾问。正常状态需要候选数、置信度、跨提示一致性和域偏移四个门槛全部通过才结束，任一否决项都转迁移。缺省、非法、冲突状态采取保守分支；已经重试一次的结果不能再次触发检测器。检测器必须设置 finish_after_tool=false；迁移顾问使用当前图片和视觉探针并设置 finish_after_tool=true。,True,examples/images/planner_retry_optimizer_matched_v12/caramel_cross_diverter.png,"[{""action"": ""qwen_detection"", ""arg_contains"": {""label"": [""焦糖十字分流块""]}, ""decision_type"": ""tool"", ""required_args"": {""finish_after_tool"": false}}, {""action"": ""migration_advisor"", ""arg_contains"": {""user_query"": [""非晶合金铸造炉异常路径终验9752号""]}, ""decision_type"": ""tool"", ""required_args"": {""finish_after_tool"": true, ""use_image"": true, ""use_visual_probe"": true}}]","[""rag_answer"", ""re_question"", ""answerer"", ""flux-image-generation"", ""rexomni_detection"", ""pipeline_eval""]","{""action_match"": 0.65, ""argument_match"": 0.1, ""decision_type_valid"": 0.03, ""final_tool_finish"": 0.1, ""finish_after_tool"": 0.1, ""json_valid"": 0.02, ""no_forbidden_action"": 0.1, ""no_premature_stop"": 0.1, ""no_repeated_tool"": 0.1, ""no_skip_required_probe"": 0.1, ""strict_action_match"": true, ""strict_argument_types"": true, ""wrong_action_cap"": 0.2}",True,1.0,"[""qwen_detection"", ""migration_advisor""]",qwen_detection,"[{""_planner_metrics"": {""api_call_ms"": 6235.603, ""first_api_call_ms"": 6235.603, ""first_finish_reason"": ""stop"", ""first_input_tokens"": 4011, ""first_output_tokens"": 48, ""first_total_tokens"": 4059, ""input_tokens"": 4011, ""output_tokens"": 48, ""parse_ms"": 0.111, ""planner_total_ms"": 6248.971, ""prompt_build_ms"": 0.459, ""retry_count"": 0, ""retry_reason"": """", ""total_tokens"": 4059}, ""action"": ""qwen_detection"", ""action_input"": {""finish_after_tool"": false, ""label"": ""焦糖十字分流块""}, ""clarification_question"": """", ""decision_type"": ""tool"", ""end_reason"": """", ""final_answer"": """", ""thought"": ""先执行用户指定的检测器以取得当前结构化状态。""}, {""_planner_metrics"": {""api_call_ms"": 8962.332, ""first_api_call_ms"": 8962.332, ""first_finish_reason"": ""stop"", ""first_input_tokens"": 4313, ""first_output_tokens"": 73, ""first_total_tokens"": 4386, ""input_tokens"": 4313, ""output_tokens"": 73, ""parse_ms"": 0.156, ""planner_total_ms"": 8976.728, ""prompt_build_ms"": 0.447, ""retry_count"": 0, ""retry_reason"": """", ""total_tokens"": 4386}, ""action"": ""migration_advisor"", ""action_input"": {""finish_after_tool"": true, ""use_image"": true, ""use_visual_probe"": true, ""user_query"": ""非晶合金铸造炉异常路径终验9752号""}, ""clarification_question"": """", ""decision_type"": ""tool"", ""end_reason"": """", ""final_answer"": """", ""thought"": ""最新状态未满足结束或重试条件，需要进入能力迁移评估。""}]",,6248.971,6235.603,4011,48,1,1,True,False
PROMV12-TA-005-REX-NR2,nonretryable_step2,设备失联只是背景，仍须核对当前显式额度：先使用Rex-Omni检测附件中的冰青三辐锁紧轮，检测结果仅作为中间状态。最终需要判断类器官灌流培养台重试边界复审5611号应继续现有能力、结束，还是进入迁移评估。自然语言里的故障等级和预算描述没有路由优先级，只读取本 query 最新 observation 的结构化键值。错误状态仅在 retryable=true 与 retry_count=0 同时成立时复用原检测器一次，否则调用迁移顾问。正常状态需要候选数、置信度、跨提示一致性和域偏移四个门槛全部通过才结束，任一否决项都转迁移。缺省、非法、冲突状态采取保守分支；已经重试一次的结果不能再次触发检测器。检测器必须设置 finish_after_tool=false；迁移顾问使用当前图片和视觉探针并设置 finish_after_tool=true。,True,examples/images/planner_retry_optimizer_matched_v12/icecyan_three_spoke_lockwheel.png,"[{""action"": ""rexomni_detection"", ""arg_contains"": {""label"": [""冰青三辐锁紧轮""]}, ""decision_type"": ""tool"", ""required_args"": {""finish_after_tool"": false}}, {""action"": ""migration_advisor"", ""arg_contains"": {""user_query"": [""类器官灌流培养台重试边界复审5611号""]}, ""decision_type"": ""tool"", ""required_args"": {""finish_after_tool"": true, ""use_image"": true, ""use_visual_probe"": true}}]","[""rag_answer"", ""re_question"", ""answerer"", ""flux-image-generation"", ""qwen_detection"", ""pipeline_eval""]","{""action_match"": 0.65, ""argument_match"": 0.1, ""decision_type_valid"": 0.03, ""final_tool_finish"": 0.1, ""finish_after_tool"": 0.1, ""json_valid"": 0.02, ""no_forbidden_action"": 0.1, ""no_premature_stop"": 0.1, ""no_repeated_tool"": 0.1, ""no_skip_required_probe"": 0.1, ""strict_action_match"": true, ""strict_argument_types"": true, ""wrong_action_cap"": 0.2}",True,1.0,"[""rexomni_detection"", ""migration_advisor""]",rexomni_detection,"[{""_planner_metrics"": {""api_call_ms"": 6624.114, ""first_api_call_ms"": 6624.114, ""first_finish_reason"": ""stop"", ""first_input_tokens"": 4036, ""first_output_tokens"": 52, ""first_total_tokens"": 4088, ""input_tokens"": 4036, ""output_tokens"": 52, ""parse_ms"": 0.111, ""planner_total_ms"": 6638.012, ""prompt_build_ms"": 0.461, ""retry_count"": 0, ""retry_reason"": """", ""total_tokens"": 4088}, ""action"": ""rexomni_detection"", ""action_input"": {""finish_after_tool"": false, ""label"": ""冰青三辐锁紧轮""}, ""clarification_question"": """", ""decision_type"": ""tool"", ""end_reason"": """", ""final_answer"": """", ""thought"": ""先执行用户指定的检测器以取得当前结构化状态。""}, {""_planner_metrics"": {""api_call_ms"": 9028.77, ""first_api_call_ms"": 9028.77, ""first_finish_reason"": ""stop"", ""first_input_tokens"": 4349, ""first_output_tokens"": 73, ""first_total_tokens"": 4422, ""input_tokens"": 4349, ""output_tokens"": 73, ""parse_ms"": 0.163, ""planner_total_ms"": 9043.11, ""prompt_build_ms"": 0.468, ""retry_count"": 0, ""retry_reason"": """", ""total_tokens"": 4422}, ""action"": ""migration_advisor"", ""action_input"": {""finish_after_tool"": true, ""use_image"": true, ""use_visual_probe"": true, ""user_query"": ""类器官灌流培养台重试边界复审5611号""}, ""clarification_question"": """", ""decision_type"": ""tool"", ""end_reason"": """", ""final_answer"": """", ""thought"": ""最新状态未满足结束或重试条件，需要进入能力迁移评估。""}]",,6638.012,6624.114,4036,52,1,1,True,False
PROMV12-TA-011-REX-MS2,missing_required_state_step2,迁移队列已经建立，请先裁决最新机器状态：先使用Rex-Omni检测附件中的焦糖十字分流块，检测结果仅作为中间状态。最终需要判断非晶合金铸造炉稳定状态会签6874号应继续现有能力、结束，还是进入迁移评估。自然语言里的故障等级和预算描述没有路由优先级，只读取本 query 最新 observation 的结构化键值。错误状态仅在 retryable=true 与 retry_count=0 同时成立时复用原检测器一次，否则调用迁移顾问。正常状态需要候选数、置信度、跨提示一致性和域偏移四个门槛全部通过才结束，任一否决项都转迁移。缺省、非法、冲突状态采取保守分支；已经重试一次的结果不能再次触发检测器。检测器必须设置 finish_after_tool=false；迁移顾问使用当前图片和视觉探针并设置 finish_after_tool=true。,True,examples/images/planner_retry_optimizer_matched_v12/caramel_cross_diverter.png,"[{""action"": ""rexomni_detection"", ""arg_contains"": {""label"": [""焦糖十字分流块""]}, ""decision_type"": ""tool"", ""required_args"": {""finish_after_tool"": false}}, {""action"": ""migration_advisor"", ""arg_contains"": {""user_query"": [""非晶合金铸造炉稳定状态会签6874号""]}, ""decision_type"": ""tool"", ""required_args"": {""finish_after_tool"": true, ""use_image"": true, ""use_visual_probe"": true}}]","[""rag_answer"", ""re_question"", ""answerer"", ""flux-image-generation"", ""qwen_detection"", ""pipeline_eval""]","{""action_match"": 0.65, ""argument_match"": 0.1, ""decision_type_valid"": 0.03, ""final_tool_finish"": 0.1, ""finish_after_tool"": 0.1, ""json_valid"": 0.02, ""no_forbidden_action"": 0.1, ""no_premature_stop"": 0.1, ""no_repeated_tool"": 0.1, ""no_skip_required_probe"": 0.1, ""strict_action_match"": true, ""strict_argument_types"": true, ""wrong_action_cap"": 0.2}",True,1.0,"[""rexomni_detection"", ""migration_advisor""]",rexomni_detection,"[{""_planner_metrics"": {""api_call_ms"": 6381.741, ""first_api_call_ms"": 6381.741, ""first_finish_reason"": ""stop"", ""first_input_tokens"": 4025, ""first_output_tokens"": 49, ""first_total_tokens"": 4074, ""input_tokens"": 4025, ""output_tokens"": 49, ""parse_ms"": 0.134, ""planner_total_ms"": 6395.108, ""prompt_build_ms"": 0.449, ""retry_count"": 0, ""retry_reason"": """", ""total_tokens"": 4074}, ""action"": ""rexomni_detection"", ""action_input"": {""finish_after_tool"": false, ""label"": ""焦糖十字分流块""}, ""clarification_question"": """", ""decision_type"": ""tool"", ""end_reason"": """", ""final_answer"": """", ""thought"": ""先执行用户指定的检测器以取得当前结构化状态。""}, {""_planner_metrics"": {""api_call_ms"": 8986.844, ""first_api_call_ms"": 8986.844, ""first_finish_reason"": ""stop"", ""first_input_tokens"": 4324, ""first_output_tokens"": 73, ""first_total_tokens"": 4397, ""input_tokens"": 4324, ""output_tokens"": 73, ""parse_ms"": 0.145, ""planner_total_ms"": 9002.027, ""prompt_build_ms"": 0.501, ""retry_count"": 0, ""retry_reason"": """", ""total_tokens"": 4397}, ""action"": ""migration_advisor"", ""action_input"": {""finish_after_tool"": true, ""use_image"": true, ""use_visual_probe"": true, ""user_query"": ""非晶合金铸造炉稳定状态会签6874号""}, ""clarification_question"": """", ""decision_type"": ""tool"", ""end_reason"": """", ""final_answer"": """", ""thought"": ""最新状态未满足结束或重试条件，需要进入能力迁移评估。""}]",,6395.108,6381.741,4025,49,1,1,True,False
PROMV12-TA-008-QWEN-FR2,fresh_retry_step2,完成本轮异常探针的最终路由：先使用Qwen检测附件中的焦糖十字分流块，检测结果仅作为中间状态。最终需要判断非晶合金铸造炉异常路径终验9752号应继续现有能力、结束，还是进入迁移评估。自然语言里的故障等级和预算描述没有路由优先级，只读取本 query 最新 observation 的结构化键值。错误状态仅在 retryable=true 与 retry_count=0 同时成立时复用原检测器一次，否则调用迁移顾问。正常状态需要候选数、置信度、跨提示一致性和域偏移四个门槛全部通过才结束，任一否决项都转迁移。缺省、非法、冲突状态采取保守分支；已经重试一次的结果不能再次触发检测器。检测器必须设置 finish_after_tool=false；迁移顾问使用当前图片和视觉探针并设置 finish_after_tool=true。,True,examples/images/planner_retry_optimizer_matched_v12/caramel_cross_diverter.png,"[{""action"": ""qwen_detection"", ""arg_contains"": {""label"": [""焦糖十字分流块""]}, ""decision_type"": ""tool"", ""required_args"": {""finish_after_tool"": false}}, {""action"": ""qwen_detection"", ""arg_contains"": {""label"": [""焦糖十字分流块""]}, ""decision_type"": ""tool"", ""required_args"": {""finish_after_tool"": false}}, {""arg_contains"": {}, ""decision_type"": ""end"", ""required_args"": {""end_reason"": ""memory_hit""}}]","[""rag_answer"", ""re_question"", ""answerer"", ""flux-image-generation"", ""rexomni_detection"", ""pipeline_eval"", ""migration_advisor""]","{""action_match"": 0.65, ""argument_match"": 0.1, ""decision_type_valid"": 0.03, ""final_tool_finish"": 0.1, ""finish_after_tool"": 0.1, ""json_valid"": 0.02, ""no_forbidden_action"": 0.1, ""no_premature_stop"": 0.1, ""no_repeated_tool"": 0.1, ""no_skip_required_probe"": 0.1, ""strict_action_match"": true, ""strict_argument_types"": true, ""wrong_action_cap"": 0.2}",False,0.725,"[""qwen_detection"", ""qwen_detection"", ""migration_advisor""]",qwen_detection,"[{""_planner_metrics"": {""api_call_ms"": 6215.586, ""first_api_call_ms"": 6215.586, ""first_finish_reason"": ""stop"", ""first_input_tokens"": 4011, ""first_output_tokens"": 48, ""first_total_tokens"": 4059, ""input_tokens"": 4011, ""output_tokens"": 48, ""parse_ms"": 0.137, ""planner_total_ms"": 6228.594, ""prompt_build_ms"": 0.369, ""retry_count"": 0, ""retry_reason"": """", ""total_tokens"": 4059}, ""action"": ""qwen_detection"", ""action_input"": {""finish_after_tool"": false, ""label"": ""焦糖十字分流块""}, ""clarification_question"": """", ""decision_type"": ""tool"", ""end_reason"": """", ""final_answer"": """", ""thought"": ""先执行用户指定的检测器以取得当前结构化状态。""}, {""_planner_metrics"": {""api_call_ms"": 6578.58, ""first_api_call_ms"": 6578.58, ""first_finish_reason"": ""stop"", ""first_input_tokens"": 4319, ""first_output_tokens"": 50, ""first_total_tokens"": 4369, ""input_tokens"": 4319, ""output_tokens"": 50, ""parse_ms"": 0.148, ""planner_total_ms"": 6593.447, ""prompt_build_ms"": 0.548, ""retry_count"": 0, ""retry_reason"": """", ""total_tokens"": 4369}, ""action"": ""qwen_detection"", ""action_input"": {""finish_after_tool"": false, ""label"": ""焦糖十字分流块""}, ""clarification_question"": """", ""decision_type"": ""tool"", ""end_reason"": """", ""final_answer"": """", ""thought"": ""最新状态满足错误状态重试条件，需要复用原检测器。""}, {""_planner_metrics"": {""api_call_ms"": 9108.402, ""first_api_call_ms"": 9108.402, ""first_finish_reason"": ""stop"", ""first_input_tokens"": 4624, ""first_output_tokens"": 73, ""first_total_tokens"": 4697, ""input_tokens"": 4624, ""output_tokens"": 73, ""parse_ms"": 0.214, ""planner_total_ms"": 9124.662, ""prompt_build_ms"": 0.603, ""retry_count"": 0, ""retry_reason"": """", ""total_tokens"": 4697}, ""action"": ""migration_advisor"", ""action_input"": {""finish_after_tool"": true, ""use_image"": true, ""use_visual_probe"": true, ""user_query"": ""非晶合金铸造炉异常路径终验9752号""}, ""clarification_question"": """", ""decision_type"": ""tool"", ""end_reason"": """", ""final_answer"": """", ""thought"": ""最新状态未满足结束或重试条件，需要进入能力迁移评估。""}]","step3:decision_type expected 'end', got 'tool' | step3:action expected 'end', got 'migration_advisor' | step3:arg 'end_reason' expected 'memory_hit', got '' | forbidden:migration_advisor",6228.594,6215.586,4011,48,0,1,False,True
PROMV12-TA-010-QWEN-PS3,post_retry_success_step3,完成本轮异常探针的最终路由：先使用Qwen检测附件中的焦糖十字分流块，检测结果仅作为中间状态。最终需要判断非晶合金铸造炉重试边界复审8156号应继续现有能力、结束，还是进入迁移评估。自然语言里的故障等级和预算描述没有路由优先级，只读取本 query 最新 observation 的结构化键值。错误状态仅在 retryable=true 与 retry_count=0 同时成立时复用原检测器一次，否则调用迁移顾问。正常状态需要候选数、置信度、跨提示一致性和域偏移四个门槛全部通过才结束，任一否决项都转迁移。缺省、非法、冲突状态采取保守分支；已经重试一次的结果不能再次触发检测器。检测器必须设置 finish_after_tool=false；迁移顾问使用当前图片和视觉探针并设置 finish_after_tool=true。,True,examples/images/planner_retry_optimizer_matched_v12/caramel_cross_diverter.png,"[{""action"": ""qwen_detection"", ""arg_contains"": {""label"": [""焦糖十字分流块""]}, ""decision_type"": ""tool"", ""required_args"": {""finish_after_tool"": false}}, {""action"": ""qwen_detection"", ""arg_contains"": {""label"": [""焦糖十字分流块""]}, ""decision_type"": ""tool"", ""required_args"": {""finish_after_tool"": false}}, {""arg_contains"": {}, ""decision_type"": ""end"", ""required_args"": {""end_reason"": ""memory_hit""}}]","[""rag_answer"", ""re_question"", ""answerer"", ""flux-image-generation"", ""rexomni_detection"", ""pipeline_eval"", ""migration_advisor""]","{""action_match"": 0.65, ""argument_match"": 0.1, ""decision_type_valid"": 0.03, ""final_tool_finish"": 0.1, ""finish_after_tool"": 0.1, ""json_valid"": 0.02, ""no_forbidden_action"": 0.1, ""no_premature_stop"": 0.1, ""no_repeated_tool"": 0.1, ""no_skip_required_probe"": 0.1, ""strict_action_match"": true, ""strict_argument_types"": true, ""wrong_action_cap"": 0.2}",False,0.725,"[""qwen_detection"", ""qwen_detection"", ""migration_advisor""]",qwen_detection,"[{""_planner_metrics"": {""api_call_ms"": 6257.386, ""first_api_call_ms"": 6257.386, ""first_finish_reason"": ""stop"", ""first_input_tokens"": 4009, ""first_output_tokens"": 48, ""first_total_tokens"": 4057, ""input_tokens"": 4009, ""output_tokens"": 48, ""parse_ms"": 0.123, ""planner_total_ms"": 6273.108, ""prompt_build_ms"": 0.486, ""retry_count"": 0, ""retry_reason"": """", ""total_tokens"": 4057}, ""action"": ""qwen_detection"", ""action_input"": {""finish_after_tool"": false, ""label"": ""焦糖十字分流块""}, ""clarification_question"": """", ""decision_type"": ""tool"", ""end_reason"": """", ""final_answer"": """", ""thought"": ""先执行用户指定的检测器以取得当前结构化状态。""}, {""_planner_metrics"": {""api_call_ms"": 6874.67, ""first_api_call_ms"": 6874.67, ""first_finish_reason"": ""stop"", ""first_input_tokens"": 4311, ""first_output_tokens"": 52, ""first_total_tokens"": 4363, ""input_tokens"": 4311, ""output_tokens"": 52, ""parse_ms"": 0.14, ""planner_total_ms"": 6888.886, ""prompt_build_ms"": 0.47, ""retry_count"": 0, ""retry_reason"": """", ""total_tokens"": 4363}, ""action"": ""qwen_detection"", ""action_input"": {""finish_after_tool"": false, ""label"": ""焦糖十字分流块""}, ""clarification_question"": """", ""decision_type"": ""tool"", ""end_reason"": """", ""final_answer"": """", ""thought"": ""最新状态满足错误状态的重试条件，需要再次使用同一检测器。""}, {""_planner_metrics"": {""api_call_ms"": 9035.559, ""first_api_call_ms"": 9035.559, ""first_finish_reason"": ""stop"", ""first_input_tokens"": 4610, ""first_output_tokens"": 72, ""first_total_tokens"": 4682, ""input_tokens"": 4610, ""output_tokens"": 72, ""parse_ms"": 0.121, ""planner_total_ms"": 9050.964, ""prompt_build_ms"": 0.484, ""retry_count"": 0, ""retry_reason"": """", ""total_tokens"": 4682}, ""action"": ""migration_advisor"", ""action_input"": {""finish_after_tool"": true, ""use_image"": true, ""use_visual_probe"": true, ""user_query"": ""非晶合金铸造炉重试边界复审8156号""}, ""clarification_question"": """", ""decision_type"": ""tool"", ""end_reason"": """", ""final_answer"": """", ""thought"": ""最新状态未满足结束或重试条件，需要进入能力迁移评估。""}]","step3:decision_type expected 'end', got 'tool' | step3:action expected 'end', got 'migration_advisor' | step3:arg 'end_reason' expected 'memory_hit', got '' | forbidden:migration_advisor",6273.108,6257.386,4009,48,0,1,False,True
PROMV12-TA-009-QWEN-FR2,fresh_retry_step2,设备失联只是背景，仍须核对当前显式额度：先使用Qwen检测附件中的焦糖十字分流块，检测结果仅作为中间状态。最终需要判断火星车悬架试验间稳定状态会签3100号应继续现有能力、结束，还是进入迁移评估。自然语言里的故障等级和预算描述没有路由优先级，只读取本 query 最新 observation 的结构化键值。错误状态仅在 retryable=true 与 retry_count=0 同时成立时复用原检测器一次，否则调用迁移顾问。正常状态需要候选数、置信度、跨提示一致性和域偏移四个门槛全部通过才结束，任一否决项都转迁移。缺省、非法、冲突状态采取保守分支；已经重试一次的结果不能再次触发检测器。检测器必须设置 finish_after_tool=false；迁移顾问使用当前图片和视觉探针并设置 finish_after_tool=true。,True,examples/images/planner_retry_optimizer_matched_v12/caramel_cross_diverter.png,"[{""action"": ""qwen_detection"", ""arg_contains"": {""label"": [""焦糖十字分流块""]}, ""decision_type"": ""tool"", ""required_args"": {""finish_after_tool"": false}}, {""action"": ""qwen_detection"", ""arg_contains"": {""label"": [""焦糖十字分流块""]}, ""decision_type"": ""tool"", ""required_args"": {""finish_after_tool"": false}}, {""arg_contains"": {}, ""decision_type"": ""end"", ""required_args"": {""end_reason"": ""memory_hit""}}]","[""rag_answer"", ""re_question"", ""answerer"", ""flux-image-generation"", ""rexomni_detection"", ""pipeline_eval"", ""migration_advisor""]","{""action_match"": 0.65, ""argument_match"": 0.1, ""decision_type_valid"": 0.03, ""final_tool_finish"": 0.1, ""finish_after_tool"": 0.1, ""json_valid"": 0.02, ""no_forbidden_action"": 0.1, ""no_premature_stop"": 0.1, ""no_repeated_tool"": 0.1, ""no_skip_required_probe"": 0.1, ""strict_action_match"": true, ""strict_argument_types"": true, ""wrong_action_cap"": 0.2}",False,0.725,"[""qwen_detection"", ""qwen_detection"", ""migration_advisor""]",qwen_detection,"[{""_planner_metrics"": {""api_call_ms"": 6272.147, ""first_api_call_ms"": 6272.147, ""first_finish_reason"": ""stop"", ""first_input_tokens"": 4023, ""first_output_tokens"": 48, ""first_total_tokens"": 4071, ""input_tokens"": 4023, ""output_tokens"": 48, ""parse_ms"": 0.114, ""planner_total_ms"": 6285.924, ""prompt_build_ms"": 0.482, ""retry_count"": 0, ""retry_reason"": """", ""total_tokens"": 4071}, ""action"": ""qwen_detection"", ""action_input"": {""finish_after_tool"": false, ""label"": ""焦糖十字分流块""}, ""clarification_question"": """", ""decision_type"": ""tool"", ""end_reason"": """", ""final_answer"": """", ""thought"": ""先执行用户指定的检测器以取得当前结构化状态。""}, {""_planner_metrics"": {""api_call_ms"": 6488.814, ""first_api_call_ms"": 6488.814, ""first_finish_reason"": ""stop"", ""first_input_tokens"": 4329, ""first_output_tokens"": 49, ""first_total_tokens"": 4378, ""input_tokens"": 4329, ""output_tokens"": 49, ""parse_ms"": 0.114, ""planner_total_ms"": 6503.091, ""prompt_build_ms"": 0.457, ""retry_count"": 0, ""retry_reason"": """", ""total_tokens"": 4378}, ""action"": ""qwen_detection"", ""action_input"": {""finish_after_tool"": false, ""label"": ""焦糖十字分流块""}, ""clarification_question"": """", ""decision_type"": ""tool"", ""end_reason"": """", ""final_answer"": """", ""thought"": ""最新状态满足错误重试条件，需要复用同一检测器。""}, {""_planner_metrics"": {""api_call_ms"": 9172.679, ""first_api_call_ms"": 9172.679, ""first_finish_reason"": ""stop"", ""first_input_tokens"": 4629, ""first_output_tokens"": 73, ""first_total_tokens"": 4702, ""input_tokens"": 4629, ""output_tokens"": 73, ""parse_ms"": 0.12, ""planner_total_ms"": 9188.983, ""prompt_build_ms"": 0.527, ""retry_count"": 0, ""retry_reason"": """", ""total_tokens"": 4702}, ""action"": ""migration_advisor"", ""action_input"": {""finish_after_tool"": true, ""use_image"": true, ""use_visual_probe"": true, ""user_query"": ""火星车悬架试验间稳定状态会签3100号""}, ""clarification_question"": """", ""decision_type"": ""tool"", ""end_reason"": """", ""final_answer"": """", ""thought"": ""最新状态未满足结束或迁移条件，需要继续按规则推进。""}]","step3:decision_type expected 'end', got 'tool' | step3:action expected 'end', got 'migration_advisor' | step3:arg 'end_reason' expected 'memory_hit', got '' | forbidden:migration_advisor",6285.924,6272.147,4023,48,0,1,False,True
PROMV12-TA-002-QWEN-CS2,current_success_step2,迁移队列已经建立，请先裁决最新机器状态：先使用Qwen检测附件中的焦糖十字分流块，检测结果仅作为中间状态。最终需要判断火星车悬架试验间重试边界复审7063号应继续现有能力、结束，还是进入迁移评估。自然语言里的故障等级和预算描述没有路由优先级，只读取本 query 最新 observation 的结构化键值。错误状态仅在 retryable=true 与 retry_count=0 同时成立时复用原检测器一次，否则调用迁移顾问。正常状态需要候选数、置信度、跨提示一致性和域偏移四个门槛全部通过才结束，任一否决项都转迁移。缺省、非法、冲突状态采取保守分支；已经重试一次的结果不能再次触发检测器。检测器必须设置 finish_after_tool=false；迁移顾问使用当前图片和视觉探针并设置 finish_after_tool=true。,True,examples/images/planner_retry_optimizer_matched_v12/caramel_cross_diverter.png,"[{""action"": ""qwen_detection"", ""arg_contains"": {""label"": [""焦糖十字分流块""]}, ""decision_type"": ""tool"", ""required_args"": {""finish_after_tool"": false}}, {""arg_contains"": {}, ""decision_type"": ""end"", ""required_args"": {""end_reason"": ""memory_hit""}}]","[""rag_answer"", ""re_question"", ""answerer"", ""flux-image-generation"", ""rexomni_detection"", ""pipeline_eval"", ""migration_advisor""]","{""action_match"": 0.65, ""argument_match"": 0.1, ""decision_type_valid"": 0.03, ""final_tool_finish"": 0.1, ""finish_after_tool"": 0.1, ""json_valid"": 0.02, ""no_forbidden_action"": 0.1, ""no_premature_stop"": 0.1, ""no_repeated_tool"": 0.1, ""no_skip_required_probe"": 0.1, ""strict_action_match"": true, ""strict_argument_types"": true, ""wrong_action_cap"": 0.2}",True,1.0,"[""qwen_detection"", ""final_answer""]",qwen_detection,"[{""_planner_metrics"": {""api_call_ms"": 6240.381, ""first_api_call_ms"": 6240.381, ""first_finish_reason"": ""stop"", ""first_input_tokens"": 4014, ""first_output_tokens"": 48, ""first_total_tokens"": 4062, ""input_tokens"": 4014, ""output_tokens"": 48, ""parse_ms"": 0.111, ""planner_total_ms"": 6253.861, ""prompt_build_ms"": 0.417, ""retry_count"": 0, ""retry_reason"": """", ""total_tokens"": 4062}, ""action"": ""qwen_detection"", ""action_input"": {""finish_after_tool"": false, ""label"": ""焦糖十字分流块""}, ""clarification_question"": """", ""decision_type"": ""tool"", ""end_reason"": """", ""final_answer"": """", ""thought"": ""先执行用户指定的检测器以取得当前结构化状态。""}, {""_planner_metrics"": {""api_call_ms"": 5566.575, ""first_api_call_ms"": 5566.575, ""first_finish_reason"": ""stop"", ""first_input_tokens"": 4318, ""first_output_tokens"": 40, ""first_total_tokens"": 4358, ""input_tokens"": 4318, ""output_tokens"": 40, ""parse_ms"": 0.102, ""planner_total_ms"": 5580.356, ""prompt_build_ms"": 0.424, ""retry_count"": 0, ""retry_reason"": """", ""total_tokens"": 4358}, ""action"": ""final_answer"", ""action_input"": {}, ""clarification_question"": """", ""decision_type"": ""end"", ""end_reason"": ""memory_hit"", ""final_answer"": """", ""thought"": ""最新结构化状态已齐全，需要按规则判定当前应进入结束、迁移还是其他分支。""}]",,6253.861,6240.381,4014,48,1,1,True,False
PROMV12-TA-010-REX-FR2,fresh_retry_step2,完成本轮异常探针的最终路由：先使用Rex-Omni检测附件中的焦糖十字分流块，检测结果仅作为中间状态。最终需要判断非晶合金铸造炉重试边界复审8156号应继续现有能力、结束，还是进入迁移评估。自然语言里的故障等级和预算描述没有路由优先级，只读取本 query 最新 observation 的结构化键值。错误状态仅在 retryable=true 与 retry_count=0 同时成立时复用原检测器一次，否则调用迁移顾问。正常状态需要候选数、置信度、跨提示一致性和域偏移四个门槛全部通过才结束，任一否决项都转迁移。缺省、非法、冲突状态采取保守分支；已经重试一次的结果不能再次触发检测器。检测器必须设置 finish_after_tool=false；迁移顾问使用当前图片和视觉探针并设置 finish_after_tool=true。,True,examples/images/planner_retry_optimizer_matched_v12/caramel_cross_diverter.png,"[{""action"": ""rexomni_detection"", ""arg_contains"": {""label"": [""焦糖十字分流块""]}, ""decision_type"": ""tool"", ""required_args"": {""finish_after_tool"": false}}, {""action"": ""rexomni_detection"", ""arg_contains"": {""label"": [""焦糖十字分流块""]}, ""decision_type"": ""tool"", ""required_args"": {""finish_after_tool"": false}}, {""arg_contains"": {}, ""decision_type"": ""end"", ""required_args"": {""end_reason"": ""memory_hit""}}]","[""rag_answer"", ""re_question"", ""answerer"", ""flux-image-generation"", ""qwen_detection"", ""pipeline_eval"", ""migration_advisor""]","{""action_match"": 0.65, ""argument_match"": 0.1, ""decision_type_valid"": 0.03, ""final_tool_finish"": 0.1, ""finish_after_tool"": 0.1, ""json_valid"": 0.02, ""no_forbidden_action"": 0.1, ""no_premature_stop"": 0.1, ""no_repeated_tool"": 0.1, ""no_skip_required_probe"": 0.1, ""strict_action_match"": true, ""strict_argument_types"": true, ""wrong_action_cap"": 0.2}",False,0.75625,"[""rexomni_detection"", ""rexomni_detection"", ""rexomni_detection""]",rexomni_detection,"[{""_planner_metrics"": {""api_call_ms"": 6312.942, ""first_api_call_ms"": 6312.942, ""first_finish_reason"": ""stop"", ""first_input_tokens"": 4015, ""first_output_tokens"": 49, ""first_total_tokens"": 4064, ""input_tokens"": 4015, ""output_tokens"": 49, ""parse_ms"": 0.113, ""planner_total_ms"": 6325.905, ""prompt_build_ms"": 0.429, ""retry_count"": 0, ""retry_reason"": """", ""total_tokens"": 4064}, ""action"": ""rexomni_detection"", ""action_input"": {""finish_after_tool"": false, ""label"": ""焦糖十字分流块""}, ""clarification_question"": """", ""decision_type"": ""tool"", ""end_reason"": """", ""final_answer"": """", ""thought"": ""先执行用户指定的检测器以取得当前结构化状态。""}, {""_planner_metrics"": {""api_call_ms"": 6926.648, ""first_api_call_ms"": 6926.648, ""first_finish_reason"": ""stop"", ""first_input_tokens"": 4318, ""first_output_tokens"": 53, ""first_total_tokens"": 4371, ""input_tokens"": 4318, ""output_tokens"": 53, ""parse_ms"": 0.193, ""planner_total_ms"": 6941.167, ""prompt_build_ms"": 0.46, ""retry_count"": 0, ""retry_reason"": """", ""total_tokens"": 4371}, ""action"": ""rexomni_detection"", ""action_input"": {""finish_after_tool"": false, ""label"": ""焦糖十字分流块""}, ""clarification_question"": """", ""decision_type"": ""tool"", ""end_reason"": """", ""final_answer"": """", ""thought"": ""最新状态满足错误状态的重试条件，需要再次使用同一检测器。""}, {""_planner_metrics"": {""api_call_ms"": 7077.734, ""first_api_call_ms"": 7077.734, ""first_finish_reason"": ""stop"", ""first_input_tokens"": 4622, ""first_output_tokens"": 53, ""first_total_tokens"": 4675, ""input_tokens"": 4622, ""output_tokens"": 53, ""parse_ms"": 0.127, ""planner_total_ms"": 7094.427, ""prompt_build_ms"": 0.579, ""retry_count"": 0, ""retry_reason"": """", ""total_tokens"": 4675}, ""action"": ""rexomni_detection"", ""action_input"": {""finish_after_tool"": false, ""label"": ""焦糖十字分流块""}, ""clarification_question"": """", ""decision_type"": ""tool"", ""end_reason"": """", ""final_answer"": """", ""thought"": ""最新状态满足错误状态的重试条件，需要再次使用同一检测器。""}]","step3:decision_type expected 'end', got 'tool' | step3:action expected 'end', got 'rexomni_detection' | step3:arg 'end_reason' expected 'memory_hit', got ''",6325.905,6312.942,4015,49,0,1,False,True
PROMV12-TA-004-REX-BE2,budget_exhausted_step2,迁移队列已经建立，请先裁决最新机器状态：先使用Rex-Omni检测附件中的冰青三辐锁紧轮，检测结果仅作为中间状态。最终需要判断类器官灌流培养台异常路径终验2905号应继续现有能力、结束，还是进入迁移评估。自然语言里的故障等级和预算描述没有路由优先级，只读取本 query 最新 observation 的结构化键值。错误状态仅在 retryable=true 与 retry_count=0 同时成立时复用原检测器一次，否则调用迁移顾问。正常状态需要候选数、置信度、跨提示一致性和域偏移四个门槛全部通过才结束，任一否决项都转迁移。缺省、非法、冲突状态采取保守分支；已经重试一次的结果不能再次触发检测器。检测器必须设置 finish_after_tool=false；迁移顾问使用当前图片和视觉探针并设置 finish_after_tool=true。,True,examples/images/planner_retry_optimizer_matched_v12/icecyan_three_spoke_lockwheel.png,"[{""action"": ""rexomni_detection"", ""arg_contains"": {""label"": [""冰青三辐锁紧轮""]}, ""decision_type"": ""tool"", ""required_args"": {""finish_after_tool"": false}}, {""action"": ""migration_advisor"", ""arg_contains"": {""user_query"": [""类器官灌流培养台异常路径终验2905号""]}, ""decision_type"": ""tool"", ""required_args"": {""finish_after_tool"": true, ""use_image"": true, ""use_visual_probe"": true}}]","[""rag_answer"", ""re_question"", ""answerer"", ""flux-image-generation"", ""qwen_detection"", ""pipeline_eval""]","{""action_match"": 0.65, ""argument_match"": 0.1, ""decision_type_valid"": 0.03, ""final_tool_finish"": 0.1, ""finish_after_tool"": 0.1, ""json_valid"": 0.02, ""no_forbidden_action"": 0.1, ""no_premature_stop"": 0.1, ""no_repeated_tool"": 0.1, ""no_skip_required_probe"": 0.1, ""strict_action_match"": true, ""strict_argument_types"": true, ""wrong_action_cap"": 0.2}",True,1.0,"[""rexomni_detection"", ""migration_advisor""]",rexomni_detection,"[{""_planner_metrics"": {""api_call_ms"": 6836.237, ""first_api_call_ms"": 6836.237, ""first_finish_reason"": ""stop"", ""first_input_tokens"": 4034, ""first_output_tokens"": 52, ""first_total_tokens"": 4086, ""input_tokens"": 4034, ""output_tokens"": 52, ""parse_ms"": 0.143, ""planner_total_ms"": 6852.383, ""prompt_build_ms"": 0.484, ""retry_count"": 0, ""retry_reason"": """", ""total_tokens"": 4086}, ""action"": ""rexomni_detection"", ""action_input"": {""finish_after_tool"": false, ""label"": ""冰青三辐锁紧轮""}, ""clarification_question"": """", ""decision_type"": ""tool"", ""end_reason"": """", ""final_answer"": """", ""thought"": ""先执行用户指定的检测器以取得当前结构化状态。""}, {""_planner_metrics"": {""api_call_ms"": 9403.616, ""first_api_call_ms"": 9403.616, ""first_finish_reason"": ""stop"", ""first_input_tokens"": 4351, ""first_output_tokens"": 74, ""first_total_tokens"": 4425, ""input_tokens"": 4351, ""output_tokens"": 74, ""parse_ms"": 0.125, ""planner_total_ms"": 9419.335, ""prompt_build_ms"": 0.51, ""retry_count"": 0, ""retry_reason"": """", ""total_tokens"": 4425}, ""action"": ""migration_advisor"", ""action_input"": {""finish_after_tool"": true, ""use_image"": true, ""use_visual_probe"": true, ""user_query"": ""类器官灌流培养台异常路径终验2905号""}, ""clarification_question"": """", ""decision_type"": ""tool"", ""end_reason"": """", ""final_answer"": """", ""thought"": ""最新状态未满足结束或重试条件，需要进入能力迁移评估。""}]",,6852.383,6836.237,4034,52,1,1,True,False
PROMV12-TA-004-QWEN-PE3,post_retry_error_step3,迁移队列已经建立，请先裁决最新机器状态：先使用Qwen检测附件中的冰青三辐锁紧轮，检测结果仅作为中间状态。最终需要判断类器官灌流培养台异常路径终验2905号应继续现有能力、结束，还是进入迁移评估。自然语言里的故障等级和预算描述没有路由优先级，只读取本 query 最新 observation 的结构化键值。错误状态仅在 retryable=true 与 retry_count=0 同时成立时复用原检测器一次，否则调用迁移顾问。正常状态需要候选数、置信度、跨提示一致性和域偏移四个门槛全部通过才结束，任一否决项都转迁移。缺省、非法、冲突状态采取保守分支；已经重试一次的结果不能再次触发检测器。检测器必须设置 finish_after_tool=false；迁移顾问使用当前图片和视觉探针并设置 finish_after_tool=true。,True,examples/images/planner_retry_optimizer_matched_v12/icecyan_three_spoke_lockwheel.png,"[{""action"": ""qwen_detection"", ""arg_contains"": {""label"": [""冰青三辐锁紧轮""]}, ""decision_type"": ""tool"", ""required_args"": {""finish_after_tool"": false}}, {""action"": ""qwen_detection"", ""arg_contains"": {""label"": [""冰青三辐锁紧轮""]}, ""decision_type"": ""tool"", ""required_args"": {""finish_after_tool"": false}}, {""action"": ""migration_advisor"", ""arg_contains"": {""user_query"": [""类器官灌流培养台异常路径终验2905号""]}, ""decision_type"": ""tool"", ""required_args"": {""finish_after_tool"": true, ""use_image"": true, ""use_visual_probe"": true}}]","[""rag_answer"", ""re_question"", ""answerer"", ""flux-image-generation"", ""rexomni_detection"", ""pipeline_eval""]","{""action_match"": 0.65, ""argument_match"": 0.1, ""decision_type_valid"": 0.03, ""final_tool_finish"": 0.1, ""finish_after_tool"": 0.1, ""json_valid"": 0.02, ""no_forbidden_action"": 0.1, ""no_premature_stop"": 0.1, ""no_repeated_tool"": 0.1, ""no_skip_required_probe"": 0.1, ""strict_action_match"": true, ""strict_argument_types"": true, ""wrong_action_cap"": 0.2}",False,0.734375,"[""qwen_detection"", ""qwen_detection"", ""qwen_detection""]",qwen_detection,"[{""_planner_metrics"": {""api_call_ms"": 6699.093, ""first_api_call_ms"": 6699.093, ""first_finish_reason"": ""stop"", ""first_input_tokens"": 4028, ""first_output_tokens"": 51, ""first_total_tokens"": 4079, ""input_tokens"": 4028, ""output_tokens"": 51, ""parse_ms"": 0.118, ""planner_total_ms"": 6713.821, ""prompt_build_ms"": 0.433, ""retry_count"": 0, ""retry_reason"": """", ""total_tokens"": 4079}, ""action"": ""qwen_detection"", ""action_input"": {""finish_after_tool"": false, ""label"": ""冰青三辐锁紧轮""}, ""clarification_question"": """", ""decision_type"": ""tool"", ""end_reason"": """", ""final_answer"": """", ""thought"": ""先执行用户指定的检测器以取得当前结构化状态。""}, {""_planner_metrics"": {""api_call_ms"": 7198.211, ""first_api_call_ms"": 7198.211, ""first_finish_reason"": ""stop"", ""first_input_tokens"": 4339, ""first_output_tokens"": 53, ""first_total_tokens"": 4392, ""input_tokens"": 4339, ""output_tokens"": 53, ""parse_ms"": 0.136, ""planner_total_ms"": 7213.646, ""prompt_build_ms"": 0.496, ""retry_count"": 0, ""retry_reason"": """", ""total_tokens"": 4392}, ""action"": ""qwen_detection"", ""action_input"": {""finish_after_tool"": false, ""label"": ""冰青三辐锁紧轮""}, ""clarification_question"": """", ""decision_type"": ""tool"", ""end_reason"": """", ""final_answer"": """", ""thought"": ""最新状态满足错误状态重试条件，应继续使用同一检测器。""}, {""_planner_metrics"": {""api_call_ms"": 7361.369, ""first_api_call_ms"": 7361.369, ""first_finish_reason"": ""stop"", ""first_input_tokens"": 4651, ""first_output_tokens"": 53, ""first_total_tokens"": 4704, ""input_tokens"": 4651, ""output_tokens"": 53, ""parse_ms"": 0.17, ""planner_total_ms"": 7377.621, ""prompt_build_ms"": 0.479, ""retry_count"": 0, ""retry_reason"": """", ""total_tokens"": 4704}, ""action"": ""qwen_detection"", ""action_input"": {""finish_after_tool"": false, ""label"": ""冰青三辐锁紧轮""}, ""clarification_question"": """", ""decision_type"": ""tool"", ""end_reason"": """", ""final_answer"": """", ""thought"": ""最新状态满足错误状态重试条件，应继续使用同一检测器。""}]","step3:action expected 'migration_advisor', got 'qwen_detection' | step3:finish_after_tool expected True, got False | step3:arg 'use_image' expected True, got None | step3:arg 'use_visual_probe' expected True, got None | step3:arg 'user_query' expected to contain ['类器官灌流培养台异常路径终验2905号'], got None",6713.821,6699.093,4028,51,0,1,False,True
PROMV12-TA-008-REX-BE2,budget_exhausted_step2,完成本轮异常探针的最终路由：先使用Rex-Omni检测附件中的焦糖十字分流块，检测结果仅作为中间状态。最终需要判断非晶合金铸造炉异常路径终验9752号应继续现有能力、结束，还是进入迁移评估。自然语言里的故障等级和预算描述没有路由优先级，只读取本 query 最新 observation 的结构化键值。错误状态仅在 retryable=true 与 retry_count=0 同时成立时复用原检测器一次，否则调用迁移顾问。正常状态需要候选数、置信度、跨提示一致性和域偏移四个门槛全部通过才结束，任一否决项都转迁移。缺省、非法、冲突状态采取保守分支；已经重试一次的结果不能再次触发检测器。检测器必须设置 finish_after_tool=false；迁移顾问使用当前图片和视觉探针并设置 finish_after_tool=true。,True,examples/images/planner_retry_optimizer_matched_v12/caramel_cross_diverter.png,"[{""action"": ""rexomni_detection"", ""arg_contains"": {""label"": [""焦糖十字分流块""]}, ""decision_type"": ""tool"", ""required_args"": {""finish_after_tool"": false}}, {""action"": ""migration_advisor"", ""arg_contains"": {""user_query"": [""非晶合金铸造炉异常路径终验9752号""]}, ""decision_type"": ""tool"", ""required_args"": {""finish_after_tool"": true, ""use_image"": true, ""use_visual_probe"": true}}]","[""rag_answer"", ""re_question"", ""answerer"", ""flux-image-generation"", ""qwen_detection"", ""pipeline_eval""]","{""action_match"": 0.65, ""argument_match"": 0.1, ""decision_type_valid"": 0.03, ""final_tool_finish"": 0.1, ""finish_after_tool"": 0.1, ""json_valid"": 0.02, ""no_forbidden_action"": 0.1, ""no_premature_stop"": 0.1, ""no_repeated_tool"": 0.1, ""no_skip_required_probe"": 0.1, ""strict_action_match"": true, ""strict_argument_types"": true, ""wrong_action_cap"": 0.2}",True,1.0,"[""rexomni_detection"", ""migration_advisor""]",rexomni_detection,"[{""_planner_metrics"": {""api_call_ms"": 6408.051, ""first_api_call_ms"": 6408.051, ""first_finish_reason"": ""stop"", ""first_input_tokens"": 4017, ""first_output_tokens"": 49, ""first_total_tokens"": 4066, ""input_tokens"": 4017, ""output_tokens"": 49, ""parse_ms"": 0.134, ""planner_total_ms"": 6421.521, ""prompt_build_ms"": 0.423, ""retry_count"": 0, ""retry_reason"": """", ""total_tokens"": 4066}, ""action"": ""rexomni_detection"", ""action_input"": {""finish_after_tool"": false, ""label"": ""焦糖十字分流块""}, ""clarification_question"": """", ""decision_type"": ""tool"", ""end_reason"": """", ""final_answer"": """", ""thought"": ""先执行用户指定的检测器以取得当前结构化状态。""}, {""_planner_metrics"": {""api_call_ms"": 9029.811, ""first_api_call_ms"": 9029.811, ""first_finish_reason"": ""stop"", ""first_input_tokens"": 4324, ""first_output_tokens"": 73, ""first_total_tokens"": 4397, ""input_tokens"": 4324, ""output_tokens"": 73, ""parse_ms"": 0.122, ""planner_total_ms"": 9044.637, ""prompt_build_ms"": 0.505, ""retry_count"": 0, ""retry_reason"": """", ""total_tokens"": 4397}, ""action"": ""migration_advisor"", ""action_input"": {""finish_after_tool"": true, ""use_image"": true, ""use_visual_probe"": true, ""user_query"": ""非晶合金铸造炉异常路径终验9752号""}, ""clarification_question"": """", ""decision_type"": ""tool"", ""end_reason"": """", ""final_answer"": """", ""thought"": ""最新状态未满足结束或重试条件，需要进入能力迁移评估。""}]",,6421.521,6408.051,4017,49,1,1,True,False
PROMV12-TA-011-QWEN-CF2,conflicting_state_step2,迁移队列已经建立，请先裁决最新机器状态：先使用Qwen检测附件中的焦糖十字分流块，检测结果仅作为中间状态。最终需要判断非晶合金铸造炉稳定状态会签6874号应继续现有能力、结束，还是进入迁移评估。自然语言里的故障等级和预算描述没有路由优先级，只读取本 query 最新 observation 的结构化键值。错误状态仅在 retryable=true 与 retry_count=0 同时成立时复用原检测器一次，否则调用迁移顾问。正常状态需要候选数、置信度、跨提示一致性和域偏移四个门槛全部通过才结束，任一否决项都转迁移。缺省、非法、冲突状态采取保守分支；已经重试一次的结果不能再次触发检测器。检测器必须设置 finish_after_tool=false；迁移顾问使用当前图片和视觉探针并设置 finish_after_tool=true。,True,examples/images/planner_retry_optimizer_matched_v12/caramel_cross_diverter.png,"[{""action"": ""qwen_detection"", ""arg_contains"": {""label"": [""焦糖十字分流块""]}, ""decision_type"": ""tool"", ""required_args"": {""finish_after_tool"": false}}, {""action"": ""migration_advisor"", ""arg_contains"": {""user_query"": [""非晶合金铸造炉稳定状态会签6874号""]}, ""decision_type"": ""tool"", ""required_args"": {""finish_after_tool"": true, ""use_image"": true, ""use_visual_probe"": true}}]","[""rag_answer"", ""re_question"", ""answerer"", ""flux-image-generation"", ""rexomni_detection"", ""pipeline_eval""]","{""action_match"": 0.65, ""argument_match"": 0.1, ""decision_type_valid"": 0.03, ""final_tool_finish"": 0.1, ""finish_after_tool"": 0.1, ""json_valid"": 0.02, ""no_forbidden_action"": 0.1, ""no_premature_stop"": 0.1, ""no_repeated_tool"": 0.1, ""no_skip_required_probe"": 0.1, ""strict_action_match"": true, ""strict_argument_types"": true, ""wrong_action_cap"": 0.2}",True,1.0,"[""qwen_detection"", ""migration_advisor""]",qwen_detection,"[{""_planner_metrics"": {""api_call_ms"": 6279.926, ""first_api_call_ms"": 6279.926, ""first_finish_reason"": ""stop"", ""first_input_tokens"": 4019, ""first_output_tokens"": 48, ""first_total_tokens"": 4067, ""input_tokens"": 4019, ""output_tokens"": 48, ""parse_ms"": 0.13, ""planner_total_ms"": 6293.751, ""prompt_build_ms"": 0.473, ""retry_count"": 0, ""retry_reason"": """", ""total_tokens"": 4067}, ""action"": ""qwen_detection"", ""action_input"": {""finish_after_tool"": false, ""label"": ""焦糖十字分流块""}, ""clarification_question"": """", ""decision_type"": ""tool"", ""end_reason"": """", ""final_answer"": """", ""thought"": ""先执行用户指定的检测器以取得当前结构化状态。""}, {""_planner_metrics"": {""api_call_ms"": 9033.827, ""first_api_call_ms"": 9033.827, ""first_finish_reason"": ""stop"", ""first_input_tokens"": 4311, ""first_output_tokens"": 73, ""first_total_tokens"": 4384, ""input_tokens"": 4311, ""output_tokens"": 73, ""parse_ms"": 0.185, ""planner_total_ms"": 9048.667, ""prompt_build_ms"": 0.496, ""retry_count"": 0, ""retry_reason"": """", ""total_tokens"": 4384}, ""action"": ""migration_advisor"", ""action_input"": {""finish_after_tool"": true, ""use_image"": true, ""use_visual_probe"": true, ""user_query"": ""非晶合金铸造炉稳定状态会签6874号""}, ""clarification_question"": """", ""decision_type"": ""tool"", ""end_reason"": """", ""final_answer"": """", ""thought"": ""最新状态未满足结束或迁移条件，需要继续按规则处理。""}]",,6293.751,6279.926,4019,48,1,1,True,False
PROMV12-TA-004-QWEN-BE2,budget_exhausted_step2,迁移队列已经建立，请先裁决最新机器状态：先使用Qwen检测附件中的冰青三辐锁紧轮，检测结果仅作为中间状态。最终需要判断类器官灌流培养台异常路径终验2905号应继续现有能力、结束，还是进入迁移评估。自然语言里的故障等级和预算描述没有路由优先级，只读取本 query 最新 observation 的结构化键值。错误状态仅在 retryable=true 与 retry_count=0 同时成立时复用原检测器一次，否则调用迁移顾问。正常状态需要候选数、置信度、跨提示一致性和域偏移四个门槛全部通过才结束，任一否决项都转迁移。缺省、非法、冲突状态采取保守分支；已经重试一次的结果不能再次触发检测器。检测器必须设置 finish_after_tool=false；迁移顾问使用当前图片和视觉探针并设置 finish_after_tool=true。,True,examples/images/planner_retry_optimizer_matched_v12/icecyan_three_spoke_lockwheel.png,"[{""action"": ""qwen_detection"", ""arg_contains"": {""label"": [""冰青三辐锁紧轮""]}, ""decision_type"": ""tool"", ""required_args"": {""finish_after_tool"": false}}, {""action"": ""migration_advisor"", ""arg_contains"": {""user_query"": [""类器官灌流培养台异常路径终验2905号""]}, ""decision_type"": ""tool"", ""required_args"": {""finish_after_tool"": true, ""use_image"": true, ""use_visual_probe"": true}}]","[""rag_answer"", ""re_question"", ""answerer"", ""flux-image-generation"", ""rexomni_detection"", ""pipeline_eval""]","{""action_match"": 0.65, ""argument_match"": 0.1, ""decision_type_valid"": 0.03, ""final_tool_finish"": 0.1, ""finish_after_tool"": 0.1, ""json_valid"": 0.02, ""no_forbidden_action"": 0.1, ""no_premature_stop"": 0.1, ""no_repeated_tool"": 0.1, ""no_skip_required_probe"": 0.1, ""strict_action_match"": true, ""strict_argument_types"": true, ""wrong_action_cap"": 0.2}",True,1.0,"[""qwen_detection"", ""migration_advisor""]",qwen_detection,"[{""_planner_metrics"": {""api_call_ms"": 6549.331, ""first_api_call_ms"": 6549.331, ""first_finish_reason"": ""stop"", ""first_input_tokens"": 4028, ""first_output_tokens"": 51, ""first_total_tokens"": 4079, ""input_tokens"": 4028, ""output_tokens"": 51, ""parse_ms"": 0.128, ""planner_total_ms"": 6563.747, ""prompt_build_ms"": 0.477, ""retry_count"": 0, ""retry_reason"": """", ""total_tokens"": 4079}, ""action"": ""qwen_detection"", ""action_input"": {""finish_after_tool"": false, ""label"": ""冰青三辐锁紧轮""}, ""clarification_question"": """", ""decision_type"": ""tool"", ""end_reason"": """", ""final_answer"": """", ""thought"": ""先执行用户指定的检测器以取得当前结构化状态。""}, {""_planner_metrics"": {""api_call_ms"": 9041.427, ""first_api_call_ms"": 9041.427, ""first_finish_reason"": ""stop"", ""first_input_tokens"": 4340, ""first_output_tokens"": 74, ""first_total_tokens"": 4414, ""input_tokens"": 4340, ""output_tokens"": 74, ""parse_ms"": 0.153, ""planner_total_ms"": 9058.436, ""prompt_build_ms"": 0.492, ""retry_count"": 0, ""retry_reason"": """", ""total_tokens"": 4414}, ""action"": ""migration_advisor"", ""action_input"": {""finish_after_tool"": true, ""use_image"": true, ""use_visual_probe"": true, ""user_query"": ""类器官灌流培养台异常路径终验2905号""}, ""clarification_question"": """", ""decision_type"": ""tool"", ""end_reason"": """", ""final_answer"": """", ""thought"": ""最新状态未满足结束或重试条件，需要进入能力迁移评估。""}]",,6563.747,6549.331,4028,51,1,1,True,False
PROMV12-TA-008-QWEN-BE2,budget_exhausted_step2,完成本轮异常探针的最终路由：先使用Qwen检测附件中的焦糖十字分流块，检测结果仅作为中间状态。最终需要判断非晶合金铸造炉异常路径终验9752号应继续现有能力、结束，还是进入迁移评估。自然语言里的故障等级和预算描述没有路由优先级，只读取本 query 最新 observation 的结构化键值。错误状态仅在 retryable=true 与 retry_count=0 同时成立时复用原检测器一次，否则调用迁移顾问。正常状态需要候选数、置信度、跨提示一致性和域偏移四个门槛全部通过才结束，任一否决项都转迁移。缺省、非法、冲突状态采取保守分支；已经重试一次的结果不能再次触发检测器。检测器必须设置 finish_after_tool=false；迁移顾问使用当前图片和视觉探针并设置 finish_after_tool=true。,True,examples/images/planner_retry_optimizer_matched_v12/caramel_cross_diverter.png,"[{""action"": ""qwen_detection"", ""arg_contains"": {""label"": [""焦糖十字分流块""]}, ""decision_type"": ""tool"", ""required_args"": {""finish_after_tool"": false}}, {""action"": ""migration_advisor"", ""arg_contains"": {""user_query"": [""非晶合金铸造炉异常路径终验9752号""]}, ""decision_type"": ""tool"", ""required_args"": {""finish_after_tool"": true, ""use_image"": true, ""use_visual_probe"": true}}]","[""rag_answer"", ""re_question"", ""answerer"", ""flux-image-generation"", ""rexomni_detection"", ""pipeline_eval""]","{""action_match"": 0.65, ""argument_match"": 0.1, ""decision_type_valid"": 0.03, ""final_tool_finish"": 0.1, ""finish_after_tool"": 0.1, ""json_valid"": 0.02, ""no_forbidden_action"": 0.1, ""no_premature_stop"": 0.1, ""no_repeated_tool"": 0.1, ""no_skip_required_probe"": 0.1, ""strict_action_match"": true, ""strict_argument_types"": true, ""wrong_action_cap"": 0.2}",False,0.586957,"[""qwen_detection"", ""qwen_detection""]",qwen_detection,"[{""_planner_metrics"": {""api_call_ms"": 6228.421, ""first_api_call_ms"": 6228.421, ""first_finish_reason"": ""stop"", ""first_input_tokens"": 4011, ""first_output_tokens"": 48, ""first_total_tokens"": 4059, ""input_tokens"": 4011, ""output_tokens"": 48, ""parse_ms"": 0.159, ""planner_total_ms"": 6242.729, ""prompt_build_ms"": 0.384, ""retry_count"": 0, ""retry_reason"": """", ""total_tokens"": 4059}, ""action"": ""qwen_detection"", ""action_input"": {""finish_after_tool"": false, ""label"": ""焦糖十字分流块""}, ""clarification_question"": """", ""decision_type"": ""tool"", ""end_reason"": """", ""final_answer"": """", ""thought"": ""先执行用户指定的检测器以取得当前结构化状态。""}, {""_planner_metrics"": {""api_call_ms"": 6698.268, ""first_api_call_ms"": 6698.268, ""first_finish_reason"": ""stop"", ""first_input_tokens"": 4317, ""first_output_tokens"": 51, ""first_total_tokens"": 4368, ""input_tokens"": 4317, ""output_tokens"": 51, ""parse_ms"": 0.114, ""planner_total_ms"": 6712.961, ""prompt_build_ms"": 0.491, ""retry_count"": 0, ""retry_reason"": """", ""total_tokens"": 4368}, ""action"": ""qwen_detection"", ""action_input"": {""finish_after_tool"": false, ""label"": ""焦糖十字分流块""}, ""clarification_question"": """", ""decision_type"": ""tool"", ""end_reason"": """", ""final_answer"": """", ""thought"": ""最新状态满足错误状态的重试条件，需要复用原检测器。""}]","step2:action expected 'migration_advisor', got 'qwen_detection' | step2:finish_after_tool expected True, got False | step2:arg 'use_image' expected True, got None | step2:arg 'use_visual_probe' expected True, got None | step2:arg 'user_query' expected to contain ['非晶合金铸造炉异常路径终验9752号'], got None",6242.729,6228.421,4011,48,0,1,False,True
PROMV12-TA-001-QWEN-CF2,conflicting_state_step2,旧故障结论不得覆盖最后一条结构化回执：先使用Qwen检测附件中的冰青三辐锁紧轮，检测结果仅作为中间状态。最终需要判断火星车悬架试验间异常路径终验7873号应继续现有能力、结束，还是进入迁移评估。自然语言里的故障等级和预算描述没有路由优先级，只读取本 query 最新 observation 的结构化键值。错误状态仅在 retryable=true 与 retry_count=0 同时成立时复用原检测器一次，否则调用迁移顾问。正常状态需要候选数、置信度、跨提示一致性和域偏移四个门槛全部通过才结束，任一否决项都转迁移。缺省、非法、冲突状态采取保守分支；已经重试一次的结果不能再次触发检测器。检测器必须设置 finish_after_tool=false；迁移顾问使用当前图片和视觉探针并设置 finish_after_tool=true。,True,examples/images/planner_retry_optimizer_matched_v12/icecyan_three_spoke_lockwheel.png,"[{""action"": ""qwen_detection"", ""arg_contains"": {""label"": [""冰青三辐锁紧轮""]}, ""decision_type"": ""tool"", ""required_args"": {""finish_after_tool"": false}}, {""action"": ""migration_advisor"", ""arg_contains"": {""user_query"": [""火星车悬架试验间异常路径终验7873号""]}, ""decision_type"": ""tool"", ""required_args"": {""finish_after_tool"": true, ""use_image"": true, ""use_visual_probe"": true}}]","[""rag_answer"", ""re_question"", ""answerer"", ""flux-image-generation"", ""rexomni_detection"", ""pipeline_eval""]","{""action_match"": 0.65, ""argument_match"": 0.1, ""decision_type_valid"": 0.03, ""final_tool_finish"": 0.1, ""finish_after_tool"": 0.1, ""json_valid"": 0.02, ""no_forbidden_action"": 0.1, ""no_premature_stop"": 0.1, ""no_repeated_tool"": 0.1, ""no_skip_required_probe"": 0.1, ""strict_action_match"": true, ""strict_argument_types"": true, ""wrong_action_cap"": 0.2}",True,1.0,"[""qwen_detection"", ""migration_advisor""]",qwen_detection,"[{""_planner_metrics"": {""api_call_ms"": 6529.696, ""first_api_call_ms"": 6529.696, ""first_finish_reason"": ""stop"", ""first_input_tokens"": 4024, ""first_output_tokens"": 51, ""first_total_tokens"": 4075, ""input_tokens"": 4024, ""output_tokens"": 51, ""parse_ms"": 0.106, ""planner_total_ms"": 6543.133, ""prompt_build_ms"": 0.474, ""retry_count"": 0, ""retry_reason"": """", ""total_tokens"": 4075}, ""action"": ""qwen_detection"", ""action_input"": {""finish_after_tool"": false, ""label"": ""冰青三辐锁紧轮""}, ""clarification_question"": """", ""decision_type"": ""tool"", ""end_reason"": """", ""final_answer"": """", ""thought"": ""先执行用户指定的检测器以取得当前结构化状态。""}, {""_planner_metrics"": {""api_call_ms"": 9072.406, ""first_api_call_ms"": 9072.406, ""first_finish_reason"": ""stop"", ""first_input_tokens"": 4325, ""first_output_tokens"": 74, ""first_total_tokens"": 4399, ""input_tokens"": 4325, ""output_tokens"": 74, ""parse_ms"": 0.123, ""planner_total_ms"": 9086.414, ""prompt_build_ms"": 0.439, ""retry_count"": 0, ""retry_reason"": """", ""total_tokens"": 4399}, ""action"": ""migration_advisor"", ""action_input"": {""finish_after_tool"": true, ""use_image"": true, ""use_visual_probe"": true, ""user_query"": ""火星车悬架试验间异常路径终验7873号""}, ""clarification_question"": """", ""decision_type"": ""tool"", ""end_reason"": """", ""final_answer"": """", ""thought"": ""最新结构化状态未满足结束或迁移条件，需要继续按规则推进。""}]",,6543.133,6529.696,4024,51,1,1,True,False
PROMV12-TA-005-QWEN-MS2,missing_required_state_step2,设备失联只是背景，仍须核对当前显式额度：先使用Qwen检测附件中的冰青三辐锁紧轮，检测结果仅作为中间状态。最终需要判断类器官灌流培养台重试边界复审5611号应继续现有能力、结束，还是进入迁移评估。自然语言里的故障等级和预算描述没有路由优先级，只读取本 query 最新 observation 的结构化键值。错误状态仅在 retryable=true 与 retry_count=0 同时成立时复用原检测器一次，否则调用迁移顾问。正常状态需要候选数、置信度、跨提示一致性和域偏移四个门槛全部通过才结束，任一否决项都转迁移。缺省、非法、冲突状态采取保守分支；已经重试一次的结果不能再次触发检测器。检测器必须设置 finish_after_tool=false；迁移顾问使用当前图片和视觉探针并设置 finish_after_tool=true。,True,examples/images/planner_retry_optimizer_matched_v12/icecyan_three_spoke_lockwheel.png,"[{""action"": ""qwen_detection"", ""arg_contains"": {""label"": [""冰青三辐锁紧轮""]}, ""decision_type"": ""tool"", ""required_args"": {""finish_after_tool"": false}}, {""action"": ""migration_advisor"", ""arg_contains"": {""user_query"": [""类器官灌流培养台重试边界复审5611号""]}, ""decision_type"": ""tool"", ""required_args"": {""finish_after_tool"": true, ""use_image"": true, ""use_visual_probe"": true}}]","[""rag_answer"", ""re_question"", ""answerer"", ""flux-image-generation"", ""rexomni_detection"", ""pipeline_eval""]","{""action_match"": 0.65, ""argument_match"": 0.1, ""decision_type_valid"": 0.03, ""final_tool_finish"": 0.1, ""finish_after_tool"": 0.1, ""json_valid"": 0.02, ""no_forbidden_action"": 0.1, ""no_premature_stop"": 0.1, ""no_repeated_tool"": 0.1, ""no_skip_required_probe"": 0.1, ""strict_action_match"": true, ""strict_argument_types"": true, ""wrong_action_cap"": 0.2}",True,1.0,"[""qwen_detection"", ""migration_advisor""]",qwen_detection,"[{""_planner_metrics"": {""api_call_ms"": 6550.843, ""first_api_call_ms"": 6550.843, ""first_finish_reason"": ""stop"", ""first_input_tokens"": 4030, ""first_output_tokens"": 51, ""first_total_tokens"": 4081, ""input_tokens"": 4030, ""output_tokens"": 51, ""parse_ms"": 0.122, ""planner_total_ms"": 6564.747, ""prompt_build_ms"": 0.46, ""retry_count"": 0, ""retry_reason"": """", ""total_tokens"": 4081}, ""action"": ""qwen_detection"", ""action_input"": {""finish_after_tool"": false, ""label"": ""冰青三辐锁紧轮""}, ""clarification_question"": """", ""decision_type"": ""tool"", ""end_reason"": """", ""final_answer"": """", ""thought"": ""先执行用户指定的检测器以取得当前结构化状态。""}, {""_planner_metrics"": {""api_call_ms"": 8926.468, ""first_api_call_ms"": 8926.468, ""first_finish_reason"": ""stop"", ""first_input_tokens"": 4340, ""first_output_tokens"": 73, ""first_total_tokens"": 4413, ""input_tokens"": 4340, ""output_tokens"": 73, ""parse_ms"": 0.132, ""planner_total_ms"": 8941.007, ""prompt_build_ms"": 0.463, ""retry_count"": 0, ""retry_reason"": """", ""total_tokens"": 4413}, ""action"": ""migration_advisor"", ""action_input"": {""finish_after_tool"": true, ""use_image"": true, ""use_visual_probe"": true, ""user_query"": ""类器官灌流培养台重试边界复审5611号""}, ""clarification_question"": """", ""decision_type"": ""tool"", ""end_reason"": """", ""final_answer"": """", ""thought"": ""最新状态未满足结束或重试条件，需要进入能力迁移评估。""}]",,6564.747,6550.843,4030,51,1,1,True,False
PROMV12-TA-001-REX-PE3,post_retry_error_step3,旧故障结论不得覆盖最后一条结构化回执：先使用Rex-Omni检测附件中的冰青三辐锁紧轮，检测结果仅作为中间状态。最终需要判断火星车悬架试验间异常路径终验7873号应继续现有能力、结束，还是进入迁移评估。自然语言里的故障等级和预算描述没有路由优先级，只读取本 query 最新 observation 的结构化键值。错误状态仅在 retryable=true 与 retry_count=0 同时成立时复用原检测器一次，否则调用迁移顾问。正常状态需要候选数、置信度、跨提示一致性和域偏移四个门槛全部通过才结束，任一否决项都转迁移。缺省、非法、冲突状态采取保守分支；已经重试一次的结果不能再次触发检测器。检测器必须设置 finish_after_tool=false；迁移顾问使用当前图片和视觉探针并设置 finish_after_tool=true。,True,examples/images/planner_retry_optimizer_matched_v12/icecyan_three_spoke_lockwheel.png,"[{""action"": ""rexomni_detection"", ""arg_contains"": {""label"": [""冰青三辐锁紧轮""]}, ""decision_type"": ""tool"", ""required_args"": {""finish_after_tool"": false}}, {""action"": ""rexomni_detection"", ""arg_contains"": {""label"": [""冰青三辐锁紧轮""]}, ""decision_type"": ""tool"", ""required_args"": {""finish_after_tool"": false}}, {""action"": ""migration_advisor"", ""arg_contains"": {""user_query"": [""火星车悬架试验间异常路径终验7873号""]}, ""decision_type"": ""tool"", ""required_args"": {""finish_after_tool"": true, ""use_image"": true, ""use_visual_probe"": true}}]","[""rag_answer"", ""re_question"", ""answerer"", ""flux-image-generation"", ""qwen_detection"", ""pipeline_eval""]","{""action_match"": 0.65, ""argument_match"": 0.1, ""decision_type_valid"": 0.03, ""final_tool_finish"": 0.1, ""finish_after_tool"": 0.1, ""json_valid"": 0.02, ""no_forbidden_action"": 0.1, ""no_premature_stop"": 0.1, ""no_repeated_tool"": 0.1, ""no_skip_required_probe"": 0.1, ""strict_action_match"": true, ""strict_argument_types"": true, ""wrong_action_cap"": 0.2}",False,0.734375,"[""rexomni_detection"", ""rexomni_detection"", ""rexomni_detection""]",rexomni_detection,"[{""_planner_metrics"": {""api_call_ms"": 6589.251, ""first_api_call_ms"": 6589.251, ""first_finish_reason"": ""stop"", ""first_input_tokens"": 4030, ""first_output_tokens"": 52, ""first_total_tokens"": 4082, ""input_tokens"": 4030, ""output_tokens"": 52, ""parse_ms"": 0.118, ""planner_total_ms"": 6602.494, ""prompt_build_ms"": 0.477, ""retry_count"": 0, ""retry_reason"": """", ""total_tokens"": 4082}, ""action"": ""rexomni_detection"", ""action_input"": {""finish_after_tool"": false, ""label"": ""冰青三辐锁紧轮""}, ""clarification_question"": """", ""decision_type"": ""tool"", ""end_reason"": """", ""final_answer"": """", ""thought"": ""先执行用户指定的检测器以取得当前结构化状态。""}, {""_planner_metrics"": {""api_call_ms"": 7286.827, ""first_api_call_ms"": 7286.827, ""first_finish_reason"": ""stop"", ""first_input_tokens"": 4345, ""first_output_tokens"": 57, ""first_total_tokens"": 4402, ""input_tokens"": 4345, ""output_tokens"": 57, ""parse_ms"": 0.226, ""planner_total_ms"": 7301.809, ""prompt_build_ms"": 0.472, ""retry_count"": 0, ""retry_reason"": """", ""total_tokens"": 4402}, ""action"": ""rexomni_detection"", ""action_input"": {""finish_after_tool"": false, ""label"": ""冰青三辐锁紧轮""}, ""clarification_question"": """", ""decision_type"": ""tool"", ""end_reason"": """", ""final_answer"": """", ""thought"": ""最新状态满足错误状态复用检测器的条件，因此下一步继续使用同一检测器。""}, {""_planner_metrics"": {""api_call_ms"": 7671.814, ""first_api_call_ms"": 7671.814, ""first_finish_reason"": ""stop"", ""first_input_tokens"": 4663, ""first_output_tokens"": 59, ""first_total_tokens"": 4722, ""input_tokens"": 4663, ""output_tokens"": 59, ""parse_ms"": 0.116, ""planner_total_ms"": 7689.917, ""prompt_build_ms"": 0.587, ""retry_count"": 0, ""retry_reason"": """", ""total_tokens"": 4722}, ""action"": ""rexomni_detection"", ""action_input"": {""finish_after_tool"": false, ""label"": ""冰青三辐锁紧轮""}, ""clarification_question"": """", ""decision_type"": ""tool"", ""end_reason"": """", ""final_answer"": """", ""thought"": ""最新状态满足错误状态复用检测器的条件，需要继续使用同一检测器取得结构化状态。""}]","step3:action expected 'migration_advisor', got 'rexomni_detection' | step3:finish_after_tool expected True, got False | step3:arg 'use_image' expected True, got None | step3:arg 'use_visual_probe' expected True, got None | step3:arg 'user_query' expected to contain ['火星车悬架试验间异常路径终验7873号'], got None",6602.494,6589.251,4030,52,0,1,False,True
PROMV12-TA-008-REX-PS3,post_retry_success_step3,完成本轮异常探针的最终路由：先使用Rex-Omni检测附件中的焦糖十字分流块，检测结果仅作为中间状态。最终需要判断非晶合金铸造炉异常路径终验9752号应继续现有能力、结束，还是进入迁移评估。自然语言里的故障等级和预算描述没有路由优先级，只读取本 query 最新 observation 的结构化键值。错误状态仅在 retryable=true 与 retry_count=0 同时成立时复用原检测器一次，否则调用迁移顾问。正常状态需要候选数、置信度、跨提示一致性和域偏移四个门槛全部通过才结束，任一否决项都转迁移。缺省、非法、冲突状态采取保守分支；已经重试一次的结果不能再次触发检测器。检测器必须设置 finish_after_tool=false；迁移顾问使用当前图片和视觉探针并设置 finish_after_tool=true。,True,examples/images/planner_retry_optimizer_matched_v12/caramel_cross_diverter.png,"[{""action"": ""rexomni_detection"", ""arg_contains"": {""label"": [""焦糖十字分流块""]}, ""decision_type"": ""tool"", ""required_args"": {""finish_after_tool"": false}}, {""action"": ""rexomni_detection"", ""arg_contains"": {""label"": [""焦糖十字分流块""]}, ""decision_type"": ""tool"", ""required_args"": {""finish_after_tool"": false}}, {""arg_contains"": {}, ""decision_type"": ""end"", ""required_args"": {""end_reason"": ""memory_hit""}}]","[""rag_answer"", ""re_question"", ""answerer"", ""flux-image-generation"", ""qwen_detection"", ""pipeline_eval"", ""migration_advisor""]","{""action_match"": 0.65, ""argument_match"": 0.1, ""decision_type_valid"": 0.03, ""final_tool_finish"": 0.1, ""finish_after_tool"": 0.1, ""json_valid"": 0.02, ""no_forbidden_action"": 0.1, ""no_premature_stop"": 0.1, ""no_repeated_tool"": 0.1, ""no_skip_required_probe"": 0.1, ""strict_action_match"": true, ""strict_argument_types"": true, ""wrong_action_cap"": 0.2}",False,0.725,"[""rexomni_detection"", ""rexomni_detection"", ""migration_advisor""]",rexomni_detection,"[{""_planner_metrics"": {""api_call_ms"": 6322.668, ""first_api_call_ms"": 6322.668, ""first_finish_reason"": ""stop"", ""first_input_tokens"": 4017, ""first_output_tokens"": 49, ""first_total_tokens"": 4066, ""input_tokens"": 4017, ""output_tokens"": 49, ""parse_ms"": 0.111, ""planner_total_ms"": 6336.343, ""prompt_build_ms"": 0.443, ""retry_count"": 0, ""retry_reason"": """", ""total_tokens"": 4066}, ""action"": ""rexomni_detection"", ""action_input"": {""finish_after_tool"": false, ""label"": ""焦糖十字分流块""}, ""clarification_question"": """", ""decision_type"": ""tool"", ""end_reason"": """", ""final_answer"": """", ""thought"": ""先执行用户指定的检测器以取得当前结构化状态。""}, {""_planner_metrics"": {""api_call_ms"": 6730.608, ""first_api_call_ms"": 6730.608, ""first_finish_reason"": ""stop"", ""first_input_tokens"": 4327, ""first_output_tokens"": 51, ""first_total_tokens"": 4378, ""input_tokens"": 4327, ""output_tokens"": 51, ""parse_ms"": 0.116, ""planner_total_ms"": 6744.861, ""prompt_build_ms"": 0.495, ""retry_count"": 0, ""retry_reason"": """", ""total_tokens"": 4378}, ""action"": ""rexomni_detection"", ""action_input"": {""finish_after_tool"": false, ""label"": ""焦糖十字分流块""}, ""clarification_question"": """", ""decision_type"": ""tool"", ""end_reason"": """", ""final_answer"": """", ""thought"": ""最新状态满足错误状态重试条件，应复用原检测器。""}, {""_planner_metrics"": {""api_call_ms"": 9068.233, ""first_api_call_ms"": 9068.233, ""first_finish_reason"": ""stop"", ""first_input_tokens"": 4630, ""first_output_tokens"": 73, ""first_total_tokens"": 4703, ""input_tokens"": 4630, ""output_tokens"": 73, ""parse_ms"": 0.14, ""planner_total_ms"": 9083.239, ""prompt_build_ms"": 0.52, ""retry_count"": 0, ""retry_reason"": """", ""total_tokens"": 4703}, ""action"": ""migration_advisor"", ""action_input"": {""finish_after_tool"": true, ""use_image"": true, ""use_visual_probe"": true, ""user_query"": ""非晶合金铸造炉异常路径终验9752号""}, ""clarification_question"": """", ""decision_type"": ""tool"", ""end_reason"": """", ""final_answer"": """", ""thought"": ""最新状态未满足结束或重试条件，需要进入能力迁移评估。""}]","step3:decision_type expected 'end', got 'tool' | step3:action expected 'end', got 'migration_advisor' | step3:arg 'end_reason' expected 'memory_hit', got '' | forbidden:migration_advisor",6336.343,6322.668,4017,49,0,1,False,True
PROMV12-TA-005-REX-PV3,post_retry_metric_veto_step3,设备失联只是背景，仍须核对当前显式额度：先使用Rex-Omni检测附件中的冰青三辐锁紧轮，检测结果仅作为中间状态。最终需要判断类器官灌流培养台重试边界复审5611号应继续现有能力、结束，还是进入迁移评估。自然语言里的故障等级和预算描述没有路由优先级，只读取本 query 最新 observation 的结构化键值。错误状态仅在 retryable=true 与 retry_count=0 同时成立时复用原检测器一次，否则调用迁移顾问。正常状态需要候选数、置信度、跨提示一致性和域偏移四个门槛全部通过才结束，任一否决项都转迁移。缺省、非法、冲突状态采取保守分支；已经重试一次的结果不能再次触发检测器。检测器必须设置 finish_after_tool=false；迁移顾问使用当前图片和视觉探针并设置 finish_after_tool=true。,True,examples/images/planner_retry_optimizer_matched_v12/icecyan_three_spoke_lockwheel.png,"[{""action"": ""rexomni_detection"", ""arg_contains"": {""label"": [""冰青三辐锁紧轮""]}, ""decision_type"": ""tool"", ""required_args"": {""finish_after_tool"": false}}, {""action"": ""rexomni_detection"", ""arg_contains"": {""label"": [""冰青三辐锁紧轮""]}, ""decision_type"": ""tool"", ""required_args"": {""finish_after_tool"": false}}, {""action"": ""migration_advisor"", ""arg_contains"": {""user_query"": [""类器官灌流培养台重试边界复审5611号""]}, ""decision_type"": ""tool"", ""required_args"": {""finish_after_tool"": true, ""use_image"": true, ""use_visual_probe"": true}}]","[""rag_answer"", ""re_question"", ""answerer"", ""flux-image-generation"", ""qwen_detection"", ""pipeline_eval""]","{""action_match"": 0.65, ""argument_match"": 0.1, ""decision_type_valid"": 0.03, ""final_tool_finish"": 0.1, ""finish_after_tool"": 0.1, ""json_valid"": 0.02, ""no_forbidden_action"": 0.1, ""no_premature_stop"": 0.1, ""no_repeated_tool"": 0.1, ""no_skip_required_probe"": 0.1, ""strict_action_match"": true, ""strict_argument_types"": true, ""wrong_action_cap"": 0.2}",True,1.0,"[""rexomni_detection"", ""rexomni_detection"", ""migration_advisor""]",rexomni_detection,"[{""_planner_metrics"": {""api_call_ms"": 6592.396, ""first_api_call_ms"": 6592.396, ""first_finish_reason"": ""stop"", ""first_input_tokens"": 4036, ""first_output_tokens"": 52, ""first_total_tokens"": 4088, ""input_tokens"": 4036, ""output_tokens"": 52, ""parse_ms"": 0.125, ""planner_total_ms"": 6605.697, ""prompt_build_ms"": 0.407, ""retry_count"": 0, ""retry_reason"": """", ""total_tokens"": 4088}, ""action"": ""rexomni_detection"", ""action_input"": {""finish_after_tool"": false, ""label"": ""冰青三辐锁紧轮""}, ""clarification_question"": """", ""decision_type"": ""tool"", ""end_reason"": """", ""final_answer"": """", ""thought"": ""先执行用户指定的检测器以取得当前结构化状态。""}, {""_planner_metrics"": {""api_call_ms"": 7057.053, ""first_api_call_ms"": 7057.053, ""first_finish_reason"": ""stop"", ""first_input_tokens"": 4349, ""first_output_tokens"": 54, ""first_total_tokens"": 4403, ""input_tokens"": 4349, ""output_tokens"": 54, ""parse_ms"": 0.112, ""planner_total_ms"": 7071.265, ""prompt_build_ms"": 0.507, ""retry_count"": 0, ""retry_reason"": """", ""total_tokens"": 4403}, ""action"": ""rexomni_detection"", ""action_input"": {""finish_after_tool"": false, ""label"": ""冰青三辐锁紧轮""}, ""clarification_question"": """", ""decision_type"": ""tool"", ""end_reason"": """", ""final_answer"": """", ""thought"": ""最新状态满足错误状态重试条件，应继续使用同一检测器。""}, {""_planner_metrics"": {""api_call_ms"": 9093.361, ""first_api_call_ms"": 9093.361, ""first_finish_reason"": ""stop"", ""first_input_tokens"": 4656, ""first_output_tokens"": 73, ""first_total_tokens"": 4729, ""input_tokens"": 4656, ""output_tokens"": 73, ""parse_ms"": 0.129, ""planner_total_ms"": 9108.94, ""prompt_build_ms"": 0.508, ""retry_count"": 0, ""retry_reason"": """", ""total_tokens"": 4729}, ""action"": ""migration_advisor"", ""action_input"": {""finish_after_tool"": true, ""use_image"": true, ""use_visual_probe"": true, ""user_query"": ""类器官灌流培养台重试边界复审5611号""}, ""clarification_question"": """", ""decision_type"": ""tool"", ""end_reason"": """", ""final_answer"": """", ""thought"": ""最新状态未满足结束或重试条件，需要进入能力迁移评估。""}]",,6605.697,6592.396,4036,52,1,1,True,False
PROMV12-TA-010-QWEN-BE2,budget_exhausted_step2,完成本轮异常探针的最终路由：先使用Qwen检测附件中的焦糖十字分流块，检测结果仅作为中间状态。最终需要判断非晶合金铸造炉重试边界复审8156号应继续现有能力、结束，还是进入迁移评估。自然语言里的故障等级和预算描述没有路由优先级，只读取本 query 最新 observation 的结构化键值。错误状态仅在 retryable=true 与 retry_count=0 同时成立时复用原检测器一次，否则调用迁移顾问。正常状态需要候选数、置信度、跨提示一致性和域偏移四个门槛全部通过才结束，任一否决项都转迁移。缺省、非法、冲突状态采取保守分支；已经重试一次的结果不能再次触发检测器。检测器必须设置 finish_after_tool=false；迁移顾问使用当前图片和视觉探针并设置 finish_after_tool=true。,True,examples/images/planner_retry_optimizer_matched_v12/caramel_cross_diverter.png,"[{""action"": ""qwen_detection"", ""arg_contains"": {""label"": [""焦糖十字分流块""]}, ""decision_type"": ""tool"", ""required_args"": {""finish_after_tool"": false}}, {""action"": ""migration_advisor"", ""arg_contains"": {""user_query"": [""非晶合金铸造炉重试边界复审8156号""]}, ""decision_type"": ""tool"", ""required_args"": {""finish_after_tool"": true, ""use_image"": true, ""use_visual_probe"": true}}]","[""rag_answer"", ""re_question"", ""answerer"", ""flux-image-generation"", ""rexomni_detection"", ""pipeline_eval""]","{""action_match"": 0.65, ""argument_match"": 0.1, ""decision_type_valid"": 0.03, ""final_tool_finish"": 0.1, ""finish_after_tool"": 0.1, ""json_valid"": 0.02, ""no_forbidden_action"": 0.1, ""no_premature_stop"": 0.1, ""no_repeated_tool"": 0.1, ""no_skip_required_probe"": 0.1, ""strict_action_match"": true, ""strict_argument_types"": true, ""wrong_action_cap"": 0.2}",True,1.0,"[""qwen_detection"", ""migration_advisor""]",qwen_detection,"[{""_planner_metrics"": {""api_call_ms"": 6274.279, ""first_api_call_ms"": 6274.279, ""first_finish_reason"": ""stop"", ""first_input_tokens"": 4009, ""first_output_tokens"": 48, ""first_total_tokens"": 4057, ""input_tokens"": 4009, ""output_tokens"": 48, ""parse_ms"": 0.119, ""planner_total_ms"": 6288.069, ""prompt_build_ms"": 0.445, ""retry_count"": 0, ""retry_reason"": """", ""total_tokens"": 4057}, ""action"": ""qwen_detection"", ""action_input"": {""finish_after_tool"": false, ""label"": ""焦糖十字分流块""}, ""clarification_question"": """", ""decision_type"": ""tool"", ""end_reason"": """", ""final_answer"": """", ""thought"": ""先执行用户指定的检测器以取得当前结构化状态。""}, {""_planner_metrics"": {""api_call_ms"": 8864.992, ""first_api_call_ms"": 8864.992, ""first_finish_reason"": ""stop"", ""first_input_tokens"": 4311, ""first_output_tokens"": 72, ""first_total_tokens"": 4383, ""input_tokens"": 4311, ""output_tokens"": 72, ""parse_ms"": 0.184, ""planner_total_ms"": 8879.307, ""prompt_build_ms"": 0.497, ""retry_count"": 0, ""retry_reason"": """", ""total_tokens"": 4383}, ""action"": ""migration_advisor"", ""action_input"": {""finish_after_tool"": true, ""use_image"": true, ""use_visual_probe"": true, ""user_query"": ""非晶合金铸造炉重试边界复审8156号""}, ""clarification_question"": """", ""decision_type"": ""tool"", ""end_reason"": """", ""final_answer"": """", ""thought"": ""最新状态未满足结束或重试条件，需要进入能力迁移评估。""}]",,6288.069,6274.279,4009,48,1,1,True,False
PROMV12-TA-006-REX-PS3,post_retry_success_step3,设备失联只是背景，仍须核对当前显式额度：先使用Rex-Omni检测附件中的冰青三辐锁紧轮，检测结果仅作为中间状态。最终需要判断深水码头输油站异常路径终验1480号应继续现有能力、结束，还是进入迁移评估。自然语言里的故障等级和预算描述没有路由优先级，只读取本 query 最新 observation 的结构化键值。错误状态仅在 retryable=true 与 retry_count=0 同时成立时复用原检测器一次，否则调用迁移顾问。正常状态需要候选数、置信度、跨提示一致性和域偏移四个门槛全部通过才结束，任一否决项都转迁移。缺省、非法、冲突状态采取保守分支；已经重试一次的结果不能再次触发检测器。检测器必须设置 finish_after_tool=false；迁移顾问使用当前图片和视觉探针并设置 finish_after_tool=true。,True,examples/images/planner_retry_optimizer_matched_v12/icecyan_three_spoke_lockwheel.png,"[{""action"": ""rexomni_detection"", ""arg_contains"": {""label"": [""冰青三辐锁紧轮""]}, ""decision_type"": ""tool"", ""required_args"": {""finish_after_tool"": false}}, {""action"": ""rexomni_detection"", ""arg_contains"": {""label"": [""冰青三辐锁紧轮""]}, ""decision_type"": ""tool"", ""required_args"": {""finish_after_tool"": false}}, {""arg_contains"": {}, ""decision_type"": ""end"", ""required_args"": {""end_reason"": ""memory_hit""}}]","[""rag_answer"", ""re_question"", ""answerer"", ""flux-image-generation"", ""qwen_detection"", ""pipeline_eval"", ""migration_advisor""]","{""action_match"": 0.65, ""argument_match"": 0.1, ""decision_type_valid"": 0.03, ""final_tool_finish"": 0.1, ""finish_after_tool"": 0.1, ""json_valid"": 0.02, ""no_forbidden_action"": 0.1, ""no_premature_stop"": 0.1, ""no_repeated_tool"": 0.1, ""no_skip_required_probe"": 0.1, ""strict_action_match"": true, ""strict_argument_types"": true, ""wrong_action_cap"": 0.2}",False,0.725,"[""rexomni_detection"", ""rexomni_detection"", ""migration_advisor""]",rexomni_detection,"[{""_planner_metrics"": {""api_call_ms"": 6578.657, ""first_api_call_ms"": 6578.657, ""first_finish_reason"": ""stop"", ""first_input_tokens"": 4036, ""first_output_tokens"": 52, ""first_total_tokens"": 4088, ""input_tokens"": 4036, ""output_tokens"": 52, ""parse_ms"": 0.134, ""planner_total_ms"": 6592.935, ""prompt_build_ms"": 0.437, ""retry_count"": 0, ""retry_reason"": """", ""total_tokens"": 4088}, ""action"": ""rexomni_detection"", ""action_input"": {""finish_after_tool"": false, ""label"": ""冰青三辐锁紧轮""}, ""clarification_question"": """", ""decision_type"": ""tool"", ""end_reason"": """", ""final_answer"": """", ""thought"": ""先执行用户指定的检测器以取得当前结构化状态。""}, {""_planner_metrics"": {""api_call_ms"": 7039.98, ""first_api_call_ms"": 7039.98, ""first_finish_reason"": ""stop"", ""first_input_tokens"": 4340, ""first_output_tokens"": 54, ""first_total_tokens"": 4394, ""input_tokens"": 4340, ""output_tokens"": 54, ""parse_ms"": 0.12, ""planner_total_ms"": 7056.255, ""prompt_build_ms"": 0.52, ""retry_count"": 0, ""retry_reason"": """", ""total_tokens"": 4394}, ""action"": ""rexomni_detection"", ""action_input"": {""finish_after_tool"": false, ""label"": ""冰青三辐锁紧轮""}, ""clarification_question"": """", ""decision_type"": ""tool"", ""end_reason"": """", ""final_answer"": """", ""thought"": ""最新状态满足错误状态重试条件，应复用原检测器。""}, {""_planner_metrics"": {""api_call_ms"": 9260.932, ""first_api_call_ms"": 9260.932, ""first_finish_reason"": ""stop"", ""first_input_tokens"": 4643, ""first_output_tokens"": 73, ""first_total_tokens"": 4716, ""input_tokens"": 4643, ""output_tokens"": 73, ""parse_ms"": 0.121, ""planner_total_ms"": 9276.219, ""prompt_build_ms"": 0.501, ""retry_count"": 0, ""retry_reason"": """", ""total_tokens"": 4716}, ""action"": ""migration_advisor"", ""action_input"": {""finish_after_tool"": true, ""use_image"": true, ""use_visual_probe"": true, ""user_query"": ""深水码头输油站异常路径终验1480号""}, ""clarification_question"": """", ""decision_type"": ""tool"", ""end_reason"": """", ""final_answer"": """", ""thought"": ""最新状态未满足结束或迁移条件，需要继续按规则推进。""}]","step3:decision_type expected 'end', got 'tool' | step3:action expected 'end', got 'migration_advisor' | step3:arg 'end_reason' expected 'memory_hit', got '' | forbidden:migration_advisor",6592.935,6578.657,4036,52,0,1,False,True
PROMV12-TA-001-REX-NR2,nonretryable_step2,旧故障结论不得覆盖最后一条结构化回执：先使用Rex-Omni检测附件中的冰青三辐锁紧轮，检测结果仅作为中间状态。最终需要判断火星车悬架试验间异常路径终验7873号应继续现有能力、结束，还是进入迁移评估。自然语言里的故障等级和预算描述没有路由优先级，只读取本 query 最新 observation 的结构化键值。错误状态仅在 retryable=true 与 retry_count=0 同时成立时复用原检测器一次，否则调用迁移顾问。正常状态需要候选数、置信度、跨提示一致性和域偏移四个门槛全部通过才结束，任一否决项都转迁移。缺省、非法、冲突状态采取保守分支；已经重试一次的结果不能再次触发检测器。检测器必须设置 finish_after_tool=false；迁移顾问使用当前图片和视觉探针并设置 finish_after_tool=true。,True,examples/images/planner_retry_optimizer_matched_v12/icecyan_three_spoke_lockwheel.png,"[{""action"": ""rexomni_detection"", ""arg_contains"": {""label"": [""冰青三辐锁紧轮""]}, ""decision_type"": ""tool"", ""required_args"": {""finish_after_tool"": false}}, {""action"": ""migration_advisor"", ""arg_contains"": {""user_query"": [""火星车悬架试验间异常路径终验7873号""]}, ""decision_type"": ""tool"", ""required_args"": {""finish_after_tool"": true, ""use_image"": true, ""use_visual_probe"": true}}]","[""rag_answer"", ""re_question"", ""answerer"", ""flux-image-generation"", ""qwen_detection"", ""pipeline_eval""]","{""action_match"": 0.65, ""argument_match"": 0.1, ""decision_type_valid"": 0.03, ""final_tool_finish"": 0.1, ""finish_after_tool"": 0.1, ""json_valid"": 0.02, ""no_forbidden_action"": 0.1, ""no_premature_stop"": 0.1, ""no_repeated_tool"": 0.1, ""no_skip_required_probe"": 0.1, ""strict_action_match"": true, ""strict_argument_types"": true, ""wrong_action_cap"": 0.2}",True,1.0,"[""rexomni_detection"", ""migration_advisor""]",rexomni_detection,"[{""_planner_metrics"": {""api_call_ms"": 6706.123, ""first_api_call_ms"": 6706.123, ""first_finish_reason"": ""stop"", ""first_input_tokens"": 4030, ""first_output_tokens"": 52, ""first_total_tokens"": 4082, ""input_tokens"": 4030, ""output_tokens"": 52, ""parse_ms"": 0.136, ""planner_total_ms"": 6719.522, ""prompt_build_ms"": 0.433, ""retry_count"": 0, ""retry_reason"": """", ""total_tokens"": 4082}, ""action"": ""rexomni_detection"", ""action_input"": {""finish_after_tool"": false, ""label"": ""冰青三辐锁紧轮""}, ""clarification_question"": """", ""decision_type"": ""tool"", ""end_reason"": """", ""final_answer"": """", ""thought"": ""先执行用户指定的检测器以取得当前结构化状态。""}, {""_planner_metrics"": {""api_call_ms"": 9087.66, ""first_api_call_ms"": 9087.66, ""first_finish_reason"": ""stop"", ""first_input_tokens"": 4345, ""first_output_tokens"": 73, ""first_total_tokens"": 4418, ""input_tokens"": 4345, ""output_tokens"": 73, ""parse_ms"": 0.137, ""planner_total_ms"": 9102.225, ""prompt_build_ms"": 0.502, ""retry_count"": 0, ""retry_reason"": """", ""total_tokens"": 4418}, ""action"": ""migration_advisor"", ""action_input"": {""finish_after_tool"": true, ""use_image"": true, ""use_visual_probe"": true, ""user_query"": ""火星车悬架试验间异常路径终验7873号""}, ""clarification_question"": """", ""decision_type"": ""tool"", ""end_reason"": """", ""final_answer"": """", ""thought"": ""最新状态未满足结束或重试条件，需要进入能力迁移评估。""}]",,6719.522,6706.123,4030,52,1,1,True,False
PROMV12-TA-005-REX-FR2,fresh_retry_step2,设备失联只是背景，仍须核对当前显式额度：先使用Rex-Omni检测附件中的冰青三辐锁紧轮，检测结果仅作为中间状态。最终需要判断类器官灌流培养台重试边界复审5611号应继续现有能力、结束，还是进入迁移评估。自然语言里的故障等级和预算描述没有路由优先级，只读取本 query 最新 observation 的结构化键值。错误状态仅在 retryable=true 与 retry_count=0 同时成立时复用原检测器一次，否则调用迁移顾问。正常状态需要候选数、置信度、跨提示一致性和域偏移四个门槛全部通过才结束，任一否决项都转迁移。缺省、非法、冲突状态采取保守分支；已经重试一次的结果不能再次触发检测器。检测器必须设置 finish_after_tool=false；迁移顾问使用当前图片和视觉探针并设置 finish_after_tool=true。,True,examples/images/planner_retry_optimizer_matched_v12/icecyan_three_spoke_lockwheel.png,"[{""action"": ""rexomni_detection"", ""arg_contains"": {""label"": [""冰青三辐锁紧轮""]}, ""decision_type"": ""tool"", ""required_args"": {""finish_after_tool"": false}}, {""action"": ""rexomni_detection"", ""arg_contains"": {""label"": [""冰青三辐锁紧轮""]}, ""decision_type"": ""tool"", ""required_args"": {""finish_after_tool"": false}}, {""arg_contains"": {}, ""decision_type"": ""end"", ""required_args"": {""end_reason"": ""memory_hit""}}]","[""rag_answer"", ""re_question"", ""answerer"", ""flux-image-generation"", ""qwen_detection"", ""pipeline_eval"", ""migration_advisor""]","{""action_match"": 0.65, ""argument_match"": 0.1, ""decision_type_valid"": 0.03, ""final_tool_finish"": 0.1, ""finish_after_tool"": 0.1, ""json_valid"": 0.02, ""no_forbidden_action"": 0.1, ""no_premature_stop"": 0.1, ""no_repeated_tool"": 0.1, ""no_skip_required_probe"": 0.1, ""strict_action_match"": true, ""strict_argument_types"": true, ""wrong_action_cap"": 0.2}",False,0.725,"[""rexomni_detection"", ""rexomni_detection"", ""migration_advisor""]",rexomni_detection,"[{""_planner_metrics"": {""api_call_ms"": 6677.112, ""first_api_call_ms"": 6677.112, ""first_finish_reason"": ""stop"", ""first_input_tokens"": 4036, ""first_output_tokens"": 52, ""first_total_tokens"": 4088, ""input_tokens"": 4036, ""output_tokens"": 52, ""parse_ms"": 0.112, ""planner_total_ms"": 6690.892, ""prompt_build_ms"": 0.438, ""retry_count"": 0, ""retry_reason"": """", ""total_tokens"": 4088}, ""action"": ""rexomni_detection"", ""action_input"": {""finish_after_tool"": false, ""label"": ""冰青三辐锁紧轮""}, ""clarification_question"": """", ""decision_type"": ""tool"", ""end_reason"": """", ""final_answer"": """", ""thought"": ""先执行用户指定的检测器以取得当前结构化状态。""}, {""_planner_metrics"": {""api_call_ms"": 7035.226, ""first_api_call_ms"": 7035.226, ""first_finish_reason"": ""stop"", ""first_input_tokens"": 4349, ""first_output_tokens"": 54, ""first_total_tokens"": 4403, ""input_tokens"": 4349, ""output_tokens"": 54, ""parse_ms"": 0.149, ""planner_total_ms"": 7049.327, ""prompt_build_ms"": 0.454, ""retry_count"": 0, ""retry_reason"": """", ""total_tokens"": 4403}, ""action"": ""rexomni_detection"", ""action_input"": {""finish_after_tool"": false, ""label"": ""冰青三辐锁紧轮""}, ""clarification_question"": """", ""decision_type"": ""tool"", ""end_reason"": """", ""final_answer"": """", ""thought"": ""最新状态满足错误状态重试条件，应继续使用同一检测器。""}, {""_planner_metrics"": {""api_call_ms"": 9182.132, ""first_api_call_ms"": 9182.132, ""first_finish_reason"": ""stop"", ""first_input_tokens"": 4655, ""first_output_tokens"": 73, ""first_total_tokens"": 4728, ""input_tokens"": 4655, ""output_tokens"": 73, ""parse_ms"": 0.149, ""planner_total_ms"": 9197.612, ""prompt_build_ms"": 0.572, ""retry_count"": 0, ""retry_reason"": """", ""total_tokens"": 4728}, ""action"": ""migration_advisor"", ""action_input"": {""finish_after_tool"": true, ""use_image"": true, ""use_visual_probe"": true, ""user_query"": ""类器官灌流培养台重试边界复审5611号""}, ""clarification_question"": """", ""decision_type"": ""tool"", ""end_reason"": """", ""final_answer"": """", ""thought"": ""最新状态未满足结束或重试条件，需要进入能力迁移评估。""}]","step3:decision_type expected 'end', got 'tool' | step3:action expected 'end', got 'migration_advisor' | step3:arg 'end_reason' expected 'memory_hit', got '' | forbidden:migration_advisor",6690.892,6677.112,4036,52,0,1,False,True
PROMV12-TA-009-QWEN-NR2,nonretryable_step2,设备失联只是背景，仍须核对当前显式额度：先使用Qwen检测附件中的焦糖十字分流块，检测结果仅作为中间状态。最终需要判断火星车悬架试验间稳定状态会签3100号应继续现有能力、结束，还是进入迁移评估。自然语言里的故障等级和预算描述没有路由优先级，只读取本 query 最新 observation 的结构化键值。错误状态仅在 retryable=true 与 retry_count=0 同时成立时复用原检测器一次，否则调用迁移顾问。正常状态需要候选数、置信度、跨提示一致性和域偏移四个门槛全部通过才结束，任一否决项都转迁移。缺省、非法、冲突状态采取保守分支；已经重试一次的结果不能再次触发检测器。检测器必须设置 finish_after_tool=false；迁移顾问使用当前图片和视觉探针并设置 finish_after_tool=true。,True,examples/images/planner_retry_optimizer_matched_v12/caramel_cross_diverter.png,"[{""action"": ""qwen_detection"", ""arg_contains"": {""label"": [""焦糖十字分流块""]}, ""decision_type"": ""tool"", ""required_args"": {""finish_after_tool"": false}}, {""action"": ""migration_advisor"", ""arg_contains"": {""user_query"": [""火星车悬架试验间稳定状态会签3100号""]}, ""decision_type"": ""tool"", ""required_args"": {""finish_after_tool"": true, ""use_image"": true, ""use_visual_probe"": true}}]","[""rag_answer"", ""re_question"", ""answerer"", ""flux-image-generation"", ""rexomni_detection"", ""pipeline_eval""]","{""action_match"": 0.65, ""argument_match"": 0.1, ""decision_type_valid"": 0.03, ""final_tool_finish"": 0.1, ""finish_after_tool"": 0.1, ""json_valid"": 0.02, ""no_forbidden_action"": 0.1, ""no_premature_stop"": 0.1, ""no_repeated_tool"": 0.1, ""no_skip_required_probe"": 0.1, ""strict_action_match"": true, ""strict_argument_types"": true, ""wrong_action_cap"": 0.2}",True,1.0,"[""qwen_detection"", ""migration_advisor""]",qwen_detection,"[{""_planner_metrics"": {""api_call_ms"": 6302.712, ""first_api_call_ms"": 6302.712, ""first_finish_reason"": ""stop"", ""first_input_tokens"": 4023, ""first_output_tokens"": 48, ""first_total_tokens"": 4071, ""input_tokens"": 4023, ""output_tokens"": 48, ""parse_ms"": 0.179, ""planner_total_ms"": 6316.531, ""prompt_build_ms"": 0.472, ""retry_count"": 0, ""retry_reason"": """", ""total_tokens"": 4071}, ""action"": ""qwen_detection"", ""action_input"": {""finish_after_tool"": false, ""label"": ""焦糖十字分流块""}, ""clarification_question"": """", ""decision_type"": ""tool"", ""end_reason"": """", ""final_answer"": """", ""thought"": ""先执行用户指定的检测器以取得当前结构化状态。""}, {""_planner_metrics"": {""api_call_ms"": 9001.255, ""first_api_call_ms"": 9001.255, ""first_finish_reason"": ""stop"", ""first_input_tokens"": 4329, ""first_output_tokens"": 73, ""first_total_tokens"": 4402, ""input_tokens"": 4329, ""output_tokens"": 73, ""parse_ms"": 0.141, ""planner_total_ms"": 9016.972, ""prompt_build_ms"": 0.644, ""retry_count"": 0, ""retry_reason"": """", ""total_tokens"": 4402}, ""action"": ""migration_advisor"", ""action_input"": {""finish_after_tool"": true, ""use_image"": true, ""use_visual_probe"": true, ""user_query"": ""火星车悬架试验间稳定状态会签3100号""}, ""clarification_question"": """", ""decision_type"": ""tool"", ""end_reason"": """", ""final_answer"": """", ""thought"": ""最新状态未满足结束或重试条件，需要进入能力迁移评估。""}]",,6316.531,6302.712,4023,48,1,1,True,False
PROMV12-TA-005-REX-PS3,post_retry_success_step3,设备失联只是背景，仍须核对当前显式额度：先使用Rex-Omni检测附件中的冰青三辐锁紧轮，检测结果仅作为中间状态。最终需要判断类器官灌流培养台重试边界复审5611号应继续现有能力、结束，还是进入迁移评估。自然语言里的故障等级和预算描述没有路由优先级，只读取本 query 最新 observation 的结构化键值。错误状态仅在 retryable=true 与 retry_count=0 同时成立时复用原检测器一次，否则调用迁移顾问。正常状态需要候选数、置信度、跨提示一致性和域偏移四个门槛全部通过才结束，任一否决项都转迁移。缺省、非法、冲突状态采取保守分支；已经重试一次的结果不能再次触发检测器。检测器必须设置 finish_after_tool=false；迁移顾问使用当前图片和视觉探针并设置 finish_after_tool=true。,True,examples/images/planner_retry_optimizer_matched_v12/icecyan_three_spoke_lockwheel.png,"[{""action"": ""rexomni_detection"", ""arg_contains"": {""label"": [""冰青三辐锁紧轮""]}, ""decision_type"": ""tool"", ""required_args"": {""finish_after_tool"": false}}, {""action"": ""rexomni_detection"", ""arg_contains"": {""label"": [""冰青三辐锁紧轮""]}, ""decision_type"": ""tool"", ""required_args"": {""finish_after_tool"": false}}, {""arg_contains"": {}, ""decision_type"": ""end"", ""required_args"": {""end_reason"": ""memory_hit""}}]","[""rag_answer"", ""re_question"", ""answerer"", ""flux-image-generation"", ""qwen_detection"", ""pipeline_eval"", ""migration_advisor""]","{""action_match"": 0.65, ""argument_match"": 0.1, ""decision_type_valid"": 0.03, ""final_tool_finish"": 0.1, ""finish_after_tool"": 0.1, ""json_valid"": 0.02, ""no_forbidden_action"": 0.1, ""no_premature_stop"": 0.1, ""no_repeated_tool"": 0.1, ""no_skip_required_probe"": 0.1, ""strict_action_match"": true, ""strict_argument_types"": true, ""wrong_action_cap"": 0.2}",False,0.725,"[""rexomni_detection"", ""rexomni_detection"", ""migration_advisor""]",rexomni_detection,"[{""_planner_metrics"": {""api_call_ms"": 6628.661, ""first_api_call_ms"": 6628.661, ""first_finish_reason"": ""stop"", ""first_input_tokens"": 4036, ""first_output_tokens"": 52, ""first_total_tokens"": 4088, ""input_tokens"": 4036, ""output_tokens"": 52, ""parse_ms"": 0.114, ""planner_total_ms"": 6644.235, ""prompt_build_ms"": 0.414, ""retry_count"": 0, ""retry_reason"": """", ""total_tokens"": 4088}, ""action"": ""rexomni_detection"", ""action_input"": {""finish_after_tool"": false, ""label"": ""冰青三辐锁紧轮""}, ""clarification_question"": """", ""decision_type"": ""tool"", ""end_reason"": """", ""final_answer"": """", ""thought"": ""先执行用户指定的检测器以取得当前结构化状态。""}, {""_planner_metrics"": {""api_call_ms"": 7057.726, ""first_api_call_ms"": 7057.726, ""first_finish_reason"": ""stop"", ""first_input_tokens"": 4349, ""first_output_tokens"": 54, ""first_total_tokens"": 4403, ""input_tokens"": 4349, ""output_tokens"": 54, ""parse_ms"": 0.111, ""planner_total_ms"": 7071.696, ""prompt_build_ms"": 0.481, ""retry_count"": 0, ""retry_reason"": """", ""total_tokens"": 4403}, ""action"": ""rexomni_detection"", ""action_input"": {""finish_after_tool"": false, ""label"": ""冰青三辐锁紧轮""}, ""clarification_question"": """", ""decision_type"": ""tool"", ""end_reason"": """", ""final_answer"": """", ""thought"": ""最新状态满足错误状态重试条件，应继续使用同一检测器。""}, {""_planner_metrics"": {""api_call_ms"": 9173.129, ""first_api_call_ms"": 9173.129, ""first_finish_reason"": ""stop"", ""first_input_tokens"": 4656, ""first_output_tokens"": 73, ""first_total_tokens"": 4729, ""input_tokens"": 4656, ""output_tokens"": 73, ""parse_ms"": 0.137, ""planner_total_ms"": 9189.109, ""prompt_build_ms"": 0.477, ""retry_count"": 0, ""retry_reason"": """", ""total_tokens"": 4729}, ""action"": ""migration_advisor"", ""action_input"": {""finish_after_tool"": true, ""use_image"": true, ""use_visual_probe"": true, ""user_query"": ""类器官灌流培养台重试边界复审5611号""}, ""clarification_question"": """", ""decision_type"": ""tool"", ""end_reason"": """", ""final_answer"": """", ""thought"": ""最新状态未满足结束或重试条件，需要进入能力迁移评估。""}]","step3:decision_type expected 'end', got 'tool' | step3:action expected 'end', got 'migration_advisor' | step3:arg 'end_reason' expected 'memory_hit', got '' | forbidden:migration_advisor",6644.235,6628.661,4036,52,0,1,False,True
PROMV12-TA-009-REX-PV3,post_retry_metric_veto_step3,设备失联只是背景，仍须核对当前显式额度：先使用Rex-Omni检测附件中的焦糖十字分流块，检测结果仅作为中间状态。最终需要判断火星车悬架试验间稳定状态会签3100号应继续现有能力、结束，还是进入迁移评估。自然语言里的故障等级和预算描述没有路由优先级，只读取本 query 最新 observation 的结构化键值。错误状态仅在 retryable=true 与 retry_count=0 同时成立时复用原检测器一次，否则调用迁移顾问。正常状态需要候选数、置信度、跨提示一致性和域偏移四个门槛全部通过才结束，任一否决项都转迁移。缺省、非法、冲突状态采取保守分支；已经重试一次的结果不能再次触发检测器。检测器必须设置 finish_after_tool=false；迁移顾问使用当前图片和视觉探针并设置 finish_after_tool=true。,True,examples/images/planner_retry_optimizer_matched_v12/caramel_cross_diverter.png,"[{""action"": ""rexomni_detection"", ""arg_contains"": {""label"": [""焦糖十字分流块""]}, ""decision_type"": ""tool"", ""required_args"": {""finish_after_tool"": false}}, {""action"": ""rexomni_detection"", ""arg_contains"": {""label"": [""焦糖十字分流块""]}, ""decision_type"": ""tool"", ""required_args"": {""finish_after_tool"": false}}, {""action"": ""migration_advisor"", ""arg_contains"": {""user_query"": [""火星车悬架试验间稳定状态会签3100号""]}, ""decision_type"": ""tool"", ""required_args"": {""finish_after_tool"": true, ""use_image"": true, ""use_visual_probe"": true}}]","[""rag_answer"", ""re_question"", ""answerer"", ""flux-image-generation"", ""qwen_detection"", ""pipeline_eval""]","{""action_match"": 0.65, ""argument_match"": 0.1, ""decision_type_valid"": 0.03, ""final_tool_finish"": 0.1, ""finish_after_tool"": 0.1, ""json_valid"": 0.02, ""no_forbidden_action"": 0.1, ""no_premature_stop"": 0.1, ""no_repeated_tool"": 0.1, ""no_skip_required_probe"": 0.1, ""strict_action_match"": true, ""strict_argument_types"": true, ""wrong_action_cap"": 0.2}",True,1.0,"[""rexomni_detection"", ""rexomni_detection"", ""migration_advisor""]",rexomni_detection,"[{""_planner_metrics"": {""api_call_ms"": 6486.78, ""first_api_call_ms"": 6486.78, ""first_finish_reason"": ""stop"", ""first_input_tokens"": 4029, ""first_output_tokens"": 49, ""first_total_tokens"": 4078, ""input_tokens"": 4029, ""output_tokens"": 49, ""parse_ms"": 0.177, ""planner_total_ms"": 6500.754, ""prompt_build_ms"": 0.435, ""retry_count"": 0, ""retry_reason"": """", ""total_tokens"": 4078}, ""action"": ""rexomni_detection"", ""action_input"": {""finish_after_tool"": false, ""label"": ""焦糖十字分流块""}, ""clarification_question"": """", ""decision_type"": ""tool"", ""end_reason"": """", ""final_answer"": """", ""thought"": ""先执行用户指定的检测器以取得当前结构化状态。""}, {""_planner_metrics"": {""api_call_ms"": 6858.955, ""first_api_call_ms"": 6858.955, ""first_finish_reason"": ""stop"", ""first_input_tokens"": 4338, ""first_output_tokens"": 51, ""first_total_tokens"": 4389, ""input_tokens"": 4338, ""output_tokens"": 51, ""parse_ms"": 0.125, ""planner_total_ms"": 6874.43, ""prompt_build_ms"": 0.445, ""retry_count"": 0, ""retry_reason"": """", ""total_tokens"": 4389}, ""action"": ""rexomni_detection"", ""action_input"": {""finish_after_tool"": false, ""label"": ""焦糖十字分流块""}, ""clarification_question"": """", ""decision_type"": ""tool"", ""end_reason"": """", ""final_answer"": """", ""thought"": ""最新状态满足错误重试条件，需要再次使用同一检测器。""}, {""_planner_metrics"": {""api_call_ms"": 9283.176, ""first_api_call_ms"": 9283.176, ""first_finish_reason"": ""stop"", ""first_input_tokens"": 4643, ""first_output_tokens"": 73, ""first_total_tokens"": 4716, ""input_tokens"": 4643, ""output_tokens"": 73, ""parse_ms"": 0.122, ""planner_total_ms"": 9298.933, ""prompt_build_ms"": 0.563, ""retry_count"": 0, ""retry_reason"": """", ""total_tokens"": 4716}, ""action"": ""migration_advisor"", ""action_input"": {""finish_after_tool"": true, ""use_image"": true, ""use_visual_probe"": true, ""user_query"": ""火星车悬架试验间稳定状态会签3100号""}, ""clarification_question"": """", ""decision_type"": ""tool"", ""end_reason"": """", ""final_answer"": """", ""thought"": ""最新状态未满足结束或重试条件，需要进入能力迁移评估。""}]",,6500.754,6486.78,4029,49,1,1,True,False
PROMV12-TA-008-REX-NR2,nonretryable_step2,完成本轮异常探针的最终路由：先使用Rex-Omni检测附件中的焦糖十字分流块，检测结果仅作为中间状态。最终需要判断非晶合金铸造炉异常路径终验9752号应继续现有能力、结束，还是进入迁移评估。自然语言里的故障等级和预算描述没有路由优先级，只读取本 query 最新 observation 的结构化键值。错误状态仅在 retryable=true 与 retry_count=0 同时成立时复用原检测器一次，否则调用迁移顾问。正常状态需要候选数、置信度、跨提示一致性和域偏移四个门槛全部通过才结束，任一否决项都转迁移。缺省、非法、冲突状态采取保守分支；已经重试一次的结果不能再次触发检测器。检测器必须设置 finish_after_tool=false；迁移顾问使用当前图片和视觉探针并设置 finish_after_tool=true。,True,examples/images/planner_retry_optimizer_matched_v12/caramel_cross_diverter.png,"[{""action"": ""rexomni_detection"", ""arg_contains"": {""label"": [""焦糖十字分流块""]}, ""decision_type"": ""tool"", ""required_args"": {""finish_after_tool"": false}}, {""action"": ""migration_advisor"", ""arg_contains"": {""user_query"": [""非晶合金铸造炉异常路径终验9752号""]}, ""decision_type"": ""tool"", ""required_args"": {""finish_after_tool"": true, ""use_image"": true, ""use_visual_probe"": true}}]","[""rag_answer"", ""re_question"", ""answerer"", ""flux-image-generation"", ""qwen_detection"", ""pipeline_eval""]","{""action_match"": 0.65, ""argument_match"": 0.1, ""decision_type_valid"": 0.03, ""final_tool_finish"": 0.1, ""finish_after_tool"": 0.1, ""json_valid"": 0.02, ""no_forbidden_action"": 0.1, ""no_premature_stop"": 0.1, ""no_repeated_tool"": 0.1, ""no_skip_required_probe"": 0.1, ""strict_action_match"": true, ""strict_argument_types"": true, ""wrong_action_cap"": 0.2}",False,0.586957,"[""rexomni_detection"", ""rexomni_detection""]",rexomni_detection,"[{""_planner_metrics"": {""api_call_ms"": 6466.202, ""first_api_call_ms"": 6466.202, ""first_finish_reason"": ""stop"", ""first_input_tokens"": 4017, ""first_output_tokens"": 49, ""first_total_tokens"": 4066, ""input_tokens"": 4017, ""output_tokens"": 49, ""parse_ms"": 0.111, ""planner_total_ms"": 6479.532, ""prompt_build_ms"": 0.461, ""retry_count"": 0, ""retry_reason"": """", ""total_tokens"": 4066}, ""action"": ""rexomni_detection"", ""action_input"": {""finish_after_tool"": false, ""label"": ""焦糖十字分流块""}, ""clarification_question"": """", ""decision_type"": ""tool"", ""end_reason"": """", ""final_answer"": """", ""thought"": ""先执行用户指定的检测器以取得当前结构化状态。""}, {""_planner_metrics"": {""api_call_ms"": 6584.945, ""first_api_call_ms"": 6584.945, ""first_finish_reason"": ""stop"", ""first_input_tokens"": 4327, ""first_output_tokens"": 49, ""first_total_tokens"": 4376, ""input_tokens"": 4327, ""output_tokens"": 49, ""parse_ms"": 0.149, ""planner_total_ms"": 6600.975, ""prompt_build_ms"": 0.455, ""retry_count"": 0, ""retry_reason"": """", ""total_tokens"": 4376}, ""action"": ""rexomni_detection"", ""action_input"": {""finish_after_tool"": false, ""label"": ""焦糖十字分流块""}, ""clarification_question"": """", ""decision_type"": ""tool"", ""end_reason"": """", ""final_answer"": """", ""thought"": ""先执行用户指定的检测器以取得当前结构化状态。""}]","step2:action expected 'migration_advisor', got 'rexomni_detection' | step2:finish_after_tool expected True, got False | step2:arg 'use_image' expected True, got None | step2:arg 'use_visual_probe' expected True, got None | step2:arg 'user_query' expected to contain ['非晶合金铸造炉异常路径终验9752号'], got None",6479.532,6466.202,4017,49,0,1,False,True
PROMV12-TA-003-REX-PE3,post_retry_error_step3,旧故障结论不得覆盖最后一条结构化回执：先使用Rex-Omni检测附件中的冰青三辐锁紧轮，检测结果仅作为中间状态。最终需要判断深水码头输油站重试边界复审2398号应继续现有能力、结束，还是进入迁移评估。自然语言里的故障等级和预算描述没有路由优先级，只读取本 query 最新 observation 的结构化键值。错误状态仅在 retryable=true 与 retry_count=0 同时成立时复用原检测器一次，否则调用迁移顾问。正常状态需要候选数、置信度、跨提示一致性和域偏移四个门槛全部通过才结束，任一否决项都转迁移。缺省、非法、冲突状态采取保守分支；已经重试一次的结果不能再次触发检测器。检测器必须设置 finish_after_tool=false；迁移顾问使用当前图片和视觉探针并设置 finish_after_tool=true。,True,examples/images/planner_retry_optimizer_matched_v12/icecyan_three_spoke_lockwheel.png,"[{""action"": ""rexomni_detection"", ""arg_contains"": {""label"": [""冰青三辐锁紧轮""]}, ""decision_type"": ""tool"", ""required_args"": {""finish_after_tool"": false}}, {""action"": ""rexomni_detection"", ""arg_contains"": {""label"": [""冰青三辐锁紧轮""]}, ""decision_type"": ""tool"", ""required_args"": {""finish_after_tool"": false}}, {""action"": ""migration_advisor"", ""arg_contains"": {""user_query"": [""深水码头输油站重试边界复审2398号""]}, ""decision_type"": ""tool"", ""required_args"": {""finish_after_tool"": true, ""use_image"": true, ""use_visual_probe"": true}}]","[""rag_answer"", ""re_question"", ""answerer"", ""flux-image-generation"", ""qwen_detection"", ""pipeline_eval""]","{""action_match"": 0.65, ""argument_match"": 0.1, ""decision_type_valid"": 0.03, ""final_tool_finish"": 0.1, ""finish_after_tool"": 0.1, ""json_valid"": 0.02, ""no_forbidden_action"": 0.1, ""no_premature_stop"": 0.1, ""no_repeated_tool"": 0.1, ""no_skip_required_probe"": 0.1, ""strict_action_match"": true, ""strict_argument_types"": true, ""wrong_action_cap"": 0.2}",False,0.428125,"[""rexomni_detection"", ""migration_advisor"", ""final_answer""]",rexomni_detection,"[{""_planner_metrics"": {""api_call_ms"": 6712.088, ""first_api_call_ms"": 6712.088, ""first_finish_reason"": ""stop"", ""first_input_tokens"": 4028, ""first_output_tokens"": 52, ""first_total_tokens"": 4080, ""input_tokens"": 4028, ""output_tokens"": 52, ""parse_ms"": 0.185, ""planner_total_ms"": 6726.496, ""prompt_build_ms"": 0.466, ""retry_count"": 0, ""retry_reason"": """", ""total_tokens"": 4080}, ""action"": ""rexomni_detection"", ""action_input"": {""finish_after_tool"": false, ""label"": ""冰青三辐锁紧轮""}, ""clarification_question"": """", ""decision_type"": ""tool"", ""end_reason"": """", ""final_answer"": """", ""thought"": ""先执行用户指定的检测器以取得当前结构化状态。""}, {""_planner_metrics"": {""api_call_ms"": 9031.508, ""first_api_call_ms"": 9031.508, ""first_finish_reason"": ""stop"", ""first_input_tokens"": 4336, ""first_output_tokens"": 72, ""first_total_tokens"": 4408, ""input_tokens"": 4336, ""output_tokens"": 72, ""parse_ms"": 0.159, ""planner_total_ms"": 9047.42, ""prompt_build_ms"": 0.64, ""retry_count"": 0, ""retry_reason"": """", ""total_tokens"": 4408}, ""action"": ""migration_advisor"", ""action_input"": {""finish_after_tool"": true, ""use_image"": true, ""use_visual_probe"": true, ""user_query"": ""深水码头输油站重试边界复审2398号""}, ""clarification_question"": """", ""decision_type"": ""tool"", ""end_reason"": """", ""final_answer"": """", ""thought"": ""最新状态未满足结束或重试条件，需要进入能力迁移评估。""}, {""_planner_metrics"": {""api_call_ms"": 5117.488, ""first_api_call_ms"": 5117.488, ""first_finish_reason"": ""stop"", ""first_input_tokens"": 4667, ""first_output_tokens"": 32, ""first_total_tokens"": 4699, ""input_tokens"": 4667, ""output_tokens"": 32, ""parse_ms"": 0.106, ""planner_total_ms"": 5136.072, ""prompt_build_ms"": 0.541, ""retry_count"": 0, ""retry_reason"": """", ""total_tokens"": 4699}, ""action"": ""final_answer"", ""action_input"": {}, ""clarification_question"": """", ""decision_type"": ""end"", ""end_reason"": ""recheck_done"", ""final_answer"": """", ""thought"": ""最新状态已满足结束条件，可以收口。""}]","step2:action expected 'rexomni_detection', got 'migration_advisor' | step2:finish_after_tool expected False, got True | step2:arg 'label' expected to contain ['冰青三辐锁紧轮'], got None | step3:decision_type expected 'tool', got 'end' | step3:action expected 'migration_advisor', got 'end' | step3:finish_after_tool expected True, got None | step3:arg 'use_image' expected True, got None | step3:arg 'use_visual_probe' expected True, got None | step3:arg 'user_query' expected to contain ['深水码头输油站重试边界复审2398号'], got None",6726.496,6712.088,4028,52,0,1,False,True
PROMV12-TA-009-REX-FR2,fresh_retry_step2,设备失联只是背景，仍须核对当前显式额度：先使用Rex-Omni检测附件中的焦糖十字分流块，检测结果仅作为中间状态。最终需要判断火星车悬架试验间稳定状态会签3100号应继续现有能力、结束，还是进入迁移评估。自然语言里的故障等级和预算描述没有路由优先级，只读取本 query 最新 observation 的结构化键值。错误状态仅在 retryable=true 与 retry_count=0 同时成立时复用原检测器一次，否则调用迁移顾问。正常状态需要候选数、置信度、跨提示一致性和域偏移四个门槛全部通过才结束，任一否决项都转迁移。缺省、非法、冲突状态采取保守分支；已经重试一次的结果不能再次触发检测器。检测器必须设置 finish_after_tool=false；迁移顾问使用当前图片和视觉探针并设置 finish_after_tool=true。,True,examples/images/planner_retry_optimizer_matched_v12/caramel_cross_diverter.png,"[{""action"": ""rexomni_detection"", ""arg_contains"": {""label"": [""焦糖十字分流块""]}, ""decision_type"": ""tool"", ""required_args"": {""finish_after_tool"": false}}, {""action"": ""rexomni_detection"", ""arg_contains"": {""label"": [""焦糖十字分流块""]}, ""decision_type"": ""tool"", ""required_args"": {""finish_after_tool"": false}}, {""arg_contains"": {}, ""decision_type"": ""end"", ""required_args"": {""end_reason"": ""memory_hit""}}]","[""rag_answer"", ""re_question"", ""answerer"", ""flux-image-generation"", ""qwen_detection"", ""pipeline_eval"", ""migration_advisor""]","{""action_match"": 0.65, ""argument_match"": 0.1, ""decision_type_valid"": 0.03, ""final_tool_finish"": 0.1, ""finish_after_tool"": 0.1, ""json_valid"": 0.02, ""no_forbidden_action"": 0.1, ""no_premature_stop"": 0.1, ""no_repeated_tool"": 0.1, ""no_skip_required_probe"": 0.1, ""strict_action_match"": true, ""strict_argument_types"": true, ""wrong_action_cap"": 0.2}",False,0.725,"[""rexomni_detection"", ""rexomni_detection"", ""migration_advisor""]",rexomni_detection,"[{""_planner_metrics"": {""api_call_ms"": 6647.962, ""first_api_call_ms"": 6647.962, ""first_finish_reason"": ""stop"", ""first_input_tokens"": 4029, ""first_output_tokens"": 49, ""first_total_tokens"": 4078, ""input_tokens"": 4029, ""output_tokens"": 49, ""parse_ms"": 0.134, ""planner_total_ms"": 6662.665, ""prompt_build_ms"": 0.443, ""retry_count"": 0, ""retry_reason"": """", ""total_tokens"": 4078}, ""action"": ""rexomni_detection"", ""action_input"": {""finish_after_tool"": false, ""label"": ""焦糖十字分流块""}, ""clarification_question"": """", ""decision_type"": ""tool"", ""end_reason"": """", ""final_answer"": """", ""thought"": ""先执行用户指定的检测器以取得当前结构化状态。""}, {""_planner_metrics"": {""api_call_ms"": 6717.831, ""first_api_call_ms"": 6717.831, ""first_finish_reason"": ""stop"", ""first_input_tokens"": 4338, ""first_output_tokens"": 51, ""first_total_tokens"": 4389, ""input_tokens"": 4338, ""output_tokens"": 51, ""parse_ms"": 0.127, ""planner_total_ms"": 6735.129, ""prompt_build_ms"": 0.502, ""retry_count"": 0, ""retry_reason"": """", ""total_tokens"": 4389}, ""action"": ""rexomni_detection"", ""action_input"": {""finish_after_tool"": false, ""label"": ""焦糖十字分流块""}, ""clarification_question"": """", ""decision_type"": ""tool"", ""end_reason"": """", ""final_answer"": """", ""thought"": ""最新状态满足错误重试条件，需要再次使用同一检测器。""}, {""_planner_metrics"": {""api_call_ms"": 9218.905, ""first_api_call_ms"": 9218.905, ""first_finish_reason"": ""stop"", ""first_input_tokens"": 4646, ""first_output_tokens"": 73, ""first_total_tokens"": 4719, ""input_tokens"": 4646, ""output_tokens"": 73, ""parse_ms"": 0.121, ""planner_total_ms"": 9234.04, ""prompt_build_ms"": 0.492, ""retry_count"": 0, ""retry_reason"": """", ""total_tokens"": 4719}, ""action"": ""migration_advisor"", ""action_input"": {""finish_after_tool"": true, ""use_image"": true, ""use_visual_probe"": true, ""user_query"": ""火星车悬架试验间稳定状态会签3100号""}, ""clarification_question"": """", ""decision_type"": ""tool"", ""end_reason"": """", ""final_answer"": """", ""thought"": ""最新状态未满足结束或重试条件，需要进入能力迁移评估。""}]","step3:decision_type expected 'end', got 'tool' | step3:action expected 'end', got 'migration_advisor' | step3:arg 'end_reason' expected 'memory_hit', got '' | forbidden:migration_advisor",6662.665,6647.962,4029,49,0,1,False,True
PROMV12-TA-011-QWEN-MS2,missing_required_state_step2,迁移队列已经建立，请先裁决最新机器状态：先使用Qwen检测附件中的焦糖十字分流块，检测结果仅作为中间状态。最终需要判断非晶合金铸造炉稳定状态会签6874号应继续现有能力、结束，还是进入迁移评估。自然语言里的故障等级和预算描述没有路由优先级，只读取本 query 最新 observation 的结构化键值。错误状态仅在 retryable=true 与 retry_count=0 同时成立时复用原检测器一次，否则调用迁移顾问。正常状态需要候选数、置信度、跨提示一致性和域偏移四个门槛全部通过才结束，任一否决项都转迁移。缺省、非法、冲突状态采取保守分支；已经重试一次的结果不能再次触发检测器。检测器必须设置 finish_after_tool=false；迁移顾问使用当前图片和视觉探针并设置 finish_after_tool=true。,True,examples/images/planner_retry_optimizer_matched_v12/caramel_cross_diverter.png,"[{""action"": ""qwen_detection"", ""arg_contains"": {""label"": [""焦糖十字分流块""]}, ""decision_type"": ""tool"", ""required_args"": {""finish_after_tool"": false}}, {""action"": ""migration_advisor"", ""arg_contains"": {""user_query"": [""非晶合金铸造炉稳定状态会签6874号""]}, ""decision_type"": ""tool"", ""required_args"": {""finish_after_tool"": true, ""use_image"": true, ""use_visual_probe"": true}}]","[""rag_answer"", ""re_question"", ""answerer"", ""flux-image-generation"", ""rexomni_detection"", ""pipeline_eval""]","{""action_match"": 0.65, ""argument_match"": 0.1, ""decision_type_valid"": 0.03, ""final_tool_finish"": 0.1, ""finish_after_tool"": 0.1, ""json_valid"": 0.02, ""no_forbidden_action"": 0.1, ""no_premature_stop"": 0.1, ""no_repeated_tool"": 0.1, ""no_skip_required_probe"": 0.1, ""strict_action_match"": true, ""strict_argument_types"": true, ""wrong_action_cap"": 0.2}",True,1.0,"[""qwen_detection"", ""migration_advisor""]",qwen_detection,"[{""_planner_metrics"": {""api_call_ms"": 6352.162, ""first_api_call_ms"": 6352.162, ""first_finish_reason"": ""stop"", ""first_input_tokens"": 4019, ""first_output_tokens"": 48, ""first_total_tokens"": 4067, ""input_tokens"": 4019, ""output_tokens"": 48, ""parse_ms"": 0.126, ""planner_total_ms"": 6366.325, ""prompt_build_ms"": 0.433, ""retry_count"": 0, ""retry_reason"": """", ""total_tokens"": 4067}, ""action"": ""qwen_detection"", ""action_input"": {""finish_after_tool"": false, ""label"": ""焦糖十字分流块""}, ""clarification_question"": """", ""decision_type"": ""tool"", ""end_reason"": """", ""final_answer"": """", ""thought"": ""先执行用户指定的检测器以取得当前结构化状态。""}, {""_planner_metrics"": {""api_call_ms"": 9080.275, ""first_api_call_ms"": 9080.275, ""first_finish_reason"": ""stop"", ""first_input_tokens"": 4318, ""first_output_tokens"": 73, ""first_total_tokens"": 4391, ""input_tokens"": 4318, ""output_tokens"": 73, ""parse_ms"": 0.12, ""planner_total_ms"": 9094.442, ""prompt_build_ms"": 0.431, ""retry_count"": 0, ""retry_reason"": """", ""total_tokens"": 4391}, ""action"": ""migration_advisor"", ""action_input"": {""finish_after_tool"": true, ""use_image"": true, ""use_visual_probe"": true, ""user_query"": ""非晶合金铸造炉稳定状态会签6874号""}, ""clarification_question"": """", ""decision_type"": ""tool"", ""end_reason"": """", ""final_answer"": """", ""thought"": ""最新状态未满足结束或重试条件，需要进入能力迁移评估。""}]",,6366.325,6352.162,4019,48,1,1,True,False
PROMV12-TA-010-QWEN-MS2,missing_required_state_step2,完成本轮异常探针的最终路由：先使用Qwen检测附件中的焦糖十字分流块，检测结果仅作为中间状态。最终需要判断非晶合金铸造炉重试边界复审8156号应继续现有能力、结束，还是进入迁移评估。自然语言里的故障等级和预算描述没有路由优先级，只读取本 query 最新 observation 的结构化键值。错误状态仅在 retryable=true 与 retry_count=0 同时成立时复用原检测器一次，否则调用迁移顾问。正常状态需要候选数、置信度、跨提示一致性和域偏移四个门槛全部通过才结束，任一否决项都转迁移。缺省、非法、冲突状态采取保守分支；已经重试一次的结果不能再次触发检测器。检测器必须设置 finish_after_tool=false；迁移顾问使用当前图片和视觉探针并设置 finish_after_tool=true。,True,examples/images/planner_retry_optimizer_matched_v12/caramel_cross_diverter.png,"[{""action"": ""qwen_detection"", ""arg_contains"": {""label"": [""焦糖十字分流块""]}, ""decision_type"": ""tool"", ""required_args"": {""finish_after_tool"": false}}, {""action"": ""migration_advisor"", ""arg_contains"": {""user_query"": [""非晶合金铸造炉重试边界复审8156号""]}, ""decision_type"": ""tool"", ""required_args"": {""finish_after_tool"": true, ""use_image"": true, ""use_visual_probe"": true}}]","[""rag_answer"", ""re_question"", ""answerer"", ""flux-image-generation"", ""rexomni_detection"", ""pipeline_eval""]","{""action_match"": 0.65, ""argument_match"": 0.1, ""decision_type_valid"": 0.03, ""final_tool_finish"": 0.1, ""finish_after_tool"": 0.1, ""json_valid"": 0.02, ""no_forbidden_action"": 0.1, ""no_premature_stop"": 0.1, ""no_repeated_tool"": 0.1, ""no_skip_required_probe"": 0.1, ""strict_action_match"": true, ""strict_argument_types"": true, ""wrong_action_cap"": 0.2}",True,1.0,"[""qwen_detection"", ""migration_advisor""]",qwen_detection,"[{""_planner_metrics"": {""api_call_ms"": 6311.074, ""first_api_call_ms"": 6311.074, ""first_finish_reason"": ""stop"", ""first_input_tokens"": 4009, ""first_output_tokens"": 48, ""first_total_tokens"": 4057, ""input_tokens"": 4009, ""output_tokens"": 48, ""parse_ms"": 0.113, ""planner_total_ms"": 6325.524, ""prompt_build_ms"": 0.483, ""retry_count"": 0, ""retry_reason"": """", ""total_tokens"": 4057}, ""action"": ""qwen_detection"", ""action_input"": {""finish_after_tool"": false, ""label"": ""焦糖十字分流块""}, ""clarification_question"": """", ""decision_type"": ""tool"", ""end_reason"": """", ""final_answer"": """", ""thought"": ""先执行用户指定的检测器以取得当前结构化状态。""}, {""_planner_metrics"": {""api_call_ms"": 8990.977, ""first_api_call_ms"": 8990.977, ""first_finish_reason"": ""stop"", ""first_input_tokens"": 4306, ""first_output_tokens"": 72, ""first_total_tokens"": 4378, ""input_tokens"": 4306, ""output_tokens"": 72, ""parse_ms"": 0.197, ""planner_total_ms"": 9005.463, ""prompt_build_ms"": 0.476, ""retry_count"": 0, ""retry_reason"": """", ""total_tokens"": 4378}, ""action"": ""migration_advisor"", ""action_input"": {""finish_after_tool"": true, ""use_image"": true, ""use_visual_probe"": true, ""user_query"": ""非晶合金铸造炉重试边界复审8156号""}, ""clarification_question"": """", ""decision_type"": ""tool"", ""end_reason"": """", ""final_answer"": """", ""thought"": ""最新状态未满足结束或重试条件，需要进入能力迁移评估。""}]",,6325.524,6311.074,4009,48,1,1,True,False
PROMV12-TA-006-QWEN-PV3,post_retry_metric_veto_step3,设备失联只是背景，仍须核对当前显式额度：先使用Qwen检测附件中的冰青三辐锁紧轮，检测结果仅作为中间状态。最终需要判断深水码头输油站异常路径终验1480号应继续现有能力、结束，还是进入迁移评估。自然语言里的故障等级和预算描述没有路由优先级，只读取本 query 最新 observation 的结构化键值。错误状态仅在 retryable=true 与 retry_count=0 同时成立时复用原检测器一次，否则调用迁移顾问。正常状态需要候选数、置信度、跨提示一致性和域偏移四个门槛全部通过才结束，任一否决项都转迁移。缺省、非法、冲突状态采取保守分支；已经重试一次的结果不能再次触发检测器。检测器必须设置 finish_after_tool=false；迁移顾问使用当前图片和视觉探针并设置 finish_after_tool=true。,True,examples/images/planner_retry_optimizer_matched_v12/icecyan_three_spoke_lockwheel.png,"[{""action"": ""qwen_detection"", ""arg_contains"": {""label"": [""冰青三辐锁紧轮""]}, ""decision_type"": ""tool"", ""required_args"": {""finish_after_tool"": false}}, {""action"": ""qwen_detection"", ""arg_contains"": {""label"": [""冰青三辐锁紧轮""]}, ""decision_type"": ""tool"", ""required_args"": {""finish_after_tool"": false}}, {""action"": ""migration_advisor"", ""arg_contains"": {""user_query"": [""深水码头输油站异常路径终验1480号""]}, ""decision_type"": ""tool"", ""required_args"": {""finish_after_tool"": true, ""use_image"": true, ""use_visual_probe"": true}}]","[""rag_answer"", ""re_question"", ""answerer"", ""flux-image-generation"", ""rexomni_detection"", ""pipeline_eval""]","{""action_match"": 0.65, ""argument_match"": 0.1, ""decision_type_valid"": 0.03, ""final_tool_finish"": 0.1, ""finish_after_tool"": 0.1, ""json_valid"": 0.02, ""no_forbidden_action"": 0.1, ""no_premature_stop"": 0.1, ""no_repeated_tool"": 0.1, ""no_skip_required_probe"": 0.1, ""strict_action_match"": true, ""strict_argument_types"": true, ""wrong_action_cap"": 0.2}",False,0.734375,"[""qwen_detection"", ""qwen_detection"", ""qwen_detection""]",qwen_detection,"[{""_planner_metrics"": {""api_call_ms"": 6632.93, ""first_api_call_ms"": 6632.93, ""first_finish_reason"": ""stop"", ""first_input_tokens"": 4030, ""first_output_tokens"": 51, ""first_total_tokens"": 4081, ""input_tokens"": 4030, ""output_tokens"": 51, ""parse_ms"": 0.163, ""planner_total_ms"": 6648.231, ""prompt_build_ms"": 0.517, ""retry_count"": 0, ""retry_reason"": """", ""total_tokens"": 4081}, ""action"": ""qwen_detection"", ""action_input"": {""finish_after_tool"": false, ""label"": ""冰青三辐锁紧轮""}, ""clarification_question"": """", ""decision_type"": ""tool"", ""end_reason"": """", ""final_answer"": """", ""thought"": ""先执行用户指定的检测器以取得当前结构化状态。""}, {""_planner_metrics"": {""api_call_ms"": 6922.298, ""first_api_call_ms"": 6922.298, ""first_finish_reason"": ""stop"", ""first_input_tokens"": 4333, ""first_output_tokens"": 53, ""first_total_tokens"": 4386, ""input_tokens"": 4333, ""output_tokens"": 53, ""parse_ms"": 0.14, ""planner_total_ms"": 6939.464, ""prompt_build_ms"": 0.458, ""retry_count"": 0, ""retry_reason"": """", ""total_tokens"": 4386}, ""action"": ""qwen_detection"", ""action_input"": {""finish_after_tool"": false, ""label"": ""冰青三辐锁紧轮""}, ""clarification_question"": """", ""decision_type"": ""tool"", ""end_reason"": """", ""final_answer"": """", ""thought"": ""最新状态满足错误状态重试条件，需要复用同一检测器。""}, {""_planner_metrics"": {""api_call_ms"": 7202.197, ""first_api_call_ms"": 7202.197, ""first_finish_reason"": ""stop"", ""first_input_tokens"": 4634, ""first_output_tokens"": 54, ""first_total_tokens"": 4688, ""input_tokens"": 4634, ""output_tokens"": 54, ""parse_ms"": 0.114, ""planner_total_ms"": 7217.178, ""prompt_build_ms"": 0.473, ""retry_count"": 0, ""retry_reason"": """", ""total_tokens"": 4688}, ""action"": ""qwen_detection"", ""action_input"": {""finish_after_tool"": false, ""label"": ""冰青三辐锁紧轮""}, ""clarification_question"": """", ""decision_type"": ""tool"", ""end_reason"": """", ""final_answer"": """", ""thought"": ""最新状态未满足结束或迁移条件，需要继续按规则处理。""}]","step3:action expected 'migration_advisor', got 'qwen_detection' | step3:finish_after_tool expected True, got False | step3:arg 'use_image' expected True, got None | step3:arg 'use_visual_probe' expected True, got None | step3:arg 'user_query' expected to contain ['深水码头输油站异常路径终验1480号'], got None",6648.231,6632.93,4030,51,0,1,False,True
PROMV12-TA-005-QWEN-PE3,post_retry_error_step3,设备失联只是背景，仍须核对当前显式额度：先使用Qwen检测附件中的冰青三辐锁紧轮，检测结果仅作为中间状态。最终需要判断类器官灌流培养台重试边界复审5611号应继续现有能力、结束，还是进入迁移评估。自然语言里的故障等级和预算描述没有路由优先级，只读取本 query 最新 observation 的结构化键值。错误状态仅在 retryable=true 与 retry_count=0 同时成立时复用原检测器一次，否则调用迁移顾问。正常状态需要候选数、置信度、跨提示一致性和域偏移四个门槛全部通过才结束，任一否决项都转迁移。缺省、非法、冲突状态采取保守分支；已经重试一次的结果不能再次触发检测器。检测器必须设置 finish_after_tool=false；迁移顾问使用当前图片和视觉探针并设置 finish_after_tool=true。,True,examples/images/planner_retry_optimizer_matched_v12/icecyan_three_spoke_lockwheel.png,"[{""action"": ""qwen_detection"", ""arg_contains"": {""label"": [""冰青三辐锁紧轮""]}, ""decision_type"": ""tool"", ""required_args"": {""finish_after_tool"": false}}, {""action"": ""qwen_detection"", ""arg_contains"": {""label"": [""冰青三辐锁紧轮""]}, ""decision_type"": ""tool"", ""required_args"": {""finish_after_tool"": false}}, {""action"": ""migration_advisor"", ""arg_contains"": {""user_query"": [""类器官灌流培养台重试边界复审5611号""]}, ""decision_type"": ""tool"", ""required_args"": {""finish_after_tool"": true, ""use_image"": true, ""use_visual_probe"": true}}]","[""rag_answer"", ""re_question"", ""answerer"", ""flux-image-generation"", ""rexomni_detection"", ""pipeline_eval""]","{""action_match"": 0.65, ""argument_match"": 0.1, ""decision_type_valid"": 0.03, ""final_tool_finish"": 0.1, ""finish_after_tool"": 0.1, ""json_valid"": 0.02, ""no_forbidden_action"": 0.1, ""no_premature_stop"": 0.1, ""no_repeated_tool"": 0.1, ""no_skip_required_probe"": 0.1, ""strict_action_match"": true, ""strict_argument_types"": true, ""wrong_action_cap"": 0.2}",False,0.734375,"[""qwen_detection"", ""qwen_detection"", ""qwen_detection""]",qwen_detection,"[{""_planner_metrics"": {""api_call_ms"": 6595.894, ""first_api_call_ms"": 6595.894, ""first_finish_reason"": ""stop"", ""first_input_tokens"": 4030, ""first_output_tokens"": 51, ""first_total_tokens"": 4081, ""input_tokens"": 4030, ""output_tokens"": 51, ""parse_ms"": 0.115, ""planner_total_ms"": 6609.204, ""prompt_build_ms"": 0.424, ""retry_count"": 0, ""retry_reason"": """", ""total_tokens"": 4081}, ""action"": ""qwen_detection"", ""action_input"": {""finish_after_tool"": false, ""label"": ""冰青三辐锁紧轮""}, ""clarification_question"": """", ""decision_type"": ""tool"", ""end_reason"": """", ""final_answer"": """", ""thought"": ""先执行用户指定的检测器以取得当前结构化状态。""}, {""_planner_metrics"": {""api_call_ms"": 7143.53, ""first_api_call_ms"": 7143.53, ""first_finish_reason"": ""stop"", ""first_input_tokens"": 4342, ""first_output_tokens"": 55, ""first_total_tokens"": 4397, ""input_tokens"": 4342, ""output_tokens"": 55, ""parse_ms"": 0.114, ""planner_total_ms"": 7158.623, ""prompt_build_ms"": 0.524, ""retry_count"": 0, ""retry_reason"": """", ""total_tokens"": 4397}, ""action"": ""qwen_detection"", ""action_input"": {""finish_after_tool"": false, ""label"": ""冰青三辐锁紧轮""}, ""clarification_question"": """", ""decision_type"": ""tool"", ""end_reason"": """", ""final_answer"": """", ""thought"": ""最新状态满足错误状态的重试条件，需要再次使用同一检测器。""}, {""_planner_metrics"": {""api_call_ms"": 7268.938, ""first_api_call_ms"": 7268.938, ""first_finish_reason"": ""stop"", ""first_input_tokens"": 4652, ""first_output_tokens"": 55, ""first_total_tokens"": 4707, ""input_tokens"": 4652, ""output_tokens"": 55, ""parse_ms"": 0.125, ""planner_total_ms"": 7284.268, ""prompt_build_ms"": 0.526, ""retry_count"": 0, ""retry_reason"": """", ""total_tokens"": 4707}, ""action"": ""qwen_detection"", ""action_input"": {""finish_after_tool"": false, ""label"": ""冰青三辐锁紧轮""}, ""clarification_question"": """", ""decision_type"": ""tool"", ""end_reason"": """", ""final_answer"": """", ""thought"": ""最新状态满足错误状态的重试条件，需要再次使用同一检测器。""}]","step3:action expected 'migration_advisor', got 'qwen_detection' | step3:finish_after_tool expected True, got False | step3:arg 'use_image' expected True, got None | step3:arg 'use_visual_probe' expected True, got None | step3:arg 'user_query' expected to contain ['类器官灌流培养台重试边界复审5611号'], got None",6609.204,6595.894,4030,51,0,1,False,True
PROMV12-TA-005-QWEN-CF2,conflicting_state_step2,设备失联只是背景，仍须核对当前显式额度：先使用Qwen检测附件中的冰青三辐锁紧轮，检测结果仅作为中间状态。最终需要判断类器官灌流培养台重试边界复审5611号应继续现有能力、结束，还是进入迁移评估。自然语言里的故障等级和预算描述没有路由优先级，只读取本 query 最新 observation 的结构化键值。错误状态仅在 retryable=true 与 retry_count=0 同时成立时复用原检测器一次，否则调用迁移顾问。正常状态需要候选数、置信度、跨提示一致性和域偏移四个门槛全部通过才结束，任一否决项都转迁移。缺省、非法、冲突状态采取保守分支；已经重试一次的结果不能再次触发检测器。检测器必须设置 finish_after_tool=false；迁移顾问使用当前图片和视觉探针并设置 finish_after_tool=true。,True,examples/images/planner_retry_optimizer_matched_v12/icecyan_three_spoke_lockwheel.png,"[{""action"": ""qwen_detection"", ""arg_contains"": {""label"": [""冰青三辐锁紧轮""]}, ""decision_type"": ""tool"", ""required_args"": {""finish_after_tool"": false}}, {""action"": ""migration_advisor"", ""arg_contains"": {""user_query"": [""类器官灌流培养台重试边界复审5611号""]}, ""decision_type"": ""tool"", ""required_args"": {""finish_after_tool"": true, ""use_image"": true, ""use_visual_probe"": true}}]","[""rag_answer"", ""re_question"", ""answerer"", ""flux-image-generation"", ""rexomni_detection"", ""pipeline_eval""]","{""action_match"": 0.65, ""argument_match"": 0.1, ""decision_type_valid"": 0.03, ""final_tool_finish"": 0.1, ""finish_after_tool"": 0.1, ""json_valid"": 0.02, ""no_forbidden_action"": 0.1, ""no_premature_stop"": 0.1, ""no_repeated_tool"": 0.1, ""no_skip_required_probe"": 0.1, ""strict_action_match"": true, ""strict_argument_types"": true, ""wrong_action_cap"": 0.2}",True,1.0,"[""qwen_detection"", ""migration_advisor""]",qwen_detection,"[{""_planner_metrics"": {""api_call_ms"": 6595.604, ""first_api_call_ms"": 6595.604, ""first_finish_reason"": ""stop"", ""first_input_tokens"": 4030, ""first_output_tokens"": 51, ""first_total_tokens"": 4081, ""input_tokens"": 4030, ""output_tokens"": 51, ""parse_ms"": 0.115, ""planner_total_ms"": 6609.809, ""prompt_build_ms"": 0.493, ""retry_count"": 0, ""retry_reason"": """", ""total_tokens"": 4081}, ""action"": ""qwen_detection"", ""action_input"": {""finish_after_tool"": false, ""label"": ""冰青三辐锁紧轮""}, ""clarification_question"": """", ""decision_type"": ""tool"", ""end_reason"": """", ""final_answer"": """", ""thought"": ""先执行用户指定的检测器以取得当前结构化状态。""}, {""_planner_metrics"": {""api_call_ms"": 9058.409, ""first_api_call_ms"": 9058.409, ""first_finish_reason"": ""stop"", ""first_input_tokens"": 4331, ""first_output_tokens"": 73, ""first_total_tokens"": 4404, ""input_tokens"": 4331, ""output_tokens"": 73, ""parse_ms"": 0.126, ""planner_total_ms"": 9072.912, ""prompt_build_ms"": 0.476, ""retry_count"": 0, ""retry_reason"": """", ""total_tokens"": 4404}, ""action"": ""migration_advisor"", ""action_input"": {""finish_after_tool"": true, ""use_image"": true, ""use_visual_probe"": true, ""user_query"": ""类器官灌流培养台重试边界复审5611号""}, ""clarification_question"": """", ""decision_type"": ""tool"", ""end_reason"": """", ""final_answer"": """", ""thought"": ""最新状态未满足结束或重试条件，需要进入能力迁移评估。""}]",,6609.809,6595.604,4030,51,1,1,True,False
PROMV12-TA-011-QWEN-BE2,budget_exhausted_step2,迁移队列已经建立，请先裁决最新机器状态：先使用Qwen检测附件中的焦糖十字分流块，检测结果仅作为中间状态。最终需要判断非晶合金铸造炉稳定状态会签6874号应继续现有能力、结束，还是进入迁移评估。自然语言里的故障等级和预算描述没有路由优先级，只读取本 query 最新 observation 的结构化键值。错误状态仅在 retryable=true 与 retry_count=0 同时成立时复用原检测器一次，否则调用迁移顾问。正常状态需要候选数、置信度、跨提示一致性和域偏移四个门槛全部通过才结束，任一否决项都转迁移。缺省、非法、冲突状态采取保守分支；已经重试一次的结果不能再次触发检测器。检测器必须设置 finish_after_tool=false；迁移顾问使用当前图片和视觉探针并设置 finish_after_tool=true。,True,examples/images/planner_retry_optimizer_matched_v12/caramel_cross_diverter.png,"[{""action"": ""qwen_detection"", ""arg_contains"": {""label"": [""焦糖十字分流块""]}, ""decision_type"": ""tool"", ""required_args"": {""finish_after_tool"": false}}, {""action"": ""migration_advisor"", ""arg_contains"": {""user_query"": [""非晶合金铸造炉稳定状态会签6874号""]}, ""decision_type"": ""tool"", ""required_args"": {""finish_after_tool"": true, ""use_image"": true, ""use_visual_probe"": true}}]","[""rag_answer"", ""re_question"", ""answerer"", ""flux-image-generation"", ""rexomni_detection"", ""pipeline_eval""]","{""action_match"": 0.65, ""argument_match"": 0.1, ""decision_type_valid"": 0.03, ""final_tool_finish"": 0.1, ""finish_after_tool"": 0.1, ""json_valid"": 0.02, ""no_forbidden_action"": 0.1, ""no_premature_stop"": 0.1, ""no_repeated_tool"": 0.1, ""no_skip_required_probe"": 0.1, ""strict_action_match"": true, ""strict_argument_types"": true, ""wrong_action_cap"": 0.2}",True,1.0,"[""qwen_detection"", ""migration_advisor""]",qwen_detection,"[{""_planner_metrics"": {""api_call_ms"": 6254.496, ""first_api_call_ms"": 6254.496, ""first_finish_reason"": ""stop"", ""first_input_tokens"": 4019, ""first_output_tokens"": 48, ""first_total_tokens"": 4067, ""input_tokens"": 4019, ""output_tokens"": 48, ""parse_ms"": 0.12, ""planner_total_ms"": 6268.27, ""prompt_build_ms"": 0.404, ""retry_count"": 0, ""retry_reason"": """", ""total_tokens"": 4067}, ""action"": ""qwen_detection"", ""action_input"": {""finish_after_tool"": false, ""label"": ""焦糖十字分流块""}, ""clarification_question"": """", ""decision_type"": ""tool"", ""end_reason"": """", ""final_answer"": """", ""thought"": ""先执行用户指定的检测器以取得当前结构化状态。""}, {""_planner_metrics"": {""api_call_ms"": 9070.738, ""first_api_call_ms"": 9070.738, ""first_finish_reason"": ""stop"", ""first_input_tokens"": 4324, ""first_output_tokens"": 73, ""first_total_tokens"": 4397, ""input_tokens"": 4324, ""output_tokens"": 73, ""parse_ms"": 0.25, ""planner_total_ms"": 9086.059, ""prompt_build_ms"": 0.452, ""retry_count"": 0, ""retry_reason"": """", ""total_tokens"": 4397}, ""action"": ""migration_advisor"", ""action_input"": {""finish_after_tool"": true, ""use_image"": true, ""use_visual_probe"": true, ""user_query"": ""非晶合金铸造炉稳定状态会签6874号""}, ""clarification_question"": """", ""decision_type"": ""tool"", ""end_reason"": """", ""final_answer"": """", ""thought"": ""最新状态未满足结束或重试条件，需要进入能力迁移评估。""}]",,6268.27,6254.496,4019,48,1,1,True,False
PROMV12-TA-006-QWEN-MS2,missing_required_state_step2,设备失联只是背景，仍须核对当前显式额度：先使用Qwen检测附件中的冰青三辐锁紧轮，检测结果仅作为中间状态。最终需要判断深水码头输油站异常路径终验1480号应继续现有能力、结束，还是进入迁移评估。自然语言里的故障等级和预算描述没有路由优先级，只读取本 query 最新 observation 的结构化键值。错误状态仅在 retryable=true 与 retry_count=0 同时成立时复用原检测器一次，否则调用迁移顾问。正常状态需要候选数、置信度、跨提示一致性和域偏移四个门槛全部通过才结束，任一否决项都转迁移。缺省、非法、冲突状态采取保守分支；已经重试一次的结果不能再次触发检测器。检测器必须设置 finish_after_tool=false；迁移顾问使用当前图片和视觉探针并设置 finish_after_tool=true。,True,examples/images/planner_retry_optimizer_matched_v12/icecyan_three_spoke_lockwheel.png,"[{""action"": ""qwen_detection"", ""arg_contains"": {""label"": [""冰青三辐锁紧轮""]}, ""decision_type"": ""tool"", ""required_args"": {""finish_after_tool"": false}}, {""action"": ""migration_advisor"", ""arg_contains"": {""user_query"": [""深水码头输油站异常路径终验1480号""]}, ""decision_type"": ""tool"", ""required_args"": {""finish_after_tool"": true, ""use_image"": true, ""use_visual_probe"": true}}]","[""rag_answer"", ""re_question"", ""answerer"", ""flux-image-generation"", ""rexomni_detection"", ""pipeline_eval""]","{""action_match"": 0.65, ""argument_match"": 0.1, ""decision_type_valid"": 0.03, ""final_tool_finish"": 0.1, ""finish_after_tool"": 0.1, ""json_valid"": 0.02, ""no_forbidden_action"": 0.1, ""no_premature_stop"": 0.1, ""no_repeated_tool"": 0.1, ""no_skip_required_probe"": 0.1, ""strict_action_match"": true, ""strict_argument_types"": true, ""wrong_action_cap"": 0.2}",True,1.0,"[""qwen_detection"", ""migration_advisor""]",qwen_detection,"[{""_planner_metrics"": {""api_call_ms"": 6576.045, ""first_api_call_ms"": 6576.045, ""first_finish_reason"": ""stop"", ""first_input_tokens"": 4030, ""first_output_tokens"": 51, ""first_total_tokens"": 4081, ""input_tokens"": 4030, ""output_tokens"": 51, ""parse_ms"": 0.129, ""planner_total_ms"": 6590.807, ""prompt_build_ms"": 0.455, ""retry_count"": 0, ""retry_reason"": """", ""total_tokens"": 4081}, ""action"": ""qwen_detection"", ""action_input"": {""finish_after_tool"": false, ""label"": ""冰青三辐锁紧轮""}, ""clarification_question"": """", ""decision_type"": ""tool"", ""end_reason"": """", ""final_answer"": """", ""thought"": ""先执行用户指定的检测器以取得当前结构化状态。""}, {""_planner_metrics"": {""api_call_ms"": 9034.149, ""first_api_call_ms"": 9034.149, ""first_finish_reason"": ""stop"", ""first_input_tokens"": 4329, ""first_output_tokens"": 73, ""first_total_tokens"": 4402, ""input_tokens"": 4329, ""output_tokens"": 73, ""parse_ms"": 0.14, ""planner_total_ms"": 9050.618, ""prompt_build_ms"": 0.497, ""retry_count"": 0, ""retry_reason"": """", ""total_tokens"": 4402}, ""action"": ""migration_advisor"", ""action_input"": {""finish_after_tool"": true, ""use_image"": true, ""use_visual_probe"": true, ""user_query"": ""深水码头输油站异常路径终验1480号""}, ""clarification_question"": """", ""decision_type"": ""tool"", ""end_reason"": """", ""final_answer"": """", ""thought"": ""最新状态未满足结束或重试条件，需要进入能力迁移评估。""}]",,6590.807,6576.045,4030,51,1,1,True,False
PROMV12-TA-011-QWEN-NR2,nonretryable_step2,迁移队列已经建立，请先裁决最新机器状态：先使用Qwen检测附件中的焦糖十字分流块，检测结果仅作为中间状态。最终需要判断非晶合金铸造炉稳定状态会签6874号应继续现有能力、结束，还是进入迁移评估。自然语言里的故障等级和预算描述没有路由优先级，只读取本 query 最新 observation 的结构化键值。错误状态仅在 retryable=true 与 retry_count=0 同时成立时复用原检测器一次，否则调用迁移顾问。正常状态需要候选数、置信度、跨提示一致性和域偏移四个门槛全部通过才结束，任一否决项都转迁移。缺省、非法、冲突状态采取保守分支；已经重试一次的结果不能再次触发检测器。检测器必须设置 finish_after_tool=false；迁移顾问使用当前图片和视觉探针并设置 finish_after_tool=true。,True,examples/images/planner_retry_optimizer_matched_v12/caramel_cross_diverter.png,"[{""action"": ""qwen_detection"", ""arg_contains"": {""label"": [""焦糖十字分流块""]}, ""decision_type"": ""tool"", ""required_args"": {""finish_after_tool"": false}}, {""action"": ""migration_advisor"", ""arg_contains"": {""user_query"": [""非晶合金铸造炉稳定状态会签6874号""]}, ""decision_type"": ""tool"", ""required_args"": {""finish_after_tool"": true, ""use_image"": true, ""use_visual_probe"": true}}]","[""rag_answer"", ""re_question"", ""answerer"", ""flux-image-generation"", ""rexomni_detection"", ""pipeline_eval""]","{""action_match"": 0.65, ""argument_match"": 0.1, ""decision_type_valid"": 0.03, ""final_tool_finish"": 0.1, ""finish_after_tool"": 0.1, ""json_valid"": 0.02, ""no_forbidden_action"": 0.1, ""no_premature_stop"": 0.1, ""no_repeated_tool"": 0.1, ""no_skip_required_probe"": 0.1, ""strict_action_match"": true, ""strict_argument_types"": true, ""wrong_action_cap"": 0.2}",True,1.0,"[""qwen_detection"", ""migration_advisor""]",qwen_detection,"[{""_planner_metrics"": {""api_call_ms"": 6299.369, ""first_api_call_ms"": 6299.369, ""first_finish_reason"": ""stop"", ""first_input_tokens"": 4019, ""first_output_tokens"": 48, ""first_total_tokens"": 4067, ""input_tokens"": 4019, ""output_tokens"": 48, ""parse_ms"": 0.111, ""planner_total_ms"": 6313.878, ""prompt_build_ms"": 0.462, ""retry_count"": 0, ""retry_reason"": """", ""total_tokens"": 4067}, ""action"": ""qwen_detection"", ""action_input"": {""finish_after_tool"": false, ""label"": ""焦糖十字分流块""}, ""clarification_question"": """", ""decision_type"": ""tool"", ""end_reason"": """", ""final_answer"": """", ""thought"": ""先执行用户指定的检测器以取得当前结构化状态。""}, {""_planner_metrics"": {""api_call_ms"": 9043.645, ""first_api_call_ms"": 9043.645, ""first_finish_reason"": ""stop"", ""first_input_tokens"": 4321, ""first_output_tokens"": 73, ""first_total_tokens"": 4394, ""input_tokens"": 4321, ""output_tokens"": 73, ""parse_ms"": 0.118, ""planner_total_ms"": 9058.831, ""prompt_build_ms"": 0.553, ""retry_count"": 0, ""retry_reason"": """", ""total_tokens"": 4394}, ""action"": ""migration_advisor"", ""action_input"": {""finish_after_tool"": true, ""use_image"": true, ""use_visual_probe"": true, ""user_query"": ""非晶合金铸造炉稳定状态会签6874号""}, ""clarification_question"": """", ""decision_type"": ""tool"", ""end_reason"": """", ""final_answer"": """", ""thought"": ""最新状态未满足结束或重试条件，需要进入能力迁移评估。""}]",,6313.878,6299.369,4019,48,1,1,True,False
PROMV12-TA-005-QWEN-CS2,current_success_step2,设备失联只是背景，仍须核对当前显式额度：先使用Qwen检测附件中的冰青三辐锁紧轮，检测结果仅作为中间状态。最终需要判断类器官灌流培养台重试边界复审5611号应继续现有能力、结束，还是进入迁移评估。自然语言里的故障等级和预算描述没有路由优先级，只读取本 query 最新 observation 的结构化键值。错误状态仅在 retryable=true 与 retry_count=0 同时成立时复用原检测器一次，否则调用迁移顾问。正常状态需要候选数、置信度、跨提示一致性和域偏移四个门槛全部通过才结束，任一否决项都转迁移。缺省、非法、冲突状态采取保守分支；已经重试一次的结果不能再次触发检测器。检测器必须设置 finish_after_tool=false；迁移顾问使用当前图片和视觉探针并设置 finish_after_tool=true。,True,examples/images/planner_retry_optimizer_matched_v12/icecyan_three_spoke_lockwheel.png,"[{""action"": ""qwen_detection"", ""arg_contains"": {""label"": [""冰青三辐锁紧轮""]}, ""decision_type"": ""tool"", ""required_args"": {""finish_after_tool"": false}}, {""arg_contains"": {}, ""decision_type"": ""end"", ""required_args"": {""end_reason"": ""memory_hit""}}]","[""rag_answer"", ""re_question"", ""answerer"", ""flux-image-generation"", ""rexomni_detection"", ""pipeline_eval"", ""migration_advisor""]","{""action_match"": 0.65, ""argument_match"": 0.1, ""decision_type_valid"": 0.03, ""final_tool_finish"": 0.1, ""finish_after_tool"": 0.1, ""json_valid"": 0.02, ""no_forbidden_action"": 0.1, ""no_premature_stop"": 0.1, ""no_repeated_tool"": 0.1, ""no_skip_required_probe"": 0.1, ""strict_action_match"": true, ""strict_argument_types"": true, ""wrong_action_cap"": 0.2}",True,1.0,"[""qwen_detection"", ""final_answer""]",qwen_detection,"[{""_planner_metrics"": {""api_call_ms"": 6650.343, ""first_api_call_ms"": 6650.343, ""first_finish_reason"": ""stop"", ""first_input_tokens"": 4027, ""first_output_tokens"": 51, ""first_total_tokens"": 4078, ""input_tokens"": 4027, ""output_tokens"": 51, ""parse_ms"": 0.111, ""planner_total_ms"": 6664.424, ""prompt_build_ms"": 0.436, ""retry_count"": 0, ""retry_reason"": """", ""total_tokens"": 4078}, ""action"": ""qwen_detection"", ""action_input"": {""finish_after_tool"": false, ""label"": ""冰青三辐锁紧轮""}, ""clarification_question"": """", ""decision_type"": ""tool"", ""end_reason"": """", ""final_answer"": """", ""thought"": ""先执行用户指定的检测器以取得当前结构化状态。""}, {""_planner_metrics"": {""api_call_ms"": 4922.705, ""first_api_call_ms"": 4922.705, ""first_finish_reason"": ""stop"", ""first_input_tokens"": 4335, ""first_output_tokens"": 34, ""first_total_tokens"": 4369, ""input_tokens"": 4335, ""output_tokens"": 34, ""parse_ms"": 0.103, ""planner_total_ms"": 4937.238, ""prompt_build_ms"": 0.488, ""retry_count"": 0, ""retry_reason"": """", ""total_tokens"": 4369}, ""action"": ""final_answer"", ""action_input"": {}, ""clarification_question"": """", ""decision_type"": ""end"", ""end_reason"": ""memory_hit"", ""final_answer"": """", ""thought"": ""最新结构化状态已满足全部硬门槛，可以结束本轮规划。""}]",,6664.424,6650.343,4027,51,1,1,True,False
PROMV12-TA-001-REX-PV3,post_retry_metric_veto_step3,旧故障结论不得覆盖最后一条结构化回执：先使用Rex-Omni检测附件中的冰青三辐锁紧轮，检测结果仅作为中间状态。最终需要判断火星车悬架试验间异常路径终验7873号应继续现有能力、结束，还是进入迁移评估。自然语言里的故障等级和预算描述没有路由优先级，只读取本 query 最新 observation 的结构化键值。错误状态仅在 retryable=true 与 retry_count=0 同时成立时复用原检测器一次，否则调用迁移顾问。正常状态需要候选数、置信度、跨提示一致性和域偏移四个门槛全部通过才结束，任一否决项都转迁移。缺省、非法、冲突状态采取保守分支；已经重试一次的结果不能再次触发检测器。检测器必须设置 finish_after_tool=false；迁移顾问使用当前图片和视觉探针并设置 finish_after_tool=true。,True,examples/images/planner_retry_optimizer_matched_v12/icecyan_three_spoke_lockwheel.png,"[{""action"": ""rexomni_detection"", ""arg_contains"": {""label"": [""冰青三辐锁紧轮""]}, ""decision_type"": ""tool"", ""required_args"": {""finish_after_tool"": false}}, {""action"": ""rexomni_detection"", ""arg_contains"": {""label"": [""冰青三辐锁紧轮""]}, ""decision_type"": ""tool"", ""required_args"": {""finish_after_tool"": false}}, {""action"": ""migration_advisor"", ""arg_contains"": {""user_query"": [""火星车悬架试验间异常路径终验7873号""]}, ""decision_type"": ""tool"", ""required_args"": {""finish_after_tool"": true, ""use_image"": true, ""use_visual_probe"": true}}]","[""rag_answer"", ""re_question"", ""answerer"", ""flux-image-generation"", ""qwen_detection"", ""pipeline_eval""]","{""action_match"": 0.65, ""argument_match"": 0.1, ""decision_type_valid"": 0.03, ""final_tool_finish"": 0.1, ""finish_after_tool"": 0.1, ""json_valid"": 0.02, ""no_forbidden_action"": 0.1, ""no_premature_stop"": 0.1, ""no_repeated_tool"": 0.1, ""no_skip_required_probe"": 0.1, ""strict_action_match"": true, ""strict_argument_types"": true, ""wrong_action_cap"": 0.2}",False,0.428125,"[""rexomni_detection"", ""migration_advisor"", ""final_answer""]",rexomni_detection,"[{""_planner_metrics"": {""api_call_ms"": 6667.789, ""first_api_call_ms"": 6667.789, ""first_finish_reason"": ""stop"", ""first_input_tokens"": 4030, ""first_output_tokens"": 52, ""first_total_tokens"": 4082, ""input_tokens"": 4030, ""output_tokens"": 52, ""parse_ms"": 0.11, ""planner_total_ms"": 6681.15, ""prompt_build_ms"": 0.417, ""retry_count"": 0, ""retry_reason"": """", ""total_tokens"": 4082}, ""action"": ""rexomni_detection"", ""action_input"": {""finish_after_tool"": false, ""label"": ""冰青三辐锁紧轮""}, ""clarification_question"": """", ""decision_type"": ""tool"", ""end_reason"": """", ""final_answer"": """", ""thought"": ""先执行用户指定的检测器以取得当前结构化状态。""}, {""_planner_metrics"": {""api_call_ms"": 9003.197, ""first_api_call_ms"": 9003.197, ""first_finish_reason"": ""stop"", ""first_input_tokens"": 4346, ""first_output_tokens"": 73, ""first_total_tokens"": 4419, ""input_tokens"": 4346, ""output_tokens"": 73, ""parse_ms"": 0.126, ""planner_total_ms"": 9017.105, ""prompt_build_ms"": 0.437, ""retry_count"": 0, ""retry_reason"": """", ""total_tokens"": 4419}, ""action"": ""migration_advisor"", ""action_input"": {""finish_after_tool"": true, ""use_image"": true, ""use_visual_probe"": true, ""user_query"": ""火星车悬架试验间异常路径终验7873号""}, ""clarification_question"": """", ""decision_type"": ""tool"", ""end_reason"": """", ""final_answer"": """", ""thought"": ""最新状态未满足结束或重试条件，需要进入能力迁移评估。""}, {""_planner_metrics"": {""api_call_ms"": 4891.303, ""first_api_call_ms"": 4891.303, ""first_finish_reason"": ""stop"", ""first_input_tokens"": 4679, ""first_output_tokens"": 32, ""first_total_tokens"": 4711, ""input_tokens"": 4679, ""output_tokens"": 32, ""parse_ms"": 0.131, ""planner_total_ms"": 4906.423, ""prompt_build_ms"": 0.49, ""retry_count"": 0, ""retry_reason"": """", ""total_tokens"": 4711}, ""action"": ""final_answer"", ""action_input"": {}, ""clarification_question"": """", ""decision_type"": ""end"", ""end_reason"": ""memory_hit"", ""final_answer"": """", ""thought"": ""最新状态已满足结束条件，可以终止本轮规划。""}]","step2:action expected 'rexomni_detection', got 'migration_advisor' | step2:finish_after_tool expected False, got True | step2:arg 'label' expected to contain ['冰青三辐锁紧轮'], got None | step3:decision_type expected 'tool', got 'end' | step3:action expected 'migration_advisor', got 'end' | step3:finish_after_tool expected True, got None | step3:arg 'use_image' expected True, got None | step3:arg 'use_visual_probe' expected True, got None | step3:arg 'user_query' expected to contain ['火星车悬架试验间异常路径终验7873号'], got None",6681.15,6667.789,4030,52,0,1,False,True
PROMV12-TA-007-QWEN-PE3,post_retry_error_step3,旧故障结论不得覆盖最后一条结构化回执：先使用Qwen检测附件中的焦糖十字分流块，检测结果仅作为中间状态。最终需要判断类器官灌流培养台稳定状态会签3047号应继续现有能力、结束，还是进入迁移评估。自然语言里的故障等级和预算描述没有路由优先级，只读取本 query 最新 observation 的结构化键值。错误状态仅在 retryable=true 与 retry_count=0 同时成立时复用原检测器一次，否则调用迁移顾问。正常状态需要候选数、置信度、跨提示一致性和域偏移四个门槛全部通过才结束，任一否决项都转迁移。缺省、非法、冲突状态采取保守分支；已经重试一次的结果不能再次触发检测器。检测器必须设置 finish_after_tool=false；迁移顾问使用当前图片和视觉探针并设置 finish_after_tool=true。,True,examples/images/planner_retry_optimizer_matched_v12/caramel_cross_diverter.png,"[{""action"": ""qwen_detection"", ""arg_contains"": {""label"": [""焦糖十字分流块""]}, ""decision_type"": ""tool"", ""required_args"": {""finish_after_tool"": false}}, {""action"": ""qwen_detection"", ""arg_contains"": {""label"": [""焦糖十字分流块""]}, ""decision_type"": ""tool"", ""required_args"": {""finish_after_tool"": false}}, {""action"": ""migration_advisor"", ""arg_contains"": {""user_query"": [""类器官灌流培养台稳定状态会签3047号""]}, ""decision_type"": ""tool"", ""required_args"": {""finish_after_tool"": true, ""use_image"": true, ""use_visual_probe"": true}}]","[""rag_answer"", ""re_question"", ""answerer"", ""flux-image-generation"", ""rexomni_detection"", ""pipeline_eval""]","{""action_match"": 0.65, ""argument_match"": 0.1, ""decision_type_valid"": 0.03, ""final_tool_finish"": 0.1, ""finish_after_tool"": 0.1, ""json_valid"": 0.02, ""no_forbidden_action"": 0.1, ""no_premature_stop"": 0.1, ""no_repeated_tool"": 0.1, ""no_skip_required_probe"": 0.1, ""strict_action_match"": true, ""strict_argument_types"": true, ""wrong_action_cap"": 0.2}",False,0.4375,"[""qwen_detection"", ""migration_advisor"", ""qwen_detection""]",qwen_detection,"[{""_planner_metrics"": {""api_call_ms"": 6299.51, ""first_api_call_ms"": 6299.51, ""first_finish_reason"": ""stop"", ""first_input_tokens"": 4019, ""first_output_tokens"": 48, ""first_total_tokens"": 4067, ""input_tokens"": 4019, ""output_tokens"": 48, ""parse_ms"": 0.176, ""planner_total_ms"": 6313.25, ""prompt_build_ms"": 0.457, ""retry_count"": 0, ""retry_reason"": """", ""total_tokens"": 4067}, ""action"": ""qwen_detection"", ""action_input"": {""finish_after_tool"": false, ""label"": ""焦糖十字分流块""}, ""clarification_question"": """", ""decision_type"": ""tool"", ""end_reason"": """", ""final_answer"": """", ""thought"": ""先执行用户指定的检测器以取得当前结构化状态。""}, {""_planner_metrics"": {""api_call_ms"": 9197.103, ""first_api_call_ms"": 9197.103, ""first_finish_reason"": ""stop"", ""first_input_tokens"": 4327, ""first_output_tokens"": 74, ""first_total_tokens"": 4401, ""input_tokens"": 4327, ""output_tokens"": 74, ""parse_ms"": 0.141, ""planner_total_ms"": 9212.252, ""prompt_build_ms"": 0.544, ""retry_count"": 0, ""retry_reason"": """", ""total_tokens"": 4401}, ""action"": ""migration_advisor"", ""action_input"": {""finish_after_tool"": true, ""use_image"": true, ""use_visual_probe"": true, ""user_query"": ""类器官灌流培养台稳定状态会签3047号""}, ""clarification_question"": """", ""decision_type"": ""tool"", ""end_reason"": """", ""final_answer"": """", ""thought"": ""最新状态未满足结束或迁移条件，需要继续按规则推进。""}, {""_planner_metrics"": {""api_call_ms"": 6990.733, ""first_api_call_ms"": 6990.733, ""first_finish_reason"": ""stop"", ""first_input_tokens"": 4663, ""first_output_tokens"": 52, ""first_total_tokens"": 4715, ""input_tokens"": 4663, ""output_tokens"": 52, ""parse_ms"": 0.112, ""planner_total_ms"": 7008.643, ""prompt_build_ms"": 0.472, ""retry_count"": 0, ""retry_reason"": """", ""total_tokens"": 4715}, ""action"": ""qwen_detection"", ""action_input"": {""finish_after_tool"": false, ""label"": ""焦糖十字分流块""}, ""clarification_question"": """", ""decision_type"": ""tool"", ""end_reason"": """", ""final_answer"": """", ""thought"": ""最新状态仍未满足结束或迁移条件，需要继续按规则推进。""}]","step2:action expected 'qwen_detection', got 'migration_advisor' | step2:finish_after_tool expected False, got True | step2:arg 'label' expected to contain ['焦糖十字分流块'], got None | step3:action expected 'migration_advisor', got 'qwen_detection' | step3:finish_after_tool expected True, got False | step3:arg 'use_image' expected True, got None | step3:arg 'use_visual_probe' expected True, got None | step3:arg 'user_query' expected to contain ['类器官灌流培养台稳定状态会签3047号'], got None",6313.25,6299.51,4019,48,0,1,False,True
PROMV12-TA-004-QWEN-MS2,missing_required_state_step2,迁移队列已经建立，请先裁决最新机器状态：先使用Qwen检测附件中的冰青三辐锁紧轮，检测结果仅作为中间状态。最终需要判断类器官灌流培养台异常路径终验2905号应继续现有能力、结束，还是进入迁移评估。自然语言里的故障等级和预算描述没有路由优先级，只读取本 query 最新 observation 的结构化键值。错误状态仅在 retryable=true 与 retry_count=0 同时成立时复用原检测器一次，否则调用迁移顾问。正常状态需要候选数、置信度、跨提示一致性和域偏移四个门槛全部通过才结束，任一否决项都转迁移。缺省、非法、冲突状态采取保守分支；已经重试一次的结果不能再次触发检测器。检测器必须设置 finish_after_tool=false；迁移顾问使用当前图片和视觉探针并设置 finish_after_tool=true。,True,examples/images/planner_retry_optimizer_matched_v12/icecyan_three_spoke_lockwheel.png,"[{""action"": ""qwen_detection"", ""arg_contains"": {""label"": [""冰青三辐锁紧轮""]}, ""decision_type"": ""tool"", ""required_args"": {""finish_after_tool"": false}}, {""action"": ""migration_advisor"", ""arg_contains"": {""user_query"": [""类器官灌流培养台异常路径终验2905号""]}, ""decision_type"": ""tool"", ""required_args"": {""finish_after_tool"": true, ""use_image"": true, ""use_visual_probe"": true}}]","[""rag_answer"", ""re_question"", ""answerer"", ""flux-image-generation"", ""rexomni_detection"", ""pipeline_eval""]","{""action_match"": 0.65, ""argument_match"": 0.1, ""decision_type_valid"": 0.03, ""final_tool_finish"": 0.1, ""finish_after_tool"": 0.1, ""json_valid"": 0.02, ""no_forbidden_action"": 0.1, ""no_premature_stop"": 0.1, ""no_repeated_tool"": 0.1, ""no_skip_required_probe"": 0.1, ""strict_action_match"": true, ""strict_argument_types"": true, ""wrong_action_cap"": 0.2}",True,1.0,"[""qwen_detection"", ""migration_advisor""]",qwen_detection,"[{""_planner_metrics"": {""api_call_ms"": 6567.921, ""first_api_call_ms"": 6567.921, ""first_finish_reason"": ""stop"", ""first_input_tokens"": 4028, ""first_output_tokens"": 51, ""first_total_tokens"": 4079, ""input_tokens"": 4028, ""output_tokens"": 51, ""parse_ms"": 0.117, ""planner_total_ms"": 6583.052, ""prompt_build_ms"": 0.439, ""retry_count"": 0, ""retry_reason"": """", ""total_tokens"": 4079}, ""action"": ""qwen_detection"", ""action_input"": {""finish_after_tool"": false, ""label"": ""冰青三辐锁紧轮""}, ""clarification_question"": """", ""decision_type"": ""tool"", ""end_reason"": """", ""final_answer"": """", ""thought"": ""先执行用户指定的检测器以取得当前结构化状态。""}, {""_planner_metrics"": {""api_call_ms"": 9102.155, ""first_api_call_ms"": 9102.155, ""first_finish_reason"": ""stop"", ""first_input_tokens"": 4336, ""first_output_tokens"": 74, ""first_total_tokens"": 4410, ""input_tokens"": 4336, ""output_tokens"": 74, ""parse_ms"": 0.129, ""planner_total_ms"": 9117.07, ""prompt_build_ms"": 0.463, ""retry_count"": 0, ""retry_reason"": """", ""total_tokens"": 4410}, ""action"": ""migration_advisor"", ""action_input"": {""finish_after_tool"": true, ""use_image"": true, ""use_visual_probe"": true, ""user_query"": ""类器官灌流培养台异常路径终验2905号""}, ""clarification_question"": """", ""decision_type"": ""tool"", ""end_reason"": """", ""final_answer"": """", ""thought"": ""最新状态未满足结束或重试条件，需要进入能力迁移评估。""}]",,6583.052,6567.921,4028,51,1,1,True,False
PROMV12-TA-007-QWEN-PS3,post_retry_success_step3,旧故障结论不得覆盖最后一条结构化回执：先使用Qwen检测附件中的焦糖十字分流块，检测结果仅作为中间状态。最终需要判断类器官灌流培养台稳定状态会签3047号应继续现有能力、结束，还是进入迁移评估。自然语言里的故障等级和预算描述没有路由优先级，只读取本 query 最新 observation 的结构化键值。错误状态仅在 retryable=true 与 retry_count=0 同时成立时复用原检测器一次，否则调用迁移顾问。正常状态需要候选数、置信度、跨提示一致性和域偏移四个门槛全部通过才结束，任一否决项都转迁移。缺省、非法、冲突状态采取保守分支；已经重试一次的结果不能再次触发检测器。检测器必须设置 finish_after_tool=false；迁移顾问使用当前图片和视觉探针并设置 finish_after_tool=true。,True,examples/images/planner_retry_optimizer_matched_v12/caramel_cross_diverter.png,"[{""action"": ""qwen_detection"", ""arg_contains"": {""label"": [""焦糖十字分流块""]}, ""decision_type"": ""tool"", ""required_args"": {""finish_after_tool"": false}}, {""action"": ""qwen_detection"", ""arg_contains"": {""label"": [""焦糖十字分流块""]}, ""decision_type"": ""tool"", ""required_args"": {""finish_after_tool"": false}}, {""arg_contains"": {}, ""decision_type"": ""end"", ""required_args"": {""end_reason"": ""memory_hit""}}]","[""rag_answer"", ""re_question"", ""answerer"", ""flux-image-generation"", ""rexomni_detection"", ""pipeline_eval"", ""migration_advisor""]","{""action_match"": 0.65, ""argument_match"": 0.1, ""decision_type_valid"": 0.03, ""final_tool_finish"": 0.1, ""finish_after_tool"": 0.1, ""json_valid"": 0.02, ""no_forbidden_action"": 0.1, ""no_premature_stop"": 0.1, ""no_repeated_tool"": 0.1, ""no_skip_required_probe"": 0.1, ""strict_action_match"": true, ""strict_argument_types"": true, ""wrong_action_cap"": 0.2}",False,0.428125,"[""qwen_detection"", ""migration_advisor"", ""qwen_detection""]",qwen_detection,"[{""_planner_metrics"": {""api_call_ms"": 6285.705, ""first_api_call_ms"": 6285.705, ""first_finish_reason"": ""stop"", ""first_input_tokens"": 4019, ""first_output_tokens"": 48, ""first_total_tokens"": 4067, ""input_tokens"": 4019, ""output_tokens"": 48, ""parse_ms"": 0.121, ""planner_total_ms"": 6299.826, ""prompt_build_ms"": 0.428, ""retry_count"": 0, ""retry_reason"": """", ""total_tokens"": 4067}, ""action"": ""qwen_detection"", ""action_input"": {""finish_after_tool"": false, ""label"": ""焦糖十字分流块""}, ""clarification_question"": """", ""decision_type"": ""tool"", ""end_reason"": """", ""final_answer"": """", ""thought"": ""先执行用户指定的检测器以取得当前结构化状态。""}, {""_planner_metrics"": {""api_call_ms"": 9075.758, ""first_api_call_ms"": 9075.758, ""first_finish_reason"": ""stop"", ""first_input_tokens"": 4327, ""first_output_tokens"": 74, ""first_total_tokens"": 4401, ""input_tokens"": 4327, ""output_tokens"": 74, ""parse_ms"": 0.121, ""planner_total_ms"": 9089.563, ""prompt_build_ms"": 0.44, ""retry_count"": 0, ""retry_reason"": """", ""total_tokens"": 4401}, ""action"": ""migration_advisor"", ""action_input"": {""finish_after_tool"": true, ""use_image"": true, ""use_visual_probe"": true, ""user_query"": ""类器官灌流培养台稳定状态会签3047号""}, ""clarification_question"": """", ""decision_type"": ""tool"", ""end_reason"": """", ""final_answer"": """", ""thought"": ""最新状态未满足结束或迁移条件，需要继续按规则推进。""}, {""_planner_metrics"": {""api_call_ms"": 6849.197, ""first_api_call_ms"": 6849.197, ""first_finish_reason"": ""stop"", ""first_input_tokens"": 4660, ""first_output_tokens"": 51, ""first_total_tokens"": 4711, ""input_tokens"": 4660, ""output_tokens"": 51, ""parse_ms"": 0.119, ""planner_total_ms"": 6864.5, ""prompt_build_ms"": 0.551, ""retry_count"": 0, ""retry_reason"": """", ""total_tokens"": 4711}, ""action"": ""qwen_detection"", ""action_input"": {""finish_after_tool"": false, ""label"": ""焦糖十字分流块""}, ""clarification_question"": """", ""decision_type"": ""tool"", ""end_reason"": """", ""final_answer"": """", ""thought"": ""最新状态未满足结束或迁移条件，需要继续按规则推进。""}]","step2:action expected 'qwen_detection', got 'migration_advisor' | step2:finish_after_tool expected False, got True | step2:arg 'label' expected to contain ['焦糖十字分流块'], got None | step3:decision_type expected 'end', got 'tool' | step3:action expected 'end', got 'qwen_detection' | step3:arg 'end_reason' expected 'memory_hit', got '' | forbidden:migration_advisor",6299.826,6285.705,4019,48,0,1,False,True
PROMV12-TA-001-QWEN-BE2,budget_exhausted_step2,旧故障结论不得覆盖最后一条结构化回执：先使用Qwen检测附件中的冰青三辐锁紧轮，检测结果仅作为中间状态。最终需要判断火星车悬架试验间异常路径终验7873号应继续现有能力、结束，还是进入迁移评估。自然语言里的故障等级和预算描述没有路由优先级，只读取本 query 最新 observation 的结构化键值。错误状态仅在 retryable=true 与 retry_count=0 同时成立时复用原检测器一次，否则调用迁移顾问。正常状态需要候选数、置信度、跨提示一致性和域偏移四个门槛全部通过才结束，任一否决项都转迁移。缺省、非法、冲突状态采取保守分支；已经重试一次的结果不能再次触发检测器。检测器必须设置 finish_after_tool=false；迁移顾问使用当前图片和视觉探针并设置 finish_after_tool=true。,True,examples/images/planner_retry_optimizer_matched_v12/icecyan_three_spoke_lockwheel.png,"[{""action"": ""qwen_detection"", ""arg_contains"": {""label"": [""冰青三辐锁紧轮""]}, ""decision_type"": ""tool"", ""required_args"": {""finish_after_tool"": false}}, {""action"": ""migration_advisor"", ""arg_contains"": {""user_query"": [""火星车悬架试验间异常路径终验7873号""]}, ""decision_type"": ""tool"", ""required_args"": {""finish_after_tool"": true, ""use_image"": true, ""use_visual_probe"": true}}]","[""rag_answer"", ""re_question"", ""answerer"", ""flux-image-generation"", ""rexomni_detection"", ""pipeline_eval""]","{""action_match"": 0.65, ""argument_match"": 0.1, ""decision_type_valid"": 0.03, ""final_tool_finish"": 0.1, ""finish_after_tool"": 0.1, ""json_valid"": 0.02, ""no_forbidden_action"": 0.1, ""no_premature_stop"": 0.1, ""no_repeated_tool"": 0.1, ""no_skip_required_probe"": 0.1, ""strict_action_match"": true, ""strict_argument_types"": true, ""wrong_action_cap"": 0.2}",True,1.0,"[""qwen_detection"", ""migration_advisor""]",qwen_detection,"[{""_planner_metrics"": {""api_call_ms"": 6585.169, ""first_api_call_ms"": 6585.169, ""first_finish_reason"": ""stop"", ""first_input_tokens"": 4024, ""first_output_tokens"": 51, ""first_total_tokens"": 4075, ""input_tokens"": 4024, ""output_tokens"": 51, ""parse_ms"": 0.115, ""planner_total_ms"": 6599.047, ""prompt_build_ms"": 0.458, ""retry_count"": 0, ""retry_reason"": """", ""total_tokens"": 4075}, ""action"": ""qwen_detection"", ""action_input"": {""finish_after_tool"": false, ""label"": ""冰青三辐锁紧轮""}, ""clarification_question"": """", ""decision_type"": ""tool"", ""end_reason"": """", ""final_answer"": """", ""thought"": ""先执行用户指定的检测器以取得当前结构化状态。""}, {""_planner_metrics"": {""api_call_ms"": 9225.768, ""first_api_call_ms"": 9225.768, ""first_finish_reason"": ""stop"", ""first_input_tokens"": 4335, ""first_output_tokens"": 73, ""first_total_tokens"": 4408, ""input_tokens"": 4335, ""output_tokens"": 73, ""parse_ms"": 0.201, ""planner_total_ms"": 9241.189, ""prompt_build_ms"": 0.468, ""retry_count"": 0, ""retry_reason"": """", ""total_tokens"": 4408}, ""action"": ""migration_advisor"", ""action_input"": {""finish_after_tool"": true, ""use_image"": true, ""use_visual_probe"": true, ""user_query"": ""火星车悬架试验间异常路径终验7873号""}, ""clarification_question"": """", ""decision_type"": ""tool"", ""end_reason"": """", ""final_answer"": """", ""thought"": ""最新状态未满足结束或迁移条件，需要继续按规则推进。""}]",,6599.047,6585.169,4024,51,1,1,True,False
PROMV12-TA-008-QWEN-PE3,post_retry_error_step3,完成本轮异常探针的最终路由：先使用Qwen检测附件中的焦糖十字分流块，检测结果仅作为中间状态。最终需要判断非晶合金铸造炉异常路径终验9752号应继续现有能力、结束，还是进入迁移评估。自然语言里的故障等级和预算描述没有路由优先级，只读取本 query 最新 observation 的结构化键值。错误状态仅在 retryable=true 与 retry_count=0 同时成立时复用原检测器一次，否则调用迁移顾问。正常状态需要候选数、置信度、跨提示一致性和域偏移四个门槛全部通过才结束，任一否决项都转迁移。缺省、非法、冲突状态采取保守分支；已经重试一次的结果不能再次触发检测器。检测器必须设置 finish_after_tool=false；迁移顾问使用当前图片和视觉探针并设置 finish_after_tool=true。,True,examples/images/planner_retry_optimizer_matched_v12/caramel_cross_diverter.png,"[{""action"": ""qwen_detection"", ""arg_contains"": {""label"": [""焦糖十字分流块""]}, ""decision_type"": ""tool"", ""required_args"": {""finish_after_tool"": false}}, {""action"": ""qwen_detection"", ""arg_contains"": {""label"": [""焦糖十字分流块""]}, ""decision_type"": ""tool"", ""required_args"": {""finish_after_tool"": false}}, {""action"": ""migration_advisor"", ""arg_contains"": {""user_query"": [""非晶合金铸造炉异常路径终验9752号""]}, ""decision_type"": ""tool"", ""required_args"": {""finish_after_tool"": true, ""use_image"": true, ""use_visual_probe"": true}}]","[""rag_answer"", ""re_question"", ""answerer"", ""flux-image-generation"", ""rexomni_detection"", ""pipeline_eval""]","{""action_match"": 0.65, ""argument_match"": 0.1, ""decision_type_valid"": 0.03, ""final_tool_finish"": 0.1, ""finish_after_tool"": 0.1, ""json_valid"": 0.02, ""no_forbidden_action"": 0.1, ""no_premature_stop"": 0.1, ""no_repeated_tool"": 0.1, ""no_skip_required_probe"": 0.1, ""strict_action_match"": true, ""strict_argument_types"": true, ""wrong_action_cap"": 0.2}",False,0.734375,"[""qwen_detection"", ""qwen_detection"", ""qwen_detection""]",qwen_detection,"[{""_planner_metrics"": {""api_call_ms"": 6400.169, ""first_api_call_ms"": 6400.169, ""first_finish_reason"": ""stop"", ""first_input_tokens"": 4011, ""first_output_tokens"": 48, ""first_total_tokens"": 4059, ""input_tokens"": 4011, ""output_tokens"": 48, ""parse_ms"": 0.154, ""planner_total_ms"": 6414.721, ""prompt_build_ms"": 0.471, ""retry_count"": 0, ""retry_reason"": """", ""total_tokens"": 4059}, ""action"": ""qwen_detection"", ""action_input"": {""finish_after_tool"": false, ""label"": ""焦糖十字分流块""}, ""clarification_question"": """", ""decision_type"": ""tool"", ""end_reason"": """", ""final_answer"": """", ""thought"": ""先执行用户指定的检测器以取得当前结构化状态。""}, {""_planner_metrics"": {""api_call_ms"": 6678.746, ""first_api_call_ms"": 6678.746, ""first_finish_reason"": ""stop"", ""first_input_tokens"": 4319, ""first_output_tokens"": 50, ""first_total_tokens"": 4369, ""input_tokens"": 4319, ""output_tokens"": 50, ""parse_ms"": 0.112, ""planner_total_ms"": 6695.271, ""prompt_build_ms"": 0.533, ""retry_count"": 0, ""retry_reason"": """", ""total_tokens"": 4369}, ""action"": ""qwen_detection"", ""action_input"": {""finish_after_tool"": false, ""label"": ""焦糖十字分流块""}, ""clarification_question"": """", ""decision_type"": ""tool"", ""end_reason"": """", ""final_answer"": """", ""thought"": ""最新状态满足错误状态重试条件，需要复用原检测器。""}, {""_planner_metrics"": {""api_call_ms"": 6764.85, ""first_api_call_ms"": 6764.85, ""first_finish_reason"": ""stop"", ""first_input_tokens"": 4626, ""first_output_tokens"": 50, ""first_total_tokens"": 4676, ""input_tokens"": 4626, ""output_tokens"": 50, ""parse_ms"": 0.129, ""planner_total_ms"": 6780.259, ""prompt_build_ms"": 0.504, ""retry_count"": 0, ""retry_reason"": """", ""total_tokens"": 4676}, ""action"": ""qwen_detection"", ""action_input"": {""finish_after_tool"": false, ""label"": ""焦糖十字分流块""}, ""clarification_question"": """", ""decision_type"": ""tool"", ""end_reason"": """", ""final_answer"": """", ""thought"": ""最新状态满足错误状态重试条件，需要复用原检测器。""}]","step3:action expected 'migration_advisor', got 'qwen_detection' | step3:finish_after_tool expected True, got False | step3:arg 'use_image' expected True, got None | step3:arg 'use_visual_probe' expected True, got None | step3:arg 'user_query' expected to contain ['非晶合金铸造炉异常路径终验9752号'], got None",6414.721,6400.169,4011,48,0,1,False,True
PROMV12-TA-009-REX-NR2,nonretryable_step2,设备失联只是背景，仍须核对当前显式额度：先使用Rex-Omni检测附件中的焦糖十字分流块，检测结果仅作为中间状态。最终需要判断火星车悬架试验间稳定状态会签3100号应继续现有能力、结束，还是进入迁移评估。自然语言里的故障等级和预算描述没有路由优先级，只读取本 query 最新 observation 的结构化键值。错误状态仅在 retryable=true 与 retry_count=0 同时成立时复用原检测器一次，否则调用迁移顾问。正常状态需要候选数、置信度、跨提示一致性和域偏移四个门槛全部通过才结束，任一否决项都转迁移。缺省、非法、冲突状态采取保守分支；已经重试一次的结果不能再次触发检测器。检测器必须设置 finish_after_tool=false；迁移顾问使用当前图片和视觉探针并设置 finish_after_tool=true。,True,examples/images/planner_retry_optimizer_matched_v12/caramel_cross_diverter.png,"[{""action"": ""rexomni_detection"", ""arg_contains"": {""label"": [""焦糖十字分流块""]}, ""decision_type"": ""tool"", ""required_args"": {""finish_after_tool"": false}}, {""action"": ""migration_advisor"", ""arg_contains"": {""user_query"": [""火星车悬架试验间稳定状态会签3100号""]}, ""decision_type"": ""tool"", ""required_args"": {""finish_after_tool"": true, ""use_image"": true, ""use_visual_probe"": true}}]","[""rag_answer"", ""re_question"", ""answerer"", ""flux-image-generation"", ""qwen_detection"", ""pipeline_eval""]","{""action_match"": 0.65, ""argument_match"": 0.1, ""decision_type_valid"": 0.03, ""final_tool_finish"": 0.1, ""finish_after_tool"": 0.1, ""json_valid"": 0.02, ""no_forbidden_action"": 0.1, ""no_premature_stop"": 0.1, ""no_repeated_tool"": 0.1, ""no_skip_required_probe"": 0.1, ""strict_action_match"": true, ""strict_argument_types"": true, ""wrong_action_cap"": 0.2}",True,1.0,"[""rexomni_detection"", ""migration_advisor""]",rexomni_detection,"[{""_planner_metrics"": {""api_call_ms"": 6398.996, ""first_api_call_ms"": 6398.996, ""first_finish_reason"": ""stop"", ""first_input_tokens"": 4029, ""first_output_tokens"": 49, ""first_total_tokens"": 4078, ""input_tokens"": 4029, ""output_tokens"": 49, ""parse_ms"": 0.113, ""planner_total_ms"": 6412.876, ""prompt_build_ms"": 0.43, ""retry_count"": 0, ""retry_reason"": """", ""total_tokens"": 4078}, ""action"": ""rexomni_detection"", ""action_input"": {""finish_after_tool"": false, ""label"": ""焦糖十字分流块""}, ""clarification_question"": """", ""decision_type"": ""tool"", ""end_reason"": """", ""final_answer"": """", ""thought"": ""先执行用户指定的检测器以取得当前结构化状态。""}, {""_planner_metrics"": {""api_call_ms"": 9004.544, ""first_api_call_ms"": 9004.544, ""first_finish_reason"": ""stop"", ""first_input_tokens"": 4341, ""first_output_tokens"": 73, ""first_total_tokens"": 4414, ""input_tokens"": 4341, ""output_tokens"": 73, ""parse_ms"": 0.118, ""planner_total_ms"": 9020.581, ""prompt_build_ms"": 0.483, ""retry_count"": 0, ""retry_reason"": """", ""total_tokens"": 4414}, ""action"": ""migration_advisor"", ""action_input"": {""finish_after_tool"": true, ""use_image"": true, ""use_visual_probe"": true, ""user_query"": ""火星车悬架试验间稳定状态会签3100号""}, ""clarification_question"": """", ""decision_type"": ""tool"", ""end_reason"": """", ""final_answer"": """", ""thought"": ""最新状态未满足结束或重试条件，需要进入能力迁移评估。""}]",,6412.876,6398.996,4029,49,1,1,True,False
PROMV12-TA-007-REX-BE2,budget_exhausted_step2,旧故障结论不得覆盖最后一条结构化回执：先使用Rex-Omni检测附件中的焦糖十字分流块，检测结果仅作为中间状态。最终需要判断类器官灌流培养台稳定状态会签3047号应继续现有能力、结束，还是进入迁移评估。自然语言里的故障等级和预算描述没有路由优先级，只读取本 query 最新 observation 的结构化键值。错误状态仅在 retryable=true 与 retry_count=0 同时成立时复用原检测器一次，否则调用迁移顾问。正常状态需要候选数、置信度、跨提示一致性和域偏移四个门槛全部通过才结束，任一否决项都转迁移。缺省、非法、冲突状态采取保守分支；已经重试一次的结果不能再次触发检测器。检测器必须设置 finish_after_tool=false；迁移顾问使用当前图片和视觉探针并设置 finish_after_tool=true。,True,examples/images/planner_retry_optimizer_matched_v12/caramel_cross_diverter.png,"[{""action"": ""rexomni_detection"", ""arg_contains"": {""label"": [""焦糖十字分流块""]}, ""decision_type"": ""tool"", ""required_args"": {""finish_after_tool"": false}}, {""action"": ""migration_advisor"", ""arg_contains"": {""user_query"": [""类器官灌流培养台稳定状态会签3047号""]}, ""decision_type"": ""tool"", ""required_args"": {""finish_after_tool"": true, ""use_image"": true, ""use_visual_probe"": true}}]","[""rag_answer"", ""re_question"", ""answerer"", ""flux-image-generation"", ""qwen_detection"", ""pipeline_eval""]","{""action_match"": 0.65, ""argument_match"": 0.1, ""decision_type_valid"": 0.03, ""final_tool_finish"": 0.1, ""finish_after_tool"": 0.1, ""json_valid"": 0.02, ""no_forbidden_action"": 0.1, ""no_premature_stop"": 0.1, ""no_repeated_tool"": 0.1, ""no_skip_required_probe"": 0.1, ""strict_action_match"": true, ""strict_argument_types"": true, ""wrong_action_cap"": 0.2}",True,1.0,"[""rexomni_detection"", ""migration_advisor""]",rexomni_detection,"[{""_planner_metrics"": {""api_call_ms"": 6382.808, ""first_api_call_ms"": 6382.808, ""first_finish_reason"": ""stop"", ""first_input_tokens"": 4025, ""first_output_tokens"": 49, ""first_total_tokens"": 4074, ""input_tokens"": 4025, ""output_tokens"": 49, ""parse_ms"": 0.118, ""planner_total_ms"": 6396.061, ""prompt_build_ms"": 0.458, ""retry_count"": 0, ""retry_reason"": """", ""total_tokens"": 4074}, ""action"": ""rexomni_detection"", ""action_input"": {""finish_after_tool"": false, ""label"": ""焦糖十字分流块""}, ""clarification_question"": """", ""decision_type"": ""tool"", ""end_reason"": """", ""final_answer"": """", ""thought"": ""先执行用户指定的检测器以取得当前结构化状态。""}, {""_planner_metrics"": {""api_call_ms"": 9102.123, ""first_api_call_ms"": 9102.123, ""first_finish_reason"": ""stop"", ""first_input_tokens"": 4331, ""first_output_tokens"": 74, ""first_total_tokens"": 4405, ""input_tokens"": 4331, ""output_tokens"": 74, ""parse_ms"": 0.12, ""planner_total_ms"": 9116.713, ""prompt_build_ms"": 0.515, ""retry_count"": 0, ""retry_reason"": """", ""total_tokens"": 4405}, ""action"": ""migration_advisor"", ""action_input"": {""finish_after_tool"": true, ""use_image"": true, ""use_visual_probe"": true, ""user_query"": ""类器官灌流培养台稳定状态会签3047号""}, ""clarification_question"": """", ""decision_type"": ""tool"", ""end_reason"": """", ""final_answer"": """", ""thought"": ""最新状态未满足结束或迁移条件，需要继续按规则推进。""}]",,6396.061,6382.808,4025,49,1,1,True,False
PROMV12-TA-004-REX-PV3,post_retry_metric_veto_step3,迁移队列已经建立，请先裁决最新机器状态：先使用Rex-Omni检测附件中的冰青三辐锁紧轮，检测结果仅作为中间状态。最终需要判断类器官灌流培养台异常路径终验2905号应继续现有能力、结束，还是进入迁移评估。自然语言里的故障等级和预算描述没有路由优先级，只读取本 query 最新 observation 的结构化键值。错误状态仅在 retryable=true 与 retry_count=0 同时成立时复用原检测器一次，否则调用迁移顾问。正常状态需要候选数、置信度、跨提示一致性和域偏移四个门槛全部通过才结束，任一否决项都转迁移。缺省、非法、冲突状态采取保守分支；已经重试一次的结果不能再次触发检测器。检测器必须设置 finish_after_tool=false；迁移顾问使用当前图片和视觉探针并设置 finish_after_tool=true。,True,examples/images/planner_retry_optimizer_matched_v12/icecyan_three_spoke_lockwheel.png,"[{""action"": ""rexomni_detection"", ""arg_contains"": {""label"": [""冰青三辐锁紧轮""]}, ""decision_type"": ""tool"", ""required_args"": {""finish_after_tool"": false}}, {""action"": ""rexomni_detection"", ""arg_contains"": {""label"": [""冰青三辐锁紧轮""]}, ""decision_type"": ""tool"", ""required_args"": {""finish_after_tool"": false}}, {""action"": ""migration_advisor"", ""arg_contains"": {""user_query"": [""类器官灌流培养台异常路径终验2905号""]}, ""decision_type"": ""tool"", ""required_args"": {""finish_after_tool"": true, ""use_image"": true, ""use_visual_probe"": true}}]","[""rag_answer"", ""re_question"", ""answerer"", ""flux-image-generation"", ""qwen_detection"", ""pipeline_eval""]","{""action_match"": 0.65, ""argument_match"": 0.1, ""decision_type_valid"": 0.03, ""final_tool_finish"": 0.1, ""finish_after_tool"": 0.1, ""json_valid"": 0.02, ""no_forbidden_action"": 0.1, ""no_premature_stop"": 0.1, ""no_repeated_tool"": 0.1, ""no_skip_required_probe"": 0.1, ""strict_action_match"": true, ""strict_argument_types"": true, ""wrong_action_cap"": 0.2}",True,1.0,"[""rexomni_detection"", ""rexomni_detection"", ""migration_advisor""]",rexomni_detection,"[{""_planner_metrics"": {""api_call_ms"": 6708.228, ""first_api_call_ms"": 6708.228, ""first_finish_reason"": ""stop"", ""first_input_tokens"": 4034, ""first_output_tokens"": 52, ""first_total_tokens"": 4086, ""input_tokens"": 4034, ""output_tokens"": 52, ""parse_ms"": 0.148, ""planner_total_ms"": 6721.793, ""prompt_build_ms"": 0.442, ""retry_count"": 0, ""retry_reason"": """", ""total_tokens"": 4086}, ""action"": ""rexomni_detection"", ""action_input"": {""finish_after_tool"": false, ""label"": ""冰青三辐锁紧轮""}, ""clarification_question"": """", ""decision_type"": ""tool"", ""end_reason"": """", ""final_answer"": """", ""thought"": ""先执行用户指定的检测器以取得当前结构化状态。""}, {""_planner_metrics"": {""api_call_ms"": 6973.133, ""first_api_call_ms"": 6973.133, ""first_finish_reason"": ""stop"", ""first_input_tokens"": 4351, ""first_output_tokens"": 53, ""first_total_tokens"": 4404, ""input_tokens"": 4351, ""output_tokens"": 53, ""parse_ms"": 0.118, ""planner_total_ms"": 6987.772, ""prompt_build_ms"": 0.5, ""retry_count"": 0, ""retry_reason"": """", ""total_tokens"": 4404}, ""action"": ""rexomni_detection"", ""action_input"": {""finish_after_tool"": false, ""label"": ""冰青三辐锁紧轮""}, ""clarification_question"": """", ""decision_type"": ""tool"", ""end_reason"": """", ""final_answer"": """", ""thought"": ""最新状态满足错误状态条件，需要复用同一检测器。""}, {""_planner_metrics"": {""api_call_ms"": 9359.898, ""first_api_call_ms"": 9359.898, ""first_finish_reason"": ""stop"", ""first_input_tokens"": 4658, ""first_output_tokens"": 73, ""first_total_tokens"": 4731, ""input_tokens"": 4658, ""output_tokens"": 73, ""parse_ms"": 0.201, ""planner_total_ms"": 9376.024, ""prompt_build_ms"": 0.533, ""retry_count"": 0, ""retry_reason"": """", ""total_tokens"": 4731}, ""action"": ""migration_advisor"", ""action_input"": {""finish_after_tool"": true, ""use_image"": true, ""use_visual_probe"": true, ""user_query"": ""类器官灌流培养台异常路径终验2905号""}, ""clarification_question"": """", ""decision_type"": ""tool"", ""end_reason"": """", ""final_answer"": """", ""thought"": ""最新状态未满足结束或迁移条件，需要进入保守分支。""}]",,6721.793,6708.228,4034,52,1,1,True,False
PROMV12-TA-011-QWEN-PV3,post_retry_metric_veto_step3,迁移队列已经建立，请先裁决最新机器状态：先使用Qwen检测附件中的焦糖十字分流块，检测结果仅作为中间状态。最终需要判断非晶合金铸造炉稳定状态会签6874号应继续现有能力、结束，还是进入迁移评估。自然语言里的故障等级和预算描述没有路由优先级，只读取本 query 最新 observation 的结构化键值。错误状态仅在 retryable=true 与 retry_count=0 同时成立时复用原检测器一次，否则调用迁移顾问。正常状态需要候选数、置信度、跨提示一致性和域偏移四个门槛全部通过才结束，任一否决项都转迁移。缺省、非法、冲突状态采取保守分支；已经重试一次的结果不能再次触发检测器。检测器必须设置 finish_after_tool=false；迁移顾问使用当前图片和视觉探针并设置 finish_after_tool=true。,True,examples/images/planner_retry_optimizer_matched_v12/caramel_cross_diverter.png,"[{""action"": ""qwen_detection"", ""arg_contains"": {""label"": [""焦糖十字分流块""]}, ""decision_type"": ""tool"", ""required_args"": {""finish_after_tool"": false}}, {""action"": ""qwen_detection"", ""arg_contains"": {""label"": [""焦糖十字分流块""]}, ""decision_type"": ""tool"", ""required_args"": {""finish_after_tool"": false}}, {""action"": ""migration_advisor"", ""arg_contains"": {""user_query"": [""非晶合金铸造炉稳定状态会签6874号""]}, ""decision_type"": ""tool"", ""required_args"": {""finish_after_tool"": true, ""use_image"": true, ""use_visual_probe"": true}}]","[""rag_answer"", ""re_question"", ""answerer"", ""flux-image-generation"", ""rexomni_detection"", ""pipeline_eval""]","{""action_match"": 0.65, ""argument_match"": 0.1, ""decision_type_valid"": 0.03, ""final_tool_finish"": 0.1, ""finish_after_tool"": 0.1, ""json_valid"": 0.02, ""no_forbidden_action"": 0.1, ""no_premature_stop"": 0.1, ""no_repeated_tool"": 0.1, ""no_skip_required_probe"": 0.1, ""strict_action_match"": true, ""strict_argument_types"": true, ""wrong_action_cap"": 0.2}",True,1.0,"[""qwen_detection"", ""qwen_detection"", ""migration_advisor""]",qwen_detection,"[{""_planner_metrics"": {""api_call_ms"": 6486.92, ""first_api_call_ms"": 6486.92, ""first_finish_reason"": ""stop"", ""first_input_tokens"": 4019, ""first_output_tokens"": 48, ""first_total_tokens"": 4067, ""input_tokens"": 4019, ""output_tokens"": 48, ""parse_ms"": 0.138, ""planner_total_ms"": 6502.213, ""prompt_build_ms"": 0.498, ""retry_count"": 0, ""retry_reason"": """", ""total_tokens"": 4067}, ""action"": ""qwen_detection"", ""action_input"": {""finish_after_tool"": false, ""label"": ""焦糖十字分流块""}, ""clarification_question"": """", ""decision_type"": ""tool"", ""end_reason"": """", ""final_answer"": """", ""thought"": ""先执行用户指定的检测器以取得当前结构化状态。""}, {""_planner_metrics"": {""api_call_ms"": 6908.962, ""first_api_call_ms"": 6908.962, ""first_finish_reason"": ""stop"", ""first_input_tokens"": 4324, ""first_output_tokens"": 51, ""first_total_tokens"": 4375, ""input_tokens"": 4324, ""output_tokens"": 51, ""parse_ms"": 0.117, ""planner_total_ms"": 6926.937, ""prompt_build_ms"": 0.49, ""retry_count"": 0, ""retry_reason"": """", ""total_tokens"": 4375}, ""action"": ""qwen_detection"", ""action_input"": {""finish_after_tool"": false, ""label"": ""焦糖十字分流块""}, ""clarification_question"": """", ""decision_type"": ""tool"", ""end_reason"": """", ""final_answer"": """", ""thought"": ""最新状态满足错误状态重试条件，需要再次调用同一检测器。""}, {""_planner_metrics"": {""api_call_ms"": 9178.436, ""first_api_call_ms"": 9178.436, ""first_finish_reason"": ""stop"", ""first_input_tokens"": 4623, ""first_output_tokens"": 73, ""first_total_tokens"": 4696, ""input_tokens"": 4623, ""output_tokens"": 73, ""parse_ms"": 0.119, ""planner_total_ms"": 9194.388, ""prompt_build_ms"": 0.527, ""retry_count"": 0, ""retry_reason"": """", ""total_tokens"": 4696}, ""action"": ""migration_advisor"", ""action_input"": {""finish_after_tool"": true, ""use_image"": true, ""use_visual_probe"": true, ""user_query"": ""非晶合金铸造炉稳定状态会签6874号""}, ""clarification_question"": """", ""decision_type"": ""tool"", ""end_reason"": """", ""final_answer"": """", ""thought"": ""最新状态未满足结束或迁移条件，需要继续按规则处理。""}]",,6502.213,6486.92,4019,48,1,1,True,False
PROMV12-TA-003-QWEN-PS3,post_retry_success_step3,旧故障结论不得覆盖最后一条结构化回执：先使用Qwen检测附件中的冰青三辐锁紧轮，检测结果仅作为中间状态。最终需要判断深水码头输油站重试边界复审2398号应继续现有能力、结束，还是进入迁移评估。自然语言里的故障等级和预算描述没有路由优先级，只读取本 query 最新 observation 的结构化键值。错误状态仅在 retryable=true 与 retry_count=0 同时成立时复用原检测器一次，否则调用迁移顾问。正常状态需要候选数、置信度、跨提示一致性和域偏移四个门槛全部通过才结束，任一否决项都转迁移。缺省、非法、冲突状态采取保守分支；已经重试一次的结果不能再次触发检测器。检测器必须设置 finish_after_tool=false；迁移顾问使用当前图片和视觉探针并设置 finish_after_tool=true。,True,examples/images/planner_retry_optimizer_matched_v12/icecyan_three_spoke_lockwheel.png,"[{""action"": ""qwen_detection"", ""arg_contains"": {""label"": [""冰青三辐锁紧轮""]}, ""decision_type"": ""tool"", ""required_args"": {""finish_after_tool"": false}}, {""action"": ""qwen_detection"", ""arg_contains"": {""label"": [""冰青三辐锁紧轮""]}, ""decision_type"": ""tool"", ""required_args"": {""finish_after_tool"": false}}, {""arg_contains"": {}, ""decision_type"": ""end"", ""required_args"": {""end_reason"": ""memory_hit""}}]","[""rag_answer"", ""re_question"", ""answerer"", ""flux-image-generation"", ""rexomni_detection"", ""pipeline_eval"", ""migration_advisor""]","{""action_match"": 0.65, ""argument_match"": 0.1, ""decision_type_valid"": 0.03, ""final_tool_finish"": 0.1, ""finish_after_tool"": 0.1, ""json_valid"": 0.02, ""no_forbidden_action"": 0.1, ""no_premature_stop"": 0.1, ""no_repeated_tool"": 0.1, ""no_skip_required_probe"": 0.1, ""strict_action_match"": true, ""strict_argument_types"": true, ""wrong_action_cap"": 0.2}",False,0.671875,"[""qwen_detection"", ""migration_advisor"", ""final_answer""]",qwen_detection,"[{""_planner_metrics"": {""api_call_ms"": 6604.678, ""first_api_call_ms"": 6604.678, ""first_finish_reason"": ""stop"", ""first_input_tokens"": 4022, ""first_output_tokens"": 51, ""first_total_tokens"": 4073, ""input_tokens"": 4022, ""output_tokens"": 51, ""parse_ms"": 0.149, ""planner_total_ms"": 6618.706, ""prompt_build_ms"": 0.444, ""retry_count"": 0, ""retry_reason"": """", ""total_tokens"": 4073}, ""action"": ""qwen_detection"", ""action_input"": {""finish_after_tool"": false, ""label"": ""冰青三辐锁紧轮""}, ""clarification_question"": """", ""decision_type"": ""tool"", ""end_reason"": """", ""final_answer"": """", ""thought"": ""先执行用户指定的检测器以取得当前结构化状态。""}, {""_planner_metrics"": {""api_call_ms"": 8910.19, ""first_api_call_ms"": 8910.19, ""first_finish_reason"": ""stop"", ""first_input_tokens"": 4326, ""first_output_tokens"": 72, ""first_total_tokens"": 4398, ""input_tokens"": 4326, ""output_tokens"": 72, ""parse_ms"": 0.121, ""planner_total_ms"": 8925.13, ""prompt_build_ms"": 0.497, ""retry_count"": 0, ""retry_reason"": """", ""total_tokens"": 4398}, ""action"": ""migration_advisor"", ""action_input"": {""finish_after_tool"": true, ""use_image"": true, ""use_visual_probe"": true, ""user_query"": ""深水码头输油站重试边界复审2398号""}, ""clarification_question"": """", ""decision_type"": ""tool"", ""end_reason"": """", ""final_answer"": """", ""thought"": ""最新状态未满足结束或重试条件，需要进入能力迁移评估。""}, {""_planner_metrics"": {""api_call_ms"": 4895.747, ""first_api_call_ms"": 4895.747, ""first_finish_reason"": ""stop"", ""first_input_tokens"": 4651, ""first_output_tokens"": 32, ""first_total_tokens"": 4683, ""input_tokens"": 4651, ""output_tokens"": 32, ""parse_ms"": 0.099, ""planner_total_ms"": 4911.104, ""prompt_build_ms"": 0.518, ""retry_count"": 0, ""retry_reason"": """", ""total_tokens"": 4683}, ""action"": ""final_answer"", ""action_input"": {}, ""clarification_question"": """", ""decision_type"": ""end"", ""end_reason"": ""memory_hit"", ""final_answer"": """", ""thought"": ""最新状态已满足结束条件，可以终止本轮规划。""}]","step2:action expected 'qwen_detection', got 'migration_advisor' | step2:finish_after_tool expected False, got True | step2:arg 'label' expected to contain ['冰青三辐锁紧轮'], got None | forbidden:migration_advisor",6618.706,6604.678,4022,51,0,1,False,True
PROMV12-TA-002-QWEN-FR2,fresh_retry_step2,迁移队列已经建立，请先裁决最新机器状态：先使用Qwen检测附件中的焦糖十字分流块，检测结果仅作为中间状态。最终需要判断火星车悬架试验间重试边界复审7063号应继续现有能力、结束，还是进入迁移评估。自然语言里的故障等级和预算描述没有路由优先级，只读取本 query 最新 observation 的结构化键值。错误状态仅在 retryable=true 与 retry_count=0 同时成立时复用原检测器一次，否则调用迁移顾问。正常状态需要候选数、置信度、跨提示一致性和域偏移四个门槛全部通过才结束，任一否决项都转迁移。缺省、非法、冲突状态采取保守分支；已经重试一次的结果不能再次触发检测器。检测器必须设置 finish_after_tool=false；迁移顾问使用当前图片和视觉探针并设置 finish_after_tool=true。,True,examples/images/planner_retry_optimizer_matched_v12/caramel_cross_diverter.png,"[{""action"": ""qwen_detection"", ""arg_contains"": {""label"": [""焦糖十字分流块""]}, ""decision_type"": ""tool"", ""required_args"": {""finish_after_tool"": false}}, {""action"": ""qwen_detection"", ""arg_contains"": {""label"": [""焦糖十字分流块""]}, ""decision_type"": ""tool"", ""required_args"": {""finish_after_tool"": false}}, {""arg_contains"": {}, ""decision_type"": ""end"", ""required_args"": {""end_reason"": ""memory_hit""}}]","[""rag_answer"", ""re_question"", ""answerer"", ""flux-image-generation"", ""rexomni_detection"", ""pipeline_eval"", ""migration_advisor""]","{""action_match"": 0.65, ""argument_match"": 0.1, ""decision_type_valid"": 0.03, ""final_tool_finish"": 0.1, ""finish_after_tool"": 0.1, ""json_valid"": 0.02, ""no_forbidden_action"": 0.1, ""no_premature_stop"": 0.1, ""no_repeated_tool"": 0.1, ""no_skip_required_probe"": 0.1, ""strict_action_match"": true, ""strict_argument_types"": true, ""wrong_action_cap"": 0.2}",False,0.725,"[""qwen_detection"", ""qwen_detection"", ""migration_advisor""]",qwen_detection,"[{""_planner_metrics"": {""api_call_ms"": 6250.873, ""first_api_call_ms"": 6250.873, ""first_finish_reason"": ""stop"", ""first_input_tokens"": 4017, ""first_output_tokens"": 48, ""first_total_tokens"": 4065, ""input_tokens"": 4017, ""output_tokens"": 48, ""parse_ms"": 0.131, ""planner_total_ms"": 6264.051, ""prompt_build_ms"": 0.458, ""retry_count"": 0, ""retry_reason"": """", ""total_tokens"": 4065}, ""action"": ""qwen_detection"", ""action_input"": {""finish_after_tool"": false, ""label"": ""焦糖十字分流块""}, ""clarification_question"": """", ""decision_type"": ""tool"", ""end_reason"": """", ""final_answer"": """", ""thought"": ""先执行用户指定的检测器以取得当前结构化状态。""}, {""_planner_metrics"": {""api_call_ms"": 6741.301, ""first_api_call_ms"": 6741.301, ""first_finish_reason"": ""stop"", ""first_input_tokens"": 4323, ""first_output_tokens"": 51, ""first_total_tokens"": 4374, ""input_tokens"": 4323, ""output_tokens"": 51, ""parse_ms"": 0.112, ""planner_total_ms"": 6755.691, ""prompt_build_ms"": 0.479, ""retry_count"": 0, ""retry_reason"": """", ""total_tokens"": 4374}, ""action"": ""qwen_detection"", ""action_input"": {""finish_after_tool"": false, ""label"": ""焦糖十字分流块""}, ""clarification_question"": """", ""decision_type"": ""tool"", ""end_reason"": """", ""final_answer"": """", ""thought"": ""最新状态满足错误状态重试条件，需要再次调用同一检测器。""}, {""_planner_metrics"": {""api_call_ms"": 8995.205, ""first_api_call_ms"": 8995.205, ""first_finish_reason"": ""stop"", ""first_input_tokens"": 4628, ""first_output_tokens"": 72, ""first_total_tokens"": 4700, ""input_tokens"": 4628, ""output_tokens"": 72, ""parse_ms"": 0.134, ""planner_total_ms"": 9010.875, ""prompt_build_ms"": 0.502, ""retry_count"": 0, ""retry_reason"": """", ""total_tokens"": 4700}, ""action"": ""migration_advisor"", ""action_input"": {""finish_after_tool"": true, ""use_image"": true, ""use_visual_probe"": true, ""user_query"": ""火星车悬架试验间重试边界复审7063号""}, ""clarification_question"": """", ""decision_type"": ""tool"", ""end_reason"": """", ""final_answer"": """", ""thought"": ""最新状态未满足结束或重试条件，需要进入能力迁移评估。""}]","step3:decision_type expected 'end', got 'tool' | step3:action expected 'end', got 'migration_advisor' | step3:arg 'end_reason' expected 'memory_hit', got '' | forbidden:migration_advisor",6264.051,6250.873,4017,48,0,1,False,True
PROMV12-TA-006-REX-CS2,current_success_step2,设备失联只是背景，仍须核对当前显式额度：先使用Rex-Omni检测附件中的冰青三辐锁紧轮，检测结果仅作为中间状态。最终需要判断深水码头输油站异常路径终验1480号应继续现有能力、结束，还是进入迁移评估。自然语言里的故障等级和预算描述没有路由优先级，只读取本 query 最新 observation 的结构化键值。错误状态仅在 retryable=true 与 retry_count=0 同时成立时复用原检测器一次，否则调用迁移顾问。正常状态需要候选数、置信度、跨提示一致性和域偏移四个门槛全部通过才结束，任一否决项都转迁移。缺省、非法、冲突状态采取保守分支；已经重试一次的结果不能再次触发检测器。检测器必须设置 finish_after_tool=false；迁移顾问使用当前图片和视觉探针并设置 finish_after_tool=true。,True,examples/images/planner_retry_optimizer_matched_v12/icecyan_three_spoke_lockwheel.png,"[{""action"": ""rexomni_detection"", ""arg_contains"": {""label"": [""冰青三辐锁紧轮""]}, ""decision_type"": ""tool"", ""required_args"": {""finish_after_tool"": false}}, {""arg_contains"": {}, ""decision_type"": ""end"", ""required_args"": {""end_reason"": ""memory_hit""}}]","[""rag_answer"", ""re_question"", ""answerer"", ""flux-image-generation"", ""qwen_detection"", ""pipeline_eval"", ""migration_advisor""]","{""action_match"": 0.65, ""argument_match"": 0.1, ""decision_type_valid"": 0.03, ""final_tool_finish"": 0.1, ""finish_after_tool"": 0.1, ""json_valid"": 0.02, ""no_forbidden_action"": 0.1, ""no_premature_stop"": 0.1, ""no_repeated_tool"": 0.1, ""no_skip_required_probe"": 0.1, ""strict_action_match"": true, ""strict_argument_types"": true, ""wrong_action_cap"": 0.2}",True,1.0,"[""rexomni_detection"", ""final_answer""]",rexomni_detection,"[{""_planner_metrics"": {""api_call_ms"": 6693.511, ""first_api_call_ms"": 6693.511, ""first_finish_reason"": ""stop"", ""first_input_tokens"": 4033, ""first_output_tokens"": 52, ""first_total_tokens"": 4085, ""input_tokens"": 4033, ""output_tokens"": 52, ""parse_ms"": 0.178, ""planner_total_ms"": 6707.354, ""prompt_build_ms"": 0.467, ""retry_count"": 0, ""retry_reason"": """", ""total_tokens"": 4085}, ""action"": ""rexomni_detection"", ""action_input"": {""finish_after_tool"": false, ""label"": ""冰青三辐锁紧轮""}, ""clarification_question"": """", ""decision_type"": ""tool"", ""end_reason"": """", ""final_answer"": """", ""thought"": ""先执行用户指定的检测器以取得当前结构化状态。""}, {""_planner_metrics"": {""api_call_ms"": 4893.867, ""first_api_call_ms"": 4893.867, ""first_finish_reason"": ""stop"", ""first_input_tokens"": 4336, ""first_output_tokens"": 34, ""first_total_tokens"": 4370, ""input_tokens"": 4336, ""output_tokens"": 34, ""parse_ms"": 0.13, ""planner_total_ms"": 4909.082, ""prompt_build_ms"": 0.564, ""retry_count"": 0, ""retry_reason"": """", ""total_tokens"": 4370}, ""action"": ""final_answer"", ""action_input"": {}, ""clarification_question"": """", ""decision_type"": ""end"", ""end_reason"": ""memory_hit"", ""final_answer"": """", ""thought"": ""最新结构化状态已满足全部硬门槛，可以结束本轮规划。""}]",,6707.354,6693.511,4033,52,1,1,True,False
PROMV12-TA-007-REX-PE3,post_retry_error_step3,旧故障结论不得覆盖最后一条结构化回执：先使用Rex-Omni检测附件中的焦糖十字分流块，检测结果仅作为中间状态。最终需要判断类器官灌流培养台稳定状态会签3047号应继续现有能力、结束，还是进入迁移评估。自然语言里的故障等级和预算描述没有路由优先级，只读取本 query 最新 observation 的结构化键值。错误状态仅在 retryable=true 与 retry_count=0 同时成立时复用原检测器一次，否则调用迁移顾问。正常状态需要候选数、置信度、跨提示一致性和域偏移四个门槛全部通过才结束，任一否决项都转迁移。缺省、非法、冲突状态采取保守分支；已经重试一次的结果不能再次触发检测器。检测器必须设置 finish_after_tool=false；迁移顾问使用当前图片和视觉探针并设置 finish_after_tool=true。,True,examples/images/planner_retry_optimizer_matched_v12/caramel_cross_diverter.png,"[{""action"": ""rexomni_detection"", ""arg_contains"": {""label"": [""焦糖十字分流块""]}, ""decision_type"": ""tool"", ""required_args"": {""finish_after_tool"": false}}, {""action"": ""rexomni_detection"", ""arg_contains"": {""label"": [""焦糖十字分流块""]}, ""decision_type"": ""tool"", ""required_args"": {""finish_after_tool"": false}}, {""action"": ""migration_advisor"", ""arg_contains"": {""user_query"": [""类器官灌流培养台稳定状态会签3047号""]}, ""decision_type"": ""tool"", ""required_args"": {""finish_after_tool"": true, ""use_image"": true, ""use_visual_probe"": true}}]","[""rag_answer"", ""re_question"", ""answerer"", ""flux-image-generation"", ""qwen_detection"", ""pipeline_eval""]","{""action_match"": 0.65, ""argument_match"": 0.1, ""decision_type_valid"": 0.03, ""final_tool_finish"": 0.1, ""finish_after_tool"": 0.1, ""json_valid"": 0.02, ""no_forbidden_action"": 0.1, ""no_premature_stop"": 0.1, ""no_repeated_tool"": 0.1, ""no_skip_required_probe"": 0.1, ""strict_action_match"": true, ""strict_argument_types"": true, ""wrong_action_cap"": 0.2}",False,0.703125,"[""rexomni_detection"", ""migration_advisor"", ""migration_advisor""]",rexomni_detection,"[{""_planner_metrics"": {""api_call_ms"": 6383.571, ""first_api_call_ms"": 6383.571, ""first_finish_reason"": ""stop"", ""first_input_tokens"": 4025, ""first_output_tokens"": 49, ""first_total_tokens"": 4074, ""input_tokens"": 4025, ""output_tokens"": 49, ""parse_ms"": 0.149, ""planner_total_ms"": 6398.849, ""prompt_build_ms"": 0.489, ""retry_count"": 0, ""retry_reason"": """", ""total_tokens"": 4074}, ""action"": ""rexomni_detection"", ""action_input"": {""finish_after_tool"": false, ""label"": ""焦糖十字分流块""}, ""clarification_question"": """", ""decision_type"": ""tool"", ""end_reason"": """", ""final_answer"": """", ""thought"": ""先执行用户指定的检测器以取得当前结构化状态。""}, {""_planner_metrics"": {""api_call_ms"": 9124.963, ""first_api_call_ms"": 9124.963, ""first_finish_reason"": ""stop"", ""first_input_tokens"": 4332, ""first_output_tokens"": 74, ""first_total_tokens"": 4406, ""input_tokens"": 4332, ""output_tokens"": 74, ""parse_ms"": 0.124, ""planner_total_ms"": 9140.002, ""prompt_build_ms"": 0.405, ""retry_count"": 0, ""retry_reason"": """", ""total_tokens"": 4406}, ""action"": ""migration_advisor"", ""action_input"": {""finish_after_tool"": true, ""use_image"": true, ""use_visual_probe"": true, ""user_query"": ""类器官灌流培养台稳定状态会签3047号""}, ""clarification_question"": """", ""decision_type"": ""tool"", ""end_reason"": """", ""final_answer"": """", ""thought"": ""最新状态未满足结束或重试条件，需要进入能力迁移评估。""}, {""_planner_metrics"": {""api_call_ms"": 9281.016, ""first_api_call_ms"": 9281.016, ""first_finish_reason"": ""stop"", ""first_input_tokens"": 4667, ""first_output_tokens"": 74, ""first_total_tokens"": 4741, ""input_tokens"": 4667, ""output_tokens"": 74, ""parse_ms"": 0.149, ""planner_total_ms"": 9296.543, ""prompt_build_ms"": 0.548, ""retry_count"": 0, ""retry_reason"": """", ""total_tokens"": 4741}, ""action"": ""migration_advisor"", ""action_input"": {""finish_after_tool"": true, ""use_image"": true, ""use_visual_probe"": true, ""user_query"": ""类器官灌流培养台稳定状态会签3047号""}, ""clarification_question"": """", ""decision_type"": ""tool"", ""end_reason"": """", ""final_answer"": """", ""thought"": ""最新状态未满足结束或重试条件，需要进入能力迁移评估。""}]","step2:action expected 'rexomni_detection', got 'migration_advisor' | step2:finish_after_tool expected False, got True | step2:arg 'label' expected to contain ['焦糖十字分流块'], got None",6398.849,6383.571,4025,49,0,1,False,True
PROMV12-TA-007-REX-NR2,nonretryable_step2,旧故障结论不得覆盖最后一条结构化回执：先使用Rex-Omni检测附件中的焦糖十字分流块，检测结果仅作为中间状态。最终需要判断类器官灌流培养台稳定状态会签3047号应继续现有能力、结束，还是进入迁移评估。自然语言里的故障等级和预算描述没有路由优先级，只读取本 query 最新 observation 的结构化键值。错误状态仅在 retryable=true 与 retry_count=0 同时成立时复用原检测器一次，否则调用迁移顾问。正常状态需要候选数、置信度、跨提示一致性和域偏移四个门槛全部通过才结束，任一否决项都转迁移。缺省、非法、冲突状态采取保守分支；已经重试一次的结果不能再次触发检测器。检测器必须设置 finish_after_tool=false；迁移顾问使用当前图片和视觉探针并设置 finish_after_tool=true。,True,examples/images/planner_retry_optimizer_matched_v12/caramel_cross_diverter.png,"[{""action"": ""rexomni_detection"", ""arg_contains"": {""label"": [""焦糖十字分流块""]}, ""decision_type"": ""tool"", ""required_args"": {""finish_after_tool"": false}}, {""action"": ""migration_advisor"", ""arg_contains"": {""user_query"": [""类器官灌流培养台稳定状态会签3047号""]}, ""decision_type"": ""tool"", ""required_args"": {""finish_after_tool"": true, ""use_image"": true, ""use_visual_probe"": true}}]","[""rag_answer"", ""re_question"", ""answerer"", ""flux-image-generation"", ""qwen_detection"", ""pipeline_eval""]","{""action_match"": 0.65, ""argument_match"": 0.1, ""decision_type_valid"": 0.03, ""final_tool_finish"": 0.1, ""finish_after_tool"": 0.1, ""json_valid"": 0.02, ""no_forbidden_action"": 0.1, ""no_premature_stop"": 0.1, ""no_repeated_tool"": 0.1, ""no_skip_required_probe"": 0.1, ""strict_action_match"": true, ""strict_argument_types"": true, ""wrong_action_cap"": 0.2}",True,1.0,"[""rexomni_detection"", ""migration_advisor""]",rexomni_detection,"[{""_planner_metrics"": {""api_call_ms"": 6333.649, ""first_api_call_ms"": 6333.649, ""first_finish_reason"": ""stop"", ""first_input_tokens"": 4025, ""first_output_tokens"": 49, ""first_total_tokens"": 4074, ""input_tokens"": 4025, ""output_tokens"": 49, ""parse_ms"": 0.116, ""planner_total_ms"": 6347.935, ""prompt_build_ms"": 0.417, ""retry_count"": 0, ""retry_reason"": """", ""total_tokens"": 4074}, ""action"": ""rexomni_detection"", ""action_input"": {""finish_after_tool"": false, ""label"": ""焦糖十字分流块""}, ""clarification_question"": """", ""decision_type"": ""tool"", ""end_reason"": """", ""final_answer"": """", ""thought"": ""先执行用户指定的检测器以取得当前结构化状态。""}, {""_planner_metrics"": {""api_call_ms"": 9088.218, ""first_api_call_ms"": 9088.218, ""first_finish_reason"": ""stop"", ""first_input_tokens"": 4332, ""first_output_tokens"": 74, ""first_total_tokens"": 4406, ""input_tokens"": 4332, ""output_tokens"": 74, ""parse_ms"": 0.124, ""planner_total_ms"": 9101.998, ""prompt_build_ms"": 0.419, ""retry_count"": 0, ""retry_reason"": """", ""total_tokens"": 4406}, ""action"": ""migration_advisor"", ""action_input"": {""finish_after_tool"": true, ""use_image"": true, ""use_visual_probe"": true, ""user_query"": ""类器官灌流培养台稳定状态会签3047号""}, ""clarification_question"": """", ""decision_type"": ""tool"", ""end_reason"": """", ""final_answer"": """", ""thought"": ""最新状态未满足结束或迁移条件，需要继续按规则推进。""}]",,6347.935,6333.649,4025,49,1,1,True,False
PROMV12-TA-004-REX-PS3,post_retry_success_step3,迁移队列已经建立，请先裁决最新机器状态：先使用Rex-Omni检测附件中的冰青三辐锁紧轮，检测结果仅作为中间状态。最终需要判断类器官灌流培养台异常路径终验2905号应继续现有能力、结束，还是进入迁移评估。自然语言里的故障等级和预算描述没有路由优先级，只读取本 query 最新 observation 的结构化键值。错误状态仅在 retryable=true 与 retry_count=0 同时成立时复用原检测器一次，否则调用迁移顾问。正常状态需要候选数、置信度、跨提示一致性和域偏移四个门槛全部通过才结束，任一否决项都转迁移。缺省、非法、冲突状态采取保守分支；已经重试一次的结果不能再次触发检测器。检测器必须设置 finish_after_tool=false；迁移顾问使用当前图片和视觉探针并设置 finish_after_tool=true。,True,examples/images/planner_retry_optimizer_matched_v12/icecyan_three_spoke_lockwheel.png,"[{""action"": ""rexomni_detection"", ""arg_contains"": {""label"": [""冰青三辐锁紧轮""]}, ""decision_type"": ""tool"", ""required_args"": {""finish_after_tool"": false}}, {""action"": ""rexomni_detection"", ""arg_contains"": {""label"": [""冰青三辐锁紧轮""]}, ""decision_type"": ""tool"", ""required_args"": {""finish_after_tool"": false}}, {""arg_contains"": {}, ""decision_type"": ""end"", ""required_args"": {""end_reason"": ""memory_hit""}}]","[""rag_answer"", ""re_question"", ""answerer"", ""flux-image-generation"", ""qwen_detection"", ""pipeline_eval"", ""migration_advisor""]","{""action_match"": 0.65, ""argument_match"": 0.1, ""decision_type_valid"": 0.03, ""final_tool_finish"": 0.1, ""finish_after_tool"": 0.1, ""json_valid"": 0.02, ""no_forbidden_action"": 0.1, ""no_premature_stop"": 0.1, ""no_repeated_tool"": 0.1, ""no_skip_required_probe"": 0.1, ""strict_action_match"": true, ""strict_argument_types"": true, ""wrong_action_cap"": 0.2}",False,0.725,"[""rexomni_detection"", ""rexomni_detection"", ""migration_advisor""]",rexomni_detection,"[{""_planner_metrics"": {""api_call_ms"": 6667.784, ""first_api_call_ms"": 6667.784, ""first_finish_reason"": ""stop"", ""first_input_tokens"": 4034, ""first_output_tokens"": 52, ""first_total_tokens"": 4086, ""input_tokens"": 4034, ""output_tokens"": 52, ""parse_ms"": 0.115, ""planner_total_ms"": 6681.05, ""prompt_build_ms"": 0.465, ""retry_count"": 0, ""retry_reason"": """", ""total_tokens"": 4086}, ""action"": ""rexomni_detection"", ""action_input"": {""finish_after_tool"": false, ""label"": ""冰青三辐锁紧轮""}, ""clarification_question"": """", ""decision_type"": ""tool"", ""end_reason"": """", ""final_answer"": """", ""thought"": ""先执行用户指定的检测器以取得当前结构化状态。""}, {""_planner_metrics"": {""api_call_ms"": 6893.279, ""first_api_call_ms"": 6893.279, ""first_finish_reason"": ""stop"", ""first_input_tokens"": 4350, ""first_output_tokens"": 53, ""first_total_tokens"": 4403, ""input_tokens"": 4350, ""output_tokens"": 53, ""parse_ms"": 0.12, ""planner_total_ms"": 6908.214, ""prompt_build_ms"": 0.489, ""retry_count"": 0, ""retry_reason"": """", ""total_tokens"": 4403}, ""action"": ""rexomni_detection"", ""action_input"": {""finish_after_tool"": false, ""label"": ""冰青三辐锁紧轮""}, ""clarification_question"": """", ""decision_type"": ""tool"", ""end_reason"": """", ""final_answer"": """", ""thought"": ""最新状态满足错误状态条件，需要复用同一检测器。""}, {""_planner_metrics"": {""api_call_ms"": 9287.185, ""first_api_call_ms"": 9287.185, ""first_finish_reason"": ""stop"", ""first_input_tokens"": 4659, ""first_output_tokens"": 74, ""first_total_tokens"": 4733, ""input_tokens"": 4659, ""output_tokens"": 74, ""parse_ms"": 0.221, ""planner_total_ms"": 9302.255, ""prompt_build_ms"": 0.487, ""retry_count"": 0, ""retry_reason"": """", ""total_tokens"": 4733}, ""action"": ""migration_advisor"", ""action_input"": {""finish_after_tool"": true, ""use_image"": true, ""use_visual_probe"": true, ""user_query"": ""类器官灌流培养台异常路径终验2905号""}, ""clarification_question"": """", ""decision_type"": ""tool"", ""end_reason"": """", ""final_answer"": """", ""thought"": ""最新状态未满足结束或迁移条件，需要进入保守分支处理。""}]","step3:decision_type expected 'end', got 'tool' | step3:action expected 'end', got 'migration_advisor' | step3:arg 'end_reason' expected 'memory_hit', got '' | forbidden:migration_advisor",6681.05,6667.784,4034,52,0,1,False,True
PROMV12-TA-011-REX-FR2,fresh_retry_step2,迁移队列已经建立，请先裁决最新机器状态：先使用Rex-Omni检测附件中的焦糖十字分流块，检测结果仅作为中间状态。最终需要判断非晶合金铸造炉稳定状态会签6874号应继续现有能力、结束，还是进入迁移评估。自然语言里的故障等级和预算描述没有路由优先级，只读取本 query 最新 observation 的结构化键值。错误状态仅在 retryable=true 与 retry_count=0 同时成立时复用原检测器一次，否则调用迁移顾问。正常状态需要候选数、置信度、跨提示一致性和域偏移四个门槛全部通过才结束，任一否决项都转迁移。缺省、非法、冲突状态采取保守分支；已经重试一次的结果不能再次触发检测器。检测器必须设置 finish_after_tool=false；迁移顾问使用当前图片和视觉探针并设置 finish_after_tool=true。,True,examples/images/planner_retry_optimizer_matched_v12/caramel_cross_diverter.png,"[{""action"": ""rexomni_detection"", ""arg_contains"": {""label"": [""焦糖十字分流块""]}, ""decision_type"": ""tool"", ""required_args"": {""finish_after_tool"": false}}, {""action"": ""rexomni_detection"", ""arg_contains"": {""label"": [""焦糖十字分流块""]}, ""decision_type"": ""tool"", ""required_args"": {""finish_after_tool"": false}}, {""arg_contains"": {}, ""decision_type"": ""end"", ""required_args"": {""end_reason"": ""memory_hit""}}]","[""rag_answer"", ""re_question"", ""answerer"", ""flux-image-generation"", ""qwen_detection"", ""pipeline_eval"", ""migration_advisor""]","{""action_match"": 0.65, ""argument_match"": 0.1, ""decision_type_valid"": 0.03, ""final_tool_finish"": 0.1, ""finish_after_tool"": 0.1, ""json_valid"": 0.02, ""no_forbidden_action"": 0.1, ""no_premature_stop"": 0.1, ""no_repeated_tool"": 0.1, ""no_skip_required_probe"": 0.1, ""strict_action_match"": true, ""strict_argument_types"": true, ""wrong_action_cap"": 0.2}",False,0.725,"[""rexomni_detection"", ""rexomni_detection"", ""migration_advisor""]",rexomni_detection,"[{""_planner_metrics"": {""api_call_ms"": 6358.453, ""first_api_call_ms"": 6358.453, ""first_finish_reason"": ""stop"", ""first_input_tokens"": 4025, ""first_output_tokens"": 49, ""first_total_tokens"": 4074, ""input_tokens"": 4025, ""output_tokens"": 49, ""parse_ms"": 0.13, ""planner_total_ms"": 6372.585, ""prompt_build_ms"": 0.419, ""retry_count"": 0, ""retry_reason"": """", ""total_tokens"": 4074}, ""action"": ""rexomni_detection"", ""action_input"": {""finish_after_tool"": false, ""label"": ""焦糖十字分流块""}, ""clarification_question"": """", ""decision_type"": ""tool"", ""end_reason"": """", ""final_answer"": """", ""thought"": ""先执行用户指定的检测器以取得当前结构化状态。""}, {""_planner_metrics"": {""api_call_ms"": 6827.663, ""first_api_call_ms"": 6827.663, ""first_finish_reason"": ""stop"", ""first_input_tokens"": 4327, ""first_output_tokens"": 52, ""first_total_tokens"": 4379, ""input_tokens"": 4327, ""output_tokens"": 52, ""parse_ms"": 0.116, ""planner_total_ms"": 6844.075, ""prompt_build_ms"": 0.47, ""retry_count"": 0, ""retry_reason"": """", ""total_tokens"": 4379}, ""action"": ""rexomni_detection"", ""action_input"": {""finish_after_tool"": false, ""label"": ""焦糖十字分流块""}, ""clarification_question"": """", ""decision_type"": ""tool"", ""end_reason"": """", ""final_answer"": """", ""thought"": ""最新状态满足错误状态重试条件，需要再次使用同一检测器。""}, {""_planner_metrics"": {""api_call_ms"": 9159.167, ""first_api_call_ms"": 9159.167, ""first_finish_reason"": ""stop"", ""first_input_tokens"": 4625, ""first_output_tokens"": 73, ""first_total_tokens"": 4698, ""input_tokens"": 4625, ""output_tokens"": 73, ""parse_ms"": 0.147, ""planner_total_ms"": 9174.482, ""prompt_build_ms"": 0.492, ""retry_count"": 0, ""retry_reason"": """", ""total_tokens"": 4698}, ""action"": ""migration_advisor"", ""action_input"": {""finish_after_tool"": true, ""use_image"": true, ""use_visual_probe"": true, ""user_query"": ""非晶合金铸造炉稳定状态会签6874号""}, ""clarification_question"": """", ""decision_type"": ""tool"", ""end_reason"": """", ""final_answer"": """", ""thought"": ""最新状态未满足结束或迁移条件，需要继续按规则处理。""}]","step3:decision_type expected 'end', got 'tool' | step3:action expected 'end', got 'migration_advisor' | step3:arg 'end_reason' expected 'memory_hit', got '' | forbidden:migration_advisor",6372.585,6358.453,4025,49,0,1,False,True
PROMV12-TA-005-REX-CS2,current_success_step2,设备失联只是背景，仍须核对当前显式额度：先使用Rex-Omni检测附件中的冰青三辐锁紧轮，检测结果仅作为中间状态。最终需要判断类器官灌流培养台重试边界复审5611号应继续现有能力、结束，还是进入迁移评估。自然语言里的故障等级和预算描述没有路由优先级，只读取本 query 最新 observation 的结构化键值。错误状态仅在 retryable=true 与 retry_count=0 同时成立时复用原检测器一次，否则调用迁移顾问。正常状态需要候选数、置信度、跨提示一致性和域偏移四个门槛全部通过才结束，任一否决项都转迁移。缺省、非法、冲突状态采取保守分支；已经重试一次的结果不能再次触发检测器。检测器必须设置 finish_after_tool=false；迁移顾问使用当前图片和视觉探针并设置 finish_after_tool=true。,True,examples/images/planner_retry_optimizer_matched_v12/icecyan_three_spoke_lockwheel.png,"[{""action"": ""rexomni_detection"", ""arg_contains"": {""label"": [""冰青三辐锁紧轮""]}, ""decision_type"": ""tool"", ""required_args"": {""finish_after_tool"": false}}, {""arg_contains"": {}, ""decision_type"": ""end"", ""required_args"": {""end_reason"": ""memory_hit""}}]","[""rag_answer"", ""re_question"", ""answerer"", ""flux-image-generation"", ""qwen_detection"", ""pipeline_eval"", ""migration_advisor""]","{""action_match"": 0.65, ""argument_match"": 0.1, ""decision_type_valid"": 0.03, ""final_tool_finish"": 0.1, ""finish_after_tool"": 0.1, ""json_valid"": 0.02, ""no_forbidden_action"": 0.1, ""no_premature_stop"": 0.1, ""no_repeated_tool"": 0.1, ""no_skip_required_probe"": 0.1, ""strict_action_match"": true, ""strict_argument_types"": true, ""wrong_action_cap"": 0.2}",False,0.617391,"[""rexomni_detection"", ""migration_advisor""]",rexomni_detection,"[{""_planner_metrics"": {""api_call_ms"": 6689.008, ""first_api_call_ms"": 6689.008, ""first_finish_reason"": ""stop"", ""first_input_tokens"": 4033, ""first_output_tokens"": 52, ""first_total_tokens"": 4085, ""input_tokens"": 4033, ""output_tokens"": 52, ""parse_ms"": 0.11, ""planner_total_ms"": 6703.439, ""prompt_build_ms"": 0.435, ""retry_count"": 0, ""retry_reason"": """", ""total_tokens"": 4085}, ""action"": ""rexomni_detection"", ""action_input"": {""finish_after_tool"": false, ""label"": ""冰青三辐锁紧轮""}, ""clarification_question"": """", ""decision_type"": ""tool"", ""end_reason"": """", ""final_answer"": """", ""thought"": ""先执行用户指定的检测器以取得当前结构化状态。""}, {""_planner_metrics"": {""api_call_ms"": 9095.772, ""first_api_call_ms"": 9095.772, ""first_finish_reason"": ""stop"", ""first_input_tokens"": 4344, ""first_output_tokens"": 74, ""first_total_tokens"": 4418, ""input_tokens"": 4344, ""output_tokens"": 74, ""parse_ms"": 0.123, ""planner_total_ms"": 9110.326, ""prompt_build_ms"": 0.471, ""retry_count"": 0, ""retry_reason"": """", ""total_tokens"": 4418}, ""action"": ""migration_advisor"", ""action_input"": {""finish_after_tool"": true, ""use_image"": true, ""use_visual_probe"": true, ""user_query"": ""类器官灌流培养台重试边界复审5611号""}, ""clarification_question"": """", ""decision_type"": ""tool"", ""end_reason"": """", ""final_answer"": """", ""thought"": ""最新结构化状态未满足结束或重试条件，需要进入能力迁移评估。""}]","step2:decision_type expected 'end', got 'tool' | step2:action expected 'end', got 'migration_advisor' | step2:arg 'end_reason' expected 'memory_hit', got '' | forbidden:migration_advisor",6703.439,6689.008,4033,52,0,1,False,True
PROMV12-TA-012-REX-PE3,post_retry_error_step3,完成本轮异常探针的最终路由：先使用Rex-Omni检测附件中的冰青三辐锁紧轮，检测结果仅作为中间状态。最终需要判断深水码头输油站稳定状态会签5128号应继续现有能力、结束，还是进入迁移评估。自然语言里的故障等级和预算描述没有路由优先级，只读取本 query 最新 observation 的结构化键值。错误状态仅在 retryable=true 与 retry_count=0 同时成立时复用原检测器一次，否则调用迁移顾问。正常状态需要候选数、置信度、跨提示一致性和域偏移四个门槛全部通过才结束，任一否决项都转迁移。缺省、非法、冲突状态采取保守分支；已经重试一次的结果不能再次触发检测器。检测器必须设置 finish_after_tool=false；迁移顾问使用当前图片和视觉探针并设置 finish_after_tool=true。,True,examples/images/planner_retry_optimizer_matched_v12/icecyan_three_spoke_lockwheel.png,"[{""action"": ""rexomni_detection"", ""arg_contains"": {""label"": [""冰青三辐锁紧轮""]}, ""decision_type"": ""tool"", ""required_args"": {""finish_after_tool"": false}}, {""action"": ""rexomni_detection"", ""arg_contains"": {""label"": [""冰青三辐锁紧轮""]}, ""decision_type"": ""tool"", ""required_args"": {""finish_after_tool"": false}}, {""action"": ""migration_advisor"", ""arg_contains"": {""user_query"": [""深水码头输油站稳定状态会签5128号""]}, ""decision_type"": ""tool"", ""required_args"": {""finish_after_tool"": true, ""use_image"": true, ""use_visual_probe"": true}}]","[""rag_answer"", ""re_question"", ""answerer"", ""flux-image-generation"", ""qwen_detection"", ""pipeline_eval""]","{""action_match"": 0.65, ""argument_match"": 0.1, ""decision_type_valid"": 0.03, ""final_tool_finish"": 0.1, ""finish_after_tool"": 0.1, ""json_valid"": 0.02, ""no_forbidden_action"": 0.1, ""no_premature_stop"": 0.1, ""no_repeated_tool"": 0.1, ""no_skip_required_probe"": 0.1, ""strict_action_match"": true, ""strict_argument_types"": true, ""wrong_action_cap"": 0.2}",False,0.734375,"[""rexomni_detection"", ""rexomni_detection"", ""rexomni_detection""]",rexomni_detection,"[{""_planner_metrics"": {""api_call_ms"": 6622.914, ""first_api_call_ms"": 6622.914, ""first_finish_reason"": ""stop"", ""first_input_tokens"": 4024, ""first_output_tokens"": 52, ""first_total_tokens"": 4076, ""input_tokens"": 4024, ""output_tokens"": 52, ""parse_ms"": 0.113, ""planner_total_ms"": 6636.812, ""prompt_build_ms"": 0.45, ""retry_count"": 0, ""retry_reason"": """", ""total_tokens"": 4076}, ""action"": ""rexomni_detection"", ""action_input"": {""finish_after_tool"": false, ""label"": ""冰青三辐锁紧轮""}, ""clarification_question"": """", ""decision_type"": ""tool"", ""end_reason"": """", ""final_answer"": """", ""thought"": ""先执行用户指定的检测器以取得当前结构化状态。""}, {""_planner_metrics"": {""api_call_ms"": 7054.907, ""first_api_call_ms"": 7054.907, ""first_finish_reason"": ""stop"", ""first_input_tokens"": 4337, ""first_output_tokens"": 54, ""first_total_tokens"": 4391, ""input_tokens"": 4337, ""output_tokens"": 54, ""parse_ms"": 0.113, ""planner_total_ms"": 7069.422, ""prompt_build_ms"": 0.417, ""retry_count"": 0, ""retry_reason"": """", ""total_tokens"": 4391}, ""action"": ""rexomni_detection"", ""action_input"": {""finish_after_tool"": false, ""label"": ""冰青三辐锁紧轮""}, ""clarification_question"": """", ""decision_type"": ""tool"", ""end_reason"": """", ""final_answer"": """", ""thought"": ""最新状态满足错误重试条件，需要再次使用同一检测器。""}, {""_planner_metrics"": {""api_call_ms"": 7179.537, ""first_api_call_ms"": 7179.537, ""first_finish_reason"": ""stop"", ""first_input_tokens"": 4643, ""first_output_tokens"": 54, ""first_total_tokens"": 4697, ""input_tokens"": 4643, ""output_tokens"": 54, ""parse_ms"": 0.118, ""planner_total_ms"": 7194.312, ""prompt_build_ms"": 0.485, ""retry_count"": 0, ""retry_reason"": """", ""total_tokens"": 4697}, ""action"": ""rexomni_detection"", ""action_input"": {""finish_after_tool"": false, ""label"": ""冰青三辐锁紧轮""}, ""clarification_question"": """", ""decision_type"": ""tool"", ""end_reason"": """", ""final_answer"": """", ""thought"": ""最新状态满足错误重试条件，需要再次使用同一检测器。""}]","step3:action expected 'migration_advisor', got 'rexomni_detection' | step3:finish_after_tool expected True, got False | step3:arg 'use_image' expected True, got None | step3:arg 'use_visual_probe' expected True, got None | step3:arg 'user_query' expected to contain ['深水码头输油站稳定状态会签5128号'], got None",6636.812,6622.914,4024,52,0,1,False,True
PROMV12-TA-010-REX-PV3,post_retry_metric_veto_step3,完成本轮异常探针的最终路由：先使用Rex-Omni检测附件中的焦糖十字分流块，检测结果仅作为中间状态。最终需要判断非晶合金铸造炉重试边界复审8156号应继续现有能力、结束，还是进入迁移评估。自然语言里的故障等级和预算描述没有路由优先级，只读取本 query 最新 observation 的结构化键值。错误状态仅在 retryable=true 与 retry_count=0 同时成立时复用原检测器一次，否则调用迁移顾问。正常状态需要候选数、置信度、跨提示一致性和域偏移四个门槛全部通过才结束，任一否决项都转迁移。缺省、非法、冲突状态采取保守分支；已经重试一次的结果不能再次触发检测器。检测器必须设置 finish_after_tool=false；迁移顾问使用当前图片和视觉探针并设置 finish_after_tool=true。,True,examples/images/planner_retry_optimizer_matched_v12/caramel_cross_diverter.png,"[{""action"": ""rexomni_detection"", ""arg_contains"": {""label"": [""焦糖十字分流块""]}, ""decision_type"": ""tool"", ""required_args"": {""finish_after_tool"": false}}, {""action"": ""rexomni_detection"", ""arg_contains"": {""label"": [""焦糖十字分流块""]}, ""decision_type"": ""tool"", ""required_args"": {""finish_after_tool"": false}}, {""action"": ""migration_advisor"", ""arg_contains"": {""user_query"": [""非晶合金铸造炉重试边界复审8156号""]}, ""decision_type"": ""tool"", ""required_args"": {""finish_after_tool"": true, ""use_image"": true, ""use_visual_probe"": true}}]","[""rag_answer"", ""re_question"", ""answerer"", ""flux-image-generation"", ""qwen_detection"", ""pipeline_eval""]","{""action_match"": 0.65, ""argument_match"": 0.1, ""decision_type_valid"": 0.03, ""final_tool_finish"": 0.1, ""finish_after_tool"": 0.1, ""json_valid"": 0.02, ""no_forbidden_action"": 0.1, ""no_premature_stop"": 0.1, ""no_repeated_tool"": 0.1, ""no_skip_required_probe"": 0.1, ""strict_action_match"": true, ""strict_argument_types"": true, ""wrong_action_cap"": 0.2}",True,1.0,"[""rexomni_detection"", ""rexomni_detection"", ""migration_advisor""]",rexomni_detection,"[{""_planner_metrics"": {""api_call_ms"": 6348.097, ""first_api_call_ms"": 6348.097, ""first_finish_reason"": ""stop"", ""first_input_tokens"": 4015, ""first_output_tokens"": 49, ""first_total_tokens"": 4064, ""input_tokens"": 4015, ""output_tokens"": 49, ""parse_ms"": 0.121, ""planner_total_ms"": 6361.486, ""prompt_build_ms"": 0.414, ""retry_count"": 0, ""retry_reason"": """", ""total_tokens"": 4064}, ""action"": ""rexomni_detection"", ""action_input"": {""finish_after_tool"": false, ""label"": ""焦糖十字分流块""}, ""clarification_question"": """", ""decision_type"": ""tool"", ""end_reason"": """", ""final_answer"": """", ""thought"": ""先执行用户指定的检测器以取得当前结构化状态。""}, {""_planner_metrics"": {""api_call_ms"": 6924.437, ""first_api_call_ms"": 6924.437, ""first_finish_reason"": ""stop"", ""first_input_tokens"": 4316, ""first_output_tokens"": 53, ""first_total_tokens"": 4369, ""input_tokens"": 4316, ""output_tokens"": 53, ""parse_ms"": 0.199, ""planner_total_ms"": 6939.646, ""prompt_build_ms"": 0.525, ""retry_count"": 0, ""retry_reason"": """", ""total_tokens"": 4369}, ""action"": ""rexomni_detection"", ""action_input"": {""finish_after_tool"": false, ""label"": ""焦糖十字分流块""}, ""clarification_question"": """", ""decision_type"": ""tool"", ""end_reason"": """", ""final_answer"": """", ""thought"": ""最新状态满足错误状态的重试条件，需要再次使用同一检测器。""}, {""_planner_metrics"": {""api_call_ms"": 9051.197, ""first_api_call_ms"": 9051.197, ""first_finish_reason"": ""stop"", ""first_input_tokens"": 4617, ""first_output_tokens"": 72, ""first_total_tokens"": 4689, ""input_tokens"": 4617, ""output_tokens"": 72, ""parse_ms"": 0.14, ""planner_total_ms"": 9067.223, ""prompt_build_ms"": 0.595, ""retry_count"": 0, ""retry_reason"": """", ""total_tokens"": 4689}, ""action"": ""migration_advisor"", ""action_input"": {""finish_after_tool"": true, ""use_image"": true, ""use_visual_probe"": true, ""user_query"": ""非晶合金铸造炉重试边界复审8156号""}, ""clarification_question"": """", ""decision_type"": ""tool"", ""end_reason"": """", ""final_answer"": """", ""thought"": ""最新状态未满足结束或重试条件，需要进入能力迁移评估。""}]",,6361.486,6348.097,4015,49,1,1,True,False
PROMV12-TA-004-REX-PE3,post_retry_error_step3,迁移队列已经建立，请先裁决最新机器状态：先使用Rex-Omni检测附件中的冰青三辐锁紧轮，检测结果仅作为中间状态。最终需要判断类器官灌流培养台异常路径终验2905号应继续现有能力、结束，还是进入迁移评估。自然语言里的故障等级和预算描述没有路由优先级，只读取本 query 最新 observation 的结构化键值。错误状态仅在 retryable=true 与 retry_count=0 同时成立时复用原检测器一次，否则调用迁移顾问。正常状态需要候选数、置信度、跨提示一致性和域偏移四个门槛全部通过才结束，任一否决项都转迁移。缺省、非法、冲突状态采取保守分支；已经重试一次的结果不能再次触发检测器。检测器必须设置 finish_after_tool=false；迁移顾问使用当前图片和视觉探针并设置 finish_after_tool=true。,True,examples/images/planner_retry_optimizer_matched_v12/icecyan_three_spoke_lockwheel.png,"[{""action"": ""rexomni_detection"", ""arg_contains"": {""label"": [""冰青三辐锁紧轮""]}, ""decision_type"": ""tool"", ""required_args"": {""finish_after_tool"": false}}, {""action"": ""rexomni_detection"", ""arg_contains"": {""label"": [""冰青三辐锁紧轮""]}, ""decision_type"": ""tool"", ""required_args"": {""finish_after_tool"": false}}, {""action"": ""migration_advisor"", ""arg_contains"": {""user_query"": [""类器官灌流培养台异常路径终验2905号""]}, ""decision_type"": ""tool"", ""required_args"": {""finish_after_tool"": true, ""use_image"": true, ""use_visual_probe"": true}}]","[""rag_answer"", ""re_question"", ""answerer"", ""flux-image-generation"", ""qwen_detection"", ""pipeline_eval""]","{""action_match"": 0.65, ""argument_match"": 0.1, ""decision_type_valid"": 0.03, ""final_tool_finish"": 0.1, ""finish_after_tool"": 0.1, ""json_valid"": 0.02, ""no_forbidden_action"": 0.1, ""no_premature_stop"": 0.1, ""no_repeated_tool"": 0.1, ""no_skip_required_probe"": 0.1, ""strict_action_match"": true, ""strict_argument_types"": true, ""wrong_action_cap"": 0.2}",False,0.703125,"[""rexomni_detection"", ""migration_advisor"", ""migration_advisor""]",rexomni_detection,"[{""_planner_metrics"": {""api_call_ms"": 6656.729, ""first_api_call_ms"": 6656.729, ""first_finish_reason"": ""stop"", ""first_input_tokens"": 4034, ""first_output_tokens"": 52, ""first_total_tokens"": 4086, ""input_tokens"": 4034, ""output_tokens"": 52, ""parse_ms"": 0.122, ""planner_total_ms"": 6673.08, ""prompt_build_ms"": 0.463, ""retry_count"": 0, ""retry_reason"": """", ""total_tokens"": 4086}, ""action"": ""rexomni_detection"", ""action_input"": {""finish_after_tool"": false, ""label"": ""冰青三辐锁紧轮""}, ""clarification_question"": """", ""decision_type"": ""tool"", ""end_reason"": """", ""final_answer"": """", ""thought"": ""先执行用户指定的检测器以取得当前结构化状态。""}, {""_planner_metrics"": {""api_call_ms"": 9335.334, ""first_api_call_ms"": 9335.334, ""first_finish_reason"": ""stop"", ""first_input_tokens"": 4350, ""first_output_tokens"": 75, ""first_total_tokens"": 4425, ""input_tokens"": 4350, ""output_tokens"": 75, ""parse_ms"": 0.131, ""planner_total_ms"": 9349.797, ""prompt_build_ms"": 0.455, ""retry_count"": 0, ""retry_reason"": """", ""total_tokens"": 4425}, ""action"": ""migration_advisor"", ""action_input"": {""finish_after_tool"": true, ""use_image"": true, ""use_visual_probe"": true, ""user_query"": ""类器官灌流培养台异常路径终验2905号""}, ""clarification_question"": """", ""decision_type"": ""tool"", ""end_reason"": """", ""final_answer"": """", ""thought"": ""最新状态满足错误状态条件，需要调用迁移顾问进行能力边界评估。""}, {""_planner_metrics"": {""api_call_ms"": 9588.817, ""first_api_call_ms"": 9588.817, ""first_finish_reason"": ""stop"", ""first_input_tokens"": 4693, ""first_output_tokens"": 75, ""first_total_tokens"": 4768, ""input_tokens"": 4693, ""output_tokens"": 75, ""parse_ms"": 0.139, ""planner_total_ms"": 9605.235, ""prompt_build_ms"": 0.565, ""retry_count"": 0, ""retry_reason"": """", ""total_tokens"": 4768}, ""action"": ""migration_advisor"", ""action_input"": {""finish_after_tool"": true, ""use_image"": true, ""use_visual_probe"": true, ""user_query"": ""类器官灌流培养台异常路径终验2905号""}, ""clarification_question"": """", ""decision_type"": ""tool"", ""end_reason"": """", ""final_answer"": """", ""thought"": ""最新状态满足错误状态条件，需要调用迁移顾问进行能力边界评估。""}]","step2:action expected 'rexomni_detection', got 'migration_advisor' | step2:finish_after_tool expected False, got True | step2:arg 'label' expected to contain ['冰青三辐锁紧轮'], got None",6673.08,6656.729,4034,52,0,1,False,True
PROMV12-TA-002-REX-CF2,conflicting_state_step2,迁移队列已经建立，请先裁决最新机器状态：先使用Rex-Omni检测附件中的焦糖十字分流块，检测结果仅作为中间状态。最终需要判断火星车悬架试验间重试边界复审7063号应继续现有能力、结束，还是进入迁移评估。自然语言里的故障等级和预算描述没有路由优先级，只读取本 query 最新 observation 的结构化键值。错误状态仅在 retryable=true 与 retry_count=0 同时成立时复用原检测器一次，否则调用迁移顾问。正常状态需要候选数、置信度、跨提示一致性和域偏移四个门槛全部通过才结束，任一否决项都转迁移。缺省、非法、冲突状态采取保守分支；已经重试一次的结果不能再次触发检测器。检测器必须设置 finish_after_tool=false；迁移顾问使用当前图片和视觉探针并设置 finish_after_tool=true。,True,examples/images/planner_retry_optimizer_matched_v12/caramel_cross_diverter.png,"[{""action"": ""rexomni_detection"", ""arg_contains"": {""label"": [""焦糖十字分流块""]}, ""decision_type"": ""tool"", ""required_args"": {""finish_after_tool"": false}}, {""action"": ""migration_advisor"", ""arg_contains"": {""user_query"": [""火星车悬架试验间重试边界复审7063号""]}, ""decision_type"": ""tool"", ""required_args"": {""finish_after_tool"": true, ""use_image"": true, ""use_visual_probe"": true}}]","[""rag_answer"", ""re_question"", ""answerer"", ""flux-image-generation"", ""qwen_detection"", ""pipeline_eval""]","{""action_match"": 0.65, ""argument_match"": 0.1, ""decision_type_valid"": 0.03, ""final_tool_finish"": 0.1, ""finish_after_tool"": 0.1, ""json_valid"": 0.02, ""no_forbidden_action"": 0.1, ""no_premature_stop"": 0.1, ""no_repeated_tool"": 0.1, ""no_skip_required_probe"": 0.1, ""strict_action_match"": true, ""strict_argument_types"": true, ""wrong_action_cap"": 0.2}",True,1.0,"[""rexomni_detection"", ""migration_advisor""]",rexomni_detection,"[{""_planner_metrics"": {""api_call_ms"": 6344.629, ""first_api_call_ms"": 6344.629, ""first_finish_reason"": ""stop"", ""first_input_tokens"": 4023, ""first_output_tokens"": 49, ""first_total_tokens"": 4072, ""input_tokens"": 4023, ""output_tokens"": 49, ""parse_ms"": 0.113, ""planner_total_ms"": 6357.806, ""prompt_build_ms"": 0.424, ""retry_count"": 0, ""retry_reason"": """", ""total_tokens"": 4072}, ""action"": ""rexomni_detection"", ""action_input"": {""finish_after_tool"": false, ""label"": ""焦糖十字分流块""}, ""clarification_question"": """", ""decision_type"": ""tool"", ""end_reason"": """", ""final_answer"": """", ""thought"": ""先执行用户指定的检测器以取得当前结构化状态。""}, {""_planner_metrics"": {""api_call_ms"": 8870.355, ""first_api_call_ms"": 8870.355, ""first_finish_reason"": ""stop"", ""first_input_tokens"": 4325, ""first_output_tokens"": 72, ""first_total_tokens"": 4397, ""input_tokens"": 4325, ""output_tokens"": 72, ""parse_ms"": 0.113, ""planner_total_ms"": 8884.558, ""prompt_build_ms"": 0.52, ""retry_count"": 0, ""retry_reason"": """", ""total_tokens"": 4397}, ""action"": ""migration_advisor"", ""action_input"": {""finish_after_tool"": true, ""use_image"": true, ""use_visual_probe"": true, ""user_query"": ""火星车悬架试验间重试边界复审7063号""}, ""clarification_question"": """", ""decision_type"": ""tool"", ""end_reason"": """", ""final_answer"": """", ""thought"": ""最新状态未满足结束或重试条件，需要进入能力迁移评估。""}]",,6357.806,6344.629,4023,49,1,1,True,False
PROMV12-TA-006-QWEN-CF2,conflicting_state_step2,设备失联只是背景，仍须核对当前显式额度：先使用Qwen检测附件中的冰青三辐锁紧轮，检测结果仅作为中间状态。最终需要判断深水码头输油站异常路径终验1480号应继续现有能力、结束，还是进入迁移评估。自然语言里的故障等级和预算描述没有路由优先级，只读取本 query 最新 observation 的结构化键值。错误状态仅在 retryable=true 与 retry_count=0 同时成立时复用原检测器一次，否则调用迁移顾问。正常状态需要候选数、置信度、跨提示一致性和域偏移四个门槛全部通过才结束，任一否决项都转迁移。缺省、非法、冲突状态采取保守分支；已经重试一次的结果不能再次触发检测器。检测器必须设置 finish_after_tool=false；迁移顾问使用当前图片和视觉探针并设置 finish_after_tool=true。,True,examples/images/planner_retry_optimizer_matched_v12/icecyan_three_spoke_lockwheel.png,"[{""action"": ""qwen_detection"", ""arg_contains"": {""label"": [""冰青三辐锁紧轮""]}, ""decision_type"": ""tool"", ""required_args"": {""finish_after_tool"": false}}, {""action"": ""migration_advisor"", ""arg_contains"": {""user_query"": [""深水码头输油站异常路径终验1480号""]}, ""decision_type"": ""tool"", ""required_args"": {""finish_after_tool"": true, ""use_image"": true, ""use_visual_probe"": true}}]","[""rag_answer"", ""re_question"", ""answerer"", ""flux-image-generation"", ""rexomni_detection"", ""pipeline_eval""]","{""action_match"": 0.65, ""argument_match"": 0.1, ""decision_type_valid"": 0.03, ""final_tool_finish"": 0.1, ""finish_after_tool"": 0.1, ""json_valid"": 0.02, ""no_forbidden_action"": 0.1, ""no_premature_stop"": 0.1, ""no_repeated_tool"": 0.1, ""no_skip_required_probe"": 0.1, ""strict_action_match"": true, ""strict_argument_types"": true, ""wrong_action_cap"": 0.2}",True,1.0,"[""qwen_detection"", ""migration_advisor""]",qwen_detection,"[{""_planner_metrics"": {""api_call_ms"": 6552.084, ""first_api_call_ms"": 6552.084, ""first_finish_reason"": ""stop"", ""first_input_tokens"": 4030, ""first_output_tokens"": 51, ""first_total_tokens"": 4081, ""input_tokens"": 4030, ""output_tokens"": 51, ""parse_ms"": 0.115, ""planner_total_ms"": 6565.601, ""prompt_build_ms"": 0.415, ""retry_count"": 0, ""retry_reason"": """", ""total_tokens"": 4081}, ""action"": ""qwen_detection"", ""action_input"": {""finish_after_tool"": false, ""label"": ""冰青三辐锁紧轮""}, ""clarification_question"": """", ""decision_type"": ""tool"", ""end_reason"": """", ""final_answer"": """", ""thought"": ""先执行用户指定的检测器以取得当前结构化状态。""}, {""_planner_metrics"": {""api_call_ms"": 8982.227, ""first_api_call_ms"": 8982.227, ""first_finish_reason"": ""stop"", ""first_input_tokens"": 4327, ""first_output_tokens"": 73, ""first_total_tokens"": 4400, ""input_tokens"": 4327, ""output_tokens"": 73, ""parse_ms"": 0.137, ""planner_total_ms"": 8996.545, ""prompt_build_ms"": 0.509, ""retry_count"": 0, ""retry_reason"": """", ""total_tokens"": 4400}, ""action"": ""migration_advisor"", ""action_input"": {""finish_after_tool"": true, ""use_image"": true, ""use_visual_probe"": true, ""user_query"": ""深水码头输油站异常路径终验1480号""}, ""clarification_question"": """", ""decision_type"": ""tool"", ""end_reason"": """", ""final_answer"": """", ""thought"": ""最新状态未满足结束或重试条件，需要进入能力迁移评估。""}]",,6565.601,6552.084,4030,51,1,1,True,False
PROMV12-TA-012-QWEN-MS2,missing_required_state_step2,完成本轮异常探针的最终路由：先使用Qwen检测附件中的冰青三辐锁紧轮，检测结果仅作为中间状态。最终需要判断深水码头输油站稳定状态会签5128号应继续现有能力、结束，还是进入迁移评估。自然语言里的故障等级和预算描述没有路由优先级，只读取本 query 最新 observation 的结构化键值。错误状态仅在 retryable=true 与 retry_count=0 同时成立时复用原检测器一次，否则调用迁移顾问。正常状态需要候选数、置信度、跨提示一致性和域偏移四个门槛全部通过才结束，任一否决项都转迁移。缺省、非法、冲突状态采取保守分支；已经重试一次的结果不能再次触发检测器。检测器必须设置 finish_after_tool=false；迁移顾问使用当前图片和视觉探针并设置 finish_after_tool=true。,True,examples/images/planner_retry_optimizer_matched_v12/icecyan_three_spoke_lockwheel.png,"[{""action"": ""qwen_detection"", ""arg_contains"": {""label"": [""冰青三辐锁紧轮""]}, ""decision_type"": ""tool"", ""required_args"": {""finish_after_tool"": false}}, {""action"": ""migration_advisor"", ""arg_contains"": {""user_query"": [""深水码头输油站稳定状态会签5128号""]}, ""decision_type"": ""tool"", ""required_args"": {""finish_after_tool"": true, ""use_image"": true, ""use_visual_probe"": true}}]","[""rag_answer"", ""re_question"", ""answerer"", ""flux-image-generation"", ""rexomni_detection"", ""pipeline_eval""]","{""action_match"": 0.65, ""argument_match"": 0.1, ""decision_type_valid"": 0.03, ""final_tool_finish"": 0.1, ""finish_after_tool"": 0.1, ""json_valid"": 0.02, ""no_forbidden_action"": 0.1, ""no_premature_stop"": 0.1, ""no_repeated_tool"": 0.1, ""no_skip_required_probe"": 0.1, ""strict_action_match"": true, ""strict_argument_types"": true, ""wrong_action_cap"": 0.2}",False,0.586957,"[""qwen_detection"", ""qwen_detection""]",qwen_detection,"[{""_planner_metrics"": {""api_call_ms"": 6652.188, ""first_api_call_ms"": 6652.188, ""first_finish_reason"": ""stop"", ""first_input_tokens"": 4018, ""first_output_tokens"": 51, ""first_total_tokens"": 4069, ""input_tokens"": 4018, ""output_tokens"": 51, ""parse_ms"": 0.196, ""planner_total_ms"": 6666.976, ""prompt_build_ms"": 0.444, ""retry_count"": 0, ""retry_reason"": """", ""total_tokens"": 4069}, ""action"": ""qwen_detection"", ""action_input"": {""finish_after_tool"": false, ""label"": ""冰青三辐锁紧轮""}, ""clarification_question"": """", ""decision_type"": ""tool"", ""end_reason"": """", ""final_answer"": """", ""thought"": ""先执行用户指定的检测器以取得当前结构化状态。""}, {""_planner_metrics"": {""api_call_ms"": 6791.412, ""first_api_call_ms"": 6791.412, ""first_finish_reason"": ""stop"", ""first_input_tokens"": 4325, ""first_output_tokens"": 51, ""first_total_tokens"": 4376, ""input_tokens"": 4325, ""output_tokens"": 51, ""parse_ms"": 0.129, ""planner_total_ms"": 6806.016, ""prompt_build_ms"": 0.602, ""retry_count"": 0, ""retry_reason"": """", ""total_tokens"": 4376}, ""action"": ""qwen_detection"", ""action_input"": {""finish_after_tool"": false, ""label"": ""冰青三辐锁紧轮""}, ""clarification_question"": """", ""decision_type"": ""tool"", ""end_reason"": """", ""final_answer"": """", ""thought"": ""先执行用户指定的检测器以取得当前结构化状态。""}]","step2:action expected 'migration_advisor', got 'qwen_detection' | step2:finish_after_tool expected True, got False | step2:arg 'use_image' expected True, got None | step2:arg 'use_visual_probe' expected True, got None | step2:arg 'user_query' expected to contain ['深水码头输油站稳定状态会签5128号'], got None",6666.976,6652.188,4018,51,0,1,False,True
PROMV12-TA-006-QWEN-PS3,post_retry_success_step3,设备失联只是背景，仍须核对当前显式额度：先使用Qwen检测附件中的冰青三辐锁紧轮，检测结果仅作为中间状态。最终需要判断深水码头输油站异常路径终验1480号应继续现有能力、结束，还是进入迁移评估。自然语言里的故障等级和预算描述没有路由优先级，只读取本 query 最新 observation 的结构化键值。错误状态仅在 retryable=true 与 retry_count=0 同时成立时复用原检测器一次，否则调用迁移顾问。正常状态需要候选数、置信度、跨提示一致性和域偏移四个门槛全部通过才结束，任一否决项都转迁移。缺省、非法、冲突状态采取保守分支；已经重试一次的结果不能再次触发检测器。检测器必须设置 finish_after_tool=false；迁移顾问使用当前图片和视觉探针并设置 finish_after_tool=true。,True,examples/images/planner_retry_optimizer_matched_v12/icecyan_three_spoke_lockwheel.png,"[{""action"": ""qwen_detection"", ""arg_contains"": {""label"": [""冰青三辐锁紧轮""]}, ""decision_type"": ""tool"", ""required_args"": {""finish_after_tool"": false}}, {""action"": ""qwen_detection"", ""arg_contains"": {""label"": [""冰青三辐锁紧轮""]}, ""decision_type"": ""tool"", ""required_args"": {""finish_after_tool"": false}}, {""arg_contains"": {}, ""decision_type"": ""end"", ""required_args"": {""end_reason"": ""memory_hit""}}]","[""rag_answer"", ""re_question"", ""answerer"", ""flux-image-generation"", ""rexomni_detection"", ""pipeline_eval"", ""migration_advisor""]","{""action_match"": 0.65, ""argument_match"": 0.1, ""decision_type_valid"": 0.03, ""final_tool_finish"": 0.1, ""finish_after_tool"": 0.1, ""json_valid"": 0.02, ""no_forbidden_action"": 0.1, ""no_premature_stop"": 0.1, ""no_repeated_tool"": 0.1, ""no_skip_required_probe"": 0.1, ""strict_action_match"": true, ""strict_argument_types"": true, ""wrong_action_cap"": 0.2}",False,0.75625,"[""qwen_detection"", ""qwen_detection"", ""qwen_detection""]",qwen_detection,"[{""_planner_metrics"": {""api_call_ms"": 6613.028, ""first_api_call_ms"": 6613.028, ""first_finish_reason"": ""stop"", ""first_input_tokens"": 4030, ""first_output_tokens"": 51, ""first_total_tokens"": 4081, ""input_tokens"": 4030, ""output_tokens"": 51, ""parse_ms"": 0.128, ""planner_total_ms"": 6627.904, ""prompt_build_ms"": 0.452, ""retry_count"": 0, ""retry_reason"": """", ""total_tokens"": 4081}, ""action"": ""qwen_detection"", ""action_input"": {""finish_after_tool"": false, ""label"": ""冰青三辐锁紧轮""}, ""clarification_question"": """", ""decision_type"": ""tool"", ""end_reason"": """", ""final_answer"": """", ""thought"": ""先执行用户指定的检测器以取得当前结构化状态。""}, {""_planner_metrics"": {""api_call_ms"": 6894.473, ""first_api_call_ms"": 6894.473, ""first_finish_reason"": ""stop"", ""first_input_tokens"": 4335, ""first_output_tokens"": 53, ""first_total_tokens"": 4388, ""input_tokens"": 4335, ""output_tokens"": 53, ""parse_ms"": 0.114, ""planner_total_ms"": 6908.061, ""prompt_build_ms"": 0.463, ""retry_count"": 0, ""retry_reason"": """", ""total_tokens"": 4388}, ""action"": ""qwen_detection"", ""action_input"": {""finish_after_tool"": false, ""label"": ""冰青三辐锁紧轮""}, ""clarification_question"": """", ""decision_type"": ""tool"", ""end_reason"": """", ""final_answer"": """", ""thought"": ""最新状态满足错误状态重试条件，需要复用同一检测器。""}, {""_planner_metrics"": {""api_call_ms"": 7159.375, ""first_api_call_ms"": 7159.375, ""first_finish_reason"": ""stop"", ""first_input_tokens"": 4636, ""first_output_tokens"": 54, ""first_total_tokens"": 4690, ""input_tokens"": 4636, ""output_tokens"": 54, ""parse_ms"": 0.113, ""planner_total_ms"": 7175.26, ""prompt_build_ms"": 0.52, ""retry_count"": 0, ""retry_reason"": """", ""total_tokens"": 4690}, ""action"": ""qwen_detection"", ""action_input"": {""finish_after_tool"": false, ""label"": ""冰青三辐锁紧轮""}, ""clarification_question"": """", ""decision_type"": ""tool"", ""end_reason"": """", ""final_answer"": """", ""thought"": ""最新状态未满足结束或迁移条件，需要继续按规则推进。""}]","step3:decision_type expected 'end', got 'tool' | step3:action expected 'end', got 'qwen_detection' | step3:arg 'end_reason' expected 'memory_hit', got ''",6627.904,6613.028,4030,51,0,1,False,True
PROMV12-TA-003-QWEN-NR2,nonretryable_step2,旧故障结论不得覆盖最后一条结构化回执：先使用Qwen检测附件中的冰青三辐锁紧轮，检测结果仅作为中间状态。最终需要判断深水码头输油站重试边界复审2398号应继续现有能力、结束，还是进入迁移评估。自然语言里的故障等级和预算描述没有路由优先级，只读取本 query 最新 observation 的结构化键值。错误状态仅在 retryable=true 与 retry_count=0 同时成立时复用原检测器一次，否则调用迁移顾问。正常状态需要候选数、置信度、跨提示一致性和域偏移四个门槛全部通过才结束，任一否决项都转迁移。缺省、非法、冲突状态采取保守分支；已经重试一次的结果不能再次触发检测器。检测器必须设置 finish_after_tool=false；迁移顾问使用当前图片和视觉探针并设置 finish_after_tool=true。,True,examples/images/planner_retry_optimizer_matched_v12/icecyan_three_spoke_lockwheel.png,"[{""action"": ""qwen_detection"", ""arg_contains"": {""label"": [""冰青三辐锁紧轮""]}, ""decision_type"": ""tool"", ""required_args"": {""finish_after_tool"": false}}, {""action"": ""migration_advisor"", ""arg_contains"": {""user_query"": [""深水码头输油站重试边界复审2398号""]}, ""decision_type"": ""tool"", ""required_args"": {""finish_after_tool"": true, ""use_image"": true, ""use_visual_probe"": true}}]","[""rag_answer"", ""re_question"", ""answerer"", ""flux-image-generation"", ""rexomni_detection"", ""pipeline_eval""]","{""action_match"": 0.65, ""argument_match"": 0.1, ""decision_type_valid"": 0.03, ""final_tool_finish"": 0.1, ""finish_after_tool"": 0.1, ""json_valid"": 0.02, ""no_forbidden_action"": 0.1, ""no_premature_stop"": 0.1, ""no_repeated_tool"": 0.1, ""no_skip_required_probe"": 0.1, ""strict_action_match"": true, ""strict_argument_types"": true, ""wrong_action_cap"": 0.2}",True,1.0,"[""qwen_detection"", ""migration_advisor""]",qwen_detection,"[{""_planner_metrics"": {""api_call_ms"": 6588.283, ""first_api_call_ms"": 6588.283, ""first_finish_reason"": ""stop"", ""first_input_tokens"": 4022, ""first_output_tokens"": 51, ""first_total_tokens"": 4073, ""input_tokens"": 4022, ""output_tokens"": 51, ""parse_ms"": 0.111, ""planner_total_ms"": 6601.667, ""prompt_build_ms"": 0.431, ""retry_count"": 0, ""retry_reason"": """", ""total_tokens"": 4073}, ""action"": ""qwen_detection"", ""action_input"": {""finish_after_tool"": false, ""label"": ""冰青三辐锁紧轮""}, ""clarification_question"": """", ""decision_type"": ""tool"", ""end_reason"": """", ""final_answer"": """", ""thought"": ""先执行用户指定的检测器以取得当前结构化状态。""}, {""_planner_metrics"": {""api_call_ms"": 9018.112, ""first_api_call_ms"": 9018.112, ""first_finish_reason"": ""stop"", ""first_input_tokens"": 4327, ""first_output_tokens"": 72, ""first_total_tokens"": 4399, ""input_tokens"": 4327, ""output_tokens"": 72, ""parse_ms"": 0.14, ""planner_total_ms"": 9032.672, ""prompt_build_ms"": 0.459, ""retry_count"": 0, ""retry_reason"": """", ""total_tokens"": 4399}, ""action"": ""migration_advisor"", ""action_input"": {""finish_after_tool"": true, ""use_image"": true, ""use_visual_probe"": true, ""user_query"": ""深水码头输油站重试边界复审2398号""}, ""clarification_question"": """", ""decision_type"": ""tool"", ""end_reason"": """", ""final_answer"": """", ""thought"": ""最新状态未满足结束或重试条件，需要进入能力迁移评估。""}]",,6601.667,6588.283,4022,51,1,1,True,False
PROMV12-TA-010-REX-BE2,budget_exhausted_step2,完成本轮异常探针的最终路由：先使用Rex-Omni检测附件中的焦糖十字分流块，检测结果仅作为中间状态。最终需要判断非晶合金铸造炉重试边界复审8156号应继续现有能力、结束，还是进入迁移评估。自然语言里的故障等级和预算描述没有路由优先级，只读取本 query 最新 observation 的结构化键值。错误状态仅在 retryable=true 与 retry_count=0 同时成立时复用原检测器一次，否则调用迁移顾问。正常状态需要候选数、置信度、跨提示一致性和域偏移四个门槛全部通过才结束，任一否决项都转迁移。缺省、非法、冲突状态采取保守分支；已经重试一次的结果不能再次触发检测器。检测器必须设置 finish_after_tool=false；迁移顾问使用当前图片和视觉探针并设置 finish_after_tool=true。,True,examples/images/planner_retry_optimizer_matched_v12/caramel_cross_diverter.png,"[{""action"": ""rexomni_detection"", ""arg_contains"": {""label"": [""焦糖十字分流块""]}, ""decision_type"": ""tool"", ""required_args"": {""finish_after_tool"": false}}, {""action"": ""migration_advisor"", ""arg_contains"": {""user_query"": [""非晶合金铸造炉重试边界复审8156号""]}, ""decision_type"": ""tool"", ""required_args"": {""finish_after_tool"": true, ""use_image"": true, ""use_visual_probe"": true}}]","[""rag_answer"", ""re_question"", ""answerer"", ""flux-image-generation"", ""qwen_detection"", ""pipeline_eval""]","{""action_match"": 0.65, ""argument_match"": 0.1, ""decision_type_valid"": 0.03, ""final_tool_finish"": 0.1, ""finish_after_tool"": 0.1, ""json_valid"": 0.02, ""no_forbidden_action"": 0.1, ""no_premature_stop"": 0.1, ""no_repeated_tool"": 0.1, ""no_skip_required_probe"": 0.1, ""strict_action_match"": true, ""strict_argument_types"": true, ""wrong_action_cap"": 0.2}",False,0.586957,"[""rexomni_detection"", ""rexomni_detection""]",rexomni_detection,"[{""_planner_metrics"": {""api_call_ms"": 6377.21, ""first_api_call_ms"": 6377.21, ""first_finish_reason"": ""stop"", ""first_input_tokens"": 4015, ""first_output_tokens"": 49, ""first_total_tokens"": 4064, ""input_tokens"": 4015, ""output_tokens"": 49, ""parse_ms"": 0.114, ""planner_total_ms"": 6390.639, ""prompt_build_ms"": 0.414, ""retry_count"": 0, ""retry_reason"": """", ""total_tokens"": 4064}, ""action"": ""rexomni_detection"", ""action_input"": {""finish_after_tool"": false, ""label"": ""焦糖十字分流块""}, ""clarification_question"": """", ""decision_type"": ""tool"", ""end_reason"": """", ""final_answer"": """", ""thought"": ""先执行用户指定的检测器以取得当前结构化状态。""}, {""_planner_metrics"": {""api_call_ms"": 6951.947, ""first_api_call_ms"": 6951.947, ""first_finish_reason"": ""stop"", ""first_input_tokens"": 4317, ""first_output_tokens"": 53, ""first_total_tokens"": 4370, ""input_tokens"": 4317, ""output_tokens"": 53, ""parse_ms"": 0.116, ""planner_total_ms"": 6966.309, ""prompt_build_ms"": 0.458, ""retry_count"": 0, ""retry_reason"": """", ""total_tokens"": 4370}, ""action"": ""rexomni_detection"", ""action_input"": {""finish_after_tool"": false, ""label"": ""焦糖十字分流块""}, ""clarification_question"": """", ""decision_type"": ""tool"", ""end_reason"": """", ""final_answer"": """", ""thought"": ""最新状态满足错误状态的重试条件，需要再次使用同一检测器。""}]","step2:action expected 'migration_advisor', got 'rexomni_detection' | step2:finish_after_tool expected True, got False | step2:arg 'use_image' expected True, got None | step2:arg 'use_visual_probe' expected True, got None | step2:arg 'user_query' expected to contain ['非晶合金铸造炉重试边界复审8156号'], got None",6390.639,6377.21,4015,49,0,1,False,True
PROMV12-TA-006-QWEN-NR2,nonretryable_step2,设备失联只是背景，仍须核对当前显式额度：先使用Qwen检测附件中的冰青三辐锁紧轮，检测结果仅作为中间状态。最终需要判断深水码头输油站异常路径终验1480号应继续现有能力、结束，还是进入迁移评估。自然语言里的故障等级和预算描述没有路由优先级，只读取本 query 最新 observation 的结构化键值。错误状态仅在 retryable=true 与 retry_count=0 同时成立时复用原检测器一次，否则调用迁移顾问。正常状态需要候选数、置信度、跨提示一致性和域偏移四个门槛全部通过才结束，任一否决项都转迁移。缺省、非法、冲突状态采取保守分支；已经重试一次的结果不能再次触发检测器。检测器必须设置 finish_after_tool=false；迁移顾问使用当前图片和视觉探针并设置 finish_after_tool=true。,True,examples/images/planner_retry_optimizer_matched_v12/icecyan_three_spoke_lockwheel.png,"[{""action"": ""qwen_detection"", ""arg_contains"": {""label"": [""冰青三辐锁紧轮""]}, ""decision_type"": ""tool"", ""required_args"": {""finish_after_tool"": false}}, {""action"": ""migration_advisor"", ""arg_contains"": {""user_query"": [""深水码头输油站异常路径终验1480号""]}, ""decision_type"": ""tool"", ""required_args"": {""finish_after_tool"": true, ""use_image"": true, ""use_visual_probe"": true}}]","[""rag_answer"", ""re_question"", ""answerer"", ""flux-image-generation"", ""rexomni_detection"", ""pipeline_eval""]","{""action_match"": 0.65, ""argument_match"": 0.1, ""decision_type_valid"": 0.03, ""final_tool_finish"": 0.1, ""finish_after_tool"": 0.1, ""json_valid"": 0.02, ""no_forbidden_action"": 0.1, ""no_premature_stop"": 0.1, ""no_repeated_tool"": 0.1, ""no_skip_required_probe"": 0.1, ""strict_action_match"": true, ""strict_argument_types"": true, ""wrong_action_cap"": 0.2}",True,1.0,"[""qwen_detection"", ""migration_advisor""]",qwen_detection,"[{""_planner_metrics"": {""api_call_ms"": 6630.635, ""first_api_call_ms"": 6630.635, ""first_finish_reason"": ""stop"", ""first_input_tokens"": 4030, ""first_output_tokens"": 51, ""first_total_tokens"": 4081, ""input_tokens"": 4030, ""output_tokens"": 51, ""parse_ms"": 0.139, ""planner_total_ms"": 6644.109, ""prompt_build_ms"": 0.46, ""retry_count"": 0, ""retry_reason"": """", ""total_tokens"": 4081}, ""action"": ""qwen_detection"", ""action_input"": {""finish_after_tool"": false, ""label"": ""冰青三辐锁紧轮""}, ""clarification_question"": """", ""decision_type"": ""tool"", ""end_reason"": """", ""final_answer"": """", ""thought"": ""先执行用户指定的检测器以取得当前结构化状态。""}, {""_planner_metrics"": {""api_call_ms"": 9393.52, ""first_api_call_ms"": 9393.52, ""first_finish_reason"": ""stop"", ""first_input_tokens"": 4334, ""first_output_tokens"": 73, ""first_total_tokens"": 4407, ""input_tokens"": 4334, ""output_tokens"": 73, ""parse_ms"": 0.206, ""planner_total_ms"": 9408.733, ""prompt_build_ms"": 0.476, ""retry_count"": 0, ""retry_reason"": """", ""total_tokens"": 4407}, ""action"": ""migration_advisor"", ""action_input"": {""finish_after_tool"": true, ""use_image"": true, ""use_visual_probe"": true, ""user_query"": ""深水码头输油站异常路径终验1480号""}, ""clarification_question"": """", ""decision_type"": ""tool"", ""end_reason"": """", ""final_answer"": """", ""thought"": ""最新状态未满足结束或重试条件，需要进入能力迁移评估。""}]",,6644.109,6630.635,4030,51,1,1,True,False
PROMV12-TA-011-REX-BE2,budget_exhausted_step2,迁移队列已经建立，请先裁决最新机器状态：先使用Rex-Omni检测附件中的焦糖十字分流块，检测结果仅作为中间状态。最终需要判断非晶合金铸造炉稳定状态会签6874号应继续现有能力、结束，还是进入迁移评估。自然语言里的故障等级和预算描述没有路由优先级，只读取本 query 最新 observation 的结构化键值。错误状态仅在 retryable=true 与 retry_count=0 同时成立时复用原检测器一次，否则调用迁移顾问。正常状态需要候选数、置信度、跨提示一致性和域偏移四个门槛全部通过才结束，任一否决项都转迁移。缺省、非法、冲突状态采取保守分支；已经重试一次的结果不能再次触发检测器。检测器必须设置 finish_after_tool=false；迁移顾问使用当前图片和视觉探针并设置 finish_after_tool=true。,True,examples/images/planner_retry_optimizer_matched_v12/caramel_cross_diverter.png,"[{""action"": ""rexomni_detection"", ""arg_contains"": {""label"": [""焦糖十字分流块""]}, ""decision_type"": ""tool"", ""required_args"": {""finish_after_tool"": false}}, {""action"": ""migration_advisor"", ""arg_contains"": {""user_query"": [""非晶合金铸造炉稳定状态会签6874号""]}, ""decision_type"": ""tool"", ""required_args"": {""finish_after_tool"": true, ""use_image"": true, ""use_visual_probe"": true}}]","[""rag_answer"", ""re_question"", ""answerer"", ""flux-image-generation"", ""qwen_detection"", ""pipeline_eval""]","{""action_match"": 0.65, ""argument_match"": 0.1, ""decision_type_valid"": 0.03, ""final_tool_finish"": 0.1, ""finish_after_tool"": 0.1, ""json_valid"": 0.02, ""no_forbidden_action"": 0.1, ""no_premature_stop"": 0.1, ""no_repeated_tool"": 0.1, ""no_skip_required_probe"": 0.1, ""strict_action_match"": true, ""strict_argument_types"": true, ""wrong_action_cap"": 0.2}",True,1.0,"[""rexomni_detection"", ""migration_advisor""]",rexomni_detection,"[{""_planner_metrics"": {""api_call_ms"": 6570.969, ""first_api_call_ms"": 6570.969, ""first_finish_reason"": ""stop"", ""first_input_tokens"": 4025, ""first_output_tokens"": 49, ""first_total_tokens"": 4074, ""input_tokens"": 4025, ""output_tokens"": 49, ""parse_ms"": 0.142, ""planner_total_ms"": 6585.784, ""prompt_build_ms"": 0.48, ""retry_count"": 0, ""retry_reason"": """", ""total_tokens"": 4074}, ""action"": ""rexomni_detection"", ""action_input"": {""finish_after_tool"": false, ""label"": ""焦糖十字分流块""}, ""clarification_question"": """", ""decision_type"": ""tool"", ""end_reason"": """", ""final_answer"": """", ""thought"": ""先执行用户指定的检测器以取得当前结构化状态。""}, {""_planner_metrics"": {""api_call_ms"": 9047.916, ""first_api_call_ms"": 9047.916, ""first_finish_reason"": ""stop"", ""first_input_tokens"": 4327, ""first_output_tokens"": 73, ""first_total_tokens"": 4400, ""input_tokens"": 4327, ""output_tokens"": 73, ""parse_ms"": 0.118, ""planner_total_ms"": 9064.284, ""prompt_build_ms"": 0.484, ""retry_count"": 0, ""retry_reason"": """", ""total_tokens"": 4400}, ""action"": ""migration_advisor"", ""action_input"": {""finish_after_tool"": true, ""use_image"": true, ""use_visual_probe"": true, ""user_query"": ""非晶合金铸造炉稳定状态会签6874号""}, ""clarification_question"": """", ""decision_type"": ""tool"", ""end_reason"": """", ""final_answer"": """", ""thought"": ""最新状态未满足结束或重试条件，需要进入能力迁移评估。""}]",,6585.784,6570.969,4025,49,1,1,True,False
PROMV12-TA-006-QWEN-PE3,post_retry_error_step3,设备失联只是背景，仍须核对当前显式额度：先使用Qwen检测附件中的冰青三辐锁紧轮，检测结果仅作为中间状态。最终需要判断深水码头输油站异常路径终验1480号应继续现有能力、结束，还是进入迁移评估。自然语言里的故障等级和预算描述没有路由优先级，只读取本 query 最新 observation 的结构化键值。错误状态仅在 retryable=true 与 retry_count=0 同时成立时复用原检测器一次，否则调用迁移顾问。正常状态需要候选数、置信度、跨提示一致性和域偏移四个门槛全部通过才结束，任一否决项都转迁移。缺省、非法、冲突状态采取保守分支；已经重试一次的结果不能再次触发检测器。检测器必须设置 finish_after_tool=false；迁移顾问使用当前图片和视觉探针并设置 finish_after_tool=true。,True,examples/images/planner_retry_optimizer_matched_v12/icecyan_three_spoke_lockwheel.png,"[{""action"": ""qwen_detection"", ""arg_contains"": {""label"": [""冰青三辐锁紧轮""]}, ""decision_type"": ""tool"", ""required_args"": {""finish_after_tool"": false}}, {""action"": ""qwen_detection"", ""arg_contains"": {""label"": [""冰青三辐锁紧轮""]}, ""decision_type"": ""tool"", ""required_args"": {""finish_after_tool"": false}}, {""action"": ""migration_advisor"", ""arg_contains"": {""user_query"": [""深水码头输油站异常路径终验1480号""]}, ""decision_type"": ""tool"", ""required_args"": {""finish_after_tool"": true, ""use_image"": true, ""use_visual_probe"": true}}]","[""rag_answer"", ""re_question"", ""answerer"", ""flux-image-generation"", ""rexomni_detection"", ""pipeline_eval""]","{""action_match"": 0.65, ""argument_match"": 0.1, ""decision_type_valid"": 0.03, ""final_tool_finish"": 0.1, ""finish_after_tool"": 0.1, ""json_valid"": 0.02, ""no_forbidden_action"": 0.1, ""no_premature_stop"": 0.1, ""no_repeated_tool"": 0.1, ""no_skip_required_probe"": 0.1, ""strict_action_match"": true, ""strict_argument_types"": true, ""wrong_action_cap"": 0.2}",False,0.734375,"[""qwen_detection"", ""qwen_detection"", ""qwen_detection""]",qwen_detection,"[{""_planner_metrics"": {""api_call_ms"": 6613.151, ""first_api_call_ms"": 6613.151, ""first_finish_reason"": ""stop"", ""first_input_tokens"": 4030, ""first_output_tokens"": 51, ""first_total_tokens"": 4081, ""input_tokens"": 4030, ""output_tokens"": 51, ""parse_ms"": 0.14, ""planner_total_ms"": 6626.39, ""prompt_build_ms"": 0.424, ""retry_count"": 0, ""retry_reason"": """", ""total_tokens"": 4081}, ""action"": ""qwen_detection"", ""action_input"": {""finish_after_tool"": false, ""label"": ""冰青三辐锁紧轮""}, ""clarification_question"": """", ""decision_type"": ""tool"", ""end_reason"": """", ""final_answer"": """", ""thought"": ""先执行用户指定的检测器以取得当前结构化状态。""}, {""_planner_metrics"": {""api_call_ms"": 6935.471, ""first_api_call_ms"": 6935.471, ""first_finish_reason"": ""stop"", ""first_input_tokens"": 4335, ""first_output_tokens"": 53, ""first_total_tokens"": 4388, ""input_tokens"": 4335, ""output_tokens"": 53, ""parse_ms"": 0.131, ""planner_total_ms"": 6950.367, ""prompt_build_ms"": 0.487, ""retry_count"": 0, ""retry_reason"": """", ""total_tokens"": 4388}, ""action"": ""qwen_detection"", ""action_input"": {""finish_after_tool"": false, ""label"": ""冰青三辐锁紧轮""}, ""clarification_question"": """", ""decision_type"": ""tool"", ""end_reason"": """", ""final_answer"": """", ""thought"": ""最新状态满足错误状态重试条件，需要复用同一检测器。""}, {""_planner_metrics"": {""api_call_ms"": 7082.189, ""first_api_call_ms"": 7082.189, ""first_finish_reason"": ""stop"", ""first_input_tokens"": 4641, ""first_output_tokens"": 53, ""first_total_tokens"": 4694, ""input_tokens"": 4641, ""output_tokens"": 53, ""parse_ms"": 0.115, ""planner_total_ms"": 7096.357, ""prompt_build_ms"": 0.421, ""retry_count"": 0, ""retry_reason"": """", ""total_tokens"": 4694}, ""action"": ""qwen_detection"", ""action_input"": {""finish_after_tool"": false, ""label"": ""冰青三辐锁紧轮""}, ""clarification_question"": """", ""decision_type"": ""tool"", ""end_reason"": """", ""final_answer"": """", ""thought"": ""最新状态满足错误状态重试条件，需要复用同一检测器。""}]","step3:action expected 'migration_advisor', got 'qwen_detection' | step3:finish_after_tool expected True, got False | step3:arg 'use_image' expected True, got None | step3:arg 'use_visual_probe' expected True, got None | step3:arg 'user_query' expected to contain ['深水码头输油站异常路径终验1480号'], got None",6626.39,6613.151,4030,51,0,1,False,True
PROMV12-TA-006-REX-BE2,budget_exhausted_step2,设备失联只是背景，仍须核对当前显式额度：先使用Rex-Omni检测附件中的冰青三辐锁紧轮，检测结果仅作为中间状态。最终需要判断深水码头输油站异常路径终验1480号应继续现有能力、结束，还是进入迁移评估。自然语言里的故障等级和预算描述没有路由优先级，只读取本 query 最新 observation 的结构化键值。错误状态仅在 retryable=true 与 retry_count=0 同时成立时复用原检测器一次，否则调用迁移顾问。正常状态需要候选数、置信度、跨提示一致性和域偏移四个门槛全部通过才结束，任一否决项都转迁移。缺省、非法、冲突状态采取保守分支；已经重试一次的结果不能再次触发检测器。检测器必须设置 finish_after_tool=false；迁移顾问使用当前图片和视觉探针并设置 finish_after_tool=true。,True,examples/images/planner_retry_optimizer_matched_v12/icecyan_three_spoke_lockwheel.png,"[{""action"": ""rexomni_detection"", ""arg_contains"": {""label"": [""冰青三辐锁紧轮""]}, ""decision_type"": ""tool"", ""required_args"": {""finish_after_tool"": false}}, {""action"": ""migration_advisor"", ""arg_contains"": {""user_query"": [""深水码头输油站异常路径终验1480号""]}, ""decision_type"": ""tool"", ""required_args"": {""finish_after_tool"": true, ""use_image"": true, ""use_visual_probe"": true}}]","[""rag_answer"", ""re_question"", ""answerer"", ""flux-image-generation"", ""qwen_detection"", ""pipeline_eval""]","{""action_match"": 0.65, ""argument_match"": 0.1, ""decision_type_valid"": 0.03, ""final_tool_finish"": 0.1, ""finish_after_tool"": 0.1, ""json_valid"": 0.02, ""no_forbidden_action"": 0.1, ""no_premature_stop"": 0.1, ""no_repeated_tool"": 0.1, ""no_skip_required_probe"": 0.1, ""strict_action_match"": true, ""strict_argument_types"": true, ""wrong_action_cap"": 0.2}",True,1.0,"[""rexomni_detection"", ""migration_advisor""]",rexomni_detection,"[{""_planner_metrics"": {""api_call_ms"": 6622.495, ""first_api_call_ms"": 6622.495, ""first_finish_reason"": ""stop"", ""first_input_tokens"": 4036, ""first_output_tokens"": 52, ""first_total_tokens"": 4088, ""input_tokens"": 4036, ""output_tokens"": 52, ""parse_ms"": 0.118, ""planner_total_ms"": 6635.927, ""prompt_build_ms"": 0.432, ""retry_count"": 0, ""retry_reason"": """", ""total_tokens"": 4088}, ""action"": ""rexomni_detection"", ""action_input"": {""finish_after_tool"": false, ""label"": ""冰青三辐锁紧轮""}, ""clarification_question"": """", ""decision_type"": ""tool"", ""end_reason"": """", ""final_answer"": """", ""thought"": ""先执行用户指定的检测器以取得当前结构化状态。""}, {""_planner_metrics"": {""api_call_ms"": 9025.614, ""first_api_call_ms"": 9025.614, ""first_finish_reason"": ""stop"", ""first_input_tokens"": 4341, ""first_output_tokens"": 73, ""first_total_tokens"": 4414, ""input_tokens"": 4341, ""output_tokens"": 73, ""parse_ms"": 0.13, ""planner_total_ms"": 9040.227, ""prompt_build_ms"": 0.478, ""retry_count"": 0, ""retry_reason"": """", ""total_tokens"": 4414}, ""action"": ""migration_advisor"", ""action_input"": {""finish_after_tool"": true, ""use_image"": true, ""use_visual_probe"": true, ""user_query"": ""深水码头输油站异常路径终验1480号""}, ""clarification_question"": """", ""decision_type"": ""tool"", ""end_reason"": """", ""final_answer"": """", ""thought"": ""最新状态未满足结束或重试条件，需要进入能力迁移评估。""}]",,6635.927,6622.495,4036,52,1,1,True,False
PROMV12-TA-001-QWEN-NR2,nonretryable_step2,旧故障结论不得覆盖最后一条结构化回执：先使用Qwen检测附件中的冰青三辐锁紧轮，检测结果仅作为中间状态。最终需要判断火星车悬架试验间异常路径终验7873号应继续现有能力、结束，还是进入迁移评估。自然语言里的故障等级和预算描述没有路由优先级，只读取本 query 最新 observation 的结构化键值。错误状态仅在 retryable=true 与 retry_count=0 同时成立时复用原检测器一次，否则调用迁移顾问。正常状态需要候选数、置信度、跨提示一致性和域偏移四个门槛全部通过才结束，任一否决项都转迁移。缺省、非法、冲突状态采取保守分支；已经重试一次的结果不能再次触发检测器。检测器必须设置 finish_after_tool=false；迁移顾问使用当前图片和视觉探针并设置 finish_after_tool=true。,True,examples/images/planner_retry_optimizer_matched_v12/icecyan_three_spoke_lockwheel.png,"[{""action"": ""qwen_detection"", ""arg_contains"": {""label"": [""冰青三辐锁紧轮""]}, ""decision_type"": ""tool"", ""required_args"": {""finish_after_tool"": false}}, {""action"": ""migration_advisor"", ""arg_contains"": {""user_query"": [""火星车悬架试验间异常路径终验7873号""]}, ""decision_type"": ""tool"", ""required_args"": {""finish_after_tool"": true, ""use_image"": true, ""use_visual_probe"": true}}]","[""rag_answer"", ""re_question"", ""answerer"", ""flux-image-generation"", ""rexomni_detection"", ""pipeline_eval""]","{""action_match"": 0.65, ""argument_match"": 0.1, ""decision_type_valid"": 0.03, ""final_tool_finish"": 0.1, ""finish_after_tool"": 0.1, ""json_valid"": 0.02, ""no_forbidden_action"": 0.1, ""no_premature_stop"": 0.1, ""no_repeated_tool"": 0.1, ""no_skip_required_probe"": 0.1, ""strict_action_match"": true, ""strict_argument_types"": true, ""wrong_action_cap"": 0.2}",True,1.0,"[""qwen_detection"", ""migration_advisor""]",qwen_detection,"[{""_planner_metrics"": {""api_call_ms"": 6518.068, ""first_api_call_ms"": 6518.068, ""first_finish_reason"": ""stop"", ""first_input_tokens"": 4024, ""first_output_tokens"": 51, ""first_total_tokens"": 4075, ""input_tokens"": 4024, ""output_tokens"": 51, ""parse_ms"": 0.111, ""planner_total_ms"": 6531.946, ""prompt_build_ms"": 0.43, ""retry_count"": 0, ""retry_reason"": """", ""total_tokens"": 4075}, ""action"": ""qwen_detection"", ""action_input"": {""finish_after_tool"": false, ""label"": ""冰青三辐锁紧轮""}, ""clarification_question"": """", ""decision_type"": ""tool"", ""end_reason"": """", ""final_answer"": """", ""thought"": ""先执行用户指定的检测器以取得当前结构化状态。""}, {""_planner_metrics"": {""api_call_ms"": 8985.171, ""first_api_call_ms"": 8985.171, ""first_finish_reason"": ""stop"", ""first_input_tokens"": 4332, ""first_output_tokens"": 73, ""first_total_tokens"": 4405, ""input_tokens"": 4332, ""output_tokens"": 73, ""parse_ms"": 0.254, ""planner_total_ms"": 9000.496, ""prompt_build_ms"": 0.459, ""retry_count"": 0, ""retry_reason"": """", ""total_tokens"": 4405}, ""action"": ""migration_advisor"", ""action_input"": {""finish_after_tool"": true, ""use_image"": true, ""use_visual_probe"": true, ""user_query"": ""火星车悬架试验间异常路径终验7873号""}, ""clarification_question"": """", ""decision_type"": ""tool"", ""end_reason"": """", ""final_answer"": """", ""thought"": ""最新状态未满足结束或重试条件，需要进入能力迁移评估。""}]",,6531.946,6518.068,4024,51,1,1,True,False
PROMV12-TA-007-QWEN-CS2,current_success_step2,旧故障结论不得覆盖最后一条结构化回执：先使用Qwen检测附件中的焦糖十字分流块，检测结果仅作为中间状态。最终需要判断类器官灌流培养台稳定状态会签3047号应继续现有能力、结束，还是进入迁移评估。自然语言里的故障等级和预算描述没有路由优先级，只读取本 query 最新 observation 的结构化键值。错误状态仅在 retryable=true 与 retry_count=0 同时成立时复用原检测器一次，否则调用迁移顾问。正常状态需要候选数、置信度、跨提示一致性和域偏移四个门槛全部通过才结束，任一否决项都转迁移。缺省、非法、冲突状态采取保守分支；已经重试一次的结果不能再次触发检测器。检测器必须设置 finish_after_tool=false；迁移顾问使用当前图片和视觉探针并设置 finish_after_tool=true。,True,examples/images/planner_retry_optimizer_matched_v12/caramel_cross_diverter.png,"[{""action"": ""qwen_detection"", ""arg_contains"": {""label"": [""焦糖十字分流块""]}, ""decision_type"": ""tool"", ""required_args"": {""finish_after_tool"": false}}, {""arg_contains"": {}, ""decision_type"": ""end"", ""required_args"": {""end_reason"": ""memory_hit""}}]","[""rag_answer"", ""re_question"", ""answerer"", ""flux-image-generation"", ""rexomni_detection"", ""pipeline_eval"", ""migration_advisor""]","{""action_match"": 0.65, ""argument_match"": 0.1, ""decision_type_valid"": 0.03, ""final_tool_finish"": 0.1, ""finish_after_tool"": 0.1, ""json_valid"": 0.02, ""no_forbidden_action"": 0.1, ""no_premature_stop"": 0.1, ""no_repeated_tool"": 0.1, ""no_skip_required_probe"": 0.1, ""strict_action_match"": true, ""strict_argument_types"": true, ""wrong_action_cap"": 0.2}",True,1.0,"[""qwen_detection"", ""final_answer""]",qwen_detection,"[{""_planner_metrics"": {""api_call_ms"": 6268.847, ""first_api_call_ms"": 6268.847, ""first_finish_reason"": ""stop"", ""first_input_tokens"": 4016, ""first_output_tokens"": 48, ""first_total_tokens"": 4064, ""input_tokens"": 4016, ""output_tokens"": 48, ""parse_ms"": 0.135, ""planner_total_ms"": 6283.128, ""prompt_build_ms"": 0.457, ""retry_count"": 0, ""retry_reason"": """", ""total_tokens"": 4064}, ""action"": ""qwen_detection"", ""action_input"": {""finish_after_tool"": false, ""label"": ""焦糖十字分流块""}, ""clarification_question"": """", ""decision_type"": ""tool"", ""end_reason"": """", ""final_answer"": """", ""thought"": ""先执行用户指定的检测器以取得当前结构化状态。""}, {""_planner_metrics"": {""api_call_ms"": 4937.64, ""first_api_call_ms"": 4937.64, ""first_finish_reason"": ""stop"", ""first_input_tokens"": 4321, ""first_output_tokens"": 34, ""first_total_tokens"": 4355, ""input_tokens"": 4321, ""output_tokens"": 34, ""parse_ms"": 0.135, ""planner_total_ms"": 4953.816, ""prompt_build_ms"": 0.515, ""retry_count"": 0, ""retry_reason"": """", ""total_tokens"": 4355}, ""action"": ""final_answer"", ""action_input"": {}, ""clarification_question"": """", ""decision_type"": ""end"", ""end_reason"": ""memory_hit"", ""final_answer"": """", ""thought"": ""最新结构化状态已满足全部硬门槛，可以结束本轮规划。""}]",,6283.128,6268.847,4016,48,1,1,True,False
PROMV12-TA-006-QWEN-FR2,fresh_retry_step2,设备失联只是背景，仍须核对当前显式额度：先使用Qwen检测附件中的冰青三辐锁紧轮，检测结果仅作为中间状态。最终需要判断深水码头输油站异常路径终验1480号应继续现有能力、结束，还是进入迁移评估。自然语言里的故障等级和预算描述没有路由优先级，只读取本 query 最新 observation 的结构化键值。错误状态仅在 retryable=true 与 retry_count=0 同时成立时复用原检测器一次，否则调用迁移顾问。正常状态需要候选数、置信度、跨提示一致性和域偏移四个门槛全部通过才结束，任一否决项都转迁移。缺省、非法、冲突状态采取保守分支；已经重试一次的结果不能再次触发检测器。检测器必须设置 finish_after_tool=false；迁移顾问使用当前图片和视觉探针并设置 finish_after_tool=true。,True,examples/images/planner_retry_optimizer_matched_v12/icecyan_three_spoke_lockwheel.png,"[{""action"": ""qwen_detection"", ""arg_contains"": {""label"": [""冰青三辐锁紧轮""]}, ""decision_type"": ""tool"", ""required_args"": {""finish_after_tool"": false}}, {""action"": ""qwen_detection"", ""arg_contains"": {""label"": [""冰青三辐锁紧轮""]}, ""decision_type"": ""tool"", ""required_args"": {""finish_after_tool"": false}}, {""arg_contains"": {}, ""decision_type"": ""end"", ""required_args"": {""end_reason"": ""memory_hit""}}]","[""rag_answer"", ""re_question"", ""answerer"", ""flux-image-generation"", ""rexomni_detection"", ""pipeline_eval"", ""migration_advisor""]","{""action_match"": 0.65, ""argument_match"": 0.1, ""decision_type_valid"": 0.03, ""final_tool_finish"": 0.1, ""finish_after_tool"": 0.1, ""json_valid"": 0.02, ""no_forbidden_action"": 0.1, ""no_premature_stop"": 0.1, ""no_repeated_tool"": 0.1, ""no_skip_required_probe"": 0.1, ""strict_action_match"": true, ""strict_argument_types"": true, ""wrong_action_cap"": 0.2}",False,0.75625,"[""qwen_detection"", ""qwen_detection"", ""qwen_detection""]",qwen_detection,"[{""_planner_metrics"": {""api_call_ms"": 6585.264, ""first_api_call_ms"": 6585.264, ""first_finish_reason"": ""stop"", ""first_input_tokens"": 4030, ""first_output_tokens"": 51, ""first_total_tokens"": 4081, ""input_tokens"": 4030, ""output_tokens"": 51, ""parse_ms"": 0.113, ""planner_total_ms"": 6598.472, ""prompt_build_ms"": 0.432, ""retry_count"": 0, ""retry_reason"": """", ""total_tokens"": 4081}, ""action"": ""qwen_detection"", ""action_input"": {""finish_after_tool"": false, ""label"": ""冰青三辐锁紧轮""}, ""clarification_question"": """", ""decision_type"": ""tool"", ""end_reason"": """", ""final_answer"": """", ""thought"": ""先执行用户指定的检测器以取得当前结构化状态。""}, {""_planner_metrics"": {""api_call_ms"": 6932.944, ""first_api_call_ms"": 6932.944, ""first_finish_reason"": ""stop"", ""first_input_tokens"": 4334, ""first_output_tokens"": 53, ""first_total_tokens"": 4387, ""input_tokens"": 4334, ""output_tokens"": 53, ""parse_ms"": 0.123, ""planner_total_ms"": 6947.753, ""prompt_build_ms"": 0.498, ""retry_count"": 0, ""retry_reason"": """", ""total_tokens"": 4387}, ""action"": ""qwen_detection"", ""action_input"": {""finish_after_tool"": false, ""label"": ""冰青三辐锁紧轮""}, ""clarification_question"": """", ""decision_type"": ""tool"", ""end_reason"": """", ""final_answer"": """", ""thought"": ""最新状态满足错误状态重试条件，需要复用同一检测器。""}, {""_planner_metrics"": {""api_call_ms"": 7201.366, ""first_api_call_ms"": 7201.366, ""first_finish_reason"": ""stop"", ""first_input_tokens"": 4635, ""first_output_tokens"": 54, ""first_total_tokens"": 4689, ""input_tokens"": 4635, ""output_tokens"": 54, ""parse_ms"": 0.113, ""planner_total_ms"": 7217.19, ""prompt_build_ms"": 0.508, ""retry_count"": 0, ""retry_reason"": """", ""total_tokens"": 4689}, ""action"": ""qwen_detection"", ""action_input"": {""finish_after_tool"": false, ""label"": ""冰青三辐锁紧轮""}, ""clarification_question"": """", ""decision_type"": ""tool"", ""end_reason"": """", ""final_answer"": """", ""thought"": ""最新状态未满足结束或迁移条件，需要继续按规则处理。""}]","step3:decision_type expected 'end', got 'tool' | step3:action expected 'end', got 'qwen_detection' | step3:arg 'end_reason' expected 'memory_hit', got ''",6598.472,6585.264,4030,51,0,1,False,True
PROMV12-TA-005-QWEN-BE2,budget_exhausted_step2,设备失联只是背景，仍须核对当前显式额度：先使用Qwen检测附件中的冰青三辐锁紧轮，检测结果仅作为中间状态。最终需要判断类器官灌流培养台重试边界复审5611号应继续现有能力、结束，还是进入迁移评估。自然语言里的故障等级和预算描述没有路由优先级，只读取本 query 最新 observation 的结构化键值。错误状态仅在 retryable=true 与 retry_count=0 同时成立时复用原检测器一次，否则调用迁移顾问。正常状态需要候选数、置信度、跨提示一致性和域偏移四个门槛全部通过才结束，任一否决项都转迁移。缺省、非法、冲突状态采取保守分支；已经重试一次的结果不能再次触发检测器。检测器必须设置 finish_after_tool=false；迁移顾问使用当前图片和视觉探针并设置 finish_after_tool=true。,True,examples/images/planner_retry_optimizer_matched_v12/icecyan_three_spoke_lockwheel.png,"[{""action"": ""qwen_detection"", ""arg_contains"": {""label"": [""冰青三辐锁紧轮""]}, ""decision_type"": ""tool"", ""required_args"": {""finish_after_tool"": false}}, {""action"": ""migration_advisor"", ""arg_contains"": {""user_query"": [""类器官灌流培养台重试边界复审5611号""]}, ""decision_type"": ""tool"", ""required_args"": {""finish_after_tool"": true, ""use_image"": true, ""use_visual_probe"": true}}]","[""rag_answer"", ""re_question"", ""answerer"", ""flux-image-generation"", ""rexomni_detection"", ""pipeline_eval""]","{""action_match"": 0.65, ""argument_match"": 0.1, ""decision_type_valid"": 0.03, ""final_tool_finish"": 0.1, ""finish_after_tool"": 0.1, ""json_valid"": 0.02, ""no_forbidden_action"": 0.1, ""no_premature_stop"": 0.1, ""no_repeated_tool"": 0.1, ""no_skip_required_probe"": 0.1, ""strict_action_match"": true, ""strict_argument_types"": true, ""wrong_action_cap"": 0.2}",True,1.0,"[""qwen_detection"", ""migration_advisor""]",qwen_detection,"[{""_planner_metrics"": {""api_call_ms"": 6585.176, ""first_api_call_ms"": 6585.176, ""first_finish_reason"": ""stop"", ""first_input_tokens"": 4030, ""first_output_tokens"": 51, ""first_total_tokens"": 4081, ""input_tokens"": 4030, ""output_tokens"": 51, ""parse_ms"": 0.124, ""planner_total_ms"": 6598.216, ""prompt_build_ms"": 0.461, ""retry_count"": 0, ""retry_reason"": """", ""total_tokens"": 4081}, ""action"": ""qwen_detection"", ""action_input"": {""finish_after_tool"": false, ""label"": ""冰青三辐锁紧轮""}, ""clarification_question"": """", ""decision_type"": ""tool"", ""end_reason"": """", ""final_answer"": """", ""thought"": ""先执行用户指定的检测器以取得当前结构化状态。""}, {""_planner_metrics"": {""api_call_ms"": 9045.621, ""first_api_call_ms"": 9045.621, ""first_finish_reason"": ""stop"", ""first_input_tokens"": 4341, ""first_output_tokens"": 73, ""first_total_tokens"": 4414, ""input_tokens"": 4341, ""output_tokens"": 73, ""parse_ms"": 0.136, ""planner_total_ms"": 9059.886, ""prompt_build_ms"": 0.516, ""retry_count"": 0, ""retry_reason"": """", ""total_tokens"": 4414}, ""action"": ""migration_advisor"", ""action_input"": {""finish_after_tool"": true, ""use_image"": true, ""use_visual_probe"": true, ""user_query"": ""类器官灌流培养台重试边界复审5611号""}, ""clarification_question"": """", ""decision_type"": ""tool"", ""end_reason"": """", ""final_answer"": """", ""thought"": ""最新状态未满足结束或重试条件，需要进入能力迁移评估。""}]",,6598.216,6585.176,4030,51,1,1,True,False
PROMV12-TA-012-QWEN-PV3,post_retry_metric_veto_step3,完成本轮异常探针的最终路由：先使用Qwen检测附件中的冰青三辐锁紧轮，检测结果仅作为中间状态。最终需要判断深水码头输油站稳定状态会签5128号应继续现有能力、结束，还是进入迁移评估。自然语言里的故障等级和预算描述没有路由优先级，只读取本 query 最新 observation 的结构化键值。错误状态仅在 retryable=true 与 retry_count=0 同时成立时复用原检测器一次，否则调用迁移顾问。正常状态需要候选数、置信度、跨提示一致性和域偏移四个门槛全部通过才结束，任一否决项都转迁移。缺省、非法、冲突状态采取保守分支；已经重试一次的结果不能再次触发检测器。检测器必须设置 finish_after_tool=false；迁移顾问使用当前图片和视觉探针并设置 finish_after_tool=true。,True,examples/images/planner_retry_optimizer_matched_v12/icecyan_three_spoke_lockwheel.png,"[{""action"": ""qwen_detection"", ""arg_contains"": {""label"": [""冰青三辐锁紧轮""]}, ""decision_type"": ""tool"", ""required_args"": {""finish_after_tool"": false}}, {""action"": ""qwen_detection"", ""arg_contains"": {""label"": [""冰青三辐锁紧轮""]}, ""decision_type"": ""tool"", ""required_args"": {""finish_after_tool"": false}}, {""action"": ""migration_advisor"", ""arg_contains"": {""user_query"": [""深水码头输油站稳定状态会签5128号""]}, ""decision_type"": ""tool"", ""required_args"": {""finish_after_tool"": true, ""use_image"": true, ""use_visual_probe"": true}}]","[""rag_answer"", ""re_question"", ""answerer"", ""flux-image-generation"", ""rexomni_detection"", ""pipeline_eval""]","{""action_match"": 0.65, ""argument_match"": 0.1, ""decision_type_valid"": 0.03, ""final_tool_finish"": 0.1, ""finish_after_tool"": 0.1, ""json_valid"": 0.02, ""no_forbidden_action"": 0.1, ""no_premature_stop"": 0.1, ""no_repeated_tool"": 0.1, ""no_skip_required_probe"": 0.1, ""strict_action_match"": true, ""strict_argument_types"": true, ""wrong_action_cap"": 0.2}",True,1.0,"[""qwen_detection"", ""qwen_detection"", ""migration_advisor""]",qwen_detection,"[{""_planner_metrics"": {""api_call_ms"": 6531.752, ""first_api_call_ms"": 6531.752, ""first_finish_reason"": ""stop"", ""first_input_tokens"": 4018, ""first_output_tokens"": 51, ""first_total_tokens"": 4069, ""input_tokens"": 4018, ""output_tokens"": 51, ""parse_ms"": 0.135, ""planner_total_ms"": 6544.671, ""prompt_build_ms"": 0.427, ""retry_count"": 0, ""retry_reason"": """", ""total_tokens"": 4069}, ""action"": ""qwen_detection"", ""action_input"": {""finish_after_tool"": false, ""label"": ""冰青三辐锁紧轮""}, ""clarification_question"": """", ""decision_type"": ""tool"", ""end_reason"": """", ""final_answer"": """", ""thought"": ""先执行用户指定的检测器以取得当前结构化状态。""}, {""_planner_metrics"": {""api_call_ms"": 6898.788, ""first_api_call_ms"": 6898.788, ""first_finish_reason"": ""stop"", ""first_input_tokens"": 4328, ""first_output_tokens"": 53, ""first_total_tokens"": 4381, ""input_tokens"": 4328, ""output_tokens"": 53, ""parse_ms"": 0.113, ""planner_total_ms"": 6912.263, ""prompt_build_ms"": 0.491, ""retry_count"": 0, ""retry_reason"": """", ""total_tokens"": 4381}, ""action"": ""qwen_detection"", ""action_input"": {""finish_after_tool"": false, ""label"": ""冰青三辐锁紧轮""}, ""clarification_question"": """", ""decision_type"": ""tool"", ""end_reason"": """", ""final_answer"": """", ""thought"": ""最新状态满足错误重试条件，需要再次使用同一检测器。""}, {""_planner_metrics"": {""api_call_ms"": 9125.019, ""first_api_call_ms"": 9125.019, ""first_finish_reason"": ""stop"", ""first_input_tokens"": 4636, ""first_output_tokens"": 73, ""first_total_tokens"": 4709, ""input_tokens"": 4636, ""output_tokens"": 73, ""parse_ms"": 0.19, ""planner_total_ms"": 9139.884, ""prompt_build_ms"": 0.49, ""retry_count"": 0, ""retry_reason"": """", ""total_tokens"": 4709}, ""action"": ""migration_advisor"", ""action_input"": {""finish_after_tool"": true, ""use_image"": true, ""use_visual_probe"": true, ""user_query"": ""深水码头输油站稳定状态会签5128号""}, ""clarification_question"": """", ""decision_type"": ""tool"", ""end_reason"": """", ""final_answer"": """", ""thought"": ""最新状态未满足结束或重试条件，需要进入能力迁移评估。""}]",,6544.671,6531.752,4018,51,1,1,True,False
PROMV12-TA-003-QWEN-CF2,conflicting_state_step2,旧故障结论不得覆盖最后一条结构化回执：先使用Qwen检测附件中的冰青三辐锁紧轮，检测结果仅作为中间状态。最终需要判断深水码头输油站重试边界复审2398号应继续现有能力、结束，还是进入迁移评估。自然语言里的故障等级和预算描述没有路由优先级，只读取本 query 最新 observation 的结构化键值。错误状态仅在 retryable=true 与 retry_count=0 同时成立时复用原检测器一次，否则调用迁移顾问。正常状态需要候选数、置信度、跨提示一致性和域偏移四个门槛全部通过才结束，任一否决项都转迁移。缺省、非法、冲突状态采取保守分支；已经重试一次的结果不能再次触发检测器。检测器必须设置 finish_after_tool=false；迁移顾问使用当前图片和视觉探针并设置 finish_after_tool=true。,True,examples/images/planner_retry_optimizer_matched_v12/icecyan_three_spoke_lockwheel.png,"[{""action"": ""qwen_detection"", ""arg_contains"": {""label"": [""冰青三辐锁紧轮""]}, ""decision_type"": ""tool"", ""required_args"": {""finish_after_tool"": false}}, {""action"": ""migration_advisor"", ""arg_contains"": {""user_query"": [""深水码头输油站重试边界复审2398号""]}, ""decision_type"": ""tool"", ""required_args"": {""finish_after_tool"": true, ""use_image"": true, ""use_visual_probe"": true}}]","[""rag_answer"", ""re_question"", ""answerer"", ""flux-image-generation"", ""rexomni_detection"", ""pipeline_eval""]","{""action_match"": 0.65, ""argument_match"": 0.1, ""decision_type_valid"": 0.03, ""final_tool_finish"": 0.1, ""finish_after_tool"": 0.1, ""json_valid"": 0.02, ""no_forbidden_action"": 0.1, ""no_premature_stop"": 0.1, ""no_repeated_tool"": 0.1, ""no_skip_required_probe"": 0.1, ""strict_action_match"": true, ""strict_argument_types"": true, ""wrong_action_cap"": 0.2}",True,1.0,"[""qwen_detection"", ""migration_advisor""]",qwen_detection,"[{""_planner_metrics"": {""api_call_ms"": 6590.934, ""first_api_call_ms"": 6590.934, ""first_finish_reason"": ""stop"", ""first_input_tokens"": 4022, ""first_output_tokens"": 51, ""first_total_tokens"": 4073, ""input_tokens"": 4022, ""output_tokens"": 51, ""parse_ms"": 0.137, ""planner_total_ms"": 6606.112, ""prompt_build_ms"": 0.461, ""retry_count"": 0, ""retry_reason"": """", ""total_tokens"": 4073}, ""action"": ""qwen_detection"", ""action_input"": {""finish_after_tool"": false, ""label"": ""冰青三辐锁紧轮""}, ""clarification_question"": """", ""decision_type"": ""tool"", ""end_reason"": """", ""final_answer"": """", ""thought"": ""先执行用户指定的检测器以取得当前结构化状态。""}, {""_planner_metrics"": {""api_call_ms"": 8856.852, ""first_api_call_ms"": 8856.852, ""first_finish_reason"": ""stop"", ""first_input_tokens"": 4321, ""first_output_tokens"": 72, ""first_total_tokens"": 4393, ""input_tokens"": 4321, ""output_tokens"": 72, ""parse_ms"": 0.137, ""planner_total_ms"": 8873.595, ""prompt_build_ms"": 0.538, ""retry_count"": 0, ""retry_reason"": """", ""total_tokens"": 4393}, ""action"": ""migration_advisor"", ""action_input"": {""finish_after_tool"": true, ""use_image"": true, ""use_visual_probe"": true, ""user_query"": ""深水码头输油站重试边界复审2398号""}, ""clarification_question"": """", ""decision_type"": ""tool"", ""end_reason"": """", ""final_answer"": """", ""thought"": ""最新状态未满足结束或重试条件，需要进入能力迁移评估。""}]",,6606.112,6590.934,4022,51,1,1,True,False
PROMV12-TA-008-QWEN-CF2,conflicting_state_step2,完成本轮异常探针的最终路由：先使用Qwen检测附件中的焦糖十字分流块，检测结果仅作为中间状态。最终需要判断非晶合金铸造炉异常路径终验9752号应继续现有能力、结束，还是进入迁移评估。自然语言里的故障等级和预算描述没有路由优先级，只读取本 query 最新 observation 的结构化键值。错误状态仅在 retryable=true 与 retry_count=0 同时成立时复用原检测器一次，否则调用迁移顾问。正常状态需要候选数、置信度、跨提示一致性和域偏移四个门槛全部通过才结束，任一否决项都转迁移。缺省、非法、冲突状态采取保守分支；已经重试一次的结果不能再次触发检测器。检测器必须设置 finish_after_tool=false；迁移顾问使用当前图片和视觉探针并设置 finish_after_tool=true。,True,examples/images/planner_retry_optimizer_matched_v12/caramel_cross_diverter.png,"[{""action"": ""qwen_detection"", ""arg_contains"": {""label"": [""焦糖十字分流块""]}, ""decision_type"": ""tool"", ""required_args"": {""finish_after_tool"": false}}, {""action"": ""migration_advisor"", ""arg_contains"": {""user_query"": [""非晶合金铸造炉异常路径终验9752号""]}, ""decision_type"": ""tool"", ""required_args"": {""finish_after_tool"": true, ""use_image"": true, ""use_visual_probe"": true}}]","[""rag_answer"", ""re_question"", ""answerer"", ""flux-image-generation"", ""rexomni_detection"", ""pipeline_eval""]","{""action_match"": 0.65, ""argument_match"": 0.1, ""decision_type_valid"": 0.03, ""final_tool_finish"": 0.1, ""finish_after_tool"": 0.1, ""json_valid"": 0.02, ""no_forbidden_action"": 0.1, ""no_premature_stop"": 0.1, ""no_repeated_tool"": 0.1, ""no_skip_required_probe"": 0.1, ""strict_action_match"": true, ""strict_argument_types"": true, ""wrong_action_cap"": 0.2}",False,0.586957,"[""qwen_detection"", ""qwen_detection""]",qwen_detection,"[{""_planner_metrics"": {""api_call_ms"": 6247.478, ""first_api_call_ms"": 6247.478, ""first_finish_reason"": ""stop"", ""first_input_tokens"": 4011, ""first_output_tokens"": 48, ""first_total_tokens"": 4059, ""input_tokens"": 4011, ""output_tokens"": 48, ""parse_ms"": 0.111, ""planner_total_ms"": 6261.255, ""prompt_build_ms"": 0.416, ""retry_count"": 0, ""retry_reason"": """", ""total_tokens"": 4059}, ""action"": ""qwen_detection"", ""action_input"": {""finish_after_tool"": false, ""label"": ""焦糖十字分流块""}, ""clarification_question"": """", ""decision_type"": ""tool"", ""end_reason"": """", ""final_answer"": """", ""thought"": ""先执行用户指定的检测器以取得当前结构化状态。""}, {""_planner_metrics"": {""api_call_ms"": 6824.576, ""first_api_call_ms"": 6824.576, ""first_finish_reason"": ""stop"", ""first_input_tokens"": 4311, ""first_output_tokens"": 52, ""first_total_tokens"": 4363, ""input_tokens"": 4311, ""output_tokens"": 52, ""parse_ms"": 0.116, ""planner_total_ms"": 6838.856, ""prompt_build_ms"": 0.478, ""retry_count"": 0, ""retry_reason"": """", ""total_tokens"": 4363}, ""action"": ""qwen_detection"", ""action_input"": {""finish_after_tool"": false, ""label"": ""焦糖十字分流块""}, ""clarification_question"": """", ""decision_type"": ""tool"", ""end_reason"": """", ""final_answer"": """", ""thought"": ""最新状态满足错误状态且未重试过，应复用原检测器。""}]","step2:action expected 'migration_advisor', got 'qwen_detection' | step2:finish_after_tool expected True, got False | step2:arg 'use_image' expected True, got None | step2:arg 'use_visual_probe' expected True, got None | step2:arg 'user_query' expected to contain ['非晶合金铸造炉异常路径终验9752号'], got None",6261.255,6247.478,4011,48,0,1,False,True
PROMV12-TA-012-QWEN-NR2,nonretryable_step2,完成本轮异常探针的最终路由：先使用Qwen检测附件中的冰青三辐锁紧轮，检测结果仅作为中间状态。最终需要判断深水码头输油站稳定状态会签5128号应继续现有能力、结束，还是进入迁移评估。自然语言里的故障等级和预算描述没有路由优先级，只读取本 query 最新 observation 的结构化键值。错误状态仅在 retryable=true 与 retry_count=0 同时成立时复用原检测器一次，否则调用迁移顾问。正常状态需要候选数、置信度、跨提示一致性和域偏移四个门槛全部通过才结束，任一否决项都转迁移。缺省、非法、冲突状态采取保守分支；已经重试一次的结果不能再次触发检测器。检测器必须设置 finish_after_tool=false；迁移顾问使用当前图片和视觉探针并设置 finish_after_tool=true。,True,examples/images/planner_retry_optimizer_matched_v12/icecyan_three_spoke_lockwheel.png,"[{""action"": ""qwen_detection"", ""arg_contains"": {""label"": [""冰青三辐锁紧轮""]}, ""decision_type"": ""tool"", ""required_args"": {""finish_after_tool"": false}}, {""action"": ""migration_advisor"", ""arg_contains"": {""user_query"": [""深水码头输油站稳定状态会签5128号""]}, ""decision_type"": ""tool"", ""required_args"": {""finish_after_tool"": true, ""use_image"": true, ""use_visual_probe"": true}}]","[""rag_answer"", ""re_question"", ""answerer"", ""flux-image-generation"", ""rexomni_detection"", ""pipeline_eval""]","{""action_match"": 0.65, ""argument_match"": 0.1, ""decision_type_valid"": 0.03, ""final_tool_finish"": 0.1, ""finish_after_tool"": 0.1, ""json_valid"": 0.02, ""no_forbidden_action"": 0.1, ""no_premature_stop"": 0.1, ""no_repeated_tool"": 0.1, ""no_skip_required_probe"": 0.1, ""strict_action_match"": true, ""strict_argument_types"": true, ""wrong_action_cap"": 0.2}",True,1.0,"[""qwen_detection"", ""migration_advisor""]",qwen_detection,"[{""_planner_metrics"": {""api_call_ms"": 6561.776, ""first_api_call_ms"": 6561.776, ""first_finish_reason"": ""stop"", ""first_input_tokens"": 4018, ""first_output_tokens"": 51, ""first_total_tokens"": 4069, ""input_tokens"": 4018, ""output_tokens"": 51, ""parse_ms"": 0.171, ""planner_total_ms"": 6575.192, ""prompt_build_ms"": 0.446, ""retry_count"": 0, ""retry_reason"": """", ""total_tokens"": 4069}, ""action"": ""qwen_detection"", ""action_input"": {""finish_after_tool"": false, ""label"": ""冰青三辐锁紧轮""}, ""clarification_question"": """", ""decision_type"": ""tool"", ""end_reason"": """", ""final_answer"": """", ""thought"": ""先执行用户指定的检测器以取得当前结构化状态。""}, {""_planner_metrics"": {""api_call_ms"": 9004.61, ""first_api_call_ms"": 9004.61, ""first_finish_reason"": ""stop"", ""first_input_tokens"": 4329, ""first_output_tokens"": 73, ""first_total_tokens"": 4402, ""input_tokens"": 4329, ""output_tokens"": 73, ""parse_ms"": 0.12, ""planner_total_ms"": 9018.604, ""prompt_build_ms"": 0.503, ""retry_count"": 0, ""retry_reason"": """", ""total_tokens"": 4402}, ""action"": ""migration_advisor"", ""action_input"": {""finish_after_tool"": true, ""use_image"": true, ""use_visual_probe"": true, ""user_query"": ""深水码头输油站稳定状态会签5128号""}, ""clarification_question"": """", ""decision_type"": ""tool"", ""end_reason"": """", ""final_answer"": """", ""thought"": ""最新状态未满足结束或重试条件，需要进入能力迁移评估。""}]",,6575.192,6561.776,4018,51,1,1,True,False
PROMV12-TA-004-QWEN-CF2,conflicting_state_step2,迁移队列已经建立，请先裁决最新机器状态：先使用Qwen检测附件中的冰青三辐锁紧轮，检测结果仅作为中间状态。最终需要判断类器官灌流培养台异常路径终验2905号应继续现有能力、结束，还是进入迁移评估。自然语言里的故障等级和预算描述没有路由优先级，只读取本 query 最新 observation 的结构化键值。错误状态仅在 retryable=true 与 retry_count=0 同时成立时复用原检测器一次，否则调用迁移顾问。正常状态需要候选数、置信度、跨提示一致性和域偏移四个门槛全部通过才结束，任一否决项都转迁移。缺省、非法、冲突状态采取保守分支；已经重试一次的结果不能再次触发检测器。检测器必须设置 finish_after_tool=false；迁移顾问使用当前图片和视觉探针并设置 finish_after_tool=true。,True,examples/images/planner_retry_optimizer_matched_v12/icecyan_three_spoke_lockwheel.png,"[{""action"": ""qwen_detection"", ""arg_contains"": {""label"": [""冰青三辐锁紧轮""]}, ""decision_type"": ""tool"", ""required_args"": {""finish_after_tool"": false}}, {""action"": ""migration_advisor"", ""arg_contains"": {""user_query"": [""类器官灌流培养台异常路径终验2905号""]}, ""decision_type"": ""tool"", ""required_args"": {""finish_after_tool"": true, ""use_image"": true, ""use_visual_probe"": true}}]","[""rag_answer"", ""re_question"", ""answerer"", ""flux-image-generation"", ""rexomni_detection"", ""pipeline_eval""]","{""action_match"": 0.65, ""argument_match"": 0.1, ""decision_type_valid"": 0.03, ""final_tool_finish"": 0.1, ""finish_after_tool"": 0.1, ""json_valid"": 0.02, ""no_forbidden_action"": 0.1, ""no_premature_stop"": 0.1, ""no_repeated_tool"": 0.1, ""no_skip_required_probe"": 0.1, ""strict_action_match"": true, ""strict_argument_types"": true, ""wrong_action_cap"": 0.2}",True,1.0,"[""qwen_detection"", ""migration_advisor""]",qwen_detection,"[{""_planner_metrics"": {""api_call_ms"": 6548.816, ""first_api_call_ms"": 6548.816, ""first_finish_reason"": ""stop"", ""first_input_tokens"": 4028, ""first_output_tokens"": 51, ""first_total_tokens"": 4079, ""input_tokens"": 4028, ""output_tokens"": 51, ""parse_ms"": 0.115, ""planner_total_ms"": 6561.987, ""prompt_build_ms"": 0.435, ""retry_count"": 0, ""retry_reason"": """", ""total_tokens"": 4079}, ""action"": ""qwen_detection"", ""action_input"": {""finish_after_tool"": false, ""label"": ""冰青三辐锁紧轮""}, ""clarification_question"": """", ""decision_type"": ""tool"", ""end_reason"": """", ""final_answer"": """", ""thought"": ""先执行用户指定的检测器以取得当前结构化状态。""}, {""_planner_metrics"": {""api_call_ms"": 9361.324, ""first_api_call_ms"": 9361.324, ""first_finish_reason"": ""stop"", ""first_input_tokens"": 4331, ""first_output_tokens"": 74, ""first_total_tokens"": 4405, ""input_tokens"": 4331, ""output_tokens"": 74, ""parse_ms"": 0.133, ""planner_total_ms"": 9375.23, ""prompt_build_ms"": 0.437, ""retry_count"": 0, ""retry_reason"": """", ""total_tokens"": 4405}, ""action"": ""migration_advisor"", ""action_input"": {""finish_after_tool"": true, ""use_image"": true, ""use_visual_probe"": true, ""user_query"": ""类器官灌流培养台异常路径终验2905号""}, ""clarification_question"": """", ""decision_type"": ""tool"", ""end_reason"": """", ""final_answer"": """", ""thought"": ""最新状态未满足结束或重试条件，需要进入能力迁移评估。""}]",,6561.987,6548.816,4028,51,1,1,True,False
PROMV12-TA-008-REX-PV3,post_retry_metric_veto_step3,完成本轮异常探针的最终路由：先使用Rex-Omni检测附件中的焦糖十字分流块，检测结果仅作为中间状态。最终需要判断非晶合金铸造炉异常路径终验9752号应继续现有能力、结束，还是进入迁移评估。自然语言里的故障等级和预算描述没有路由优先级，只读取本 query 最新 observation 的结构化键值。错误状态仅在 retryable=true 与 retry_count=0 同时成立时复用原检测器一次，否则调用迁移顾问。正常状态需要候选数、置信度、跨提示一致性和域偏移四个门槛全部通过才结束，任一否决项都转迁移。缺省、非法、冲突状态采取保守分支；已经重试一次的结果不能再次触发检测器。检测器必须设置 finish_after_tool=false；迁移顾问使用当前图片和视觉探针并设置 finish_after_tool=true。,True,examples/images/planner_retry_optimizer_matched_v12/caramel_cross_diverter.png,"[{""action"": ""rexomni_detection"", ""arg_contains"": {""label"": [""焦糖十字分流块""]}, ""decision_type"": ""tool"", ""required_args"": {""finish_after_tool"": false}}, {""action"": ""rexomni_detection"", ""arg_contains"": {""label"": [""焦糖十字分流块""]}, ""decision_type"": ""tool"", ""required_args"": {""finish_after_tool"": false}}, {""action"": ""migration_advisor"", ""arg_contains"": {""user_query"": [""非晶合金铸造炉异常路径终验9752号""]}, ""decision_type"": ""tool"", ""required_args"": {""finish_after_tool"": true, ""use_image"": true, ""use_visual_probe"": true}}]","[""rag_answer"", ""re_question"", ""answerer"", ""flux-image-generation"", ""qwen_detection"", ""pipeline_eval""]","{""action_match"": 0.65, ""argument_match"": 0.1, ""decision_type_valid"": 0.03, ""final_tool_finish"": 0.1, ""finish_after_tool"": 0.1, ""json_valid"": 0.02, ""no_forbidden_action"": 0.1, ""no_premature_stop"": 0.1, ""no_repeated_tool"": 0.1, ""no_skip_required_probe"": 0.1, ""strict_action_match"": true, ""strict_argument_types"": true, ""wrong_action_cap"": 0.2}",True,1.0,"[""rexomni_detection"", ""rexomni_detection"", ""migration_advisor""]",rexomni_detection,"[{""_planner_metrics"": {""api_call_ms"": 6565.854, ""first_api_call_ms"": 6565.854, ""first_finish_reason"": ""stop"", ""first_input_tokens"": 4017, ""first_output_tokens"": 49, ""first_total_tokens"": 4066, ""input_tokens"": 4017, ""output_tokens"": 49, ""parse_ms"": 0.114, ""planner_total_ms"": 6579.383, ""prompt_build_ms"": 0.485, ""retry_count"": 0, ""retry_reason"": """", ""total_tokens"": 4066}, ""action"": ""rexomni_detection"", ""action_input"": {""finish_after_tool"": false, ""label"": ""焦糖十字分流块""}, ""clarification_question"": """", ""decision_type"": ""tool"", ""end_reason"": """", ""final_answer"": """", ""thought"": ""先执行用户指定的检测器以取得当前结构化状态。""}, {""_planner_metrics"": {""api_call_ms"": 6979.255, ""first_api_call_ms"": 6979.255, ""first_finish_reason"": ""stop"", ""first_input_tokens"": 4325, ""first_output_tokens"": 51, ""first_total_tokens"": 4376, ""input_tokens"": 4325, ""output_tokens"": 51, ""parse_ms"": 0.193, ""planner_total_ms"": 6994.254, ""prompt_build_ms"": 0.485, ""retry_count"": 0, ""retry_reason"": """", ""total_tokens"": 4376}, ""action"": ""rexomni_detection"", ""action_input"": {""finish_after_tool"": false, ""label"": ""焦糖十字分流块""}, ""clarification_question"": """", ""decision_type"": ""tool"", ""end_reason"": """", ""final_answer"": """", ""thought"": ""最新状态满足错误状态重试条件，应复用原检测器。""}, {""_planner_metrics"": {""api_call_ms"": 9273.401, ""first_api_call_ms"": 9273.401, ""first_finish_reason"": ""stop"", ""first_input_tokens"": 4628, ""first_output_tokens"": 73, ""first_total_tokens"": 4701, ""input_tokens"": 4628, ""output_tokens"": 73, ""parse_ms"": 0.137, ""planner_total_ms"": 9289.489, ""prompt_build_ms"": 0.57, ""retry_count"": 0, ""retry_reason"": """", ""total_tokens"": 4701}, ""action"": ""migration_advisor"", ""action_input"": {""finish_after_tool"": true, ""use_image"": true, ""use_visual_probe"": true, ""user_query"": ""非晶合金铸造炉异常路径终验9752号""}, ""clarification_question"": """", ""decision_type"": ""tool"", ""end_reason"": """", ""final_answer"": """", ""thought"": ""最新状态未满足结束或重试条件，需要进入能力迁移评估。""}]",,6579.383,6565.854,4017,49,1,1,True,False
PROMV12-TA-008-QWEN-PS3,post_retry_success_step3,完成本轮异常探针的最终路由：先使用Qwen检测附件中的焦糖十字分流块，检测结果仅作为中间状态。最终需要判断非晶合金铸造炉异常路径终验9752号应继续现有能力、结束，还是进入迁移评估。自然语言里的故障等级和预算描述没有路由优先级，只读取本 query 最新 observation 的结构化键值。错误状态仅在 retryable=true 与 retry_count=0 同时成立时复用原检测器一次，否则调用迁移顾问。正常状态需要候选数、置信度、跨提示一致性和域偏移四个门槛全部通过才结束，任一否决项都转迁移。缺省、非法、冲突状态采取保守分支；已经重试一次的结果不能再次触发检测器。检测器必须设置 finish_after_tool=false；迁移顾问使用当前图片和视觉探针并设置 finish_after_tool=true。,True,examples/images/planner_retry_optimizer_matched_v12/caramel_cross_diverter.png,"[{""action"": ""qwen_detection"", ""arg_contains"": {""label"": [""焦糖十字分流块""]}, ""decision_type"": ""tool"", ""required_args"": {""finish_after_tool"": false}}, {""action"": ""qwen_detection"", ""arg_contains"": {""label"": [""焦糖十字分流块""]}, ""decision_type"": ""tool"", ""required_args"": {""finish_after_tool"": false}}, {""arg_contains"": {}, ""decision_type"": ""end"", ""required_args"": {""end_reason"": ""memory_hit""}}]","[""rag_answer"", ""re_question"", ""answerer"", ""flux-image-generation"", ""rexomni_detection"", ""pipeline_eval"", ""migration_advisor""]","{""action_match"": 0.65, ""argument_match"": 0.1, ""decision_type_valid"": 0.03, ""final_tool_finish"": 0.1, ""finish_after_tool"": 0.1, ""json_valid"": 0.02, ""no_forbidden_action"": 0.1, ""no_premature_stop"": 0.1, ""no_repeated_tool"": 0.1, ""no_skip_required_probe"": 0.1, ""strict_action_match"": true, ""strict_argument_types"": true, ""wrong_action_cap"": 0.2}",False,0.725,"[""qwen_detection"", ""qwen_detection"", ""migration_advisor""]",qwen_detection,"[{""_planner_metrics"": {""api_call_ms"": 6293.689, ""first_api_call_ms"": 6293.689, ""first_finish_reason"": ""stop"", ""first_input_tokens"": 4011, ""first_output_tokens"": 48, ""first_total_tokens"": 4059, ""input_tokens"": 4011, ""output_tokens"": 48, ""parse_ms"": 0.123, ""planner_total_ms"": 6309.614, ""prompt_build_ms"": 0.48, ""retry_count"": 0, ""retry_reason"": """", ""total_tokens"": 4059}, ""action"": ""qwen_detection"", ""action_input"": {""finish_after_tool"": false, ""label"": ""焦糖十字分流块""}, ""clarification_question"": """", ""decision_type"": ""tool"", ""end_reason"": """", ""final_answer"": """", ""thought"": ""先执行用户指定的检测器以取得当前结构化状态。""}, {""_planner_metrics"": {""api_call_ms"": 6615.832, ""first_api_call_ms"": 6615.832, ""first_finish_reason"": ""stop"", ""first_input_tokens"": 4321, ""first_output_tokens"": 50, ""first_total_tokens"": 4371, ""input_tokens"": 4321, ""output_tokens"": 50, ""parse_ms"": 0.114, ""planner_total_ms"": 6630.032, ""prompt_build_ms"": 0.468, ""retry_count"": 0, ""retry_reason"": """", ""total_tokens"": 4371}, ""action"": ""qwen_detection"", ""action_input"": {""finish_after_tool"": false, ""label"": ""焦糖十字分流块""}, ""clarification_question"": """", ""decision_type"": ""tool"", ""end_reason"": """", ""final_answer"": """", ""thought"": ""最新状态满足错误状态重试条件，需要复用原检测器。""}, {""_planner_metrics"": {""api_call_ms"": 9134.423, ""first_api_call_ms"": 9134.423, ""first_finish_reason"": ""stop"", ""first_input_tokens"": 4625, ""first_output_tokens"": 73, ""first_total_tokens"": 4698, ""input_tokens"": 4625, ""output_tokens"": 73, ""parse_ms"": 0.126, ""planner_total_ms"": 9149.722, ""prompt_build_ms"": 0.548, ""retry_count"": 0, ""retry_reason"": """", ""total_tokens"": 4698}, ""action"": ""migration_advisor"", ""action_input"": {""finish_after_tool"": true, ""use_image"": true, ""use_visual_probe"": true, ""user_query"": ""非晶合金铸造炉异常路径终验9752号""}, ""clarification_question"": """", ""decision_type"": ""tool"", ""end_reason"": """", ""final_answer"": """", ""thought"": ""最新状态未满足结束或重试条件，需要进入能力迁移评估。""}]","step3:decision_type expected 'end', got 'tool' | step3:action expected 'end', got 'migration_advisor' | step3:arg 'end_reason' expected 'memory_hit', got '' | forbidden:migration_advisor",6309.614,6293.689,4011,48,0,1,False,True
PROMV12-TA-001-REX-BE2,budget_exhausted_step2,旧故障结论不得覆盖最后一条结构化回执：先使用Rex-Omni检测附件中的冰青三辐锁紧轮，检测结果仅作为中间状态。最终需要判断火星车悬架试验间异常路径终验7873号应继续现有能力、结束，还是进入迁移评估。自然语言里的故障等级和预算描述没有路由优先级，只读取本 query 最新 observation 的结构化键值。错误状态仅在 retryable=true 与 retry_count=0 同时成立时复用原检测器一次，否则调用迁移顾问。正常状态需要候选数、置信度、跨提示一致性和域偏移四个门槛全部通过才结束，任一否决项都转迁移。缺省、非法、冲突状态采取保守分支；已经重试一次的结果不能再次触发检测器。检测器必须设置 finish_after_tool=false；迁移顾问使用当前图片和视觉探针并设置 finish_after_tool=true。,True,examples/images/planner_retry_optimizer_matched_v12/icecyan_three_spoke_lockwheel.png,"[{""action"": ""rexomni_detection"", ""arg_contains"": {""label"": [""冰青三辐锁紧轮""]}, ""decision_type"": ""tool"", ""required_args"": {""finish_after_tool"": false}}, {""action"": ""migration_advisor"", ""arg_contains"": {""user_query"": [""火星车悬架试验间异常路径终验7873号""]}, ""decision_type"": ""tool"", ""required_args"": {""finish_after_tool"": true, ""use_image"": true, ""use_visual_probe"": true}}]","[""rag_answer"", ""re_question"", ""answerer"", ""flux-image-generation"", ""qwen_detection"", ""pipeline_eval""]","{""action_match"": 0.65, ""argument_match"": 0.1, ""decision_type_valid"": 0.03, ""final_tool_finish"": 0.1, ""finish_after_tool"": 0.1, ""json_valid"": 0.02, ""no_forbidden_action"": 0.1, ""no_premature_stop"": 0.1, ""no_repeated_tool"": 0.1, ""no_skip_required_probe"": 0.1, ""strict_action_match"": true, ""strict_argument_types"": true, ""wrong_action_cap"": 0.2}",True,1.0,"[""rexomni_detection"", ""migration_advisor""]",rexomni_detection,"[{""_planner_metrics"": {""api_call_ms"": 6663.777, ""first_api_call_ms"": 6663.777, ""first_finish_reason"": ""stop"", ""first_input_tokens"": 4030, ""first_output_tokens"": 52, ""first_total_tokens"": 4082, ""input_tokens"": 4030, ""output_tokens"": 52, ""parse_ms"": 0.117, ""planner_total_ms"": 6677.266, ""prompt_build_ms"": 0.433, ""retry_count"": 0, ""retry_reason"": """", ""total_tokens"": 4082}, ""action"": ""rexomni_detection"", ""action_input"": {""finish_after_tool"": false, ""label"": ""冰青三辐锁紧轮""}, ""clarification_question"": """", ""decision_type"": ""tool"", ""end_reason"": """", ""final_answer"": """", ""thought"": ""先执行用户指定的检测器以取得当前结构化状态。""}, {""_planner_metrics"": {""api_call_ms"": 8967.736, ""first_api_call_ms"": 8967.736, ""first_finish_reason"": ""stop"", ""first_input_tokens"": 4345, ""first_output_tokens"": 73, ""first_total_tokens"": 4418, ""input_tokens"": 4345, ""output_tokens"": 73, ""parse_ms"": 0.128, ""planner_total_ms"": 8982.561, ""prompt_build_ms"": 0.461, ""retry_count"": 0, ""retry_reason"": """", ""total_tokens"": 4418}, ""action"": ""migration_advisor"", ""action_input"": {""finish_after_tool"": true, ""use_image"": true, ""use_visual_probe"": true, ""user_query"": ""火星车悬架试验间异常路径终验7873号""}, ""clarification_question"": """", ""decision_type"": ""tool"", ""end_reason"": """", ""final_answer"": """", ""thought"": ""最新状态未满足结束或重试条件，需要进入能力迁移评估。""}]",,6677.266,6663.777,4030,52,1,1,True,False
PROMV12-TA-007-QWEN-NR2,nonretryable_step2,旧故障结论不得覆盖最后一条结构化回执：先使用Qwen检测附件中的焦糖十字分流块，检测结果仅作为中间状态。最终需要判断类器官灌流培养台稳定状态会签3047号应继续现有能力、结束，还是进入迁移评估。自然语言里的故障等级和预算描述没有路由优先级，只读取本 query 最新 observation 的结构化键值。错误状态仅在 retryable=true 与 retry_count=0 同时成立时复用原检测器一次，否则调用迁移顾问。正常状态需要候选数、置信度、跨提示一致性和域偏移四个门槛全部通过才结束，任一否决项都转迁移。缺省、非法、冲突状态采取保守分支；已经重试一次的结果不能再次触发检测器。检测器必须设置 finish_after_tool=false；迁移顾问使用当前图片和视觉探针并设置 finish_after_tool=true。,True,examples/images/planner_retry_optimizer_matched_v12/caramel_cross_diverter.png,"[{""action"": ""qwen_detection"", ""arg_contains"": {""label"": [""焦糖十字分流块""]}, ""decision_type"": ""tool"", ""required_args"": {""finish_after_tool"": false}}, {""action"": ""migration_advisor"", ""arg_contains"": {""user_query"": [""类器官灌流培养台稳定状态会签3047号""]}, ""decision_type"": ""tool"", ""required_args"": {""finish_after_tool"": true, ""use_image"": true, ""use_visual_probe"": true}}]","[""rag_answer"", ""re_question"", ""answerer"", ""flux-image-generation"", ""rexomni_detection"", ""pipeline_eval""]","{""action_match"": 0.65, ""argument_match"": 0.1, ""decision_type_valid"": 0.03, ""final_tool_finish"": 0.1, ""finish_after_tool"": 0.1, ""json_valid"": 0.02, ""no_forbidden_action"": 0.1, ""no_premature_stop"": 0.1, ""no_repeated_tool"": 0.1, ""no_skip_required_probe"": 0.1, ""strict_action_match"": true, ""strict_argument_types"": true, ""wrong_action_cap"": 0.2}",True,1.0,"[""qwen_detection"", ""migration_advisor""]",qwen_detection,"[{""_planner_metrics"": {""api_call_ms"": 6269.749, ""first_api_call_ms"": 6269.749, ""first_finish_reason"": ""stop"", ""first_input_tokens"": 4019, ""first_output_tokens"": 48, ""first_total_tokens"": 4067, ""input_tokens"": 4019, ""output_tokens"": 48, ""parse_ms"": 0.156, ""planner_total_ms"": 6282.99, ""prompt_build_ms"": 0.372, ""retry_count"": 0, ""retry_reason"": """", ""total_tokens"": 4067}, ""action"": ""qwen_detection"", ""action_input"": {""finish_after_tool"": false, ""label"": ""焦糖十字分流块""}, ""clarification_question"": """", ""decision_type"": ""tool"", ""end_reason"": """", ""final_answer"": """", ""thought"": ""先执行用户指定的检测器以取得当前结构化状态。""}, {""_planner_metrics"": {""api_call_ms"": 9051.706, ""first_api_call_ms"": 9051.706, ""first_finish_reason"": ""stop"", ""first_input_tokens"": 4326, ""first_output_tokens"": 74, ""first_total_tokens"": 4400, ""input_tokens"": 4326, ""output_tokens"": 74, ""parse_ms"": 0.172, ""planner_total_ms"": 9066.027, ""prompt_build_ms"": 0.461, ""retry_count"": 0, ""retry_reason"": """", ""total_tokens"": 4400}, ""action"": ""migration_advisor"", ""action_input"": {""finish_after_tool"": true, ""use_image"": true, ""use_visual_probe"": true, ""user_query"": ""类器官灌流培养台稳定状态会签3047号""}, ""clarification_question"": """", ""decision_type"": ""tool"", ""end_reason"": """", ""final_answer"": """", ""thought"": ""最新状态未满足结束或迁移条件，需要继续按规则推进。""}]",,6282.99,6269.749,4019,48,1,1,True,False
PROMV12-TA-002-QWEN-PE3,post_retry_error_step3,迁移队列已经建立，请先裁决最新机器状态：先使用Qwen检测附件中的焦糖十字分流块，检测结果仅作为中间状态。最终需要判断火星车悬架试验间重试边界复审7063号应继续现有能力、结束，还是进入迁移评估。自然语言里的故障等级和预算描述没有路由优先级，只读取本 query 最新 observation 的结构化键值。错误状态仅在 retryable=true 与 retry_count=0 同时成立时复用原检测器一次，否则调用迁移顾问。正常状态需要候选数、置信度、跨提示一致性和域偏移四个门槛全部通过才结束，任一否决项都转迁移。缺省、非法、冲突状态采取保守分支；已经重试一次的结果不能再次触发检测器。检测器必须设置 finish_after_tool=false；迁移顾问使用当前图片和视觉探针并设置 finish_after_tool=true。,True,examples/images/planner_retry_optimizer_matched_v12/caramel_cross_diverter.png,"[{""action"": ""qwen_detection"", ""arg_contains"": {""label"": [""焦糖十字分流块""]}, ""decision_type"": ""tool"", ""required_args"": {""finish_after_tool"": false}}, {""action"": ""qwen_detection"", ""arg_contains"": {""label"": [""焦糖十字分流块""]}, ""decision_type"": ""tool"", ""required_args"": {""finish_after_tool"": false}}, {""action"": ""migration_advisor"", ""arg_contains"": {""user_query"": [""火星车悬架试验间重试边界复审7063号""]}, ""decision_type"": ""tool"", ""required_args"": {""finish_after_tool"": true, ""use_image"": true, ""use_visual_probe"": true}}]","[""rag_answer"", ""re_question"", ""answerer"", ""flux-image-generation"", ""rexomni_detection"", ""pipeline_eval""]","{""action_match"": 0.65, ""argument_match"": 0.1, ""decision_type_valid"": 0.03, ""final_tool_finish"": 0.1, ""finish_after_tool"": 0.1, ""json_valid"": 0.02, ""no_forbidden_action"": 0.1, ""no_premature_stop"": 0.1, ""no_repeated_tool"": 0.1, ""no_skip_required_probe"": 0.1, ""strict_action_match"": true, ""strict_argument_types"": true, ""wrong_action_cap"": 0.2}",False,0.734375,"[""qwen_detection"", ""qwen_detection"", ""qwen_detection""]",qwen_detection,"[{""_planner_metrics"": {""api_call_ms"": 6245.428, ""first_api_call_ms"": 6245.428, ""first_finish_reason"": ""stop"", ""first_input_tokens"": 4017, ""first_output_tokens"": 48, ""first_total_tokens"": 4065, ""input_tokens"": 4017, ""output_tokens"": 48, ""parse_ms"": 0.175, ""planner_total_ms"": 6258.659, ""prompt_build_ms"": 0.392, ""retry_count"": 0, ""retry_reason"": """", ""total_tokens"": 4065}, ""action"": ""qwen_detection"", ""action_input"": {""finish_after_tool"": false, ""label"": ""焦糖十字分流块""}, ""clarification_question"": """", ""decision_type"": ""tool"", ""end_reason"": """", ""final_answer"": """", ""thought"": ""先执行用户指定的检测器以取得当前结构化状态。""}, {""_planner_metrics"": {""api_call_ms"": 6692.752, ""first_api_call_ms"": 6692.752, ""first_finish_reason"": ""stop"", ""first_input_tokens"": 4325, ""first_output_tokens"": 51, ""first_total_tokens"": 4376, ""input_tokens"": 4325, ""output_tokens"": 51, ""parse_ms"": 0.132, ""planner_total_ms"": 6707.887, ""prompt_build_ms"": 0.591, ""retry_count"": 0, ""retry_reason"": """", ""total_tokens"": 4376}, ""action"": ""qwen_detection"", ""action_input"": {""finish_after_tool"": false, ""label"": ""焦糖十字分流块""}, ""clarification_question"": """", ""decision_type"": ""tool"", ""end_reason"": """", ""final_answer"": """", ""thought"": ""最新状态满足错误状态重试条件，需要再次使用同一检测器。""}, {""_planner_metrics"": {""api_call_ms"": 6861.421, ""first_api_call_ms"": 6861.421, ""first_finish_reason"": ""stop"", ""first_input_tokens"": 4631, ""first_output_tokens"": 51, ""first_total_tokens"": 4682, ""input_tokens"": 4631, ""output_tokens"": 51, ""parse_ms"": 0.11, ""planner_total_ms"": 6877.912, ""prompt_build_ms"": 0.569, ""retry_count"": 0, ""retry_reason"": """", ""total_tokens"": 4682}, ""action"": ""qwen_detection"", ""action_input"": {""finish_after_tool"": false, ""label"": ""焦糖十字分流块""}, ""clarification_question"": """", ""decision_type"": ""tool"", ""end_reason"": """", ""final_answer"": """", ""thought"": ""最新状态满足错误状态重试条件，需要再次使用同一检测器。""}]","step3:action expected 'migration_advisor', got 'qwen_detection' | step3:finish_after_tool expected True, got False | step3:arg 'use_image' expected True, got None | step3:arg 'use_visual_probe' expected True, got None | step3:arg 'user_query' expected to contain ['火星车悬架试验间重试边界复审7063号'], got None",6258.659,6245.428,4017,48,0,1,False,True
PROMV12-TA-002-REX-PE3,post_retry_error_step3,迁移队列已经建立，请先裁决最新机器状态：先使用Rex-Omni检测附件中的焦糖十字分流块，检测结果仅作为中间状态。最终需要判断火星车悬架试验间重试边界复审7063号应继续现有能力、结束，还是进入迁移评估。自然语言里的故障等级和预算描述没有路由优先级，只读取本 query 最新 observation 的结构化键值。错误状态仅在 retryable=true 与 retry_count=0 同时成立时复用原检测器一次，否则调用迁移顾问。正常状态需要候选数、置信度、跨提示一致性和域偏移四个门槛全部通过才结束，任一否决项都转迁移。缺省、非法、冲突状态采取保守分支；已经重试一次的结果不能再次触发检测器。检测器必须设置 finish_after_tool=false；迁移顾问使用当前图片和视觉探针并设置 finish_after_tool=true。,True,examples/images/planner_retry_optimizer_matched_v12/caramel_cross_diverter.png,"[{""action"": ""rexomni_detection"", ""arg_contains"": {""label"": [""焦糖十字分流块""]}, ""decision_type"": ""tool"", ""required_args"": {""finish_after_tool"": false}}, {""action"": ""rexomni_detection"", ""arg_contains"": {""label"": [""焦糖十字分流块""]}, ""decision_type"": ""tool"", ""required_args"": {""finish_after_tool"": false}}, {""action"": ""migration_advisor"", ""arg_contains"": {""user_query"": [""火星车悬架试验间重试边界复审7063号""]}, ""decision_type"": ""tool"", ""required_args"": {""finish_after_tool"": true, ""use_image"": true, ""use_visual_probe"": true}}]","[""rag_answer"", ""re_question"", ""answerer"", ""flux-image-generation"", ""qwen_detection"", ""pipeline_eval""]","{""action_match"": 0.65, ""argument_match"": 0.1, ""decision_type_valid"": 0.03, ""final_tool_finish"": 0.1, ""finish_after_tool"": 0.1, ""json_valid"": 0.02, ""no_forbidden_action"": 0.1, ""no_premature_stop"": 0.1, ""no_repeated_tool"": 0.1, ""no_skip_required_probe"": 0.1, ""strict_action_match"": true, ""strict_argument_types"": true, ""wrong_action_cap"": 0.2}",False,0.734375,"[""rexomni_detection"", ""rexomni_detection"", ""rexomni_detection""]",rexomni_detection,"[{""_planner_metrics"": {""api_call_ms"": 6362.458, ""first_api_call_ms"": 6362.458, ""first_finish_reason"": ""stop"", ""first_input_tokens"": 4023, ""first_output_tokens"": 49, ""first_total_tokens"": 4072, ""input_tokens"": 4023, ""output_tokens"": 49, ""parse_ms"": 0.121, ""planner_total_ms"": 6375.669, ""prompt_build_ms"": 0.423, ""retry_count"": 0, ""retry_reason"": """", ""total_tokens"": 4072}, ""action"": ""rexomni_detection"", ""action_input"": {""finish_after_tool"": false, ""label"": ""焦糖十字分流块""}, ""clarification_question"": """", ""decision_type"": ""tool"", ""end_reason"": """", ""final_answer"": """", ""thought"": ""先执行用户指定的检测器以取得当前结构化状态。""}, {""_planner_metrics"": {""api_call_ms"": 6807.992, ""first_api_call_ms"": 6807.992, ""first_finish_reason"": ""stop"", ""first_input_tokens"": 4331, ""first_output_tokens"": 52, ""first_total_tokens"": 4383, ""input_tokens"": 4331, ""output_tokens"": 52, ""parse_ms"": 0.125, ""planner_total_ms"": 6822.258, ""prompt_build_ms"": 0.484, ""retry_count"": 0, ""retry_reason"": """", ""total_tokens"": 4383}, ""action"": ""rexomni_detection"", ""action_input"": {""finish_after_tool"": false, ""label"": ""焦糖十字分流块""}, ""clarification_question"": """", ""decision_type"": ""tool"", ""end_reason"": """", ""final_answer"": """", ""thought"": ""最新状态满足错误状态重试条件，需要再次调用同一检测器。""}, {""_planner_metrics"": {""api_call_ms"": 6926.515, ""first_api_call_ms"": 6926.515, ""first_finish_reason"": ""stop"", ""first_input_tokens"": 4641, ""first_output_tokens"": 52, ""first_total_tokens"": 4693, ""input_tokens"": 4641, ""output_tokens"": 52, ""parse_ms"": 0.142, ""planner_total_ms"": 6941.611, ""prompt_build_ms"": 0.517, ""retry_count"": 0, ""retry_reason"": """", ""total_tokens"": 4693}, ""action"": ""rexomni_detection"", ""action_input"": {""finish_after_tool"": false, ""label"": ""焦糖十字分流块""}, ""clarification_question"": """", ""decision_type"": ""tool"", ""end_reason"": """", ""final_answer"": """", ""thought"": ""最新状态满足错误状态重试条件，需要再次调用同一检测器。""}]","step3:action expected 'migration_advisor', got 'rexomni_detection' | step3:finish_after_tool expected True, got False | step3:arg 'use_image' expected True, got None | step3:arg 'use_visual_probe' expected True, got None | step3:arg 'user_query' expected to contain ['火星车悬架试验间重试边界复审7063号'], got None",6375.669,6362.458,4023,49,0,1,False,True
PROMV12-TA-011-REX-CF2,conflicting_state_step2,迁移队列已经建立，请先裁决最新机器状态：先使用Rex-Omni检测附件中的焦糖十字分流块，检测结果仅作为中间状态。最终需要判断非晶合金铸造炉稳定状态会签6874号应继续现有能力、结束，还是进入迁移评估。自然语言里的故障等级和预算描述没有路由优先级，只读取本 query 最新 observation 的结构化键值。错误状态仅在 retryable=true 与 retry_count=0 同时成立时复用原检测器一次，否则调用迁移顾问。正常状态需要候选数、置信度、跨提示一致性和域偏移四个门槛全部通过才结束，任一否决项都转迁移。缺省、非法、冲突状态采取保守分支；已经重试一次的结果不能再次触发检测器。检测器必须设置 finish_after_tool=false；迁移顾问使用当前图片和视觉探针并设置 finish_after_tool=true。,True,examples/images/planner_retry_optimizer_matched_v12/caramel_cross_diverter.png,"[{""action"": ""rexomni_detection"", ""arg_contains"": {""label"": [""焦糖十字分流块""]}, ""decision_type"": ""tool"", ""required_args"": {""finish_after_tool"": false}}, {""action"": ""migration_advisor"", ""arg_contains"": {""user_query"": [""非晶合金铸造炉稳定状态会签6874号""]}, ""decision_type"": ""tool"", ""required_args"": {""finish_after_tool"": true, ""use_image"": true, ""use_visual_probe"": true}}]","[""rag_answer"", ""re_question"", ""answerer"", ""flux-image-generation"", ""qwen_detection"", ""pipeline_eval""]","{""action_match"": 0.65, ""argument_match"": 0.1, ""decision_type_valid"": 0.03, ""final_tool_finish"": 0.1, ""finish_after_tool"": 0.1, ""json_valid"": 0.02, ""no_forbidden_action"": 0.1, ""no_premature_stop"": 0.1, ""no_repeated_tool"": 0.1, ""no_skip_required_probe"": 0.1, ""strict_action_match"": true, ""strict_argument_types"": true, ""wrong_action_cap"": 0.2}",True,1.0,"[""rexomni_detection"", ""migration_advisor""]",rexomni_detection,"[{""_planner_metrics"": {""api_call_ms"": 6370.045, ""first_api_call_ms"": 6370.045, ""first_finish_reason"": ""stop"", ""first_input_tokens"": 4025, ""first_output_tokens"": 49, ""first_total_tokens"": 4074, ""input_tokens"": 4025, ""output_tokens"": 49, ""parse_ms"": 0.129, ""planner_total_ms"": 6383.27, ""prompt_build_ms"": 0.431, ""retry_count"": 0, ""retry_reason"": """", ""total_tokens"": 4074}, ""action"": ""rexomni_detection"", ""action_input"": {""finish_after_tool"": false, ""label"": ""焦糖十字分流块""}, ""clarification_question"": """", ""decision_type"": ""tool"", ""end_reason"": """", ""final_answer"": """", ""thought"": ""先执行用户指定的检测器以取得当前结构化状态。""}, {""_planner_metrics"": {""api_call_ms"": 8962.152, ""first_api_call_ms"": 8962.152, ""first_finish_reason"": ""stop"", ""first_input_tokens"": 4320, ""first_output_tokens"": 73, ""first_total_tokens"": 4393, ""input_tokens"": 4320, ""output_tokens"": 73, ""parse_ms"": 0.12, ""planner_total_ms"": 8976.62, ""prompt_build_ms"": 0.494, ""retry_count"": 0, ""retry_reason"": """", ""total_tokens"": 4393}, ""action"": ""migration_advisor"", ""action_input"": {""finish_after_tool"": true, ""use_image"": true, ""use_visual_probe"": true, ""user_query"": ""非晶合金铸造炉稳定状态会签6874号""}, ""clarification_question"": """", ""decision_type"": ""tool"", ""end_reason"": """", ""final_answer"": """", ""thought"": ""最新状态未满足结束或重试条件，需要进入能力迁移评估。""}]",,6383.27,6370.045,4025,49,1,1,True,False
PROMV12-TA-002-REX-FR2,fresh_retry_step2,迁移队列已经建立，请先裁决最新机器状态：先使用Rex-Omni检测附件中的焦糖十字分流块，检测结果仅作为中间状态。最终需要判断火星车悬架试验间重试边界复审7063号应继续现有能力、结束，还是进入迁移评估。自然语言里的故障等级和预算描述没有路由优先级，只读取本 query 最新 observation 的结构化键值。错误状态仅在 retryable=true 与 retry_count=0 同时成立时复用原检测器一次，否则调用迁移顾问。正常状态需要候选数、置信度、跨提示一致性和域偏移四个门槛全部通过才结束，任一否决项都转迁移。缺省、非法、冲突状态采取保守分支；已经重试一次的结果不能再次触发检测器。检测器必须设置 finish_after_tool=false；迁移顾问使用当前图片和视觉探针并设置 finish_after_tool=true。,True,examples/images/planner_retry_optimizer_matched_v12/caramel_cross_diverter.png,"[{""action"": ""rexomni_detection"", ""arg_contains"": {""label"": [""焦糖十字分流块""]}, ""decision_type"": ""tool"", ""required_args"": {""finish_after_tool"": false}}, {""action"": ""rexomni_detection"", ""arg_contains"": {""label"": [""焦糖十字分流块""]}, ""decision_type"": ""tool"", ""required_args"": {""finish_after_tool"": false}}, {""arg_contains"": {}, ""decision_type"": ""end"", ""required_args"": {""end_reason"": ""memory_hit""}}]","[""rag_answer"", ""re_question"", ""answerer"", ""flux-image-generation"", ""qwen_detection"", ""pipeline_eval"", ""migration_advisor""]","{""action_match"": 0.65, ""argument_match"": 0.1, ""decision_type_valid"": 0.03, ""final_tool_finish"": 0.1, ""finish_after_tool"": 0.1, ""json_valid"": 0.02, ""no_forbidden_action"": 0.1, ""no_premature_stop"": 0.1, ""no_repeated_tool"": 0.1, ""no_skip_required_probe"": 0.1, ""strict_action_match"": true, ""strict_argument_types"": true, ""wrong_action_cap"": 0.2}",False,0.725,"[""rexomni_detection"", ""rexomni_detection"", ""migration_advisor""]",rexomni_detection,"[{""_planner_metrics"": {""api_call_ms"": 6371.334, ""first_api_call_ms"": 6371.334, ""first_finish_reason"": ""stop"", ""first_input_tokens"": 4023, ""first_output_tokens"": 49, ""first_total_tokens"": 4072, ""input_tokens"": 4023, ""output_tokens"": 49, ""parse_ms"": 0.114, ""planner_total_ms"": 6384.763, ""prompt_build_ms"": 0.403, ""retry_count"": 0, ""retry_reason"": """", ""total_tokens"": 4072}, ""action"": ""rexomni_detection"", ""action_input"": {""finish_after_tool"": false, ""label"": ""焦糖十字分流块""}, ""clarification_question"": """", ""decision_type"": ""tool"", ""end_reason"": """", ""final_answer"": """", ""thought"": ""先执行用户指定的检测器以取得当前结构化状态。""}, {""_planner_metrics"": {""api_call_ms"": 6904.279, ""first_api_call_ms"": 6904.279, ""first_finish_reason"": ""stop"", ""first_input_tokens"": 4331, ""first_output_tokens"": 52, ""first_total_tokens"": 4383, ""input_tokens"": 4331, ""output_tokens"": 52, ""parse_ms"": 0.13, ""planner_total_ms"": 6919.163, ""prompt_build_ms"": 0.467, ""retry_count"": 0, ""retry_reason"": """", ""total_tokens"": 4383}, ""action"": ""rexomni_detection"", ""action_input"": {""finish_after_tool"": false, ""label"": ""焦糖十字分流块""}, ""clarification_question"": """", ""decision_type"": ""tool"", ""end_reason"": """", ""final_answer"": """", ""thought"": ""最新状态满足错误状态重试条件，需要再次调用同一检测器。""}, {""_planner_metrics"": {""api_call_ms"": 9405.883, ""first_api_call_ms"": 9405.883, ""first_finish_reason"": ""stop"", ""first_input_tokens"": 4639, ""first_output_tokens"": 72, ""first_total_tokens"": 4711, ""input_tokens"": 4639, ""output_tokens"": 72, ""parse_ms"": 0.221, ""planner_total_ms"": 9421.731, ""prompt_build_ms"": 0.454, ""retry_count"": 0, ""retry_reason"": """", ""total_tokens"": 4711}, ""action"": ""migration_advisor"", ""action_input"": {""finish_after_tool"": true, ""use_image"": true, ""use_visual_probe"": true, ""user_query"": ""火星车悬架试验间重试边界复审7063号""}, ""clarification_question"": """", ""decision_type"": ""tool"", ""end_reason"": """", ""final_answer"": """", ""thought"": ""最新状态未满足结束或重试条件，需要进入能力迁移评估。""}]","step3:decision_type expected 'end', got 'tool' | step3:action expected 'end', got 'migration_advisor' | step3:arg 'end_reason' expected 'memory_hit', got '' | forbidden:migration_advisor",6384.763,6371.334,4023,49,0,1,False,True
PROMV12-TA-005-REX-MS2,missing_required_state_step2,设备失联只是背景，仍须核对当前显式额度：先使用Rex-Omni检测附件中的冰青三辐锁紧轮，检测结果仅作为中间状态。最终需要判断类器官灌流培养台重试边界复审5611号应继续现有能力、结束，还是进入迁移评估。自然语言里的故障等级和预算描述没有路由优先级，只读取本 query 最新 observation 的结构化键值。错误状态仅在 retryable=true 与 retry_count=0 同时成立时复用原检测器一次，否则调用迁移顾问。正常状态需要候选数、置信度、跨提示一致性和域偏移四个门槛全部通过才结束，任一否决项都转迁移。缺省、非法、冲突状态采取保守分支；已经重试一次的结果不能再次触发检测器。检测器必须设置 finish_after_tool=false；迁移顾问使用当前图片和视觉探针并设置 finish_after_tool=true。,True,examples/images/planner_retry_optimizer_matched_v12/icecyan_three_spoke_lockwheel.png,"[{""action"": ""rexomni_detection"", ""arg_contains"": {""label"": [""冰青三辐锁紧轮""]}, ""decision_type"": ""tool"", ""required_args"": {""finish_after_tool"": false}}, {""action"": ""migration_advisor"", ""arg_contains"": {""user_query"": [""类器官灌流培养台重试边界复审5611号""]}, ""decision_type"": ""tool"", ""required_args"": {""finish_after_tool"": true, ""use_image"": true, ""use_visual_probe"": true}}]","[""rag_answer"", ""re_question"", ""answerer"", ""flux-image-generation"", ""qwen_detection"", ""pipeline_eval""]","{""action_match"": 0.65, ""argument_match"": 0.1, ""decision_type_valid"": 0.03, ""final_tool_finish"": 0.1, ""finish_after_tool"": 0.1, ""json_valid"": 0.02, ""no_forbidden_action"": 0.1, ""no_premature_stop"": 0.1, ""no_repeated_tool"": 0.1, ""no_skip_required_probe"": 0.1, ""strict_action_match"": true, ""strict_argument_types"": true, ""wrong_action_cap"": 0.2}",True,1.0,"[""rexomni_detection"", ""migration_advisor""]",rexomni_detection,"[{""_planner_metrics"": {""api_call_ms"": 6701.343, ""first_api_call_ms"": 6701.343, ""first_finish_reason"": ""stop"", ""first_input_tokens"": 4036, ""first_output_tokens"": 52, ""first_total_tokens"": 4088, ""input_tokens"": 4036, ""output_tokens"": 52, ""parse_ms"": 0.131, ""planner_total_ms"": 6716.675, ""prompt_build_ms"": 0.524, ""retry_count"": 0, ""retry_reason"": """", ""total_tokens"": 4088}, ""action"": ""rexomni_detection"", ""action_input"": {""finish_after_tool"": false, ""label"": ""冰青三辐锁紧轮""}, ""clarification_question"": """", ""decision_type"": ""tool"", ""end_reason"": """", ""final_answer"": """", ""thought"": ""先执行用户指定的检测器以取得当前结构化状态。""}, {""_planner_metrics"": {""api_call_ms"": 8987.956, ""first_api_call_ms"": 8987.956, ""first_finish_reason"": ""stop"", ""first_input_tokens"": 4343, ""first_output_tokens"": 73, ""first_total_tokens"": 4416, ""input_tokens"": 4343, ""output_tokens"": 73, ""parse_ms"": 0.119, ""planner_total_ms"": 9004.09, ""prompt_build_ms"": 0.513, ""retry_count"": 0, ""retry_reason"": """", ""total_tokens"": 4416}, ""action"": ""migration_advisor"", ""action_input"": {""finish_after_tool"": true, ""use_image"": true, ""use_visual_probe"": true, ""user_query"": ""类器官灌流培养台重试边界复审5611号""}, ""clarification_question"": """", ""decision_type"": ""tool"", ""end_reason"": """", ""final_answer"": """", ""thought"": ""最新状态未满足结束或重试条件，需要进入能力迁移评估。""}]",,6716.675,6701.343,4036,52,1,1,True,False
PROMV12-TA-012-REX-CF2,conflicting_state_step2,完成本轮异常探针的最终路由：先使用Rex-Omni检测附件中的冰青三辐锁紧轮，检测结果仅作为中间状态。最终需要判断深水码头输油站稳定状态会签5128号应继续现有能力、结束，还是进入迁移评估。自然语言里的故障等级和预算描述没有路由优先级，只读取本 query 最新 observation 的结构化键值。错误状态仅在 retryable=true 与 retry_count=0 同时成立时复用原检测器一次，否则调用迁移顾问。正常状态需要候选数、置信度、跨提示一致性和域偏移四个门槛全部通过才结束，任一否决项都转迁移。缺省、非法、冲突状态采取保守分支；已经重试一次的结果不能再次触发检测器。检测器必须设置 finish_after_tool=false；迁移顾问使用当前图片和视觉探针并设置 finish_after_tool=true。,True,examples/images/planner_retry_optimizer_matched_v12/icecyan_three_spoke_lockwheel.png,"[{""action"": ""rexomni_detection"", ""arg_contains"": {""label"": [""冰青三辐锁紧轮""]}, ""decision_type"": ""tool"", ""required_args"": {""finish_after_tool"": false}}, {""action"": ""migration_advisor"", ""arg_contains"": {""user_query"": [""深水码头输油站稳定状态会签5128号""]}, ""decision_type"": ""tool"", ""required_args"": {""finish_after_tool"": true, ""use_image"": true, ""use_visual_probe"": true}}]","[""rag_answer"", ""re_question"", ""answerer"", ""flux-image-generation"", ""qwen_detection"", ""pipeline_eval""]","{""action_match"": 0.65, ""argument_match"": 0.1, ""decision_type_valid"": 0.03, ""final_tool_finish"": 0.1, ""finish_after_tool"": 0.1, ""json_valid"": 0.02, ""no_forbidden_action"": 0.1, ""no_premature_stop"": 0.1, ""no_repeated_tool"": 0.1, ""no_skip_required_probe"": 0.1, ""strict_action_match"": true, ""strict_argument_types"": true, ""wrong_action_cap"": 0.2}",True,1.0,"[""rexomni_detection"", ""migration_advisor""]",rexomni_detection,"[{""_planner_metrics"": {""api_call_ms"": 6604.742, ""first_api_call_ms"": 6604.742, ""first_finish_reason"": ""stop"", ""first_input_tokens"": 4024, ""first_output_tokens"": 52, ""first_total_tokens"": 4076, ""input_tokens"": 4024, ""output_tokens"": 52, ""parse_ms"": 0.115, ""planner_total_ms"": 6617.768, ""prompt_build_ms"": 0.439, ""retry_count"": 0, ""retry_reason"": """", ""total_tokens"": 4076}, ""action"": ""rexomni_detection"", ""action_input"": {""finish_after_tool"": false, ""label"": ""冰青三辐锁紧轮""}, ""clarification_question"": """", ""decision_type"": ""tool"", ""end_reason"": """", ""final_answer"": """", ""thought"": ""先执行用户指定的检测器以取得当前结构化状态。""}, {""_planner_metrics"": {""api_call_ms"": 9025.117, ""first_api_call_ms"": 9025.117, ""first_finish_reason"": ""stop"", ""first_input_tokens"": 4326, ""first_output_tokens"": 73, ""first_total_tokens"": 4399, ""input_tokens"": 4326, ""output_tokens"": 73, ""parse_ms"": 0.127, ""planner_total_ms"": 9039.753, ""prompt_build_ms"": 0.521, ""retry_count"": 0, ""retry_reason"": """", ""total_tokens"": 4399}, ""action"": ""migration_advisor"", ""action_input"": {""finish_after_tool"": true, ""use_image"": true, ""use_visual_probe"": true, ""user_query"": ""深水码头输油站稳定状态会签5128号""}, ""clarification_question"": """", ""decision_type"": ""tool"", ""end_reason"": """", ""final_answer"": """", ""thought"": ""最新状态未满足结束或重试条件，需要进入能力迁移评估。""}]",,6617.768,6604.742,4024,52,1,1,True,False
PROMV12-TA-011-REX-NR2,nonretryable_step2,迁移队列已经建立，请先裁决最新机器状态：先使用Rex-Omni检测附件中的焦糖十字分流块，检测结果仅作为中间状态。最终需要判断非晶合金铸造炉稳定状态会签6874号应继续现有能力、结束，还是进入迁移评估。自然语言里的故障等级和预算描述没有路由优先级，只读取本 query 最新 observation 的结构化键值。错误状态仅在 retryable=true 与 retry_count=0 同时成立时复用原检测器一次，否则调用迁移顾问。正常状态需要候选数、置信度、跨提示一致性和域偏移四个门槛全部通过才结束，任一否决项都转迁移。缺省、非法、冲突状态采取保守分支；已经重试一次的结果不能再次触发检测器。检测器必须设置 finish_after_tool=false；迁移顾问使用当前图片和视觉探针并设置 finish_after_tool=true。,True,examples/images/planner_retry_optimizer_matched_v12/caramel_cross_diverter.png,"[{""action"": ""rexomni_detection"", ""arg_contains"": {""label"": [""焦糖十字分流块""]}, ""decision_type"": ""tool"", ""required_args"": {""finish_after_tool"": false}}, {""action"": ""migration_advisor"", ""arg_contains"": {""user_query"": [""非晶合金铸造炉稳定状态会签6874号""]}, ""decision_type"": ""tool"", ""required_args"": {""finish_after_tool"": true, ""use_image"": true, ""use_visual_probe"": true}}]","[""rag_answer"", ""re_question"", ""answerer"", ""flux-image-generation"", ""qwen_detection"", ""pipeline_eval""]","{""action_match"": 0.65, ""argument_match"": 0.1, ""decision_type_valid"": 0.03, ""final_tool_finish"": 0.1, ""finish_after_tool"": 0.1, ""json_valid"": 0.02, ""no_forbidden_action"": 0.1, ""no_premature_stop"": 0.1, ""no_repeated_tool"": 0.1, ""no_skip_required_probe"": 0.1, ""strict_action_match"": true, ""strict_argument_types"": true, ""wrong_action_cap"": 0.2}",True,1.0,"[""rexomni_detection"", ""migration_advisor""]",rexomni_detection,"[{""_planner_metrics"": {""api_call_ms"": 6343.081, ""first_api_call_ms"": 6343.081, ""first_finish_reason"": ""stop"", ""first_input_tokens"": 4025, ""first_output_tokens"": 49, ""first_total_tokens"": 4074, ""input_tokens"": 4025, ""output_tokens"": 49, ""parse_ms"": 0.111, ""planner_total_ms"": 6356.64, ""prompt_build_ms"": 0.475, ""retry_count"": 0, ""retry_reason"": """", ""total_tokens"": 4074}, ""action"": ""rexomni_detection"", ""action_input"": {""finish_after_tool"": false, ""label"": ""焦糖十字分流块""}, ""clarification_question"": """", ""decision_type"": ""tool"", ""end_reason"": """", ""final_answer"": """", ""thought"": ""先执行用户指定的检测器以取得当前结构化状态。""}, {""_planner_metrics"": {""api_call_ms"": 9046.903, ""first_api_call_ms"": 9046.903, ""first_finish_reason"": ""stop"", ""first_input_tokens"": 4326, ""first_output_tokens"": 73, ""first_total_tokens"": 4399, ""input_tokens"": 4326, ""output_tokens"": 73, ""parse_ms"": 0.123, ""planner_total_ms"": 9061.011, ""prompt_build_ms"": 0.474, ""retry_count"": 0, ""retry_reason"": """", ""total_tokens"": 4399}, ""action"": ""migration_advisor"", ""action_input"": {""finish_after_tool"": true, ""use_image"": true, ""use_visual_probe"": true, ""user_query"": ""非晶合金铸造炉稳定状态会签6874号""}, ""clarification_question"": """", ""decision_type"": ""tool"", ""end_reason"": """", ""final_answer"": """", ""thought"": ""最新状态未满足结束或重试条件，需要进入能力迁移评估。""}]",,6356.64,6343.081,4025,49,1,1,True,False
PROMV12-TA-006-REX-NR2,nonretryable_step2,设备失联只是背景，仍须核对当前显式额度：先使用Rex-Omni检测附件中的冰青三辐锁紧轮，检测结果仅作为中间状态。最终需要判断深水码头输油站异常路径终验1480号应继续现有能力、结束，还是进入迁移评估。自然语言里的故障等级和预算描述没有路由优先级，只读取本 query 最新 observation 的结构化键值。错误状态仅在 retryable=true 与 retry_count=0 同时成立时复用原检测器一次，否则调用迁移顾问。正常状态需要候选数、置信度、跨提示一致性和域偏移四个门槛全部通过才结束，任一否决项都转迁移。缺省、非法、冲突状态采取保守分支；已经重试一次的结果不能再次触发检测器。检测器必须设置 finish_after_tool=false；迁移顾问使用当前图片和视觉探针并设置 finish_after_tool=true。,True,examples/images/planner_retry_optimizer_matched_v12/icecyan_three_spoke_lockwheel.png,"[{""action"": ""rexomni_detection"", ""arg_contains"": {""label"": [""冰青三辐锁紧轮""]}, ""decision_type"": ""tool"", ""required_args"": {""finish_after_tool"": false}}, {""action"": ""migration_advisor"", ""arg_contains"": {""user_query"": [""深水码头输油站异常路径终验1480号""]}, ""decision_type"": ""tool"", ""required_args"": {""finish_after_tool"": true, ""use_image"": true, ""use_visual_probe"": true}}]","[""rag_answer"", ""re_question"", ""answerer"", ""flux-image-generation"", ""qwen_detection"", ""pipeline_eval""]","{""action_match"": 0.65, ""argument_match"": 0.1, ""decision_type_valid"": 0.03, ""final_tool_finish"": 0.1, ""finish_after_tool"": 0.1, ""json_valid"": 0.02, ""no_forbidden_action"": 0.1, ""no_premature_stop"": 0.1, ""no_repeated_tool"": 0.1, ""no_skip_required_probe"": 0.1, ""strict_action_match"": true, ""strict_argument_types"": true, ""wrong_action_cap"": 0.2}",True,1.0,"[""rexomni_detection"", ""migration_advisor""]",rexomni_detection,"[{""_planner_metrics"": {""api_call_ms"": 6690.776, ""first_api_call_ms"": 6690.776, ""first_finish_reason"": ""stop"", ""first_input_tokens"": 4036, ""first_output_tokens"": 52, ""first_total_tokens"": 4088, ""input_tokens"": 4036, ""output_tokens"": 52, ""parse_ms"": 0.112, ""planner_total_ms"": 6704.309, ""prompt_build_ms"": 0.413, ""retry_count"": 0, ""retry_reason"": """", ""total_tokens"": 4088}, ""action"": ""rexomni_detection"", ""action_input"": {""finish_after_tool"": false, ""label"": ""冰青三辐锁紧轮""}, ""clarification_question"": """", ""decision_type"": ""tool"", ""end_reason"": """", ""final_answer"": """", ""thought"": ""先执行用户指定的检测器以取得当前结构化状态。""}, {""_planner_metrics"": {""api_call_ms"": 9047.685, ""first_api_call_ms"": 9047.685, ""first_finish_reason"": ""stop"", ""first_input_tokens"": 4343, ""first_output_tokens"": 73, ""first_total_tokens"": 4416, ""input_tokens"": 4343, ""output_tokens"": 73, ""parse_ms"": 0.123, ""planner_total_ms"": 9061.895, ""prompt_build_ms"": 0.425, ""retry_count"": 0, ""retry_reason"": """", ""total_tokens"": 4416}, ""action"": ""migration_advisor"", ""action_input"": {""finish_after_tool"": true, ""use_image"": true, ""use_visual_probe"": true, ""user_query"": ""深水码头输油站异常路径终验1480号""}, ""clarification_question"": """", ""decision_type"": ""tool"", ""end_reason"": """", ""final_answer"": """", ""thought"": ""最新状态未满足结束或重试条件，需要进入能力迁移评估。""}]",,6704.309,6690.776,4036,52,1,1,True,False
PROMV12-TA-009-QWEN-MS2,missing_required_state_step2,设备失联只是背景，仍须核对当前显式额度：先使用Qwen检测附件中的焦糖十字分流块，检测结果仅作为中间状态。最终需要判断火星车悬架试验间稳定状态会签3100号应继续现有能力、结束，还是进入迁移评估。自然语言里的故障等级和预算描述没有路由优先级，只读取本 query 最新 observation 的结构化键值。错误状态仅在 retryable=true 与 retry_count=0 同时成立时复用原检测器一次，否则调用迁移顾问。正常状态需要候选数、置信度、跨提示一致性和域偏移四个门槛全部通过才结束，任一否决项都转迁移。缺省、非法、冲突状态采取保守分支；已经重试一次的结果不能再次触发检测器。检测器必须设置 finish_after_tool=false；迁移顾问使用当前图片和视觉探针并设置 finish_after_tool=true。,True,examples/images/planner_retry_optimizer_matched_v12/caramel_cross_diverter.png,"[{""action"": ""qwen_detection"", ""arg_contains"": {""label"": [""焦糖十字分流块""]}, ""decision_type"": ""tool"", ""required_args"": {""finish_after_tool"": false}}, {""action"": ""migration_advisor"", ""arg_contains"": {""user_query"": [""火星车悬架试验间稳定状态会签3100号""]}, ""decision_type"": ""tool"", ""required_args"": {""finish_after_tool"": true, ""use_image"": true, ""use_visual_probe"": true}}]","[""rag_answer"", ""re_question"", ""answerer"", ""flux-image-generation"", ""rexomni_detection"", ""pipeline_eval""]","{""action_match"": 0.65, ""argument_match"": 0.1, ""decision_type_valid"": 0.03, ""final_tool_finish"": 0.1, ""finish_after_tool"": 0.1, ""json_valid"": 0.02, ""no_forbidden_action"": 0.1, ""no_premature_stop"": 0.1, ""no_repeated_tool"": 0.1, ""no_skip_required_probe"": 0.1, ""strict_action_match"": true, ""strict_argument_types"": true, ""wrong_action_cap"": 0.2}",True,1.0,"[""qwen_detection"", ""migration_advisor""]",qwen_detection,"[{""_planner_metrics"": {""api_call_ms"": 6287.032, ""first_api_call_ms"": 6287.032, ""first_finish_reason"": ""stop"", ""first_input_tokens"": 4023, ""first_output_tokens"": 48, ""first_total_tokens"": 4071, ""input_tokens"": 4023, ""output_tokens"": 48, ""parse_ms"": 0.119, ""planner_total_ms"": 6300.194, ""prompt_build_ms"": 0.429, ""retry_count"": 0, ""retry_reason"": """", ""total_tokens"": 4071}, ""action"": ""qwen_detection"", ""action_input"": {""finish_after_tool"": false, ""label"": ""焦糖十字分流块""}, ""clarification_question"": """", ""decision_type"": ""tool"", ""end_reason"": """", ""final_answer"": """", ""thought"": ""先执行用户指定的检测器以取得当前结构化状态。""}, {""_planner_metrics"": {""api_call_ms"": 8985.349, ""first_api_call_ms"": 8985.349, ""first_finish_reason"": ""stop"", ""first_input_tokens"": 4325, ""first_output_tokens"": 73, ""first_total_tokens"": 4398, ""input_tokens"": 4325, ""output_tokens"": 73, ""parse_ms"": 0.217, ""planner_total_ms"": 8999.715, ""prompt_build_ms"": 0.461, ""retry_count"": 0, ""retry_reason"": """", ""total_tokens"": 4398}, ""action"": ""migration_advisor"", ""action_input"": {""finish_after_tool"": true, ""use_image"": true, ""use_visual_probe"": true, ""user_query"": ""火星车悬架试验间稳定状态会签3100号""}, ""clarification_question"": """", ""decision_type"": ""tool"", ""end_reason"": """", ""final_answer"": """", ""thought"": ""最新状态未满足结束或重试条件，需要进入能力迁移评估。""}]",,6300.194,6287.032,4023,48,1,1,True,False
PROMV12-TA-002-REX-BE2,budget_exhausted_step2,迁移队列已经建立，请先裁决最新机器状态：先使用Rex-Omni检测附件中的焦糖十字分流块，检测结果仅作为中间状态。最终需要判断火星车悬架试验间重试边界复审7063号应继续现有能力、结束，还是进入迁移评估。自然语言里的故障等级和预算描述没有路由优先级，只读取本 query 最新 observation 的结构化键值。错误状态仅在 retryable=true 与 retry_count=0 同时成立时复用原检测器一次，否则调用迁移顾问。正常状态需要候选数、置信度、跨提示一致性和域偏移四个门槛全部通过才结束，任一否决项都转迁移。缺省、非法、冲突状态采取保守分支；已经重试一次的结果不能再次触发检测器。检测器必须设置 finish_after_tool=false；迁移顾问使用当前图片和视觉探针并设置 finish_after_tool=true。,True,examples/images/planner_retry_optimizer_matched_v12/caramel_cross_diverter.png,"[{""action"": ""rexomni_detection"", ""arg_contains"": {""label"": [""焦糖十字分流块""]}, ""decision_type"": ""tool"", ""required_args"": {""finish_after_tool"": false}}, {""action"": ""migration_advisor"", ""arg_contains"": {""user_query"": [""火星车悬架试验间重试边界复审7063号""]}, ""decision_type"": ""tool"", ""required_args"": {""finish_after_tool"": true, ""use_image"": true, ""use_visual_probe"": true}}]","[""rag_answer"", ""re_question"", ""answerer"", ""flux-image-generation"", ""qwen_detection"", ""pipeline_eval""]","{""action_match"": 0.65, ""argument_match"": 0.1, ""decision_type_valid"": 0.03, ""final_tool_finish"": 0.1, ""finish_after_tool"": 0.1, ""json_valid"": 0.02, ""no_forbidden_action"": 0.1, ""no_premature_stop"": 0.1, ""no_repeated_tool"": 0.1, ""no_skip_required_probe"": 0.1, ""strict_action_match"": true, ""strict_argument_types"": true, ""wrong_action_cap"": 0.2}",True,1.0,"[""rexomni_detection"", ""migration_advisor""]",rexomni_detection,"[{""_planner_metrics"": {""api_call_ms"": 6344.84, ""first_api_call_ms"": 6344.84, ""first_finish_reason"": ""stop"", ""first_input_tokens"": 4023, ""first_output_tokens"": 49, ""first_total_tokens"": 4072, ""input_tokens"": 4023, ""output_tokens"": 49, ""parse_ms"": 0.147, ""planner_total_ms"": 6361.336, ""prompt_build_ms"": 0.446, ""retry_count"": 0, ""retry_reason"": """", ""total_tokens"": 4072}, ""action"": ""rexomni_detection"", ""action_input"": {""finish_after_tool"": false, ""label"": ""焦糖十字分流块""}, ""clarification_question"": """", ""decision_type"": ""tool"", ""end_reason"": """", ""final_answer"": """", ""thought"": ""先执行用户指定的检测器以取得当前结构化状态。""}, {""_planner_metrics"": {""api_call_ms"": 8872.64, ""first_api_call_ms"": 8872.64, ""first_finish_reason"": ""stop"", ""first_input_tokens"": 4335, ""first_output_tokens"": 72, ""first_total_tokens"": 4407, ""input_tokens"": 4335, ""output_tokens"": 72, ""parse_ms"": 0.129, ""planner_total_ms"": 8886.913, ""prompt_build_ms"": 0.514, ""retry_count"": 0, ""retry_reason"": """", ""total_tokens"": 4407}, ""action"": ""migration_advisor"", ""action_input"": {""finish_after_tool"": true, ""use_image"": true, ""use_visual_probe"": true, ""user_query"": ""火星车悬架试验间重试边界复审7063号""}, ""clarification_question"": """", ""decision_type"": ""tool"", ""end_reason"": """", ""final_answer"": """", ""thought"": ""最新状态未满足结束或重试条件，需要进入能力迁移评估。""}]",,6361.336,6344.84,4023,49,1,1,True,False
PROMV12-TA-012-REX-MS2,missing_required_state_step2,完成本轮异常探针的最终路由：先使用Rex-Omni检测附件中的冰青三辐锁紧轮，检测结果仅作为中间状态。最终需要判断深水码头输油站稳定状态会签5128号应继续现有能力、结束，还是进入迁移评估。自然语言里的故障等级和预算描述没有路由优先级，只读取本 query 最新 observation 的结构化键值。错误状态仅在 retryable=true 与 retry_count=0 同时成立时复用原检测器一次，否则调用迁移顾问。正常状态需要候选数、置信度、跨提示一致性和域偏移四个门槛全部通过才结束，任一否决项都转迁移。缺省、非法、冲突状态采取保守分支；已经重试一次的结果不能再次触发检测器。检测器必须设置 finish_after_tool=false；迁移顾问使用当前图片和视觉探针并设置 finish_after_tool=true。,True,examples/images/planner_retry_optimizer_matched_v12/icecyan_three_spoke_lockwheel.png,"[{""action"": ""rexomni_detection"", ""arg_contains"": {""label"": [""冰青三辐锁紧轮""]}, ""decision_type"": ""tool"", ""required_args"": {""finish_after_tool"": false}}, {""action"": ""migration_advisor"", ""arg_contains"": {""user_query"": [""深水码头输油站稳定状态会签5128号""]}, ""decision_type"": ""tool"", ""required_args"": {""finish_after_tool"": true, ""use_image"": true, ""use_visual_probe"": true}}]","[""rag_answer"", ""re_question"", ""answerer"", ""flux-image-generation"", ""qwen_detection"", ""pipeline_eval""]","{""action_match"": 0.65, ""argument_match"": 0.1, ""decision_type_valid"": 0.03, ""final_tool_finish"": 0.1, ""finish_after_tool"": 0.1, ""json_valid"": 0.02, ""no_forbidden_action"": 0.1, ""no_premature_stop"": 0.1, ""no_repeated_tool"": 0.1, ""no_skip_required_probe"": 0.1, ""strict_action_match"": true, ""strict_argument_types"": true, ""wrong_action_cap"": 0.2}",True,1.0,"[""rexomni_detection"", ""migration_advisor""]",rexomni_detection,"[{""_planner_metrics"": {""api_call_ms"": 6638.294, ""first_api_call_ms"": 6638.294, ""first_finish_reason"": ""stop"", ""first_input_tokens"": 4024, ""first_output_tokens"": 52, ""first_total_tokens"": 4076, ""input_tokens"": 4024, ""output_tokens"": 52, ""parse_ms"": 0.118, ""planner_total_ms"": 6652.446, ""prompt_build_ms"": 0.481, ""retry_count"": 0, ""retry_reason"": """", ""total_tokens"": 4076}, ""action"": ""rexomni_detection"", ""action_input"": {""finish_after_tool"": false, ""label"": ""冰青三辐锁紧轮""}, ""clarification_question"": """", ""decision_type"": ""tool"", ""end_reason"": """", ""final_answer"": """", ""thought"": ""先执行用户指定的检测器以取得当前结构化状态。""}, {""_planner_metrics"": {""api_call_ms"": 8967.968, ""first_api_call_ms"": 8967.968, ""first_finish_reason"": ""stop"", ""first_input_tokens"": 4332, ""first_output_tokens"": 73, ""first_total_tokens"": 4405, ""input_tokens"": 4332, ""output_tokens"": 73, ""parse_ms"": 0.153, ""planner_total_ms"": 8981.73, ""prompt_build_ms"": 0.494, ""retry_count"": 0, ""retry_reason"": """", ""total_tokens"": 4405}, ""action"": ""migration_advisor"", ""action_input"": {""finish_after_tool"": true, ""use_image"": true, ""use_visual_probe"": true, ""user_query"": ""深水码头输油站稳定状态会签5128号""}, ""clarification_question"": """", ""decision_type"": ""tool"", ""end_reason"": """", ""final_answer"": """", ""thought"": ""最新状态未满足结束或重试条件，需要进入能力迁移评估。""}]",,6652.446,6638.294,4024,52,1,1,True,False
PROMV12-TA-009-REX-CF2,conflicting_state_step2,设备失联只是背景，仍须核对当前显式额度：先使用Rex-Omni检测附件中的焦糖十字分流块，检测结果仅作为中间状态。最终需要判断火星车悬架试验间稳定状态会签3100号应继续现有能力、结束，还是进入迁移评估。自然语言里的故障等级和预算描述没有路由优先级，只读取本 query 最新 observation 的结构化键值。错误状态仅在 retryable=true 与 retry_count=0 同时成立时复用原检测器一次，否则调用迁移顾问。正常状态需要候选数、置信度、跨提示一致性和域偏移四个门槛全部通过才结束，任一否决项都转迁移。缺省、非法、冲突状态采取保守分支；已经重试一次的结果不能再次触发检测器。检测器必须设置 finish_after_tool=false；迁移顾问使用当前图片和视觉探针并设置 finish_after_tool=true。,True,examples/images/planner_retry_optimizer_matched_v12/caramel_cross_diverter.png,"[{""action"": ""rexomni_detection"", ""arg_contains"": {""label"": [""焦糖十字分流块""]}, ""decision_type"": ""tool"", ""required_args"": {""finish_after_tool"": false}}, {""action"": ""migration_advisor"", ""arg_contains"": {""user_query"": [""火星车悬架试验间稳定状态会签3100号""]}, ""decision_type"": ""tool"", ""required_args"": {""finish_after_tool"": true, ""use_image"": true, ""use_visual_probe"": true}}]","[""rag_answer"", ""re_question"", ""answerer"", ""flux-image-generation"", ""qwen_detection"", ""pipeline_eval""]","{""action_match"": 0.65, ""argument_match"": 0.1, ""decision_type_valid"": 0.03, ""final_tool_finish"": 0.1, ""finish_after_tool"": 0.1, ""json_valid"": 0.02, ""no_forbidden_action"": 0.1, ""no_premature_stop"": 0.1, ""no_repeated_tool"": 0.1, ""no_skip_required_probe"": 0.1, ""strict_action_match"": true, ""strict_argument_types"": true, ""wrong_action_cap"": 0.2}",True,1.0,"[""rexomni_detection"", ""migration_advisor""]",rexomni_detection,"[{""_planner_metrics"": {""api_call_ms"": 6354.62, ""first_api_call_ms"": 6354.62, ""first_finish_reason"": ""stop"", ""first_input_tokens"": 4029, ""first_output_tokens"": 49, ""first_total_tokens"": 4078, ""input_tokens"": 4029, ""output_tokens"": 49, ""parse_ms"": 0.113, ""planner_total_ms"": 6367.524, ""prompt_build_ms"": 0.474, ""retry_count"": 0, ""retry_reason"": """", ""total_tokens"": 4078}, ""action"": ""rexomni_detection"", ""action_input"": {""finish_after_tool"": false, ""label"": ""焦糖十字分流块""}, ""clarification_question"": """", ""decision_type"": ""tool"", ""end_reason"": """", ""final_answer"": """", ""thought"": ""先执行用户指定的检测器以取得当前结构化状态。""}, {""_planner_metrics"": {""api_call_ms"": 8961.244, ""first_api_call_ms"": 8961.244, ""first_finish_reason"": ""stop"", ""first_input_tokens"": 4328, ""first_output_tokens"": 73, ""first_total_tokens"": 4401, ""input_tokens"": 4328, ""output_tokens"": 73, ""parse_ms"": 0.138, ""planner_total_ms"": 8975.128, ""prompt_build_ms"": 0.5, ""retry_count"": 0, ""retry_reason"": """", ""total_tokens"": 4401}, ""action"": ""migration_advisor"", ""action_input"": {""finish_after_tool"": true, ""use_image"": true, ""use_visual_probe"": true, ""user_query"": ""火星车悬架试验间稳定状态会签3100号""}, ""clarification_question"": """", ""decision_type"": ""tool"", ""end_reason"": """", ""final_answer"": """", ""thought"": ""最新状态未满足结束或重试条件，需要进入能力迁移评估。""}]",,6367.524,6354.62,4029,49,1,1,True,False
PROMV12-TA-003-REX-CS2,current_success_step2,旧故障结论不得覆盖最后一条结构化回执：先使用Rex-Omni检测附件中的冰青三辐锁紧轮，检测结果仅作为中间状态。最终需要判断深水码头输油站重试边界复审2398号应继续现有能力、结束，还是进入迁移评估。自然语言里的故障等级和预算描述没有路由优先级，只读取本 query 最新 observation 的结构化键值。错误状态仅在 retryable=true 与 retry_count=0 同时成立时复用原检测器一次，否则调用迁移顾问。正常状态需要候选数、置信度、跨提示一致性和域偏移四个门槛全部通过才结束，任一否决项都转迁移。缺省、非法、冲突状态采取保守分支；已经重试一次的结果不能再次触发检测器。检测器必须设置 finish_after_tool=false；迁移顾问使用当前图片和视觉探针并设置 finish_after_tool=true。,True,examples/images/planner_retry_optimizer_matched_v12/icecyan_three_spoke_lockwheel.png,"[{""action"": ""rexomni_detection"", ""arg_contains"": {""label"": [""冰青三辐锁紧轮""]}, ""decision_type"": ""tool"", ""required_args"": {""finish_after_tool"": false}}, {""arg_contains"": {}, ""decision_type"": ""end"", ""required_args"": {""end_reason"": ""memory_hit""}}]","[""rag_answer"", ""re_question"", ""answerer"", ""flux-image-generation"", ""qwen_detection"", ""pipeline_eval"", ""migration_advisor""]","{""action_match"": 0.65, ""argument_match"": 0.1, ""decision_type_valid"": 0.03, ""final_tool_finish"": 0.1, ""finish_after_tool"": 0.1, ""json_valid"": 0.02, ""no_forbidden_action"": 0.1, ""no_premature_stop"": 0.1, ""no_repeated_tool"": 0.1, ""no_skip_required_probe"": 0.1, ""strict_action_match"": true, ""strict_argument_types"": true, ""wrong_action_cap"": 0.2}",True,1.0,"[""rexomni_detection"", ""final_answer""]",rexomni_detection,"[{""_planner_metrics"": {""api_call_ms"": 6635.955, ""first_api_call_ms"": 6635.955, ""first_finish_reason"": ""stop"", ""first_input_tokens"": 4025, ""first_output_tokens"": 52, ""first_total_tokens"": 4077, ""input_tokens"": 4025, ""output_tokens"": 52, ""parse_ms"": 0.113, ""planner_total_ms"": 6650.362, ""prompt_build_ms"": 0.409, ""retry_count"": 0, ""retry_reason"": """", ""total_tokens"": 4077}, ""action"": ""rexomni_detection"", ""action_input"": {""finish_after_tool"": false, ""label"": ""冰青三辐锁紧轮""}, ""clarification_question"": """", ""decision_type"": ""tool"", ""end_reason"": """", ""final_answer"": """", ""thought"": ""先执行用户指定的检测器以取得当前结构化状态。""}, {""_planner_metrics"": {""api_call_ms"": 4950.293, ""first_api_call_ms"": 4950.293, ""first_finish_reason"": ""stop"", ""first_input_tokens"": 4330, ""first_output_tokens"": 34, ""first_total_tokens"": 4364, ""input_tokens"": 4330, ""output_tokens"": 34, ""parse_ms"": 0.108, ""planner_total_ms"": 4963.742, ""prompt_build_ms"": 0.451, ""retry_count"": 0, ""retry_reason"": """", ""total_tokens"": 4364}, ""action"": ""final_answer"", ""action_input"": {}, ""clarification_question"": """", ""decision_type"": ""end"", ""end_reason"": ""memory_hit"", ""final_answer"": """", ""thought"": ""最新结构化状态已满足全部硬规则，可以结束本轮规划。""}]",,6650.362,6635.955,4025,52,1,1,True,False
PROMV12-TA-008-QWEN-CS2,current_success_step2,完成本轮异常探针的最终路由：先使用Qwen检测附件中的焦糖十字分流块，检测结果仅作为中间状态。最终需要判断非晶合金铸造炉异常路径终验9752号应继续现有能力、结束，还是进入迁移评估。自然语言里的故障等级和预算描述没有路由优先级，只读取本 query 最新 observation 的结构化键值。错误状态仅在 retryable=true 与 retry_count=0 同时成立时复用原检测器一次，否则调用迁移顾问。正常状态需要候选数、置信度、跨提示一致性和域偏移四个门槛全部通过才结束，任一否决项都转迁移。缺省、非法、冲突状态采取保守分支；已经重试一次的结果不能再次触发检测器。检测器必须设置 finish_after_tool=false；迁移顾问使用当前图片和视觉探针并设置 finish_after_tool=true。,True,examples/images/planner_retry_optimizer_matched_v12/caramel_cross_diverter.png,"[{""action"": ""qwen_detection"", ""arg_contains"": {""label"": [""焦糖十字分流块""]}, ""decision_type"": ""tool"", ""required_args"": {""finish_after_tool"": false}}, {""arg_contains"": {}, ""decision_type"": ""end"", ""required_args"": {""end_reason"": ""memory_hit""}}]","[""rag_answer"", ""re_question"", ""answerer"", ""flux-image-generation"", ""rexomni_detection"", ""pipeline_eval"", ""migration_advisor""]","{""action_match"": 0.65, ""argument_match"": 0.1, ""decision_type_valid"": 0.03, ""final_tool_finish"": 0.1, ""finish_after_tool"": 0.1, ""json_valid"": 0.02, ""no_forbidden_action"": 0.1, ""no_premature_stop"": 0.1, ""no_repeated_tool"": 0.1, ""no_skip_required_probe"": 0.1, ""strict_action_match"": true, ""strict_argument_types"": true, ""wrong_action_cap"": 0.2}",True,1.0,"[""qwen_detection"", ""final_answer""]",qwen_detection,"[{""_planner_metrics"": {""api_call_ms"": 6310.56, ""first_api_call_ms"": 6310.56, ""first_finish_reason"": ""stop"", ""first_input_tokens"": 4008, ""first_output_tokens"": 48, ""first_total_tokens"": 4056, ""input_tokens"": 4008, ""output_tokens"": 48, ""parse_ms"": 0.225, ""planner_total_ms"": 6323.894, ""prompt_build_ms"": 0.452, ""retry_count"": 0, ""retry_reason"": """", ""total_tokens"": 4056}, ""action"": ""qwen_detection"", ""action_input"": {""finish_after_tool"": false, ""label"": ""焦糖十字分流块""}, ""clarification_question"": """", ""decision_type"": ""tool"", ""end_reason"": """", ""final_answer"": """", ""thought"": ""先执行用户指定的检测器以取得当前结构化状态。""}, {""_planner_metrics"": {""api_call_ms"": 5018.031, ""first_api_call_ms"": 5018.031, ""first_finish_reason"": ""stop"", ""first_input_tokens"": 4315, ""first_output_tokens"": 34, ""first_total_tokens"": 4349, ""input_tokens"": 4315, ""output_tokens"": 34, ""parse_ms"": 0.132, ""planner_total_ms"": 5033.194, ""prompt_build_ms"": 0.554, ""retry_count"": 0, ""retry_reason"": """", ""total_tokens"": 4349}, ""action"": ""final_answer"", ""action_input"": {}, ""clarification_question"": """", ""decision_type"": ""end"", ""end_reason"": ""memory_hit"", ""final_answer"": """", ""thought"": ""最新结构化状态已满足全部硬门槛，可以结束本轮规划。""}]",,6323.894,6310.56,4008,48,1,1,True,False
PROMV12-TA-011-REX-CS2,current_success_step2,迁移队列已经建立，请先裁决最新机器状态：先使用Rex-Omni检测附件中的焦糖十字分流块，检测结果仅作为中间状态。最终需要判断非晶合金铸造炉稳定状态会签6874号应继续现有能力、结束，还是进入迁移评估。自然语言里的故障等级和预算描述没有路由优先级，只读取本 query 最新 observation 的结构化键值。错误状态仅在 retryable=true 与 retry_count=0 同时成立时复用原检测器一次，否则调用迁移顾问。正常状态需要候选数、置信度、跨提示一致性和域偏移四个门槛全部通过才结束，任一否决项都转迁移。缺省、非法、冲突状态采取保守分支；已经重试一次的结果不能再次触发检测器。检测器必须设置 finish_after_tool=false；迁移顾问使用当前图片和视觉探针并设置 finish_after_tool=true。,True,examples/images/planner_retry_optimizer_matched_v12/caramel_cross_diverter.png,"[{""action"": ""rexomni_detection"", ""arg_contains"": {""label"": [""焦糖十字分流块""]}, ""decision_type"": ""tool"", ""required_args"": {""finish_after_tool"": false}}, {""arg_contains"": {}, ""decision_type"": ""end"", ""required_args"": {""end_reason"": ""memory_hit""}}]","[""rag_answer"", ""re_question"", ""answerer"", ""flux-image-generation"", ""qwen_detection"", ""pipeline_eval"", ""migration_advisor""]","{""action_match"": 0.65, ""argument_match"": 0.1, ""decision_type_valid"": 0.03, ""final_tool_finish"": 0.1, ""finish_after_tool"": 0.1, ""json_valid"": 0.02, ""no_forbidden_action"": 0.1, ""no_premature_stop"": 0.1, ""no_repeated_tool"": 0.1, ""no_skip_required_probe"": 0.1, ""strict_action_match"": true, ""strict_argument_types"": true, ""wrong_action_cap"": 0.2}",True,1.0,"[""rexomni_detection"", ""final_answer""]",rexomni_detection,"[{""_planner_metrics"": {""api_call_ms"": 6457.755, ""first_api_call_ms"": 6457.755, ""first_finish_reason"": ""stop"", ""first_input_tokens"": 4022, ""first_output_tokens"": 49, ""first_total_tokens"": 4071, ""input_tokens"": 4022, ""output_tokens"": 49, ""parse_ms"": 0.111, ""planner_total_ms"": 6473.439, ""prompt_build_ms"": 0.404, ""retry_count"": 0, ""retry_reason"": """", ""total_tokens"": 4071}, ""action"": ""rexomni_detection"", ""action_input"": {""finish_after_tool"": false, ""label"": ""焦糖十字分流块""}, ""clarification_question"": """", ""decision_type"": ""tool"", ""end_reason"": """", ""final_answer"": """", ""thought"": ""先执行用户指定的检测器以取得当前结构化状态。""}, {""_planner_metrics"": {""api_call_ms"": 5317.904, ""first_api_call_ms"": 5317.904, ""first_finish_reason"": ""stop"", ""first_input_tokens"": 4322, ""first_output_tokens"": 37, ""first_total_tokens"": 4359, ""input_tokens"": 4322, ""output_tokens"": 37, ""parse_ms"": 0.105, ""planner_total_ms"": 5332.096, ""prompt_build_ms"": 0.455, ""retry_count"": 0, ""retry_reason"": """", ""total_tokens"": 4359}, ""action"": ""final_answer"", ""action_input"": {}, ""clarification_question"": """", ""decision_type"": ""end"", ""end_reason"": ""memory_hit"", ""final_answer"": """", ""thought"": ""最新结构化状态已齐全，需要按规则判定是否满足结束或迁移条件。""}]",,6473.439,6457.755,4022,49,1,1,True,False
PROMV12-TA-012-REX-FR2,fresh_retry_step2,完成本轮异常探针的最终路由：先使用Rex-Omni检测附件中的冰青三辐锁紧轮，检测结果仅作为中间状态。最终需要判断深水码头输油站稳定状态会签5128号应继续现有能力、结束，还是进入迁移评估。自然语言里的故障等级和预算描述没有路由优先级，只读取本 query 最新 observation 的结构化键值。错误状态仅在 retryable=true 与 retry_count=0 同时成立时复用原检测器一次，否则调用迁移顾问。正常状态需要候选数、置信度、跨提示一致性和域偏移四个门槛全部通过才结束，任一否决项都转迁移。缺省、非法、冲突状态采取保守分支；已经重试一次的结果不能再次触发检测器。检测器必须设置 finish_after_tool=false；迁移顾问使用当前图片和视觉探针并设置 finish_after_tool=true。,True,examples/images/planner_retry_optimizer_matched_v12/icecyan_three_spoke_lockwheel.png,"[{""action"": ""rexomni_detection"", ""arg_contains"": {""label"": [""冰青三辐锁紧轮""]}, ""decision_type"": ""tool"", ""required_args"": {""finish_after_tool"": false}}, {""action"": ""rexomni_detection"", ""arg_contains"": {""label"": [""冰青三辐锁紧轮""]}, ""decision_type"": ""tool"", ""required_args"": {""finish_after_tool"": false}}, {""arg_contains"": {}, ""decision_type"": ""end"", ""required_args"": {""end_reason"": ""memory_hit""}}]","[""rag_answer"", ""re_question"", ""answerer"", ""flux-image-generation"", ""qwen_detection"", ""pipeline_eval"", ""migration_advisor""]","{""action_match"": 0.65, ""argument_match"": 0.1, ""decision_type_valid"": 0.03, ""final_tool_finish"": 0.1, ""finish_after_tool"": 0.1, ""json_valid"": 0.02, ""no_forbidden_action"": 0.1, ""no_premature_stop"": 0.1, ""no_repeated_tool"": 0.1, ""no_skip_required_probe"": 0.1, ""strict_action_match"": true, ""strict_argument_types"": true, ""wrong_action_cap"": 0.2}",False,0.725,"[""rexomni_detection"", ""rexomni_detection"", ""migration_advisor""]",rexomni_detection,"[{""_planner_metrics"": {""api_call_ms"": 6728.799, ""first_api_call_ms"": 6728.799, ""first_finish_reason"": ""stop"", ""first_input_tokens"": 4024, ""first_output_tokens"": 52, ""first_total_tokens"": 4076, ""input_tokens"": 4024, ""output_tokens"": 52, ""parse_ms"": 0.122, ""planner_total_ms"": 6742.507, ""prompt_build_ms"": 0.388, ""retry_count"": 0, ""retry_reason"": """", ""total_tokens"": 4076}, ""action"": ""rexomni_detection"", ""action_input"": {""finish_after_tool"": false, ""label"": ""冰青三辐锁紧轮""}, ""clarification_question"": """", ""decision_type"": ""tool"", ""end_reason"": """", ""final_answer"": """", ""thought"": ""先执行用户指定的检测器以取得当前结构化状态。""}, {""_planner_metrics"": {""api_call_ms"": 7120.588, ""first_api_call_ms"": 7120.588, ""first_finish_reason"": ""stop"", ""first_input_tokens"": 4338, ""first_output_tokens"": 54, ""first_total_tokens"": 4392, ""input_tokens"": 4338, ""output_tokens"": 54, ""parse_ms"": 0.11, ""planner_total_ms"": 7135.15, ""prompt_build_ms"": 0.471, ""retry_count"": 0, ""retry_reason"": """", ""total_tokens"": 4392}, ""action"": ""rexomni_detection"", ""action_input"": {""finish_after_tool"": false, ""label"": ""冰青三辐锁紧轮""}, ""clarification_question"": """", ""decision_type"": ""tool"", ""end_reason"": """", ""final_answer"": """", ""thought"": ""最新状态满足错误重试条件，需要再次使用同一检测器。""}, {""_planner_metrics"": {""api_call_ms"": 9252.065, ""first_api_call_ms"": 9252.065, ""first_finish_reason"": ""stop"", ""first_input_tokens"": 4645, ""first_output_tokens"": 73, ""first_total_tokens"": 4718, ""input_tokens"": 4645, ""output_tokens"": 73, ""parse_ms"": 0.141, ""planner_total_ms"": 9267.604, ""prompt_build_ms"": 0.478, ""retry_count"": 0, ""retry_reason"": """", ""total_tokens"": 4718}, ""action"": ""migration_advisor"", ""action_input"": {""finish_after_tool"": true, ""use_image"": true, ""use_visual_probe"": true, ""user_query"": ""深水码头输油站稳定状态会签5128号""}, ""clarification_question"": """", ""decision_type"": ""tool"", ""end_reason"": """", ""final_answer"": """", ""thought"": ""最新状态未满足结束或重试条件，需要进入能力迁移评估。""}]","step3:decision_type expected 'end', got 'tool' | step3:action expected 'end', got 'migration_advisor' | step3:arg 'end_reason' expected 'memory_hit', got '' | forbidden:migration_advisor",6742.507,6728.799,4024,52,0,1,False,True
PROMV12-TA-001-QWEN-MS2,missing_required_state_step2,旧故障结论不得覆盖最后一条结构化回执：先使用Qwen检测附件中的冰青三辐锁紧轮，检测结果仅作为中间状态。最终需要判断火星车悬架试验间异常路径终验7873号应继续现有能力、结束，还是进入迁移评估。自然语言里的故障等级和预算描述没有路由优先级，只读取本 query 最新 observation 的结构化键值。错误状态仅在 retryable=true 与 retry_count=0 同时成立时复用原检测器一次，否则调用迁移顾问。正常状态需要候选数、置信度、跨提示一致性和域偏移四个门槛全部通过才结束，任一否决项都转迁移。缺省、非法、冲突状态采取保守分支；已经重试一次的结果不能再次触发检测器。检测器必须设置 finish_after_tool=false；迁移顾问使用当前图片和视觉探针并设置 finish_after_tool=true。,True,examples/images/planner_retry_optimizer_matched_v12/icecyan_three_spoke_lockwheel.png,"[{""action"": ""qwen_detection"", ""arg_contains"": {""label"": [""冰青三辐锁紧轮""]}, ""decision_type"": ""tool"", ""required_args"": {""finish_after_tool"": false}}, {""action"": ""migration_advisor"", ""arg_contains"": {""user_query"": [""火星车悬架试验间异常路径终验7873号""]}, ""decision_type"": ""tool"", ""required_args"": {""finish_after_tool"": true, ""use_image"": true, ""use_visual_probe"": true}}]","[""rag_answer"", ""re_question"", ""answerer"", ""flux-image-generation"", ""rexomni_detection"", ""pipeline_eval""]","{""action_match"": 0.65, ""argument_match"": 0.1, ""decision_type_valid"": 0.03, ""final_tool_finish"": 0.1, ""finish_after_tool"": 0.1, ""json_valid"": 0.02, ""no_forbidden_action"": 0.1, ""no_premature_stop"": 0.1, ""no_repeated_tool"": 0.1, ""no_skip_required_probe"": 0.1, ""strict_action_match"": true, ""strict_argument_types"": true, ""wrong_action_cap"": 0.2}",True,1.0,"[""qwen_detection"", ""migration_advisor""]",qwen_detection,"[{""_planner_metrics"": {""api_call_ms"": 6614.818, ""first_api_call_ms"": 6614.818, ""first_finish_reason"": ""stop"", ""first_input_tokens"": 4024, ""first_output_tokens"": 51, ""first_total_tokens"": 4075, ""input_tokens"": 4024, ""output_tokens"": 51, ""parse_ms"": 0.114, ""planner_total_ms"": 6627.987, ""prompt_build_ms"": 0.437, ""retry_count"": 0, ""retry_reason"": """", ""total_tokens"": 4075}, ""action"": ""qwen_detection"", ""action_input"": {""finish_after_tool"": false, ""label"": ""冰青三辐锁紧轮""}, ""clarification_question"": """", ""decision_type"": ""tool"", ""end_reason"": """", ""final_answer"": """", ""thought"": ""先执行用户指定的检测器以取得当前结构化状态。""}, {""_planner_metrics"": {""api_call_ms"": 9011.451, ""first_api_call_ms"": 9011.451, ""first_finish_reason"": ""stop"", ""first_input_tokens"": 4327, ""first_output_tokens"": 73, ""first_total_tokens"": 4400, ""input_tokens"": 4327, ""output_tokens"": 73, ""parse_ms"": 0.118, ""planner_total_ms"": 9025.355, ""prompt_build_ms"": 0.435, ""retry_count"": 0, ""retry_reason"": """", ""total_tokens"": 4400}, ""action"": ""migration_advisor"", ""action_input"": {""finish_after_tool"": true, ""use_image"": true, ""use_visual_probe"": true, ""user_query"": ""火星车悬架试验间异常路径终验7873号""}, ""clarification_question"": """", ""decision_type"": ""tool"", ""end_reason"": """", ""final_answer"": """", ""thought"": ""最新状态未满足结束或迁移条件，需要继续按规则推进。""}]",,6627.987,6614.818,4024,51,1,1,True,False
PROMV12-TA-012-QWEN-PS3,post_retry_success_step3,完成本轮异常探针的最终路由：先使用Qwen检测附件中的冰青三辐锁紧轮，检测结果仅作为中间状态。最终需要判断深水码头输油站稳定状态会签5128号应继续现有能力、结束，还是进入迁移评估。自然语言里的故障等级和预算描述没有路由优先级，只读取本 query 最新 observation 的结构化键值。错误状态仅在 retryable=true 与 retry_count=0 同时成立时复用原检测器一次，否则调用迁移顾问。正常状态需要候选数、置信度、跨提示一致性和域偏移四个门槛全部通过才结束，任一否决项都转迁移。缺省、非法、冲突状态采取保守分支；已经重试一次的结果不能再次触发检测器。检测器必须设置 finish_after_tool=false；迁移顾问使用当前图片和视觉探针并设置 finish_after_tool=true。,True,examples/images/planner_retry_optimizer_matched_v12/icecyan_three_spoke_lockwheel.png,"[{""action"": ""qwen_detection"", ""arg_contains"": {""label"": [""冰青三辐锁紧轮""]}, ""decision_type"": ""tool"", ""required_args"": {""finish_after_tool"": false}}, {""action"": ""qwen_detection"", ""arg_contains"": {""label"": [""冰青三辐锁紧轮""]}, ""decision_type"": ""tool"", ""required_args"": {""finish_after_tool"": false}}, {""arg_contains"": {}, ""decision_type"": ""end"", ""required_args"": {""end_reason"": ""memory_hit""}}]","[""rag_answer"", ""re_question"", ""answerer"", ""flux-image-generation"", ""rexomni_detection"", ""pipeline_eval"", ""migration_advisor""]","{""action_match"": 0.65, ""argument_match"": 0.1, ""decision_type_valid"": 0.03, ""final_tool_finish"": 0.1, ""finish_after_tool"": 0.1, ""json_valid"": 0.02, ""no_forbidden_action"": 0.1, ""no_premature_stop"": 0.1, ""no_repeated_tool"": 0.1, ""no_skip_required_probe"": 0.1, ""strict_action_match"": true, ""strict_argument_types"": true, ""wrong_action_cap"": 0.2}",False,0.725,"[""qwen_detection"", ""qwen_detection"", ""migration_advisor""]",qwen_detection,"[{""_planner_metrics"": {""api_call_ms"": 6628.788, ""first_api_call_ms"": 6628.788, ""first_finish_reason"": ""stop"", ""first_input_tokens"": 4018, ""first_output_tokens"": 51, ""first_total_tokens"": 4069, ""input_tokens"": 4018, ""output_tokens"": 51, ""parse_ms"": 0.114, ""planner_total_ms"": 6641.558, ""prompt_build_ms"": 0.437, ""retry_count"": 0, ""retry_reason"": """", ""total_tokens"": 4069}, ""action"": ""qwen_detection"", ""action_input"": {""finish_after_tool"": false, ""label"": ""冰青三辐锁紧轮""}, ""clarification_question"": """", ""decision_type"": ""tool"", ""end_reason"": """", ""final_answer"": """", ""thought"": ""先执行用户指定的检测器以取得当前结构化状态。""}, {""_planner_metrics"": {""api_call_ms"": 6923.913, ""first_api_call_ms"": 6923.913, ""first_finish_reason"": ""stop"", ""first_input_tokens"": 4328, ""first_output_tokens"": 53, ""first_total_tokens"": 4381, ""input_tokens"": 4328, ""output_tokens"": 53, ""parse_ms"": 0.205, ""planner_total_ms"": 6938.242, ""prompt_build_ms"": 0.46, ""retry_count"": 0, ""retry_reason"": """", ""total_tokens"": 4381}, ""action"": ""qwen_detection"", ""action_input"": {""finish_after_tool"": false, ""label"": ""冰青三辐锁紧轮""}, ""clarification_question"": """", ""decision_type"": ""tool"", ""end_reason"": """", ""final_answer"": """", ""thought"": ""最新状态满足错误重试条件，需要再次使用同一检测器。""}, {""_planner_metrics"": {""api_call_ms"": 9121.771, ""first_api_call_ms"": 9121.771, ""first_finish_reason"": ""stop"", ""first_input_tokens"": 4636, ""first_output_tokens"": 73, ""first_total_tokens"": 4709, ""input_tokens"": 4636, ""output_tokens"": 73, ""parse_ms"": 0.138, ""planner_total_ms"": 9138.124, ""prompt_build_ms"": 0.6, ""retry_count"": 0, ""retry_reason"": """", ""total_tokens"": 4709}, ""action"": ""migration_advisor"", ""action_input"": {""finish_after_tool"": true, ""use_image"": true, ""use_visual_probe"": true, ""user_query"": ""深水码头输油站稳定状态会签5128号""}, ""clarification_question"": """", ""decision_type"": ""tool"", ""end_reason"": """", ""final_answer"": """", ""thought"": ""最新状态未满足结束或重试条件，需要进入能力迁移评估。""}]","step3:decision_type expected 'end', got 'tool' | step3:action expected 'end', got 'migration_advisor' | step3:arg 'end_reason' expected 'memory_hit', got '' | forbidden:migration_advisor",6641.558,6628.788,4018,51,0,1,False,True
PROMV12-TA-009-QWEN-BE2,budget_exhausted_step2,设备失联只是背景，仍须核对当前显式额度：先使用Qwen检测附件中的焦糖十字分流块，检测结果仅作为中间状态。最终需要判断火星车悬架试验间稳定状态会签3100号应继续现有能力、结束，还是进入迁移评估。自然语言里的故障等级和预算描述没有路由优先级，只读取本 query 最新 observation 的结构化键值。错误状态仅在 retryable=true 与 retry_count=0 同时成立时复用原检测器一次，否则调用迁移顾问。正常状态需要候选数、置信度、跨提示一致性和域偏移四个门槛全部通过才结束，任一否决项都转迁移。缺省、非法、冲突状态采取保守分支；已经重试一次的结果不能再次触发检测器。检测器必须设置 finish_after_tool=false；迁移顾问使用当前图片和视觉探针并设置 finish_after_tool=true。,True,examples/images/planner_retry_optimizer_matched_v12/caramel_cross_diverter.png,"[{""action"": ""qwen_detection"", ""arg_contains"": {""label"": [""焦糖十字分流块""]}, ""decision_type"": ""tool"", ""required_args"": {""finish_after_tool"": false}}, {""action"": ""migration_advisor"", ""arg_contains"": {""user_query"": [""火星车悬架试验间稳定状态会签3100号""]}, ""decision_type"": ""tool"", ""required_args"": {""finish_after_tool"": true, ""use_image"": true, ""use_visual_probe"": true}}]","[""rag_answer"", ""re_question"", ""answerer"", ""flux-image-generation"", ""rexomni_detection"", ""pipeline_eval""]","{""action_match"": 0.65, ""argument_match"": 0.1, ""decision_type_valid"": 0.03, ""final_tool_finish"": 0.1, ""finish_after_tool"": 0.1, ""json_valid"": 0.02, ""no_forbidden_action"": 0.1, ""no_premature_stop"": 0.1, ""no_repeated_tool"": 0.1, ""no_skip_required_probe"": 0.1, ""strict_action_match"": true, ""strict_argument_types"": true, ""wrong_action_cap"": 0.2}",True,1.0,"[""qwen_detection"", ""migration_advisor""]",qwen_detection,"[{""_planner_metrics"": {""api_call_ms"": 6256.369, ""first_api_call_ms"": 6256.369, ""first_finish_reason"": ""stop"", ""first_input_tokens"": 4023, ""first_output_tokens"": 48, ""first_total_tokens"": 4071, ""input_tokens"": 4023, ""output_tokens"": 48, ""parse_ms"": 0.116, ""planner_total_ms"": 6271.216, ""prompt_build_ms"": 0.517, ""retry_count"": 0, ""retry_reason"": """", ""total_tokens"": 4071}, ""action"": ""qwen_detection"", ""action_input"": {""finish_after_tool"": false, ""label"": ""焦糖十字分流块""}, ""clarification_question"": """", ""decision_type"": ""tool"", ""end_reason"": """", ""final_answer"": """", ""thought"": ""先执行用户指定的检测器以取得当前结构化状态。""}, {""_planner_metrics"": {""api_call_ms"": 9059.623, ""first_api_call_ms"": 9059.623, ""first_finish_reason"": ""stop"", ""first_input_tokens"": 4330, ""first_output_tokens"": 73, ""first_total_tokens"": 4403, ""input_tokens"": 4330, ""output_tokens"": 73, ""parse_ms"": 0.125, ""planner_total_ms"": 9074.003, ""prompt_build_ms"": 0.482, ""retry_count"": 0, ""retry_reason"": """", ""total_tokens"": 4403}, ""action"": ""migration_advisor"", ""action_input"": {""finish_after_tool"": true, ""use_image"": true, ""use_visual_probe"": true, ""user_query"": ""火星车悬架试验间稳定状态会签3100号""}, ""clarification_question"": """", ""decision_type"": ""tool"", ""end_reason"": """", ""final_answer"": """", ""thought"": ""最新状态未满足结束或重试条件，需要进入能力迁移评估。""}]",,6271.216,6256.369,4023,48,1,1,True,False
PROMV12-TA-004-REX-CS2,current_success_step2,迁移队列已经建立，请先裁决最新机器状态：先使用Rex-Omni检测附件中的冰青三辐锁紧轮，检测结果仅作为中间状态。最终需要判断类器官灌流培养台异常路径终验2905号应继续现有能力、结束，还是进入迁移评估。自然语言里的故障等级和预算描述没有路由优先级，只读取本 query 最新 observation 的结构化键值。错误状态仅在 retryable=true 与 retry_count=0 同时成立时复用原检测器一次，否则调用迁移顾问。正常状态需要候选数、置信度、跨提示一致性和域偏移四个门槛全部通过才结束，任一否决项都转迁移。缺省、非法、冲突状态采取保守分支；已经重试一次的结果不能再次触发检测器。检测器必须设置 finish_after_tool=false；迁移顾问使用当前图片和视觉探针并设置 finish_after_tool=true。,True,examples/images/planner_retry_optimizer_matched_v12/icecyan_three_spoke_lockwheel.png,"[{""action"": ""rexomni_detection"", ""arg_contains"": {""label"": [""冰青三辐锁紧轮""]}, ""decision_type"": ""tool"", ""required_args"": {""finish_after_tool"": false}}, {""arg_contains"": {}, ""decision_type"": ""end"", ""required_args"": {""end_reason"": ""memory_hit""}}]","[""rag_answer"", ""re_question"", ""answerer"", ""flux-image-generation"", ""qwen_detection"", ""pipeline_eval"", ""migration_advisor""]","{""action_match"": 0.65, ""argument_match"": 0.1, ""decision_type_valid"": 0.03, ""final_tool_finish"": 0.1, ""finish_after_tool"": 0.1, ""json_valid"": 0.02, ""no_forbidden_action"": 0.1, ""no_premature_stop"": 0.1, ""no_repeated_tool"": 0.1, ""no_skip_required_probe"": 0.1, ""strict_action_match"": true, ""strict_argument_types"": true, ""wrong_action_cap"": 0.2}",True,1.0,"[""rexomni_detection"", ""final_answer""]",rexomni_detection,"[{""_planner_metrics"": {""api_call_ms"": 6642.265, ""first_api_call_ms"": 6642.265, ""first_finish_reason"": ""stop"", ""first_input_tokens"": 4031, ""first_output_tokens"": 52, ""first_total_tokens"": 4083, ""input_tokens"": 4031, ""output_tokens"": 52, ""parse_ms"": 0.112, ""planner_total_ms"": 6656.186, ""prompt_build_ms"": 0.484, ""retry_count"": 0, ""retry_reason"": """", ""total_tokens"": 4083}, ""action"": ""rexomni_detection"", ""action_input"": {""finish_after_tool"": false, ""label"": ""冰青三辐锁紧轮""}, ""clarification_question"": """", ""decision_type"": ""tool"", ""end_reason"": """", ""final_answer"": """", ""thought"": ""先执行用户指定的检测器以取得当前结构化状态。""}, {""_planner_metrics"": {""api_call_ms"": 4915.147, ""first_api_call_ms"": 4915.147, ""first_finish_reason"": ""stop"", ""first_input_tokens"": 4342, ""first_output_tokens"": 34, ""first_total_tokens"": 4376, ""input_tokens"": 4342, ""output_tokens"": 34, ""parse_ms"": 0.11, ""planner_total_ms"": 4928.882, ""prompt_build_ms"": 0.445, ""retry_count"": 0, ""retry_reason"": """", ""total_tokens"": 4376}, ""action"": ""final_answer"", ""action_input"": {}, ""clarification_question"": """", ""decision_type"": ""end"", ""end_reason"": ""memory_hit"", ""final_answer"": """", ""thought"": ""最新结构化状态已满足全部硬门槛，可以结束本轮规划。""}]",,6656.186,6642.265,4031,52,1,1,True,False
PROMV12-TA-006-QWEN-CS2,current_success_step2,设备失联只是背景，仍须核对当前显式额度：先使用Qwen检测附件中的冰青三辐锁紧轮，检测结果仅作为中间状态。最终需要判断深水码头输油站异常路径终验1480号应继续现有能力、结束，还是进入迁移评估。自然语言里的故障等级和预算描述没有路由优先级，只读取本 query 最新 observation 的结构化键值。错误状态仅在 retryable=true 与 retry_count=0 同时成立时复用原检测器一次，否则调用迁移顾问。正常状态需要候选数、置信度、跨提示一致性和域偏移四个门槛全部通过才结束，任一否决项都转迁移。缺省、非法、冲突状态采取保守分支；已经重试一次的结果不能再次触发检测器。检测器必须设置 finish_after_tool=false；迁移顾问使用当前图片和视觉探针并设置 finish_after_tool=true。,True,examples/images/planner_retry_optimizer_matched_v12/icecyan_three_spoke_lockwheel.png,"[{""action"": ""qwen_detection"", ""arg_contains"": {""label"": [""冰青三辐锁紧轮""]}, ""decision_type"": ""tool"", ""required_args"": {""finish_after_tool"": false}}, {""arg_contains"": {}, ""decision_type"": ""end"", ""required_args"": {""end_reason"": ""memory_hit""}}]","[""rag_answer"", ""re_question"", ""answerer"", ""flux-image-generation"", ""rexomni_detection"", ""pipeline_eval"", ""migration_advisor""]","{""action_match"": 0.65, ""argument_match"": 0.1, ""decision_type_valid"": 0.03, ""final_tool_finish"": 0.1, ""finish_after_tool"": 0.1, ""json_valid"": 0.02, ""no_forbidden_action"": 0.1, ""no_premature_stop"": 0.1, ""no_repeated_tool"": 0.1, ""no_skip_required_probe"": 0.1, ""strict_action_match"": true, ""strict_argument_types"": true, ""wrong_action_cap"": 0.2}",True,1.0,"[""qwen_detection"", ""final_answer""]",qwen_detection,"[{""_planner_metrics"": {""api_call_ms"": 6557.449, ""first_api_call_ms"": 6557.449, ""first_finish_reason"": ""stop"", ""first_input_tokens"": 4027, ""first_output_tokens"": 51, ""first_total_tokens"": 4078, ""input_tokens"": 4027, ""output_tokens"": 51, ""parse_ms"": 0.113, ""planner_total_ms"": 6570.455, ""prompt_build_ms"": 0.454, ""retry_count"": 0, ""retry_reason"": """", ""total_tokens"": 4078}, ""action"": ""qwen_detection"", ""action_input"": {""finish_after_tool"": false, ""label"": ""冰青三辐锁紧轮""}, ""clarification_question"": """", ""decision_type"": ""tool"", ""end_reason"": """", ""final_answer"": """", ""thought"": ""先执行用户指定的检测器以取得当前结构化状态。""}, {""_planner_metrics"": {""api_call_ms"": 4974.785, ""first_api_call_ms"": 4974.785, ""first_finish_reason"": ""stop"", ""first_input_tokens"": 4325, ""first_output_tokens"": 34, ""first_total_tokens"": 4359, ""input_tokens"": 4325, ""output_tokens"": 34, ""parse_ms"": 0.103, ""planner_total_ms"": 4989.728, ""prompt_build_ms"": 0.486, ""retry_count"": 0, ""retry_reason"": """", ""total_tokens"": 4359}, ""action"": ""final_answer"", ""action_input"": {}, ""clarification_question"": """", ""decision_type"": ""end"", ""end_reason"": ""memory_hit"", ""final_answer"": """", ""thought"": ""最新结构化状态已满足全部硬门槛，可以结束本轮规划。""}]",,6570.455,6557.449,4027,51,1,1,True,False
